iteration,loss,lengthscale,outputscale,likelyhood_noise,test_MAE,test_NLL,test_PICP50,test_PICP90,test_PICP95,test_RMSE,it_time_training,it_time
0,1.410036061485286,2.4688841782596427,1,0.6444966655555461,0.6049682303374821,1.2468091719330807,0.7161654233932495,0.969924807548523,0.9849624037742615,0.7781879896448882,1.3466952601447701,2.235585364513099
1,1.394408321449329,2.6470154471799683,1,0.5982088047953862,0.6007626340370377,1.2293222279715212,0.6992481350898743,0.9661654233932495,0.9849624037742615,0.7728600398841392,0.03790633752942085,0.1355324937030673
2,1.3743004026540926,2.8334951957552335,1,0.5544518628643201,0.5971212781006372,1.2127316811613924,0.6804511547088623,0.9642857313156128,0.9793233275413513,0.7692957407301019,0.038161855190992355,0.13572859205305576
3,1.3608086205892205,3.0274402579677586,1,0.5133715070570298,0.5947618913074133,1.196921917244675,0.6597744226455688,0.9605262875556946,0.9793233275413513,0.7667312660070833,0.03678846172988415,0.13388354610651731
4,1.3494099312526675,3.2280190254713723,1,0.47503490197285,0.5933615342494374,1.1815031758625139,0.6315789222717285,0.9567669034004211,0.9755638837814331,0.7642027705629059,0.03651447594165802,0.13564111292362213
5,1.3240557202966547,3.4365619703270758,1,0.4391153971204491,0.592157678857525,1.1676159924445435,0.6184210777282715,0.9454887509346008,0.9755638837814331,0.7626443410050118,0.03690468054264784,0.137054443359375
6,1.314972337519687,3.651301343923473,1,0.4057126721973339,0.5903793624930563,1.1540495346449573,0.6071428656578064,0.9342105388641357,0.9718044996261597,0.7602538847994705,0.03712567873299122,0.1389807891100645
7,1.309049464204697,3.870377395706724,1,0.3749338287433844,0.5902128608727837,1.1430586239077039,0.5808270573616028,0.9266917109489441,0.9680451154708862,0.7589722212070784,0.03812106512486935,0.1466373587027192
8,1.2891086214063772,4.094237051879647,1,0.3465838759891425,0.5892054515578896,1.1332664488614466,0.567669153213501,0.9248120188713074,0.9642857313156128,0.7571741620142349,0.039133621379733086,0.148835108615458
9,1.275774331145368,4.322780516599234,1,0.32048099668910107,0.5879251510482062,1.1260228758884354,0.5469924807548523,0.9172932505607605,0.951127827167511,0.7559218316966975,0.04226488992571831,0.15404051821678877
10,1.2652912310011595,4.5520312418725055,1,0.29704883392360965,0.5874432022568362,1.1210017276732949,0.5319548845291138,0.9116541147232056,0.9436089992523193,0.7545718030188523,0.0434994138777256,0.16294728219509125
11,1.2559103673111858,4.781776395148956,1,0.2760804906040583,0.5868832189121903,1.1189948632996805,0.5206766724586487,0.896616518497467,0.932330846786499,0.753594830776027,0.04463076964020729,0.16471634805202484
12,1.2459858047360424,5.010325541655939,1,0.2573226149179074,0.5869288921562467,1.1204264891774012,0.49436089396476746,0.8872180581092834,0.9304511547088623,0.7534790993126954,0.049290296621620655,0.17667622957378626
13,1.2462790183550028,5.229043748307129,1,0.24142430080554328,0.5869758855101114,1.1226605712428224,0.4774436056613922,0.8796992301940918,0.9304511547088623,0.7525038711407405,0.050193434581160545,0.17985863704234362
14,1.2554835521394503,5.436951158229536,1,0.22827522400332775,0.5870175917481248,1.1279398589579566,0.4736842215061188,0.8796992301940918,0.9210526347160339,0.7522107758675532,0.05264675337821245,0.18235433474183083
15,1.2483014862866595,5.626012869113648,1,0.21795528997189711,0.5870891674292515,1.1349780988450726,0.4661654233932495,0.8721804618835449,0.9097744226455688,0.7523727111497526,0.05253348406404257,0.18503554910421371
16,1.2496048341833568,5.794394680628941,1,0.2104797941614665,0.5871062674791591,1.1412862695474253,0.4624060094356537,0.8646616339683533,0.9003759622573853,0.7520454174782695,0.0547914644703269,0.19882578682154417
17,1.2536389980684333,5.9386503589437805,1,0.20586098760466168,0.587269077757319,1.148127498243187,0.451127827167511,0.8571428656578064,0.896616518497467,0.7523568898234481,0.05567999184131622,0.20063377171754837
18,1.2494043976586844,6.059495540161686,1,0.20377150243783415,0.5869223965433114,1.1510731815850708,0.441729336977005,0.853383481502533,0.8928571343421936,0.7515916232459725,0.055156040005385876,0.20360090304166079
19,1.2610993854496133,6.1554607476106735,1,0.20420264820820316,0.5867602246567641,1.1532930406288802,0.4398496150970459,0.853383481502533,0.8909774422645569,0.7514365562215438,0.05529698729515076,0.2031709086149931
20,1.2546550648094636,6.225185836804462,1,0.20701472904285023,0.5865898133176823,1.1533412968280643,0.4304511249065399,0.8515037298202515,0.8909774422645569,0.7512452984213702,0.05863776244223118,0.20645866449922323
21,1.2587335463947151,6.2741073461155175,1,0.21192986032757521,0.5869342670551307,1.1528350562574983,0.4398496150970459,0.8496240377426147,0.8947368264198303,0.7515146850020938,0.058764721266925335,0.2045284304767847
22,1.2543258170957772,6.30605280574004,1,0.21867922104833923,0.586048794345361,1.1478936786952878,0.4398496150970459,0.8552631735801697,0.896616518497467,0.7506551423259656,0.058389256708323956,0.2090431908145547
23,1.2543000834848135,6.323879962577817,1,0.22703962716542664,0.5861790149229531,1.1433856802876132,0.44924813508987427,0.8609022498130798,0.9003759622573853,0.7500761543038005,0.05905130784958601,0.20255418680608273
24,1.2542693757415047,6.334243327178083,1,0.23678854513679712,0.5857402464229944,1.1396812351904506,0.44924813508987427,0.8609022498130798,0.9041353464126587,0.7503275995675794,0.05410665273666382,0.19811508525162935
25,1.2415194822523128,6.341498769476243,1,0.2474534773765283,0.585460094048459,1.1350340773262435,0.45676690340042114,0.8646616339683533,0.9135338068008423,0.7499903151473883,0.05467448569834232,0.19768490083515644
26,1.2451774199936534,6.344465656187209,1,0.25909602709487733,0.5852731069497478,1.1309204493314966,0.4624060094356537,0.86654132604599,0.9210526347160339,0.7498725560230657,0.053967515006661415,0.19704906828701496
27,1.2371783366474105,6.347563537633219,1,0.27135667842049976,0.5852423605824716,1.127024480121079,0.4661654233932495,0.8703007698059082,0.9248120188713074,0.7496000050593832,0.053674609400331974,0.19579199608415365
28,1.2434499893516735,6.3548766137928405,1,0.28383860745715767,0.5851109985053561,1.124215313336622,0.46804511547088623,0.8759398460388184,0.9266917109489441,0.7495653675311438,0.05313315615057945,0.18276771903038025
29,1.2467804983017259,6.368234331088659,1,0.2964303010240662,0.584926940981336,1.1216528459183288,0.47180449962615967,0.8796992301940918,0.9266917109489441,0.7494625908885347,0.051867661997675896,0.17536371666938066
30,1.2411208787737698,6.389716431469093,1,0.3088347878522534,0.5846384006697618,1.1201449643068575,0.47932329773902893,0.8853383660316467,0.9304511547088623,0.7496814974428933,0.05170959513634443,0.17302374821156263
31,1.2405712164226046,6.416679083174663,1,0.32093564070777003,0.5844385532235349,1.1185579523406521,0.4868420958518982,0.8890977501869202,0.9304511547088623,0.7494967594232713,0.05033641308546066,0.17144350800663233
32,1.2385031060911196,6.451862747860883,1,0.3320639572104941,0.5842585082346837,1.1176719553174104,0.49436089396476746,0.8890977501869202,0.9304511547088623,0.7494181242448813,0.051743694581091404,0.17253095470368862
33,1.234293426585947,6.495735916303972,1,0.3420155021520343,0.5838756672818206,1.1164202899668179,0.4981203079223633,0.8928571343421936,0.9304511547088623,0.748998971848445,0.05091088451445103,0.17343585193157196
34,1.244586110441896,6.548867254978603,1,0.35080319809982197,0.5838391187891838,1.1162292566050902,0.5,0.8928571343421936,0.932330846786499,0.7489894664240525,0.050315204076468945,0.17314296681433916
35,1.235018925919572,6.6113933490514505,1,0.35796923403900893,0.5832702020202564,1.1148710990255344,0.5018796920776367,0.8947368264198303,0.9342105388641357,0.74830187246613,0.04831248987466097,0.17097718454897404
36,1.2322181473934646,6.684073740694213,1,0.3634384322753342,0.5830989327247169,1.1145444508683073,0.5056390762329102,0.8947368264198303,0.9342105388641357,0.748053257654915,0.048049723729491234,0.16928903758525848
37,1.236831451559544,6.764253389878738,1,0.3673770656150885,0.58302839363048,1.1144325583828338,0.5112782120704651,0.8947368264198303,0.9342105388641357,0.7478768564023661,0.048274969682097435,0.16917284950613976
38,1.2317726315666682,6.851659403425937,1,0.36980640312413066,0.5825747038135862,1.1135660909231908,0.5093985199928284,0.8947368264198303,0.932330846786499,0.7472814942356933,0.04821691196411848,0.1713091004639864
39,1.2358258280933108,6.942006091636486,1,0.3710977368086621,0.5825956001592111,1.1137841060804992,0.5112782120704651,0.8928571343421936,0.932330846786499,0.7471996923870292,0.04798101354390383,0.16908660996705294
40,1.2405563713266936,7.04055000743654,1,0.37110559294817674,0.5820572261574676,1.1128191617501262,0.5075187683105469,0.8909774422645569,0.932330846786499,0.7464521974803089,0.04831506032496691,0.16974876075983047
41,1.2403283547046358,7.142530935593255,1,0.3702364910564585,0.581957289594682,1.1129351378520118,0.5075187683105469,0.8890977501869202,0.932330846786499,0.7462249494886531,0.047885035164654255,0.16910859942436218
42,1.2330249798668322,7.243806608774638,1,0.36888526281566003,0.5816631987998854,1.112740845378305,0.5,0.8872180581092834,0.932330846786499,0.7457647607788794,0.04785084631294012,0.16894070152193308
43,1.2302037991080357,7.347119213656554,1,0.3671315396715712,0.5817446674482429,1.113378383007069,0.49624061584472656,0.88345867395401,0.9304511547088623,0.7457281986627007,0.05085297580808401,0.17413707356899977
44,1.2369279999514984,7.449608978772452,1,0.36591826635095903,0.5815685199493562,1.1136759808189858,0.490601509809494,0.8815789222717285,0.9304511547088623,0.7454130754698766,0.04972038045525551,0.17193830199539661
45,1.218738635579982,7.554174420987024,1,0.3640433967997543,0.5812206043079688,1.1135016041602583,0.4868420958518982,0.8796992301940918,0.9285714030265808,0.7448669053199193,0.05016097612679005,0.17255634535104036
46,1.2296050440258295,7.65627473296894,1,0.3626762523151158,0.5810039375701389,1.1136678949542689,0.48120301961898804,0.8796992301940918,0.9285714030265808,0.7445011258721144,0.050377543084323406,0.17284148931503296
47,1.2268338964289147,7.760414205388831,1,0.36160421401193404,0.5807804312129929,1.11404860513056,0.48308271169662476,0.8796992301940918,0.9285714030265808,0.7441446498605319,0.050260853953659534,0.17252701427787542
48,1.2243449912332751,7.860860002122181,1,0.36119833665848433,0.5806563045635222,1.114397389230582,0.48120301961898804,0.8796992301940918,0.9285714030265808,0.7439264672711432,0.05024517513811588,0.18890923820436
49,1.2285633416891644,7.960516547288013,1,0.36149331229366594,0.5804740455446858,1.1145329375653705,0.48120301961898804,0.8759398460388184,0.9285714030265808,0.7436330200455058,0.05077792797237635,0.1856096126139164
50,1.2306112390186392,8.058006413898998,1,0.3628959165317491,0.5805927135466874,1.1152860623886927,0.4774436056613922,0.8759398460388184,0.9285714030265808,0.7436999583489233,0.05063492991030216,0.18552882224321365
51,1.2328288890252592,8.154367256524822,1,0.3649737275996512,0.5802541337127816,1.1146312099093816,0.47932329773902893,0.8759398460388184,0.9266917109489441,0.7432614322383104,0.05115738231688738,0.16719949524849653
52,1.2264195697261069,8.245296846773364,1,0.36829774845188135,0.5800704608747549,1.1143392769091265,0.47180449962615967,0.8778195381164551,0.9266917109489441,0.7430052717270118,0.050853386521339417,0.1667425911873579
53,1.2318449060569165,8.334715475118646,1,0.3723192867936451,0.579906080688208,1.1138975881991433,0.47180449962615967,0.8759398460388184,0.9266917109489441,0.7427471584782877,0.05048472061753273,0.16665157210081816
54,1.2227871128562926,8.421208038760295,1,0.3767840981823405,0.5797756231697198,1.1135687939743217,0.47180449962615967,0.8759398460388184,0.9266917109489441,0.7426116430778867,0.04998420737683773,0.1659254115074873
55,1.2240958791949554,8.507317121202146,1,0.38159062320223397,0.579582726660406,1.1129259955764759,0.4736842215061188,0.8759398460388184,0.9266917109489441,0.7423131545859256,0.05101716425269842,0.16737380344420671
56,1.2247022119984423,8.591605994825265,1,0.38688799262703194,0.5794171759861413,1.1124618471466508,0.4755639135837555,0.8759398460388184,0.9285714030265808,0.7421686568741952,0.04908713046461344,0.16505185421556234
57,1.220583649214043,8.674864557081383,1,0.39222343583247876,0.5795458128411888,1.1123080806316588,0.48120301961898804,0.8759398460388184,0.9304511547088623,0.7421886234074117,0.04946999531239271,0.1636221930384636
58,1.2231573464592185,8.755637974342703,1,0.3977500390300898,0.5791145475568181,1.1112526996056973,0.4774436056613922,0.8759398460388184,0.9304511547088623,0.7418118863657103,0.04925788752734661,0.16533892042934895
59,1.2246524974925075,8.833167555200784,1,0.40357480732301787,0.5792147625989275,1.1111195945905776,0.4849624037742615,0.8778195381164551,0.9304511547088623,0.7418262816534618,0.050008407793939114,0.16536813043057919
60,1.2276307489075533,8.908234141556145,1,0.4095638082246927,0.5792652063903242,1.110806024767226,0.4849624037742615,0.8778195381164551,0.932330846786499,0.7418615017350306,0.050939735025167465,0.1649796338751912
61,1.2313611592756621,8.982739866343143,1,0.4156085239230134,0.579152214470733,1.1103642607760487,0.4887218177318573,0.8778195381164551,0.9360902309417725,0.7417603845143992,0.0478830561041832,0.16302230954170227
62,1.2241822418145256,9.059101733349422,1,0.4211969850134855,0.5791475760295377,1.1100444320120633,0.4887218177318573,0.8778195381164551,0.9360902309417725,0.7417863500126797,0.047505469992756844,0.16362058278173208
63,1.2195256497794913,9.135208121035015,1,0.4260439784537135,0.5789575295898031,1.1095024488773646,0.490601509809494,0.8796992301940918,0.9379699230194092,0.7415454222732322,0.050213735550642014,0.16421224549412727
64,1.2222438432623717,9.211022832847336,1,0.4305851361918484,0.5789466704977978,1.1096044056991132,0.49248120188713074,0.8815789222717285,0.9379699230194092,0.7416276776103892,0.04691164940595627,0.1618964457884431
65,1.2341264264942313,9.287385712945376,1,0.4346162753222303,0.5788262200540174,1.109208990692386,0.49248120188713074,0.8815789222717285,0.9398496150970459,0.7415153523287717,0.04744934104382992,0.15613282192498446
66,1.2229099788835267,9.365346959016739,1,0.4370306065856198,0.5785749489718027,1.108797921333488,0.49436089396476746,0.88345867395401,0.9398496150970459,0.7412735568962662,0.04814817197620869,0.15582755580544472
67,1.2237148652202499,9.441648819904927,1,0.4386292978300112,0.5784672218551713,1.1088829708133079,0.49436089396476746,0.88345867395401,0.9398496150970459,0.7412580143000418,0.04713395517319441,0.15599787328392267
68,1.2144652116077301,9.517209328517657,1,0.438980634652577,0.5784758153172141,1.1093918464204229,0.49436089396476746,0.8815789222717285,0.9398496150970459,0.7414037379992219,0.045648626051843166,0.15553990937769413
69,1.2195642555191153,9.593295567402256,1,0.43943322933786827,0.5783692212455792,1.109390053751262,0.49436089396476746,0.88345867395401,0.9379699230194092,0.7413048062408272,0.045669134706258774,0.15453475341200829
70,1.2228635448623002,9.669525521331535,1,0.43967190532387396,0.5782081827172002,1.1101029050914812,0.49248120188713074,0.8815789222717285,0.9379699230194092,0.7415393440714653,0.045656985603272915,0.15422714594751596
71,1.2182492839242995,9.744172414932832,1,0.43952547078730037,0.5782446614466913,1.1100634788792618,0.4849624037742615,0.8815789222717285,0.9379699230194092,0.7413907779493946,0.047398162074387074,0.15635638870298862
72,1.2259279289036693,9.819237493680909,1,0.43913000365799654,0.5779590132404466,1.1099348431953169,0.490601509809494,0.88345867395401,0.9379699230194092,0.7411790213591649,0.04740325175225735,0.15712472889572382
73,1.2187262700891264,9.89371590936928,1,0.43870124904372143,0.5779938680119345,1.1105047024033037,0.48120301961898804,0.8815789222717285,0.9379699230194092,0.7412926044568322,0.04604835994541645,0.1546583203598857
74,1.2251720521633411,9.966635234508216,1,0.43861540123166765,0.5779135760859906,1.1106133728406327,0.47932329773902893,0.8815789222717285,0.9360902309417725,0.7411964925483127,0.04589912202209234,0.15490255784243345
75,1.2116117143702523,10.039333666410716,1,0.43865837941971647,0.57775139748133,1.1106988724474003,0.48120301961898804,0.8796992301940918,0.9360902309417725,0.7411064726795724,0.045941141434013844,0.15454328246414661
76,1.2166312112347566,10.10721202507996,1,0.43939356109249106,0.5774720404906875,1.1107602382930906,0.48120301961898804,0.8796992301940918,0.9379699230194092,0.741034428440378,0.047404082491993904,0.15693570207804441
77,1.2266323014448655,10.174199993332888,1,0.4401687747161568,0.5771981166725414,1.1108019433507417,0.4849624037742615,0.8796992301940918,0.9379699230194092,0.7409699560205708,0.04911136068403721,0.15928944014012814
78,1.2193804955555223,10.239403434315998,1,0.44158033893759213,0.5777051489080991,1.1105101568000717,0.47932329773902893,0.8778195381164551,0.9360902309417725,0.740823825725077,0.04786708578467369,0.15774409007281065
79,1.223497755905255,10.305323492660227,1,0.44266777120392886,0.5775523399931987,1.1103530647012207,0.47932329773902893,0.8778195381164551,0.9360902309417725,0.7406750796670482,0.04658893309533596,0.1561190327629447
80,1.229399231248105,10.367088739331145,1,0.4450265658157972,0.577019206219427,1.1104525050672405,0.4849624037742615,0.8778195381164551,0.9379699230194092,0.7407141361969009,0.047205074690282345,0.15657243598252535
81,1.2243022479326027,10.427780106925566,1,0.44813574768873715,0.5773378996003442,1.110059518359415,0.48120301961898804,0.8778195381164551,0.9379699230194092,0.7406029524836435,0.045922172255814075,0.15565821807831526
82,1.2204810703029925,10.486791606381418,1,0.4511674408163661,0.5773631000578763,1.1095628518627194,0.4887218177318573,0.8796992301940918,0.9379699230194092,0.7403438702501429,0.04631328675895929,0.15455422271043062
83,1.2226161466673182,10.545147584226653,1,0.4545578843293484,0.576736311746725,1.1097354687348453,0.4868420958518982,0.8815789222717285,0.9379699230194092,0.740549557463603,0.04632405564188957,0.15499989688396454
84,1.224872798102055,10.603606463671328,1,0.45863591479124044,0.5772001339452411,1.1090547283533287,0.4887218177318573,0.8853383660316467,0.9379699230194092,0.7403389673657589,0.04600345157086849,0.15559408906847239
85,1.2218138256980593,10.663550752992824,1,0.4617662994440944,0.5768641000648944,1.1092878121944496,0.49436089396476746,0.8853383660316467,0.9379699230194092,0.740503395889737,0.04719630442559719,0.15583568532019854
86,1.2208463769091,10.720606716942296,1,0.4645572058255958,0.5770005772359393,1.1090945763479882,0.490601509809494,0.8872180581092834,0.9379699230194092,0.7404661114837633,0.04613170865923166,0.1547459214925766
87,1.222357327065832,10.777930017498566,1,0.4671308013390703,0.5768178146740668,1.1087795294217784,0.49436089396476746,0.8872180581092834,0.9379699230194092,0.7403817251095179,0.04601848125457764,0.1562013914808631
88,1.21647424985908,10.834553995918807,1,0.4688315822693142,0.5771401859158505,1.109090249533277,0.49436089396476746,0.8853383660316467,0.9398496150970459,0.7405763668788333,0.0462986771017313,0.15300674363970757
89,1.2194398385764413,10.890062931992912,1,0.4698961086972646,0.5770691441904986,1.1091221538094902,0.49436089396476746,0.8853383660316467,0.9398496150970459,0.7405625880174147,0.04635596554726362,0.15379476267844439
90,1.2149352389287698,10.945534135884783,1,0.4707981239741842,0.5767281546599997,1.108784261577744,0.49248120188713074,0.8853383660316467,0.9379699230194092,0.7403515976998216,0.045783703215420246,0.15259013883769512
91,1.2254733356725453,10.999911351012182,1,0.4707034586105927,0.5769091315787626,1.1093613435867473,0.49248120188713074,0.8853383660316467,0.9379699230194092,0.7405669565068287,0.04518690053373575,0.1527599459514022
92,1.2242461181502118,11.055477802099238,1,0.47092645673412203,0.5763303729413136,1.108705886362315,0.490601509809494,0.8872180581092834,0.9379699230194092,0.7401421635019751,0.045845093205571175,0.15562621783465147
93,1.222176329296563,11.109751934997558,1,0.47076936288183446,0.5761495647358961,1.1087384451763727,0.490601509809494,0.8872180581092834,0.9379699230194092,0.7400901036358798,0.045424467884004116,0.15408568736165762
94,1.2197301977408999,11.166055951697828,1,0.4701970182666399,0.5758292459600586,1.1092172986021114,0.4868420958518982,0.8872180581092834,0.9379699230194092,0.7401801655267225,0.044593569822609425,0.15330997947603464
95,1.2206517601090319,11.224101309419451,1,0.4689195141392797,0.5760166399431664,1.1092106852998058,0.4868420958518982,0.8872180581092834,0.9379699230194092,0.7400802954073042,0.04461483843624592,0.15434568468481302
96,1.2230371902019568,11.278046540787479,1,0.4686014450846786,0.5760249128227218,1.1092426980314527,0.4849624037742615,0.8853383660316467,0.9379699230194092,0.7399961208117631,0.04582280293107033,0.15710651874542236
97,1.2147369577012443,11.331584078166733,1,0.46797908119896064,0.5767563449000562,1.110413521516798,0.48120301961898804,0.8853383660316467,0.9379699230194092,0.7406042206118848,0.044845965690910816,0.1525483587756753
98,1.221594922426131,11.382814093061143,1,0.468560182170645,0.5759000459810792,1.1095234935713072,0.48120301961898804,0.8853383660316467,0.9379699230194092,0.7400339619601456,0.04501189384609461,0.15614189207553864
99,1.221769464711483,11.433390174299781,1,0.4697134960590339,0.5766520494186106,1.1104514703465302,0.47932329773902893,0.8853383660316467,0.9379699230194092,0.7405948061142725,0.04520463105291128,0.1535606049001217
100,1.219255840108383,11.483409558983928,1,0.47150851803397487,0.5762260115582768,1.1098685470630063,0.47932329773902893,0.88345867395401,0.9379699230194092,0.7403425144793838,0.04495702497661114,0.1529595237225294
101,1.2092710457114246,11.532439845127392,1,0.4730181249414517,0.5757408523455172,1.1095562028939425,0.48120301961898804,0.88345867395401,0.9379699230194092,0.740072124785634,0.04439557250589132,0.1541846478357911
102,1.219516567929738,11.58106616847887,1,0.4753266704395994,0.5762772688971233,1.1100068720943361,0.47932329773902893,0.8853383660316467,0.9379699230194092,0.7404492995374361,0.044607329182326794,0.1522466130554676
103,1.2172433520230508,11.630342069402447,1,0.4775828330581263,0.5764822082622125,1.110025882529046,0.47932329773902893,0.8853383660316467,0.9379699230194092,0.7405381861601283,0.044615198858082294,0.15314114093780518
104,1.2205451376668186,11.679008991131369,1,0.4793436151183781,0.5755252961149543,1.1091992236032262,0.48308271169662476,0.88345867395401,0.9379699230194092,0.7400046688318805,0.045587035827338696,0.1557479277253151
105,1.2168030868820718,11.72434620777671,1,0.4806276558140157,0.5754791995965021,1.1091163938605266,0.48308271169662476,0.88345867395401,0.9379699230194092,0.7400074429957407,0.04612617753446102,0.15623619966208935
106,1.21802958294001,11.7688070066668,1,0.48136438014666233,0.5763489296259677,1.1101922062588183,0.48120301961898804,0.8872180581092834,0.9379699230194092,0.7406232477822876,0.044593799859285355,0.15324163064360619
107,1.2163696445762255,11.812803985336792,1,0.48132138186952156,0.5759047914303917,1.1096982380353093,0.48120301961898804,0.88345867395401,0.9379699230194092,0.7403299983370261,0.04476446658372879,0.15311559103429317
108,1.220547198783113,11.85822722073254,1,0.48213044998745835,0.5758537614699001,1.109853609042595,0.47932329773902893,0.8853383660316467,0.9379699230194092,0.7403729025286138,0.045059893280267715,0.15271005686372519
109,1.2175723197927473,11.903616180667369,1,0.4828755707913345,0.5753790165939979,1.1093851277072997,0.4868420958518982,0.88345867395401,0.9379699230194092,0.7400282091167676,0.04539567977190018,0.15519058424979448
110,1.2215989143821298,11.949775283261049,1,0.48330022288939833,0.5760967862544595,1.1101405102344049,0.48120301961898804,0.8853383660316467,0.9379699230194092,0.7404241008389097,0.045404138043522835,0.15366603434085846
111,1.2254905246174181,11.995541938541114,1,0.4855919663175665,0.5756272935512015,1.1099218840941112,0.48120301961898804,0.8872180581092834,0.9379699230194092,0.7403363554607802,0.04498668387532234,0.15170668065547943
112,1.2231801850170592,12.040610274011161,1,0.4881301095093489,0.5751364571128846,1.109067903084507,0.4887218177318573,0.8853383660316467,0.9379699230194092,0.7399689244203628,0.04445947241038084,0.15446029417216778
113,1.221042654522961,12.087714948699265,1,0.49003161966422293,0.5757832114154587,1.1099435936997697,0.48120301961898804,0.8890977501869202,0.9379699230194092,0.7405024080048481,0.04454034008085728,0.15219269320368767
114,1.2202481135168666,12.133524840485919,1,0.490740056210909,0.5759140891272875,1.1098052180965432,0.48120301961898804,0.8890977501869202,0.9379699230194092,0.7405104007209319,0.04503498412668705,0.1527682263404131
115,1.2231974846645508,12.178488059516093,1,0.49126734348997014,0.5757960546915263,1.1097274204323677,0.47932329773902893,0.8890977501869202,0.9379699230194092,0.7405121813308851,0.04393984843045473,0.15164808183908463
116,1.226440848898274,12.222796266514107,1,0.49275783640114457,0.5756518897973716,1.1098647919447715,0.47932329773902893,0.8890977501869202,0.9379699230194092,0.740502629678502,0.04558222647756338,0.1532298205420375
117,1.2176825797138016,12.268848987973504,1,0.4933657227421808,0.5755703006384999,1.109849784746206,0.48120301961898804,0.8872180581092834,0.9379699230194092,0.7404638357876648,0.0448548449203372,0.15429784636944532
118,1.217256105820317,12.312519634738257,1,0.4931206557520147,0.5756375497131273,1.1099912016753382,0.48120301961898804,0.8890977501869202,0.9379699230194092,0.7405706850118075,0.04347958415746689,0.15131349582225084
119,1.2193154313835672,12.356315299836547,1,0.49235990542530117,0.5756692074950955,1.1103128168991485,0.48120301961898804,0.8890977501869202,0.9379699230194092,0.7406016888231062,0.04548718687146902,0.1517737191170454
120,1.2171177669320346,12.403928801498592,1,0.48991122948749055,0.5755639247084743,1.110662807530705,0.48120301961898804,0.8872180581092834,0.9379699230194092,0.7405966722428375,0.04377217963337898,0.15242664143443108
121,1.2177335019709583,12.451707755031226,1,0.48734995191332176,0.5756630800409294,1.1110276684488398,0.4755639135837555,0.8872180581092834,0.9379699230194092,0.74065817662632,0.04447233024984598,0.15337830781936646
122,1.2212265000167881,12.500787724639784,1,0.48540796518579776,0.5755362447591102,1.1113054238344084,0.4774436056613922,0.8853383660316467,0.9379699230194092,0.7405943306144316,0.043345426209270954,0.15194739773869514
123,1.215526602747585,12.548067862953719,1,0.4838015004209085,0.5755476874498896,1.111940865518531,0.4774436056613922,0.8815789222717285,0.9360902309417725,0.7407019312397498,0.045609685592353344,0.15530680306255817
124,1.214570358966544,12.595474166967758,1,0.48291381506164965,0.5757626712099103,1.11184242979248,0.4736842215061188,0.8853383660316467,0.9342105388641357,0.7407170372263323,0.04461370874196291,0.1523083122447133
125,1.2137696044220811,12.643244953115452,1,0.48221593871642987,0.5758838236993177,1.1123905425625509,0.46992480754852295,0.88345867395401,0.9342105388641357,0.7409368859793677,0.045304019935429096,0.1525414688512683
126,1.22222731609267,12.688941046341794,1,0.482961677341457,0.5757028918127464,1.1119237254702967,0.4755639135837555,0.8815789222717285,0.9360902309417725,0.7407535087395956,0.04442303068935871,0.15338844805955887
127,1.2189374160909914,12.73370507057829,1,0.4844189307305895,0.5756907546721033,1.1122501583890598,0.4755639135837555,0.8778195381164551,0.9342105388641357,0.7407961029632912,0.043695530854165554,0.15238621179014444
128,1.2225154757416425,12.777397094811398,1,0.4865678765113015,0.5756233946501478,1.1119041392613627,0.4755639135837555,0.8796992301940918,0.9360902309417725,0.7408355117798457,0.044514779932796955,0.15382034238427877
129,1.218889457144466,12.821185288062297,1,0.4878815436060289,0.5751178582712141,1.11181071965453,0.48120301961898804,0.8778195381164551,0.9342105388641357,0.7405941269748972,0.04388821870088577,0.1501725111156702
130,1.229212997523358,12.860765289794006,1,0.4901520653941981,0.5750269758289795,1.1111448474035426,0.48308271169662476,0.8815789222717285,0.9342105388641357,0.740498038472926,0.04405284579843283,0.1509212702512741
131,1.218992530159622,12.90093176212012,1,0.49236382767910636,0.5751644500052977,1.1109130910210272,0.4849624037742615,0.8815789222717285,0.9342105388641357,0.7406607560096018,0.04317778814584017,0.14872041996568441
132,1.2175611079370858,12.941553299088648,1,0.49449212287032596,0.5751328972428533,1.1108191534451042,0.48120301961898804,0.8815789222717285,0.9342105388641357,0.7405753323815888,0.045067932456731796,0.151267115958035
133,1.2176505638426687,12.982492507562746,1,0.4965871986276648,0.5752959236090412,1.1117948262473132,0.48308271169662476,0.88345867395401,0.9342105388641357,0.7407978977653333,0.043304516933858395,0.1486480114981532
134,1.219604694118833,13.022255229487342,1,0.4986535449457109,0.575325128166246,1.111293232611421,0.4868420958518982,0.88345867395401,0.9342105388641357,0.740804119584833,0.04497732501477003,0.15130747575312853
135,1.2105941921331018,13.061340730655656,1,0.49959025744591945,0.5754240818672255,1.1113362290223454,0.4868420958518982,0.8796992301940918,0.9342105388641357,0.7409327475886232,0.04330890625715256,0.14862196147441864
136,1.2226816413936694,13.103041884351748,1,0.4995688742212464,0.5753667989962343,1.1110098393675125,0.48308271169662476,0.8815789222717285,0.9342105388641357,0.7407304936873037,0.0435180040076375,0.14894948713481426
137,1.221917366098348,13.141805214396689,1,0.4984294571226916,0.5758903582446832,1.1120470632791617,0.4774436056613922,0.8815789222717285,0.9342105388641357,0.7410431099649911,0.04356360249221325,0.1539720306172967
138,1.223187649668056,13.181091150293994,1,0.49752729554457786,0.5755115676446204,1.1122803860631116,0.4849624037742615,0.8796992301940918,0.9342105388641357,0.7409712058498821,0.04428111296147108,0.15616730134934187
139,1.2229102880731306,13.220868071249175,1,0.4966686613720972,0.5754330219983793,1.1115334285454386,0.48308271169662476,0.8796992301940918,0.9342105388641357,0.7407425673251501,0.04395157750695944,0.1558118462562561
140,1.2207118106806991,13.260996594837115,1,0.4952752499964915,0.575522652477288,1.1123774419013934,0.48120301961898804,0.8796992301940918,0.9342105388641357,0.7408328447792766,0.04418064467608929,0.15615921188145876
141,1.2225094735733055,13.301462232712968,1,0.4943274310930489,0.5754934752946205,1.1121023236427618,0.47932329773902893,0.8778195381164551,0.9342105388641357,0.7407676776961815,0.04327194672077894,0.1549907373264432
142,1.2158870580584766,13.339662224189196,1,0.4952943827353531,0.5755677688185344,1.1123930913112634,0.48120301961898804,0.8796992301940918,0.9342105388641357,0.7408731536593145,0.04444259125739336,0.15689109079539776
143,1.218280499418162,13.372728590051171,1,0.4977692831106486,0.5756164263256874,1.11267950163708,0.48120301961898804,0.8796992301940918,0.9342105388641357,0.7409601615138327,0.04394369851797819,0.1569427913054824
144,1.2216710160239939,13.407277124907898,1,0.49972663574157716,0.5756281444856964,1.1121741601009631,0.48120301961898804,0.8815789222717285,0.9342105388641357,0.740945142193193,0.04358718264847994,0.15514840465039015
145,1.2217977293426059,13.438030161899869,1,0.5016152973014671,0.5761771382804476,1.1124868946302675,0.4774436056613922,0.8815789222717285,0.9342105388641357,0.7412108636548607,0.04311659839004278,0.1567029943689704
146,1.2176947475490723,13.469480261539339,1,0.5023250289830173,0.5757033972060035,1.1123237868078433,0.48120301961898804,0.8815789222717285,0.9342105388641357,0.7410155468824454,0.04415567498654127,0.15572957694530487
147,1.2093723107959462,13.502961340504767,1,0.5026253010365015,0.5761339157846611,1.1128021484428603,0.4774436056613922,0.8815789222717285,0.9342105388641357,0.7412914413776547,0.04381558019667864,0.15898926462978125
148,1.217564063799771,13.535107626033385,1,0.5041716126233334,0.5763358570462416,1.1127505338131143,0.48120301961898804,0.8815789222717285,0.9342105388641357,0.7413074760809082,0.04339746478945017,0.1582076344639063
149,1.2218095870477401,13.568407666374586,1,0.5048594123058778,0.5756583632631229,1.1117658778895714,0.48308271169662476,0.8815789222717285,0.9342105388641357,0.7408696504613019,0.043968177400529385,0.15587032493203878
150,1.2192374574943057,13.602877821530745,1,0.5047947273964792,0.5756877176418888,1.1120160880782677,0.48120301961898804,0.8815789222717285,0.9342105388641357,0.7409166877890205,0.043409865349531174,0.1550365062430501
151,1.216502672545799,13.636993143575175,1,0.5043660358134349,0.5756756468060144,1.112156782103125,0.48308271169662476,0.8815789222717285,0.9342105388641357,0.7408698427262977,0.04325711727142334,0.15572545677423477
152,1.2162739905813578,13.670702738358653,1,0.5043863704938879,0.5756639161386616,1.1121533078119938,0.4868420958518982,0.8796992301940918,0.9342105388641357,0.7408197053951436,0.04331114608794451,0.15479455888271332
153,1.2141590005366756,13.70472010076942,1,0.5049553874517673,0.5763413261951883,1.1130008852474633,0.48308271169662476,0.8815789222717285,0.9342105388641357,0.7413532663844302,0.043442994356155396,0.15840706136077642
154,1.2164585247651925,13.740078738642211,1,0.5046575527375828,0.5757293605065673,1.1125521437308383,0.48308271169662476,0.8796992301940918,0.9342105388641357,0.7409441017839766,0.04395100846886635,0.15607239305973053
155,1.2171576496582115,13.774098435422179,1,0.5033023813697431,0.5763837179348258,1.113173126500049,0.48120301961898804,0.8815789222717285,0.9342105388641357,0.7413071418287812,0.0433559762313962,0.15820678416639566
156,1.2188558420770468,13.81096163270647,1,0.5024646576070387,0.575743948556892,1.1128395789749317,0.48120301961898804,0.8796992301940918,0.9342105388641357,0.7410087267391872,0.04405202716588974,0.15558509901165962
157,1.216998122145034,13.847484699521605,1,0.5022396724688979,0.5756914305165711,1.1127188036958833,0.4849624037742615,0.8796992301940918,0.9342105388641357,0.7407916452480494,0.043319426476955414,0.15487304888665676
158,1.2178599879954501,13.885121294900696,1,0.5021368053883144,0.5763594817991582,1.1133874104985835,0.48308271169662476,0.8796992301940918,0.9342105388641357,0.7412735544295598,0.0437079006806016,0.15863133780658245
159,1.2240799210496167,13.922287307282915,1,0.5018079354962461,0.5763914482509231,1.1135498991450323,0.47932329773902893,0.8796992301940918,0.9342105388641357,0.7412983825185375,0.04326448775827885,0.15821599401533604
160,1.2163125301942075,13.959654620134483,1,0.5021943454889103,0.5757392672586187,1.1130092113794092,0.48308271169662476,0.8796992301940918,0.9342105388641357,0.7408783741441969,0.04356518294662237,0.15496319811791182
161,1.2119551357141103,13.997155056313579,1,0.503440430209967,0.5764060985689392,1.1134585012058718,0.48120301961898804,0.8796992301940918,0.9342105388641357,0.7413099391578114,0.04311574902385473,0.15818129386752844
162,1.2164155304191058,14.033528472081452,1,0.5046621467666387,0.5764228140247047,1.1133299854320986,0.48120301961898804,0.8796992301940918,0.9342105388641357,0.7413391326086158,0.043752740137279034,0.15865063853561878
163,1.220717336083228,14.06937854524084,1,0.5075588306172559,0.5764739582336741,1.1133635984716566,0.4868420958518982,0.8815789222717285,0.9342105388641357,0.7413786974807354,0.04322359710931778,0.15801505744457245
164,1.2161007406784656,14.103726391080219,1,0.5108327334866283,0.5758055805960338,1.1127063025872588,0.4868420958518982,0.8778195381164551,0.9360902309417725,0.7411573793509515,0.043784099631011486,0.1564610367640853
165,1.2162726051236161,14.136298736422807,1,0.5152618499695392,0.5759774226734914,1.112535374727181,0.4887218177318573,0.8796992301940918,0.9360902309417725,0.7412677175447664,0.04390089772641659,0.15674399305135012
166,1.210362282179352,14.166481971169281,1,0.5204621777505097,0.5759164407146052,1.111931775668508,0.490601509809494,0.8815789222717285,0.9379699230194092,0.7412125908196132,0.04460436850786209,0.15859071910381317
167,1.2115003954325656,14.197827999002808,1,0.5250622377318,0.5759852541836792,1.1117009268860674,0.49436089396476746,0.8853383660316467,0.9379699230194092,0.7412485650889251,0.04453964065760374,0.1575620425865054
168,1.2165141067245677,14.23037320148999,1,0.5276239578864582,0.576021081164343,1.1113021540707764,0.49624061584472656,0.8853383660316467,0.9379699230194092,0.7411185656937606,0.04242870770394802,0.15564068779349327
169,1.2165959129319994,14.264163058456125,1,0.5269810302259955,0.5760809545588021,1.1115679083882777,0.49624061584472656,0.8853383660316467,0.9379699230194092,0.7411056772375025,0.04372669942677021,0.15538368094712496
170,1.2151661346303455,14.299533471371397,1,0.5242243213190649,0.5762981514141063,1.1116541710442844,0.49436089396476746,0.8853383660316467,0.9379699230194092,0.7411280037196856,0.04238012805581093,0.15654743649065495
171,1.2233117324850409,14.336364808428314,1,0.5199635661306887,0.5761277165191638,1.1122579750267556,0.49248120188713074,0.8815789222717285,0.9379699230194092,0.7411885958117208,0.04256669618189335,0.15525222290307283
172,1.2283175807705318,14.372435532945847,1,0.5172153252469397,0.5767190761181111,1.1130351973589077,0.4849624037742615,0.8815789222717285,0.9379699230194092,0.7415845670650661,0.042506187222898006,0.157360615208745
173,1.2113920454581946,14.408682795575134,1,0.5127991092930866,0.5762367624599299,1.1134589696004997,0.48308271169662476,0.8778195381164551,0.9360902309417725,0.7414625621243811,0.0425622658804059,0.15515844523906708
174,1.2179337991521781,14.442395719005377,1,0.5105043298140521,0.5762692271425289,1.113789283889496,0.48308271169662476,0.8778195381164551,0.9342105388641357,0.7415381351856732,0.04278815258294344,0.15572639647871256
175,1.2164770676556653,14.473630435615233,1,0.5099215567225281,0.5761714890332716,1.1136328227545131,0.48308271169662476,0.8778195381164551,0.9342105388641357,0.7414813878945947,0.0437348410487175,0.15666922461241484
176,1.2126969863879138,14.505274167465707,1,0.5101155145714362,0.5762411796826047,1.1137961843618436,0.48308271169662476,0.8778195381164551,0.9342105388641357,0.741385789231088,0.04373614117503166,0.1558815548196435
177,1.2145260460449792,14.53359938468642,1,0.5112661083533401,0.5762928615577291,1.1137827008473058,0.4868420958518982,0.8778195381164551,0.9342105388641357,0.7415086018695433,0.04381494037806988,0.15686888247728348
178,1.2180942964398809,14.562275954398773,1,0.5113232416634755,0.5765806255623335,1.1135764352040867,0.4849624037742615,0.8796992301940918,0.9342105388641357,0.7414379191632879,0.04370045103132725,0.15732580609619617
179,1.211680648452676,14.59132848293977,1,0.5109644140001666,0.5767208589542719,1.113796411888698,0.48308271169662476,0.8796992301940918,0.9342105388641357,0.7414833643208154,0.042704674415290356,0.15638733841478825
180,1.2237151590411992,14.620632169717437,1,0.5102684740043326,0.5766671507499858,1.1141978087667408,0.48120301961898804,0.8778195381164551,0.9342105388641357,0.7416212286299375,0.043698640540242195,0.1563825774937868
181,1.2144959097372938,14.648553951959892,1,0.5092487067456569,0.5763621182705219,1.1141975318682886,0.4887218177318573,0.8778195381164551,0.9342105388641357,0.7415719679796596,0.042734984308481216,0.1573776649311185
182,1.2109649697670197,14.676541872655843,1,0.5072886965130097,0.5771219322060068,1.1146465758234418,0.47932329773902893,0.8778195381164551,0.932330846786499,0.7416929052015292,0.04287568386644125,0.15671457443386316
183,1.216015337805422,14.702958289662009,1,0.5055387995670189,0.5769534871745551,1.1144062808393018,0.47932329773902893,0.8778195381164551,0.9342105388641357,0.741480346206187,0.04271681420505047,0.15762617252767086
184,1.217209537711312,14.728158247092438,1,0.5041207787480391,0.5768640520813515,1.1149467071194183,0.47932329773902893,0.8778195381164551,0.9342105388641357,0.7416005267983303,0.04392095748335123,0.156268079765141
185,1.2277845554773572,14.754943176478253,1,0.503539171680448,0.5770417522032436,1.115152433501946,0.4774436056613922,0.8778195381164551,0.932330846786499,0.7416852917785418,0.04364958219230175,0.1573269460350275
186,1.214048735856066,14.779397856058685,1,0.5048106378901189,0.5767409191198362,1.114676287957925,0.47932329773902893,0.8778195381164551,0.9342105388641357,0.7414394426792518,0.04265805520117283,0.1570834694430232
187,1.2233823428971677,14.804466551026563,1,0.5074350682821493,0.5769883216577093,1.1144157383449103,0.47932329773902893,0.8778195381164551,0.9342105388641357,0.7414588474703366,0.04409167543053627,0.15759800281375647
188,1.217992275549846,14.828574730759437,1,0.5120738745174551,0.5768991828245678,1.1147359797566612,0.47932329773902893,0.8778195381164551,0.9342105388641357,0.7417824009263561,0.04380112048238516,0.15631361957639456
189,1.2148404191538895,14.85474858917916,1,0.5147726108997394,0.5766630820562366,1.1145599201766678,0.48120301961898804,0.8778195381164551,0.9360902309417725,0.74175740260678,0.04284869320690632,0.15600286424160004
190,1.211488454899978,14.880786757459878,1,0.5172313354564235,0.5768081364989104,1.1139773399258013,0.48120301961898804,0.8778195381164551,0.9379699230194092,0.7417245011856868,0.042848292738199234,0.1543451752513647
191,1.2163889062648807,14.907596108854023,1,0.5204241566480133,0.5765237063990811,1.1131473976951796,0.4868420958518982,0.8796992301940918,0.9379699230194092,0.7414983771489265,0.04233364015817642,0.15286660566926003
192,1.225571429377573,14.934631398955268,1,0.522944667720292,0.5766582571169038,1.1131259264188065,0.4887218177318573,0.8796992301940918,0.9379699230194092,0.7415118107280109,0.04262027610093355,0.15308537241071463
193,1.2189075819309556,14.961746014677153,1,0.5240330166767895,0.5768313873138838,1.113260786777035,0.4887218177318573,0.8796992301940918,0.9379699230194092,0.7416370850624984,0.043731870129704475,0.15437028463929892
194,1.2234766984589556,14.989987459024922,1,0.5247464247250561,0.5770869176519278,1.1135163287333878,0.4849624037742615,0.8796992301940918,0.9379699230194092,0.7418186784085357,0.042889141477644444,0.15382838156074286
195,1.2250480534367263,15.01862983976374,1,0.5242072084414039,0.577282300972938,1.1136970706416884,0.48120301961898804,0.8796992301940918,0.9379699230194092,0.7418944010499235,0.04256640654057264,0.15328488033264875
196,1.2197102397298099,15.047878875155996,1,0.5231286639106596,0.5774038499966329,1.1140805546937913,0.48120301961898804,0.8796992301940918,0.9379699230194092,0.7420323061380383,0.04213487170636654,0.15273840632289648
197,1.2121026299543884,15.078089379538309,1,0.5208671313128094,0.5764462742485966,1.1135405524541504,0.490601509809494,0.8796992301940918,0.9360902309417725,0.7415241945419256,0.042791953310370445,0.1567222336307168
198,1.2183858328212933,15.109221140808407,1,0.5184238210765676,0.5763414306791851,1.1144840706474468,0.48308271169662476,0.8778195381164551,0.9379699230194092,0.7417953150338246,0.042732504196465015,0.15550126042217016
199,1.2149148501184053,15.136926076251388,1,0.5170203915748394,0.5764077558936564,1.1144371472760768,0.48308271169662476,0.8796992301940918,0.9360902309417725,0.7418125571034694,0.042859082110226154,0.15587901510298252
200,1.2109160149753162,15.163855043555026,1,0.5152254674581996,0.5764039546449813,1.1145904771599278,0.4849624037742615,0.8796992301940918,0.9342105388641357,0.741676778410817,0.0423452602699399,0.15534762293100357
201,1.2232851043095225,15.193314723207328,1,0.5126512514385556,0.5765930971913977,1.114721718601217,0.48120301961898804,0.8796992301940918,0.932330846786499,0.7417247749590714,0.04272586386650801,0.15435821656137705
202,1.2101540483904065,15.221409280820561,1,0.511177110574322,0.5769038040841403,1.1157683589067355,0.48120301961898804,0.8796992301940918,0.932330846786499,0.7420674844985697,0.044016147032380104,0.15940701868385077
203,1.2227531925627286,15.248337056153822,1,0.5112969860821671,0.5769327784418826,1.1156628505112232,0.48120301961898804,0.8796992301940918,0.932330846786499,0.742095718446502,0.042849382385611534,0.15876629669219255
204,1.2115445659713018,15.27381232365539,1,0.5127462786696082,0.5768034848596133,1.1155150467466617,0.48120301961898804,0.8796992301940918,0.932330846786499,0.7420064092816557,0.04262120649218559,0.15420840680599213
205,1.2179391678863396,15.2985789139163,1,0.5150344280670809,0.5768372959979833,1.1153298183349227,0.4774436056613922,0.8796992301940918,0.932330846786499,0.7421529457787898,0.04242874775081873,0.153923730365932
206,1.2156582179869395,15.324905972879783,1,0.5165052549385868,0.5768912556204301,1.115217791348854,0.48120301961898804,0.8796992301940918,0.932330846786499,0.7421177018185992,0.04286209214478731,0.15436593536287546
207,1.2120605928701798,15.350782262842122,1,0.5180514771235013,0.5769783041370499,1.1150594982953932,0.48120301961898804,0.8796992301940918,0.932330846786499,0.742144636326183,0.042281389236450195,0.15399345941841602
208,1.2165562734821451,15.377313624545886,1,0.5197167050804695,0.5769868282117601,1.1151093752550196,0.48308271169662476,0.8796992301940918,0.9342105388641357,0.7422326113282546,0.043370786122977734,0.15499789733439684
209,1.2113240825655567,15.403216793549403,1,0.5203417649830501,0.5771042091949039,1.1151044545291815,0.48120301961898804,0.8796992301940918,0.9342105388641357,0.7422660692303624,0.04270346462726593,0.15444694459438324
210,1.2200809273482038,15.43093578678925,1,0.5201736221282299,0.5772222321457411,1.1151526562482343,0.4868420958518982,0.8796992301940918,0.9360902309417725,0.7422842925830897,0.043083829805254936,0.1550871254876256
211,1.2165278901812733,15.458978587699649,1,0.5189639097413917,0.5771037721013295,1.1157680332707203,0.4774436056613922,0.8796992301940918,0.9342105388641357,0.742520566053266,0.044154635630548,0.1564767975360155
212,1.2119569254519278,15.484816267467894,1,0.5185566582165801,0.5772247121795919,1.1154188366069584,0.4849624037742615,0.8796992301940918,0.932330846786499,0.7423398516785314,0.044020417146384716,0.1567442836239934
213,1.2166318585668463,15.511176073028503,1,0.5169169003163461,0.577240538672514,1.1158431752791385,0.48120301961898804,0.8796992301940918,0.932330846786499,0.7423906790209377,0.04250004701316357,0.15531057305634022
214,1.2132618583009949,15.535845720050752,1,0.5151309443304709,0.5772562823782552,1.116226994237694,0.47932329773902893,0.8796992301940918,0.932330846786499,0.7424624278587165,0.04221393074840307,0.15503367595374584
215,1.213791081265903,15.559476342578144,1,0.5142015627178844,0.5774558036952823,1.1160560868631515,0.4849624037742615,0.8796992301940918,0.932330846786499,0.7424186448945059,0.04289516247808933,0.15673312358558178
216,1.2172708505218808,15.580116059598428,1,0.5146796183307658,0.5772846241567386,1.1164387153757922,0.47932329773902893,0.8796992301940918,0.932330846786499,0.7425547373896231,0.04277825262397528,0.1546501610428095
217,1.2145597213739983,15.600105657844843,1,0.5154536105325219,0.577465310507688,1.1162705510165298,0.48120301961898804,0.8796992301940918,0.932330846786499,0.7425128124221732,0.04267962463200092,0.15431866515427828
218,1.2149565993530769,15.620589382077728,1,0.5154318646327682,0.5774352613237045,1.1163479544334733,0.47932329773902893,0.8796992301940918,0.932330846786499,0.7425417474175648,0.04290950112044811,0.1547261206433177
219,1.2227391853192606,15.640107101499217,1,0.5169646370693274,0.5773176917811396,1.116458213632214,0.4774436056613922,0.8796992301940918,0.932330846786499,0.7426582765099302,0.043729779310524464,0.15657605417072773
220,1.2173538564811697,15.65944328110219,1,0.5202865731116035,0.57741262531104,1.1161495963296182,0.47932329773902893,0.8796992301940918,0.932330846786499,0.7425681571887214,0.042761373333632946,0.15579561609774828
221,1.2088217919477544,15.67602386292246,1,0.5230018013202582,0.5773091973051843,1.1155850171073738,0.48308271169662476,0.8796992301940918,0.9360902309417725,0.7425770472043666,0.04203129280358553,0.15488191787153482
222,1.2180346083965754,15.693447579799614,1,0.5249982565030523,0.5776484725864236,1.1154272139706543,0.4887218177318573,0.8796992301940918,0.9360902309417725,0.742563038544533,0.04220021050423384,0.155933054164052
223,1.2106902565264615,15.709723727009282,1,0.525930927234403,0.5774920049161943,1.1155188599517198,0.47932329773902893,0.8796992301940918,0.9342105388641357,0.7426317809518,0.04274055454879999,0.15466877166181803
224,1.2155238487112996,15.725468810687174,1,0.5268358625175399,0.5775785510553391,1.115295825555776,0.4868420958518982,0.8796992301940918,0.9360902309417725,0.7425692290002761,0.042648364789783955,0.1566279847174883
225,1.2138972955361869,15.740515342615863,1,0.5283530201149611,0.5774360428056586,1.1153637156569942,0.48308271169662476,0.8796992301940918,0.9360902309417725,0.7426445033654929,0.04277010262012482,0.15424109622836113
226,1.2194809950268306,15.752012995427547,1,0.5296801105658954,0.5772886357914361,1.1152790960275352,0.48308271169662476,0.8796992301940918,0.9379699230194092,0.7426101136280081,0.04352451302111149,0.1563158193603158
227,1.2117585878108432,15.763625388798205,1,0.53099873448123,0.5774827927929178,1.1153988792870353,0.48120301961898804,0.8796992301940918,0.9360902309417725,0.7427000605880989,0.042657624930143356,0.15420068707317114
228,1.2211023484223056,15.776046042859706,1,0.5324901499146936,0.5777588920000369,1.1150278790044041,0.4887218177318573,0.88345867395401,0.9379699230194092,0.742610123546487,0.04297988023608923,0.1552410228177905
229,1.2121779072202894,15.789581241770268,1,0.5324888641445875,0.5775556568307958,1.1150609718148217,0.4868420958518982,0.8815789222717285,0.9379699230194092,0.7425984335025619,0.042431107722222805,0.15516202431172132
230,1.2157298748052854,15.801150035313302,1,0.5330952590134235,0.5775416413634803,1.1149669587789794,0.4868420958518982,0.8815789222717285,0.9379699230194092,0.7425739752841355,0.04347491357475519,0.15693196095526218
231,1.2149200826332645,15.81594388818186,1,0.5324385572717113,0.5772878682158439,1.1152706435776896,0.4849624037742615,0.8796992301940918,0.9360902309417725,0.7426457721467329,0.04214242193847895,0.15526909288018942
232,1.2166361443384857,15.834291102845976,1,0.5324801882540564,0.5776604221826676,1.1150674015786717,0.4887218177318573,0.88345867395401,0.9379699230194092,0.7425877598196085,0.04217464104294777,0.1536403950303793
233,1.2154692260454107,15.85168746441737,1,0.5316297108840194,0.5774320716767064,1.1151629108509997,0.4868420958518982,0.8815789222717285,0.9379699230194092,0.7425661037637522,0.042909170500934124,0.1559384735301137
234,1.219458073545767,15.870937865284496,1,0.53135529860178,0.5774700233670027,1.115176730618543,0.4868420958518982,0.8815789222717285,0.9379699230194092,0.7425332052661564,0.042982980608940125,0.1571450587362051
235,1.2182532475780605,15.89060018828972,1,0.531494147690435,0.5774121077797737,1.1152847556633332,0.4868420958518982,0.8815789222717285,0.9379699230194092,0.7425764612250583,0.04317704774439335,0.1567083140835166
236,1.2132819147037393,15.912252040482617,1,0.5309262056460805,0.5775040352333042,1.1154988791614178,0.4774436056613922,0.8815789222717285,0.9360902309417725,0.7426475886549713,0.04264748562127352,0.15643827803432941
237,1.215728748369299,15.932841080604538,1,0.5306989343957734,0.5774107144896948,1.1154649932478802,0.4774436056613922,0.8815789222717285,0.9360902309417725,0.7426238689520286,0.0436441320925951,0.15641354769468307
238,1.220105579536252,15.952806454794311,1,0.5293820258057519,0.5773659330530947,1.1155028706434418,0.4849624037742615,0.8815789222717285,0.9379699230194092,0.7425557250513007,0.04236350767314434,0.15487750805914402
239,1.221668374932014,15.973857409862921,1,0.5271599159146924,0.5771062832950592,1.1158708925847844,0.4849624037742615,0.8796992301940918,0.9360902309417725,0.7425995312619447,0.04264730494469404,0.15792064741253853
240,1.217064408617154,15.991835821356663,1,0.5249763218218598,0.5771425057038164,1.1158304771175704,0.4849624037742615,0.8796992301940918,0.9342105388641357,0.7425189436825245,0.04260626621544361,0.15555891953408718
241,1.2120180757336734,16.006991815287737,1,0.5234685364031766,0.5772639325023736,1.1164987609294683,0.4774436056613922,0.8796992301940918,0.9342105388641357,0.7427163865653514,0.04219987150281668,0.15431556664407253
242,1.216085088059072,16.022145239195673,1,0.5233691063448795,0.5774659994886605,1.1159432747381577,0.48120301961898804,0.8815789222717285,0.9360902309417725,0.7424675906951118,0.04281054250895977,0.1564968666061759
243,1.2178246585406542,16.035908060182816,1,0.5236612138467753,0.5774642460983316,1.1160608013845943,0.48120301961898804,0.8815789222717285,0.9360902309417725,0.7425143479422178,0.042561136186122894,0.15625455044209957
244,1.2214791476413105,16.05131555557274,1,0.524890356401717,0.5771755507126258,1.1161551331557051,0.4849624037742615,0.8796992301940918,0.9342105388641357,0.7426113987005725,0.04343356378376484,0.15605690144002438
245,1.2186950541217567,16.06717112034619,1,0.5260164534626043,0.5773673777505871,1.1159088516992661,0.48308271169662476,0.8815789222717285,0.9360902309417725,0.7425407924862162,0.04369157087057829,0.1559937633574009
246,1.219081961281859,16.081753250484677,1,0.5281850189254457,0.5774250996943892,1.1159234308846653,0.4774436056613922,0.8815789222717285,0.9342105388641357,0.7426725677994728,0.04279705323278904,0.15670874435454607
247,1.2187572847583341,16.099658167086204,1,0.529530339817224,0.577174974391769,1.115880748514234,0.4849624037742615,0.8796992301940918,0.9360902309417725,0.7426759720021925,0.04263833537697792,0.15619033109396696
248,1.2193436344605355,16.119656098366207,1,0.5305567607792475,0.5773224804000804,1.115867779776314,0.48308271169662476,0.8815789222717285,0.9360902309417725,0.7426983911012566,0.042441537603735924,0.15682096127420664
249,1.2129512747721873,16.13841064228695,1,0.5286048730258115,0.5776266268452636,1.115711972450209,0.48120301961898804,0.8815789222717285,0.9360902309417725,0.7425994671102397,0.0427895225584507,0.15440801344811916
250,1.2187743980887509,16.158627771903365,1,0.5263779587859313,0.5773809996030408,1.116056716363135,0.48308271169662476,0.8796992301940918,0.9360902309417725,0.7425876524363236,0.04288913123309612,0.1565521266311407
251,1.217057232308266,16.180512965825187,1,0.5246779241284062,0.5774510997610938,1.1161427905343104,0.48120301961898804,0.8796992301940918,0.9360902309417725,0.7425824638405158,0.04387368820607662,0.15536131151020527
252,1.2112279604871383,16.2018942626358,1,0.5223592700993339,0.5773483399388628,1.1167122337463236,0.4774436056613922,0.8796992301940918,0.9342105388641357,0.7427005421486035,0.043476054444909096,0.1572439968585968
253,1.2135560819379747,16.218544372502706,1,0.5216238415575357,0.5774097427221562,1.1165874839735697,0.48308271169662476,0.8796992301940918,0.9342105388641357,0.742628052643966,0.04258527606725693,0.15514345467090607
254,1.2114792243703403,16.235687287681966,1,0.5209609793024147,0.5774102684233443,1.1167992828742959,0.4755639135837555,0.8796992301940918,0.9342105388641357,0.7427326638956795,0.04293503053486347,0.15771261043846607
255,1.2141985859619973,16.252990373689766,1,0.5221956825912218,0.5774050717496702,1.1166646474149864,0.48308271169662476,0.8796992301940918,0.9342105388641357,0.7426563114091653,0.04282872285693884,0.15590945445001125
256,1.2164752672604153,16.270312776496105,1,0.5233643360302916,0.5772649317779779,1.1169113257141166,0.47932329773902893,0.8796992301940918,0.9342105388641357,0.74278098961433,0.04242450837045908,0.15618789102882147
257,1.2194931678931669,16.288310185886477,1,0.5261951018040474,0.5773106948555143,1.1166211647851731,0.4755639135837555,0.8796992301940918,0.9342105388641357,0.7428465858664587,0.042375968769192696,0.1555521385744214
258,1.215399554666888,16.30486769520571,1,0.5303254695043597,0.5775301697167368,1.115863457374315,0.4849624037742615,0.8815789222717285,0.9360902309417725,0.7426788244538703,0.04422756377607584,0.15895247366279364
259,1.2127260434232274,16.323918017834526,1,0.5326116143388652,0.5774036361750209,1.1158568636948358,0.4849624037742615,0.8815789222717285,0.9379699230194092,0.7427787991956649,0.043344926089048386,0.15790678933262825
260,1.215350210355437,16.343669634746057,1,0.5325268302137104,0.5772676201752163,1.1160356055550504,0.4868420958518982,0.8796992301940918,0.9360902309417725,0.7428440648008833,0.043220747262239456,0.15602108370512724
261,1.2130211842681493,16.362973723220033,1,0.5312746394618545,0.5775003072478572,1.1160771375884029,0.47932329773902893,0.8815789222717285,0.9360902309417725,0.7428199955735861,0.04223110154271126,0.15600865334272385
262,1.218227598763644,16.383528538475105,1,0.5305294448725019,0.5776657010189719,1.1158620840935232,0.4849624037742615,0.8815789222717285,0.9360902309417725,0.7426997783737009,0.04293587151914835,0.15472116135060787
263,1.2152520045903252,16.40189997893153,1,0.5294698629196145,0.5776059704947779,1.1161038722585044,0.4868420958518982,0.8815789222717285,0.9360902309417725,0.7427641725758597,0.04287875164300203,0.15765464212745428
264,1.216192605997366,16.42149180441132,1,0.5287283221706937,0.5777142777042237,1.1165085825502665,0.4774436056613922,0.8815789222717285,0.9360902309417725,0.742872076546796,0.04238445870578289,0.15401452966034412
265,1.2189172422169703,16.441938642341267,1,0.5276414248454397,0.5775898738532727,1.1168852020529385,0.47932329773902893,0.8796992301940918,0.9342105388641357,0.7430162217832567,0.04280432313680649,0.1567790536209941
266,1.2199013539918973,16.460869776237185,1,0.5293471532515227,0.5774408905409619,1.1165892836381615,0.4849624037742615,0.8796992301940918,0.9360902309417725,0.7429460185557616,0.04373283125460148,0.1565419053658843
267,1.218249079529849,16.478402596109042,1,0.5302455657661903,0.5775754911441519,1.1166506779117515,0.47932329773902893,0.8796992301940918,0.9360902309417725,0.743012361884669,0.042496697045862675,0.1552130440250039
268,1.2158048086756597,16.494131727625273,1,0.5325241996002708,0.5777129254270048,1.116180847000951,0.4868420958518982,0.8815789222717285,0.9360902309417725,0.7429106103437781,0.04234273824840784,0.15403952915221453
269,1.2210736842810639,16.512935394076134,1,0.5347978715520403,0.5778412336318876,1.1159399667530077,0.4849624037742615,0.88345867395401,0.9360902309417725,0.7428966947986979,0.04264573473483324,0.15411593858152628
270,1.2203623841778093,16.532086846940437,1,0.5380227107033747,0.5776937801161038,1.115674373997803,0.4868420958518982,0.88345867395401,0.9379699230194092,0.7429028943945727,0.04253154620528221,0.15390230063349009
271,1.2190660702174285,16.552420737149774,1,0.540532526649486,0.5785920191980748,1.1166045482483304,0.4849624037742615,0.88345867395401,0.9379699230194092,0.7436441702613935,0.04310575779527426,0.15452394168823957
272,1.2188327740410498,16.570817764785524,1,0.5412555178623183,0.5785739909809264,1.1166290695775651,0.4868420958518982,0.8853383660316467,0.9379699230194092,0.7436695468739887,0.04322840739041567,0.15414245799183846
273,1.2065761517017015,16.5884515796004,1,0.5395913298989294,0.5785639507281652,1.1167333143674247,0.48308271169662476,0.88345867395401,0.9360902309417725,0.7436552018653394,0.0422434201464057,0.15365814417600632
274,1.2181972261398792,16.60840473203189,1,0.5360042747104129,0.57759590755511,1.1161038357285156,0.48120301961898804,0.8815789222717285,0.9379699230194092,0.7429855457516685,0.04387068934738636,0.15542092081159353
275,1.2108783745911629,16.62658374918248,1,0.5309866118464286,0.5774748557504751,1.1166016185448864,0.48308271169662476,0.8796992301940918,0.9360902309417725,0.7429738891939027,0.04263100493699312,0.1553509421646595
276,1.2202826490415504,16.645592796101333,1,0.5273211931306973,0.5775270145187009,1.1166659417571652,0.48308271169662476,0.8796992301940918,0.9342105388641357,0.7428183235018849,0.042895820923149586,0.15609110239893198
277,1.2217637740718625,16.66653715281366,1,0.5248094058762207,0.5773219058375509,1.1171897420801278,0.48308271169662476,0.8778195381164551,0.9342105388641357,0.7429022354345673,0.04366264212876558,0.15639448817819357
278,1.2140412240462,16.686194126470557,1,0.5229323663820539,0.5776034583406348,1.1172328806848881,0.47180449962615967,0.8796992301940918,0.932330846786499,0.7428346067172299,0.04405337758362293,0.15578317735344172
279,1.209003004197403,16.70412070410576,1,0.5205924731929499,0.5775821327000636,1.1174222777254268,0.4755639135837555,0.8796992301940918,0.932330846786499,0.7427643982751612,0.042725044302642345,0.15639750938862562
280,1.2167697449850605,16.723431343876776,1,0.5172144115715641,0.5775292685855846,1.1181352187029605,0.47180449962615967,0.8778195381164551,0.932330846786499,0.7428799411863785,0.042117311619222164,0.1541148480027914
281,1.222351037982537,16.741792601392522,1,0.5156529165321192,0.5775608029263124,1.1180321279499774,0.47932329773902893,0.8796992301940918,0.932330846786499,0.7427393303492826,0.04218320082873106,0.15383992157876492
282,1.215141942699162,16.75902203281329,1,0.5154615849308599,0.5773707069502599,1.118320709289746,0.48308271169662476,0.8759398460388184,0.932330846786499,0.7428321104701733,0.04241581819951534,0.15551168005913496
283,1.2213698131736832,16.775291206234414,1,0.5183456612789337,0.5775290774441243,1.118051900934665,0.4774436056613922,0.8778195381164551,0.932330846786499,0.7428887645209207,0.04328940622508526,0.15603635273873806
284,1.216413086410415,16.79218472355221,1,0.5227845926790963,0.5776673275837954,1.11767090902666,0.4736842215061188,0.8796992301940918,0.932330846786499,0.742999004252529,0.04277266375720501,0.15692051127552986
285,1.2173757295982628,16.810675246019382,1,0.5277108823976923,0.5777716550354414,1.1171748794098588,0.4755639135837555,0.8796992301940918,0.9342105388641357,0.7430616557481925,0.042677005752921104,0.15431418642401695
286,1.2162440326794375,16.828490269745497,1,0.5316190507307307,0.5776768036501655,1.1168594198360273,0.48308271169662476,0.8796992301940918,0.9342105388641357,0.7430779972710732,0.04361414164304733,0.1561979604884982
287,1.210790022673583,16.844911625355,1,0.5362357411960166,0.5778773147783643,1.1162994077154074,0.48308271169662476,0.88345867395401,0.9360902309417725,0.7430690854831027,0.042614275589585304,0.15657965559512377
288,1.2159061369445103,16.86228777633788,1,0.5398094682492476,0.5778700580647808,1.116297284441966,0.47932329773902893,0.88345867395401,0.9379699230194092,0.7432156925000045,0.042520586401224136,0.15669335331767797
289,1.216518070569383,16.880011015728073,1,0.5420731742130293,0.5779677276309784,1.1161166874300266,0.4849624037742615,0.8853383660316467,0.9379699230194092,0.7431933051012755,0.04297502990812063,0.15766503103077412
290,1.2201014093650162,16.899317339129514,1,0.54137856336613,0.57788342905017,1.116134729266668,0.4868420958518982,0.8853383660316467,0.9379699230194092,0.7432100986899872,0.04278343264013529,0.15532044135034084
291,1.2187404292044073,16.919827227903628,1,0.5396040500342126,0.5780845258000741,1.1162022847198068,0.48308271169662476,0.88345867395401,0.9379699230194092,0.7431742547018831,0.04270516522228718,0.1568083930760622
292,1.2144546164530339,16.942744990620042,1,0.5340998827667741,0.5779838245733808,1.116796051631601,0.47932329773902893,0.8815789222717285,0.9360902309417725,0.743188569823535,0.04301620088517666,0.15473103057593107
293,1.2195375018433892,16.964759602581484,1,0.5281834842279923,0.5778694520907294,1.1172663782406964,0.47932329773902893,0.8796992301940918,0.9342105388641357,0.7431141023230372,0.04377182945609093,0.1593852275982499
294,1.217669495568708,16.984399603108795,1,0.5251355339111039,0.5778596119188323,1.117581473516857,0.48120301961898804,0.8796992301940918,0.9342105388641357,0.7430724841221155,0.042663183994591236,0.15625184029340744
295,1.2145332554944952,17.00430850398819,1,0.52413933943723,0.5779303433531033,1.1176418605320313,0.4774436056613922,0.8796992301940918,0.9342105388641357,0.7430480572873603,0.04265046492218971,0.15540672093629837
296,1.210330776046554,17.027400726515697,1,0.5230047161131497,0.5779639132664156,1.117712158859369,0.4774436056613922,0.8796992301940918,0.932330846786499,0.7430091234844388,0.04359919298440218,0.15517721511423588
297,1.215289482298565,17.04827210508806,1,0.5245128536219483,0.5779436307421305,1.1177597765465292,0.4755639135837555,0.8796992301940918,0.9342105388641357,0.7431098261055377,0.04239545948803425,0.1551637053489685
298,1.214333210363737,17.06789082083923,1,0.5271455627018912,0.577852382232049,1.1177434466683918,0.4755639135837555,0.8796992301940918,0.9342105388641357,0.7432027540545387,0.04357264284044504,0.156357629224658
299,1.2161325345302074,17.08729319567096,1,0.5304079932415283,0.5783560265683227,1.117103434884693,0.47180449962615967,0.88345867395401,0.9360902309417725,0.7431446643866951,0.042652963660657406,0.1552273528650403
300,1.213019712729207,17.107904119300134,1,0.5322436288907522,0.5779295028134296,1.117034980094,0.47932329773902893,0.8796992301940918,0.9342105388641357,0.7431286593967334,0.043255207128822803,0.1558401556685567
301,1.2130117734795511,17.12995269801443,1,0.529380836494135,0.5781593198786225,1.1173069621797105,0.4736842215061188,0.8796992301940918,0.9342105388641357,0.7431064783003636,0.04306497052311897,0.1567442137748003
302,1.2110179232760605,17.151988099338812,1,0.5246733924173934,0.5781691876323851,1.1178650761253108,0.47180449962615967,0.8796992301940918,0.9342105388641357,0.7431080155426144,0.04263127502053976,0.1542510176077485
303,1.213644910143726,17.17207992534968,1,0.5224704772447147,0.5780476188334106,1.118299435598618,0.4736842215061188,0.8796992301940918,0.9342105388641357,0.7431730762040268,0.04289349168539047,0.15532450191676617
304,1.2120532595699032,17.18965903102517,1,0.520874332708218,0.578107792885148,1.1182022227156554,0.46992480754852295,0.8796992301940918,0.932330846786499,0.7430113244025679,0.04272508341819048,0.1568619916215539
305,1.2211177413893766,17.205461299428137,1,0.5219548277248256,0.5781417202580263,1.1181236085800441,0.46804511547088623,0.8796992301940918,0.9342105388641357,0.7430484466345334,0.043726361356675625,0.1574329538270831
306,1.2140677621618894,17.222094315411518,1,0.523471080130039,0.5780980013449768,1.1180579547393166,0.47180449962615967,0.8796992301940918,0.9342105388641357,0.7430716789538656,0.042657045647501945,0.15649158786982298
307,1.2115160076088292,17.23630917657976,1,0.5262492189821736,0.5782395433887174,1.1178478770340918,0.47180449962615967,0.8796992301940918,0.9342105388641357,0.7431557359634651,0.04269872419536114,0.15506752580404282
308,1.2174278517237584,17.2500063044637,1,0.530070997666105,0.5784074126084884,1.1173354325098848,0.4736842215061188,0.88345867395401,0.9360902309417725,0.7431240268794895,0.042706494219601154,0.15648905746638775
309,1.2125578679032154,17.263680198422517,1,0.5333528968393866,0.5783243886465844,1.1170226961618763,0.4774436056613922,0.88345867395401,0.9360902309417725,0.7431033565730005,0.04636073671281338,0.16166462935507298
310,1.214502071640449,17.276963867157864,1,0.5354690392619251,0.5781982462757452,1.1169781323255754,0.47932329773902893,0.8815789222717285,0.9379699230194092,0.7431598319151809,0.042680613696575165,0.15553855895996094
311,1.211826401297463,17.291002647520642,1,0.5374857620965754,0.5783688664958704,1.116775330203997,0.47932329773902893,0.88345867395401,0.9379699230194092,0.7431849375372319,0.04414962511509657,0.15792474802583456
312,1.2155106821193251,17.302246709039757,1,0.5396335184464827,0.5787098995585463,1.1166229625472535,0.4774436056613922,0.8853383660316467,0.9379699230194092,0.7432523179054104,0.04278792254626751,0.15437929518520832
313,1.2085597216406616,17.314944269880083,1,0.5409900255616558,0.5784320515185479,1.116682688298573,0.4774436056613922,0.88345867395401,0.9379699230194092,0.7432710485269071,0.04167400859296322,0.15540627110749483
314,1.2110929956079157,17.32752887873529,1,0.5394666943509258,0.5787145023036927,1.1167036960627394,0.4774436056613922,0.8853383660316467,0.9379699230194092,0.7432707659935606,0.04395415727049112,0.1574598839506507
315,1.216103063103612,17.34371398911011,1,0.5353452841183186,0.5787376065411578,1.11704343840506,0.48120301961898804,0.88345867395401,0.9360902309417725,0.7432333684634913,0.04280722327530384,0.15439352486282587
316,1.2170278668332513,17.361469304549015,1,0.5316960903219907,0.5783802008957596,1.117787498197703,0.4736842215061188,0.8796992301940918,0.9360902309417725,0.7433735491192571,0.043768360279500484,0.15543778147548437
317,1.2172548500430125,17.380692052855856,1,0.5289516350954508,0.5784311593393028,1.1178501323078947,0.4755639135837555,0.8796992301940918,0.9342105388641357,0.7432490600763066,0.043271906673908234,0.15698566008359194
318,1.2165583193421594,17.399499614564178,1,0.5281642656018515,0.5783325355003277,1.1180239881538976,0.4755639135837555,0.8796992301940918,0.9342105388641357,0.7432787757498895,0.04291978105902672,0.1557316668331623
319,1.2215506259865014,17.41949848764883,1,0.5275945714209536,0.5786262860117325,1.1180348126439552,0.47180449962615967,0.8796992301940918,0.9342105388641357,0.7432675389691369,0.0424230583012104,0.15617260057479143
320,1.2077665582812251,17.438250287578747,1,0.527775194761003,0.5785404032590054,1.118023411054767,0.4736842215061188,0.8796992301940918,0.9342105388641357,0.743292162279128,0.04275220353156328,0.14923898316919804
321,1.2098690354148753,17.45498995904035,1,0.5287105371164807,0.578602342908789,1.1178131774650613,0.4736842215061188,0.8796992301940918,0.9360902309417725,0.7433068448774032,0.04279799293726683,0.14956314861774445
322,1.2157192351539843,17.470497629802527,1,0.5294072658077797,0.5787252029574297,1.1181734797234828,0.4755639135837555,0.8815789222717285,0.9342105388641357,0.74336237381225,0.04349860455840826,0.14989384543150663
323,1.219864528706167,17.48742817028575,1,0.5308053005436543,0.578795435635815,1.1178519112845906,0.47180449962615967,0.88345867395401,0.9342105388641357,0.7433701721181786,0.04238068778067827,0.15635043941438198
324,1.2161263331983836,17.505414884081315,1,0.5312845309995019,0.5784260701354759,1.1183408353355364,0.4736842215061188,0.8796992301940918,0.9360902309417725,0.7434827197702062,0.04241586849093437,0.14854484237730503
325,1.2097311446754753,17.524310185666906,1,0.5301567387820897,0.5787938175775912,1.1177959879855157,0.47932329773902893,0.88345867395401,0.9342105388641357,0.7433455853685835,0.042080651968717575,0.1485937312245369
326,1.2177579238634497,17.540255046711838,1,0.5304939585878483,0.5784100500919166,1.118095672241217,0.4736842215061188,0.8796992301940918,0.9360902309417725,0.7434674684608276,0.04223001003265381,0.148594431579113
327,1.209848708189028,17.557672726477225,1,0.5295486486067321,0.5785089570642585,1.118542331311896,0.4755639135837555,0.88345867395401,0.9342105388641357,0.7433847765081021,0.04105810634791851,0.1489759860560298
328,1.2190492509386583,17.576499750698908,1,0.5295036581471119,0.5786651631615766,1.11746709279885,0.4755639135837555,0.88345867395401,0.9342105388641357,0.7433610465003794,0.04211339168250561,0.1496631968766451
329,1.2165494352947608,17.595625926083457,1,0.5297917148046423,0.5785653714020947,1.1181612785910973,0.4755639135837555,0.8815789222717285,0.9342105388641357,0.7434083088073881,0.04291688185185194,0.15123786684125662
330,1.211168658055832,17.6141023009691,1,0.5280827486895802,0.5785345034618711,1.1179865885329625,0.4736842215061188,0.8815789222717285,0.932330846786499,0.7434178597858485,0.04172222688794136,0.14928075205534697
331,1.2102577663542733,17.633521092765058,1,0.5265252839256604,0.5785328853385835,1.117739349877573,0.4736842215061188,0.8815789222717285,0.9342105388641357,0.74339582180673,0.043304456397891045,0.15179858915507793
332,1.2079487343158426,17.652410078539127,1,0.5268045270316549,0.5785218501857291,1.1188846752797976,0.4736842215061188,0.8815789222717285,0.932330846786499,0.7434070613306959,0.04209957178682089,0.14963486790657043
333,1.2101725302711537,17.66804132463155,1,0.5275014599101485,0.5785467259824896,1.118046053485281,0.4755639135837555,0.8815789222717285,0.9342105388641357,0.7433736753165009,0.04240288771688938,0.15086643118411303
334,1.2136120781363324,17.684303786991183,1,0.5311428697720976,0.5785180234162104,1.1181128284073731,0.4774436056613922,0.8815789222717285,0.9360902309417725,0.7434262257236683,0.04105187579989433,0.1494724303483963
335,1.212627736107901,17.698998235360655,1,0.5375281728808663,0.5795818274683728,1.1185396463432509,0.4755639135837555,0.88345867395401,0.9342105388641357,0.7440357867033447,0.04363040253520012,0.14793911017477512
336,1.2084574664287981,17.711358585751043,1,0.5436532432722051,0.5795801597155205,1.1184277512002085,0.4774436056613922,0.88345867395401,0.9379699230194092,0.744051872037339,0.04163937829434872,0.14596981555223465
337,1.218148470816654,17.727433580515598,1,0.5480651799413381,0.5795470473529948,1.1170834911392182,0.47932329773902893,0.8853383660316467,0.9398496150970459,0.7440728053737625,0.04162147920578718,0.1462629120796919
338,1.2144837917379296,17.74487591043617,1,0.5500744175388403,0.5795204438421976,1.1176254786365403,0.4774436056613922,0.8872180581092834,0.9398496150970459,0.7440952135736121,0.04192633554339409,0.14623757358640432
339,1.2176591858980808,17.759119643958197,1,0.5499620127240176,0.5794552962088536,1.117910071671216,0.47932329773902893,0.8872180581092834,0.9398496150970459,0.7441027289354615,0.04114136379212141,0.14550791215151548
340,1.2193074314777737,17.773414084041026,1,0.5489482444884531,0.5794380431482664,1.1169424871960578,0.4774436056613922,0.8872180581092834,0.9360902309417725,0.7440528600594939,0.04173459764569998,0.1463495409116149
341,1.2128164346966908,17.788747864386792,1,0.5455241905023324,0.5794151666729079,1.1180364768276623,0.47932329773902893,0.8872180581092834,0.9379699230194092,0.7439998816323494,0.041831535287201405,0.14616879355162382
342,1.2171005551615852,17.801972630658522,1,0.5400602843358558,0.5793228868956808,1.1183417991900884,0.4755639135837555,0.8853383660316467,0.9342105388641357,0.7440282710424547,0.04307081922888756,0.1478271121159196
343,1.2146138859607996,17.816689615129157,1,0.5350131800803772,0.5793189848079084,1.1189474296864435,0.4755639135837555,0.88345867395401,0.9342105388641357,0.743977317582386,0.041262732818722725,0.1457224991172552
344,1.2158253287657552,17.830353191371124,1,0.5326683029387749,0.579321844248941,1.1183541679006412,0.4755639135837555,0.88345867395401,0.932330846786499,0.7439659124291719,0.041427130810916424,0.14585761819034815
345,1.215156246401281,17.84369853029644,1,0.5314375159867955,0.5793795272468272,1.1190734468412324,0.4755639135837555,0.8815789222717285,0.932330846786499,0.7439455826265853,0.04119162354618311,0.145548852160573
346,1.2168855621833647,17.858522507791562,1,0.528874351810275,0.5793262104179936,1.119986273817025,0.4755639135837555,0.8796992301940918,0.932330846786499,0.7440061272299684,0.041095695458352566,0.1452925754711032
347,1.211450290027911,17.872549451473876,1,0.5280208926693869,0.578198514348882,1.1180876545298082,0.4736842215061188,0.88345867395401,0.932330846786499,0.7433797536968259,0.04261605627834797,0.15149447321891785
348,1.210529848913711,17.8847434772666,1,0.53135664579013,0.5793913139352772,1.1191634541833604,0.4736842215061188,0.8815789222717285,0.9342105388641357,0.7440577974341562,0.04272749461233616,0.14729377906769514
349,1.2136504809818442,17.896812905635677,1,0.5368657953380334,0.5794078962088394,1.1187832180498434,0.4774436056613922,0.88345867395401,0.932330846786499,0.7440884198811026,0.04267837479710579,0.14699626341462135
350,1.2139829688044481,17.91071709312182,1,0.5417327587236391,0.579419613805657,1.1180081565946884,0.47932329773902893,0.8853383660316467,0.9360902309417725,0.7441024706091308,0.041263372637331486,0.1456208312883973
351,1.214804358322542,17.926122447810055,1,0.5431712402979749,0.5794093668206283,1.1183683303612761,0.4774436056613922,0.8853383660316467,0.9360902309417725,0.7441436777086342,0.04282599315047264,0.1473289094865322
352,1.2130398997538776,17.943279401351564,1,0.5427061467946653,0.5793983496579185,1.1188311605546828,0.47932329773902893,0.88345867395401,0.9379699230194092,0.7441896192168483,0.04152084980159998,0.1455284021794796
353,1.2152866720634368,17.959492161665647,1,0.5415292094253781,0.5794234373355928,1.1186567267874277,0.4774436056613922,0.8853383660316467,0.9360902309417725,0.7441936394794917,0.041509730741381645,0.14566978067159653
354,1.2188547074272171,17.977265603055166,1,0.5406318990194163,0.579456125364548,1.1184365024574334,0.4755639135837555,0.8853383660316467,0.9360902309417725,0.7442045767891949,0.04111913498491049,0.14538581389933825
355,1.2137663201546696,17.996340007357304,1,0.5409816793915918,0.5795295624369287,1.1187640601903805,0.4774436056613922,0.8872180581092834,0.9342105388641357,0.7442042007861066,0.04137247148901224,0.14556253142654896
356,1.2189185791754586,18.017095697366926,1,0.5404802836392434,0.5795211955605778,1.1188803972557204,0.47932329773902893,0.8853383660316467,0.932330846786499,0.7443027348945408,0.04201591294258833,0.14619753323495388
357,1.21617591454901,18.036537525286196,1,0.5411006360319632,0.5795628454109729,1.1181948387446434,0.4774436056613922,0.88345867395401,0.9379699230194092,0.7443079746114131,0.041100505739450455,0.14549208339303732
358,1.2137706769479484,18.054707709201217,1,0.5408232690483425,0.5796195649959062,1.1189500723828287,0.4774436056613922,0.8853383660316467,0.9360902309417725,0.7443341920758828,0.041672928258776665,0.1464470699429512
359,1.2136010601748128,18.074223441030252,1,0.5372639339190696,0.5796133411612491,1.1190205640092836,0.4774436056613922,0.88345867395401,0.9342105388641357,0.7443647096245002,0.04157346021384001,0.14593797735869884
360,1.219632634813232,18.093621605142562,1,0.532766025700289,0.579608799547538,1.1189913473392201,0.4774436056613922,0.8815789222717285,0.9342105388641357,0.7443405994573998,0.0419370848685503,0.14627339225262403
361,1.2093643579504771,18.110551889480416,1,0.5290475309615161,0.5795962128319145,1.120375640024741,0.4755639135837555,0.8815789222717285,0.932330846786499,0.7443533095426754,0.041529130190610886,0.14577116910368204
362,1.2153047671510833,18.125495433116942,1,0.526011245012872,0.5796553280661081,1.1202193173491908,0.4755639135837555,0.8778195381164551,0.932330846786499,0.7442844751859875,0.04118753504008055,0.1454159440472722
363,1.2110876066489564,18.139516242160948,1,0.5261136924995444,0.579664120557501,1.1205438211501166,0.4755639135837555,0.8778195381164551,0.932330846786499,0.7443091206597076,0.0412575826048851,0.14588818792253733
364,1.2213784801380025,18.156717704811225,1,0.5268943958675515,0.5796593948891802,1.120832456251702,0.4755639135837555,0.8778195381164551,0.932330846786499,0.7443435762131846,0.04165427852421999,0.1463399212807417
365,1.220064992926524,18.17507862995163,1,0.5296675456059231,0.5796639002144942,1.1205462914758595,0.4736842215061188,0.8796992301940918,0.932330846786499,0.7444002959235568,0.0415583485737443,0.14617365319281816
366,1.2129012390808627,18.191297508101602,1,0.5355394649436578,0.5797095559347063,1.1196520922885551,0.4774436056613922,0.8815789222717285,0.932330846786499,0.7444366616515302,0.04121565353125334,0.1455362318083644
367,1.2114773915235288,18.20580200499173,1,0.5404235881318328,0.5797675686188257,1.1190945558041898,0.4755639135837555,0.8853383660316467,0.9360902309417725,0.7444468234541183,0.04176179692149162,0.14635278098285198
368,1.2093376877642485,18.220066016137626,1,0.5445206421721928,0.5797689514403157,1.1188346780995708,0.4774436056613922,0.88345867395401,0.9360902309417725,0.7445161844819609,0.04118866380304098,0.1454833121970296
369,1.2184705212693776,18.235155408086914,1,0.5484043350892136,0.5797925286740273,1.1182692916468875,0.4774436056613922,0.88345867395401,0.9360902309417725,0.7445504778711216,0.041038816794753075,0.1455001225695014
370,1.2128129803226606,18.24896171987003,1,0.5500274825899351,0.5798125501552082,1.117905276449089,0.4774436056613922,0.88345867395401,0.9360902309417725,0.7445915684064937,0.04155049007385969,0.14639052096754313
371,1.2165767074605436,18.26432863730078,1,0.5477916296509336,0.5798623203467629,1.1187787881025355,0.4774436056613922,0.8853383660316467,0.9379699230194092,0.7446419356219438,0.041889975778758526,0.14622043259441853
372,1.2168634237112235,18.278432150566346,1,0.54621287479871,0.579907775754471,1.1193277356142302,0.4774436056613922,0.88345867395401,0.9379699230194092,0.7446499502073379,0.04184054583311081,0.14720335975289345
373,1.2121383989588004,18.291935575790156,1,0.5423480252821655,0.5799321556026658,1.1185740379420754,0.4774436056613922,0.8853383660316467,0.9360902309417725,0.744646572099055,0.041784956119954586,0.1460542744025588
374,1.2152530629249276,18.305189169165715,1,0.5392039839710274,0.5799867381438358,1.1193362613356086,0.4755639135837555,0.88345867395401,0.9342105388641357,0.7446743506501282,0.04193153511732817,0.14613269548863173
375,1.216535061613921,18.32123406208152,1,0.5347271576118727,0.5800014375669243,1.1203128360982344,0.4755639135837555,0.8815789222717285,0.932330846786499,0.7446782462924523,0.04146447032690048,0.1465964773669839
376,1.2109171446980338,18.334044430254004,1,0.5301457028023515,0.5800593006489853,1.120742080676161,0.4736842215061188,0.8815789222717285,0.932330846786499,0.7446565215865243,0.042221871204674244,0.14684075582772493
377,1.2116373496637136,18.34621206486283,1,0.528649855581538,0.580063748016465,1.120969832445755,0.4755639135837555,0.8778195381164551,0.932330846786499,0.7446871989875626,0.04105759598314762,0.1457444690167904
378,1.2169265423491453,18.355847664147817,1,0.5282061393291533,0.5791714393888526,1.120242659928288,0.4736842215061188,0.8796992301940918,0.932330846786499,0.7441285015032824,0.04249764699488878,0.15005450136959553
379,1.215857384771269,18.366758421191992,1,0.5307323129123567,0.579414196393251,1.1194499554637858,0.47180449962615967,0.8815789222717285,0.9342105388641357,0.7441787196136121,0.042346459813416004,0.1492451736703515
380,1.2208345799409774,18.379071132454996,1,0.5331463596436248,0.5801441067794157,1.1208630301814118,0.4736842215061188,0.8796992301940918,0.9342105388641357,0.7447645881480093,0.04152712970972061,0.14654323924332857
381,1.2132251707456343,18.390800566571667,1,0.5388748622276218,0.5801694183549,1.1196266851010785,0.4755639135837555,0.8815789222717285,0.9379699230194092,0.7448049906700875,0.04285902250558138,0.14726321958005428
382,1.2105019140014472,18.40375410767914,1,0.5433606138252095,0.5802097404825688,1.118978231198169,0.4755639135837555,0.8853383660316467,0.9360902309417725,0.7448229742816537,0.041025097481906414,0.14548316318541765
383,1.2110093127398474,18.416932446654773,1,0.547571345007021,0.5802291631426673,1.1189968916968651,0.4774436056613922,0.8853383660316467,0.9360902309417725,0.744867371019883,0.04132978245615959,0.14564817026257515
384,1.2154978580853586,18.431811821010292,1,0.5500200712829105,0.5802924016594828,1.1188876647599826,0.47932329773902893,0.8853383660316467,0.9398496150970459,0.7448734476721262,0.043283735401928425,0.14782204199582338
385,1.2148431063874585,18.443812699508996,1,0.5505355935713844,0.5803175477800008,1.1186874702647422,0.47932329773902893,0.8872180581092834,0.9379699230194092,0.7448773684519653,0.04194771405309439,0.1462616417557001
386,1.214862542038072,18.456262326747158,1,0.5506638613325907,0.5802969773771075,1.119526000950912,0.47932329773902893,0.8853383660316467,0.9379699230194092,0.7448972462182285,0.041766646318137646,0.14602044597268105
387,1.2158358022962168,18.47004413454481,1,0.5478997938930513,0.5802868182900565,1.1193577719727583,0.47932329773902893,0.8853383660316467,0.9360902309417725,0.744880770778042,0.04113017488270998,0.14630037173628807
388,1.2132935661126367,18.48326274036426,1,0.5454807811244285,0.5802774340585729,1.1193965989672119,0.4774436056613922,0.88345867395401,0.9379699230194092,0.7448505771650564,0.0417471369728446,0.14709222223609686
389,1.2158000012607273,18.499521273742815,1,0.542995235670897,0.5802341186223429,1.1194482030604815,0.4774436056613922,0.88345867395401,0.9360902309417725,0.744833799463158,0.042464097030460835,0.14712974149733782
390,1.2203753408669005,18.51731701060361,1,0.5408738518162738,0.5792324314188652,1.1190777713143023,0.4755639135837555,0.88345867395401,0.9379699230194092,0.7442348202724622,0.04176478739827871,0.1495952596887946
391,1.2238299557037329,18.535398970711938,1,0.5378540757875359,0.580098487903121,1.1200084113470066,0.4755639135837555,0.8853383660316467,0.9342105388641357,0.74479535813635,0.04162679798901081,0.14693069364875555
392,1.2241112059973431,18.555157356798496,1,0.5354706117254909,0.5800550226227911,1.1202437067758326,0.4755639135837555,0.8796992301940918,0.9342105388641357,0.7447559500163419,0.041080204769968987,0.14622284285724163
393,1.2163617924443022,18.569803604817118,1,0.5335494306868145,0.5800194009958967,1.1201685102665968,0.47180449962615967,0.8796992301940918,0.932330846786499,0.744732568010953,0.06187391933053732,0.16667055152356625
394,1.2170905466765929,18.581464320681093,1,0.5323821189725685,0.578950615103286,1.119238346288821,0.4736842215061188,0.8796992301940918,0.9342105388641357,0.7440819869486237,0.041413321159780025,0.14949099905788898
395,1.2164165549182,18.594017030039073,1,0.5308742433423808,0.5799140708097144,1.1205447870629464,0.47180449962615967,0.8778195381164551,0.932330846786499,0.7446665204742404,0.041793917305767536,0.1459768069908023
396,1.21582680489974,18.60677103402236,1,0.5310226075883981,0.5798701373293375,1.1203136177148838,0.47180449962615967,0.8796992301940918,0.932330846786499,0.7446165257309403,0.04079075064510107,0.14493252988904715
397,1.21289810171631,18.61834811777433,1,0.5318918077249214,0.5798033035929714,1.1201800259865675,0.47180449962615967,0.8815789222717285,0.932330846786499,0.7446337056109061,0.04175817687064409,0.14597537647932768
398,1.2242754088564611,18.629280349222107,1,0.5352175105496753,0.5797627060122289,1.1202034527770215,0.4736842215061188,0.88345867395401,0.932330846786499,0.744650407132727,0.042324759997427464,0.14658906776458025
399,1.2167260438451328,18.639609011383293,1,0.5375157796588074,0.5797450323653007,1.1202334086012136,0.47180449962615967,0.88345867395401,0.9360902309417725,0.7446378993736459,0.041613019071519375,0.14574855845421553
400,1.215398693908647,18.650455965256103,1,0.5386121081818793,0.5796857617062825,1.1198978763039564,0.4736842215061188,0.8815789222717285,0.9360902309417725,0.7446654835158827,0.04220089130103588,0.14675324596464634
401,1.2169134600386662,18.662672362160436,1,0.537205212463691,0.5796376570446039,1.1199201481405234,0.4736842215061188,0.8853383660316467,0.9360902309417725,0.7446506759997202,0.04246320761740208,0.14659906830638647
402,1.2147574915347934,18.673792715323014,1,0.5352035783749006,0.5796398846552633,1.1198837969164022,0.4736842215061188,0.88345867395401,0.932330846786499,0.7446342619767676,0.04179833643138409,0.1465598875656724
403,1.2158845684134363,18.6855999602883,1,0.5326625246334404,0.5796344125946071,1.1199992191965746,0.47180449962615967,0.8815789222717285,0.9342105388641357,0.7445933611710318,0.046947287395596504,0.15420134738087654
404,1.2136836601517227,18.69452001177566,1,0.5315488530915354,0.5796159487014308,1.1204292153354543,0.4736842215061188,0.8778195381164551,0.932330846786499,0.7446350993280934,0.04181756637990475,0.14609423466026783
405,1.2165231710258608,18.70336224663866,1,0.532057602862225,0.5795853676010567,1.120456543777153,0.4736842215061188,0.8796992301940918,0.932330846786499,0.7446409135696064,0.04158959910273552,0.14577426854521036
406,1.2187306409271794,18.71146867915499,1,0.5365568212203791,0.5795644195778726,1.1201090436107575,0.4755639135837555,0.88345867395401,0.932330846786499,0.7446861381459804,0.04154078010469675,0.14634632132947445
407,1.2141032613528793,18.718123134407556,1,0.5435378734167264,0.5795770438089419,1.1189651659305153,0.4755639135837555,0.8853383660316467,0.9360902309417725,0.7446971853063489,0.041600149124860764,0.1459911959245801
408,1.2082237239191964,18.72468837188304,1,0.5483207909053066,0.5795760472014907,1.119095003699329,0.4774436056613922,0.8853383660316467,0.9379699230194092,0.7447165586656722,0.04220343101769686,0.14685223437845707
409,1.2155626489819256,18.73280191315742,1,0.5488604904830552,0.5796379725592689,1.118876419632909,0.4774436056613922,0.8853383660316467,0.9379699230194092,0.7447394848621506,0.040949768386781216,0.14536781515926123
410,1.2157316458701637,18.74154465864688,1,0.547497065091302,0.5797044318372409,1.1191460816603755,0.4736842215061188,0.88345867395401,0.9360902309417725,0.7447319439813869,0.04258160572499037,0.14689418394118547
411,1.2153789060144957,18.752054042908984,1,0.5445440419515248,0.5797324673732187,1.1194748397289909,0.4755639135837555,0.8853383660316467,0.9379699230194092,0.7447928707068414,0.04235642869025469,0.14675318636000156
412,1.2129042250380866,18.76425258103206,1,0.5398697584006366,0.5797773477431145,1.1198918978116361,0.4755639135837555,0.8853383660316467,0.9342105388641357,0.744839817084101,0.041180163621902466,0.14584218710660934
413,1.2155567495065238,18.775591497336947,1,0.5361832985262579,0.5798249771327367,1.1209425614429234,0.4736842215061188,0.88345867395401,0.9360902309417725,0.7447832444831883,0.041343891993165016,0.14562178123742342
414,1.2233955492170345,18.78990474976296,1,0.5335327445619801,0.5798957947175841,1.1208557659692733,0.4736842215061188,0.8796992301940918,0.932330846786499,0.7448026441681594,0.0410076268017292,0.14543092343956232
415,1.2101945244188952,18.802385489350105,1,0.5319957773933057,0.5799506065583665,1.1208333878303198,0.47180449962615967,0.8815789222717285,0.932330846786499,0.7448303580489716,0.04115195479243994,0.1465300591662526
416,1.2165035581428363,18.81388867163432,1,0.5311464731815039,0.5799947806033874,1.1209157448905471,0.46992480754852295,0.8778195381164551,0.932330846786499,0.7448304610692407,0.04175462760031223,0.14597838651388884
417,1.2161136717878411,18.824139010944695,1,0.5307729827799423,0.5800512292698277,1.1210568500952807,0.47180449962615967,0.8796992301940918,0.932330846786499,0.7448340255212239,0.041854655370116234,0.14608663506805897
418,1.2227272427200215,18.832985188646784,1,0.5341269788845974,0.580083835171776,1.1206429168740033,0.4736842215061188,0.88345867395401,0.932330846786499,0.7448538082820502,0.04121656343340874,0.14593144692480564
419,1.2219036965970373,18.84276520882381,1,0.5408454276996651,0.5801120323964565,1.1197686223779857,0.47180449962615967,0.8853383660316467,0.9360902309417725,0.7448139908985547,0.04145857039839029,0.14569672010838985
420,1.2161680331679037,18.85299726625669,1,0.5476378040114028,0.5800872028408088,1.1195277162929302,0.4774436056613922,0.8853383660316467,0.9379699230194092,0.7448964047649179,0.041983514092862606,0.1471004504710436
421,1.2200645644288457,18.86660918346398,1,0.5547359465036621,0.5800805343498223,1.1186954747203977,0.47932329773902893,0.8853383660316467,0.9398496150970459,0.7448748072987302,0.04180201608687639,0.14609437435865402
422,1.2172116301677938,18.882062902194065,1,0.5568425553447195,0.5800757855696814,1.1179919913437126,0.4849624037742615,0.8890977501869202,0.9398496150970459,0.7448400520877921,0.041056856513023376,0.14645212050527334
423,1.2126002259723356,18.8969264231052,1,0.5576909190348173,0.5800574088091537,1.1179510740062382,0.48308271169662476,0.8890977501869202,0.9398496150970459,0.7448096963516598,0.04092017747461796,0.1458237674087286
424,1.215230602701172,18.911452366642504,1,0.5546511531423763,0.5800208841711156,1.118869216280321,0.47932329773902893,0.8872180581092834,0.9398496150970459,0.744797060105233,0.04175799712538719,0.1466991761699319
425,1.2141098274895508,18.926587676490428,1,0.5501910928219212,0.5800155541493758,1.1188698636774992,0.47932329773902893,0.8853383660316467,0.9379699230194092,0.7447536585441887,0.04099901579320431,0.14518661610782146
426,1.2159225626311703,18.940889033881565,1,0.5449642618895276,0.5800082312889285,1.118916796663419,0.4736842215061188,0.8853383660316467,0.9360902309417725,0.7446759878504234,0.04161670897156,0.14594730641692877
427,1.2138336369918492,18.951549575578774,1,0.5386150760043497,0.5799699892296597,1.1191589213965427,0.4736842215061188,0.8853383660316467,0.9379699230194092,0.7446081521179456,0.041386011987924576,0.14568008948117495
428,1.216958869593086,18.961988660010352,1,0.5326301924066258,0.5799287546893095,1.120096617711061,0.4736842215061188,0.8815789222717285,0.9342105388641357,0.7445693593728188,0.040855919010937214,0.14542776346206665
429,1.2179789790232478,18.970987495898466,1,0.5303102824858948,0.5799345797181082,1.1202489182601827,0.4736842215061188,0.8815789222717285,0.9342105388641357,0.7445310731782323,0.04092324711382389,0.14508709777146578
430,1.2190935659710436,18.97864022150043,1,0.5295818829870996,0.5799611047765406,1.120596127127809,0.4736842215061188,0.8815789222717285,0.932330846786499,0.7445219006648385,0.04203776270151138,0.14659566804766655
431,1.2118027824208393,18.98693333154045,1,0.5281093657389431,0.5799668997184948,1.1201837103352812,0.4736842215061188,0.8796992301940918,0.932330846786499,0.7445303221634507,0.040964546613395214,0.14591782726347446
432,1.2109708306485119,18.994287086817554,1,0.5306509617834994,0.5799898461260867,1.1202814545685367,0.4736842215061188,0.8815789222717285,0.932330846786499,0.7445357463454277,0.042502627708017826,0.14716894086450338
433,1.2117750841993762,19.00183868857053,1,0.5324025094696149,0.5800185518535612,1.1206540644561194,0.4755639135837555,0.8815789222717285,0.9342105388641357,0.7446138925138117,0.04138198122382164,0.14566572941839695
434,1.2182282846216548,19.007896488961073,1,0.5360227541183854,0.5800660405873955,1.1195388578556726,0.4755639135837555,0.88345867395401,0.9342105388641357,0.7446169089659719,0.04127858392894268,0.14594056736677885
435,1.2218972246937772,19.01475809226292,1,0.5408948025306599,0.5801124131527636,1.1196730717963992,0.4774436056613922,0.8815789222717285,0.9379699230194092,0.7446585724751106,0.041191745549440384,0.1464808601886034
436,1.2176819227430276,19.025160347833296,1,0.5446569942858476,0.5801522322098651,1.1188346210226672,0.4755639135837555,0.88345867395401,0.9360902309417725,0.7446631053529211,0.04171568714082241,0.14611891377717257
437,1.219914820564988,19.038166201044685,1,0.5464461087441508,0.5801548151432442,1.118785959911501,0.4774436056613922,0.8853383660316467,0.9379699230194092,0.7447030707495667,0.041735236532986164,0.14612823352217674
438,1.2094190196404084,19.051223319677625,1,0.5469903091027232,0.5801765048313349,1.118650860659648,0.48120301961898804,0.8853383660316467,0.9360902309417725,0.7447008270363564,0.04174712672829628,0.14602811634540558
439,1.215578674336737,19.065350018811014,1,0.5474865762759022,0.5801693258762578,1.118774436634539,0.47932329773902893,0.8853383660316467,0.9398496150970459,0.7447137769470515,0.04152736905962229,0.14576050825417042
440,1.2177827286464238,19.08151860872124,1,0.5461452149142848,0.5801599429924512,1.1187432067464822,0.47932329773902893,0.8853383660316467,0.9398496150970459,0.7447143873757786,0.04147121123969555,0.14549682289361954
441,1.221993523528413,19.096524611732967,1,0.5457196447586836,0.5801524450703631,1.1186380844058992,0.47932329773902893,0.8853383660316467,0.9379699230194092,0.7447125969006845,0.04143900144845247,0.14557791128754616
442,1.213055498277546,19.111383042833978,1,0.5425556035919281,0.5801970331235882,1.1184371271208822,0.4755639135837555,0.8853383660316467,0.9379699230194092,0.744656935234336,0.04207706358283758,0.1462758732959628
443,1.2220631755238396,19.128466245076048,1,0.5386746766934253,0.5801992323431256,1.1192740255830214,0.4774436056613922,0.88345867395401,0.9360902309417725,0.7446173765652983,0.04111831448972225,0.14654645882546902
444,1.21870694640968,19.1472982697989,1,0.5362053584199428,0.579137266665542,1.118799577155279,0.4774436056613922,0.88345867395401,0.9360902309417725,0.7440027130389116,0.04158101975917816,0.14960363879799843
445,1.214293567943172,19.162952223440676,1,0.5361431246587804,0.5791048012824619,1.1190345575499523,0.4755639135837555,0.88345867395401,0.9379699230194092,0.7439965191219156,0.04145289119333029,0.1491894545033574
446,1.2164301282041974,19.18066207424575,1,0.5363228319373222,0.5793184627224846,1.1187232808826812,0.4736842215061188,0.88345867395401,0.9360902309417725,0.7440003881795774,0.041560239158570766,0.14799800980836153
447,1.2135121765763488,19.199141287008263,1,0.5359900913684382,0.5793292442731539,1.119067385348336,0.47180449962615967,0.88345867395401,0.9360902309417725,0.7440084927847217,0.04135189205408096,0.14786602091044188
448,1.2162935865362146,19.216998113074666,1,0.5348407138841264,0.5791492811011841,1.1189164193020538,0.4755639135837555,0.88345867395401,0.9342105388641357,0.7439785679248243,0.04211763199418783,0.14960220828652382
449,1.2151004101439797,19.232428923518906,1,0.5350478132897235,0.5793631840816199,1.1191415341993083,0.47180449962615967,0.88345867395401,0.9360902309417725,0.7440245459456649,0.04146011173725128,0.14783085230737925
450,1.2175713068423177,19.246553923099444,1,0.5369784802363186,0.5791966425404329,1.1185631466940666,0.4755639135837555,0.88345867395401,0.9379699230194092,0.7440083975162833,0.041562460362911224,0.1489169169217348
451,1.2127551664336713,19.257231930773433,1,0.5366169563860118,0.5791971312667766,1.1187375047285608,0.4774436056613922,0.8815789222717285,0.9360902309417725,0.7440098970517096,0.04164489824324846,0.1494032796472311
452,1.2108375387273442,19.267104988853273,1,0.5370313817678777,0.5802654891547129,1.1197910978516614,0.4736842215061188,0.8815789222717285,0.9360902309417725,0.7445440821899681,0.0414239801466465,0.1460963347926736
453,1.218034359749435,19.274856595415525,1,0.5383644487909581,0.5802486974814375,1.1195003763578388,0.4755639135837555,0.88345867395401,0.9342105388641357,0.7445474217735103,0.04079880937933922,0.14511480648070574
454,1.2175241328388755,19.283020116725954,1,0.5411191394653702,0.5802520018604032,1.1190301969834442,0.4755639135837555,0.88345867395401,0.9342105388641357,0.7445337322844181,0.042027843184769154,0.14670034684240818
455,1.2196992979477332,19.294822399897416,1,0.5424217609846977,0.5791900226074592,1.1179858024565592,0.4774436056613922,0.8853383660316467,0.9379699230194092,0.7439967564496555,0.04196450486779213,0.14862128160893917
456,1.2198445820488149,19.30565392712139,1,0.5442767232774361,0.5802934190771618,1.118638775654063,0.4755639135837555,0.88345867395401,0.9360902309417725,0.744502905614182,0.041449740529060364,0.14567216113209724
457,1.2177170292394885,19.317259682867956,1,0.5465303678361464,0.5792844052053967,1.1180025032975254,0.4774436056613922,0.8872180581092834,0.9360902309417725,0.7440325898960467,0.04121444374322891,0.14979761559516191
458,1.2159616993720794,19.329403463284198,1,0.5464742735591783,0.5802610889115966,1.1184241342255656,0.4774436056613922,0.8853383660316467,0.9379699230194092,0.7446079100103181,0.04139667097479105,0.14566524047404528
459,1.2152947176840376,19.341491849248456,1,0.5442523982245537,0.5803200683645765,1.1189485258588676,0.4774436056613922,0.8853383660316467,0.9379699230194092,0.7445758422054162,0.04175324738025665,0.146106724627316
460,1.2112233689735983,19.35286067164183,1,0.5434711073776912,0.5803448934606,1.119183675321335,0.4755639135837555,0.88345867395401,0.9360902309417725,0.7445897596285572,0.041446191258728504,0.14547543320804834
461,1.2105256643417976,19.364026986161907,1,0.5427231902145145,0.5803922872086525,1.1192885212255845,0.4755639135837555,0.8853383660316467,0.9360902309417725,0.7445919644568405,0.041148943826556206,0.14539858233183622
462,1.2144742101817299,19.37564374786246,1,0.5432219779842641,0.5804199849248984,1.1191498655802241,0.4755639135837555,0.88345867395401,0.9379699230194092,0.744593483420582,0.04157980903983116,0.145682780072093
463,1.2130215121613532,19.38765689935155,1,0.5443656347509348,0.5804424126761893,1.1194901383027347,0.4774436056613922,0.88345867395401,0.9360902309417725,0.7446094712157546,0.04165982827544212,0.14574003871530294
464,1.2119893034230245,19.39814620838296,1,0.5445696030059701,0.5804810632439278,1.1191621089591974,0.4755639135837555,0.88345867395401,0.9398496150970459,0.7446401798553286,0.041105316020548344,0.1453235149383545
465,1.211413989796225,19.409460819995036,1,0.5427741505875388,0.5805064878669622,1.1193627715928747,0.4774436056613922,0.8815789222717285,0.9379699230194092,0.7446584753234222,0.041410891339182854,0.14539374317973852
466,1.2055633063936504,19.419462003045705,1,0.5389423636798967,0.5793823683670205,1.1188767857145963,0.4774436056613922,0.8815789222717285,0.9360902309417725,0.7442014882617785,0.042256769724190235,0.14867352042347193
467,1.2140445731566119,19.429279647795923,1,0.5368973310103881,0.5796733324479515,1.1192559212235809,0.47180449962615967,0.8815789222717285,0.9360902309417725,0.744181951770053,0.04104515723884106,0.14853601343929768
468,1.215234670374051,19.439343249708017,1,0.5369151382458477,0.5796255967340749,1.1196354189965616,0.4736842215061188,0.8796992301940918,0.9360902309417725,0.7442503073847423,0.04110357537865639,0.14910570438951254
469,1.2172743952710199,19.449872541759998,1,0.5378368143484696,0.5798733776529862,1.1191478297615551,0.4736842215061188,0.8815789222717285,0.9360902309417725,0.7442410155352801,0.04253182653337717,0.149213632568717
470,1.21656792454256,19.461071897833957,1,0.539989894272003,0.5798120770921741,1.1191013278916535,0.4736842215061188,0.88345867395401,0.9360902309417725,0.7442718896983709,0.04244921822100878,0.15007790178060532
471,1.2156225541934886,19.472552679221803,1,0.5416008941137868,0.5798098174239857,1.1188091059897194,0.4736842215061188,0.88345867395401,0.9360902309417725,0.7442702504468952,0.04243549797683954,0.15007555205374956
472,1.2114886766212845,19.482295985533913,1,0.5452441821879654,0.580708521338278,1.1190096801909277,0.4736842215061188,0.8815789222717285,0.9398496150970459,0.7447626101609339,0.041116285137832165,0.14523564651608467
473,1.2187865741256387,19.49578035596657,1,0.5456619243446175,0.5807415704224071,1.118797602559372,0.4755639135837555,0.8815789222717285,0.9379699230194092,0.7447654929303548,0.04150545969605446,0.14755270536988974
474,1.2243155271873487,19.512232003818944,1,0.5436587980642824,0.5807293346354652,1.1193658657287509,0.4774436056613922,0.8815789222717285,0.9379699230194092,0.7447662516501934,0.04109618626534939,0.14620377402752638
475,1.2138727453927844,19.529886494398745,1,0.5423387135668858,0.579638518246086,1.1190719549489094,0.4774436056613922,0.88345867395401,0.9379699230194092,0.7443156491377364,0.04118580371141434,0.1477051330730319
476,1.2147341273031274,19.549222300049298,1,0.5383281000882613,0.5798568965803468,1.1190016376943228,0.4736842215061188,0.8815789222717285,0.9360902309417725,0.7442884771325243,0.04171243775635958,0.15173370949923992
477,1.2144014597283164,19.565404837854597,1,0.5363225413648791,0.5799160420121313,1.1193920510118325,0.47180449962615967,0.8815789222717285,0.9360902309417725,0.7442859489329554,0.04259735532104969,0.15027871914207935
478,1.2100967894140182,19.58233890688847,1,0.5336062731364031,0.5798853620624247,1.1196177447065596,0.47180449962615967,0.8796992301940918,0.9360902309417725,0.7442938565210203,0.04202265292406082,0.15034726727753878
479,1.215728008620533,19.600326296599587,1,0.5274052323867564,0.5797054014977374,1.120658842192818,0.4736842215061188,0.8796992301940918,0.9342105388641357,0.7442846969938937,0.041035356000065804,0.14767390303313732
480,1.2121081667401592,19.61458885473905,1,0.52501179570743,0.5798663198261412,1.1211860412268797,0.46804511547088623,0.8796992301940918,0.932330846786499,0.7442898965462326,0.041178103536367416,0.14896539598703384
481,1.2119836203694905,19.62722312874975,1,0.5254639021646561,0.5798306245213362,1.120661305819409,0.46992480754852295,0.8796992301940918,0.9342105388641357,0.7443007253869754,0.04162337817251682,0.15026154834777117
482,1.2179672815796354,19.641026457283758,1,0.52780303214504,0.5798599307077494,1.1205803931404332,0.46992480754852295,0.8796992301940918,0.9342105388641357,0.7443283249746871,0.041120574809610844,0.14869069028645754
483,1.2131776274188157,19.655532238809045,1,0.5309244528651803,0.5799220824603943,1.1202510896592377,0.46992480754852295,0.8796992301940918,0.9360902309417725,0.744369553299684,0.04157937876880169,0.14910919405519962
484,1.2043567287903594,19.66704655445183,1,0.5364703700115311,0.5800008959380912,1.1198099050164088,0.47180449962615967,0.8815789222717285,0.9360902309417725,0.7444253192262262,0.04100498743355274,0.14851966314017773
485,1.214636310790202,19.674956881617998,1,0.5454391516381059,0.580710022872156,1.1196859305319187,0.47932329773902893,0.8853383660316467,0.9360902309417725,0.7449238916704275,0.04105277545750141,0.14539468381553888
486,1.2200279706598751,19.689226035630348,1,0.5518088615547376,0.5808031613503384,1.1188844694754936,0.47932329773902893,0.8872180581092834,0.9379699230194092,0.7449608240931063,0.04126414284110069,0.1463785395026207
487,1.2159084203204151,19.70359633587112,1,0.5530385269522307,0.5800587403651136,1.1183249345285307,0.48120301961898804,0.8872180581092834,0.9398496150970459,0.7445767172588176,0.04139135219156742,0.14961081836372614
488,1.2204578497757823,19.72043432168645,1,0.5513609947857011,0.5807981927384205,1.1194238883720173,0.4774436056613922,0.8853383660316467,0.9398496150970459,0.7449893363217848,0.04073099046945572,0.14539528358727694
489,1.2093515324926272,19.739221082250356,1,0.5461803802986703,0.5808176954856263,1.1196330143003566,0.4736842215061188,0.88345867395401,0.9398496150970459,0.744982726707091,0.043350575491786,0.1483779838308692
490,1.2157566602737178,19.75694734004515,1,0.5406630757352149,0.5799566785088965,1.1196159955499987,0.47932329773902893,0.88345867395401,0.9379699230194092,0.7445556398979475,0.041034406051039696,0.1475062957033515
491,1.2105063534896205,19.774994205543724,1,0.5360070245067271,0.5799681879937918,1.1200066984208854,0.4755639135837555,0.8796992301940918,0.9360902309417725,0.7445242205646074,0.04138127155601978,0.14943707920610905
492,1.213629224925809,19.79046477234822,1,0.5319493871811926,0.5800000486388792,1.1204141293026113,0.47180449962615967,0.8796992301940918,0.9360902309417725,0.7445187895108839,0.040947447530925274,0.14849425293505192
493,1.216289520364846,19.80252768903039,1,0.5302126673479057,0.5801234944637859,1.1200366410768023,0.47180449962615967,0.8815789222717285,0.9342105388641357,0.7445219344250401,0.04097551666200161,0.14747449569404125
494,1.2167265532904235,19.814585112932686,1,0.529104070203482,0.5799755960373494,1.1210449533994862,0.4736842215061188,0.8796992301940918,0.932330846786499,0.7445924559085841,0.04106529615819454,0.14700660295784473
495,1.2174906743237028,19.82868938819059,1,0.5289823028501908,0.5799499719242427,1.1211427294248784,0.46992480754852295,0.8796992301940918,0.9342105388641357,0.7445330123524626,0.041065486147999763,0.1484883427619934
496,1.2131420716435284,19.84243284480308,1,0.5310059315011517,0.5799831836276464,1.120744603366167,0.46992480754852295,0.8796992301940918,0.9360902309417725,0.7445791539586416,0.04151467978954315,0.1482558362185955
497,1.2178650117141547,19.857649155651202,1,0.5342547396612614,0.5799278644890881,1.1206839192177782,0.4755639135837555,0.8815789222717285,0.9360902309417725,0.7445905460970429,0.042184521444141865,0.14992142468690872
498,1.2196940381391586,19.871604766529025,1,0.538332325126317,0.580010403204719,1.1200755032006313,0.4736842215061188,0.8815789222717285,0.9379699230194092,0.7446324427862088,0.04169217869639397,0.15011820197105408
499,1.218856084654719,19.881956170146307,1,0.5403632412948188,0.5800591619729604,1.1196334546896736,0.4755639135837555,0.88345867395401,0.9360902309417725,0.7446496458159736,0.04160836897790432,0.14913627412170172
