iteration,loss,lengthscale,outputscale,likelyhood_noise,test_MAE,test_NLL,test_PICP50,test_PICP90,test_PICP95,test_RMSE,it_time_training,it_time
0,1.4110454320907593,2.4689173698425293,0.6443967223167419,0.644496738910675,0.6154189705848694,1.1918792724609375,0.6015384793281555,0.9538461565971375,0.9692307710647583,0.7791943550109863,0.350448502227664,0.6910748109221458
1,1.3897380828857422,2.647263765335083,0.5986858606338501,0.5983706116676331,0.6130973100662231,1.1721199750900269,0.6107692122459412,0.9538461565971375,0.9661538600921631,0.7741298675537109,0.04488241299986839,0.15174891520291567
2,1.3723465204238892,2.8338828086853027,0.5568928122520447,0.5550777316093445,0.607469916343689,1.153131127357483,0.6015384793281555,0.9384615421295166,0.9630769491195679,0.7676745653152466,0.04302328359335661,0.1495271697640419
3,1.3571630716323853,3.028156042098999,0.5203193426132202,0.5149855613708496,0.600517213344574,1.1357640027999878,0.5584615468978882,0.9338461756706238,0.9630769491195679,0.7601912617683411,0.0428974162787199,0.1492604836821556
4,1.3441917896270752,3.2284059524536133,0.4906426966190338,0.47873732447624207,0.594059407711029,1.121915578842163,0.5338461399078369,0.9215384721755981,0.9569230675697327,0.7531263828277588,0.04291446413844824,0.14912159368395805
5,1.334597110748291,3.431617021560669,0.4696207046508789,0.4474172294139862,0.5888411998748779,1.1117812395095825,0.5215384364128113,0.9123076796531677,0.9492307901382446,0.7466632127761841,0.04285081662237644,0.14979840721935034
6,1.3287614583969116,3.6334805488586426,0.4582076668739319,0.4225614070892334,0.584412157535553,1.1060426235198975,0.4984615445137024,0.9092307686805725,0.947692334651947,0.7416264414787292,0.04283674620091915,0.15109853260219097
7,1.325847864151001,3.828983783721924,0.4558858871459961,0.40564778447151184,0.581092894077301,1.103933572769165,0.48923078179359436,0.9030769467353821,0.9415384531021118,0.7381640076637268,0.042807466350495815,0.15127565059810877
8,1.324243426322937,4.013698577880859,0.46113455295562744,0.39717337489128113,0.577994167804718,1.1028196811676025,0.4753846228122711,0.8861538171768188,0.936923086643219,0.7354570031166077,0.042909434996545315,0.16646042559295893
9,1.322418212890625,4.185105323791504,0.4722934365272522,0.3963848948478699,0.5766069889068604,1.1027088165283203,0.4769230782985687,0.8861538171768188,0.936923086643219,0.7339315414428711,0.04287783429026604,0.16722751781344414
10,1.3195743560791016,4.342986106872559,0.48795053362846375,0.4019380807876587,0.5748617053031921,1.1014795303344727,0.48153847455978394,0.8907692432403564,0.9384615421295166,0.732536256313324,0.042870085686445236,0.16854078322649002
11,1.3156969547271729,4.48891544342041,0.5069307684898376,0.41252583265304565,0.5738338828086853,1.099961280822754,0.48769229650497437,0.892307698726654,0.9415384531021118,0.7316186428070068,0.04289668519049883,0.16859820298850536
12,1.311218500137329,4.62550163269043,0.5281776785850525,0.4270612597465515,0.5731741189956665,1.0982916355133057,0.4969230890274048,0.8938461542129517,0.9461538195610046,0.7309429049491882,0.04290932510048151,0.16848640330135822
13,1.3066837787628174,4.755784511566162,0.5506601929664612,0.4446195960044861,0.5723460912704468,1.0966131687164307,0.5015384554862976,0.9015384912490845,0.947692334651947,0.7303380370140076,0.042814175598323345,0.1684587150812149
14,1.3025531768798828,4.8828229904174805,0.573335587978363,0.4643329679965973,0.5712902545928955,1.094888687133789,0.4984615445137024,0.9046154022216797,0.9507692456245422,0.7294525504112244,0.04286531638354063,0.16997505817562342
15,1.299116849899292,5.009396076202393,0.5951696634292603,0.48531100153923035,0.5706445574760437,1.094063401222229,0.5046153664588928,0.9061538577079773,0.9523077011108398,0.7288369536399841,0.04297804366797209,0.17023405525833368
16,1.2964779138565063,5.137736797332764,0.6151988506317139,0.5066101551055908,0.5699271559715271,1.0933982133865356,0.5169230699539185,0.9076923131942749,0.9538461565971375,0.7279490232467651,0.042881506495177746,0.17017158679664135
17,1.2945764064788818,5.269363880157471,0.6326112747192383,0.5272547602653503,0.5693224668502808,1.093155860900879,0.5153846144676208,0.9169231057167053,0.9569230675697327,0.7270857095718384,0.043188681825995445,0.17014313582330942
18,1.2932437658309937,5.405092716217041,0.6468161940574646,0.5463018417358398,0.5685515403747559,1.0930041074752808,0.5246154069900513,0.9200000166893005,0.9569230675697327,0.7261137962341309,0.0428613955155015,0.16913421638309956
19,1.2922661304473877,5.545187950134277,0.6574790477752686,0.5629287958145142,0.5676896572113037,1.0925887823104858,0.5307692289352417,0.9276922941207886,0.9569230675697327,0.7247955799102783,0.04286519531160593,0.16977284010499716
20,1.2914376258850098,5.689513683319092,0.6645181179046631,0.576515793800354,0.567060649394989,1.0924617052078247,0.5307692289352417,0.9307692050933838,0.9584615230560303,0.7239124178886414,0.042896535247564316,0.1699673281982541
21,1.2905946969985962,5.837643146514893,0.6680701971054077,0.586699366569519,0.5666281580924988,1.0922638177871704,0.5276923179626465,0.9323077201843262,0.9599999785423279,0.7231960296630859,0.04284172598272562,0.17096733767539263
22,1.2896345853805542,5.98893404006958,0.6684421300888062,0.5933859348297119,0.5658565759658813,1.0910491943359375,0.5184615254402161,0.9307692050933838,0.9584615230560303,0.7219569683074951,0.042842875234782696,0.17061157058924437
23,1.2885202169418335,6.142577171325684,0.6660592555999756,0.5967310070991516,0.5655518174171448,1.0906670093536377,0.5153846144676208,0.9276922941207886,0.9584615230560303,0.7216252088546753,0.0428725266829133,0.17049801256507635
24,1.2872706651687622,6.297643184661865,0.6614187955856323,0.5970956683158875,0.5650965571403503,1.089346170425415,0.5153846144676208,0.926153838634491,0.9569230675697327,0.7207566499710083,0.04294960480183363,0.17123707383871078
25,1.285946249961853,6.453114986419678,0.655052125453949,0.5949962735176086,0.5649551749229431,1.088732123374939,0.5153846144676208,0.9230769276618958,0.9553846120834351,0.720567524433136,0.04290694557130337,0.17078354954719543
26,1.2846298217773438,6.607922554016113,0.6474937796592712,0.5910540819168091,0.5647323131561279,1.087754726409912,0.5184615254402161,0.9169231057167053,0.9523077011108398,0.7201575040817261,0.042935035191476345,0.17162195965647697
27,1.2834060192108154,6.760977745056152,0.6392578482627869,0.5859498381614685,0.5647103786468506,1.0873194932937622,0.5138461589813232,0.9169231057167053,0.9523077011108398,0.7201135158538818,0.044189040549099445,0.1732151424512267
28,1.282344937324524,6.9112114906311035,0.6308194398880005,0.5803815722465515,0.5647596120834351,1.0869567394256592,0.5076923370361328,0.9169231057167053,0.9507692456245422,0.7200593948364258,0.04292601440101862,0.17107871547341347
29,1.2814871072769165,7.057620048522949,0.6225995421409607,0.5750242471694946,0.5648217797279358,1.0869098901748657,0.5030769109725952,0.9153845906257629,0.9492307901382446,0.7201442122459412,0.042970203794538975,0.17162944003939629
30,1.2808374166488647,7.199310302734375,0.6149539351463318,0.5704887509346008,0.5652016997337341,1.0868685245513916,0.4984615445137024,0.9153845906257629,0.9492307901382446,0.720172643661499,0.04291225504130125,0.17294302582740784
31,1.2803653478622437,7.335550785064697,0.6081651449203491,0.5672831535339355,0.564903974533081,1.0872172117233276,0.5,0.9138461351394653,0.947692334651947,0.7203188538551331,0.04292232543230057,0.1727072987705469
32,1.2800147533416748,7.465804100036621,0.6024384498596191,0.5657784938812256,0.5655397176742554,1.0874818563461304,0.4953846037387848,0.9138461351394653,0.9461538195610046,0.7204914093017578,0.04300123453140259,0.16543799731880426
33,1.2797207832336426,7.589751243591309,0.5979022979736328,0.5661863088607788,0.5655007362365723,1.087862491607666,0.4969230890274048,0.9092307686805725,0.9461538195610046,0.7207291126251221,0.042895794846117496,0.1632230905815959
34,1.2794276475906372,7.707292079925537,0.5946125984191895,0.5685511231422424,0.5660611391067505,1.0882478952407837,0.4984615445137024,0.9107692241668701,0.944615364074707,0.7209420204162598,0.04285270534455776,0.16400605160742998
35,1.2791011333465576,7.81852912902832,0.5925623178482056,0.5727574825286865,0.5661405324935913,1.0887709856033325,0.5,0.9092307686805725,0.9461538195610046,0.7213348746299744,0.04287934489548206,0.16325228102505207
36,1.2787355184555054,7.923736095428467,0.5916918516159058,0.5785492658615112,0.5665168762207031,1.0889921188354492,0.4953846037387848,0.9092307686805725,0.9461538195610046,0.7215152382850647,0.04281915631145239,0.16249626874923706
37,1.2783491611480713,8.02331256866455,0.5919030904769897,0.5855559706687927,0.5668507218360901,1.0896575450897217,0.5030769109725952,0.9092307686805725,0.9461538195610046,0.7219951152801514,0.04281812533736229,0.16243295930325985
38,1.2779715061187744,8.117740631103516,0.5930721759796143,0.5933247804641724,0.5669787526130676,1.0899403095245361,0.5138461589813232,0.9107692241668701,0.9461538195610046,0.7221569418907166,0.04283429589122534,0.16388220340013504
39,1.277632713317871,8.207534790039062,0.5950621366500854,0.6013565063476562,0.5672198534011841,1.0903925895690918,0.5123077034950256,0.9107692241668701,0.947692334651947,0.7224178910255432,0.042896514758467674,0.1640855111181736
40,1.277353286743164,8.293204307556152,0.5977342128753662,0.6091445088386536,0.5675914883613586,1.0908355712890625,0.5076923370361328,0.9123076796531677,0.9492307901382446,0.7226625680923462,0.04286881536245346,0.16262188740074635
41,1.2771379947662354,8.37522029876709,0.6009567379951477,0.6162155866622925,0.5677239298820496,1.0912163257598877,0.5123077034950256,0.9123076796531677,0.9492307901382446,0.7228492498397827,0.04280476551502943,0.1552983671426773
42,1.2769759893417358,8.453993797302246,0.6046123504638672,0.6221686601638794,0.5678884983062744,1.0916156768798828,0.5138461589813232,0.9153845906257629,0.9507692456245422,0.7230358123779297,0.04281274601817131,0.15522958803921938
43,1.2768484354019165,8.52985954284668,0.6086028218269348,0.6267067193984985,0.5681950449943542,1.0918631553649902,0.5092307925224304,0.9138461351394653,0.9507692456245422,0.7231099009513855,0.04281860589981079,0.15513604879379272
44,1.2767314910888672,8.603071212768555,0.6128515601158142,0.6296578645706177,0.5681276321411133,1.092231035232544,0.5138461589813232,0.9153845906257629,0.9507692456245422,0.7233388423919678,0.04284978471696377,0.15453468449413776
45,1.2766062021255493,8.673802375793457,0.6173046231269836,0.6309837102890015,0.5684667825698853,1.0923413038253784,0.510769248008728,0.9153845906257629,0.9507692456245422,0.7233625054359436,0.04278505686670542,0.1559036709368229
46,1.2764619588851929,8.742148399353027,0.6219296455383301,0.6307740211486816,0.5683531165122986,1.0925792455673218,0.510769248008728,0.9153845906257629,0.9507692456245422,0.7235617637634277,0.042849295772612095,0.15539476554840803
47,1.2762970924377441,8.808140754699707,0.6267132759094238,0.6292306184768677,0.5684455633163452,1.0925214290618896,0.5061538219451904,0.9153845906257629,0.9507692456245422,0.7235440015792847,0.04305299371480942,0.15538478642702103
48,1.2761187553405762,8.871759414672852,0.6316578388214111,0.6266428232192993,0.5685100555419922,1.0924454927444458,0.5046153664588928,0.9153845906257629,0.9507692456245422,0.723527193069458,0.042908904142677784,0.15602512005716562
49,1.2759387493133545,8.932950019836426,0.6367763876914978,0.6233574748039246,0.56855309009552,1.0924171209335327,0.5046153664588928,0.9153845906257629,0.9492307901382446,0.72354656457901,0.04279957618564367,0.15589800011366606
50,1.2757699489593506,8.991637229919434,0.6420875191688538,0.6197475790977478,0.5685297250747681,1.0924322605133057,0.5076923370361328,0.9153845906257629,0.9492307901382446,0.7235748171806335,0.042839165776968,0.1566833220422268
51,1.275621771812439,9.047752380371094,0.6476100087165833,0.6161800622940063,0.56858891248703,1.0922300815582275,0.5061538219451904,0.9138461351394653,0.947692334651947,0.7234585285186768,0.04291166551411152,0.15531921666115522
52,1.2754976749420166,9.101241111755371,0.6533573269844055,0.6129864454269409,0.5685626268386841,1.092352032661438,0.5061538219451904,0.9138461351394653,0.9461538195610046,0.7235409021377563,0.042917984537780285,0.15790848806500435
53,1.2753952741622925,9.152088165283203,0.6593325734138489,0.6104378700256348,0.5687036514282227,1.092121958732605,0.5046153664588928,0.9138461351394653,0.9461538195610046,0.7233701348304749,0.0429399237036705,0.1566919619217515
54,1.2753078937530518,9.200324058532715,0.6655250191688538,0.6087258458137512,0.568699300289154,1.0921319723129272,0.5046153664588928,0.9138461351394653,0.947692334651947,0.7233591675758362,0.04287830553948879,0.1560473395511508
55,1.2752267122268677,9.246033668518066,0.6719077825546265,0.6079515814781189,0.5686079263687134,1.092292308807373,0.5046153664588928,0.9138461351394653,0.9461538195610046,0.7234442234039307,0.042839886620640755,0.15659109316766262
56,1.275144338607788,9.289360046386719,0.6784371137619019,0.6081234812736511,0.5686489939689636,1.0922704935073853,0.5046153664588928,0.9138461351394653,0.947692334651947,0.7234025001525879,0.04281815513968468,0.15701500792056322
57,1.2750576734542847,9.330495834350586,0.6850542426109314,0.6091631054878235,0.5687179565429688,1.0922425985336304,0.5061538219451904,0.9123076796531677,0.947692334651947,0.7233482003211975,0.04288571514189243,0.1567986197769642
58,1.2749675512313843,9.369673728942871,0.6916877627372742,0.6109181642532349,0.5686827898025513,1.0922566652297974,0.5061538219451904,0.9123076796531677,0.947692334651947,0.7233235836029053,0.04281173553317785,0.15657469257712364
59,1.2748781442642212,9.407153129577637,0.6982589960098267,0.6131817698478699,0.5687534809112549,1.0922027826309204,0.5061538219451904,0.9123076796531677,0.947692334651947,0.7232483625411987,0.042813836596906185,0.15657543297857046
60,1.2747944593429565,9.443201065063477,0.70468670129776,0.6157148480415344,0.5687970519065857,1.0921721458435059,0.5076923370361328,0.9138461351394653,0.947692334651947,0.7231799364089966,0.042848496697843075,0.15661691315472126
61,1.2747209072113037,9.478076934814453,0.7108924388885498,0.6182708740234375,0.5687798857688904,1.0921777486801147,0.5076923370361328,0.9138461351394653,0.9492307901382446,0.7231353521347046,0.04288772493600845,0.1571407662704587
62,1.2746591567993164,9.512016296386719,0.7168065905570984,0.620618999004364,0.5688343048095703,1.0921837091445923,0.5076923370361328,0.9138461351394653,0.9492307901382446,0.7230898141860962,0.04280939605087042,0.15867049060761929
63,1.2746084928512573,9.545219421386719,0.7223717570304871,0.6225660443305969,0.5688082575798035,1.0923155546188354,0.5076923370361328,0.9153845906257629,0.9492307901382446,0.7231425642967224,0.04329961072653532,0.15717416536062956
64,1.2745660543441772,9.577837944030762,0.7275465726852417,0.6239718198776245,0.5689049363136292,1.0922235250473022,0.5061538219451904,0.9153845906257629,0.9492307901382446,0.7230333685874939,0.042849136516451836,0.1567917913198471
65,1.2745277881622314,9.609976768493652,0.7323070764541626,0.6247598528862,0.5689035058021545,1.0922491550445557,0.5061538219451904,0.9153845906257629,0.9507692456245422,0.723024308681488,0.04283461533486843,0.15668552182614803
66,1.2744905948638916,9.641691207885742,0.7366471886634827,0.6249203085899353,0.5689367651939392,1.0922404527664185,0.5061538219451904,0.9153845906257629,0.9507692456245422,0.7229793071746826,0.042811715975403786,0.15702470764517784
67,1.2744519710540771,9.672986030578613,0.7405775189399719,0.624505877494812,0.568920910358429,1.092193841934204,0.5061538219451904,0.9153845906257629,0.9492307901382446,0.7229583859443665,0.04280747566372156,0.15651054307818413
68,1.2744125127792358,9.703832626342773,0.7441229224205017,0.6236221790313721,0.5689196586608887,1.0921770334243774,0.5030769109725952,0.9153845906257629,0.9492307901382446,0.7229238748550415,0.042867775075137615,0.15714481752365828
69,1.2743735313415527,9.734169006347656,0.7473196387290955,0.6224137544631958,0.5689501166343689,1.0920690298080444,0.5046153664588928,0.9153845906257629,0.947692334651947,0.7228315472602844,0.0428596455603838,0.1567928809672594
70,1.274336338043213,9.76391315460205,0.7502108812332153,0.621046245098114,0.5688717365264893,1.0921292304992676,0.5030769109725952,0.9153845906257629,0.9492307901382446,0.7228900790214539,0.042809066362679005,0.15655931364744902
71,1.274302363395691,9.792977333068848,0.7528432011604309,0.6196886301040649,0.5689479112625122,1.091937780380249,0.5046153664588928,0.9153845906257629,0.947692334651947,0.7227347493171692,0.042835164815187454,0.15671164076775312
72,1.27427339553833,9.821280479431152,0.7552623748779297,0.6184960007667542,0.5688977241516113,1.0919228792190552,0.5030769109725952,0.9153845906257629,0.947692334651947,0.7227277755737305,0.04277574643492699,0.15676057152450085
73,1.274247646331787,9.848751068115234,0.7575097680091858,0.6175947785377502,0.5689254999160767,1.091850996017456,0.5030769109725952,0.9138461351394653,0.947692334651947,0.7226475477218628,0.04293105471879244,0.15672458056360483
74,1.2742247581481934,9.875340461730957,0.7596200704574585,0.6170720458030701,0.5689525604248047,1.091783881187439,0.5015384554862976,0.9123076796531677,0.947692334651947,0.7226014733314514,0.04284133482724428,0.15699755772948265
75,1.2742021083831787,9.90102767944336,0.7616191506385803,0.6169691681861877,0.5688647627830505,1.091907262802124,0.5015384554862976,0.9123076796531677,0.947692334651947,0.7226722836494446,0.04280824586749077,0.15656202286481857
76,1.274179220199585,9.92581844329834,0.7635235786437988,0.6172808408737183,0.5688583254814148,1.0920071601867676,0.5015384554862976,0.9123076796531677,0.947692334651947,0.7227237224578857,0.04283014591783285,0.1566457012668252
77,1.2741554975509644,9.94974136352539,0.765341579914093,0.6179590821266174,0.5690772533416748,1.091964602470398,0.5030769109725952,0.9123076796531677,0.9492307901382446,0.7226836681365967,0.04280910640954971,0.15609399881213903
78,1.274131178855896,9.972847938537598,0.7670735716819763,0.6189212203025818,0.5690098404884338,1.091880202293396,0.5030769109725952,0.9138461351394653,0.9492307901382446,0.7226020097732544,0.042847516015172005,0.15590583998709917
79,1.274106502532959,9.995203971862793,0.7687152624130249,0.6200607419013977,0.5689932703971863,1.091756820678711,0.5015384554862976,0.9138461351394653,0.9492307901382446,0.7224563360214233,0.04277277737855911,0.15708277840167284
80,1.2740819454193115,10.016880989074707,0.7702590823173523,0.6212602257728577,0.5689302682876587,1.0918112993240356,0.5,0.9138461351394653,0.9492307901382446,0.7224848866462708,0.043209781870245934,0.15630443673580885
81,1.274059534072876,10.037946701049805,0.7716975212097168,0.622404932975769,0.5688921809196472,1.0917555093765259,0.5,0.9138461351394653,0.9492307901382446,0.7223979830741882,0.04282773658633232,0.15591798070818186
82,1.274038314819336,10.058464050292969,0.7730249166488647,0.6233947277069092,0.5688841342926025,1.0915511846542358,0.5061538219451904,0.9138461351394653,0.9492307901382446,0.7222233414649963,0.04280765634030104,0.15592026058584452
83,1.274017572402954,10.07848072052002,0.7742391228675842,0.6241536736488342,0.5690255761146545,1.092732548713684,0.5046153664588928,0.9138461351394653,0.9492307901382446,0.7231136560440063,0.04278173577040434,0.15658989362418652
84,1.2739977836608887,10.098028182983398,0.7753430008888245,0.6246365308761597,0.5687942504882812,1.0917173624038696,0.5030769109725952,0.9138461351394653,0.9492307901382446,0.7223328948020935,0.042792195454239845,0.15652943402528763
85,1.2739779949188232,10.117118835449219,0.7763445377349854,0.6248313784599304,0.5687960386276245,1.0916825532913208,0.5046153664588928,0.9138461351394653,0.9492307901382446,0.7222508788108826,0.042924134992063046,0.15599499829113483
86,1.2739572525024414,10.135750770568848,0.7772565484046936,0.6247581243515015,0.5687898397445679,1.0917314291000366,0.5015384554862976,0.9138461351394653,0.9492307901382446,0.7223097681999207,0.042878974229097366,0.15599008928984404
87,1.2739360332489014,10.15390682220459,0.7780958414077759,0.6244635581970215,0.5688143372535706,1.091739296913147,0.5061538219451904,0.9138461351394653,0.9492307901382446,0.7222950458526611,0.04279543645679951,0.1564234448596835
88,1.27391517162323,10.171560287475586,0.7788814902305603,0.6240144968032837,0.5688957571983337,1.0917913913726807,0.5061538219451904,0.9138461351394653,0.9492307901382446,0.7223129868507385,0.04294528532773256,0.15692316927015781
89,1.2738937139511108,10.188681602478027,0.779633641242981,0.6234880685806274,0.568939745426178,1.0918923616409302,0.5061538219451904,0.9138461351394653,0.9492307901382446,0.72237628698349,0.04284003563225269,0.15594191942363977
90,1.2738726139068604,10.205243110656738,0.7803713083267212,0.6229620575904846,0.56861811876297,1.091804027557373,0.5061538219451904,0.9138461351394653,0.9492307901382446,0.7223191857337952,0.04275187663733959,0.15647083427757025
91,1.2738525867462158,10.221221923828125,0.7811108827590942,0.6225066781044006,0.5686078071594238,1.091850996017456,0.5061538219451904,0.9138461351394653,0.9492307901382446,0.7223556041717529,0.04279528558254242,0.15661914180964231
92,1.2738322019577026,10.236608505249023,0.7818647027015686,0.6221760511398315,0.5686137676239014,1.091660499572754,0.5030769109725952,0.9153845906257629,0.9492307901382446,0.7221720218658447,0.042862954549491405,0.15676125138998032
93,1.2738114595413208,10.25140380859375,0.7826404571533203,0.6220039129257202,0.5686001181602478,1.0917285680770874,0.5015384554862976,0.9153845906257629,0.9492307901382446,0.722181499004364,0.0428702961653471,0.15672413259744644
94,1.2737905979156494,10.265626907348633,0.7834401726722717,0.6220009922981262,0.5686348676681519,1.0914942026138306,0.5015384554862976,0.9123076796531677,0.9492307901382446,0.7220525741577148,0.04279342666268349,0.1566380225121975
95,1.273769497871399,10.27931022644043,0.7842612266540527,0.622156023979187,0.5686370730400085,1.091461420059204,0.5015384554862976,0.9123076796531677,0.9492307901382446,0.722000241279602,0.04281781613826752,0.15692117903381586
96,1.273747205734253,10.292499542236328,0.7850964069366455,0.6224381923675537,0.5685827732086182,1.091586947441101,0.5015384554862976,0.9123076796531677,0.9492307901382446,0.7220338582992554,0.04295024462044239,0.1569806383922696
97,1.2737244367599487,10.30524730682373,0.7859352231025696,0.6228026151657104,0.568569540977478,1.0914535522460938,0.5,0.9123076796531677,0.9492307901382446,0.7219699621200562,0.04289125557988882,0.15673696156591177
98,1.2737014293670654,10.31761646270752,0.7867652773857117,0.6231969594955444,0.5685634016990662,1.0913636684417725,0.5015384554862976,0.9123076796531677,0.9492307901382446,0.721860945224762,0.04280679672956467,0.15654843393713236
99,1.2736775875091553,10.329668045043945,0.7875736355781555,0.6235679388046265,0.5684958696365356,1.0914582014083862,0.4984615445137024,0.9123076796531677,0.9492307901382446,0.7218620181083679,0.04281178582459688,0.15657651331275702
100,1.273653268814087,10.341464042663574,0.7883480191230774,0.6238681674003601,0.5685001015663147,1.0912092924118042,0.4984615445137024,0.9123076796531677,0.9492307901382446,0.7216784358024597,0.04275240749120712,0.15646913461387157
101,1.2736284732818604,10.35306167602539,0.7890779376029968,0.6240612268447876,0.5683862566947937,1.0913112163543701,0.4984615445137024,0.9123076796531677,0.9492307901382446,0.7217308878898621,0.04275444708764553,0.15662499237805605
102,1.2736029624938965,10.364509582519531,0.789755642414093,0.6241253614425659,0.5683586001396179,1.0910428762435913,0.4969230890274048,0.9123076796531677,0.9492307901382446,0.7215359210968018,0.04279915522783995,0.15659866202622652
103,1.2735761404037476,10.375853538513184,0.7903759479522705,0.6240547895431519,0.5681936144828796,1.091401219367981,0.5015384554862976,0.9107692241668701,0.9492307901382446,0.7217104434967041,0.042741565965116024,0.1565146129578352
104,1.273549199104309,10.387130737304688,0.7909367084503174,0.6238595247268677,0.5681331157684326,1.0910934209823608,0.4984615445137024,0.9107692241668701,0.9492307901382446,0.7215116024017334,0.04283090587705374,0.15660592261701822
105,1.2735213041305542,10.398374557495117,0.7914379835128784,0.6235628724098206,0.5679989457130432,1.0912871360778809,0.5015384554862976,0.9107692241668701,0.9492307901382446,0.721576988697052,0.04274573735892773,0.15639946516603231
106,1.2734918594360352,10.409616470336914,0.7918815612792969,0.6231970191001892,0.5679377913475037,1.0908989906311035,0.5,0.9107692241668701,0.9492307901382446,0.7212933301925659,0.042760856449604034,0.15650822408497334
107,1.2734627723693848,10.420886993408203,0.7922698855400085,0.622799277305603,0.567809522151947,1.090912103652954,0.5030769109725952,0.9107692241668701,0.9492307901382446,0.7212848663330078,0.042822396382689476,0.1564857941120863
108,1.2734333276748657,10.432221412658691,0.7926054000854492,0.6224068403244019,0.5677275061607361,1.0905578136444092,0.5,0.9123076796531677,0.9492307901382446,0.7210329174995422,0.04273621737957001,0.15650846436619759
109,1.2734038829803467,10.443660736083984,0.7928894758224487,0.6220521330833435,0.5676100254058838,1.090468168258667,0.5,0.9123076796531677,0.9492307901382446,0.7209146022796631,0.04278944618999958,0.15657101292163134
110,1.2733746767044067,10.45525074005127,0.7931221723556519,0.6217596530914307,0.5674982070922852,1.0905276536941528,0.5015384554862976,0.9123076796531677,0.9492307901382446,0.720905601978302,0.04277856554836035,0.15653155278414488
111,1.2733465433120728,10.467042922973633,0.7933012843132019,0.6215439438819885,0.5673933029174805,1.090311050415039,0.5030769109725952,0.9123076796531677,0.9507692456245422,0.7207426428794861,0.04275608714669943,0.15651194471865892
112,1.2733190059661865,10.479095458984375,0.7934231758117676,0.6214087605476379,0.5673051476478577,1.0901273488998413,0.5030769109725952,0.9123076796531677,0.9507692456245422,0.7205766439437866,0.04283015616238117,0.15661420300602913
113,1.2732930183410645,10.491469383239746,0.7934823632240295,0.621347963809967,0.5672017931938171,1.0900588035583496,0.5015384554862976,0.9123076796531677,0.9507692456245422,0.7204963564872742,0.0427215276286006,0.15647123474627733
114,1.2732685804367065,10.50422477722168,0.7934727668762207,0.6213478446006775,0.5671294927597046,1.0897858142852783,0.5030769109725952,0.9138461351394653,0.9507692456245422,0.7202810049057007,0.042774456553161144,0.15654486324638128
115,1.27324640750885,10.517416954040527,0.7933884263038635,0.6213898658752441,0.5670005083084106,1.0900962352752686,0.5046153664588928,0.9138461351394653,0.9523077011108398,0.7204990983009338,0.042793646454811096,0.1565306531265378
116,1.2732257843017578,10.53109359741211,0.7932246923446655,0.6214538812637329,0.5669395923614502,1.0899254083633423,0.5046153664588928,0.9123076796531677,0.9523077011108398,0.7203304767608643,0.042767586186528206,0.15658511314541101
117,1.2732070684432983,10.5452880859375,0.7929789423942566,0.6215214133262634,0.5668584704399109,1.0900133848190308,0.5046153664588928,0.9123076796531677,0.9523077011108398,0.7203559279441833,0.04278279561549425,0.15646736416965723
118,1.2731900215148926,10.560020446777344,0.7926520705223083,0.6215785145759583,0.5668519139289856,1.0895113945007324,0.5046153664588928,0.9123076796531677,0.9523077011108398,0.7199561595916748,0.04276522621512413,0.15650683268904686
119,1.2731752395629883,10.575286865234375,0.7922487258911133,0.6216177344322205,0.5668165683746338,1.089586615562439,0.5046153664588928,0.9123076796531677,0.9523077011108398,0.7199940085411072,0.04276068601757288,0.1564741637557745
120,1.273160457611084,10.591068267822266,0.7917780876159668,0.6216382384300232,0.5667908787727356,1.089911699295044,0.5030769109725952,0.9123076796531677,0.9523077011108398,0.7201915979385376,0.042762466706335545,0.15652077365666628
121,1.273146152496338,10.60732364654541,0.7912534475326538,0.6216456890106201,0.5667983293533325,1.09000563621521,0.5030769109725952,0.9123076796531677,0.9523077011108398,0.7203198075294495,0.042741266079247,0.15647782385349274
122,1.2731322050094604,10.623995780944824,0.7906920909881592,0.6216511130332947,0.5668042302131653,1.0894432067871094,0.5030769109725952,0.9123076796531677,0.9523077011108398,0.7198492288589478,0.04278687573969364,0.1565300039947033
123,1.2731176614761353,10.641010284423828,0.7901148200035095,0.6216684579849243,0.5668576955795288,1.0897337198257446,0.5030769109725952,0.9123076796531677,0.9523077011108398,0.720054566860199,0.04277404770255089,0.15643165539950132
124,1.273102879524231,10.658281326293945,0.7895441651344299,0.621712327003479,0.5668769478797913,1.0894639492034912,0.5030769109725952,0.9123076796531677,0.9523077011108398,0.7198310494422913,0.042822386138141155,0.1565798530355096
125,1.273087501525879,10.675715446472168,0.7890037298202515,0.6217953562736511,0.5669529438018799,1.0897794961929321,0.5015384554862976,0.9123076796531677,0.9523077011108398,0.7201018333435059,0.04275220725685358,0.15638908557593822
126,1.273072361946106,10.693215370178223,0.7885169386863708,0.6219261884689331,0.5669929385185242,1.0895031690597534,0.5046153664588928,0.9123076796531677,0.9523077011108398,0.719878613948822,0.042836856096982956,0.15741724334657192
127,1.2730567455291748,10.710683822631836,0.7881057262420654,0.6221078634262085,0.5663307309150696,1.0888502597808838,0.5046153664588928,0.9123076796531677,0.9523077011108398,0.7193407416343689,0.043232131749391556,0.15631926618516445
128,1.2730413675308228,10.72802734375,0.7877893447875977,0.6223371028900146,0.5664125680923462,1.0890010595321655,0.5061538219451904,0.9123076796531677,0.9523077011108398,0.7194392681121826,0.0427808566018939,0.15586226154118776
129,1.2730261087417603,10.745157241821289,0.7875838875770569,0.6226045489311218,0.5664891600608826,1.089066505432129,0.5046153664588928,0.9123076796531677,0.9523077011108398,0.7194916009902954,0.04268806707113981,0.15561268292367458
130,1.2730121612548828,10.761998176574707,0.7875016331672668,0.6228960752487183,0.5665558576583862,1.0890461206436157,0.5046153664588928,0.9123076796531677,0.9523077011108398,0.7195037007331848,0.042707618325948715,0.15562065411359072
131,1.2729990482330322,10.778484344482422,0.7875509262084961,0.6231943368911743,0.5666478872299194,1.0891695022583008,0.5046153664588928,0.9123076796531677,0.9523077011108398,0.7195863723754883,0.04276340547949076,0.15568697173148394
132,1.2729865312576294,10.794561386108398,0.7877359390258789,0.6234807968139648,0.566717267036438,1.0892000198364258,0.5061538219451904,0.9123076796531677,0.9523077011108398,0.7196143269538879,0.04273479524999857,0.15574113186448812
133,1.2729744911193848,10.81019115447998,0.7880570888519287,0.6237376928329468,0.5667641162872314,1.0891822576522827,0.5030769109725952,0.9123076796531677,0.9523077011108398,0.7195767164230347,0.04276288580149412,0.15572921186685562
134,1.272963523864746,10.82534408569336,0.788511335849762,0.6239506006240845,0.5668269991874695,1.089165449142456,0.5030769109725952,0.9123076796531677,0.9523077011108398,0.7195780873298645,0.04277999605983496,0.15577645227313042
135,1.272952675819397,10.840009689331055,0.7890925407409668,0.6241092681884766,0.5669025778770447,1.0893335342407227,0.5061538219451904,0.9123076796531677,0.9523077011108398,0.7197285890579224,0.042714716866612434,0.1557460017502308
136,1.2729425430297852,10.854185104370117,0.7897917628288269,0.624208927154541,0.5669344663619995,1.08928644657135,0.5046153664588928,0.9123076796531677,0.9523077011108398,0.7196794748306274,0.04273827653378248,0.1558221010491252
137,1.2729326486587524,10.867881774902344,0.7905977964401245,0.624250590801239,0.5669792890548706,1.0894007682800293,0.5061538219451904,0.9123076796531677,0.9523077011108398,0.7197653651237488,0.042735036462545395,0.1557688219472766
138,1.272922396659851,10.881120681762695,0.791497528553009,0.6242398619651794,0.5670015215873718,1.0893019437789917,0.5046153664588928,0.9123076796531677,0.9523077011108398,0.7196770906448364,0.04276600666344166,0.1557876616716385
139,1.2729133367538452,10.89393138885498,0.7924760580062866,0.6241868138313293,0.5670633316040039,1.0895164012908936,0.5061538219451904,0.9123076796531677,0.9523077011108398,0.7198634147644043,0.042763167060911655,0.1557640926912427
140,1.2729040384292603,10.906354904174805,0.7935174703598022,0.6241036653518677,0.5670461058616638,1.089282751083374,0.5061538219451904,0.9123076796531677,0.9523077011108398,0.7196848392486572,0.042752296663820744,0.15566332265734673
141,1.272894263267517,10.918434143066406,0.794604480266571,0.6240032911300659,0.5670588612556458,1.0892822742462158,0.5061538219451904,0.9123076796531677,0.9523077011108398,0.7196872234344482,0.04271623678505421,0.15575044229626656
142,1.2728853225708008,10.930221557617188,0.7957195043563843,0.6238980889320374,0.5670552849769592,1.0892566442489624,0.5046153664588928,0.9123076796531677,0.9523077011108398,0.7196522951126099,0.0427688667550683,0.15576614253222942
143,1.272876501083374,10.941770553588867,0.796844482421875,0.6237983703613281,0.567078173160553,1.0893653631210327,0.5061538219451904,0.9123076796531677,0.9523077011108398,0.7197359800338745,0.04278719611465931,0.15581681206822395
144,1.2728679180145264,10.953137397766113,0.797961413860321,0.6237115263938904,0.5670534372329712,1.089189052581787,0.5061538219451904,0.9123076796531677,0.9523077011108398,0.7196221947669983,0.04273824580013752,0.15567212272435427
145,1.2728593349456787,10.964377403259277,0.7990531921386719,0.6236416101455688,0.5677458643913269,1.0909134149551392,0.5046153664588928,0.9123076796531677,0.9523077011108398,0.7209306359291077,0.0427136467769742,0.15643033478409052
146,1.2728513479232788,10.975543022155762,0.8001038432121277,0.6235899925231934,0.567738950252533,1.0908355712890625,0.5046153664588928,0.9123076796531677,0.9523077011108398,0.7208754420280457,0.0427356269210577,0.1565563539043069
147,1.272843360900879,10.986682891845703,0.8010990023612976,0.6235549449920654,0.5677345991134644,1.0907410383224487,0.5030769109725952,0.9123076796531677,0.9523077011108398,0.720813512802124,0.04274571593850851,0.15635884553194046
148,1.2728362083435059,10.997838020324707,0.8020266890525818,0.6235337257385254,0.5677367448806763,1.0907807350158691,0.5030769109725952,0.9123076796531677,0.9523077011108398,0.7208492755889893,0.04270625673234463,0.1563902348279953
149,1.2728289365768433,11.009042739868164,0.8028774857521057,0.6235226392745972,0.567682147026062,1.0902512073516846,0.5015384554862976,0.9123076796531677,0.9523077011108398,0.7204004526138306,0.04271199740469456,0.15703414846211672
150,1.2728221416473389,11.020320892333984,0.8036452531814575,0.6235182285308838,0.5677741169929504,1.0907011032104492,0.5061538219451904,0.9123076796531677,0.9523077011108398,0.7207936644554138,0.04274851642549038,0.15719842538237572
151,1.2728160619735718,11.03168773651123,0.8043268322944641,0.623518168926239,0.5676642060279846,1.0899399518966675,0.5015384554862976,0.9123076796531677,0.9523077011108398,0.7201814651489258,0.04275843687355518,0.15650083404034376
152,1.2728090286254883,11.043148040771484,0.8049221038818359,0.6235209107398987,0.5677570700645447,1.0907540321350098,0.5030769109725952,0.9123076796531677,0.9523077011108398,0.7207878232002258,0.04298647399991751,0.15756097249686718
153,1.2728022336959839,11.054697036743164,0.8054342865943909,0.6235268115997314,0.5677834153175354,1.0908939838409424,0.5046153664588928,0.9123076796531677,0.9523077011108398,0.7209396958351135,0.04288574494421482,0.1563454857096076
154,1.2727962732315063,11.066323280334473,0.8058690428733826,0.6235373616218567,0.5677422881126404,1.0902340412139893,0.5015384554862976,0.9123076796531677,0.9523077011108398,0.7203728556632996,0.04277733527123928,0.15656415279954672
155,1.2727904319763184,11.078006744384766,0.8062343597412109,0.6235552430152893,0.5678005218505859,1.0906193256378174,0.5030769109725952,0.9123076796531677,0.9523077011108398,0.7207129597663879,0.042782045900821686,0.15646925382316113
156,1.2727841138839722,11.0897216796875,0.8065401315689087,0.6235829591751099,0.5678337216377258,1.0908780097961426,0.5030769109725952,0.9123076796531677,0.9523077011108398,0.7209062576293945,0.04277788568288088,0.15718389581888914
157,1.2727782726287842,11.101441383361816,0.8067967295646667,0.6236230134963989,0.5678443312644958,1.090761661529541,0.5030769109725952,0.9123076796531677,0.9523077011108398,0.7208105325698853,0.04278320539742708,0.15645601507276297
158,1.2727726697921753,11.113133430480957,0.8070156574249268,0.6236765384674072,0.5678811073303223,1.0908182859420776,0.5030769109725952,0.9123076796531677,0.9523077011108398,0.7208644151687622,0.04274796601384878,0.15634898468852043
159,1.2727665901184082,11.124767303466797,0.8072081804275513,0.6237432956695557,0.5678510665893555,1.0902658700942993,0.5015384554862976,0.9123076796531677,0.9523077011108398,0.7203967571258545,0.04276239685714245,0.1565081737935543
160,1.2727611064910889,11.136314392089844,0.807384729385376,0.6238216757774353,0.5679311752319336,1.090900182723999,0.5046153664588928,0.9123076796531677,0.9523077011108398,0.7209563851356506,0.042742276564240456,0.15647605434060097
161,1.2727558612823486,11.147747993469238,0.8075551986694336,0.6239086985588074,0.5679468512535095,1.0910093784332275,0.5061538219451904,0.9123076796531677,0.9523077011108398,0.7209740877151489,0.042806996032595634,0.1571309668943286
162,1.2727504968643188,11.159045219421387,0.8077282905578613,0.6240001916885376,0.5679680109024048,1.0907914638519287,0.5030769109725952,0.9123076796531677,0.9523077011108398,0.7208266854286194,0.042708938010036945,0.1564349252730608
163,1.2727458477020264,11.170185089111328,0.8079113960266113,0.6240915060043335,0.5680055618286133,1.0911097526550293,0.5061538219451904,0.9123076796531677,0.9523077011108398,0.7210932374000549,0.04274514690041542,0.15691123995929956
164,1.2727408409118652,11.18115520477295,0.8081101775169373,0.6241778135299683,0.5679959058761597,1.0906639099121094,0.5046153664588928,0.9123076796531677,0.9523077011108398,0.7206481695175171,0.04276118613779545,0.1564128641039133
165,1.272735834121704,11.191943168640137,0.8083292841911316,0.6242549419403076,0.5679963231086731,1.0905674695968628,0.5030769109725952,0.9123076796531677,0.9523077011108398,0.7206511497497559,0.04278758633881807,0.15733922459185123
166,1.272731065750122,11.202545166015625,0.8085716962814331,0.6243196129798889,0.5680282115936279,1.0906238555908203,0.5046153664588928,0.9123076796531677,0.9523077011108398,0.7206869125366211,0.04279858618974686,0.1564830243587494
167,1.2727267742156982,11.212957382202148,0.8088393211364746,0.6243702173233032,0.5680522918701172,1.09104585647583,0.5061538219451904,0.9123076796531677,0.9523077011108398,0.7210515141487122,0.04272439703345299,0.15715122688561678
168,1.272721767425537,11.223185539245605,0.8091326951980591,0.6244063973426819,0.5680570006370544,1.0910773277282715,0.5061538219451904,0.9123076796531677,0.9523077011108398,0.7210726141929626,0.04268266726285219,0.15641838498413563
169,1.2727171182632446,11.233230590820312,0.8094515800476074,0.6244292855262756,0.568108081817627,1.091185450553894,0.5061538219451904,0.9123076796531677,0.9523077011108398,0.7211316823959351,0.04276503622531891,0.15643485449254513
170,1.2727129459381104,11.243104934692383,0.809794545173645,0.624441385269165,0.5680146813392639,1.0902717113494873,0.5046153664588928,0.9138461351394653,0.9523077011108398,0.7204346656799316,0.042766325175762177,0.15663170162588358
171,1.2727084159851074,11.252817153930664,0.8101596236228943,0.6244457960128784,0.5680958032608032,1.091102957725525,0.5061538219451904,0.9123076796531677,0.9523077011108398,0.721074640750885,0.04279573634266853,0.1572688352316618
172,1.2727041244506836,11.262381553649902,0.810543954372406,0.6244459748268127,0.5681469440460205,1.091176152229309,0.5076923370361328,0.9123076796531677,0.9523077011108398,0.7211281657218933,0.042752936482429504,0.157161477021873
173,1.2727000713348389,11.271808624267578,0.8109443783760071,0.6244453191757202,0.5681224465370178,1.0912373065948486,0.5076923370361328,0.9123076796531677,0.9523077011108398,0.7211527228355408,0.04279180709272623,0.15648410376161337
174,1.2726956605911255,11.28111457824707,0.8113572001457214,0.624446451663971,0.5681244134902954,1.0910207033157349,0.5046153664588928,0.9123076796531677,0.9523077011108398,0.7209999561309814,0.04282249603420496,0.1565730832517147
175,1.2726914882659912,11.290313720703125,0.811778724193573,0.6244512796401978,0.5681034922599792,1.090698480606079,0.5046153664588928,0.9123076796531677,0.9523077011108398,0.7207489609718323,0.042775106616318226,0.15725319553166628
176,1.2726874351501465,11.299418449401855,0.8122050762176514,0.6244609355926514,0.5680446028709412,1.0903198719024658,0.5046153664588928,0.9138461351394653,0.9523077011108398,0.7204297184944153,0.04284788575023413,0.15654467418789864
177,1.2726835012435913,11.308442115783691,0.8126327395439148,0.624475359916687,0.568146824836731,1.0910850763320923,0.5076923370361328,0.9123076796531677,0.9523077011108398,0.7210843563079834,0.04280694667249918,0.15654542297124863
178,1.2726795673370361,11.31739616394043,0.8130582571029663,0.624494194984436,0.5681588053703308,1.0910892486572266,0.5061538219451904,0.9123076796531677,0.9523077011108398,0.721064031124115,0.042729366570711136,0.15638781525194645
179,1.272675633430481,11.326289176940918,0.8134787082672119,0.6245163083076477,0.5681657791137695,1.091187596321106,0.5076923370361328,0.9123076796531677,0.9523077011108398,0.7211706042289734,0.042736257426440716,0.15648144483566284
180,1.2726719379425049,11.335128784179688,0.8138918876647949,0.6245405077934265,0.5681684613227844,1.0911133289337158,0.5061538219451904,0.9123076796531677,0.9523077011108398,0.7210849523544312,0.04273413587361574,0.15650309342890978
181,1.2726681232452393,11.34391975402832,0.8142959475517273,0.6245657205581665,0.5681086778640747,1.090537428855896,0.5046153664588928,0.9123076796531677,0.9523077011108398,0.7206188440322876,0.042722866870462894,0.1557714305818081
182,1.2726643085479736,11.352662086486816,0.8146898746490479,0.6245909929275513,0.5681559443473816,1.0907701253890991,0.5092307925224304,0.9123076796531677,0.9523077011108398,0.7207903265953064,0.042763627134263515,0.15798470750451088
183,1.2726603746414185,11.361360549926758,0.8150732517242432,0.6246157884597778,0.5682001709938049,1.0912309885025024,0.5046153664588928,0.9123076796531677,0.9523077011108398,0.7211781740188599,0.0431169830262661,0.1576926512643695
184,1.272657036781311,11.370010375976562,0.8154460787773132,0.6246400475502014,0.5681886076927185,1.0910847187042236,0.5046153664588928,0.9123076796531677,0.9523077011108398,0.7210636734962463,0.0428413562476635,0.1572865955531597
185,1.2726532220840454,11.37861156463623,0.815808892250061,0.6246640682220459,0.5681653022766113,1.0905952453613281,0.5061538219451904,0.9138461351394653,0.9523077011108398,0.7206704616546631,0.04273480735719204,0.15718951728194952
186,1.2726496458053589,11.387160301208496,0.8161624670028687,0.6246883273124695,0.5682260394096375,1.091149091720581,0.5046153664588928,0.9123076796531677,0.9523077011108398,0.7211048603057861,0.042761255986988544,0.1571678463369608
187,1.272646188735962,11.395651817321777,0.8165080547332764,0.6247135400772095,0.5682052373886108,1.090702772140503,0.5030769109725952,0.9123076796531677,0.9523077011108398,0.7207664251327515,0.04277700651437044,0.156522823497653
188,1.2726426124572754,11.404080390930176,0.8168465495109558,0.624739944934845,0.5682157278060913,1.0908950567245483,0.5061538219451904,0.9123076796531677,0.9523077011108398,0.7208678722381592,0.042745206505060196,0.15643828455358744
189,1.2726390361785889,11.412445068359375,0.8171792030334473,0.6247677803039551,0.5682532787322998,1.0912014245986938,0.5046153664588928,0.9123076796531677,0.9523077011108398,0.7211247682571411,0.04273960646241903,0.15753158275038004
190,1.2726359367370605,11.42074203491211,0.8175067901611328,0.6247971653938293,0.5682704448699951,1.091022253036499,0.5061538219451904,0.9123076796531677,0.9523077011108398,0.7210288047790527,0.0427880072966218,0.15655484423041344
191,1.2726325988769531,11.428969383239746,0.8178302049636841,0.62482750415802,0.5683252215385437,1.091288685798645,0.5046153664588928,0.9123076796531677,0.9523077011108398,0.7212358117103577,0.04275116603821516,0.15716878604143858
192,1.2726287841796875,11.437126159667969,0.818149983882904,0.6248579025268555,0.5682872533798218,1.0910661220550537,0.5061538219451904,0.9123076796531677,0.9523077011108398,0.7210695147514343,0.042763746343553066,0.15646357461810112
193,1.2726259231567383,11.445213317871094,0.8184664249420166,0.6248877644538879,0.5682934522628784,1.091315507888794,0.5030769109725952,0.9123076796531677,0.9523077011108398,0.7212448716163635,0.0428026057779789,0.15759097319096327
194,1.2726225852966309,11.453229904174805,0.818779706954956,0.6249161958694458,0.5682265758514404,1.0906058549880981,0.5046153664588928,0.9138461351394653,0.9523077011108398,0.720645546913147,0.0428318465128541,0.1567445509135723
195,1.2726190090179443,11.461179733276367,0.8190897703170776,0.6249423027038574,0.5683340430259705,1.0912983417510986,0.5030769109725952,0.9123076796531677,0.9523077011108398,0.7212340235710144,0.04285046551376581,0.15732295531779528
196,1.2726161479949951,11.469063758850098,0.8193964958190918,0.6249659061431885,0.5683414340019226,1.091403841972351,0.5030769109725952,0.9123076796531677,0.9523077011108398,0.7213036417961121,0.04273706674575806,0.15641551464796066
197,1.2726125717163086,11.476885795593262,0.8196996450424194,0.6249867081642151,0.5682151913642883,1.090517282485962,0.5015384554862976,0.9138461351394653,0.9507692456245422,0.7205782532691956,0.04274890758097172,0.1566589418798685
198,1.2726099491119385,11.484647750854492,0.8199989795684814,0.6250050067901611,0.5683317184448242,1.0911237001419067,0.5061538219451904,0.9123076796531677,0.9523077011108398,0.7210820913314819,0.04276807699352503,0.15651773381978273
199,1.2726064920425415,11.492355346679688,0.8202942609786987,0.6250212788581848,0.568280041217804,1.0907378196716309,0.5061538219451904,0.9138461351394653,0.9507692456245422,0.7207541465759277,0.04283485468477011,0.15657215286046267
200,1.2726033926010132,11.500009536743164,0.8205852508544922,0.6250362396240234,0.5683411359786987,1.0912977457046509,0.5030769109725952,0.9123076796531677,0.9523077011108398,0.7212274074554443,0.042755226604640484,0.15734236408025026
201,1.2726004123687744,11.507614135742188,0.820871889591217,0.6250507831573486,0.5683135986328125,1.0909661054611206,0.5076923370361328,0.9123076796531677,0.9523077011108398,0.7209510803222656,0.042855024337768555,0.15734694339334965
202,1.2725971937179565,11.515172958374023,0.8211541175842285,0.6250656247138977,0.5683584809303284,1.0913889408111572,0.5030769109725952,0.9123076796531677,0.9523077011108398,0.7213064432144165,0.042727887630462646,0.1571503970772028
203,1.2725944519042969,11.522686958312988,0.8214319944381714,0.6250816583633423,0.5683544278144836,1.090989589691162,0.5076923370361328,0.9123076796531677,0.9523077011108398,0.7210221886634827,0.042722247540950775,0.15653285384178162
204,1.2725909948349,11.530158042907715,0.8217055201530457,0.6250990629196167,0.5683287382125854,1.0908147096633911,0.5061538219451904,0.9123076796531677,0.9507692456245422,0.7208630442619324,0.04275877680629492,0.1564784236252308
205,1.2725886106491089,11.537590026855469,0.8219749927520752,0.6251183748245239,0.568385899066925,1.0913989543914795,0.5046153664588928,0.9123076796531677,0.9523077011108398,0.7212969064712524,0.0427354471758008,0.15732849575579166
206,1.2725852727890015,11.544981956481934,0.8222405314445496,0.6251393556594849,0.568321943283081,1.0908714532852173,0.5076923370361328,0.9123076796531677,0.9507692456245422,0.7208921313285828,0.04285476449877024,0.15735155437141657
207,1.2725824117660522,11.552334785461426,0.822502613067627,0.6251616477966309,0.5683127045631409,1.090718388557434,0.5046153664588928,0.9138461351394653,0.9507692456245422,0.7207497954368591,0.04278630670160055,0.1566089428961277
208,1.2725789546966553,11.559650421142578,0.8227615356445312,0.6251846551895142,0.5683205127716064,1.090885043144226,0.5061538219451904,0.9123076796531677,0.9523077011108398,0.7208963632583618,0.04278505686670542,0.1573192346841097
209,1.2725763320922852,11.566926002502441,0.8230178356170654,0.6252080798149109,0.5683371424674988,1.0909183025360107,0.5076923370361328,0.9123076796531677,0.9523077011108398,0.7209320664405823,0.04276520665735006,0.15713238716125488
210,1.2725735902786255,11.574162483215332,0.8232720494270325,0.6252314448356628,0.5684126615524292,1.0914459228515625,0.5030769109725952,0.9123076796531677,0.9523077011108398,0.7213456034660339,0.042770545929670334,0.15725601557642221
211,1.2725708484649658,11.581358909606934,0.8235247135162354,0.6252545714378357,0.5684243440628052,1.0914808511734009,0.5030769109725952,0.9123076796531677,0.9523077011108398,0.7213882207870483,0.042843715287745,0.157313815318048
212,1.2725679874420166,11.588515281677246,0.8237766027450562,0.6252771615982056,0.5683512091636658,1.0908523797988892,0.5092307925224304,0.9123076796531677,0.9507692456245422,0.720874547958374,0.04278601612895727,0.15724043548107147
213,1.272565245628357,11.595627784729004,0.8240278959274292,0.6252989768981934,0.5684525966644287,1.0915237665176392,0.5030769109725952,0.9123076796531677,0.9523077011108398,0.7213874459266663,0.042784285731613636,0.15638809464871883
214,1.2725625038146973,11.602699279785156,0.8242794275283813,0.6253200769424438,0.5684384107589722,1.0915768146514893,0.5030769109725952,0.9123076796531677,0.9523077011108398,0.721428394317627,0.04279806558042765,0.15730227436870337
215,1.2725597620010376,11.609725952148438,0.8245313167572021,0.6253405809402466,0.5684276223182678,1.0911962985992432,0.5076923370361328,0.9123076796531677,0.9523077011108398,0.7211219072341919,0.042769916355609894,0.1565862838178873
216,1.2725566625595093,11.616707801818848,0.8247840404510498,0.625360369682312,0.5684811472892761,1.0914126634597778,0.5076923370361328,0.9123076796531677,0.9523077011108398,0.7213119268417358,0.042775826528668404,0.15749627351760864
217,1.2725539207458496,11.62364673614502,0.8250377774238586,0.6253795623779297,0.568444013595581,1.0914099216461182,0.5076923370361328,0.9123076796531677,0.9523077011108398,0.7212967276573181,0.04288916476070881,0.1574260126799345
218,1.2725512981414795,11.630539894104004,0.8252924680709839,0.6253982782363892,0.5684381723403931,1.091259241104126,0.5061538219451904,0.9123076796531677,0.9523077011108398,0.7211983799934387,0.042867845855653286,0.1575528122484684
219,1.272548794746399,11.637391090393066,0.8255480527877808,0.6254166960716248,0.5684091448783875,1.0908982753753662,0.5046153664588928,0.9123076796531677,0.9507692456245422,0.7209110260009766,0.042875586077570915,0.157547352835536
220,1.2725460529327393,11.644197463989258,0.8258041739463806,0.6254347562789917,0.5684748291969299,1.0914639234542847,0.5076923370361328,0.9123076796531677,0.9523077011108398,0.7213575839996338,0.04289152566343546,0.15815456584095955
221,1.2725435495376587,11.650965690612793,0.8260605931282043,0.6254525184631348,0.5684295296669006,1.090987205505371,0.5076923370361328,0.9123076796531677,0.9507692456245422,0.7209725975990295,0.04297632351517677,0.15680745989084244
222,1.2725410461425781,11.657692909240723,0.8263168334960938,0.6254698634147644,0.5684676766395569,1.09119713306427,0.5076923370361328,0.9123076796531677,0.9507692456245422,0.7211565971374512,0.04275868646800518,0.1572798155248165
223,1.2725385427474976,11.664381980895996,0.8265722990036011,0.6254868507385254,0.5684814453125,1.0914909839630127,0.5061538219451904,0.9123076796531677,0.9523077011108398,0.7213618159294128,0.04279147647321224,0.15725420601665974
224,1.272535800933838,11.671036720275879,0.8268265724182129,0.6255032420158386,0.568522036075592,1.09175443649292,0.5046153664588928,0.9123076796531677,0.9523077011108398,0.7215515375137329,0.042768905870616436,0.15648752450942993
225,1.2725332975387573,11.677657127380371,0.8270791172981262,0.6255190372467041,0.5685121417045593,1.0915367603302002,0.5076923370361328,0.9123076796531677,0.9523077011108398,0.7214434742927551,0.04276419710367918,0.1566316932439804
226,1.272530436515808,11.684246063232422,0.8273293375968933,0.6255339980125427,0.5684992074966431,1.0914860963821411,0.5061538219451904,0.9123076796531677,0.9523077011108398,0.7213726043701172,0.04282429628074169,0.15753721352666616
227,1.2725281715393066,11.690805435180664,0.8275768160820007,0.6255484819412231,0.5685418844223022,1.0918174982070923,0.5015384554862976,0.9123076796531677,0.9507692456245422,0.7215999364852905,0.04295880440622568,0.15680995117872953
228,1.272525668144226,11.69733715057373,0.8278211951255798,0.6255625486373901,0.5684397220611572,1.091093897819519,0.5046153664588928,0.9123076796531677,0.9507692456245422,0.7210776209831238,0.0428204657509923,0.15720209572464228
229,1.2725234031677246,11.703841209411621,0.8280620574951172,0.6255767345428467,0.5685264468193054,1.0916270017623901,0.5061538219451904,0.9123076796531677,0.9523077011108398,0.7214872241020203,0.042775535956025124,0.15719212591648102
230,1.2725210189819336,11.710320472717285,0.828299343585968,0.6255910992622375,0.5684676170349121,1.0910673141479492,0.5076923370361328,0.9123076796531677,0.9507692456245422,0.7210464477539062,0.04277493618428707,0.1572035262361169
231,1.2725188732147217,11.716774940490723,0.8285327553749084,0.6256060004234314,0.5685977339744568,1.0917348861694336,0.5061538219451904,0.9123076796531677,0.9523077011108398,0.7215787768363953,0.042777396738529205,0.15707927756011486
232,1.2725157737731934,11.723207473754883,0.8287621736526489,0.6256211996078491,0.5684852600097656,1.091246247291565,0.5076923370361328,0.9123076796531677,0.9507692456245422,0.7211576104164124,0.042745946906507015,0.15722934529185295
233,1.2725136280059814,11.729616165161133,0.8289875984191895,0.6256368160247803,0.5685158967971802,1.0914994478225708,0.5061538219451904,0.9123076796531677,0.9507692456245422,0.7213586568832397,0.04283955506980419,0.15724852588027716
234,1.2725112438201904,11.736001968383789,0.82920902967453,0.6256526708602905,0.568549633026123,1.0915539264678955,0.5076923370361328,0.9123076796531677,0.9523077011108398,0.7214208245277405,0.042764026671648026,0.15655668266117573
235,1.2725086212158203,11.742365837097168,0.8294265866279602,0.6256686449050903,0.5685705542564392,1.0917986631393433,0.5030769109725952,0.9123076796531677,0.9507692456245422,0.7216384410858154,0.0427662068977952,0.15641639567911625
236,1.2725064754486084,11.74870777130127,0.8296404480934143,0.6256847381591797,0.5685538649559021,1.0915617942810059,0.5076923370361328,0.9123076796531677,0.9523077011108398,0.7214376926422119,0.04273887723684311,0.15648871380835772
237,1.2725046873092651,11.75502872467041,0.8298509120941162,0.6257010698318481,0.5685452222824097,1.0915054082870483,0.5076923370361328,0.9123076796531677,0.9523077011108398,0.7214075326919556,0.042815105989575386,0.15720119513571262
238,1.272501826286316,11.76132583618164,0.8300580978393555,0.625717282295227,0.568562924861908,1.091621994972229,0.5061538219451904,0.9123076796531677,0.9523077011108398,0.7215179204940796,0.042771097272634506,0.15641514491289854
239,1.2724995613098145,11.767602920532227,0.8302621841430664,0.6257331967353821,0.5684773325920105,1.0912352800369263,0.5030769109725952,0.9123076796531677,0.9523077011108398,0.7211477756500244,0.04275114741176367,0.15789356920868158
240,1.2724969387054443,11.773857116699219,0.8304632902145386,0.6257487535476685,0.5685912370681763,1.0917192697525024,0.5076923370361328,0.9123076796531677,0.9523077011108398,0.7215125560760498,0.04284869600087404,0.1565707130357623
241,1.2724946737289429,11.780088424682617,0.8306618928909302,0.6257638931274414,0.5684725046157837,1.0909173488616943,0.5030769109725952,0.9123076796531677,0.9507692456245422,0.7209139466285706,0.0427844263613224,0.15651784371584654
242,1.272492527961731,11.786299705505371,0.8308579325675964,0.6257786750793457,0.5685514807701111,1.0915374755859375,0.5061538219451904,0.9123076796531677,0.9523077011108398,0.7214129567146301,0.04276884626597166,0.15719053614884615
243,1.2724900245666504,11.792489051818848,0.831051766872406,0.6257930994033813,0.5685554146766663,1.0912402868270874,0.5061538219451904,0.9123076796531677,0.9523077011108398,0.7211912870407104,0.04278947599232197,0.15790040791034698
244,1.2724881172180176,11.798656463623047,0.8312434554100037,0.625807523727417,0.5686392188072205,1.0913840532302856,0.5061538219451904,0.9123076796531677,0.9507692456245422,0.7212768197059631,0.04273437615483999,0.15715878643095493
245,1.2724859714508057,11.804804801940918,0.831433117389679,0.6258219480514526,0.568588376045227,1.0916497707366943,0.5046153664588928,0.9123076796531677,0.9523077011108398,0.7215175628662109,0.04279395751655102,0.1579525377601385
246,1.2724835872650146,11.810930252075195,0.8316208124160767,0.6258364319801331,0.5686182975769043,1.091834306716919,0.5015384554862976,0.9123076796531677,0.9507692456245422,0.7216477990150452,0.04274693690240383,0.15651492401957512
247,1.2724812030792236,11.817038536071777,0.8318066000938416,0.6258506774902344,0.5685817003250122,1.0914306640625,0.5076923370361328,0.9123076796531677,0.9507692456245422,0.7213540077209473,0.04273882694542408,0.1564227845519781
248,1.27247953414917,11.823126792907715,0.8319904804229736,0.6258649230003357,0.5686091184616089,1.091789722442627,0.5061538219451904,0.9123076796531677,0.9523077011108398,0.7216207385063171,0.04274317715317011,0.15729433484375477
249,1.272477149963379,11.829195976257324,0.8321724534034729,0.625879168510437,0.5684964060783386,1.0909597873687744,0.5030769109725952,0.9123076796531677,0.9507692456245422,0.7209512591362,0.04272478725761175,0.1564919138327241
250,1.272474765777588,11.835248947143555,0.8323525190353394,0.6258930563926697,0.5686140060424805,1.0917226076126099,0.5076923370361328,0.9123076796531677,0.9523077011108398,0.7215061783790588,0.04272688739001751,0.15713550709187984
251,1.2724725008010864,11.84128475189209,0.8325307369232178,0.6259065270423889,0.568632185459137,1.091833472251892,0.5061538219451904,0.9123076796531677,0.9523077011108398,0.7216154336929321,0.04274127725511789,0.15954527165740728
252,1.2724707126617432,11.847304344177246,0.8327069878578186,0.6259198784828186,0.5686244368553162,1.0918062925338745,0.5061538219451904,0.9123076796531677,0.9523077011108398,0.7216537594795227,0.043152292259037495,0.1576590109616518
253,1.2724679708480835,11.853309631347656,0.8328812718391418,0.6259329319000244,0.5686268210411072,1.0914925336837769,0.5061538219451904,0.9123076796531677,0.9523077011108398,0.7213566303253174,0.04275414627045393,0.1571672959253192
254,1.2724664211273193,11.859299659729004,0.8330535292625427,0.6259458661079407,0.5685961246490479,1.09138023853302,0.5061538219451904,0.9123076796531677,0.9507692456245422,0.7212995886802673,0.0427847970277071,0.15653480403125286
255,1.2724642753601074,11.865276336669922,0.833223819732666,0.625959038734436,0.5686699151992798,1.0919358730316162,0.5076923370361328,0.9123076796531677,0.9507692456245422,0.7217257618904114,0.04281346593052149,0.15643198508769274
256,1.2724621295928955,11.871238708496094,0.833392322063446,0.6259721517562866,0.5686562061309814,1.0917973518371582,0.5061538219451904,0.9123076796531677,0.9523077011108398,0.721625804901123,0.042760047130286694,0.157181347720325
257,1.2724605798721313,11.877187728881836,0.8335589170455933,0.6259857416152954,0.5685575604438782,1.0910793542861938,0.5030769109725952,0.9123076796531677,0.9507692456245422,0.7211008667945862,0.042736767791211605,0.15718079637736082
258,1.2724581956863403,11.883124351501465,0.8337236642837524,0.625999391078949,0.5686774253845215,1.091916561126709,0.5061538219451904,0.9123076796531677,0.9507692456245422,0.7217209339141846,0.042778465896844864,0.1566348122432828
259,1.272456169128418,11.88904857635498,0.8338866233825684,0.6260131001472473,0.568609893321991,1.0913745164871216,0.5061538219451904,0.9123076796531677,0.9507692456245422,0.7213011980056763,0.04281660541892052,0.15652606263756752
260,1.2724542617797852,11.8949613571167,0.8340479135513306,0.6260267496109009,0.5685687065124512,1.0912647247314453,0.5046153664588928,0.9123076796531677,0.9507692456245422,0.7211809158325195,0.042794715613126755,0.15718943625688553
261,1.2724523544311523,11.900861740112305,0.8342074751853943,0.6260403990745544,0.5686802268028259,1.0918147563934326,0.5046153664588928,0.9123076796531677,0.9523077011108398,0.7216598987579346,0.04275158699601889,0.1565341530367732
262,1.2724502086639404,11.906750679016113,0.8343654870986938,0.6260538101196289,0.5686612129211426,1.0916740894317627,0.5076923370361328,0.9123076796531677,0.9523077011108398,0.7215437293052673,0.04279503598809242,0.15646935440599918
263,1.2724475860595703,11.912630081176758,0.8345219492912292,0.6260666251182556,0.5686549544334412,1.0917339324951172,0.5076923370361328,0.9123076796531677,0.9523077011108398,0.7215782403945923,0.04274424724280834,0.15717097651213408
264,1.2724463939666748,11.918497085571289,0.83467698097229,0.6260794401168823,0.568608820438385,1.0915560722351074,0.5046153664588928,0.9123076796531677,0.9523077011108398,0.721439003944397,0.042714716866612434,0.15639870520681143
265,1.2724440097808838,11.924355506896973,0.834830641746521,0.6260919570922852,0.568679928779602,1.091755986213684,0.5046153664588928,0.9123076796531677,0.9523077011108398,0.7216074466705322,0.042849075980484486,0.15646373387426138
266,1.272442102432251,11.930201530456543,0.8349829912185669,0.6261042952537537,0.5687005519866943,1.0919960737228394,0.5046153664588928,0.9123076796531677,0.9523077011108398,0.7217836976051331,0.04273922648280859,0.15784444846212864
267,1.2724401950836182,11.936038970947266,0.8351340293884277,0.6261166930198669,0.5685938596725464,1.0913012027740479,0.5061538219451904,0.9123076796531677,0.9507692456245422,0.7212440967559814,0.0427898271009326,0.15717396698892117
268,1.2724382877349854,11.941865921020508,0.8352839350700378,0.626129150390625,0.5685467720031738,1.0910276174545288,0.5061538219451904,0.9123076796531677,0.9507692456245422,0.721024215221405,0.04272983688861132,0.1571664670482278
269,1.2724366188049316,11.947683334350586,0.8354327082633972,0.6261418461799622,0.5686666369438171,1.0916279554367065,0.5061538219451904,0.9123076796531677,0.9523077011108398,0.7215087413787842,0.042702917009592056,0.15636185463517904
270,1.272434115409851,11.953492164611816,0.8355802893638611,0.6261544823646545,0.568629264831543,1.091578483581543,0.5030769109725952,0.9123076796531677,0.9523077011108398,0.7214511036872864,0.04277076665312052,0.15725292544811964
271,1.272432565689087,11.9592924118042,0.8357267379760742,0.6261671781539917,0.5686981678009033,1.0919252634048462,0.5046153664588928,0.9123076796531677,0.9523077011108398,0.7217420935630798,0.0427761459723115,0.15718164574354887
272,1.2724310159683228,11.965083122253418,0.8358720541000366,0.6261800527572632,0.5686585307121277,1.0914971828460693,0.5061538219451904,0.9123076796531677,0.9523077011108398,0.7214252948760986,0.04284391552209854,0.15719253662973642
273,1.2724288702011108,11.970867156982422,0.8360162377357483,0.6261927485466003,0.5686798691749573,1.0917235612869263,0.5061538219451904,0.9123076796531677,0.9523077011108398,0.7215800285339355,0.0427636569365859,0.15717376675456762
274,1.2724270820617676,11.976644515991211,0.836159348487854,0.6262053847312927,0.568635880947113,1.0914816856384277,0.5061538219451904,0.9123076796531677,0.9507692456245422,0.7213748097419739,0.04273667652159929,0.1572250360623002
275,1.2724251747131348,11.982412338256836,0.8363014459609985,0.6262178421020508,0.5687087178230286,1.0917880535125732,0.5046153664588928,0.9123076796531677,0.9523077011108398,0.7216448783874512,0.04276211652904749,0.15652094315737486
276,1.272423505783081,11.988175392150879,0.8364424705505371,0.6262301206588745,0.568695604801178,1.091805100440979,0.5061538219451904,0.9123076796531677,0.9523077011108398,0.7216463088989258,0.042820995673537254,0.15815583616495132
277,1.2724213600158691,11.993931770324707,0.8365824222564697,0.6262420415878296,0.568648099899292,1.0914645195007324,0.5061538219451904,0.9123076796531677,0.9523077011108398,0.7214083671569824,0.04280325677245855,0.1570959184318781
278,1.2724194526672363,11.999680519104004,0.8367213010787964,0.626253604888916,0.568649172782898,1.0914568901062012,0.5061538219451904,0.9123076796531677,0.9507692456245422,0.7213635444641113,0.04311486333608627,0.15818649623543024
279,1.2724179029464722,12.005425453186035,0.8368592262268066,0.6262652277946472,0.5686683058738708,1.0914299488067627,0.5061538219451904,0.9123076796531677,0.9507692456245422,0.7213808298110962,0.04290703497827053,0.15658670291304588
280,1.2724159955978394,12.011164665222168,0.8369961380958557,0.6262767910957336,0.5686966776847839,1.0917208194732666,0.5046153664588928,0.9123076796531677,0.9523077011108398,0.7216036915779114,0.042759787291288376,0.15652611386030912
281,1.2724148035049438,12.016897201538086,0.8371322751045227,0.6262887716293335,0.5687227249145508,1.0919336080551147,0.5030769109725952,0.9123076796531677,0.9523077011108398,0.7217183709144592,0.04274044744670391,0.15643479488790035
282,1.272412657737732,12.022624015808105,0.8372675776481628,0.6263010501861572,0.568674623966217,1.0915722846984863,0.5061538219451904,0.9123076796531677,0.9523077011108398,0.7214626669883728,0.04273533634841442,0.15704715717583895
283,1.2724112272262573,12.02834701538086,0.8374019265174866,0.6263135671615601,0.5685705542564392,1.09111487865448,0.5030769109725952,0.9123076796531677,0.9507692456245422,0.7210748791694641,0.04274023603647947,0.156373574398458
284,1.272409439086914,12.034064292907715,0.837535560131073,0.6263262629508972,0.5687556862831116,1.0920710563659668,0.5046153664588928,0.9123076796531677,0.9507692456245422,0.721872091293335,0.04275716748088598,0.15715642739087343
285,1.2724072933197021,12.039776802062988,0.8376685380935669,0.6263387799263,0.568717360496521,1.0917149782180786,0.5046153664588928,0.9123076796531677,0.9523077011108398,0.7215889692306519,0.04277455620467663,0.15652527380734682
286,1.2724055051803589,12.04548454284668,0.8378006815910339,0.626350998878479,0.5686954259872437,1.0918070077896118,0.5046153664588928,0.9123076796531677,0.9523077011108398,0.721656322479248,0.04272796772420406,0.15652864426374435
287,1.2724041938781738,12.051187515258789,0.8379321694374084,0.6263629794120789,0.5686895251274109,1.0916954278945923,0.5046153664588928,0.9123076796531677,0.9523077011108398,0.7215473055839539,0.04274090565741062,0.15726943500339985
288,1.2724024057388306,12.056886672973633,0.8380629420280457,0.6263749003410339,0.5686715245246887,1.0914732217788696,0.5046153664588928,0.9123076796531677,0.9507692456245422,0.7213951349258423,0.04275630693882704,0.15650267340242863
289,1.2724006175994873,12.062582015991211,0.8381930589675903,0.6263865232467651,0.5687696933746338,1.0919204950332642,0.5046153664588928,0.9123076796531677,0.9523077011108398,0.7217514514923096,0.04273700714111328,0.1564325550571084
290,1.2723989486694336,12.068272590637207,0.8383224606513977,0.6263978481292725,0.5686532258987427,1.091543436050415,0.5061538219451904,0.9123076796531677,0.9507692456245422,0.7214040160179138,0.04278371576219797,0.1571228364482522
291,1.2723972797393799,12.073960304260254,0.8384513258934021,0.6264091730117798,0.5687423348426819,1.0918861627578735,0.5046153664588928,0.9123076796531677,0.9523077011108398,0.7217257618904114,0.042752597481012344,0.15719728637486696
292,1.2723950147628784,12.079643249511719,0.8385796546936035,0.6264201402664185,0.5686321258544922,1.0912370681762695,0.5061538219451904,0.9123076796531677,0.9507692456245422,0.721150279045105,0.042754936031997204,0.15714647714048624
293,1.2723937034606934,12.08532428741455,0.8387073874473572,0.6264311075210571,0.5687049031257629,1.0915288925170898,0.5046153664588928,0.9123076796531677,0.9523077011108398,0.7214404344558716,0.04285803623497486,0.15739845484495163
294,1.27239191532135,12.0910005569458,0.8388346433639526,0.6264422535896301,0.5686705708503723,1.0915504693984985,0.5030769109725952,0.9123076796531677,0.9507692456245422,0.7214589715003967,0.0427991459146142,0.15736759454011917
295,1.2723902463912964,12.096673965454102,0.8389613628387451,0.6264535784721375,0.5687562227249146,1.091924786567688,0.5061538219451904,0.9123076796531677,0.9523077011108398,0.7217754125595093,0.04278204683214426,0.15717318654060364
296,1.2723884582519531,12.10234260559082,0.8390876054763794,0.6264649629592896,0.5686535835266113,1.091494083404541,0.5046153664588928,0.9123076796531677,0.9523077011108398,0.7213808298110962,0.04275753628462553,0.1572046559303999
297,1.2723870277404785,12.108011245727539,0.8392133712768555,0.6264766454696655,0.5687233209609985,1.0915988683700562,0.5061538219451904,0.9123076796531677,0.9523077011108398,0.721500039100647,0.042776526883244514,0.1571945073083043
298,1.272385597229004,12.113675117492676,0.8393386602401733,0.6264886260032654,0.568735659122467,1.09174382686615,0.5046153664588928,0.9123076796531677,0.9507692456245422,0.7216261625289917,0.042749316431581974,0.15641682408750057
299,1.272383689880371,12.119336128234863,0.8394634127616882,0.6265006065368652,0.5688294172286987,1.0921764373779297,0.5046153664588928,0.9123076796531677,0.9507692456245422,0.7219729423522949,0.04277811665087938,0.15646528452634811
300,1.2723820209503174,12.124996185302734,0.8395875096321106,0.6265124082565308,0.5687142014503479,1.0916976928710938,0.5046153664588928,0.9123076796531677,0.9523077011108398,0.7215714454650879,0.04275819752365351,0.15717330761253834
301,1.2723808288574219,12.130654335021973,0.83971107006073,0.6265242695808411,0.5686848759651184,1.0915735960006714,0.5046153664588928,0.9123076796531677,0.9507692456245422,0.7214518189430237,0.042735086753964424,0.15720694605261087
302,1.2723791599273682,12.136309623718262,0.8398340940475464,0.6265357732772827,0.568768322467804,1.0918687582015991,0.5046153664588928,0.9123076796531677,0.9523077011108398,0.7216904163360596,0.042763146571815014,0.15658966358751059
303,1.2723774909973145,12.141963005065918,0.8399564027786255,0.6265471577644348,0.5687711834907532,1.0919380187988281,0.5046153664588928,0.9123076796531677,0.9523077011108398,0.7217568159103394,0.042767046950757504,0.1564515447244048
304,1.2723758220672607,12.147616386413574,0.8400781154632568,0.6265581846237183,0.568751871585846,1.0917552709579468,0.5061538219451904,0.9123076796531677,0.9523077011108398,0.7216264009475708,0.0427602669224143,0.15719812642782927
305,1.2723742723464966,12.153266906738281,0.8401994705200195,0.6265689730644226,0.5687353610992432,1.0917166471481323,0.5076923370361328,0.9123076796531677,0.9492307901382446,0.7215665578842163,0.04276333749294281,0.15711484849452972
306,1.272372841835022,12.158915519714355,0.8403202295303345,0.626579761505127,0.5687488913536072,1.0916930437088013,0.5046153664588928,0.9123076796531677,0.9523077011108398,0.7215974926948547,0.042756056413054466,0.1571813365444541
307,1.272371530532837,12.164563179016113,0.8404404520988464,0.6265907287597656,0.5688628554344177,1.092275619506836,0.5046153664588928,0.9123076796531677,0.9523077011108398,0.7220585942268372,0.04278913699090481,0.15656068362295628
308,1.272369384765625,12.170209884643555,0.8405600786209106,0.6266016960144043,0.5686951875686646,1.091575264930725,0.5046153664588928,0.9123076796531677,0.9507692456245422,0.7214633226394653,0.04279056657105684,0.1570475185289979
309,1.2723678350448608,12.175854682922363,0.8406792283058167,0.6266126036643982,0.568830668926239,1.0921975374221802,0.5046153664588928,0.9123076796531677,0.9507692456245422,0.7219282388687134,0.04276526626199484,0.1564263952895999
310,1.2723662853240967,12.181498527526855,0.840798020362854,0.6266235709190369,0.5687130689620972,1.0915272235870361,0.5046153664588928,0.9123076796531677,0.9507692456245422,0.7214217782020569,0.04278883524239063,0.15724524576216936
311,1.272364854812622,12.187140464782715,0.8409163951873779,0.6266346573829651,0.568691611289978,1.0914065837860107,0.5046153664588928,0.9123076796531677,0.9507692456245422,0.7213494777679443,0.042810386046767235,0.156496474519372
312,1.2723639011383057,12.19278335571289,0.8410342931747437,0.6266462802886963,0.5687277913093567,1.0916709899902344,0.5030769109725952,0.9123076796531677,0.9523077011108398,0.7215541005134583,0.04277816601097584,0.15723793487995863
313,1.2723621129989624,12.198423385620117,0.841151773929596,0.626658022403717,0.5686836242675781,1.0913970470428467,0.5046153664588928,0.9123076796531677,0.9507692456245422,0.7213113903999329,0.042734467424452305,0.1571357473731041
314,1.2723602056503296,12.20406436920166,0.84126877784729,0.6266694664955139,0.5688496232032776,1.0922119617462158,0.5046153664588928,0.9123076796531677,0.9523077011108398,0.721984326839447,0.04325870145112276,0.15703097824007273
315,1.2723588943481445,12.209704399108887,0.8413852453231812,0.6266806721687317,0.5688158869743347,1.092100739479065,0.5076923370361328,0.9123076796531677,0.9523077011108398,0.7219014763832092,0.042771557345986366,0.1572087174281478
316,1.2723571062088013,12.21534252166748,0.8415012955665588,0.6266912817955017,0.5687543749809265,1.0918264389038086,0.5046153664588928,0.9123076796531677,0.9523077011108398,0.7216613292694092,0.042746227234601974,0.157151997089386
317,1.2723561525344849,12.22098159790039,0.8416168689727783,0.626702070236206,0.5687491297721863,1.091796636581421,0.5046153664588928,0.9123076796531677,0.9523077011108398,0.7216382622718811,0.04274527635425329,0.15712879784405231
318,1.2723548412322998,12.226619720458984,0.8417320251464844,0.6267129778862,0.5687940120697021,1.0921019315719604,0.5015384554862976,0.9123076796531677,0.9523077011108398,0.7219305038452148,0.04274907615035772,0.15784392971545458
319,1.2723530530929565,12.232255935668945,0.841846764087677,0.6267239451408386,0.5689094662666321,1.0924246311187744,0.5046153664588928,0.9123076796531677,0.9523077011108398,0.7221611142158508,0.042713457718491554,0.1563333859667182
320,1.2723519802093506,12.237893104553223,0.8419612050056458,0.6267351508140564,0.5687190294265747,1.0917104482650757,0.5030769109725952,0.9123076796531677,0.9523077011108398,0.7215421199798584,0.04272623639553785,0.15798370819538832
321,1.2723503112792969,12.243531227111816,0.8420752286911011,0.6267462968826294,0.568770706653595,1.0918550491333008,0.5046153664588928,0.9123076796531677,0.9523077011108398,0.7216803431510925,0.04278779588639736,0.15722541604191065
322,1.2723488807678223,12.249167442321777,0.842188835144043,0.6267573833465576,0.5687382817268372,1.0915930271148682,0.5061538219451904,0.9123076796531677,0.9507692456245422,0.7215135097503662,0.042744217440485954,0.15710511710494757
323,1.2723476886749268,12.254804611206055,0.8423019647598267,0.6267685294151306,0.5689155459403992,1.0923901796340942,0.5046153664588928,0.9123076796531677,0.9523077011108398,0.7221580743789673,0.04271575715392828,0.15640650503337383
324,1.272346019744873,12.260440826416016,0.8424147367477417,0.6267795562744141,0.5687500834465027,1.0917022228240967,0.5061538219451904,0.9123076796531677,0.9523077011108398,0.7215487957000732,0.042747906409204006,0.15716208703815937
325,1.2723448276519775,12.26607894897461,0.8425270318984985,0.6267905235290527,0.5688250064849854,1.0920943021774292,0.5061538219451904,0.9123076796531677,0.9538461565971375,0.7219311594963074,0.04273275751620531,0.1571355275809765
326,1.2723429203033447,12.271716117858887,0.8426388502120972,0.6268011331558228,0.5688857436180115,1.092390537261963,0.5046153664588928,0.9123076796531677,0.9523077011108398,0.7220931053161621,0.04273877665400505,0.15651945397257805
327,1.2723418474197388,12.27735424041748,0.8427503108978271,0.6268116235733032,0.5688561797142029,1.0922905206680298,0.5061538219451904,0.9123076796531677,0.9523077011108398,0.7220314145088196,0.042800916358828545,0.1571752866730094
328,1.2723404169082642,12.282992362976074,0.8428612947463989,0.6268222332000732,0.5689027905464172,1.0923348665237427,0.5046153664588928,0.9123076796531677,0.9523077011108398,0.7221218347549438,0.04275174532085657,0.15640345495194197
329,1.2723389863967896,12.288630485534668,0.8429718613624573,0.6268327832221985,0.5688115954399109,1.091989517211914,0.5076923370361328,0.9123076796531677,0.9507692456245422,0.7218160033226013,0.04278286639600992,0.15719264652580023
330,1.272337555885315,12.294270515441895,0.8430821299552917,0.6268433928489685,0.5688390135765076,1.0920451879501343,0.5061538219451904,0.9123076796531677,0.9538461565971375,0.7218630313873291,0.0427542170509696,0.15653553325682878
331,1.2723360061645508,12.299908638000488,0.8431919813156128,0.6268540620803833,0.568798840045929,1.091889500617981,0.5046153664588928,0.9123076796531677,0.9538461565971375,0.7217245697975159,0.042762937024235725,0.15644480474293232
332,1.2723346948623657,12.305547714233398,0.8433017134666443,0.6268646717071533,0.5688266158103943,1.0920171737670898,0.5061538219451904,0.9123076796531677,0.9538461565971375,0.7218133807182312,0.04275513719767332,0.1564978240057826
333,1.2723333835601807,12.311187744140625,0.8434110879898071,0.6268754005432129,0.5687497854232788,1.091853380203247,0.5030769109725952,0.9123076796531677,0.9523077011108398,0.7216985821723938,0.042749456129968166,0.15709782764315605
334,1.272331953048706,12.316827774047852,0.8435201644897461,0.6268861889839172,0.5688789486885071,1.092313289642334,0.5061538219451904,0.9123076796531677,0.9523077011108398,0.7221227288246155,0.04277742654085159,0.15718515682965517
335,1.2723305225372314,12.322468757629395,0.8436289429664612,0.6268969178199768,0.5687658190727234,1.0917404890060425,0.5030769109725952,0.9123076796531677,0.9523077011108398,0.7216265201568604,0.04278359655290842,0.15728426538407803
336,1.2723290920257568,12.328109741210938,0.8437373638153076,0.6269075274467468,0.5688565969467163,1.092165470123291,0.5061538219451904,0.9123076796531677,0.9523077011108398,0.7219650149345398,0.04281320609152317,0.15732027497142553
337,1.2723278999328613,12.333752632141113,0.8438454866409302,0.6269181370735168,0.5682318806648254,1.091507911682129,0.5076923370361328,0.9123076796531677,0.9523077011108398,0.7214594483375549,0.042745565995574,0.15858367085456848
338,1.2723264694213867,12.339395523071289,0.8439533114433289,0.6269286870956421,0.5688875317573547,1.0923197269439697,0.5061538219451904,0.9123076796531677,0.9523077011108398,0.7220839858055115,0.04274614620953798,0.15709282737225294
339,1.2723253965377808,12.345038414001465,0.8440609574317932,0.6269394159317017,0.5687205195426941,1.0915478467941284,0.5030769109725952,0.9123076796531677,0.9523077011108398,0.7214775681495667,0.04277712572365999,0.15656885225325823
340,1.2723239660263062,12.350682258605957,0.8441683650016785,0.6269500255584717,0.568875253200531,1.0922993421554565,0.5061538219451904,0.9123076796531677,0.9523077011108398,0.7220979928970337,0.042756495997309685,0.15712278615683317
341,1.272322416305542,12.356328010559082,0.8442754745483398,0.6269605159759521,0.56886887550354,1.0921714305877686,0.5061538219451904,0.9123076796531677,0.9523077011108398,0.7219638824462891,0.04271143674850464,0.15624920558184385
342,1.2723209857940674,12.361974716186523,0.8443821668624878,0.6269708871841431,0.5687817931175232,1.0916780233383179,0.5030769109725952,0.9123076796531677,0.9523077011108398,0.7216218709945679,0.042718466371297836,0.15633602533489466
343,1.2723199129104614,12.367622375488281,0.8444885015487671,0.626981258392334,0.5688076615333557,1.091840386390686,0.5030769109725952,0.9123076796531677,0.9538461565971375,0.721705436706543,0.04275015648454428,0.1563976751640439
344,1.272318720817566,12.373270988464355,0.8445944786071777,0.6269916892051697,0.5688557624816895,1.0921928882598877,0.5061538219451904,0.9123076796531677,0.9538461565971375,0.7219789624214172,0.042732846923172474,0.15652194432914257
345,1.27231764793396,12.378920555114746,0.8446999788284302,0.6270024180412292,0.5688724517822266,1.0923004150390625,0.5061538219451904,0.9123076796531677,0.9523077011108398,0.722051203250885,0.042785895988345146,0.15729559492319822
346,1.2723160982131958,12.384571075439453,0.8448052406311035,0.6270131468772888,0.5688154697418213,1.0920578241348267,0.5061538219451904,0.9123076796531677,0.9538461565971375,0.7218376994132996,0.042805206030607224,0.15722367633134127
347,1.2723146677017212,12.390222549438477,0.8449101448059082,0.6270237565040588,0.5687656998634338,1.091617465019226,0.5030769109725952,0.9123076796531677,0.9523077011108398,0.7215456366539001,0.04275169689208269,0.15648049395531416
348,1.2723140716552734,12.395875930786133,0.845014750957489,0.627034604549408,0.5687338709831238,1.0916277170181274,0.5061538219451904,0.9123076796531677,0.9523077011108398,0.7215599417686462,0.042779047042131424,0.15726551599800587
349,1.2723127603530884,12.401530265808105,0.8451189994812012,0.6270455718040466,0.5689665079116821,1.0925047397613525,0.5061538219451904,0.9123076796531677,0.9523077011108398,0.7222433686256409,0.04270695708692074,0.15642302483320236
350,1.2723112106323242,12.407185554504395,0.8452230095863342,0.6270564794540405,0.5689090490341187,1.0924350023269653,0.5061538219451904,0.9123076796531677,0.9523077011108398,0.722178041934967,0.04273656662553549,0.15705739799886942
351,1.27230966091156,12.412842750549316,0.8453266620635986,0.6270669102668762,0.5688736438751221,1.092228889465332,0.5061538219451904,0.9123076796531677,0.9523077011108398,0.722049355506897,0.04288516566157341,0.1572546362876892
352,1.2723084688186646,12.418501853942871,0.8454298973083496,0.6270769834518433,0.5688396096229553,1.0919986963272095,0.5061538219451904,0.9123076796531677,0.9538461565971375,0.7218049764633179,0.04275510739535093,0.15719506610184908
353,1.2723071575164795,12.424160957336426,0.8455329537391663,0.627086877822876,0.5689210295677185,1.092565894126892,0.5046153664588928,0.9123076796531677,0.9523077011108398,0.7222833037376404,0.04273184761404991,0.15774808079004288
354,1.272306203842163,12.42982292175293,0.8456356525421143,0.6270968317985535,0.568761944770813,1.091762661933899,0.5046153664588928,0.9123076796531677,0.9523077011108398,0.7216103076934814,0.04271582793444395,0.15710908733308315
355,1.2723047733306885,12.43548583984375,0.8457380533218384,0.627106785774231,0.5688081383705139,1.09195077419281,0.5046153664588928,0.9123076796531677,0.9538461565971375,0.7218177914619446,0.042745267041027546,0.15710575692355633
356,1.272303581237793,12.441149711608887,0.8458402156829834,0.627116858959198,0.5687528252601624,1.0915374755859375,0.5030769109725952,0.9123076796531677,0.9523077011108398,0.7215094566345215,0.04275965690612793,0.15652412455528975
357,1.2723023891448975,12.44681453704834,0.8459421396255493,0.6271271705627441,0.5689516663551331,1.0925278663635254,0.5061538219451904,0.9123076796531677,0.9523077011108398,0.722255527973175,0.0427675461396575,0.1571546560153365
358,1.2723010778427124,12.452481269836426,0.8460437655448914,0.6271377205848694,0.5687830448150635,1.0917261838912964,0.5030769109725952,0.9123076796531677,0.9523077011108398,0.7216207981109619,0.042731285095214844,0.15658037271350622
359,1.2722997665405273,12.458148956298828,0.8461452126502991,0.6271482110023499,0.5688214302062988,1.0919957160949707,0.5046153664588928,0.9123076796531677,0.9538461565971375,0.7218536734580994,0.042793016880750656,0.1572044575586915
360,1.2722985744476318,12.463817596435547,0.8462462425231934,0.6271588206291199,0.5689445734024048,1.0924705266952515,0.5061538219451904,0.9123076796531677,0.9523077011108398,0.7222026586532593,0.042766557075083256,0.1563975652679801
361,1.2722972631454468,12.469489097595215,0.8463470935821533,0.6271692514419556,0.5687577724456787,1.0915440320968628,0.5030769109725952,0.9123076796531677,0.9523077011108398,0.7215056419372559,0.04271359741687775,0.15633972641080618
362,1.2722961902618408,12.475162506103516,0.846447765827179,0.6271796822547913,0.568952202796936,1.092502474784851,0.5061538219451904,0.9123076796531677,0.9523077011108398,0.7221918106079102,0.04276404622942209,0.15716913621872663
363,1.272295355796814,12.480835914611816,0.8465480804443359,0.6271901726722717,0.5688292384147644,1.092023491859436,0.5046153664588928,0.9123076796531677,0.9538461565971375,0.7218528985977173,0.04273438733071089,0.15706096775829792
364,1.2722939252853394,12.486512184143066,0.846648097038269,0.6272006034851074,0.5688955187797546,1.0923821926116943,0.5061538219451904,0.9123076796531677,0.9523077011108398,0.7221031188964844,0.0427312171086669,0.15708694700151682
365,1.2722927331924438,12.49219036102295,0.8467478156089783,0.627210795879364,0.5688427090644836,1.0920230150222778,0.5046153664588928,0.9123076796531677,0.9523077011108398,0.7218559384346008,0.042759547010064125,0.15639963559806347
366,1.272291660308838,12.497869491577148,0.8468472361564636,0.627220869064331,0.56885826587677,1.0921039581298828,0.5046153664588928,0.9123076796531677,0.9538461565971375,0.7219204902648926,0.04276133608072996,0.1571496371179819
367,1.2722903490066528,12.503551483154297,0.8469462394714355,0.6272308826446533,0.568835973739624,1.092035174369812,0.5046153664588928,0.9123076796531677,0.9538461565971375,0.7218393087387085,0.04282177612185478,0.15727027505636215
368,1.2722891569137573,12.509233474731445,0.8470449447631836,0.627240777015686,0.5688269138336182,1.0919164419174194,0.5030769109725952,0.9123076796531677,0.9523077011108398,0.7217440605163574,0.04286659508943558,0.15653636306524277
369,1.2722878456115723,12.51491928100586,0.8471434116363525,0.6272505521774292,0.5688186883926392,1.0918723344802856,0.5076923370361328,0.9123076796531677,0.9507692456245422,0.7217527627944946,0.04273277707397938,0.15722183603793383
370,1.2722867727279663,12.520606994628906,0.8472415208816528,0.6272604465484619,0.5689189434051514,1.0923339128494263,0.5061538219451904,0.9123076796531677,0.9523077011108398,0.7220910787582397,0.04341304022818804,0.15755493380129337
371,1.2722854614257812,12.526294708251953,0.847339391708374,0.6272704601287842,0.5688871741294861,1.092191219329834,0.5061538219451904,0.9123076796531677,0.9538461565971375,0.7219909429550171,0.04280576575547457,0.15645339526236057
372,1.2722845077514648,12.531986236572266,0.8474370241165161,0.6272807121276855,0.5689003467559814,1.092382550239563,0.5061538219451904,0.9123076796531677,0.9523077011108398,0.7221287488937378,0.042744167149066925,0.1571250967681408
373,1.2722835540771484,12.537677764892578,0.8475345373153687,0.6272912621498108,0.5689488053321838,1.0925108194351196,0.5061538219451904,0.9123076796531677,0.9523077011108398,0.722275972366333,0.04271325748413801,0.15713605750352144
374,1.272282600402832,12.54337215423584,0.8476319313049316,0.6273020505905151,0.5689214468002319,1.092434048652649,0.5061538219451904,0.9123076796531677,0.9523077011108398,0.7221895456314087,0.04276920575648546,0.15719760581851006
375,1.2722811698913574,12.549068450927734,0.8477290272712708,0.6273127794265747,0.568828284740448,1.0920028686523438,0.5030769109725952,0.9123076796531677,0.9538461565971375,0.7218161821365356,0.04272021725773811,0.15751877333968878
376,1.2722798585891724,12.554766654968262,0.8478259444236755,0.6273232698440552,0.5690256953239441,1.0921564102172852,0.5046153664588928,0.9123076796531677,0.9538461565971375,0.7219573855400085,0.04299640376120806,0.15742476377636194
377,1.2722783088684082,12.560466766357422,0.8479226231575012,0.6273329257965088,0.568856954574585,1.0920101404190063,0.5046153664588928,0.9123076796531677,0.9538461565971375,0.7218096256256104,0.04283297527581453,0.15716499648988247
378,1.2722771167755127,12.566167831420898,0.8480190634727478,0.6273419857025146,0.5684705376625061,1.0918961763381958,0.5076923370361328,0.9123076796531677,0.9538461565971375,0.7217499017715454,0.042728896252810955,0.15849112160503864
379,1.2722764015197754,12.571871757507324,0.8481153249740601,0.6273510456085205,0.568869411945343,1.0920979976654053,0.5046153664588928,0.9123076796531677,0.9538461565971375,0.7219273447990417,0.0427393764257431,0.15637483447790146
380,1.2722752094268799,12.577577590942383,0.8482112884521484,0.6273602843284607,0.568854808807373,1.0923619270324707,0.5015384554862976,0.9123076796531677,0.9538461565971375,0.7221158742904663,0.04275554604828358,0.1578866895288229
381,1.2722740173339844,12.583285331726074,0.8483070135116577,0.6273697018623352,0.5689551830291748,1.0926268100738525,0.5030769109725952,0.9123076796531677,0.9523077011108398,0.7223426699638367,0.042766155675053596,0.15715658571571112
382,1.2722728252410889,12.588994979858398,0.8484025001525879,0.6273795366287231,0.5688015222549438,1.0918830633163452,0.5030769109725952,0.9123076796531677,0.9523077011108398,0.7217243909835815,0.0427345372736454,0.15635542664676905
383,1.2722718715667725,12.594706535339355,0.8484978079795837,0.6273898482322693,0.5689297318458557,1.0923324823379517,0.5061538219451904,0.9123076796531677,0.9523077011108398,0.7221118211746216,0.04274074733257294,0.1563849551603198
384,1.2722707986831665,12.600420951843262,0.8485929369926453,0.6274004578590393,0.5689767003059387,1.0925160646438599,0.5061538219451904,0.9123076796531677,0.9523077011108398,0.7223038077354431,0.04275791719555855,0.15715765673667192
385,1.272269368171692,12.606135368347168,0.8486876487731934,0.6274110078811646,0.5688436627388,1.0920941829681396,0.5046153664588928,0.9123076796531677,0.9538461565971375,0.7219170331954956,0.04275472741574049,0.15714404731988907
386,1.2722686529159546,12.611852645874023,0.8487821817398071,0.6274216771125793,0.5688788294792175,1.0921097993850708,0.5046153664588928,0.9123076796531677,0.9538461565971375,0.7219396829605103,0.0427451366558671,0.15651614405214787
387,1.2722671031951904,12.617573738098145,0.8488763570785522,0.6274317502975464,0.5689420700073242,1.092488408088684,0.5061538219451904,0.9123076796531677,0.9523077011108398,0.7222461700439453,0.042784396559000015,0.15718991681933403
388,1.272266149520874,12.623295783996582,0.8489701747894287,0.6274415254592896,0.5688526630401611,1.092122197151184,0.5046153664588928,0.9123076796531677,0.9538461565971375,0.7219395637512207,0.0427778959274292,0.15720252599567175
389,1.2722647190093994,12.629020690917969,0.8490636348724365,0.6274507641792297,0.56885826587677,1.0920906066894531,0.5046153664588928,0.9123076796531677,0.9538461565971375,0.7219377756118774,0.04276818595826626,0.15718973614275455
390,1.2722642421722412,12.634747505187988,0.8491567969322205,0.627460241317749,0.5690253376960754,1.0927726030349731,0.5061538219451904,0.9123076796531677,0.9523077011108398,0.7224437594413757,0.042730637826025486,0.15715104714035988
391,1.2722630500793457,12.640477180480957,0.8492497205734253,0.6274698376655579,0.5689815282821655,1.0926644802093506,0.5061538219451904,0.9123076796531677,0.9523077011108398,0.7223520874977112,0.04270687699317932,0.15715328697115183
392,1.2722618579864502,12.646207809448242,0.8493424654006958,0.6274795532226562,0.5691354870796204,1.0928399562835693,0.5061538219451904,0.9123076796531677,0.9523077011108398,0.7225401401519775,0.042731067165732384,0.15707326773554087
393,1.2722606658935547,12.651941299438477,0.849435031414032,0.6274893283843994,0.568835973739624,1.0920149087905884,0.5046153664588928,0.9123076796531677,0.9538461565971375,0.7218791842460632,0.04271675739437342,0.15713807754218578
394,1.2722597122192383,12.657676696777344,0.8495274186134338,0.6274992227554321,0.5688923597335815,1.0921458005905151,0.5046153664588928,0.9123076796531677,0.9523077011108398,0.7219564318656921,0.04275095649063587,0.15645219385623932
395,1.2722585201263428,12.663414001464844,0.8496195077896118,0.6275091171264648,0.5689842104911804,1.0926750898361206,0.5061538219451904,0.9123076796531677,0.9523077011108398,0.7223531007766724,0.04275628551840782,0.15710740629583597
396,1.2722578048706055,12.669153213500977,0.8497114181518555,0.627519428730011,0.5690578818321228,1.0928144454956055,0.5061538219451904,0.9123076796531677,0.9523077011108398,0.7224650979042053,0.042766655795276165,0.15641124546527863
397,1.2722564935684204,12.674895286560059,0.8498031497001648,0.6275296211242676,0.5688541531562805,1.0921409130096436,0.5046153664588928,0.9123076796531677,0.9538461565971375,0.7219523787498474,0.04278838634490967,0.15719221625477076
398,1.2722554206848145,12.680638313293457,0.849894642829895,0.6275395750999451,0.5689011216163635,1.0922143459320068,0.5046153664588928,0.9123076796531677,0.9523077011108398,0.7220004796981812,0.042781236581504345,0.15643321443349123
399,1.272254467010498,12.686385154724121,0.8499858379364014,0.6275494694709778,0.5690222382545471,1.0926692485809326,0.5061538219451904,0.9123076796531677,0.9523077011108398,0.7224023342132568,0.042788117192685604,0.15726091619580984
400,1.272253394126892,12.692133903503418,0.8500769138336182,0.627559244632721,0.5689769983291626,1.0926355123519897,0.5061538219451904,0.9123076796531677,0.9523077011108398,0.7223251461982727,0.04280932620167732,0.1572008365765214
401,1.2722522020339966,12.697884559631348,0.8501676917076111,0.6275687217712402,0.5689935088157654,1.0925371646881104,0.5061538219451904,0.9123076796531677,0.9523077011108398,0.7222709059715271,0.04276016727089882,0.15788892842829227
402,1.2722511291503906,12.703638076782227,0.8502582907676697,0.6275779008865356,0.5690181255340576,1.093030571937561,0.5030769109725952,0.9123076796531677,0.9523077011108398,0.7226471900939941,0.04286753572523594,0.15828058496117592
403,1.2722500562667847,12.709393501281738,0.8503485918045044,0.6275871396064758,0.5690472722053528,1.0927395820617676,0.5061538219451904,0.9123076796531677,0.9523077011108398,0.7224298119544983,0.042846815660595894,0.15712906699627638
404,1.272249460220337,12.7151517868042,0.8504388332366943,0.6275966763496399,0.5688842535018921,1.0921413898468018,0.5046153664588928,0.9123076796531677,0.9538461565971375,0.7219545245170593,0.04285109508782625,0.1578603982925415
405,1.2722482681274414,12.720911979675293,0.8505289554595947,0.6276065111160278,0.569003164768219,1.0925694704055786,0.5061538219451904,0.9123076796531677,0.9523077011108398,0.7223005294799805,0.04286210611462593,0.15706017799675465
406,1.2722467184066772,12.726675987243652,0.850618839263916,0.6276161670684814,0.5689534544944763,1.0927393436431885,0.5030769109725952,0.9123076796531677,0.9538461565971375,0.7224302887916565,0.04282006621360779,0.15789719857275486
407,1.27224600315094,12.732440948486328,0.8507084250450134,0.6276258826255798,0.5689734220504761,1.09253990650177,0.5061538219451904,0.9123076796531677,0.9523077011108398,0.722300112247467,0.0428161658346653,0.1581713454797864
408,1.2722448110580444,12.738208770751953,0.8507978320121765,0.6276354193687439,0.5690953731536865,1.0928293466567993,0.5061538219451904,0.9123076796531677,0.9523077011108398,0.7225122451782227,0.04285034630447626,0.15791165921837091
409,1.272243857383728,12.743979454040527,0.8508871793746948,0.6276450753211975,0.5688983798027039,1.0921351909637451,0.5046153664588928,0.9123076796531677,0.9523077011108398,0.7219657301902771,0.04275627713650465,0.15657116286456585
410,1.2722430229187012,12.749752044677734,0.8509763479232788,0.6276547908782959,0.5690451264381409,1.092604398727417,0.5061538219451904,0.9123076796531677,0.9523077011108398,0.7223497033119202,0.042785716243088245,0.15717572625726461
411,1.2722420692443848,12.755526542663574,0.8510653972625732,0.6276646852493286,0.5690440535545349,1.0928983688354492,0.5061538219451904,0.9123076796531677,0.9523077011108398,0.7225301861763,0.04273747745901346,0.15715350676327944
412,1.2722411155700684,12.76130485534668,0.8511542677879333,0.6276745796203613,0.5688714385032654,1.0922755002975464,0.5046153664588928,0.9123076796531677,0.9523077011108398,0.7220263481140137,0.04275933559983969,0.1564444536343217
413,1.272240161895752,12.767084121704102,0.8512428402900696,0.6276846528053284,0.5690983533859253,1.0930079221725464,0.5061538219451904,0.9123076796531677,0.9523077011108398,0.7226473093032837,0.04270137753337622,0.15720293670892715
414,1.272238850593567,12.772867202758789,0.8513311147689819,0.6276944279670715,0.5690683126449585,1.0928438901901245,0.5061538219451904,0.9123076796531677,0.9523077011108398,0.7225431799888611,0.042841605842113495,0.1573540549725294
415,1.27223801612854,12.778653144836426,0.8514191508293152,0.6277039647102356,0.5689037442207336,1.092123031616211,0.5076923370361328,0.9123076796531677,0.9507692456245422,0.7219446897506714,0.04279784578830004,0.15714314673095942
416,1.2722368240356445,12.784441947937012,0.851506769657135,0.6277132630348206,0.5685940980911255,1.0921465158462524,0.5076923370361328,0.9123076796531677,0.9523077011108398,0.7219427824020386,0.04275714699178934,0.1585429422557354
417,1.2722359895706177,12.79023265838623,0.8515942692756653,0.6277225613594055,0.5688844323158264,1.092046856880188,0.5046153664588928,0.9123076796531677,0.9523077011108398,0.7219124436378479,0.042753287591040134,0.15642580576241016
418,1.2722351551055908,12.796026229858398,0.8516814708709717,0.6277318000793457,0.5690624713897705,1.0927937030792236,0.5061538219451904,0.9123076796531677,0.9523077011108398,0.7224823236465454,0.04278871603310108,0.15651548374444246
419,1.2722339630126953,12.8018217086792,0.8517683744430542,0.6277412176132202,0.5690082907676697,1.0926586389541626,0.5061538219451904,0.9123076796531677,0.9523077011108398,0.722400426864624,0.042770675383508205,0.15712241642177105
420,1.2722326517105103,12.80762004852295,0.8518552780151367,0.6277504563331604,0.568937361240387,1.0923850536346436,0.5046153664588928,0.9123076796531677,0.9538461565971375,0.7221438884735107,0.042757476679980755,0.15716572664678097
421,1.272231936454773,12.813420295715332,0.8519419431686401,0.6277598142623901,0.5688433051109314,1.0919477939605713,0.5030769109725952,0.9123076796531677,0.9523077011108398,0.7218244075775146,0.04275131598114967,0.15644640382379293
422,1.272231101989746,12.819223403930664,0.8520283699035645,0.627769410610199,0.5689138770103455,1.0922986268997192,0.5046153664588928,0.9123076796531677,0.9538461565971375,0.7220743894577026,0.04273517709225416,0.15705922804772854
423,1.2722299098968506,12.825028419494629,0.852114737033844,0.6277790665626526,0.5689029097557068,1.092245101928711,0.5046153664588928,0.9123076796531677,0.9538461565971375,0.7220914363861084,0.042734856717288494,0.15706947818398476
424,1.2722285985946655,12.830838203430176,0.8522009253501892,0.6277883052825928,0.568912148475647,1.092350721359253,0.5046153664588928,0.9123076796531677,0.9507692456245422,0.7221126556396484,0.04272622615098953,0.15644764434546232
425,1.2722277641296387,12.836647987365723,0.8522869944572449,0.6277974843978882,0.5690121650695801,1.0925925970077515,0.5046153664588928,0.9123076796531677,0.9523077011108398,0.7223167419433594,0.04268237855285406,0.1563261765986681
426,1.2722270488739014,12.842462539672852,0.852372944355011,0.6278068423271179,0.5688797831535339,1.0921710729599,0.5046153664588928,0.9123076796531677,0.9538461565971375,0.7219856977462769,0.04276819620281458,0.15721013583242893
427,1.2722254991531372,12.848278045654297,0.8524587154388428,0.6278159618377686,0.5690627098083496,1.0928725004196167,0.5061538219451904,0.9123076796531677,0.9523077011108398,0.722575843334198,0.0427685072645545,0.15719277691096067
428,1.2722251415252686,12.854096412658691,0.8525443077087402,0.6278253197669983,0.5689001083374023,1.0922647714614868,0.5046153664588928,0.9123076796531677,0.9538461565971375,0.7220627069473267,0.04279649630188942,0.15711191855370998
429,1.2722240686416626,12.859917640686035,0.8526297807693481,0.6278350353240967,0.5690609216690063,1.092853307723999,0.5061538219451904,0.9123076796531677,0.9523077011108398,0.7224782705307007,0.04278939589858055,0.1564953438937664
430,1.2722232341766357,12.865740776062012,0.8527151346206665,0.6278449296951294,0.5689690113067627,1.0925114154815674,0.5046153664588928,0.9123076796531677,0.9523077011108398,0.7222427725791931,0.042931415140628815,0.15751343313604593
431,1.2722220420837402,12.871567726135254,0.8528003692626953,0.627854585647583,0.5690381526947021,1.0927577018737793,0.5061538219451904,0.9123076796531677,0.9523077011108398,0.7224659323692322,0.04274390731006861,0.15717219654470682
432,1.2722210884094238,12.877397537231445,0.852885365486145,0.6278641223907471,0.56894451379776,1.0924245119094849,0.5046153664588928,0.9123076796531677,0.9523077011108398,0.7222051024436951,0.04275871627032757,0.1572526954114437
433,1.272220253944397,12.88322925567627,0.8529702425003052,0.627873420715332,0.5690097808837891,1.0927097797393799,0.5046153664588928,0.9123076796531677,0.9523077011108398,0.722399890422821,0.04283059574663639,0.15712624695152044
434,1.2722194194793701,12.889063835144043,0.8530546426773071,0.627882719039917,0.5690242052078247,1.0924479961395264,0.5076923370361328,0.9123076796531677,0.9507692456245422,0.7221889495849609,0.042731366120278835,0.157105247490108
435,1.2722182273864746,12.894901275634766,0.8531389236450195,0.6278918981552124,0.5690394639968872,1.0929744243621826,0.5046153664588928,0.9123076796531677,0.9523077011108398,0.7225778102874756,0.04281069617718458,0.1578396689146757
436,1.2722175121307373,12.900741577148438,0.8532229661941528,0.627901017665863,0.5690241456031799,1.0927274227142334,0.5061538219451904,0.9123076796531677,0.9523077011108398,0.7224370241165161,0.0428038164973259,0.1572236968204379
437,1.272216558456421,12.906584739685059,0.8533070087432861,0.627910315990448,0.569066047668457,1.092909812927246,0.5046153664588928,0.9123076796531677,0.9523077011108398,0.7224934101104736,0.042728557251393795,0.15635599568486214
438,1.2722153663635254,12.912430763244629,0.8533907532691956,0.6279195547103882,0.5690606236457825,1.0927218198776245,0.5061538219451904,0.9123076796531677,0.9523077011108398,0.7224466800689697,0.04270216729491949,0.15710766706615686
439,1.272214651107788,12.918279647827148,0.8534743785858154,0.6279289126396179,0.568910539150238,1.092071771621704,0.5046153664588928,0.9123076796531677,0.9523077011108398,0.721951425075531,0.04272989649325609,0.15712030697613955
440,1.2722134590148926,12.924131393432617,0.8535578846931458,0.6279381513595581,0.5689753293991089,1.0926673412322998,0.5046153664588928,0.9123076796531677,0.9538461565971375,0.7223902344703674,0.042794167064130306,0.1570839872583747
441,1.272212266921997,12.929986000061035,0.8536410927772522,0.6279469728469849,0.5690485835075378,1.092812180519104,0.5046153664588928,0.9123076796531677,0.9523077011108398,0.7224590182304382,0.0427270270884037,0.15639543533325195
442,1.2722115516662598,12.935842514038086,0.8537241220474243,0.627955973148346,0.569097638130188,1.0929713249206543,0.5061538219451904,0.9123076796531677,0.9523077011108398,0.722586989402771,0.04273207671940327,0.15714659728109837
443,1.2722110748291016,12.941703796386719,0.8538068532943726,0.6279653310775757,0.5691383481025696,1.093025803565979,0.5061538219451904,0.9123076796531677,0.9523077011108398,0.7226705551147461,0.042774347588419914,0.1564617156982422
444,1.2722100019454956,12.947566032409668,0.8538894653320312,0.6279747486114502,0.5690415501594543,1.0928230285644531,0.5061538219451904,0.9123076796531677,0.9523077011108398,0.7225022912025452,0.042748287320137024,0.15710525773465633
445,1.2722086906433105,12.953431129455566,0.8539717793464661,0.6279842257499695,0.5690768957138062,1.092827320098877,0.5061538219451904,0.9123076796531677,0.9523077011108398,0.7225158214569092,0.042773245833814144,0.15717576630413532
446,1.272207498550415,12.95930004119873,0.8540538549423218,0.6279934048652649,0.5691090822219849,1.0930637121200562,0.5061538219451904,0.9123076796531677,0.9523077011108398,0.7227152585983276,0.042725986801087856,0.15713292732834816
447,1.2722066640853882,12.965171813964844,0.8541357517242432,0.6280023455619812,0.5689666271209717,1.0923889875411987,0.5046153664588928,0.9123076796531677,0.9523077011108398,0.7221856713294983,0.04272996634244919,0.15710245724767447
448,1.2722058296203613,12.971046447753906,0.8542174100875854,0.6280112266540527,0.5691821575164795,1.0931780338287354,0.5061538219451904,0.9123076796531677,0.9523077011108398,0.7227667570114136,0.04270354751497507,0.15636645630002022
449,1.272205114364624,12.976924896240234,0.854299008846283,0.628020167350769,0.569311261177063,1.0932644605636597,0.5061538219451904,0.9123076796531677,0.9523077011108398,0.722861647605896,0.04273443669080734,0.15708401706069708
450,1.272203803062439,12.982805252075195,0.8543806076049805,0.6280291080474854,0.568981409072876,1.0925798416137695,0.5046153664588928,0.9123076796531677,0.9523077011108398,0.7222902178764343,0.042756167240440845,0.15719457622617483
451,1.272202730178833,12.988688468933105,0.8544621467590332,0.6280377507209778,0.5691168904304504,1.092936396598816,0.5061538219451904,0.9123076796531677,0.9523077011108398,0.722649335861206,0.04274952597916126,0.15642135497182608
452,1.2722021341323853,12.994574546813965,0.8545435070991516,0.6280466914176941,0.5690841674804688,1.0928386449813843,0.5061538219451904,0.9123076796531677,0.9523077011108398,0.7225419282913208,0.04274454712867737,0.15640936512500048
453,1.2722015380859375,13.00046443939209,0.85462486743927,0.6280561089515686,0.5689560174942017,1.0923823118209839,0.5046153664588928,0.9123076796531677,0.9507692456245422,0.7221772074699402,0.0427448358386755,0.157177465967834
454,1.2722002267837524,13.00635814666748,0.8547062277793884,0.6280655860900879,0.5690863132476807,1.092997670173645,0.5061538219451904,0.9123076796531677,0.9523077011108398,0.7226312756538391,0.042742217890918255,0.15711324848234653
455,1.2721996307373047,13.012251853942871,0.8547873497009277,0.6280751824378967,0.5689718127250671,1.0924450159072876,0.5046153664588928,0.9123076796531677,0.9507692456245422,0.7222326993942261,0.04272978659719229,0.15720389690250158
456,1.2721986770629883,13.018150329589844,0.8548683524131775,0.6280847787857056,0.5689685344696045,1.0923633575439453,0.5046153664588928,0.9123076796531677,0.9538461565971375,0.7221373319625854,0.0427744360640645,0.15715533681213856
457,1.2721973657608032,13.024051666259766,0.8549491763114929,0.6280938982963562,0.5689335465431213,1.0923025608062744,0.5046153664588928,0.9123076796531677,0.9507692456245422,0.7221224308013916,0.042716736905276775,0.1570680784061551
458,1.2721965312957764,13.029956817626953,0.8550295829772949,0.6281027793884277,0.5691014528274536,1.0930514335632324,0.5061538219451904,0.9123076796531677,0.9523077011108398,0.7226840257644653,0.042733555659651756,0.15711204707622528
459,1.2721959352493286,13.03586483001709,0.8551098704338074,0.6281114816665649,0.5691770315170288,1.093149185180664,0.5061538219451904,0.9123076796531677,0.9523077011108398,0.7227839827537537,0.04271968733519316,0.15705751813948154
460,1.2721949815750122,13.041775703430176,0.8551899194717407,0.6281203627586365,0.5690768361091614,1.0928858518600464,0.5046153664588928,0.9123076796531677,0.9523077011108398,0.7225400805473328,0.04278268665075302,0.15649686474353075
461,1.2721939086914062,13.047690391540527,0.8552697896957397,0.6281290054321289,0.5689387321472168,1.0924433469772339,0.5046153664588928,0.9123076796531677,0.9538461565971375,0.722206711769104,0.0427401177585125,0.15712695755064487
462,1.272193193435669,13.053606986999512,0.8553495407104492,0.6281378269195557,0.5690941214561462,1.0929036140441895,0.5061538219451904,0.9123076796531677,0.9523077011108398,0.7225748896598816,0.04267999716103077,0.15708531718701124
463,1.2721922397613525,13.059528350830078,0.8554290533065796,0.628146767616272,0.5691434144973755,1.093057632446289,0.5061538219451904,0.9123076796531677,0.9523077011108398,0.7227129340171814,0.04279340524226427,0.15773714985698462
464,1.2721915245056152,13.065451622009277,0.8555083274841309,0.6281560063362122,0.5689968466758728,1.0924712419509888,0.5061538219451904,0.9123076796531677,0.9507692456245422,0.7222390174865723,0.042767385952174664,0.15715427696704865
465,1.2721905708312988,13.071377754211426,0.8555876016616821,0.6281654834747314,0.5691080689430237,1.0929545164108276,0.5061538219451904,0.9123076796531677,0.9523077011108398,0.7226027846336365,0.042737046256661415,0.1570551386103034
466,1.2721893787384033,13.077308654785156,0.8556667566299438,0.6281747221946716,0.5691665410995483,1.0931086540222168,0.5061538219451904,0.9123076796531677,0.9523077011108398,0.7227565050125122,0.0427651759237051,0.15640385542064905
467,1.272188663482666,13.083240509033203,0.8557459115982056,0.6281838417053223,0.5690175890922546,1.0926958322525024,0.5046153664588928,0.9123076796531677,0.9523077011108398,0.722396731376648,0.04275169596076012,0.1571386568248272
468,1.2721877098083496,13.089176177978516,0.8558248281478882,0.628192663192749,0.5690128803253174,1.0926192998886108,0.5046153664588928,0.9123076796531677,0.9523077011108398,0.7223311066627502,0.042766837403178215,0.15648548491299152
469,1.2721869945526123,13.095115661621094,0.8559035658836365,0.6282014846801758,0.5691289901733398,1.093005657196045,0.5061538219451904,0.9123076796531677,0.9523077011108398,0.7226613163948059,0.04272202681750059,0.15642032492905855
470,1.2721859216690063,13.101058006286621,0.85598224401474,0.6282102465629578,0.5690080523490906,1.0925827026367188,0.5046153664588928,0.9123076796531677,0.9507692456245422,0.7223307490348816,0.0427141971886158,0.15635315515100956
471,1.27218496799469,13.107003211975098,0.8560607433319092,0.6282188892364502,0.5689579248428345,1.0925313234329224,0.5046153664588928,0.9123076796531677,0.9523077011108398,0.7222459316253662,0.04271620698273182,0.15701544750481844
472,1.2721843719482422,13.11295223236084,0.856139063835144,0.628227710723877,0.5691283941268921,1.0930992364883423,0.5061538219451904,0.9123076796531677,0.9523077011108398,0.7227451801300049,0.04271009750664234,0.15702585875988007
473,1.2721836566925049,13.118903160095215,0.8562175035476685,0.6282367706298828,0.5690232515335083,1.092629075050354,0.5046153664588928,0.9123076796531677,0.9523077011108398,0.7223854660987854,0.04273269698023796,0.1570243276655674
474,1.2721824645996094,13.124857902526855,0.8562957048416138,0.6282457709312439,0.5691497921943665,1.09326171875,0.5061538219451904,0.9123076796531677,0.9523077011108398,0.7228208780288696,0.04272350762039423,0.1571360770612955
475,1.2721818685531616,13.130816459655762,0.8563737869262695,0.6282550096511841,0.5689792037010193,1.092641830444336,0.5046153664588928,0.9123076796531677,0.9523077011108398,0.7223070859909058,0.04276782646775246,0.15711217746138573
476,1.272180438041687,13.136777877807617,0.8564517498016357,0.6282637715339661,0.5689874887466431,1.0926038026809692,0.5046153664588928,0.9123076796531677,0.9523077011108398,0.7223634123802185,0.042743236757814884,0.15711800754070282
477,1.2721799612045288,13.142743110656738,0.8565294742584229,0.6282724738121033,0.5691015124320984,1.0930323600769043,0.5046153664588928,0.9123076796531677,0.9523077011108398,0.7226839065551758,0.042738836258649826,0.15710822772234678
478,1.272179126739502,13.148711204528809,0.8566070795059204,0.6282811164855957,0.568973958492279,1.0925778150558472,0.5046153664588928,0.9123076796531677,0.9523077011108398,0.7222957611083984,0.04272807668894529,0.15709933824837208
479,1.272178292274475,13.154682159423828,0.8566845655441284,0.6282899379730225,0.569117546081543,1.0930736064910889,0.5061538219451904,0.9123076796531677,0.9523077011108398,0.7227347493171692,0.042728486470878124,0.15709248650819063
480,1.27217698097229,13.160656929016113,0.8567618727684021,0.6282985210418701,0.5690677762031555,1.0927634239196777,0.5046153664588928,0.9123076796531677,0.9523077011108398,0.7224892377853394,0.042715867049992085,0.15636532567441463
481,1.2721760272979736,13.166635513305664,0.8568389415740967,0.6283069252967834,0.5689826607704163,1.09249746799469,0.5046153664588928,0.9123076796531677,0.9523077011108398,0.7222858667373657,0.04293640423566103,0.1573855234310031
482,1.2721754312515259,13.172616004943848,0.8569159507751465,0.6283154487609863,0.5690100789070129,1.092623233795166,0.5046153664588928,0.9123076796531677,0.9507692456245422,0.7223085761070251,0.042799885384738445,0.15650716330856085
483,1.2721750736236572,13.178601264953613,0.856992781162262,0.6283245086669922,0.5689629912376404,1.0923742055892944,0.5046153664588928,0.9123076796531677,0.9523077011108398,0.7221673727035522,0.04276551678776741,0.1564606036990881
484,1.2721738815307617,13.184589385986328,0.8570694923400879,0.6283338069915771,0.5690152645111084,1.0926930904388428,0.5046153664588928,0.9123076796531677,0.9523077011108398,0.7224181890487671,0.042723046615719795,0.15713868662714958
485,1.2721731662750244,13.190581321716309,0.857146143913269,0.6283431053161621,0.5691760778427124,1.0932217836380005,0.5061538219451904,0.9123076796531677,0.9523077011108398,0.7228273153305054,0.04272663686424494,0.15710061695426702
486,1.2721725702285767,13.196576118469238,0.8572227358818054,0.6283525824546814,0.5690812468528748,1.0929611921310425,0.5046153664588928,0.9123076796531677,0.9523077011108398,0.7226215600967407,0.04276966582983732,0.157144445925951
487,1.2721714973449707,13.202573776245117,0.8572990894317627,0.6283618807792664,0.5690304040908813,1.0927196741104126,0.5046153664588928,0.9123076796531677,0.9523077011108398,0.722445011138916,0.042724897153675556,0.1571262776851654
488,1.2721703052520752,13.208576202392578,0.8573751449584961,0.6283705234527588,0.5691178441047668,1.0930886268615723,0.5061538219451904,0.9123076796531677,0.9523077011108398,0.7227469086647034,0.042731767520308495,0.15708073880523443
489,1.272170066833496,13.214581489562988,0.8574511408805847,0.6283790469169617,0.5691571235656738,1.093164324760437,0.5046153664588928,0.9123076796531677,0.9523077011108398,0.7227596044540405,0.04270641691982746,0.15658761281520128
490,1.2721688747406006,13.220589637756348,0.8575268387794495,0.6283872723579407,0.5691609382629395,1.0931111574172974,0.5061538219451904,0.9123076796531677,0.9523077011108398,0.7227328419685364,0.04276589769870043,0.15715654753148556
491,1.2721679210662842,13.226601600646973,0.8576024770736694,0.6283953189849854,0.5689690709114075,1.0923824310302734,0.5061538219451904,0.9123076796531677,0.9507692456245422,0.7221235632896423,0.042816365137696266,0.15714701637625694
492,1.272167444229126,13.232617378234863,0.8576779365539551,0.6284036040306091,0.5690299868583679,1.0926892757415771,0.5046153664588928,0.9123076796531677,0.9523077011108398,0.7223969101905823,0.04275874700397253,0.1571462769061327
493,1.2721662521362305,13.238636016845703,0.857753336429596,0.6284120082855225,0.569042980670929,1.0927579402923584,0.5046153664588928,0.9123076796531677,0.9523077011108398,0.7224915027618408,0.04274826683104038,0.15718251653015614
494,1.2721654176712036,13.244657516479492,0.857828676700592,0.6284207701683044,0.5690913796424866,1.0930089950561523,0.5046153664588928,0.9123076796531677,0.9523077011108398,0.7226698398590088,0.042722766287624836,0.15724156517535448
495,1.2721643447875977,13.250682830810547,0.8579039573669434,0.6284294724464417,0.5691776871681213,1.0931854248046875,0.5046153664588928,0.9123076796531677,0.9523077011108398,0.7228206992149353,0.04275679774582386,0.157181597314775
496,1.27216374874115,13.256711959838867,0.8579791188240051,0.628438413143158,0.5690971612930298,1.0930076837539673,0.5046153664588928,0.9123076796531677,0.9523077011108398,0.7226561307907104,0.04276278708130121,0.1571938470005989
497,1.2721625566482544,13.262744903564453,0.8580541610717773,0.6284471154212952,0.5689813494682312,1.0926015377044678,0.5046153664588928,0.9123076796531677,0.9523077011108398,0.7223729491233826,0.04278423544019461,0.1571388365700841
498,1.2721619606018066,13.268780708312988,0.8581291437149048,0.6284557580947876,0.5689534544944763,1.092549204826355,0.5046153664588928,0.9123076796531677,0.9523077011108398,0.7222710847854614,0.042801626957952976,0.15723102539777756
499,1.2721610069274902,13.274820327758789,0.8582038879394531,0.6284643411636353,0.5690956115722656,1.093111515045166,0.5046153664588928,0.9123076796531677,0.9523077011108398,0.7226930260658264,0.042789995670318604,0.15818921476602554
