iteration,loss,lengthscale,outputscale,likelyhood_noise,test_MAE,test_NLL,test_PICP50,test_PICP90,test_PICP95,test_RMSE,it_time_training,it_time
0,1.3931281350099298,2.468884160800551,0.6443966691757574,0.6444966667412002,0.6105063611187632,1.1963441312989063,0.6127819418907166,0.9530075192451477,0.9661654233932495,0.7707227914596237,0.42251084465533495,0.5907465936616063
1,1.3735063177424207,2.647208385151615,0.5982572168793295,0.5983023303077254,0.6034851585215738,1.1723518102003647,0.5958646535873413,0.9436089992523193,0.9642857313156128,0.7621160062857997,0.03366717975586653,0.183933493681252
2,1.3563471739972135,2.833175558764296,0.5554919098481679,0.5552160373920567,0.5965797219299367,1.15149459018147,0.5789473652839661,0.9379699230194092,0.9605262875556946,0.7552912557181231,0.032315392047166824,0.1805217256769538
3,1.3270508653329813,3.027900810462279,0.5165370941249354,0.5149526911121741,0.590662581306822,1.1342186908929923,0.548872172832489,0.932330846786499,0.9567669034004211,0.7497013566908757,0.03239115234464407,0.1805665660649538
4,1.3135729001446608,3.230738535832432,0.48130204880906813,0.4778825329120039,0.5854706143681211,1.1207098172427694,0.5413534045219421,0.9229323267936707,0.9530075192451477,0.7446381759210527,0.032397521659731865,0.18046510685235262
5,1.3066581988497319,3.4388078224758,0.4499672374905135,0.44487274435918683,0.5806307293163778,1.1109983730744426,0.5357142686843872,0.9210526347160339,0.9454887509346008,0.7395807279944253,0.032776568084955215,0.1807528343051672
6,1.2971388589541752,3.6514576904001386,0.4232407658762175,0.41743687573652666,0.5757040624787929,1.1045019139647767,0.518796980381012,0.9154135584831238,0.9360902309417725,0.734180520794343,0.03267135936766863,0.1817711442708969
7,1.292297610439888,3.8659984526417306,0.4021099680891249,0.39776957295377785,0.5714155651717802,1.1013951107824722,0.5018796920776367,0.902255654335022,0.9304511547088623,0.7293659048341359,0.03237023111432791,0.1821159804239869
8,1.2926892362986382,4.078401799992199,0.3869773582006904,0.3877235713111521,0.5676065624324321,1.0994481615245462,0.47932329773902893,0.8890977501869202,0.9304511547088623,0.7249917179328861,0.032609219662845135,0.18251777812838554
9,1.2858128553326702,4.288445964009073,0.3771412460225227,0.38560385323824986,0.5628311503200394,1.095764551384359,0.4736842215061188,0.8815789222717285,0.9285714030265808,0.7202963592503911,0.03218998294323683,0.18266533594578505
10,1.2759611609027766,4.49497629677201,0.372089861731205,0.39021723016674875,0.5596585279226405,1.0917414399895304,0.4736842215061188,0.8815789222717285,0.9266917109489441,0.716477973044235,0.03283039666712284,0.1833190992474556
11,1.2679946109789515,4.696939884331651,0.3712558200758852,0.4001890141496123,0.5571002609397583,1.086949752805857,0.48308271169662476,0.8759398460388184,0.9248120188713074,0.713210277356564,0.03245545085519552,0.18321253079921007
12,1.2652339968744357,4.894471345473253,0.3733623979785832,0.41464458319079645,0.5550763504073328,1.081618907771043,0.49248120188713074,0.8778195381164551,0.9266917109489441,0.7103268911070124,0.032009415328502655,0.18334214016795158
13,1.266986506379437,5.088616115675614,0.3772936132382662,0.4327303914210571,0.5527663252817593,1.0758763174843156,0.5075187683105469,0.8815789222717285,0.9360902309417725,0.7075477897458052,0.03192295599728823,0.18342613894492388
14,1.2567756833190664,5.279310456793117,0.3823799135501481,0.45319024847778827,0.5508083393506736,1.0707549564804124,0.5131579041481018,0.8853383660316467,0.9398496150970459,0.7051040007181458,0.03188351634889841,0.1834154287353158
15,1.2559639515123118,5.464772615244399,0.388074594310574,0.47558536712257493,0.54927600050873,1.0665486267485091,0.5131579041481018,0.8947368264198303,0.9417293071746826,0.7029878116554075,0.03218763321638107,0.18362645618617535
16,1.2405387923198619,5.645557517297218,0.39463368604177557,0.49907029530479086,0.5478478231567971,1.0633137840686802,0.5281955003738403,0.8984962701797485,0.9417293071746826,0.7010833811957756,0.03209227416664362,0.18363196682184935
17,1.2368921902015402,5.824822940671038,0.40124156490282614,0.5217739687418568,0.5465514781439613,1.0612227297298042,0.5375939607620239,0.902255654335022,0.9454887509346008,0.6995086044632138,0.03220124263316393,0.1836714968085289
18,1.241557358195502,6.00259666691981,0.4078474738881279,0.5439410965187735,0.545095098033621,1.059557186117588,0.5469924807548523,0.9078947305679321,0.9454887509346008,0.6978136483887822,0.03197922557592392,0.18352983705699444
19,1.2387830162694013,6.175929955880266,0.4142570951817617,0.5649049836792455,0.543965972521429,1.0585780924118893,0.5601503849029541,0.9154135584831238,0.9473684430122375,0.6963131097320627,0.03195513505488634,0.1842801310122013
20,1.23162383173774,6.348546213219691,0.42005938801411097,0.581818037739926,0.5427363606101376,1.057896196776669,0.5620300769805908,0.9172932505607605,0.9492481350898743,0.694961940194935,0.03270054887980223,0.18442713003605604
21,1.236697634937547,6.517989255479959,0.4248268170285377,0.5944720239768502,0.5414247298662809,1.057273056518111,0.5657894611358643,0.9191729426383972,0.9530075192451477,0.6937625860181517,0.03229487221688032,0.18380512483417988
22,1.2340137057232536,6.6837165698101115,0.42890169817029467,0.6032644461725277,0.5404446905969611,1.0565474734395952,0.5695488452911377,0.9210526347160339,0.9530075192451477,0.6926803693350422,0.03212041314691305,0.1846111286431551
23,1.2312892236816175,6.8441769881582495,0.43253086657997586,0.6074935654067656,0.5396034593606788,1.0555800764072183,0.5695488452911377,0.9210526347160339,0.9530075192451477,0.6917024401458051,0.03203015495091677,0.18385705538094044
24,1.2363348051236525,6.99968702784454,0.4353966339974219,0.608152827892241,0.5388244304141404,1.0546215740244311,0.5733082890510559,0.9210526347160339,0.9530075192451477,0.690990845683008,0.03256874065846205,0.1859255563467741
25,1.2261720464574872,7.149844441864236,0.43811689536961196,0.6054306518769516,0.5379268299506859,1.0530209274166418,0.5695488452911377,0.9191729426383972,0.9530075192451477,0.68998762591318,0.03216263372451067,0.184734676964581
26,1.2285817157930208,7.293688556523779,0.4406112782889956,0.5996419660140107,0.5373960893975073,1.0516147180114281,0.567669153213501,0.9154135584831238,0.951127827167511,0.6893265928258464,0.03243261110037565,0.18478770554065704
27,1.2255646665302795,7.427898080470816,0.4436923348617998,0.5925514000142605,0.5366595026271122,1.050165774739992,0.5620300769805908,0.9154135584831238,0.951127827167511,0.688646535222732,0.032633839175105095,0.1849312949925661
28,1.2297039846950688,7.555550341575196,0.446568071475946,0.5842694482258056,0.5362356708522141,1.0488501962661294,0.5582706928253174,0.9154135584831238,0.951127827167511,0.688084945841168,0.03213915415108204,0.18438147008419037
29,1.229056500739133,7.676001028168177,0.44946580638124856,0.5749781516217526,0.5357814974009191,1.0476206995758308,0.5507518649101257,0.9154135584831238,0.9492481350898743,0.6875528556184622,0.03250925987958908,0.18475719634443521
30,1.2283715162414388,7.791471399319367,0.4523821091327592,0.5657742655126045,0.5353713435760105,1.0465918033785953,0.548872172832489,0.9135338068008423,0.9473684430122375,0.6870787336761105,0.03197468537837267,0.18456668872386217
31,1.2236780030245358,7.8993195048368925,0.45599446215799677,0.5569385683567023,0.535415282295806,1.0464524597804146,0.5375939607620239,0.9116541147232056,0.9473684430122375,0.687152894890586,0.0318478774279356,0.1848685061559081
32,1.2255988674321014,7.9990131476426045,0.46012839228996755,0.5487452224664473,0.5350563801560723,1.045831554465859,0.5357142686843872,0.9078947305679321,0.9454887509346008,0.6867743498537511,0.03183475602418184,0.18490952532738447
33,1.2243305644751419,8.089802917944162,0.4650984234035201,0.54191544897651,0.534704178340577,1.0453530272827334,0.5263158082962036,0.9060150384902954,0.9436089992523193,0.6864199690727878,0.031821876764297485,0.18483047559857368
34,1.2310946863174022,8.176614281224714,0.4701252583585128,0.5360068347997179,0.5343525423266658,1.0449438590862963,0.5244361162185669,0.9041353464126587,0.9436089992523193,0.686069651054846,0.0318064671009779,0.18475972674787045
35,1.2317201512611902,8.259606889608529,0.47516046648760923,0.5310899795922194,0.5339896960821824,1.044587399254832,0.518796980381012,0.902255654335022,0.9417293071746826,0.6857302928448811,0.03285359684377909,0.18660152982920408
36,1.22630098972957,8.335701186920934,0.48093980556796756,0.5283703618975384,0.5336508678124623,1.0442670671754954,0.5169172883033752,0.9003759622573853,0.9417293071746826,0.6854223435286224,0.03422408364713192,0.18778990767896175
37,1.224204552621883,8.401763976545674,0.48774356777453265,0.5275399485927694,0.5333304454753905,1.0439428823075025,0.5169172883033752,0.9003759622573853,0.9417293071746826,0.6851341910631462,0.03394394740462303,0.18788101710379124
38,1.2249132779637582,8.46149272649072,0.4950180505716269,0.5287450053702019,0.5330325709465511,1.0436264357564558,0.5206766724586487,0.9003759622573853,0.9417293071746826,0.6848828256672402,0.033839537762105465,0.18694755528122187
39,1.2243093702933678,8.516824833007245,0.5026649704122501,0.5309325713062459,0.5327989219905561,1.0433776823800114,0.5206766724586487,0.902255654335022,0.9417293071746826,0.6846881396170663,0.03460575081408024,0.18766249995678663
40,1.228446031537565,8.56359566296197,0.5106597614492012,0.53513571367397,0.5335990047404066,1.0440334170333043,0.5206766724586487,0.902255654335022,0.9417293071746826,0.685157647234517,0.033749548718333244,0.18772230856120586
41,1.2281820669344092,8.605011158948422,0.5192272707155442,0.5413375345385038,0.5335093643693215,1.0440968158973276,0.5263158082962036,0.902255654335022,0.9454887509346008,0.6851740813227045,0.033713809214532375,0.18767688050866127
42,1.2325292058739445,8.642677248060313,0.527216457734821,0.5480513230576773,0.5334354031372543,1.0442110187341775,0.5281955003738403,0.9097744226455688,0.9473684430122375,0.6851829255050479,0.033778268843889236,0.1880191657692194
43,1.2208134202752352,8.676462450687172,0.5355410635033837,0.5545051665782156,0.5333799617245049,1.044419248372808,0.5281955003738403,0.9097744226455688,0.9473684430122375,0.6852113076839272,0.03398694656789303,0.18795137759298086
44,1.2289129458408932,8.709416278309053,0.5434033068761359,0.5607263490614636,0.5332973950526185,1.044631105101923,0.5338345766067505,0.9116541147232056,0.9473684430122375,0.6852047678530212,0.03381099924445152,0.18785208836197853
45,1.2286305034699097,8.742155045880423,0.5504121713478568,0.5663154245308968,0.5332543346226855,1.044910309662934,0.5375939607620239,0.9154135584831238,0.9492481350898743,0.6852305654452128,0.03391897864639759,0.187967237085104
46,1.2270181188605527,8.774580160028712,0.5565167486407998,0.5700999861507289,0.533242671666915,1.0451845298042353,0.5394737124443054,0.9154135584831238,0.9492481350898743,0.6852838430900668,0.03386095818132162,0.1877448996528983
47,1.2218454369897405,8.80590285691372,0.5623612008154147,0.5714138630971166,0.533312752777529,1.045484280501352,0.5432330965995789,0.9154135584831238,0.9492481350898743,0.6854224778231672,0.03387864865362644,0.18780187889933586
48,1.2235081620280044,8.83793256118719,0.567786666158192,0.5713817961234845,0.5334175854496698,1.0457878085459056,0.5432330965995789,0.9135338068008423,0.9492481350898743,0.6856081597458649,0.03373534884303808,0.18783539813011885
49,1.2234178168900565,8.871865456831465,0.572607226929091,0.5697020538368829,0.5335070064451416,1.0460072119444537,0.5432330965995789,0.9135338068008423,0.9492481350898743,0.6857884594593022,0.03389900643378496,0.18777793738991022
50,1.2234113219987002,8.90211343817464,0.5771946864712696,0.5677579300281456,0.5336647846629874,1.0463593087440841,0.5432330965995789,0.9135338068008423,0.9492481350898743,0.6860725373413418,0.034749110229313374,0.18872595019638538
51,1.2335055109752489,8.934307569420858,0.5801791765037762,0.5648968789482901,0.5339271472121746,1.046891246867113,0.5432330965995789,0.9135338068008423,0.9473684430122375,0.6865199205567994,0.033795529045164585,0.1877135904505849
52,1.2231248432434025,8.966029633849072,0.5830344700787179,0.5612120081620366,0.5341257277098402,1.047359830515125,0.5413534045219421,0.9135338068008423,0.9454887509346008,0.6869308627784161,0.033791438676416874,0.1877205204218626
53,1.2171872149835758,8.999062499662498,0.5858767283558048,0.5562951100114609,0.5343522876232384,1.0478853094511327,0.5394737124443054,0.9116541147232056,0.9473684430122375,0.6873882527496389,0.03375439904630184,0.1877032397314906
54,1.2203174072743916,9.036885295069185,0.5880842806373335,0.5499146415320018,0.5344229184653525,1.0480691429395306,0.5375939607620239,0.9116541147232056,0.9473684430122375,0.6875893897311001,0.034790619276463985,0.18897500727325678
55,1.2272312991062821,9.07085735287171,0.5894911491642784,0.5437374751022311,0.5344172465252123,1.0481713962730872,0.5357142686843872,0.9097744226455688,0.9473684430122375,0.6876889956607202,0.03387269750237465,0.18772659916430712
56,1.2172117341181712,9.101925979249764,0.5914709366323565,0.5383256249954058,0.534371601687301,1.0482605603475577,0.5338345766067505,0.9078947305679321,0.9454887509346008,0.6877377110581387,0.034791698679327965,0.1886855699121952
57,1.219666073970237,9.129872629167535,0.5939687175525703,0.5339213810628153,0.5343189743127118,1.048358151380028,0.5319548845291138,0.9078947305679321,0.9454887509346008,0.6877698076587448,0.035655681043863297,0.18962244223803282
58,1.2223451949478998,9.157566673426096,0.5966079427931983,0.5312909396306021,0.5342931528399242,1.0484336080025576,0.5319548845291138,0.9041353464126587,0.9454887509346008,0.6877919021838814,0.03663037344813347,0.1905315639451146
59,1.2238520720457617,9.184262646249191,0.5988991801388183,0.5295331500908613,0.5342750222977529,1.048541094872653,0.5281955003738403,0.9041353464126587,0.9454887509346008,0.6878409370556416,0.03572640102356672,0.18964730203151703
60,1.220266118185437,9.208833343612556,0.6013702305630174,0.5289610345816735,0.5342881995864849,1.048689134062571,0.5244361162185669,0.9060150384902954,0.9454887509346008,0.6879182129216392,0.03637285437434912,0.19035655446350574
61,1.2143926521232737,9.232066284245526,0.6048913727595883,0.5292680903784237,0.5342984084166664,1.0488372780199149,0.5263158082962036,0.9060150384902954,0.9454887509346008,0.687996272993977,0.035711401142179966,0.1895801518112421
62,1.2237450562315337,9.257066878372846,0.6081183372238262,0.5301411176531906,0.5341986927032532,1.048762579962022,0.530075192451477,0.9060150384902954,0.9454887509346008,0.6879381835804003,0.03578233998268843,0.18975832033902407
63,1.2250424542184253,9.281185116185764,0.6106165217235633,0.5319139044037826,0.5340666872133687,1.0485643666777242,0.530075192451477,0.9060150384902954,0.9454887509346008,0.6878097138872182,0.036212196573615074,0.19024428632110357
64,1.2199076398552595,9.30746880703024,0.6133826938747077,0.5351464057766331,0.5339511504772776,1.0483775992143871,0.5319548845291138,0.9078947305679321,0.9454887509346008,0.6876890329423528,0.036317965015769005,0.1905115032568574
65,1.2212052270286589,9.33382677489847,0.6159094658448742,0.5391020096106227,0.5338224154270126,1.0481688940488494,0.5338345766067505,0.9078947305679321,0.9473684430122375,0.6875468000454856,0.036529903300106525,0.19068929180502892
66,1.2177680249652112,9.359283939101008,0.618198062986224,0.5420123155351074,0.5336835280358867,1.0480051338036145,0.5357142686843872,0.9078947305679321,0.9473684430122375,0.6874178313719438,0.03686151001602411,0.1909349588677287
67,1.2234305428900782,9.388166146602947,0.6197760929214419,0.5442305743007119,0.5336072374262184,1.0479301579034588,0.5375939607620239,0.9078947305679321,0.9473684430122375,0.687343621615405,0.03566292114555836,0.18968209065496922
68,1.2251520575128487,9.414228984770608,0.6204262521144449,0.5460724251250128,0.5335706724265527,1.047856663517679,0.5375939607620239,0.9078947305679321,0.9473684430122375,0.6872719000969078,0.03600317798554897,0.19000971782952547
69,1.2245337661714457,9.4387829789813,0.6211152869023239,0.5488897249235921,0.5334948749413776,1.047720796034644,0.5375939607620239,0.9097744226455688,0.9473684430122375,0.687146367989721,0.03599555790424347,0.1901463372632861
70,1.2167285031667585,9.464641403797586,0.6217039927817818,0.5509239709492603,0.5333654328966836,1.0474781956984183,0.5394737124443054,0.9097744226455688,0.9473684430122375,0.6869510880400818,0.035738551057875156,0.18963860161602497
71,1.225901844513944,9.49108850636864,0.6211410515379416,0.5515200842566667,0.5332085044176709,1.0471762267947688,0.5413534045219421,0.9097744226455688,0.9473684430122375,0.6867301007684127,0.036066547967493534,0.19016993697732687
72,1.2251949140504137,9.517540792827502,0.6202305913243584,0.5524890355982529,0.5330296678668126,1.0468936284384907,0.5413534045219421,0.9097744226455688,0.9473684430122375,0.6865184372590294,0.03598132822662592,0.18996299896389246
73,1.2243029740780924,9.54273387429989,0.6193150222083833,0.553315111375615,0.5329176234824492,1.0467316524100867,0.5413534045219421,0.9097744226455688,0.9473684430122375,0.6863874648947933,0.035920518450438976,0.1899261586368084
74,1.2195622597762128,9.565500091756494,0.6192235393039337,0.5546121758665609,0.5328415140647029,1.0465488652631727,0.5413534045219421,0.9097744226455688,0.9473684430122375,0.6862348354423549,0.035671330988407135,0.18986503966152668
75,1.216439699271243,9.584213107506088,0.6198060371897857,0.5546475489140277,0.5328371563569573,1.0464492984205451,0.5413534045219421,0.9097744226455688,0.9473684430122375,0.686158589762478,0.035842359997332096,0.18978467024862766
76,1.2199957605901184,9.600991279457878,0.62051472272924,0.5547450980626162,0.5328283685750702,1.0463595173617333,0.5394737124443054,0.9097744226455688,0.9473684430122375,0.6860895926793517,0.03653760254383087,0.19125107675790787
77,1.222877167258473,9.615392466273708,0.6212775321090717,0.5557679831465049,0.5329158726864522,1.0464600901883656,0.5413534045219421,0.9097744226455688,0.9473684430122375,0.6861443522897418,0.03709095809608698,0.19104745890945196
78,1.2225346701978235,9.627493195176859,0.6219629839735743,0.5565770799856395,0.5330217611378023,1.046568763394791,0.5432330965995789,0.9097744226455688,0.9473684430122375,0.6862095882714635,0.03570261038839817,0.18960842210799456
79,1.2185887013753953,9.641007546616265,0.6228038988893838,0.5560281801700502,0.5330184737711804,1.0465298879862888,0.5413534045219421,0.9097744226455688,0.9473684430122375,0.6861871299560942,0.03587474953383207,0.1899987179785967
80,1.2219767482960338,9.654799244985885,0.6229439240305065,0.5537686301372424,0.5330697981467762,1.0465314157440229,0.5394737124443054,0.9097744226455688,0.9473684430122375,0.6862195194192336,0.03579537943005562,0.1902833553031087
81,1.2176755824338392,9.665952762234589,0.6240871783535858,0.5516355607365849,0.5331498141250627,1.0465945450806953,0.5375939607620239,0.9097744226455688,0.9473684430122375,0.6862845610185178,0.03673718124628067,0.19097490888088942
82,1.2231277470913888,9.678371726542409,0.6245382361857584,0.5488505284175248,0.5334229601396416,1.0469429475467138,0.5375939607620239,0.9097744226455688,0.9473684430122375,0.6866098848403607,0.03569932095706463,0.19045210350304842
83,1.224457957022501,9.689931666621854,0.6247085915660532,0.5476715551048776,0.5335134181819899,1.047051493687113,0.5375939607620239,0.9097744226455688,0.9473684430122375,0.6866956837239192,0.035662081092596054,0.19060893263667822
84,1.2294347120747764,9.705643470999176,0.6242092567854712,0.5464759042719297,0.5335785960125498,1.047103248232516,0.5357142686843872,0.9097744226455688,0.9473684430122375,0.6867443955481525,0.03570171073079109,0.1910654678940773
85,1.2205192718394389,9.720044043634095,0.6243080473538917,0.5454941235566013,0.5336492521887654,1.0471883362114045,0.5357142686843872,0.9097744226455688,0.9473684430122375,0.6868132287126295,0.03727050591260195,0.19237995613366365
86,1.2179006842280304,9.733561742621053,0.6248023625126748,0.5449383588931566,0.5337311328896958,1.047299509430032,0.5357142686843872,0.9097744226455688,0.9473684430122375,0.6868973670549503,0.035756729543209076,0.19088676944375038
87,1.2199726215067181,9.747436138545616,0.6254095703763507,0.5439636711874033,0.5338489283513921,1.0475080523627915,0.5338345766067505,0.9097744226455688,0.9473684430122375,0.6870479291804825,0.03625462669879198,0.19110056851059198
88,1.221395729098574,9.76035505022605,0.6259987238786747,0.5428335908580664,0.5340479257378843,1.0478369261039582,0.5338345766067505,0.9097744226455688,0.9473684430122375,0.6872765425782741,0.037912219762802124,0.19273617304861546
89,1.2142733313613956,9.772622185632438,0.6276785780673525,0.5424525671237858,0.5342463465179945,1.048163820175805,0.5338345766067505,0.9097744226455688,0.9473684430122375,0.6874983917771068,0.035741920582950115,0.19083147123456
90,1.2148417453880282,9.785153058569163,0.6303172996386067,0.5424079056057183,0.5344908303030422,1.0484948016025557,0.5338345766067505,0.9097744226455688,0.9473684430122375,0.6877240872018994,0.03766865190118551,0.1927410326898098
91,1.2261657721339632,9.801050918218685,0.6318226144147808,0.5432279615394497,0.5347628961945269,1.048701426562968,0.5319548845291138,0.9116541147232056,0.9473684430122375,0.6878663022742848,0.03646599408239126,0.19239572621881962
92,1.2218305273362529,9.815507660556284,0.6331638243855989,0.544789266209495,0.5344021661781572,1.0482672645929236,0.5338345766067505,0.9116541147232056,0.9473684430122375,0.6875556158882513,0.03701630886644125,0.1924516148865223
93,1.2211246502224788,9.827700896415946,0.6345595042217459,0.5468647919143805,0.5345424363986794,1.0483696487534482,0.5338345766067505,0.9116541147232056,0.9473684430122375,0.6876201130531655,0.03611404728144407,0.1910466980189085
94,1.2220121366608705,9.838877290948151,0.6356747310147247,0.5491617033489055,0.5344258149120514,1.0482192686735237,0.5357142686843872,0.9116541147232056,0.9473684430122375,0.6874979577392054,0.038770332001149654,0.19363876432180405
95,1.216298769012805,9.852324782974078,0.6372391204981567,0.550474913213807,0.5342343856770393,1.0479322267001956,0.5375939607620239,0.9135338068008423,0.9473684430122375,0.6872778006750997,0.03596956841647625,0.19088311027735472
96,1.219750201665871,9.866332345375595,0.6386545985542881,0.5514513261064512,0.5340638473820147,1.0476188404425615,0.5375939607620239,0.9116541147232056,0.9473684430122375,0.687046627535218,0.035879368893802166,0.1907651610672474
97,1.2298567804401035,9.881857522662473,0.6391125351525367,0.5525797402391712,0.5340449599967296,1.0474502003289208,0.5375939607620239,0.9116541147232056,0.9473684430122375,0.6869209209573667,0.03580633923411369,0.190558772534132
98,1.2241478650924067,9.901391794508205,0.6386875173829981,0.5524093029643184,0.5335955154357105,1.046724020876482,0.5394737124443054,0.9116541147232056,0.9473684430122375,0.6864135958269357,0.03595667891204357,0.18984159920364618
99,1.222131299083209,9.922511214424045,0.6383648237044744,0.5528420047637491,0.5331907585695255,1.0460643730006127,0.5394737124443054,0.9097744226455688,0.9473684430122375,0.6858961553833854,0.03804452810436487,0.192013218998909
100,1.2215597364120536,9.942698458268824,0.6387792729703436,0.5543367677770755,0.5330664410951997,1.0458308822560958,0.5394737124443054,0.9097744226455688,0.9473684430122375,0.6857105342666623,0.03834351617842913,0.19230748619884253
101,1.2187136005835628,9.959729608701819,0.6397540747520627,0.5542457781679114,0.5328910878274653,1.0455820958704038,0.5413534045219421,0.9097744226455688,0.9473684430122375,0.6855267760591423,0.03587317932397127,0.18982421979308128
102,1.2166274572245186,9.972247625105082,0.6414802433665963,0.554345268291327,0.5327601077366082,1.0454548393513061,0.5413534045219421,0.9097744226455688,0.9473684430122375,0.6854234309826754,0.03574770037084818,0.1897523207589984
103,1.2256293404501037,9.984186571376574,0.6421690230090196,0.5536037451186134,0.5326506454487329,1.0453170952929454,0.5413534045219421,0.9097744226455688,0.9473684430122375,0.6853320678991139,0.03660755231976509,0.19059656281024218
104,1.2229902114715017,9.996414800272383,0.6426840921984105,0.5529116807646325,0.5325312570536853,1.0451951312447714,0.5413534045219421,0.9078947305679321,0.9473684430122375,0.6852483872045692,0.037556773982942104,0.1915534744039178
105,1.2260042706240921,10.010543113630646,0.6423523548293563,0.5513474008855681,0.5324891259296991,1.0451123628226349,0.5394737124443054,0.9078947305679321,0.9473684430122375,0.6852022413617272,0.03659759182482958,0.19079472962766886
106,1.2231717925865198,10.025612859796246,0.6420715837576905,0.5503355357375498,0.5325202034484885,1.045097912799859,0.5375939607620239,0.9078947305679321,0.9473684430122375,0.6852014081330908,0.036636912263929844,0.19083512108772993
107,1.2230940735622018,10.041221328986477,0.6423501116527438,0.5506539675824267,0.53255536576564,1.045133861345489,0.5394737124443054,0.9097744226455688,0.9473684430122375,0.6852266754378861,0.0376267833635211,0.1915722144767642
108,1.2252915925642949,10.05454489633275,0.6421160909634391,0.5512066298706259,0.5327079024900685,1.0453235035723025,0.5375939607620239,0.9097744226455688,0.9473684430122375,0.6853676575634305,0.03754585422575474,0.19640057999640703
109,1.216934359278111,10.066088719746173,0.6430976126751512,0.5535714890572043,0.5328382552802379,1.0455601745498315,0.5394737124443054,0.9097744226455688,0.9473684430122375,0.6855181878077321,0.03627869486808777,0.1904304539784789
110,1.2245625004752418,10.078902439019267,0.6440493407819391,0.5563232793311149,0.5329426200162367,1.0457748757582168,0.5394737124443054,0.9097744226455688,0.9473684430122375,0.6856421245080653,0.03659977205097675,0.19058253150433302
111,1.2245756921485023,10.092159621188493,0.6443703467165397,0.5582725986420942,0.5330093423393586,1.0459669755803702,0.5413534045219421,0.9116541147232056,0.9473684430122375,0.6857562381135813,0.036549292504787445,0.1906096711754799
112,1.221217397034314,10.106183412472866,0.6441729984141262,0.5587760062765199,0.5329477990096341,1.0459698031032976,0.5451127886772156,0.9116541147232056,0.9473684430122375,0.6857548086480688,0.03757954388856888,0.1915559833869338
113,1.2154340932983079,10.117130759827724,0.6448115279989803,0.5577599471632405,0.5332121956799772,1.0466623446189771,0.5375939607620239,0.9116541147232056,0.9473684430122375,0.6862769022833898,0.03585213888436556,0.18982541002333164
114,1.2251003381923655,10.12782696365632,0.6447850853888549,0.5560612763610407,0.5336513580146275,1.0472433671331374,0.5357142686843872,0.9116541147232056,0.9473684430122375,0.6867005570242546,0.038061348721385,0.19308622926473618
115,1.2222554108656694,10.13665810269674,0.6448124309337427,0.5547437957931123,0.5338981758207445,1.0476303811941385,0.5338345766067505,0.9116541147232056,0.9473684430122375,0.6869781766798567,0.03816938865929842,0.19372167438268661
116,1.218542810001158,10.145002823630737,0.6439411219782959,0.5505554151702109,0.5340448913078548,1.0478986440803666,0.5338345766067505,0.9135338068008423,0.9473684430122375,0.6871982201591473,0.03652837313711643,0.19146204367280006
117,1.2198848801577657,10.152632205319344,0.643102424176612,0.5462543734913682,0.5342038599486697,1.0481969127612432,0.5338345766067505,0.9078947305679321,0.9473684430122375,0.6874131724860372,0.03767371270805597,0.19246323592960835
118,1.2226027668617583,10.16580654068585,0.6419542298608918,0.5425492331033961,0.5342135256048937,1.0483528014490107,0.5319548845291138,0.9078947305679321,0.9473684430122375,0.6875184973087747,0.03764362260699272,0.19260417390614748
119,1.2203662957026853,10.178625140697772,0.6409062960953551,0.5401999875487526,0.5339830856337283,1.0481789339660388,0.5357142686843872,0.9078947305679321,0.9473684430122375,0.6873818926808041,0.03781148139387369,0.1927245231345296
120,1.2244108066857602,10.192913076111283,0.6391419349754948,0.5375200367782306,0.5341674855128355,1.0484137662548012,0.530075192451477,0.9060150384902954,0.9473684430122375,0.6875289579243167,0.03762263339012861,0.19247069582343102
121,1.2203654739104022,10.21074967985719,0.6384564528588622,0.5372037356101428,0.5339307364265196,1.048208696940055,0.530075192451477,0.9060150384902954,0.9473684430122375,0.6873800985530237,0.0376806128770113,0.19269925355911255
122,1.2223029314711442,10.22927403207782,0.6381237013400993,0.5390042918316533,0.53368595895919,1.0480070196701696,0.530075192451477,0.9078947305679321,0.9473684430122375,0.6872472286846438,0.03765272255986929,0.1924140052869916
123,1.2163969311114788,10.24134988520227,0.6390631472040883,0.5409435940084,0.5335358026136333,1.0479811385079314,0.5319548845291138,0.9078947305679321,0.9473684430122375,0.6872261429123737,0.03743767458945513,0.1922960076481104
124,1.2296275138437656,10.252474510059594,0.6391620167185303,0.5444222860542691,0.5331829342962507,1.0472386607363136,0.5394737124443054,0.9097744226455688,0.9473684430122375,0.6867285703757403,0.03689316939562559,0.19101246912032366
125,1.2257104573991784,10.258513024118992,0.639195907475457,0.5490950766046925,0.5330781304506722,1.0472612085851385,0.5432330965995789,0.9135338068008423,0.9473684430122375,0.6867244711690592,0.037558602169156075,0.19155860226601362
126,1.2162748146058144,10.269640193994816,0.6399522301943709,0.5541890809902639,0.5329820862583017,1.047330121936604,0.5432330965995789,0.9135338068008423,0.9473684430122375,0.6867242649904134,0.03808389883488417,0.19220986776053905
127,1.221895995723804,10.280282374611462,0.6403426512549615,0.5582857373756193,0.53274080237402,1.0471419186293178,0.5432330965995789,0.9154135584831238,0.9473684430122375,0.6865232149782549,0.037987600080668926,0.19196220021694899
128,1.2210214002120923,10.289772602873807,0.6405227001926974,0.5605955195117351,0.5325840913026999,1.0470500951067427,0.5451127886772156,0.9154135584831238,0.9473684430122375,0.686410664778047,0.03688992001116276,0.19077317137271166
129,1.2236742762758819,10.302928193172125,0.6402151803346535,0.5612909287818355,0.5324899385790888,1.0469501928006044,0.5432330965995789,0.9154135584831238,0.9473684430122375,0.6863263942256862,0.03610566630959511,0.19003117643296719
130,1.2242687169591666,10.317375590054287,0.6399960306670222,0.5628341948024619,0.5323690804671309,1.0467838600844703,0.5432330965995789,0.9154135584831238,0.9473684430122375,0.6861767774441697,0.03694529924541712,0.1908537894487381
131,1.2189893872378303,10.332028097305002,0.6403143508305501,0.5627819373088396,0.5322847228254115,1.0466644636754998,0.5451127886772156,0.9154135584831238,0.9473684430122375,0.6860880662361105,0.036780791357159615,0.19083028007298708
132,1.2284855702463577,10.355920819132,0.638479028637686,0.5591907177566298,0.5322090099837822,1.0463981638871873,0.5413534045219421,0.9154135584831238,0.9473684430122375,0.6859744252299806,0.03798019979149103,0.19193463120609522
133,1.2194245929762513,10.377947562683392,0.637586778708442,0.5559915313476885,0.5321526025283992,1.0460580027638575,0.5394737124443054,0.9135338068008423,0.9473684430122375,0.685791365622877,0.038105959072709084,0.19202651921659708
134,1.222901346879635,10.401801076671141,0.6367552818765413,0.5527507926379328,0.5322093602434228,1.0459745952263908,0.5394737124443054,0.9116541147232056,0.9473684430122375,0.6857828266731235,0.036975949071347713,0.1908556902781129
135,1.2162888491475785,10.42421971919275,0.6374922342956404,0.5500762343464205,0.5322474343457602,1.0459420441621619,0.5394737124443054,0.9097744226455688,0.9473684430122375,0.6857822716809535,0.036604481749236584,0.19053081329911947
136,1.2219270022984772,10.447456228723137,0.6382962403836412,0.5489347888728378,0.5322859724064385,1.0458975417474066,0.5394737124443054,0.9078947305679321,0.9473684430122375,0.6857614188526615,0.037012968212366104,0.19104980770498514
137,1.2198006512106896,10.471806378145436,0.6393268251579249,0.5488172491921155,0.5323522757932628,1.045856414404786,0.5413534045219421,0.9078947305679321,0.9473684430122375,0.685741593400099,0.035671121440827847,0.19010462705045938
138,1.2227136063421593,10.500086199927596,0.6404564469115049,0.5495362565578492,0.5323683894002077,1.0458176395005463,0.5413534045219421,0.9078947305679321,0.9473684430122375,0.6857125419301395,0.03763354290276766,0.19167245272547007
139,1.2242549253158543,10.526553583046312,0.6413191786085572,0.550833944332587,0.5323863037424265,1.0458100868539597,0.5413534045219421,0.9078947305679321,0.9473684430122375,0.685703037294919,0.03774500172585249,0.1916549624875188
140,1.2217959369778049,10.547511446448878,0.6423897681068473,0.5516480032728478,0.5324263862902558,1.045871446071204,0.5413534045219421,0.9097744226455688,0.9473684430122375,0.685742352172764,0.03782934136688709,0.19225071743130684
141,1.217950654237238,10.568134060803706,0.6439551646698234,0.5526683999332499,0.5324816310454922,1.0459589946189258,0.5413534045219421,0.9097744226455688,0.9473684430122375,0.6857970888421376,0.0358171695843339,0.18987006973475218
142,1.2201932750400197,10.588222430169946,0.6450313614223945,0.552962240205857,0.5325912359367989,1.0461409117464244,0.5432330965995789,0.9116541147232056,0.9473684430122375,0.685927717574006,0.03771217167377472,0.19160245265811682
143,1.2160842644077905,10.604489076909946,0.647479209110889,0.5538504034790576,0.5326944122277446,1.0463215523943694,0.5432330965995789,0.9116541147232056,0.9473684430122375,0.6860459536895065,0.035704110749065876,0.18965680059045553
144,1.2208904236637013,10.613041148371241,0.6505550662552726,0.5557256820973336,0.5329255276656115,1.0467812803579901,0.5432330965995789,0.9116541147232056,0.9473684430122375,0.6863517027435156,0.03660616185516119,0.19056681357324123
145,1.2186259950357656,10.617282131361945,0.6538828878911187,0.5581604161482704,0.5331694351152966,1.0472959697279758,0.5432330965995789,0.9135338068008423,0.9473684430122375,0.6866843157961777,0.036569262854754925,0.19051721412688494
146,1.22118266105309,10.620398767049593,0.6569278118258626,0.559694682469653,0.533449097887683,1.0478672632895791,0.5432330965995789,0.9135338068008423,0.9473684430122375,0.6870626495165867,0.036563342437148094,0.19051600247621536
147,1.2133134246253152,10.625529123426142,0.6607219207971021,0.559773073491067,0.5339882917306111,1.0487790185437962,0.5432330965995789,0.9116541147232056,0.9473684430122375,0.6876472360131094,0.03791042976081371,0.19270536303520203
148,1.2169903365175072,10.633331331983577,0.6636891400149264,0.5574645805263821,0.5341092869698847,1.0489632343949367,0.5432330965995789,0.9116541147232056,0.9473684430122375,0.6877933023706506,0.03572120051831007,0.19051428325474262
149,1.2233804393722245,10.63747687661788,0.6658680743162767,0.5549898646041868,0.5341611194989229,1.049029286344719,0.5413534045219421,0.9116541147232056,0.9473684430122375,0.6878440112901072,0.03574684076011181,0.19054450374096632
150,1.2201024023506712,10.643461555837154,0.6677730642231028,0.5518098077847146,0.5340131431158032,1.048907599608427,0.5394737124443054,0.9116541147232056,0.9473684430122375,0.6877635060064483,0.03576884977519512,0.19078032113611698
151,1.2242675482593497,10.649578692575927,0.6680208558542956,0.5471165466578721,0.533810962828543,1.0487590534405054,0.5375939607620239,0.9097744226455688,0.9473684430122375,0.6876604037953287,0.03966537397354841,0.1948507633060217
152,1.2228744043505206,10.654619022527813,0.667796053846442,0.542744421481245,0.5335668702959193,1.0485099113171539,0.5357142686843872,0.9078947305679321,0.9473684430122375,0.6874676265975584,0.03742858488112688,0.19239562563598156
153,1.2233215892394633,10.658662949359439,0.6676129067791556,0.5405246252463763,0.5332355265544171,1.0481491689498412,0.5357142686843872,0.9078947305679321,0.9473684430122375,0.6871927297186143,0.03714268747717142,0.1930077401921153
154,1.2233143302407128,10.665762417223142,0.6666510608046273,0.5392854672098331,0.5329541355994238,1.0478182184739173,0.5338345766067505,0.9041353464126587,0.9473684430122375,0.6869542411369259,0.03622565604746342,0.19102473836392164
155,1.2251105274392597,10.675257831050855,0.6651031972920742,0.540799601862288,0.5327862025060213,1.0475251217935722,0.5319548845291138,0.9041353464126587,0.9473684430122375,0.6867619197584001,0.03764794208109379,0.1924089454114437
156,1.2210395547499866,10.68626694127836,0.6625290604266374,0.5409782986631035,0.5324982082804571,1.0470619398925467,0.5338345766067505,0.9041353464126587,0.9473684430122375,0.686447325385706,0.0375123443081975,0.19264775421470404
157,1.2206668490314374,10.695972758239352,0.6605318487041157,0.5431366113845948,0.5321564976888535,1.0457649476903634,0.5357142686843872,0.9041353464126587,0.9473684430122375,0.68556392713726,0.03830068651586771,0.19225465785712004
158,1.2195242180123744,10.703523873167967,0.659861845774986,0.5490563066284141,0.5320692003140282,1.0455743919790015,0.5357142686843872,0.9060150384902954,0.9473684430122375,0.6854233265839978,0.03719267714768648,0.19112451747059822
159,1.2222837297336313,10.710067023876556,0.6604802030107819,0.5579247293599328,0.5320163439335028,1.0456265905127602,0.5375939607620239,0.9116541147232056,0.9473684430122375,0.6853749816416123,0.03813986945897341,0.19210157915949821
160,1.2244038187842607,10.718746490071059,0.6603146382738556,0.5659325565650818,0.5319727359058863,1.0457672319551732,0.5413534045219421,0.9154135584831238,0.9473684430122375,0.6853366205697156,0.03821967821568251,0.19228808768093586
161,1.2157731028979313,10.725145242832829,0.6607172480347024,0.5707809624673104,0.531983187719726,1.0460529803133358,0.5451127886772156,0.9191729426383972,0.9473684430122375,0.6854220559362121,0.0366476820781827,0.19065715186297894
162,1.2147550531393227,10.733669716038992,0.6623598704966461,0.5733467185931438,0.5319985109221156,1.046349724326723,0.5451127886772156,0.9191729426383972,0.9473684430122375,0.685553683281677,0.03592958766967058,0.19068802054971457
163,1.2251828149931636,10.746348893200844,0.662440142246809,0.574199926067276,0.5320097671319128,1.046496732718412,0.5451127886772156,0.9191729426383972,0.9473684430122375,0.685634760165959,0.0367085924372077,0.1912011383101344
164,1.2176788123671907,10.759293937473563,0.6622325685811079,0.5715672277583612,0.5320244299701643,1.0465167220120308,0.5432330965995789,0.9191729426383972,0.9473684430122375,0.6857225761596386,0.037191176787018776,0.19109696801751852
165,1.225761053327564,10.769324019407804,0.6611506719708365,0.5672282305534512,0.5321467044595176,1.046724006145648,0.5432330965995789,0.9191729426383972,0.9473684430122375,0.6859822266660597,0.037241376005113125,0.19118371699005365
166,1.2224953454886953,10.773358468521026,0.6598825227925361,0.562781820560091,0.5323666205542248,1.047123341070113,0.5451127886772156,0.9172932505607605,0.9473684430122375,0.6863655425768485,0.037925501354038715,0.19190389104187489
167,1.2196204041461514,10.776913925123367,0.6585592777251593,0.5579561787004784,0.5325985276231048,1.0474811314773773,0.5451127886772156,0.9135338068008423,0.9473684430122375,0.6867032214591285,0.03781843092292547,0.19185387156903744
168,1.2166817134700783,10.783142823723342,0.6576616672766926,0.551123845629906,0.5331805992383309,1.0486758188783638,0.5432330965995789,0.9116541147232056,0.9473684430122375,0.6876124497044398,0.03829638659954071,0.1938200118020177
169,1.2278879183445355,10.793973286088503,0.6554359533705163,0.5448175865507239,0.5334844175259849,1.0492387348906813,0.5338345766067505,0.9116541147232056,0.9473684430122375,0.6880228074547344,0.03810529876500368,0.1929297810420394
170,1.2224206602076404,10.802563483553055,0.6534551029626547,0.5397996725197588,0.5336731162628531,1.0497489793118147,0.5357142686843872,0.9097744226455688,0.9473684430122375,0.6883733465977444,0.03618061542510986,0.19111895747482777
171,1.2256032342655785,10.81329092982858,0.6513730530049541,0.5381802061132274,0.533818414250246,1.0499273762545,0.5357142686843872,0.9097744226455688,0.9473684430122375,0.6884908677579205,0.03763507306575775,0.19289502128958702
172,1.2253606667633057,10.823061574726337,0.6496132749809562,0.538543307789925,0.5338645198187687,1.049889599902561,0.5338345766067505,0.9078947305679321,0.9473684430122375,0.6884805112449338,0.03586911875754595,0.19085387978702784
173,1.223182250820653,10.83337328169691,0.6473628023288025,0.5390176411225511,0.5338531999933397,1.0496191809122695,0.5357142686843872,0.9078947305679321,0.9473684430122375,0.6882997473324152,0.03684691060334444,0.19198777992278337
174,1.215346946395259,10.841201430115605,0.6467554039793311,0.5412451551221442,0.5337778723791399,1.0493058193623028,0.5357142686843872,0.9060150384902954,0.9473684430122375,0.6880987024993513,0.03599463775753975,0.19093993958085775
175,1.2221134402125984,10.848373117849631,0.6460313921429603,0.5442129438079304,0.533679250783145,1.0489990545383847,0.5375939607620239,0.9078947305679321,0.9473684430122375,0.6879002541516868,0.036729141138494015,0.192035679705441
176,1.224812779169358,10.860171993166553,0.6452218311482477,0.5492282410225916,0.5335076145847069,1.048669661497525,0.5375939607620239,0.9078947305679321,0.9473684430122375,0.6876808877105294,0.03871218394488096,0.1944942669942975
177,1.2154352585449013,10.874334179893054,0.6456929378873121,0.5545177739223391,0.5330137732105296,1.0476638462174248,0.5413534045219421,0.9097744226455688,0.9473684430122375,0.6869518349579964,0.036971659399569035,0.19128502625972033
178,1.223085606668008,10.886492977078966,0.6461607877526989,0.5587092685036631,0.5328470681816745,1.0474090394858073,0.5432330965995789,0.9116541147232056,0.9473684430122375,0.6867278767994438,0.03780162148177624,0.19310699868947268
179,1.2198297334131236,10.89433231108904,0.6470100612794962,0.5629762768628085,0.5326677586276468,1.0470939605866112,0.5451127886772156,0.9154135584831238,0.9473684430122375,0.6864384589520404,0.03779456205666065,0.1931105898693204
180,1.219073291732276,10.904686440499063,0.648004521963707,0.5645583131435159,0.5324903419455735,1.0467309785890193,0.5451127886772156,0.9154135584831238,0.9473684430122375,0.6861499097193529,0.038232957012951374,0.19388254173099995
181,1.218364832879367,10.913818061957816,0.6503877150366059,0.5674084506303216,0.532361341356354,1.046447711145495,0.5451127886772156,0.9154135584831238,0.9473684430122375,0.6858857529870286,0.03708319831639528,0.1925057452172041
182,1.2239618390651728,10.922123816018825,0.6520400314218898,0.5668499787717343,0.532224855914799,1.0460028115582174,0.5451127886772156,0.9135338068008423,0.9473684430122375,0.6855790664008349,0.03780399262905121,0.19315141066908836
183,1.2228800502231376,10.932760907628298,0.652588525916718,0.5629562125586256,0.5319963048899881,1.0453521744882253,0.5432330965995789,0.9135338068008423,0.9473684430122375,0.6851876095591972,0.03814542852342129,0.19317190907895565
184,1.2191234809622684,10.943120502376063,0.6536226458104911,0.5570372983127484,0.5318412654776447,1.0448265391946479,0.5338345766067505,0.9116541147232056,0.9473684430122375,0.6848958086514436,0.038196148350834846,0.19386299327015877
185,1.2172679015769567,10.955756598468241,0.6547752556882362,0.5497690432006036,0.5316981440185198,1.0444176278544057,0.530075192451477,0.9060150384902954,0.9473684430122375,0.6846582176312815,0.03937087766826153,0.1948392828926444
186,1.2241201218989055,10.964212175186697,0.656647960414108,0.5456217995503788,0.5316608820574064,1.0441717677055482,0.5319548845291138,0.9041353464126587,0.9473684430122375,0.6844956799940198,0.0374705633148551,0.1927834115922451
187,1.2240848614456352,10.97341033428152,0.6581429078471752,0.5420872416810485,0.5316490258302079,1.044026972589947,0.530075192451477,0.9041353464126587,0.9473684430122375,0.6843925238743028,0.037858251482248306,0.19369274377822876
188,1.2200123923441677,10.982120513413733,0.6600137229335267,0.5400260270731123,0.531723211893878,1.0441308479619664,0.530075192451477,0.9041353464126587,0.9473684430122375,0.6844615537663561,0.03861035406589508,0.19453357625752687
189,1.2322035820582071,10.991456961481786,0.6608414035649782,0.5400446937098811,0.5319030978818903,1.0445179647379215,0.530075192451477,0.9041353464126587,0.9473684430122375,0.6847456663172773,0.03801780939102173,0.1932543683797121
190,1.2177445175580108,10.996649311871295,0.6638565490985966,0.5432332151909323,0.532144567776086,1.0449955158497333,0.5281955003738403,0.9041353464126587,0.9473684430122375,0.6851039497861999,0.03722861688584089,0.19191965088248253
191,1.2167267073391814,11.000604618654558,0.6685571819888966,0.549179010509069,0.5324617391972729,1.0456975989415602,0.5357142686843872,0.9078947305679321,0.9473684430122375,0.6855944448121618,0.03698975872248411,0.1919541098177433
192,1.2211104946368274,11.004218030961846,0.6725252510114939,0.5541941521410675,0.5326494154050209,1.046213119299159,0.5394737124443054,0.9135338068008423,0.9473684430122375,0.6859233056008188,0.03794880956411362,0.1926527637988329
193,1.214647131038089,11.010763641629538,0.6769652345319538,0.5570849441384471,0.5327544755989784,1.046681769789523,0.5394737124443054,0.9135338068008423,0.9473684430122375,0.686205238824161,0.0382373770698905,0.19356604479253292
194,1.2224065389237955,11.020246374721706,0.6810306481856475,0.5589914042382962,0.5328319947164004,1.0469631704743458,0.5394737124443054,0.9135338068008423,0.9473684430122375,0.6863644223538872,0.03858731407672167,0.1945201875641942
195,1.2172933905105368,11.035045951899782,0.6844313958868022,0.5577955162215263,0.532921088070411,1.0472263916245133,0.5394737124443054,0.9135338068008423,0.9473684430122375,0.6865484947387804,0.03877829201519489,0.194844133220613
196,1.2213033345927873,11.05232055512438,0.6875471147280758,0.5568853851765905,0.5334629052884291,1.0482661855017674,0.5357142686843872,0.9097744226455688,0.9473684430122375,0.6872475737928013,0.039910491555929184,0.19706366304308176
197,1.2213847430805103,11.073921187025885,0.6896854051984461,0.5541574990707766,0.5335020010570821,1.048357572053207,0.5357142686843872,0.9097744226455688,0.9473684430122375,0.6873193066463925,0.037711082957684994,0.19512419123202562
198,1.2191319703548191,11.09150757941733,0.6906979664876192,0.5502060962532311,0.5335739412718068,1.0483839533059442,0.5357142686843872,0.9078947305679321,0.9473684430122375,0.6873348186176328,0.040012581273913383,0.1974205393344164
199,1.2217695958199497,11.107918396969625,0.6913867406983103,0.546814452935253,0.5334735939672636,1.048324108713594,0.5357142686843872,0.9078947305679321,0.9473684430122375,0.6872956886196253,0.03882111236453056,0.19586770422756672
200,1.2260618698404686,11.126222245437312,0.6921536518563638,0.5478299335542518,0.5333160994858045,1.0481831015186112,0.5357142686843872,0.9078947305679321,0.9473684430122375,0.687196191018897,0.03993165213614702,0.19708316307514906
201,1.2173444839853493,11.143241484892322,0.6938229618733539,0.5488770144145443,0.5331892755640756,1.0480569464389426,0.5338345766067505,0.9078947305679321,0.9473684430122375,0.6870998264711617,0.039831772446632385,0.1969769336283207
202,1.2234746568287083,11.156774877730184,0.6943815498978966,0.548267562074044,0.5330276014356653,1.0479039254496245,0.5338345766067505,0.9078947305679321,0.9473684430122375,0.6869845965385649,0.04000094160437584,0.19708058331161737
203,1.2169716098248873,11.168065767613978,0.6954963954003575,0.5478029617871516,0.5329603706523633,1.0478342232478297,0.5357142686843872,0.9078947305679321,0.9473684430122375,0.6869197971341223,0.038439336232841015,0.19395421259105206
204,1.221555209225321,11.17717763407766,0.6961352089618676,0.5479143836599937,0.5327284706817713,1.047737387077018,0.5338345766067505,0.9078947305679321,0.9473684430122375,0.6868618696743841,0.036924829706549644,0.19231080636382103
205,1.2163749150999763,11.183816266337669,0.6974659719129306,0.5485176890339455,0.5322907792702962,1.0465488138966974,0.5338345766067505,0.9097744226455688,0.9473684430122375,0.6860397454945708,0.03770902194082737,0.19168789219111204
206,1.2256680150459356,11.19377324541554,0.6980204320355384,0.5513225138477562,0.5321243725904521,1.0462914338979563,0.5338345766067505,0.9116541147232056,0.9473684430122375,0.6858449874683255,0.03778537176549435,0.19211700931191444
207,1.222333819094274,11.203892034678576,0.6984407607052869,0.5531499943343977,0.532026619283975,1.0461265886336377,0.5338345766067505,0.9116541147232056,0.9473684430122375,0.6857176185043691,0.03756511304527521,0.1916301529854536
208,1.220316674615388,11.20936285772464,0.6993250818090891,0.5570421420996924,0.5319810976574433,1.046086724891939,0.5357142686843872,0.9154135584831238,0.9473684430122375,0.6856526214628299,0.0385204553604126,0.1927297543734312
209,1.2194491762132382,11.21571277055729,0.7000798399576306,0.5595953121852475,0.5319783464165505,1.0460663346147396,0.5375939607620239,0.9154135584831238,0.9473684430122375,0.6856085349537389,0.03778773173689842,0.19199892971664667
210,1.2152163071859476,11.218704641078972,0.701732452957719,0.5611903255423009,0.5319754336866367,1.0460677543472505,0.5375939607620239,0.9154135584831238,0.9473684430122375,0.6855803905999991,0.038207147270441055,0.19240604527294636
211,1.2175821169781105,11.22171219201299,0.7037064577766325,0.5620954286969895,0.5319738571478707,1.0461487804781051,0.5375939607620239,0.9154135584831238,0.9473684430122375,0.6856115164659449,0.036642471328377724,0.19057314284145832
212,1.2168779239222598,11.228669790340575,0.7054517994709306,0.5617074403016132,0.5319095511578661,1.0460228670433156,0.5357142686843872,0.9154135584831238,0.9473684430122375,0.6855194382705095,0.03824157826602459,0.19206851907074451
213,1.2225943180476218,11.230181352332675,0.7080026872024813,0.5624863652850101,0.5323304334485246,1.0473210809894584,0.5394737124443054,0.9135338068008423,0.9473684430122375,0.6864263795021185,0.03674315195530653,0.19147968478500843
214,1.2215241674766388,11.228375911868486,0.7101037615764312,0.5639634029097887,0.532082514278353,1.0470604110303197,0.5394737124443054,0.9154135584831238,0.9473684430122375,0.686202258476807,0.03709786757826805,0.19152312353253365
215,1.2239953778641275,11.229689310516957,0.7100861545592854,0.5637210396874723,0.532378639968485,1.0473955136577973,0.5375939607620239,0.9154135584831238,0.9473684430122375,0.6864260633693039,0.03739155549556017,0.19253149442374706
216,1.229004585984041,11.22741661162799,0.7081459338487547,0.5627871579863283,0.5325629330460423,1.0477793134096622,0.5357142686843872,0.9135338068008423,0.9473684430122375,0.6867384636784812,0.03765075281262398,0.19239219557493925
217,1.217149079378003,11.223572941444454,0.7073917155255196,0.5617566502835268,0.5323453955539411,1.0475984698570038,0.5375939607620239,0.9135338068008423,0.9473684430122375,0.686622321917637,0.037646601907908916,0.1924095656722784
218,1.2185192307570891,11.219564627886232,0.7059923809783302,0.5572322204141644,0.532380820381821,1.0477816228491703,0.5357142686843872,0.9116541147232056,0.9473684430122375,0.6867990811817345,0.03660007193684578,0.19143078476190567
219,1.2229624571524171,11.218273362373157,0.70459401597716,0.5554020640067965,0.5322930179106363,1.0478585750537284,0.5338345766067505,0.9116541147232056,0.9473684430122375,0.6868790798922456,0.03750338405370712,0.19248106516897678
220,1.221361894527527,11.22120849947675,0.7023776338862779,0.5514919384928798,0.5325353135871659,1.048166693165401,0.5357142686843872,0.9097744226455688,0.9473684430122375,0.6871086190189732,0.03656660206615925,0.191501353867352
221,1.2197092556809874,11.221243322984623,0.6997909650889509,0.5462028685640923,0.5327007425805351,1.048555623697423,0.5319548845291138,0.9078947305679321,0.9473684430122375,0.6873963733110036,0.03755582310259342,0.19266940373927355
222,1.216948126186952,11.22049754059197,0.6990998877562549,0.5437211719362988,0.5328348843510683,1.0490171190603272,0.530075192451477,0.9078947305679321,0.9473684430122375,0.6877221353660787,0.03756076283752918,0.19293878134340048
223,1.2194513194322525,11.224219074851296,0.6973632662461416,0.5387527859908833,0.5330831808503049,1.0494508066683037,0.530075192451477,0.9078947305679321,0.9473684430122375,0.6879841707865821,0.03758186288177967,0.19240203592926264
224,1.2132945260386723,11.229206990051988,0.6973325849881655,0.5350532470818191,0.5332533849938569,1.049937755400853,0.530075192451477,0.9060150384902954,0.9473684430122375,0.6882869263597652,0.03778144158422947,0.19267111271619797
225,1.2128810577065532,11.238652938777003,0.697568988226284,0.5303957613338732,0.5334190725528924,1.0504079875815242,0.5281955003738403,0.9041353464126587,0.9473684430122375,0.6885363717116598,0.03764457255601883,0.19243369437754154
226,1.2199767733351026,11.248656804834432,0.6980804876075472,0.5301549976054533,0.5335539011293244,1.050619057397539,0.530075192451477,0.9041353464126587,0.9473684430122375,0.6886763450390239,0.03750207461416721,0.19225379824638367
227,1.2217474191504607,11.257993654659058,0.6993071789924254,0.5333256714727002,0.5335677275929435,1.050571130204244,0.5281955003738403,0.9041353464126587,0.9473684430122375,0.6887103817931648,0.03761277347803116,0.19234881736338139
228,1.21479909364743,11.268095808407935,0.7019537946932575,0.5376120824911169,0.53363126205883,1.0504785946539257,0.530075192451477,0.9041353464126587,0.9473684430122375,0.6886847561047768,0.03751832339912653,0.1923483768478036
229,1.219942989618318,11.275474545411813,0.704695115323178,0.5430284787182275,0.5334283505389487,1.050010875333964,0.530075192451477,0.9078947305679321,0.9473684430122375,0.6883964576576703,0.03756506368517876,0.19266758300364017
230,1.2153060010937446,11.282474321684115,0.7081533736875653,0.548911996863998,0.5332428809833323,1.0495378504080346,0.5338345766067505,0.9116541147232056,0.9473684430122375,0.688061943826281,0.038282766938209534,0.19312505889683962
231,1.213616437491852,11.288635271417075,0.7128763459414628,0.5551966031654776,0.5330206290884665,1.0491325337450887,0.5375939607620239,0.9135338068008423,0.9473684430122375,0.687743452190533,0.037706452421844006,0.1925249956548214
232,1.2200563178319181,11.294930688417622,0.7168081580890074,0.5591578684665004,0.5328111164064466,1.048785790020487,0.5375939607620239,0.9135338068008423,0.9473684430122375,0.6874516244639408,0.03749282378703356,0.1923606162890792
233,1.2282809503546752,11.301477525558331,0.7191249807599425,0.5641019198067964,0.5326325941866249,1.0486478931010725,0.5375939607620239,0.9154135584831238,0.9473684430122375,0.6872850279611763,0.03825708758085966,0.193155019544065
234,1.2259028739624758,11.30815900492224,0.7203928491289968,0.5671073206931266,0.5324448893689611,1.048419439561453,0.5394737124443054,0.9154135584831238,0.9473684430122375,0.6870560298211462,0.03760708309710026,0.19243278540670872
235,1.2197169979502984,11.31290595930996,0.7216653289511864,0.5680279264625049,0.5322704823965901,1.0481981457509872,0.5394737124443054,0.9154135584831238,0.9473684430122375,0.6868825270383258,0.037651753053069115,0.19293260108679533
236,1.2317224784175804,11.32452715727106,0.7186680448584863,0.5638476001124952,0.5321608104675609,1.0478682843954814,0.5375939607620239,0.9154135584831238,0.9473684430122375,0.686760473090395,0.036916579119861126,0.19164354261010885
237,1.2189316697856887,11.34004649913855,0.715466161154726,0.557436032162243,0.532228962270997,1.0475373477141967,0.5338345766067505,0.9116541147232056,0.9473684430122375,0.6866381814678887,0.036816700361669064,0.19153537414968014
238,1.2222738600259844,11.356862247435796,0.7117074671522802,0.5500154990540828,0.5323141813636839,1.0473381177784218,0.5281955003738403,0.9060150384902954,0.9473684430122375,0.6865794320769343,0.03825859725475311,0.19352763518691063
239,1.2236030547876096,11.372839553046935,0.7075131715698263,0.5445774216841764,0.5324214401145693,1.0472394961774694,0.5263158082962036,0.9041353464126587,0.9473684430122375,0.6865434841199205,0.03760868310928345,0.1923481160774827
240,1.2217335038893344,11.388584486178456,0.7031981462791767,0.5411409888675751,0.5324939546625465,1.047052928196851,0.5263158082962036,0.9041353464126587,0.9473684430122375,0.6864204916212471,0.03750303387641907,0.19238231610506773
241,1.2163116634898588,11.39880838130726,0.7005440774426115,0.5399204580287329,0.532672583238495,1.0470373673682603,0.5244361162185669,0.902255654335022,0.9473684430122375,0.686424795257384,0.03866926394402981,0.19395467173308134
242,1.2224185602307864,11.409594712293178,0.6991050501572367,0.5416437940445604,0.532585702142995,1.0462329026346608,0.5263158082962036,0.9041353464126587,0.9473684430122375,0.6859042930792745,0.0377242723479867,0.1917831813916564
243,1.2213606911127053,11.419344324535789,0.698254962746359,0.5445337294767653,0.5331916294312278,1.0471526924684256,0.530075192451477,0.902255654335022,0.9473684430122375,0.6865675543759389,0.03718390688300133,0.19212682824581861
244,1.221501747691193,11.430494140809717,0.6972376316297075,0.5479237197657302,0.5334670336606676,1.0473932115400644,0.530075192451477,0.9041353464126587,0.9473684430122375,0.6867687623761154,0.03678131103515625,0.19153050426393747
245,1.2213610523258378,11.447416518993291,0.6961186049296144,0.5533394924378487,0.5337560578802779,1.0476694573456085,0.5338345766067505,0.9116541147232056,0.9473684430122375,0.686969267017854,0.03811254911124706,0.19330597762018442
246,1.2210547193712618,11.463985820295402,0.6945834780292519,0.5566319687470522,0.5340494502723663,1.0479819561863217,0.5338345766067505,0.9135338068008423,0.9473684430122375,0.6871605936058002,0.037648643366992474,0.1924626464024186
247,1.2217689740530981,11.479506206411633,0.6937708410795216,0.5613084720983871,0.5342086509120382,1.0482821411898064,0.5375939607620239,0.9135338068008423,0.9473684430122375,0.687329561217039,0.03810167871415615,0.1931227995082736
248,1.2233899239722987,11.493146778699892,0.6920483974592613,0.5647007045839586,0.5340795149852725,1.0484660663213115,0.5375939607620239,0.9135338068008423,0.9473684430122375,0.6874456387328144,0.03773557208478451,0.19246602524071932
249,1.2211277897200903,11.51056727050709,0.689511548889819,0.564747607134907,0.5340365063839946,1.048492331207536,0.5375939607620239,0.9135338068008423,0.9473684430122375,0.687468327327387,0.03771295305341482,0.19247401598840952
250,1.2219856162641525,11.52796679666559,0.6869188066556297,0.5655181928079589,0.5339736279556939,1.0483486381775105,0.5413534045219421,0.9135338068008423,0.9473684430122375,0.6873623161858352,0.037483593448996544,0.19221801776438951
251,1.223863827813107,11.544839740053972,0.6845593563249571,0.5650777687747152,0.5334510510207354,1.047582900344356,0.5413534045219421,0.9135338068008423,0.9473684430122375,0.6868508448058137,0.03809800837188959,0.19210206903517246
252,1.2205756246995048,11.554508627948387,0.6833381872439082,0.5636050337077844,0.5332692399436395,1.0472716047923867,0.5394737124443054,0.9135338068008423,0.9473684430122375,0.6866556757495845,0.03723605629056692,0.19117269665002823
253,1.2233671247579807,11.565171931385581,0.6821938109083026,0.5622202666296214,0.5331627245373285,1.0471672278041486,0.5413534045219421,0.9135338068008423,0.9473684430122375,0.6865992420748854,0.03717437852174044,0.19214342907071114
254,1.2119103617367712,11.57733600753871,0.6831572702793679,0.5592952449406968,0.5330883578957932,1.0471582434932132,0.5394737124443054,0.9097744226455688,0.9473684430122375,0.6866092613689678,0.03709333762526512,0.1911034882068634
255,1.2246672797874893,11.590384923448543,0.6830758883474848,0.5581078218003606,0.5329836091566892,1.0471607782550378,0.5394737124443054,0.9078947305679321,0.9473684430122375,0.6866144234300813,0.038059589453041553,0.19212630856782198
256,1.2172040922672904,11.602940885008925,0.6843545609591865,0.5559620288794033,0.532955865105857,1.047222474370621,0.5394737124443054,0.9078947305679321,0.9473684430122375,0.6866651677711634,0.03732254635542631,0.1911968970671296
257,1.2219626087642323,11.617313311856279,0.6851215295338143,0.5533325481955786,0.5332623034373964,1.0478228311876485,0.5357142686843872,0.9041353464126587,0.9473684430122375,0.6870734313041283,0.03777491208165884,0.1927138026803732
258,1.2241435481514418,11.62943552485141,0.6852666067638777,0.5522356240789862,0.532691644420065,1.047088562001286,0.5375939607620239,0.9041353464126587,0.9473684430122375,0.6865756523417512,0.0382561469450593,0.19218024797737598
259,1.2152174037135146,11.644366064673259,0.6861350425511294,0.5501301772484382,0.5326098803276974,1.0471386388231656,0.5338345766067505,0.9041353464126587,0.9473684430122375,0.6865994732416205,0.03700269851833582,0.19104465749114752
260,1.226796270693181,11.65120887486306,0.6859983708563064,0.5500843861055559,0.5325199147793986,1.0472171889233164,0.5357142686843872,0.9041353464126587,0.9473684430122375,0.6866416336799773,0.036804430186748505,0.19065394159406424
261,1.220319340477813,11.656398944421388,0.686185647876617,0.5510868084061403,0.5324342551324714,1.0472529814222973,0.530075192451477,0.9041353464126587,0.9473684430122375,0.6866596448293824,0.03725413605570793,0.19116935692727566
262,1.2209644060104046,11.661512034939628,0.686575031926741,0.5525311254349766,0.5324123553533097,1.0474468590437533,0.530075192451477,0.9060150384902954,0.9473684430122375,0.6867826880389912,0.03805974964052439,0.19207495916634798
263,1.2237656330275666,11.667732630657829,0.6860100900240091,0.5528279908094685,0.5323149187616111,1.0474740380288141,0.530075192451477,0.9060150384902954,0.9473684430122375,0.6867902412336667,0.03765012323856354,0.19155131373554468
264,1.2244021039448594,11.670367141406357,0.6852394555710174,0.5530689927653771,0.5323432862779158,1.047705789136704,0.530075192451477,0.9078947305679321,0.9473684430122375,0.6869470793381359,0.038105567917227745,0.1919654794037342
265,1.2221836512452415,11.674639777403913,0.6837709267056409,0.5522081824825337,0.532354502996324,1.047824244596736,0.530075192451477,0.9097744226455688,0.9473684430122375,0.6870312336473824,0.036967298947274685,0.190887950360775
266,1.2224728171863095,11.679903261339755,0.6826944774317859,0.5523650604278356,0.5323209506982877,1.0478181079272118,0.5319548845291138,0.9097744226455688,0.9473684430122375,0.6870219618655662,0.038077618926763535,0.19209783896803856
267,1.2193589353044363,11.681189116576443,0.6826021436043507,0.5532925045443098,0.5323469223928834,1.047989697177892,0.5357142686843872,0.9097744226455688,0.9473684430122375,0.6871304583016735,0.03719724714756012,0.19116987753659487
268,1.220076882121879,11.676317072693159,0.6825815717069124,0.5540421794979079,0.5323772834731084,1.0480470982366714,0.5375939607620239,0.9097744226455688,0.9473684430122375,0.6871644896914652,0.0380302993580699,0.19190485030412674
269,1.2227773515121885,11.674856921487274,0.6823729772446905,0.5547773581395883,0.5324284190050522,1.0481487405811598,0.5338345766067505,0.9097744226455688,0.9473684430122375,0.6872291147731601,0.037232985720038414,0.1911086868494749
270,1.2224568607465582,11.673077423780928,0.6820528577730227,0.5558620645894642,0.5325677413857736,1.048366901664308,0.5338345766067505,0.9097744226455688,0.9473684430122375,0.6873783529288094,0.03689497895538807,0.19079530984163284
271,1.2191845001952075,11.676599248536913,0.6825355497333978,0.5564058787754802,0.5327497864558784,1.0486528074676973,0.5357142686843872,0.9097744226455688,0.9473684430122375,0.6875764511367374,0.03794131986796856,0.19184520095586777
272,1.2206263561720738,11.679931950148429,0.6830150122697332,0.5560483836767097,0.532868965954266,1.0487820924242797,0.5357142686843872,0.9097744226455688,0.9473684430122375,0.687666912200657,0.0361089576035738,0.19005136750638485
273,1.2193130862632984,11.685335469048294,0.6842098715670254,0.5565162184326756,0.5329061121297824,1.048741416787408,0.5375939607620239,0.9097744226455688,0.9473684430122375,0.68763243545978,0.03776542190462351,0.1915227435529232
274,1.2238111272501526,11.684766400135732,0.6850601298890645,0.555401933235443,0.5329894299322676,1.0488255526664152,0.5375939607620239,0.9097744226455688,0.9473684430122375,0.6876960955601591,0.03782125189900398,0.1919627096503973
275,1.2238841190133511,11.688327196475893,0.6852945786400512,0.555548280316152,0.5331404963518511,1.0490164894320544,0.5375939607620239,0.9097744226455688,0.9473684430122375,0.6878332972947769,0.037224157713353634,0.19101501908153296
276,1.2255145171540325,11.69556096459642,0.6833175715778823,0.5539324732645174,0.533712589218364,1.0495528699964116,0.5357142686843872,0.9116541147232056,0.9473684430122375,0.6882134087186392,0.03705111797899008,0.19180217012763023
277,1.218659820858957,11.707239640743058,0.681668145463576,0.5504524895886138,0.5337624474106598,1.0495475649000159,0.5319548845291138,0.9078947305679321,0.9473684430122375,0.688230092658059,0.037033298052847385,0.19172656256705523
278,1.2189691523686474,11.711636179305087,0.6820940058121404,0.5511664428168207,0.5338710818215087,1.0496740739499189,0.5319548845291138,0.9078947305679321,0.9473684430122375,0.688320585316037,0.03826998732984066,0.19360468536615372
279,1.22229202189093,11.719666874648343,0.6814088315452074,0.5509545723244506,0.5337628485048048,1.0495673754722192,0.5319548845291138,0.9078947305679321,0.9473684430122375,0.6882618159000321,0.03832980524748564,0.19314693845808506
280,1.2196166863922755,11.729358668516165,0.6814858422464971,0.5490073972044777,0.5332563847339102,1.0490053246956956,0.5338345766067505,0.9078947305679321,0.9473684430122375,0.6878859682293774,0.03788270987570286,0.19194814935326576
281,1.2206816350625076,11.737234675244027,0.681804163728668,0.5465971261733374,0.5335717863466982,1.0493845369552361,0.530075192451477,0.9060150384902954,0.9473684430122375,0.6881239372595516,0.036803869530558586,0.19164547231048346
282,1.2174463909926527,11.743051425533366,0.6831709783325658,0.544062607794584,0.5334818474291126,1.0494902565225115,0.530075192451477,0.9060150384902954,0.9473684430122375,0.6881756600691114,0.038134537637233734,0.19299788028001785
283,1.2225553856421245,11.749487634209121,0.6838160121082467,0.5431293855611389,0.5334055801712978,1.0492655584855626,0.5319548845291138,0.9060150384902954,0.9473684430122375,0.687978716657809,0.037805781699717045,0.19247965514659882
284,1.2195490597553993,11.75842241556723,0.6847133349360477,0.5444796757698337,0.5329296603279201,1.0486422168499678,0.5319548845291138,0.9060150384902954,0.9473684430122375,0.6875705386718963,0.037817200645804405,0.19172630179673433
285,1.2215072795546662,11.765708612339472,0.6864849496521312,0.5482680483722105,0.5328296075664876,1.0483948940898071,0.5338345766067505,0.9078947305679321,0.9473684430122375,0.6874018395262638,0.03695320896804333,0.19102418888360262
286,1.2204882920052627,11.771279556590462,0.6883370638754739,0.5534110600820185,0.5327226789082461,1.0481324830218028,0.5375939607620239,0.9078947305679321,0.9473684430122375,0.6872067019933358,0.037867430597543716,0.19192173052579165
287,1.2233766284757746,11.775259258817492,0.6892117627268683,0.5565425641242937,0.5325942928072136,1.047901724433695,0.5357142686843872,0.9097744226455688,0.9473684430122375,0.6870202590414842,0.0373469153419137,0.19117692671716213
288,1.2197497630751648,11.781693759419177,0.6904655124816992,0.560524786323315,0.5324333184570214,1.047623667562138,0.5357142686843872,0.9116541147232056,0.9473684430122375,0.686780130757471,0.037646123208105564,0.19254366494715214
289,1.217150374616273,11.791198515772987,0.6928800872735943,0.5636049723148134,0.5322474340847839,1.0472180141454264,0.5338345766067505,0.9135338068008423,0.9473684430122375,0.686442197039461,0.03699892945587635,0.19109011813998222
290,1.2230026739202842,11.797415996802531,0.6945290748218493,0.5627952346517249,0.5320682009563946,1.0468021889941512,0.5319548845291138,0.9135338068008423,0.9473684430122375,0.686148789577597,0.03734331578016281,0.19124389719218016
291,1.221480314840218,11.80075756081404,0.6962607687332933,0.5617069663720464,0.5319463514125308,1.0466055282457754,0.5319548845291138,0.9116541147232056,0.9473684430122375,0.6860094548544377,0.0367538807913661,0.1906791916117072
292,1.2197270159311917,11.802182187673123,0.6985687786681489,0.561790821795227,0.5319137857433094,1.0465028258317353,0.5319548845291138,0.9116541147232056,0.9473684430122375,0.6859304418026129,0.03753280360251665,0.1915946528315544
293,1.216723384892464,11.793681674555305,0.7022146799410001,0.5620610169072929,0.531880718282679,1.0465437362350245,0.5319548845291138,0.9116541147232056,0.9473684430122375,0.6859337726786785,0.03655058238655329,0.19045143388211727
294,1.2242536733035374,11.793167086968724,0.7034726043780107,0.5588420311799425,0.5318834103739184,1.0465715520630923,0.5319548845291138,0.9116541147232056,0.9473684430122375,0.6859816705664534,0.03662173170596361,0.1906116222962737
295,1.2207306583759454,11.786933316520956,0.7043597438014421,0.5547133681562186,0.5319540106265022,1.046782525820803,0.5319548845291138,0.9116541147232056,0.9473684430122375,0.6861612466036126,0.03664105199277401,0.19058321230113506
296,1.2175347044006577,11.779174665019877,0.7066096234320633,0.5522266726030364,0.5320477691297437,1.0471045959483667,0.5319548845291138,0.9097744226455688,0.9473684430122375,0.6863879080083792,0.03754674270749092,0.19148704409599304
297,1.2265930613061666,11.767927748653326,0.7066397554556967,0.5493086725309938,0.532261538246525,1.0477775074603943,0.5281955003738403,0.9078947305679321,0.9473684430122375,0.686857972248669,0.03666490223258734,0.19148113392293453
298,1.225528917313495,11.763833305568875,0.7048857815923862,0.546111489374095,0.5322301632547348,1.0478067694064797,0.5281955003738403,0.9078947305679321,0.9473684430122375,0.6868824689449601,0.036511183716356754,0.19134913571178913
299,1.2235391893052885,11.762211455023248,0.7027602947063347,0.5451338620569811,0.5323987213718666,1.047978737793227,0.5281955003738403,0.9078947305679321,0.9473684430122375,0.6870014032247204,0.036978949792683125,0.19170510210096836
300,1.2236577197692255,11.759124337718173,0.7017701378172282,0.5480202228895801,0.5323866461237247,1.0480329011616787,0.5281955003738403,0.9078947305679321,0.9473684430122375,0.6870568047004919,0.036954338662326336,0.19170222152024508
301,1.22163510176606,11.755941820340196,0.7010977210745615,0.5523217756261463,0.5325043524121812,1.0481806322607354,0.530075192451477,0.9078947305679321,0.9473684430122375,0.6871576264747575,0.03773613180965185,0.1925961645320058
302,1.2241061656438652,11.748415654725004,0.7001484694686309,0.5574405696168402,0.5322832555513239,1.047752010254328,0.5413534045219421,0.9116541147232056,0.9473684430122375,0.6868237179777253,0.036589182913303375,0.19053157232701778
303,1.2172875766960527,11.744904199557123,0.699489115111249,0.5602122240960784,0.5323541209843216,1.047869311021904,0.5432330965995789,0.9116541147232056,0.9473684430122375,0.6868870697986399,0.036665611900389194,0.1906071426346898
304,1.2218666814565795,11.740906460081257,0.6984898890538112,0.5615299003119114,0.5324357850498758,1.0479792362118896,0.5432330965995789,0.9116541147232056,0.9473684430122375,0.6869587667468937,0.03754636459052563,0.19167105294764042
305,1.2235717690153258,11.745077246383342,0.6972907896211401,0.5625252082992591,0.5324751755480759,1.0480485984600372,0.5432330965995789,0.9135338068008423,0.9473684430122375,0.6870039155714167,0.037124186754226685,0.19184546079486609
306,1.2231371053936964,11.753913074501904,0.6942002439160747,0.5605163200985546,0.532550783870411,1.0480408217440043,0.5413534045219421,0.9097744226455688,0.9473684430122375,0.6870462169363656,0.038189517334103584,0.19371217396110296
307,1.2211576640537039,11.766404042206553,0.6913954267776616,0.5582596738826336,0.532599375477563,1.0479754411998536,0.5394737124443054,0.9097744226455688,0.9473684430122375,0.6870458953228789,0.0366775318980217,0.19063828233629465
308,1.2180996335161614,11.781559155481387,0.6894130979347524,0.5558454664368263,0.5325447909076741,1.0477019821859053,0.5375939607620239,0.9097744226455688,0.9473684430122375,0.686890051422538,0.03680714126676321,0.190705182030797
309,1.2163250630954516,11.797445660310753,0.6875935556172241,0.5501973372863042,0.5325390251173489,1.0474818588386883,0.5357142686843872,0.9078947305679321,0.9473684430122375,0.6867691988096157,0.0356472609564662,0.1897309711202979
310,1.2161294805847718,11.810957695347634,0.6873296498625189,0.5467099913678799,0.5325631147410718,1.047315404211856,0.5357142686843872,0.9060150384902954,0.9473684430122375,0.6866587148338116,0.03662817180156708,0.1905729714781046
311,1.226805741023189,11.819775172655037,0.6859876215465301,0.545361489238652,0.5325703504285357,1.0471086737957693,0.5338345766067505,0.9060150384902954,0.9473684430122375,0.6865227253829003,0.036582632921636105,0.19052699394524097
312,1.2237922986178928,11.82880544931576,0.6852823801648501,0.5489734126533822,0.532556635515507,1.046794071077414,0.5338345766067505,0.9060150384902954,0.9473684430122375,0.6863238398132113,0.03750409372150898,0.1913917250931263
313,1.2192194733242663,11.830092119820401,0.6857576174251552,0.5504702350306908,0.5325630197051499,1.0466420996072343,0.5357142686843872,0.9078947305679321,0.9473684430122375,0.6862231372041332,0.036596281453967094,0.19051362294703722
314,1.219993840346946,11.826143672103102,0.6874693030490409,0.5534401645745242,0.5325303372120289,1.0465484073044093,0.5357142686843872,0.9078947305679321,0.9473684430122375,0.6861448955237983,0.03770905267447233,0.191699942573905
315,1.2184921209498456,11.823781953709517,0.6897044787228549,0.5550317694715617,0.5325306902368329,1.0466031260769575,0.5357142686843872,0.9078947305679321,0.9473684430122375,0.6861635475033194,0.03675965126603842,0.19061123207211494
316,1.2228804088722067,11.830565504472718,0.6914377958313517,0.5566994243302688,0.5325027600413731,1.0465986953849158,0.5357142686843872,0.9078947305679321,0.9473684430122375,0.6861374665451696,0.03660067357122898,0.19051309302449226
317,1.2232490968770775,11.833847875689491,0.6920519867146395,0.5573425317107048,0.5324810567249211,1.0466583510986425,0.5338345766067505,0.9078947305679321,0.9473684430122375,0.6861632828600089,0.03687039017677307,0.19085997994989157
318,1.2226293501780603,11.833844271247445,0.6929282679684295,0.5601087714932999,0.5325404340910276,1.0468158375269703,0.5375939607620239,0.9078947305679321,0.9473684430122375,0.6862391509871579,0.038167787715792656,0.19206090923398733
319,1.2216064899193462,11.831704544935379,0.6946181434000187,0.564206444264699,0.532599092840568,1.046993885328397,0.5394737124443054,0.9116541147232056,0.9473684430122375,0.6862996193352902,0.037004598416388035,0.19102604873478413
320,1.2195709944759305,11.831910948939395,0.6966912197119349,0.5683111990383356,0.5325957969957286,1.0471824363216309,0.5432330965995789,0.9135338068008423,0.9473684430122375,0.6863445675492367,0.03712603636085987,0.19271494261920452
321,1.2224388645082769,11.829191619673367,0.6980203709825967,0.571782002193098,0.5325369143477773,1.0473531776035152,0.5432330965995789,0.9154135584831238,0.9473684430122375,0.6863731094826511,0.03726229537278414,0.1912257168442011
322,1.2199733040223166,11.830848024582732,0.6993198378714939,0.5712055460517395,0.5324650970676323,1.047419343497549,0.5413534045219421,0.9154135584831238,0.9473684430122375,0.6864097517688527,0.036703561432659626,0.19061381183564663
323,1.2220004177301007,11.82969938642531,0.6996149500611372,0.5670166190208882,0.5324735901449218,1.0474593024327243,0.5432330965995789,0.9154135584831238,0.9473684430122375,0.6865014177733064,0.03705204930156469,0.19096392020583153
324,1.220787598883366,11.822483545168238,0.7004770048203353,0.5618974657633845,0.5324741193503865,1.0475661681941546,0.5413534045219421,0.9116541147232056,0.9473684430122375,0.6866281325157766,0.036703371442854404,0.19058531243354082
325,1.219456301605155,11.817646434939114,0.700907998298582,0.5544205942851432,0.5325320760837923,1.0477804512368902,0.5413534045219421,0.9135338068008423,0.9473684430122375,0.6868247200063212,0.03659283276647329,0.19062001258134842
326,1.219808152228302,11.819513650329805,0.7012746460616808,0.5476978391474773,0.533093974315091,1.0484783372100157,0.5319548845291138,0.9078947305679321,0.9473684430122375,0.6872891907242369,0.03673401102423668,0.191770251840353
327,1.2167002547616406,11.819518813957448,0.7019062922162251,0.540291964174875,0.5330618349631661,1.0487401383110164,0.5281955003738403,0.9078947305679321,0.9473684430122375,0.687421983901928,0.036590022034943104,0.1915416745468974
328,1.2251649469969599,11.809052353103384,0.7029140790474241,0.5376948374829934,0.5331099250269513,1.04899046631668,0.5319548845291138,0.9078947305679321,0.9473684430122375,0.6875594770109427,0.03756464459002018,0.19263515435159206
329,1.21951307555304,11.799704214787644,0.704184919627608,0.5364066136663072,0.5331769176439711,1.0490715441654277,0.5319548845291138,0.9078947305679321,0.9473684430122375,0.6875774742141284,0.03823673818260431,0.19363936502486467
330,1.222423249972112,11.789160169572881,0.7042736841330229,0.5376265747995718,0.5332306102154167,1.0490705646713212,0.5338345766067505,0.9078947305679321,0.9473684430122375,0.6875718624486825,0.03765281289815903,0.19253973383456469
331,1.2272319111713217,11.782970537017855,0.7021217192184438,0.5430108863568838,0.5331077950204498,1.0489631478105814,0.5357142686843872,0.9078947305679321,0.9473684430122375,0.6875649561612278,0.03748062439262867,0.19230618700385094
332,1.2171049542960515,11.77668023674401,0.6988155214651196,0.5450020724042975,0.5331235480936559,1.048830616391197,0.5394737124443054,0.9078947305679321,0.9473684430122375,0.6874925670087815,0.03749820403754711,0.1923498660326004
333,1.222713732164007,11.775461901484439,0.6952260249860913,0.5482641768365631,0.5332254244437656,1.0486910479536988,0.5394737124443054,0.9097744226455688,0.9473684430122375,0.6874077419294723,0.03760646376758814,0.19240719638764858
334,1.2225895264564617,11.777770131564763,0.6912094253049631,0.5534051195751638,0.5326992826205079,1.0481081097813376,0.5432330965995789,0.9135338068008423,0.9473684430122375,0.6870102658455853,0.03581729903817177,0.1896785805001855
335,1.2310935678237904,11.783806881023391,0.6843090047962961,0.5585465547904875,0.5325318431385274,1.0477495538739001,0.5413534045219421,0.9116541147232056,0.9473684430122375,0.686758877207535,0.03758888319134712,0.19150581397116184
336,1.2216631996390415,11.791870268764418,0.6787552154283507,0.563192459253866,0.532384624260805,1.0475598869439902,0.5432330965995789,0.9116541147232056,0.9473684430122375,0.6865996691488992,0.037694891914725304,0.1916268328204751
337,1.222509141463262,11.801152514779982,0.6736381247413119,0.5656298894934324,0.5322756412578119,1.0473900762452621,0.5451127886772156,0.9116541147232056,0.9473684430122375,0.686467534606328,0.0370355686172843,0.19090184941887856
338,1.220175423698984,11.815075813109097,0.6697474965855527,0.5674815565017044,0.5320879704217146,1.0471164088187321,0.5432330965995789,0.9116541147232056,0.9473684430122375,0.6862609037348942,0.036649271845817566,0.19089282024651766
339,1.224867705435503,11.826760229886899,0.6662324925254565,0.5655864086006996,0.5323126162151004,1.04736781472428,0.5394737124443054,0.9116541147232056,0.9473684430122375,0.6865034371566838,0.03725450672209263,0.19122751709073782
340,1.2221710900531488,11.842041709094788,0.662525310330881,0.5631795336096733,0.532099298268061,1.0469594979957086,0.5394737124443054,0.9116541147232056,0.9473684430122375,0.6862680186879189,0.03667321149259806,0.19061812199652195
341,1.221953621680044,11.858817917459577,0.6584609610125909,0.559078839114192,0.5319851835207666,1.0467087612403032,0.5394737124443054,0.9097744226455688,0.9473684430122375,0.6861589642090904,0.03652998339384794,0.19084706995636225
342,1.2257495075503657,11.866649622931527,0.6556730130015122,0.5573993481963745,0.5318733467500252,1.046471469888312,0.5375939607620239,0.9078947305679321,0.9473684430122375,0.6860219026768097,0.03472516033798456,0.18871488980948925
343,1.2154461518648794,11.867622613780624,0.6562492851731353,0.5554954344162638,0.5317108096393077,1.0461858364446508,0.5375939607620239,0.9041353464126587,0.9473684430122375,0.6858246645621358,0.03662278223782778,0.190883650444448
344,1.2221784103348665,11.867666633578404,0.6574138365372776,0.5539617116098262,0.5315827527913694,1.0460180328786257,0.5375939607620239,0.9060150384902954,0.9473684430122375,0.6857026691345506,0.03675035107880831,0.1906951004639268
345,1.2162950462181363,11.860235134359844,0.6618218669015823,0.5554511138034308,0.5315432836259786,1.0461283389350198,0.5375939607620239,0.9078947305679321,0.9473684430122375,0.6857389880535708,0.036508163437247276,0.1904593138024211
346,1.2183233270936238,11.851433942263329,0.6677541926493169,0.5564447625555163,0.5315850971390795,1.0464049466405867,0.5375939607620239,0.9078947305679321,0.9473684430122375,0.6858910765699691,0.03706465847790241,0.1910188589245081
347,1.2208587366454526,11.836361353009897,0.6752936241795338,0.5575584727101021,0.5317861062981792,1.046940506690723,0.5375939607620239,0.9097744226455688,0.9473684430122375,0.6862209939338076,0.03686972986906767,0.1907960595563054
348,1.2191816969983273,11.820288861881574,0.6837185473010511,0.5601289312426415,0.5318376669050913,1.0471691864320962,0.5413534045219421,0.9116541147232056,0.9473684430122375,0.6863035421942455,0.0367601802572608,0.19060919154435396
349,1.2237742383153125,11.797976483119267,0.6907724385600237,0.5622699676894027,0.5322115415526615,1.0479080654774446,0.5413534045219421,0.9116541147232056,0.9473684430122375,0.6867668549998089,0.03761147242039442,0.19159278273582458
350,1.2233160086050006,11.779892561358029,0.6961583706066813,0.5614566767059626,0.5324806524828134,1.048331274772215,0.5394737124443054,0.9116541147232056,0.9473684430122375,0.6870464676035861,0.03748144395649433,0.19127358589321375
351,1.2231694242983677,11.760988311909923,0.7011738213587139,0.5600766336477422,0.5329609987199457,1.048787435108583,0.5394737124443054,0.9135338068008423,0.9473684430122375,0.6873577785288428,0.035681070759892464,0.19055754225701094
352,1.215666221300781,11.748717992221872,0.7061569168651874,0.5555880414694836,0.5331684208383962,1.0491414157705183,0.5413534045219421,0.9135338068008423,0.9473684430122375,0.6876315121987098,0.037834241054952145,0.19288074132055044
353,1.226454856925182,11.744691988387189,0.709255032717044,0.552837818551718,0.5332373601059983,1.0494480920347262,0.5432330965995789,0.9097744226455688,0.9473684430122375,0.6878661723885114,0.037701782770454884,0.19255047384649515
354,1.2147198955785206,11.741858097288887,0.7125464979265147,0.5489734688036555,0.5334590323055092,1.049760219722793,0.5413534045219421,0.9078947305679321,0.9473684430122375,0.6880766716255118,0.038127937354147434,0.19288831111043692
355,1.2212088084124402,11.745910728227484,0.7135476839972057,0.5432888794574644,0.5334867358505037,1.0499943417693742,0.5357142686843872,0.9060150384902954,0.9473684430122375,0.6882394095177248,0.03825824707746506,0.19306688010692596
356,1.2190512212007159,11.751221412237609,0.7133076482680968,0.5406054883548974,0.5334503894914642,1.0499472845289046,0.5357142686843872,0.9060150384902954,0.9473684430122375,0.688200957079703,0.03764248266816139,0.1924178460612893
357,1.2234323887864627,11.751920745262202,0.7128014956563479,0.5398217736976632,0.5334707820859919,1.049770525689068,0.530075192451477,0.9060150384902954,0.9473684430122375,0.688072212516728,0.03781274054199457,0.19256314355880022
358,1.2204770174110837,11.75540796089863,0.7126731762388199,0.5412735741241143,0.5334459517754699,1.049488499501725,0.530075192451477,0.9078947305679321,0.9473684430122375,0.6878837299910062,0.03813623916357756,0.19291526172310114
359,1.2311815541574074,11.762757605619147,0.7090473935862169,0.5438747820816012,0.5333070202226153,1.0491265058636348,0.5338345766067505,0.9078947305679321,0.9473684430122375,0.6876775878454301,0.0379888704046607,0.193639044649899
360,1.2217478854953754,11.773760866701254,0.7049508067351362,0.5470711940979136,0.5333117295112502,1.0488096805753155,0.5338345766067505,0.9078947305679321,0.9473684430122375,0.6874848680647325,0.038109779357910156,0.19297628104686737
361,1.22045547143016,11.784137246337824,0.7010800950406813,0.5507604336649038,0.5332581910333422,1.0486026036170368,0.5413534045219421,0.9078947305679321,0.9473684430122375,0.6873810004283122,0.03779996186494827,0.19255414512008429
362,1.2206374314342452,11.79517709018431,0.6963063900443138,0.5558040011841101,0.5327769394879993,1.0479806159300005,0.5375939607620239,0.9116541147232056,0.9473684430122375,0.6869678263047624,0.03796630073338747,0.1918614013120532
363,1.2179735388363488,11.802598271536393,0.6924922058149576,0.5582541628734458,0.5327517503446532,1.0477657860848586,0.5375939607620239,0.9097744226455688,0.9473684430122375,0.6868338539625537,0.0380318695679307,0.19196408987045288
364,1.2233909003212813,11.808103334965477,0.688701558222444,0.5612126368782769,0.5327435564391668,1.0476703738241575,0.5394737124443054,0.9116541147232056,0.9473684430122375,0.6867667393345107,0.037103728391230106,0.1911696083843708
365,1.2232211645829691,11.813778719194064,0.6829364928775683,0.5582108018894081,0.5327165770687508,1.0474675204475763,0.5357142686843872,0.9078947305679321,0.9473684430122375,0.6866950987095018,0.03662984259426594,0.19052812363952398
366,1.2173371016937065,11.814268376822005,0.6792524997298099,0.555258638296903,0.5327336393954932,1.0473879963904256,0.5357142686843872,0.9078947305679321,0.9473684430122375,0.6866898542494096,0.03658021241426468,0.19049954321235418
367,1.2243888224063482,11.819061481086361,0.6738101640603874,0.5498142969210953,0.5327569345780878,1.0473178957533562,0.5319548845291138,0.9060150384902954,0.9473684430122375,0.6866893529823553,0.03648972325026989,0.1904633343219757
368,1.222131002791147,11.819063726570093,0.6689466252851259,0.5455027860253534,0.5327998334259829,1.0474155065556956,0.5319548845291138,0.9041353464126587,0.9473684430122375,0.6867737556238606,0.03752095438539982,0.19143294543027878
369,1.2315318663609482,11.821484506662072,0.6627677734638256,0.5435961605306836,0.5328819934449344,1.0475044792604655,0.5319548845291138,0.9041353464126587,0.9473684430122375,0.6868522916239914,0.03751651383936405,0.1913140658289194
370,1.2252128475109763,11.824272533919837,0.6591714388942136,0.5471081710387088,0.5329884858179967,1.047613808470341,0.5338345766067505,0.9041353464126587,0.9473684430122375,0.6869620393615534,0.03748282417654991,0.19140694476664066
371,1.2250185384790173,11.82979052395778,0.6553693704624945,0.5521405651805181,0.5331147144232241,1.0478130771367937,0.5338345766067505,0.9078947305679321,0.9473684430122375,0.687118327557437,0.035595172084867954,0.18948527332395315
372,1.228227635402444,11.840984371818227,0.6503244737238932,0.5583116074310162,0.5332106047226426,1.0480505245917828,0.5394737124443054,0.9078947305679321,0.9473684430122375,0.6872747077592294,0.037546563893556595,0.19163100235164165
373,1.2238175284637949,11.854759310165688,0.6457989347768521,0.5649412981057061,0.5332382991772683,1.0481484567601553,0.5432330965995789,0.9116541147232056,0.9473684430122375,0.687290495086618,0.0356866717338562,0.18949970323592424
374,1.2194243430793161,11.867407512560916,0.6433340074261265,0.5713314556592765,0.5332260271064247,1.0482423416844715,0.548872172832489,0.9135338068008423,0.9473684430122375,0.6872532000593918,0.038178867660462856,0.1929135713726282
375,1.221366531351343,11.88511480325341,0.6404286454052747,0.5723779038318454,0.5331755697683362,1.0481776156020488,0.548872172832489,0.9135338068008423,0.9473684430122375,0.6871982886196845,0.03644793387502432,0.19037322513759136
376,1.2262807061643073,11.90457296740515,0.6364537421260621,0.5702599511302446,0.5331399948275147,1.0479952731292521,0.5469924807548523,0.9116541147232056,0.9473684430122375,0.6871314170810746,0.035989418625831604,0.1901138871908188
377,1.2269339188270298,11.916070329954938,0.6332021782892068,0.5689655462855929,0.5331303871570613,1.0478504893989937,0.5469924807548523,0.9116541147232056,0.9473684430122375,0.6870686528653631,0.03683007974177599,0.19080119021236897
378,1.2180093518241684,11.92616486380366,0.6313517451617244,0.5645692719931056,0.5331419108028067,1.0477085060310884,0.5469924807548523,0.9097744226455688,0.9473684430122375,0.6870457377106094,0.03575020004063845,0.1896740309894085
379,1.2208961264318408,11.938924609052288,0.6285378217408989,0.5539258510559619,0.5330529649227729,1.0474669781135817,0.5375939607620239,0.9078947305679321,0.9473684430122375,0.6869676536002355,0.03566022124141455,0.18958084285259247
380,1.217816568684739,11.949528042953482,0.6282662851395493,0.5431593521207395,0.5329126610732212,1.0474905443561133,0.5319548845291138,0.9041353464126587,0.9473684430122375,0.6869414224682308,0.03478396963328123,0.18865558039397
381,1.223420137891475,11.957566026704415,0.6289498378358814,0.5354616282835156,0.5327785165653393,1.0476757789003641,0.530075192451477,0.902255654335022,0.9473684430122375,0.6869529957371507,0.036610811948776245,0.19053603243082762
382,1.2262907936245258,11.962611047385412,0.6310614024624914,0.5334630239375753,0.5326609740028659,1.0478041976576982,0.5281955003738403,0.9041353464126587,0.9473684430122375,0.6869879950431081,0.037474995478987694,0.19141230545938015
383,1.2217537349189476,11.966508735637179,0.6345168064468423,0.5352840675819829,0.5326229615681832,1.047966329718036,0.530075192451477,0.9041353464126587,0.9473684430122375,0.687119219138451,0.03719130717217922,0.1919676698744297
384,1.2198819599520676,11.965869404193135,0.6403542074679383,0.5418136142811669,0.5326072004460465,1.047967682447683,0.5319548845291138,0.9041353464126587,0.9473684430122375,0.6871849682377889,0.03657558374106884,0.19046965427696705
385,1.2232089071067906,11.970921305672663,0.6461437548319572,0.5501630691494229,0.5325430140269303,1.0479030753839178,0.5338345766067505,0.9078947305679321,0.9473684430122375,0.6871537879875433,0.03652578312903643,0.19048236403614283
386,1.220616436297366,11.973057838589904,0.6529397474018679,0.5614412152528276,0.5325441508803392,1.0480317466789413,0.5394737124443054,0.9116541147232056,0.9473684430122375,0.6871567673435951,0.036555493250489235,0.1906116921454668
387,1.2162425990694146,11.96946455845242,0.6624026658268662,0.5722064540330227,0.5324743061723248,1.0482972029205524,0.5469924807548523,0.9154135584831238,0.9473684430122375,0.6871143636804059,0.03667901270091534,0.19057041313499212
388,1.2227826246759688,11.973253493961542,0.6703032329380957,0.5774340603194736,0.5323112304587598,1.0483256393466482,0.5469924807548523,0.9154135584831238,0.9473684430122375,0.6869572490868314,0.03772912174463272,0.19166599307209253
389,1.2201697842722856,11.977680675179252,0.676752074061042,0.5753697513925868,0.532019855262156,1.0478837207363831,0.5451127886772156,0.9154135584831238,0.9473684430122375,0.6866509797905019,0.03650310356169939,0.19042785372585058
390,1.2259663395716585,11.987657525859415,0.682033087441707,0.5719192703206393,0.5319240397436406,1.0475187202919192,0.5451127886772156,0.9154135584831238,0.9473684430122375,0.6864458200230674,0.03655566368252039,0.18964567221701145
391,1.222594332267436,11.998230577714105,0.6867725262990261,0.5682890487339355,0.5319260327153087,1.0476222657022565,0.5432330965995789,0.9135338068008423,0.9473684430122375,0.6865727451111787,0.036528272554278374,0.19039924442768097
392,1.217671859477971,12.004252424404324,0.6923612585405875,0.5637380514427307,0.5317405277849108,1.0472078412988948,0.5432330965995789,0.9116541147232056,0.9473684430122375,0.6863279228771749,0.03660571202635765,0.1903975047171116
393,1.2185598386429963,12.01311973849938,0.6977346711363142,0.557011809970607,0.5316423785710259,1.0468041609692107,0.5375939607620239,0.9097744226455688,0.9473684430122375,0.6861061092569918,0.03657345287501812,0.19044376350939274
394,1.2209275496725138,12.017565888112825,0.7022038112582153,0.5519631104231176,0.5316963816763532,1.0465927419916374,0.5375939607620239,0.9078947305679321,0.9473684430122375,0.6859892862685256,0.03653503302484751,0.19040533434599638
395,1.222698139904912,12.017206579101147,0.7061273753800674,0.5468477944287152,0.5318725068970153,1.046550277784896,0.5375939607620239,0.9041353464126587,0.9473684430122375,0.6859731128534866,0.03745097480714321,0.19134115613996983
396,1.2120881976772298,12.016431111569872,0.7140070472297727,0.5440482477682935,0.5321449988504993,1.0467663638691003,0.5357142686843872,0.9060150384902954,0.9473684430122375,0.6861105292476487,0.03669052105396986,0.19060811214148998
397,1.2190198644089927,12.018529893229926,0.7216373499412044,0.5435419898497976,0.5325139816558605,1.0472626398898761,0.530075192451477,0.9041353464126587,0.9473684430122375,0.6863686774142792,0.03660394158214331,0.19137639459222555
398,1.220192342997151,12.019281853141235,0.7302217123165844,0.5470960325941568,0.5330118035792185,1.0477332177133005,0.5263158082962036,0.9060150384902954,0.9473684430122375,0.686686357841962,0.03652915358543396,0.191196427680552
399,1.2184577906390701,12.020319125917949,0.737734766902262,0.5515430531499443,0.5330221396857322,1.0480384230724737,0.5357142686843872,0.9060150384902954,0.9473684430122375,0.6869438923270573,0.037541214376688004,0.19226709753274918
400,1.2135811593572798,12.016985863372957,0.7460584053304906,0.5554058793384427,0.5332029318527624,1.0483282348679996,0.5357142686843872,0.9060150384902954,0.9473684430122375,0.6871063323908352,0.037652173079550266,0.19248557649552822
401,1.2242120642769212,12.017007223451289,0.7517161537250296,0.560759314065026,0.5332070905726785,1.0484820488957214,0.5394737124443054,0.9078947305679321,0.9473684430122375,0.687159163523956,0.03772863280028105,0.19262595381587744
402,1.219943642095262,12.009631339930408,0.7561676493116072,0.5652333273890474,0.5333539911844566,1.0486306231116127,0.5394737124443054,0.9135338068008423,0.9473684430122375,0.6871649824064529,0.03664371185004711,0.1913513857871294
403,1.2214066854597132,12.011992950077811,0.7589665415319167,0.5687565854675976,0.5336216046295215,1.0488269821780922,0.5413534045219421,0.9135338068008423,0.9473684430122375,0.6871955608277505,0.037537263706326485,0.19229012820869684
404,1.2183981329686155,12.014791368159484,0.759500793572316,0.5686415667815373,0.533576467181884,1.048747185204782,0.5413534045219421,0.9135338068008423,0.9473684430122375,0.6871397863193233,0.036520082503557205,0.1912269964814186
405,1.2245009942999316,12.016553431343954,0.7584797068605605,0.5698638235113577,0.5332774284586508,1.0486674666751017,0.5432330965995789,0.9135338068008423,0.9473684430122375,0.6871057340510465,0.03673010133206844,0.19151066429913044
406,1.2223034833226436,12.019503491469367,0.7553523740157861,0.5681879938686651,0.5332127074171998,1.0485580806294905,0.5432330965995789,0.9135338068008423,0.9473684430122375,0.6870764099011651,0.037501283921301365,0.19248353503644466
407,1.2202682207481166,12.023632655970701,0.7486859809470766,0.5595217916409891,0.5332052948140712,1.0483861602261346,0.5357142686843872,0.9097744226455688,0.9473684430122375,0.6870956753906783,0.03892554063349962,0.19421021919697523
408,1.2209510001766,12.033272159315244,0.7412548311096416,0.5511921031923027,0.5332368431892821,1.0484307891677902,0.5338345766067505,0.9078947305679321,0.9473684430122375,0.6871889593385958,0.03672555088996887,0.1916991025209427
409,1.2133839036367915,12.043593472927569,0.7360797963861165,0.5441149225276211,0.533199223628805,1.0485608088888678,0.530075192451477,0.9060150384902954,0.9473684430122375,0.6873015891760705,0.03768365364521742,0.1926688840612769
410,1.2230834661570509,12.053788732493546,0.7308863044628564,0.5411928114932,0.5331354612733578,1.0486771240605866,0.5263158082962036,0.9041353464126587,0.9473684430122375,0.687400756281262,0.03686685021966696,0.19199735019356012
411,1.221765372587086,12.063071771049861,0.7268091837943127,0.5414265091654491,0.5332931096074958,1.0487681368074715,0.5281955003738403,0.9041353464126587,0.9473684430122375,0.6874706155925191,0.03761660307645798,0.19284926168620586
412,1.219563476245689,12.072188165934975,0.7242771379627941,0.5437485291058819,0.5333886962058788,1.048784858532092,0.5263158082962036,0.9060150384902954,0.9473684430122375,0.6875161553994004,0.03818845748901367,0.19353202544152737
413,1.2228259008189029,12.075346428408626,0.7218216202879567,0.5479308555423594,0.5332647415875147,1.0488656389640272,0.5281955003738403,0.9060150384902954,0.9473684430122375,0.6876510789098328,0.03712466824799776,0.19206082914024591
414,1.2150105392174577,12.08243242245162,0.7212656791577402,0.5529033392722538,0.5329092608942776,1.048451460690928,0.5357142686843872,0.9097744226455688,0.9473684430122375,0.6873978411392504,0.037110498175024986,0.19117021653801203
415,1.2185341035351522,12.090698931494021,0.7200472149062573,0.555937190437348,0.5328827999308665,1.0483428564448702,0.5357142686843872,0.9097744226455688,0.9473684430122375,0.6873223361337162,0.036997849121689796,0.19104618858546019
416,1.2176259038037225,12.097840727604574,0.7192152418153774,0.5577395322931875,0.5328830028710555,1.0483085752821268,0.5357142686843872,0.9097744226455688,0.9473684430122375,0.6872936584022017,0.03735027555376291,0.19148104451596737
417,1.2165913195981481,12.101777062259924,0.7197393072090525,0.5587574806934746,0.5328469667198121,1.048215842935181,0.5357142686843872,0.9097744226455688,0.9473684430122375,0.6872214848288012,0.038172757253050804,0.19222614727914333
418,1.2250922169306124,12.107113161033825,0.7181388950867312,0.5596986445869669,0.5328078021459921,1.0480463201276884,0.5357142686843872,0.9078947305679321,0.9473684430122375,0.6871071452176625,0.03799523040652275,0.19200603011995554
419,1.2253586878727303,12.109996993693443,0.7147439126153999,0.5602485516681074,0.5328298297558993,1.047986495001615,0.5357142686843872,0.9097744226455688,0.9473684430122375,0.6870790375675695,0.03813070897012949,0.19226568657904863
420,1.2150268712071655,12.117229872792477,0.7126387766172735,0.5591681314393346,0.5328145019798105,1.0479978346440528,0.5357142686843872,0.9078947305679321,0.9473684430122375,0.6870968725058422,0.038023728877305984,0.19196913950145245
421,1.218245217024349,12.124503665195853,0.7113581229169754,0.5566230385351988,0.5328278619447896,1.0481090525407328,0.5357142686843872,0.9078947305679321,0.9473684430122375,0.6871924365563247,0.03803771920502186,0.19202876929193735
422,1.2115570246697502,12.124106663282078,0.7136337534123562,0.5523376091274841,0.5328885615618549,1.0484486876041812,0.5338345766067505,0.9078947305679321,0.9473684430122375,0.6874272808198231,0.03852252475917339,0.1925772950053215
423,1.2187069588266215,12.118927277716642,0.71711885582583,0.5508194057004813,0.5333075938411385,1.0489205733765132,0.5319548845291138,0.9078947305679321,0.9473684430122375,0.6876907831194079,0.037116208113729954,0.19202406890690327
424,1.2293173580885393,12.1150181372385,0.7186272200732448,0.5502295344418039,0.5332734934609897,1.0490455385707438,0.530075192451477,0.9078947305679321,0.9473684430122375,0.6877686641542348,0.03797526005655527,0.1928433319553733
425,1.22397113412098,12.112683285064048,0.7187078437687112,0.5519138215635768,0.5334033026606431,1.049246853261972,0.5338345766067505,0.9078947305679321,0.9473684430122375,0.687905123697558,0.03821211773902178,0.19315398950129747
426,1.2213640209068868,12.113178866513742,0.7184507029967089,0.5545817017049144,0.5335557022955362,1.0493956577461012,0.5338345766067505,0.9078947305679321,0.9473684430122375,0.6880060360699745,0.03786887135356665,0.19291899167001247
427,1.2241446475617621,12.111692173967128,0.7177980218319352,0.5573930845527995,0.533763349237518,1.0495829338823786,0.5338345766067505,0.9097744226455688,0.9473684430122375,0.6881133306784138,0.03706970810890198,0.19250977504998446
428,1.218492740421023,12.114316903559262,0.717303453446227,0.5590300949027693,0.5337572781865397,1.0496065340535974,0.5338345766067505,0.9097744226455688,0.9473684430122375,0.688129011800127,0.038072398863732815,0.19305871054530144
429,1.2238793899398985,12.12317647616093,0.7134854253801234,0.5555260821904338,0.5338021426430016,1.0493496613038624,0.5319548845291138,0.9097744226455688,0.9473684430122375,0.6879678414763796,0.038393985480070114,0.19348510541021824
430,1.2208240410099713,12.133298102294452,0.7102278192378415,0.5525086233510674,0.5335542611102924,1.0491924987632966,0.5338345766067505,0.9078947305679321,0.9473684430122375,0.6879131572834286,0.03788375109434128,0.1931961691007018
431,1.2185049832451407,12.141507397897733,0.7069447807897575,0.5468943808285145,0.5336907271075222,1.0491137572040345,0.5263158082962036,0.9078947305679321,0.9473684430122375,0.6878177901529435,0.03824665676802397,0.19301700964570045
432,1.2194789327159743,12.154165913326914,0.7047568319874647,0.542925675216356,0.5336577020427793,1.0490186777202453,0.5263158082962036,0.9078947305679321,0.9473684430122375,0.6877157894011543,0.03811776824295521,0.19342055637389421
433,1.2180312320005036,12.16181291892962,0.7037403921652394,0.5418992608211616,0.5335513798895791,1.0489587148192268,0.5263158082962036,0.9078947305679321,0.9473684430122375,0.6876636862094677,0.037988509982824326,0.19285988248884678
434,1.2253881285594352,12.169454754198787,0.7014227872517615,0.5425361515004726,0.5329578437695446,1.0488169645921557,0.5338345766067505,0.9078947305679321,0.9473684430122375,0.6876173104869471,0.037872021086513996,0.1918517118319869
435,1.211798713859129,12.176580350933353,0.7038567486389351,0.5478971048336031,0.5329623254367488,1.048998148518459,0.5375939607620239,0.9078947305679321,0.9473684430122375,0.6877462239217799,0.03711377736181021,0.19113821722567081
436,1.2210121654466644,12.185002306031349,0.7062172506068634,0.5562703273965491,0.5329317529743663,1.0491725303917139,0.5375939607620239,0.9097744226455688,0.9473684430122375,0.6878242617172199,0.03706906735897064,0.19097607862204313
437,1.2203984168453705,12.191881287697283,0.708129498677144,0.5648210255039001,0.5328527673222848,1.049187341222918,0.5413534045219421,0.9135338068008423,0.9473684430122375,0.6877252921700414,0.03780616167932749,0.19184870086610317
438,1.2228274116072824,12.20094126321715,0.7082819254169238,0.5711624500364556,0.5333317495891264,1.0494411821245475,0.5357142686843872,0.9135338068008423,0.9473684430122375,0.6877572243777019,0.037056698463857174,0.19190775137394667
439,1.2126365061361035,12.211399723595681,0.7104177080908313,0.5728639905806192,0.5328837459166876,1.0494491767025829,0.5432330965995789,0.9135338068008423,0.9473684430122375,0.6877372265584358,0.03660472296178341,0.19072418194264174
440,1.223900174837448,12.223416889317727,0.7098963768856263,0.5705316586316103,0.5327194340359592,1.0491273013779483,0.5413534045219421,0.9135338068008423,0.9473684430122375,0.687542664073817,0.03828622680157423,0.1922652181237936
441,1.2205936497089325,12.23954328285649,0.7084555497858335,0.5644150322976035,0.5325927322591824,1.0487489045086686,0.5375939607620239,0.9135338068008423,0.9473684430122375,0.6873768141079966,0.036844680085778236,0.19077252130955458
442,1.2196486925527494,12.256147459971482,0.7070447152989234,0.5582252278028027,0.5324469324974553,1.0483548822824054,0.5375939607620239,0.9097744226455688,0.9473684430122375,0.6871704237100378,0.03774723131209612,0.19167582225054502
443,1.2241507586420288,12.272384864516331,0.7038681927788255,0.5524565721437649,0.5323624095819195,1.0481656690840222,0.5375939607620239,0.9097744226455688,0.9473684430122375,0.6870726327695719,0.03763470333069563,0.19164696335792542
444,1.2207261051768303,12.29146537187428,0.7012533428112706,0.5472528836487405,0.5322886182848748,1.0480411470868733,0.5338345766067505,0.9097744226455688,0.9473684430122375,0.6869813111967659,0.03765121288597584,0.19161419291049242
445,1.2222034597438234,12.309432290140967,0.7003270610361092,0.5452739331145025,0.5323171111741238,1.0480481466051073,0.5319548845291138,0.9078947305679321,0.9473684430122375,0.6869830733905734,0.037581694312393665,0.19151848554611206
446,1.2236485261119052,12.326017157290591,0.6991752239277869,0.5476544950198354,0.5324074528659022,1.0480227549163998,0.5338345766067505,0.9078947305679321,0.9473684430122375,0.6869922766363009,0.03665188141167164,0.1906424816697836
447,1.2171122286782523,12.338607516440272,0.7003095544338798,0.5524442146666215,0.5325601435464433,1.0480963998875528,0.5357142686843872,0.9097744226455688,0.9473684430122375,0.6870614821229089,0.03667446132749319,0.19082870986312628
448,1.2237716269553578,12.342974780371271,0.7021601770271126,0.562520241618859,0.5327664332442985,1.0483786023658899,0.5413534045219421,0.9135338068008423,0.9473684430122375,0.6872073831556517,0.03773415181785822,0.1920231692492962
449,1.2139379690521652,12.351683683754253,0.705765524686194,0.5714763579732385,0.532939423895975,1.0488304221784739,0.5432330965995789,0.9135338068008423,0.9473684430122375,0.6873839965038361,0.03655482269823551,0.19061244279146194
450,1.216780964560453,12.354610821180922,0.7106260662634151,0.5788696585620142,0.5331385149241862,1.0494378403928921,0.5432330965995789,0.9135338068008423,0.9473684430122375,0.687628843235289,0.036628362722694874,0.1904186150059104
451,1.221704855151395,12.352482370458539,0.7129154533407798,0.5812404557850058,0.5333661202066322,1.0499090209628406,0.5432330965995789,0.9135338068008423,0.9473684430122375,0.6878964168916732,0.03665824141353369,0.19052512291818857
452,1.223383510945558,12.351038989133063,0.7142029955385014,0.5785155786522972,0.5330470135359537,1.049312375944874,0.5469924807548523,0.9135338068008423,0.9473684430122375,0.6875170080305514,0.036620733328163624,0.1905412646010518
453,1.222086151542404,12.356709112315052,0.7138639352835,0.5707170786877618,0.5331018245438207,1.049159793045957,0.5413534045219421,0.9135338068008423,0.9473684430122375,0.687596151383521,0.036804940551519394,0.19076368119567633
454,1.2136620312098396,12.359474965532199,0.7148255460479622,0.5595476633850401,0.5331271777511326,1.0489635480163382,0.5394737124443054,0.9116541147232056,0.9473684430122375,0.6876097262607256,0.0367639409378171,0.19069335144013166
455,1.2215984569133975,12.365008269722223,0.716306871300634,0.5507562251260064,0.5330353314548891,1.048780334851432,0.5375939607620239,0.9097744226455688,0.9473684430122375,0.6875089539989572,0.03660711366683245,0.19054093305021524
456,1.2243828780111694,12.367319366686637,0.7171413208305396,0.5427914468060124,0.5336487568374841,1.049363273037934,0.5281955003738403,0.9097744226455688,0.9473684430122375,0.6877963424433223,0.03813240770250559,0.19299875013530254
457,1.2274415172939348,12.375982438682637,0.7164119587842754,0.5386511959791567,0.5333757663566205,1.049422063568512,0.5263158082962036,0.9078947305679321,0.9473684430122375,0.6878296743296699,0.03785102069377899,0.19264738354831934
458,1.2211100549369043,12.378793888242255,0.7157796607696032,0.5391212321207375,0.533217518862345,1.0495154982931372,0.5281955003738403,0.9078947305679321,0.9473684430122375,0.6879254362011308,0.03743406571447849,0.1921295579522848
459,1.2250444919110661,12.383725488459016,0.7151000960434248,0.5420258227792557,0.5330745229675552,1.049451458015309,0.530075192451477,0.9078947305679321,0.9473684430122375,0.6879075144143574,0.0367082916200161,0.19165025278925896
460,1.2259778671613868,12.38348078076824,0.7155624963910452,0.5487734574915691,0.5329149365740578,1.0493582187058408,0.530075192451477,0.9078947305679321,0.9473684430122375,0.6878627372403286,0.038749583065509796,0.19404895137995481
461,1.2252315829741365,12.379446018991882,0.7149476873232143,0.5562750848422631,0.5327212677472671,1.049286010366249,0.5338345766067505,0.9078947305679321,0.9473684430122375,0.6878029050014633,0.036920358426868916,0.19169198162853718
462,1.2187480486606432,12.381251286100317,0.7124241095012527,0.56003204462114,0.5324922090659979,1.0490154421934634,0.5413534045219421,0.9116541147232056,0.9473684430122375,0.6875894610408967,0.03794137015938759,0.1927481535822153
463,1.215667839325688,12.386742813068476,0.7096534348623189,0.560067656915319,0.5327071222404276,1.0490307332878304,0.5394737124443054,0.9116541147232056,0.9473684430122375,0.6875793355578455,0.03726356569677591,0.19136095605790615
464,1.218530445041754,12.388146900533474,0.7086940991565324,0.5602623230490438,0.5325679405479691,1.0487336314392606,0.5375939607620239,0.9116541147232056,0.9473684430122375,0.6873700845447885,0.0380033990368247,0.19195818062871695
465,1.2223056856186074,12.386560600958257,0.7087353901487724,0.5623812837505333,0.5325282332263497,1.0486913535694837,0.5413534045219421,0.9116541147232056,0.9473684430122375,0.6873151775169712,0.037248337641358376,0.19114458840340376
466,1.2192788224104314,12.380934258053811,0.7086072301034887,0.561285158740216,0.5325023900122562,1.0486076733633192,0.5375939607620239,0.9116541147232056,0.9473684430122375,0.6872800253819492,0.03700000885874033,0.19100443925708532
467,1.2164825457212756,12.375880149040746,0.7101898149009147,0.5601372325422534,0.5325309250867734,1.048586107762949,0.5375939607620239,0.9116541147232056,0.9473684430122375,0.6872913373044194,0.03768735192716122,0.19167712330818176
468,1.2189071087938494,12.3707249349137,0.7114700277975883,0.5573176573508482,0.5325146869006974,1.0484472397877167,0.5357142686843872,0.9116541147232056,0.9473684430122375,0.6872239188926696,0.037921191193163395,0.19194072112441063
469,1.226799478235072,12.367692669855172,0.7092735799818458,0.5537325121703972,0.5325054670788874,1.0482488502571596,0.5338345766067505,0.9097744226455688,0.9473684430122375,0.6871168739028083,0.03724922705441713,0.1911020977422595
470,1.2205413758798418,12.362154887645243,0.7064165804182094,0.5501037356520223,0.5325403192995692,1.0481499072400744,0.5357142686843872,0.9097744226455688,0.9473684430122375,0.6870719684700397,0.03671266231685877,0.19085528049618006
471,1.216762586329824,12.351969740752548,0.7058034350830783,0.5471066355733317,0.5326343390654131,1.0482527607325467,0.5319548845291138,0.9097744226455688,0.9473684430122375,0.6871467704456646,0.037643592804670334,0.19153345376253128
472,1.226857557179262,12.34575929497945,0.7040703913665863,0.5472198875736629,0.5327087875650918,1.0482150900378748,0.530075192451477,0.9097744226455688,0.9473684430122375,0.6871455578540387,0.03784019127488136,0.1917039519175887
473,1.2214039290707404,12.343228409971232,0.7026119202008377,0.5496509989767369,0.5327511760605118,1.048130984397942,0.5319548845291138,0.9097744226455688,0.9473684430122375,0.687112543212011,0.03813624940812588,0.19211823865771294
474,1.222961740988236,12.340786183218638,0.7009196045898046,0.5532906576221565,0.5328289719777185,1.0481860211431762,0.5319548845291138,0.9097744226455688,0.9473684430122375,0.687168038415665,0.0368928499519825,0.19078406132757664
475,1.221730694494851,12.329095596684896,0.6995942766788725,0.5584341031135399,0.5329244282709533,1.0484071430028628,0.5375939607620239,0.9116541147232056,0.9473684430122375,0.6873093996350506,0.0368858203291893,0.1908007711172104
476,1.2187862811560564,12.319525825973393,0.6984059959770006,0.5611340187386572,0.5331189434239375,1.0487745637089985,0.5338345766067505,0.9116541147232056,0.9473684430122375,0.6875579324897506,0.036853689700365067,0.19081220030784607
477,1.2268392888878838,12.311660334916537,0.6937564952224172,0.5602048707336733,0.5333503303359286,1.0490929386727692,0.5338345766067505,0.9116541147232056,0.9473684430122375,0.6878165169464464,0.03743739426136017,0.19142104499042034
478,1.2214900768614103,12.299989696489137,0.689808146872447,0.5596345488946481,0.5336430737241926,1.0494105533492333,0.5338345766067505,0.9116541147232056,0.9473684430122375,0.6880649635008494,0.03741636499762535,0.1914868736639619
479,1.2236107252133361,12.295029476815177,0.6861457685719469,0.5601604746675346,0.5342160792432803,1.0499017126107084,0.5319548845291138,0.9097744226455688,0.9473684430122375,0.6884309572804367,0.03794964961707592,0.19295493979007006
480,1.2184148724649835,12.293712608967363,0.6840257185721511,0.5612245625187988,0.5343435993448208,1.0499925974344007,0.5357142686843872,0.9097744226455688,0.9473684430122375,0.6884952444054266,0.03670212160795927,0.19187407102435827
481,1.2193001970713988,12.289166481244509,0.6829116670319282,0.5611422591201997,0.5342869442532439,1.0499920836849814,0.5394737124443054,0.9097744226455688,0.9473684430122375,0.6885197829841685,0.03642962407320738,0.19108702801167965
482,1.2205382296380907,12.290087372980027,0.6819024893199319,0.5609305430033625,0.5343646981783243,1.0498809709574897,0.5375939607620239,0.9097744226455688,0.9473684430122375,0.6884258185173666,0.038057298399508,0.1927730618044734
483,1.2160945806938508,12.291959510308015,0.6808784654846943,0.5576524711987488,0.5336863839876229,1.0492779155719072,0.5357142686843872,0.9097744226455688,0.9473684430122375,0.6880357547408466,0.037903010845184326,0.19185908045619726
484,1.2167778681997037,12.294389394070537,0.6804544960302469,0.5522321316183696,0.5334647144610015,1.0489660205564317,0.5338345766067505,0.9078947305679321,0.9473684430122375,0.6878413316922237,0.038456086069345474,0.1922837970778346
485,1.2255548930582818,12.2957472014758,0.6795100445380509,0.5482606416580376,0.5334063217616299,1.0488876236987206,0.5281955003738403,0.9060150384902954,0.9473684430122375,0.6877817634075584,0.03811471909284592,0.1920025497674942
486,1.223827767568086,12.30125334457467,0.67888268984285,0.5466546054088728,0.5338934415029394,1.0491500213751543,0.530075192451477,0.9060150384902954,0.9473684430122375,0.6879407836269946,0.03791872039437294,0.19268269278109074
487,1.2244778243357344,12.306338327294068,0.6780535069369183,0.5474103108876678,0.5337909909522021,1.0491653399091947,0.5281955003738403,0.9060150384902954,0.9473684430122375,0.6879576923658712,0.037893530912697315,0.1926166843622923
488,1.2229481978593784,12.30803442662244,0.6777869607631407,0.5508665489979266,0.5337799269278927,1.049182163129232,0.5338345766067505,0.9078947305679321,0.9473684430122375,0.6879796817987589,0.037848531268537045,0.19258648436516523
489,1.2211624079073107,12.316259587325964,0.6761098742759544,0.5527104280636064,0.533751520997063,1.0492977608924974,0.5357142686843872,0.9078947305679321,0.9473684430122375,0.6880721529434608,0.03661265317350626,0.19143992476165295
490,1.2169961266245246,12.324224754937942,0.6755222201777817,0.5540650231180974,0.533681736122088,1.0491870822466864,0.5338345766067505,0.9097744226455688,0.9473684430122375,0.6880062987576477,0.03652999363839626,0.19124253652989864
491,1.2245353802766772,12.335414612240893,0.6731910026019933,0.5508528502730337,0.533445974560323,1.0489301721290587,0.5281955003738403,0.9078947305679321,0.9473684430122375,0.6878560963670836,0.037536803632974625,0.1922486573457718
492,1.2190021755851461,12.343341141762332,0.6727087239798095,0.5502624515540571,0.5335567356139106,1.0495320799456038,0.5281955003738403,0.9060150384902954,0.9473684430122375,0.6882240790960591,0.03662833198904991,0.19062040280550718
493,1.2233789358617382,12.350906736147934,0.6726099487406338,0.5516973515273266,0.5335226958141928,1.0494458034743628,0.5281955003738403,0.9078947305679321,0.9473684430122375,0.6881681620986618,0.036601722240448,0.19048667419701815
494,1.216926638430511,12.353528802658051,0.6750868345392242,0.5537855223644174,0.5334961837769572,1.0493781366129036,0.5281955003738403,0.9078947305679321,0.9473684430122375,0.6881239569991895,0.036788251250982285,0.1913673561066389
495,1.2166431942658473,12.353467609305053,0.6798219622851145,0.5594432738434282,0.5331691179009143,1.0487889670395865,0.5338345766067505,0.9135338068008423,0.9473684430122375,0.687714176529938,0.03788885101675987,0.19235658645629883
496,1.2194117502502755,12.358124304539084,0.6852291514408761,0.5649522685362498,0.532911885246836,1.048451542510976,0.5375939607620239,0.9135338068008423,0.9473684430122375,0.6874051497601751,0.036668761633336544,0.19065335299819708
497,1.219091935948442,12.361126302000063,0.6906156831806048,0.5701045963295647,0.5327179480196207,1.0482447741874878,0.5394737124443054,0.9154135584831238,0.9473684430122375,0.687138145424587,0.03560187201946974,0.1895172130316496
498,1.2257251416648272,12.363802102349506,0.6926232050006493,0.5722482582029624,0.5325551541632111,1.047863952512273,0.5432330965995789,0.9154135584831238,0.9473684430122375,0.686806621330062,0.03669849131256342,0.1905593229457736
499,1.2242305846161987,12.366729341297575,0.6936638478593128,0.5709484434531342,0.5324298085009183,1.0474958450886331,0.5432330965995789,0.9154135584831238,0.9473684430122375,0.6865555280580519,0.036541443318128586,0.19043811410665512
