iteration,loss,lengthscale,outputscale,likelyhood_noise,test_MAE,test_NLL,test_PICP50,test_PICP90,test_PICP95,test_RMSE,it_time_training,it_time
0,1.1935663223266602,0.9812032580375671,1,0.6634901165962219,0.3685384690761566,0.6728439331054688,0.5356757044792175,0.9260042905807495,0.9744762778282166,0.4678840637207031,1.4397073667496443,8.138575244694948
1,1.1901623010635376,0.977635383605957,1,0.5462460517883301,0.366996705532074,0.6594309210777283,0.5069097876548767,0.8976292610168457,0.950539231300354,0.46608462929725647,0.0831538257189095,6.8435025927610695
2,1.1838310956954956,0.9351434111595154,1,0.6502318382263184,0.3601529002189636,0.6596071720123291,0.5474947690963745,0.9281657338142395,0.9704753160476685,0.4607691168785095,0.12604926386848092,6.657979007810354
3,1.1763012409210205,1.0048528909683228,1,0.6302369236946106,0.34932056069374084,0.646916389465332,0.5744211077690125,0.9252914786338806,0.9657154679298401,0.4539181590080261,0.08259525196626782,6.618116055149585
4,1.1642367839813232,1.192786693572998,1,0.5726475119590759,0.3423939049243927,0.6340378522872925,0.5768355131149292,0.911379873752594,0.9630251526832581,0.4499880075454712,0.12383237900212407,6.662186688743532
5,1.1567684412002563,1.2056747674942017,1,0.4735638201236725,0.3429275453090668,0.6282972693443298,0.5431028604507446,0.8765205144882202,0.9354549646377563,0.450615793466568,0.08318624505773187,7.079827467910945
6,1.15048348903656,1.1639957427978516,1,0.4993725121021271,0.3430153429508209,0.6277198195457458,0.5515187978744507,0.8868219256401062,0.9430200457572937,0.45039334893226624,0.08343867305666208,7.083377738948911
7,1.1498606204986572,1.1550695896148682,1,0.496760755777359,0.3428727984428406,0.6276556849479675,0.5514497756958008,0.885833203792572,0.9422842264175415,0.4503560960292816,0.08306243689730763,7.079830437898636
8,1.1497955322265625,1.0888556241989136,1,0.48889827728271484,0.3419990539550781,0.627918004989624,0.551403820514679,0.8837407231330872,0.9397549033164978,0.45033589005470276,0.08303735731169581,7.080065306276083
9,1.1496191024780273,1.0829215049743652,1,0.4904918372631073,0.3425654470920563,0.6275566816329956,0.5515877604484558,0.8849824070930481,0.9405826926231384,0.4501553475856781,0.08327174419537187,7.079369033221155
10,1.149608850479126,1.0806156396865845,1,0.4913434088230133,0.34197700023651123,0.6279053688049316,0.5524845123291016,0.884913444519043,0.9403986930847168,0.4503061771392822,0.0830198279581964,7.080474672373384
11,1.1496068239212036,1.0809509754180908,1,0.4913995563983917,0.34202784299850464,0.6279351115226746,0.5523465871810913,0.8849363923072815,0.9403986930847168,0.45032280683517456,0.08361922018229961,7.08104009507224
12,1.1496061086654663,1.082421064376831,1,0.49099627137184143,0.3421473503112793,0.6278484463691711,0.5525305271148682,0.8849593997001648,0.9404217004776001,0.4502881169319153,0.08344703307375312,7.0831184717826545
13,1.1496052742004395,1.0825636386871338,1,0.4909733533859253,0.3420516848564148,0.6279087066650391,0.5521625876426697,0.8847294449806213,0.9402607679367065,0.45031335949897766,0.08395610703155398,7.083995642140508
14,1.1496052742004395,1.0825636386871338,1,0.4909733533859253,0.3420516848564148,0.6279087066650391,0.5521625876426697,0.8847294449806213,0.9402607679367065,0.45031335949897766,0.042951737996190786,7.0410361043177545
15,1.1496052742004395,1.0825636386871338,1,0.4909733533859253,0.3420516848564148,0.6279087066650391,0.5521625876426697,0.8847294449806213,0.9402607679367065,0.45031335949897766,0.04297456704080105,7.040338451974094
16,1.1496052742004395,1.0825636386871338,1,0.4909733533859253,0.3420516848564148,0.6279087066650391,0.5521625876426697,0.8847294449806213,0.9402607679367065,0.45031335949897766,0.04320197505876422,7.038862148299813
17,1.1496052742004395,1.0825636386871338,1,0.4909733533859253,0.3420516848564148,0.6279087066650391,0.5521625876426697,0.8847294449806213,0.9402607679367065,0.45031335949897766,0.043130876030772924,7.040182163007557
18,1.1496052742004395,1.0825636386871338,1,0.4909733533859253,0.3420516848564148,0.6279087066650391,0.5521625876426697,0.8847294449806213,0.9402607679367065,0.45031335949897766,0.042870936915278435,7.044694427866489
19,1.1496052742004395,1.0825636386871338,1,0.4909733533859253,0.3420516848564148,0.6279087066650391,0.5521625876426697,0.8847294449806213,0.9402607679367065,0.45031335949897766,0.04342868132516742,7.039302381221205
20,1.1496052742004395,1.0825636386871338,1,0.4909733533859253,0.3420516848564148,0.6279087066650391,0.5521625876426697,0.8847294449806213,0.9402607679367065,0.45031335949897766,0.04286129679530859,7.041129569988698
21,1.1496052742004395,1.0825636386871338,1,0.4909733533859253,0.3420516848564148,0.6279087066650391,0.5521625876426697,0.8847294449806213,0.9402607679367065,0.45031335949897766,0.042992835864424706,7.044205926824361
22,1.1496052742004395,1.0825636386871338,1,0.4909733533859253,0.3420516848564148,0.6279087066650391,0.5521625876426697,0.8847294449806213,0.9402607679367065,0.45031335949897766,0.04306163499131799,7.042662964202464
23,1.1496052742004395,1.0825636386871338,1,0.4909733533859253,0.3420516848564148,0.6279087066650391,0.5521625876426697,0.8847294449806213,0.9402607679367065,0.45031335949897766,0.042837217915803194,7.043835521209985
24,1.1496052742004395,1.0825636386871338,1,0.4909733533859253,0.3420516848564148,0.6279087066650391,0.5521625876426697,0.8847294449806213,0.9402607679367065,0.45031335949897766,0.04316074401140213,7.0417505339719355
25,1.1496052742004395,1.0825636386871338,1,0.4909733533859253,0.3420516848564148,0.6279087066650391,0.5521625876426697,0.8847294449806213,0.9402607679367065,0.45031335949897766,0.043252132833004,7.040984301827848
26,1.1496052742004395,1.0825636386871338,1,0.4909733533859253,0.3420516848564148,0.6279087066650391,0.5521625876426697,0.8847294449806213,0.9402607679367065,0.45031335949897766,0.0428513172082603,7.04045207798481
27,1.1496052742004395,1.0825636386871338,1,0.4909733533859253,0.3420516848564148,0.6279087066650391,0.5521625876426697,0.8847294449806213,0.9402607679367065,0.45031335949897766,0.042867998126894236,7.0421333303675056
28,1.1496052742004395,1.0825636386871338,1,0.4909733533859253,0.3420516848564148,0.6279087066650391,0.5521625876426697,0.8847294449806213,0.9402607679367065,0.45031335949897766,0.0430163461714983,7.040337169077247
29,1.1496052742004395,1.0825636386871338,1,0.4909733533859253,0.3420516848564148,0.6279087066650391,0.5521625876426697,0.8847294449806213,0.9402607679367065,0.45031335949897766,0.04305348498746753,7.04185280110687
30,1.1496052742004395,1.0825636386871338,1,0.4909733533859253,0.3420516848564148,0.6279087066650391,0.5521625876426697,0.8847294449806213,0.9402607679367065,0.45031335949897766,0.04282770771533251,7.042192746885121
31,1.1496052742004395,1.0825636386871338,1,0.4909733533859253,0.3420516848564148,0.6279087066650391,0.5521625876426697,0.8847294449806213,0.9402607679367065,0.45031335949897766,0.04267277009785175,7.044809809885919
32,1.1496052742004395,1.0825636386871338,1,0.4909733533859253,0.3420516848564148,0.6279087066650391,0.5521625876426697,0.8847294449806213,0.9402607679367065,0.45031335949897766,0.0431472253985703,7.043353947345167
33,1.1496052742004395,1.0825636386871338,1,0.4909733533859253,0.3420516848564148,0.6279087066650391,0.5521625876426697,0.8847294449806213,0.9402607679367065,0.45031335949897766,0.04283458786085248,7.0383991012349725
34,1.1496052742004395,1.0825636386871338,1,0.4909733533859253,0.3420516848564148,0.6279087066650391,0.5521625876426697,0.8847294449806213,0.9402607679367065,0.45031335949897766,0.0430567660368979,7.043775922153145
35,1.1496052742004395,1.0825636386871338,1,0.4909733533859253,0.3420516848564148,0.6279087066650391,0.5521625876426697,0.8847294449806213,0.9402607679367065,0.45031335949897766,0.042926167137920856,7.04059997620061
36,1.1496052742004395,1.0825636386871338,1,0.4909733533859253,0.3420516848564148,0.6279087066650391,0.5521625876426697,0.8847294449806213,0.9402607679367065,0.45031335949897766,0.04285761807113886,7.043363607022911
37,1.1496052742004395,1.0825636386871338,1,0.4909733533859253,0.3420516848564148,0.6279087066650391,0.5521625876426697,0.8847294449806213,0.9402607679367065,0.45031335949897766,0.04318541428074241,7.044119806960225
38,1.1496052742004395,1.0825636386871338,1,0.4909733533859253,0.3420516848564148,0.6279087066650391,0.5521625876426697,0.8847294449806213,0.9402607679367065,0.45031335949897766,0.043030016124248505,7.043979309964925
39,1.1496052742004395,1.0825636386871338,1,0.4909733533859253,0.3420516848564148,0.6279087066650391,0.5521625876426697,0.8847294449806213,0.9402607679367065,0.45031335949897766,0.04283657809719443,7.040019873064011
40,1.1496052742004395,1.0825636386871338,1,0.4909733533859253,0.3420516848564148,0.6279087066650391,0.5521625876426697,0.8847294449806213,0.9402607679367065,0.45031335949897766,0.04275722894817591,7.04219111893326
41,1.1496052742004395,1.0825636386871338,1,0.4909733533859253,0.3420516848564148,0.6279087066650391,0.5521625876426697,0.8847294449806213,0.9402607679367065,0.45031335949897766,0.04277917882427573,7.039531918708235
42,1.1496052742004395,1.0825636386871338,1,0.4909733533859253,0.3420516848564148,0.6279087066650391,0.5521625876426697,0.8847294449806213,0.9402607679367065,0.45031335949897766,0.04335087211802602,7.041603155899793
43,1.1496052742004395,1.0825636386871338,1,0.4909733533859253,0.3420516848564148,0.6279087066650391,0.5521625876426697,0.8847294449806213,0.9402607679367065,0.45031335949897766,0.042730198707431555,7.044182267040014
44,1.1496052742004395,1.0825636386871338,1,0.4909733533859253,0.3420516848564148,0.6279087066650391,0.5521625876426697,0.8847294449806213,0.9402607679367065,0.45031335949897766,0.042739049065858126,7.0410873224027455
45,1.1496052742004395,1.0825636386871338,1,0.4909733533859253,0.3420516848564148,0.6279087066650391,0.5521625876426697,0.8847294449806213,0.9402607679367065,0.45031335949897766,0.043136993888765574,7.039723455905914
46,1.1496052742004395,1.0825636386871338,1,0.4909733533859253,0.3420516848564148,0.6279087066650391,0.5521625876426697,0.8847294449806213,0.9402607679367065,0.45031335949897766,0.04280410800129175,7.039404899813235
47,1.1496052742004395,1.0825636386871338,1,0.4909733533859253,0.3420516848564148,0.6279087066650391,0.5521625876426697,0.8847294449806213,0.9402607679367065,0.45031335949897766,0.04289753828197718,7.043059100396931
48,1.1496052742004395,1.0825636386871338,1,0.4909733533859253,0.3420516848564148,0.6279087066650391,0.5521625876426697,0.8847294449806213,0.9402607679367065,0.45031335949897766,0.04290948715060949,7.0403533591888845
49,1.1496052742004395,1.0825636386871338,1,0.4909733533859253,0.3420516848564148,0.6279087066650391,0.5521625876426697,0.8847294449806213,0.9402607679367065,0.45031335949897766,0.042980956844985485,7.039421180263162
50,1.1496052742004395,1.0825636386871338,1,0.4909733533859253,0.3420516848564148,0.6279087066650391,0.5521625876426697,0.8847294449806213,0.9402607679367065,0.45031335949897766,0.042572170961648226,7.0385924987494946
51,1.1496052742004395,1.0825636386871338,1,0.4909733533859253,0.3420516848564148,0.6279087066650391,0.5521625876426697,0.8847294449806213,0.9402607679367065,0.45031335949897766,0.04319676384329796,7.041577875614166
52,1.1496052742004395,1.0825636386871338,1,0.4909733533859253,0.3420516848564148,0.6279087066650391,0.5521625876426697,0.8847294449806213,0.9402607679367065,0.45031335949897766,0.04281225800514221,7.039209421724081
53,1.1496052742004395,1.0825636386871338,1,0.4909733533859253,0.3420516848564148,0.6279087066650391,0.5521625876426697,0.8847294449806213,0.9402607679367065,0.45031335949897766,0.042672169860452414,7.040289609692991
54,1.1496052742004395,1.0825636386871338,1,0.4909733533859253,0.3420516848564148,0.6279087066650391,0.5521625876426697,0.8847294449806213,0.9402607679367065,0.45031335949897766,0.04320723423734307,7.0412233071401715
55,1.1496052742004395,1.0825636386871338,1,0.4909733533859253,0.3420516848564148,0.6279087066650391,0.5521625876426697,0.8847294449806213,0.9402607679367065,0.45031335949897766,0.04323429334908724,7.043617428280413
56,1.1496052742004395,1.0825636386871338,1,0.4909733533859253,0.3420516848564148,0.6279087066650391,0.5521625876426697,0.8847294449806213,0.9402607679367065,0.45031335949897766,0.04287306731566787,7.040341744199395
57,1.1496052742004395,1.0825636386871338,1,0.4909733533859253,0.3420516848564148,0.6279087066650391,0.5521625876426697,0.8847294449806213,0.9402607679367065,0.45031335949897766,0.04270141012966633,7.042215974070132
58,1.1496052742004395,1.0825636386871338,1,0.4909733533859253,0.3420516848564148,0.6279087066650391,0.5521625876426697,0.8847294449806213,0.9402607679367065,0.45031335949897766,0.04308359511196613,7.040076407138258
59,1.1496052742004395,1.0825636386871338,1,0.4909733533859253,0.3420516848564148,0.6279087066650391,0.5521625876426697,0.8847294449806213,0.9402607679367065,0.45031335949897766,0.04335587238892913,7.0414141821675
60,1.1496052742004395,1.0825636386871338,1,0.4909733533859253,0.3420516848564148,0.6279087066650391,0.5521625876426697,0.8847294449806213,0.9402607679367065,0.45031335949897766,0.04259200021624565,7.041755908168852
61,1.1496052742004395,1.0825636386871338,1,0.4909733533859253,0.3420516848564148,0.6279087066650391,0.5521625876426697,0.8847294449806213,0.9402607679367065,0.45031335949897766,0.04315128410235047,7.04222021298483
62,1.1496052742004395,1.0825636386871338,1,0.4909733533859253,0.3420516848564148,0.6279087066650391,0.5521625876426697,0.8847294449806213,0.9402607679367065,0.45031335949897766,0.04304179595783353,7.0410509570501745
63,1.1496052742004395,1.0825636386871338,1,0.4909733533859253,0.3420516848564148,0.6279087066650391,0.5521625876426697,0.8847294449806213,0.9402607679367065,0.45031335949897766,0.04279837803915143,7.040214025881141
64,1.1496052742004395,1.0825636386871338,1,0.4909733533859253,0.3420516848564148,0.6279087066650391,0.5521625876426697,0.8847294449806213,0.9402607679367065,0.45031335949897766,0.04304908588528633,7.0418837568722665
65,1.1496052742004395,1.0825636386871338,1,0.4909733533859253,0.3420516848564148,0.6279087066650391,0.5521625876426697,0.8847294449806213,0.9402607679367065,0.45031335949897766,0.04304884606972337,7.041990025900304
66,1.1496052742004395,1.0825636386871338,1,0.4909733533859253,0.3420516848564148,0.6279087066650391,0.5521625876426697,0.8847294449806213,0.9402607679367065,0.45031335949897766,0.04280547797679901,7.043783846311271
67,1.1496052742004395,1.0825636386871338,1,0.4909733533859253,0.3420516848564148,0.6279087066650391,0.5521625876426697,0.8847294449806213,0.9402607679367065,0.45031335949897766,0.04296134691685438,7.03933331463486
68,1.1496052742004395,1.0825636386871338,1,0.4909733533859253,0.3420516848564148,0.6279087066650391,0.5521625876426697,0.8847294449806213,0.9402607679367065,0.45031335949897766,0.043185084126889706,7.042329661082476
69,1.1496052742004395,1.0825636386871338,1,0.4909733533859253,0.3420516848564148,0.6279087066650391,0.5521625876426697,0.8847294449806213,0.9402607679367065,0.45031335949897766,0.04308999516069889,7.038096009287983
70,1.1496052742004395,1.0825636386871338,1,0.4909733533859253,0.3420516848564148,0.6279087066650391,0.5521625876426697,0.8847294449806213,0.9402607679367065,0.45031335949897766,0.04262467101216316,7.039862900041044
71,1.1496052742004395,1.0825636386871338,1,0.4909733533859253,0.3420516848564148,0.6279087066650391,0.5521625876426697,0.8847294449806213,0.9402607679367065,0.45031335949897766,0.04325848398730159,7.041369942948222
72,1.1496052742004395,1.0825636386871338,1,0.4909733533859253,0.3420516848564148,0.6279087066650391,0.5521625876426697,0.8847294449806213,0.9402607679367065,0.45031335949897766,0.04295451566576958,7.042016104795039
73,1.1496052742004395,1.0825636386871338,1,0.4909733533859253,0.3420516848564148,0.6279087066650391,0.5521625876426697,0.8847294449806213,0.9402607679367065,0.45031335949897766,0.04268852900713682,7.04112232523039
74,1.1496052742004395,1.0825636386871338,1,0.4909733533859253,0.3420516848564148,0.6279087066650391,0.5521625876426697,0.8847294449806213,0.9402607679367065,0.45031335949897766,0.04270418966189027,7.043001194950193
75,1.1496052742004395,1.0825636386871338,1,0.4909733533859253,0.3420516848564148,0.6279087066650391,0.5521625876426697,0.8847294449806213,0.9402607679367065,0.45031335949897766,0.04296731622889638,7.041385473217815
76,1.1496052742004395,1.0825636386871338,1,0.4909733533859253,0.3420516848564148,0.6279087066650391,0.5521625876426697,0.8847294449806213,0.9402607679367065,0.45031335949897766,0.043112524785101414,7.041484992019832
77,1.1496052742004395,1.0825636386871338,1,0.4909733533859253,0.3420516848564148,0.6279087066650391,0.5521625876426697,0.8847294449806213,0.9402607679367065,0.45031335949897766,0.04319059383124113,7.041145104914904
78,1.1496052742004395,1.0825636386871338,1,0.4909733533859253,0.3420516848564148,0.6279087066650391,0.5521625876426697,0.8847294449806213,0.9402607679367065,0.45031335949897766,0.0429388671182096,7.0417693089693785
79,1.1496052742004395,1.0825636386871338,1,0.4909733533859253,0.3420516848564148,0.6279087066650391,0.5521625876426697,0.8847294449806213,0.9402607679367065,0.45031335949897766,0.04285784810781479,7.044074443168938
80,1.1496052742004395,1.0825636386871338,1,0.4909733533859253,0.3420516848564148,0.6279087066650391,0.5521625876426697,0.8847294449806213,0.9402607679367065,0.45031335949897766,0.0432135839946568,7.040705938823521
81,1.1496052742004395,1.0825636386871338,1,0.4909733533859253,0.3420516848564148,0.6279087066650391,0.5521625876426697,0.8847294449806213,0.9402607679367065,0.45031335949897766,0.04311297507956624,7.041639130096883
82,1.1496052742004395,1.0825636386871338,1,0.4909733533859253,0.3420516848564148,0.6279087066650391,0.5521625876426697,0.8847294449806213,0.9402607679367065,0.45031335949897766,0.042752477806061506,7.038408904802054
83,1.1496052742004395,1.0825636386871338,1,0.4909733533859253,0.3420516848564148,0.6279087066650391,0.5521625876426697,0.8847294449806213,0.9402607679367065,0.45031335949897766,0.042618460953235626,7.039582042954862
84,1.1496052742004395,1.0825636386871338,1,0.4909733533859253,0.3420516848564148,0.6279087066650391,0.5521625876426697,0.8847294449806213,0.9402607679367065,0.45031335949897766,0.042990685906261206,7.039098207838833
85,1.1496052742004395,1.0825636386871338,1,0.4909733533859253,0.3420516848564148,0.6279087066650391,0.5521625876426697,0.8847294449806213,0.9402607679367065,0.45031335949897766,0.043171803932636976,7.03927435586229
86,1.1496052742004395,1.0825636386871338,1,0.4909733533859253,0.3420516848564148,0.6279087066650391,0.5521625876426697,0.8847294449806213,0.9402607679367065,0.45031335949897766,0.04278745921328664,7.0417130794376135
87,1.1496052742004395,1.0825636386871338,1,0.4909733533859253,0.3420516848564148,0.6279087066650391,0.5521625876426697,0.8847294449806213,0.9402607679367065,0.45031335949897766,0.04270503902807832,7.0402008653618395
88,1.1496052742004395,1.0825636386871338,1,0.4909733533859253,0.3420516848564148,0.6279087066650391,0.5521625876426697,0.8847294449806213,0.9402607679367065,0.45031335949897766,0.0431987838819623,7.040315174032003
89,1.1496052742004395,1.0825636386871338,1,0.4909733533859253,0.3420516848564148,0.6279087066650391,0.5521625876426697,0.8847294449806213,0.9402607679367065,0.45031335949897766,0.042686298955231905,7.041590580251068
90,1.1496052742004395,1.0825636386871338,1,0.4909733533859253,0.3420516848564148,0.6279087066650391,0.5521625876426697,0.8847294449806213,0.9402607679367065,0.45031335949897766,0.04268726008012891,7.038772241212428
91,1.1496052742004395,1.0825636386871338,1,0.4909733533859253,0.3420516848564148,0.6279087066650391,0.5521625876426697,0.8847294449806213,0.9402607679367065,0.45031335949897766,0.042589661199599504,7.036882099229842
92,1.1496052742004395,1.0825636386871338,1,0.4909733533859253,0.3420516848564148,0.6279087066650391,0.5521625876426697,0.8847294449806213,0.9402607679367065,0.45031335949897766,0.04301035590469837,7.038670356851071
93,1.1496052742004395,1.0825636386871338,1,0.4909733533859253,0.3420516848564148,0.6279087066650391,0.5521625876426697,0.8847294449806213,0.9402607679367065,0.45031335949897766,0.04256214061751962,7.040353257674724
94,1.1496052742004395,1.0825636386871338,1,0.4909733533859253,0.3420516848564148,0.6279087066650391,0.5521625876426697,0.8847294449806213,0.9402607679367065,0.45031335949897766,0.04313183482736349,7.040524167008698
95,1.1496052742004395,1.0825636386871338,1,0.4909733533859253,0.3420516848564148,0.6279087066650391,0.5521625876426697,0.8847294449806213,0.9402607679367065,0.45031335949897766,0.042709079105407,7.038864375092089
96,1.1496052742004395,1.0825636386871338,1,0.4909733533859253,0.3420516848564148,0.6279087066650391,0.5521625876426697,0.8847294449806213,0.9402607679367065,0.45031335949897766,0.04275173880159855,7.037013134919107
97,1.1496052742004395,1.0825636386871338,1,0.4909733533859253,0.3420516848564148,0.6279087066650391,0.5521625876426697,0.8847294449806213,0.9402607679367065,0.45031335949897766,0.04314810503274202,7.04109493130818
98,1.1496052742004395,1.0825636386871338,1,0.4909733533859253,0.3420516848564148,0.6279087066650391,0.5521625876426697,0.8847294449806213,0.9402607679367065,0.45031335949897766,0.04283119784668088,7.038325170986354
99,1.1496052742004395,1.0825636386871338,1,0.4909733533859253,0.3420516848564148,0.6279087066650391,0.5521625876426697,0.8847294449806213,0.9402607679367065,0.45031335949897766,0.042631739750504494,7.044052788056433
100,1.1496052742004395,1.0825636386871338,1,0.4909733533859253,0.3420516848564148,0.6279087066650391,0.5521625876426697,0.8847294449806213,0.9402607679367065,0.45031335949897766,0.04284256789833307,7.039197342004627
101,1.1496052742004395,1.0825636386871338,1,0.4909733533859253,0.3420516848564148,0.6279087066650391,0.5521625876426697,0.8847294449806213,0.9402607679367065,0.45031335949897766,0.04280506819486618,7.038278731051832
102,1.1496052742004395,1.0825636386871338,1,0.4909733533859253,0.3420516848564148,0.6279087066650391,0.5521625876426697,0.8847294449806213,0.9402607679367065,0.45031335949897766,0.04319241410121322,7.039652517065406
103,1.1496052742004395,1.0825636386871338,1,0.4909733533859253,0.3420516848564148,0.6279087066650391,0.5521625876426697,0.8847294449806213,0.9402607679367065,0.45031335949897766,0.04276954801753163,7.040439558215439
104,1.1496052742004395,1.0825636386871338,1,0.4909733533859253,0.3420516848564148,0.6279087066650391,0.5521625876426697,0.8847294449806213,0.9402607679367065,0.45031335949897766,0.04265544004738331,7.04331706603989
105,1.1496052742004395,1.0825636386871338,1,0.4909733533859253,0.3420516848564148,0.6279087066650391,0.5521625876426697,0.8847294449806213,0.9402607679367065,0.45031335949897766,0.043232524301856756,7.042267836164683
106,1.1496052742004395,1.0825636386871338,1,0.4909733533859253,0.3420516848564148,0.6279087066650391,0.5521625876426697,0.8847294449806213,0.9402607679367065,0.45031335949897766,0.04270176915451884,7.039483978413045
107,1.1496052742004395,1.0825636386871338,1,0.4909733533859253,0.3420516848564148,0.6279087066650391,0.5521625876426697,0.8847294449806213,0.9402607679367065,0.45031335949897766,0.042719768825918436,7.038411030080169
108,1.1496052742004395,1.0825636386871338,1,0.4909733533859253,0.3420516848564148,0.6279087066650391,0.5521625876426697,0.8847294449806213,0.9402607679367065,0.45031335949897766,0.04248877102509141,7.037324862089008
109,1.1496052742004395,1.0825636386871338,1,0.4909733533859253,0.3420516848564148,0.6279087066650391,0.5521625876426697,0.8847294449806213,0.9402607679367065,0.45031335949897766,0.04260521102696657,7.036829648073763
110,1.1496052742004395,1.0825636386871338,1,0.4909733533859253,0.3420516848564148,0.6279087066650391,0.5521625876426697,0.8847294449806213,0.9402607679367065,0.45031335949897766,0.04287416813895106,7.040681225247681
111,1.1496052742004395,1.0825636386871338,1,0.4909733533859253,0.3420516848564148,0.6279087066650391,0.5521625876426697,0.8847294449806213,0.9402607679367065,0.45031335949897766,0.043090964667499065,7.0442748558707535
112,1.1496052742004395,1.0825636386871338,1,0.4909733533859253,0.3420516848564148,0.6279087066650391,0.5521625876426697,0.8847294449806213,0.9402607679367065,0.45031335949897766,0.042863958049565554,7.036154674831778
113,1.1496052742004395,1.0825636386871338,1,0.4909733533859253,0.3420516848564148,0.6279087066650391,0.5521625876426697,0.8847294449806213,0.9402607679367065,0.45031335949897766,0.04269480984658003,7.040402539074421
114,1.1496052742004395,1.0825636386871338,1,0.4909733533859253,0.3420516848564148,0.6279087066650391,0.5521625876426697,0.8847294449806213,0.9402607679367065,0.45031335949897766,0.0431247241795063,7.043542273342609
115,1.1496052742004395,1.0825636386871338,1,0.4909733533859253,0.3420516848564148,0.6279087066650391,0.5521625876426697,0.8847294449806213,0.9402607679367065,0.45031335949897766,0.042887656949460506,7.272411169949919
116,1.1496052742004395,1.0825636386871338,1,0.4909733533859253,0.3420516848564148,0.6279087066650391,0.5521625876426697,0.8847294449806213,0.9402607679367065,0.45031335949897766,0.04254863131791353,7.0377136981114745
117,1.1496052742004395,1.0825636386871338,1,0.4909733533859253,0.3420516848564148,0.6279087066650391,0.5521625876426697,0.8847294449806213,0.9402607679367065,0.45031335949897766,0.042626720387488604,7.040419228374958
118,1.1496052742004395,1.0825636386871338,1,0.4909733533859253,0.3420516848564148,0.6279087066650391,0.5521625876426697,0.8847294449806213,0.9402607679367065,0.45031335949897766,0.04289961699396372,7.039266068954021
119,1.1496052742004395,1.0825636386871338,1,0.4909733533859253,0.3420516848564148,0.6279087066650391,0.5521625876426697,0.8847294449806213,0.9402607679367065,0.45031335949897766,0.04259771993383765,7.0381543026305735
120,1.1496052742004395,1.0825636386871338,1,0.4909733533859253,0.3420516848564148,0.6279087066650391,0.5521625876426697,0.8847294449806213,0.9402607679367065,0.45031335949897766,0.043171534314751625,7.042018381413072
121,1.1496052742004395,1.0825636386871338,1,0.4909733533859253,0.3420516848564148,0.6279087066650391,0.5521625876426697,0.8847294449806213,0.9402607679367065,0.45031335949897766,0.04277052776888013,7.042445725761354
122,1.1496052742004395,1.0825636386871338,1,0.4909733533859253,0.3420516848564148,0.6279087066650391,0.5521625876426697,0.8847294449806213,0.9402607679367065,0.45031335949897766,0.04388250596821308,7.044596372172236
123,1.1496052742004395,1.0825636386871338,1,0.4909733533859253,0.3420516848564148,0.6279087066650391,0.5521625876426697,0.8847294449806213,0.9402607679367065,0.45031335949897766,0.04289992759004235,7.040122922044247
124,1.1496052742004395,1.0825636386871338,1,0.4909733533859253,0.3420516848564148,0.6279087066650391,0.5521625876426697,0.8847294449806213,0.9402607679367065,0.45031335949897766,0.042933276388794184,7.040454867295921
125,1.1496052742004395,1.0825636386871338,1,0.4909733533859253,0.3420516848564148,0.6279087066650391,0.5521625876426697,0.8847294449806213,0.9402607679367065,0.45031335949897766,0.04264356987550855,7.042788252234459
126,1.1496052742004395,1.0825636386871338,1,0.4909733533859253,0.3420516848564148,0.6279087066650391,0.5521625876426697,0.8847294449806213,0.9402607679367065,0.45031335949897766,0.04270320991054177,7.0381085141561925
127,1.1496052742004395,1.0825636386871338,1,0.4909733533859253,0.3420516848564148,0.6279087066650391,0.5521625876426697,0.8847294449806213,0.9402607679367065,0.45031335949897766,0.04284446779638529,7.0410101916641
128,1.1496052742004395,1.0825636386871338,1,0.4909733533859253,0.3420516848564148,0.6279087066650391,0.5521625876426697,0.8847294449806213,0.9402607679367065,0.45031335949897766,0.04296984616667032,7.038949951995164
129,1.1496052742004395,1.0825636386871338,1,0.4909733533859253,0.3420516848564148,0.6279087066650391,0.5521625876426697,0.8847294449806213,0.9402607679367065,0.45031335949897766,0.042693219147622585,7.039489378221333
130,1.1496052742004395,1.0825636386871338,1,0.4909733533859253,0.3420516848564148,0.6279087066650391,0.5521625876426697,0.8847294449806213,0.9402607679367065,0.45031335949897766,0.042826967779546976,7.039409677963704
131,1.1496052742004395,1.0825636386871338,1,0.4909733533859253,0.3420516848564148,0.6279087066650391,0.5521625876426697,0.8847294449806213,0.9402607679367065,0.45031335949897766,0.04315420426428318,7.042167637962848
132,1.1496052742004395,1.0825636386871338,1,0.4909733533859253,0.3420516848564148,0.6279087066650391,0.5521625876426697,0.8847294449806213,0.9402607679367065,0.45031335949897766,0.04262905893847346,7.040482756216079
133,1.1496052742004395,1.0825636386871338,1,0.4909733533859253,0.3420516848564148,0.6279087066650391,0.5521625876426697,0.8847294449806213,0.9402607679367065,0.45031335949897766,0.042761278338730335,7.041082200128585
134,1.1496052742004395,1.0825636386871338,1,0.4909733533859253,0.3420516848564148,0.6279087066650391,0.5521625876426697,0.8847294449806213,0.9402607679367065,0.45031335949897766,0.04271387867629528,7.040134079754353
135,1.1496052742004395,1.0825636386871338,1,0.4909733533859253,0.3420516848564148,0.6279087066650391,0.5521625876426697,0.8847294449806213,0.9402607679367065,0.45031335949897766,0.04306563502177596,7.042226188350469
136,1.1496052742004395,1.0825636386871338,1,0.4909733533859253,0.3420516848564148,0.6279087066650391,0.5521625876426697,0.8847294449806213,0.9402607679367065,0.45031335949897766,0.042532291263341904,7.040146119892597
137,1.1496052742004395,1.0825636386871338,1,0.4909733533859253,0.3420516848564148,0.6279087066650391,0.5521625876426697,0.8847294449806213,0.9402607679367065,0.45031335949897766,0.04299074597656727,7.041570394765586
138,1.1496052742004395,1.0825636386871338,1,0.4909733533859253,0.3420516848564148,0.6279087066650391,0.5521625876426697,0.8847294449806213,0.9402607679367065,0.45031335949897766,0.04268765915185213,7.04305611923337
139,1.1496052742004395,1.0825636386871338,1,0.4909733533859253,0.3420516848564148,0.6279087066650391,0.5521625876426697,0.8847294449806213,0.9402607679367065,0.45031335949897766,0.04264560900628567,7.041018809657544
140,1.1496052742004395,1.0825636386871338,1,0.4909733533859253,0.3420516848564148,0.6279087066650391,0.5521625876426697,0.8847294449806213,0.9402607679367065,0.45031335949897766,0.04315167386084795,7.038630146998912
141,1.1496052742004395,1.0825636386871338,1,0.4909733533859253,0.3420516848564148,0.6279087066650391,0.5521625876426697,0.8847294449806213,0.9402607679367065,0.45031335949897766,0.042825656943023205,7.042696361895651
142,1.1496052742004395,1.0825636386871338,1,0.4909733533859253,0.3420516848564148,0.6279087066650391,0.5521625876426697,0.8847294449806213,0.9402607679367065,0.45031335949897766,0.04267302015796304,7.039570297114551
143,1.1496052742004395,1.0825636386871338,1,0.4909733533859253,0.3420516848564148,0.6279087066650391,0.5521625876426697,0.8847294449806213,0.9402607679367065,0.45031335949897766,0.04291013581678271,7.0431231670081615
144,1.1496052742004395,1.0825636386871338,1,0.4909733533859253,0.3420516848564148,0.6279087066650391,0.5521625876426697,0.8847294449806213,0.9402607679367065,0.45031335949897766,0.04280383791774511,7.039435927756131
145,1.1496052742004395,1.0825636386871338,1,0.4909733533859253,0.3420516848564148,0.6279087066650391,0.5521625876426697,0.8847294449806213,0.9402607679367065,0.45031335949897766,0.043140984140336514,7.039432728197426
146,1.1496052742004395,1.0825636386871338,1,0.4909733533859253,0.3420516848564148,0.6279087066650391,0.5521625876426697,0.8847294449806213,0.9402607679367065,0.45031335949897766,0.0425123106688261,7.038327990099788
147,1.1496052742004395,1.0825636386871338,1,0.4909733533859253,0.3420516848564148,0.6279087066650391,0.5521625876426697,0.8847294449806213,0.9402607679367065,0.45031335949897766,0.0427763881161809,7.039691606070846
148,1.1496052742004395,1.0825636386871338,1,0.4909733533859253,0.3420516848564148,0.6279087066650391,0.5521625876426697,0.8847294449806213,0.9402607679367065,0.45031335949897766,0.04312186408787966,7.041670334059745
149,1.1496052742004395,1.0825636386871338,1,0.4909733533859253,0.3420516848564148,0.6279087066650391,0.5521625876426697,0.8847294449806213,0.9402607679367065,0.45031335949897766,0.042648399248719215,7.0423003560863435
150,1.1496052742004395,1.0825636386871338,1,0.4909733533859253,0.3420516848564148,0.6279087066650391,0.5521625876426697,0.8847294449806213,0.9402607679367065,0.45031335949897766,0.04270779900252819,7.04224170697853
151,1.1496052742004395,1.0825636386871338,1,0.4909733533859253,0.3420516848564148,0.6279087066650391,0.5521625876426697,0.8847294449806213,0.9402607679367065,0.45031335949897766,0.04274821886792779,7.041619843803346
152,1.1496052742004395,1.0825636386871338,1,0.4909733533859253,0.3420516848564148,0.6279087066650391,0.5521625876426697,0.8847294449806213,0.9402607679367065,0.45031335949897766,0.042893686797469854,7.040130510926247
153,1.1496052742004395,1.0825636386871338,1,0.4909733533859253,0.3420516848564148,0.6279087066650391,0.5521625876426697,0.8847294449806213,0.9402607679367065,0.45031335949897766,0.04287665709853172,7.0384319592267275
154,1.1496052742004395,1.0825636386871338,1,0.4909733533859253,0.3420516848564148,0.6279087066650391,0.5521625876426697,0.8847294449806213,0.9402607679367065,0.45031335949897766,0.043171513825654984,7.041627194266766
155,1.1496052742004395,1.0825636386871338,1,0.4909733533859253,0.3420516848564148,0.6279087066650391,0.5521625876426697,0.8847294449806213,0.9402607679367065,0.45031335949897766,0.042835387866944075,7.043663079850376
156,1.1496052742004395,1.0825636386871338,1,0.4909733533859253,0.3420516848564148,0.6279087066650391,0.5521625876426697,0.8847294449806213,0.9402607679367065,0.45031335949897766,0.04267006926238537,7.041358626913279
157,1.1496052742004395,1.0825636386871338,1,0.4909733533859253,0.3420516848564148,0.6279087066650391,0.5521625876426697,0.8847294449806213,0.9402607679367065,0.45031335949897766,0.04315170366317034,7.040733473841101
158,1.1496052742004395,1.0825636386871338,1,0.4909733533859253,0.3420516848564148,0.6279087066650391,0.5521625876426697,0.8847294449806213,0.9402607679367065,0.45031335949897766,0.04286880698055029,7.039259519893676
159,1.1496052742004395,1.0825636386871338,1,0.4909733533859253,0.3420516848564148,0.6279087066650391,0.5521625876426697,0.8847294449806213,0.9402607679367065,0.45031335949897766,0.04261603998020291,7.042845721356571
160,1.1496052742004395,1.0825636386871338,1,0.4909733533859253,0.3420516848564148,0.6279087066650391,0.5521625876426697,0.8847294449806213,0.9402607679367065,0.45031335949897766,0.0427351682446897,7.037098893895745
161,1.1496052742004395,1.0825636386871338,1,0.4909733533859253,0.3420516848564148,0.6279087066650391,0.5521625876426697,0.8847294449806213,0.9402607679367065,0.45031335949897766,0.042932676151394844,7.038385469932109
162,1.1496052742004395,1.0825636386871338,1,0.4909733533859253,0.3420516848564148,0.6279087066650391,0.5521625876426697,0.8847294449806213,0.9402607679367065,0.45031335949897766,0.042560440953820944,7.0436229831539094
163,1.1496052742004395,1.0825636386871338,1,0.4909733533859253,0.3420516848564148,0.6279087066650391,0.5521625876426697,0.8847294449806213,0.9402607679367065,0.45031335949897766,0.042946445755660534,7.052664611954242
164,1.1496052742004395,1.0825636386871338,1,0.4909733533859253,0.3420516848564148,0.6279087066650391,0.5521625876426697,0.8847294449806213,0.9402607679367065,0.45031335949897766,0.04350532963871956,7.041312378831208
165,1.1496052742004395,1.0825636386871338,1,0.4909733533859253,0.3420516848564148,0.6279087066650391,0.5521625876426697,0.8847294449806213,0.9402607679367065,0.45031335949897766,0.044085805770009756,7.0411834879778326
166,1.1496052742004395,1.0825636386871338,1,0.4909733533859253,0.3420516848564148,0.6279087066650391,0.5521625876426697,0.8847294449806213,0.9402607679367065,0.45031335949897766,0.04336223425343633,7.044093356002122
167,1.1496052742004395,1.0825636386871338,1,0.4909733533859253,0.3420516848564148,0.6279087066650391,0.5521625876426697,0.8847294449806213,0.9402607679367065,0.45031335949897766,0.04335913434624672,7.040219919290394
168,1.1496052742004395,1.0825636386871338,1,0.4909733533859253,0.3420516848564148,0.6279087066650391,0.5521625876426697,0.8847294449806213,0.9402607679367065,0.45031335949897766,0.04328009486198425,7.040009280666709
169,1.1496052742004395,1.0825636386871338,1,0.4909733533859253,0.3420516848564148,0.6279087066650391,0.5521625876426697,0.8847294449806213,0.9402607679367065,0.45031335949897766,0.04341996321454644,7.043441843241453
170,1.1496052742004395,1.0825636386871338,1,0.4909733533859253,0.3420516848564148,0.6279087066650391,0.5521625876426697,0.8847294449806213,0.9402607679367065,0.45031335949897766,0.04357389220967889,7.041913980152458
171,1.1496052742004395,1.0825636386871338,1,0.4909733533859253,0.3420516848564148,0.6279087066650391,0.5521625876426697,0.8847294449806213,0.9402607679367065,0.45031335949897766,0.04361820127815008,7.0397983230650425
172,1.1496052742004395,1.0825636386871338,1,0.4909733533859253,0.3420516848564148,0.6279087066650391,0.5521625876426697,0.8847294449806213,0.9402607679367065,0.45031335949897766,0.04330402472987771,7.039542575832456
173,1.1496052742004395,1.0825636386871338,1,0.4909733533859253,0.3420516848564148,0.6279087066650391,0.5521625876426697,0.8847294449806213,0.9402607679367065,0.45031335949897766,0.04336830414831638,7.046687378082424
174,1.1496052742004395,1.0825636386871338,1,0.4909733533859253,0.3420516848564148,0.6279087066650391,0.5521625876426697,0.8847294449806213,0.9402607679367065,0.45031335949897766,0.044230394065380096,7.045093735214323
175,1.1496052742004395,1.0825636386871338,1,0.4909733533859253,0.3420516848564148,0.6279087066650391,0.5521625876426697,0.8847294449806213,0.9402607679367065,0.45031335949897766,0.04318144591525197,7.042330665979534
176,1.1496052742004395,1.0825636386871338,1,0.4909733533859253,0.3420516848564148,0.6279087066650391,0.5521625876426697,0.8847294449806213,0.9402607679367065,0.45031335949897766,0.04374191025272012,7.042389925103635
177,1.1496052742004395,1.0825636386871338,1,0.4909733533859253,0.3420516848564148,0.6279087066650391,0.5521625876426697,0.8847294449806213,0.9402607679367065,0.45031335949897766,0.04344365419819951,7.043745500035584
178,1.1496052742004395,1.0825636386871338,1,0.4909733533859253,0.3420516848564148,0.6279087066650391,0.5521625876426697,0.8847294449806213,0.9402607679367065,0.45031335949897766,0.0437608789652586,7.042259425856173
179,1.1496052742004395,1.0825636386871338,1,0.4909733533859253,0.3420516848564148,0.6279087066650391,0.5521625876426697,0.8847294449806213,0.9402607679367065,0.45031335949897766,0.04350521229207516,7.04175867093727
180,1.1496052742004395,1.0825636386871338,1,0.4909733533859253,0.3420516848564148,0.6279087066650391,0.5521625876426697,0.8847294449806213,0.9402607679367065,0.45031335949897766,0.0436586607247591,7.039166529662907
181,1.1496052742004395,1.0825636386871338,1,0.4909733533859253,0.3420516848564148,0.6279087066650391,0.5521625876426697,0.8847294449806213,0.9402607679367065,0.45031335949897766,0.0434874533675611,7.042531324084848
182,1.1496052742004395,1.0825636386871338,1,0.4909733533859253,0.3420516848564148,0.6279087066650391,0.5521625876426697,0.8847294449806213,0.9402607679367065,0.45031335949897766,0.04376409016549587,7.041056959889829
183,1.1496052742004395,1.0825636386871338,1,0.4909733533859253,0.3420516848564148,0.6279087066650391,0.5521625876426697,0.8847294449806213,0.9402607679367065,0.45031335949897766,0.043612231966108084,7.041361886076629
184,1.1496052742004395,1.0825636386871338,1,0.4909733533859253,0.3420516848564148,0.6279087066650391,0.5521625876426697,0.8847294449806213,0.9402607679367065,0.45031335949897766,0.043698241002857685,7.039857112802565
185,1.1496052742004395,1.0825636386871338,1,0.4909733533859253,0.3420516848564148,0.6279087066650391,0.5521625876426697,0.8847294449806213,0.9402607679367065,0.45031335949897766,0.043018028140068054,7.041332616936415
186,1.1496052742004395,1.0825636386871338,1,0.4909733533859253,0.3420516848564148,0.6279087066650391,0.5521625876426697,0.8847294449806213,0.9402607679367065,0.45031335949897766,0.043596351984888315,7.037604877725244
187,1.1496052742004395,1.0825636386871338,1,0.4909733533859253,0.3420516848564148,0.6279087066650391,0.5521625876426697,0.8847294449806213,0.9402607679367065,0.45031335949897766,0.04348796280100942,7.04401737684384
188,1.1496052742004395,1.0825636386871338,1,0.4909733533859253,0.3420516848564148,0.6279087066650391,0.5521625876426697,0.8847294449806213,0.9402607679367065,0.45031335949897766,0.04447810212150216,7.044657609891146
189,1.1496052742004395,1.0825636386871338,1,0.4909733533859253,0.3420516848564148,0.6279087066650391,0.5521625876426697,0.8847294449806213,0.9402607679367065,0.45031335949897766,0.04336266405880451,7.041068639140576
190,1.1496052742004395,1.0825636386871338,1,0.4909733533859253,0.3420516848564148,0.6279087066650391,0.5521625876426697,0.8847294449806213,0.9402607679367065,0.45031335949897766,0.04325539479032159,7.059438017196953
191,1.1496052742004395,1.0825636386871338,1,0.4909733533859253,0.3420516848564148,0.6279087066650391,0.5521625876426697,0.8847294449806213,0.9402607679367065,0.45031335949897766,0.04335701419040561,7.04128363635391
192,1.1496052742004395,1.0825636386871338,1,0.4909733533859253,0.3420516848564148,0.6279087066650391,0.5521625876426697,0.8847294449806213,0.9402607679367065,0.45031335949897766,0.04279318079352379,7.040462825912982
193,1.1496052742004395,1.0825636386871338,1,0.4909733533859253,0.3420516848564148,0.6279087066650391,0.5521625876426697,0.8847294449806213,0.9402607679367065,0.45031335949897766,0.04281253973022103,7.040759191848338
194,1.1496052742004395,1.0825636386871338,1,0.4909733533859253,0.3420516848564148,0.6279087066650391,0.5521625876426697,0.8847294449806213,0.9402607679367065,0.45031335949897766,0.04270174074918032,7.038095751777291
195,1.1496052742004395,1.0825636386871338,1,0.4909733533859253,0.3420516848564148,0.6279087066650391,0.5521625876426697,0.8847294449806213,0.9402607679367065,0.45031335949897766,0.04262045305222273,7.038670185953379
196,1.1496052742004395,1.0825636386871338,1,0.4909733533859253,0.3420516848564148,0.6279087066650391,0.5521625876426697,0.8847294449806213,0.9402607679367065,0.45031335949897766,0.04279028112068772,7.04232554603368
197,1.1496052742004395,1.0825636386871338,1,0.4909733533859253,0.3420516848564148,0.6279087066650391,0.5521625876426697,0.8847294449806213,0.9402607679367065,0.45031335949897766,0.0429833778180182,7.039937471970916
198,1.1496052742004395,1.0825636386871338,1,0.4909733533859253,0.3420516848564148,0.6279087066650391,0.5521625876426697,0.8847294449806213,0.9402607679367065,0.45031335949897766,0.04286204976961017,7.041390245780349
199,1.1496052742004395,1.0825636386871338,1,0.4909733533859253,0.3420516848564148,0.6279087066650391,0.5521625876426697,0.8847294449806213,0.9402607679367065,0.45031335949897766,0.04282512003555894,7.040519624948502
200,1.1496052742004395,1.0825636386871338,1,0.4909733533859253,0.3420516848564148,0.6279087066650391,0.5521625876426697,0.8847294449806213,0.9402607679367065,0.45031335949897766,0.04292604932561517,7.042708452325314
201,1.1496052742004395,1.0825636386871338,1,0.4909733533859253,0.3420516848564148,0.6279087066650391,0.5521625876426697,0.8847294449806213,0.9402607679367065,0.45031335949897766,0.042905468959361315,7.043261589948088
202,1.1496052742004395,1.0825636386871338,1,0.4909733533859253,0.3420516848564148,0.6279087066650391,0.5521625876426697,0.8847294449806213,0.9402607679367065,0.45031335949897766,0.04262161022052169,7.041343833319843
203,1.1496052742004395,1.0825636386871338,1,0.4909733533859253,0.3420516848564148,0.6279087066650391,0.5521625876426697,0.8847294449806213,0.9402607679367065,0.45031335949897766,0.042723428923636675,7.038868649862707
204,1.1496052742004395,1.0825636386871338,1,0.4909733533859253,0.3420516848564148,0.6279087066650391,0.5521625876426697,0.8847294449806213,0.9402607679367065,0.45031335949897766,0.04283271823078394,7.041846079286188
205,1.1496052742004395,1.0825636386871338,1,0.4909733533859253,0.3420516848564148,0.6279087066650391,0.5521625876426697,0.8847294449806213,0.9402607679367065,0.45031335949897766,0.04279707791283727,7.0435365699231625
206,1.1496052742004395,1.0825636386871338,1,0.4909733533859253,0.3420516848564148,0.6279087066650391,0.5521625876426697,0.8847294449806213,0.9402607679367065,0.45031335949897766,0.04312007501721382,7.040345634799451
207,1.1496052742004395,1.0825636386871338,1,0.4909733533859253,0.3420516848564148,0.6279087066650391,0.5521625876426697,0.8847294449806213,0.9402607679367065,0.45031335949897766,0.04275916889309883,7.041765338741243
208,1.1496052742004395,1.0825636386871338,1,0.4909733533859253,0.3420516848564148,0.6279087066650391,0.5521625876426697,0.8847294449806213,0.9402607679367065,0.45031335949897766,0.0430953549221158,7.037564094178379
209,1.1496052742004395,1.0825636386871338,1,0.4909733533859253,0.3420516848564148,0.6279087066650391,0.5521625876426697,0.8847294449806213,0.9402607679367065,0.45031335949897766,0.042710238602012396,7.040215885732323
210,1.1496052742004395,1.0825636386871338,1,0.4909733533859253,0.3420516848564148,0.6279087066650391,0.5521625876426697,0.8847294449806213,0.9402607679367065,0.45031335949897766,0.042763409204781055,7.042925387155265
211,1.1496052742004395,1.0825636386871338,1,0.4909733533859253,0.3420516848564148,0.6279087066650391,0.5521625876426697,0.8847294449806213,0.9402607679367065,0.45031335949897766,0.04265302000567317,7.038587363902479
212,1.1496052742004395,1.0825636386871338,1,0.4909733533859253,0.3420516848564148,0.6279087066650391,0.5521625876426697,0.8847294449806213,0.9402607679367065,0.45031335949897766,0.042510271072387695,7.043460289947689
213,1.1496052742004395,1.0825636386871338,1,0.4909733533859253,0.3420516848564148,0.6279087066650391,0.5521625876426697,0.8847294449806213,0.9402607679367065,0.45031335949897766,0.042824817821383476,7.040402073878795
214,1.1496052742004395,1.0825636386871338,1,0.4909733533859253,0.3420516848564148,0.6279087066650391,0.5521625876426697,0.8847294449806213,0.9402607679367065,0.45031335949897766,0.043067165184766054,7.039331735111773
215,1.1496052742004395,1.0825636386871338,1,0.4909733533859253,0.3420516848564148,0.6279087066650391,0.5521625876426697,0.8847294449806213,0.9402607679367065,0.45031335949897766,0.04268641909584403,7.0438200971111655
216,1.1496052742004395,1.0825636386871338,1,0.4909733533859253,0.3420516848564148,0.6279087066650391,0.5521625876426697,0.8847294449806213,0.9402607679367065,0.45031335949897766,0.04283129796385765,7.040044897701591
217,1.1496052742004395,1.0825636386871338,1,0.4909733533859253,0.3420516848564148,0.6279087066650391,0.5521625876426697,0.8847294449806213,0.9402607679367065,0.45031335949897766,0.042817728128284216,7.0405784719623625
218,1.1496052742004395,1.0825636386871338,1,0.4909733533859253,0.3420516848564148,0.6279087066650391,0.5521625876426697,0.8847294449806213,0.9402607679367065,0.45031335949897766,0.04269479913637042,7.042360722087324
219,1.1496052742004395,1.0825636386871338,1,0.4909733533859253,0.3420516848564148,0.6279087066650391,0.5521625876426697,0.8847294449806213,0.9402607679367065,0.45031335949897766,0.04275742918252945,7.041312743909657
220,1.1496052742004395,1.0825636386871338,1,0.4909733533859253,0.3420516848564148,0.6279087066650391,0.5521625876426697,0.8847294449806213,0.9402607679367065,0.45031335949897766,0.04264370910823345,7.039631792344153
221,1.1496052742004395,1.0825636386871338,1,0.4909733533859253,0.3420516848564148,0.6279087066650391,0.5521625876426697,0.8847294449806213,0.9402607679367065,0.45031335949897766,0.042806637939065695,7.03987881867215
222,1.1496052742004395,1.0825636386871338,1,0.4909733533859253,0.3420516848564148,0.6279087066650391,0.5521625876426697,0.8847294449806213,0.9402607679367065,0.45031335949897766,0.04261032119393349,7.040459963027388
223,1.1496052742004395,1.0825636386871338,1,0.4909733533859253,0.3420516848564148,0.6279087066650391,0.5521625876426697,0.8847294449806213,0.9402607679367065,0.45031335949897766,0.04307621531188488,7.039686471223831
224,1.1496052742004395,1.0825636386871338,1,0.4909733533859253,0.3420516848564148,0.6279087066650391,0.5521625876426697,0.8847294449806213,0.9402607679367065,0.45031335949897766,0.042795268818736076,7.04326692270115
225,1.1496052742004395,1.0825636386871338,1,0.4909733533859253,0.3420516848564148,0.6279087066650391,0.5521625876426697,0.8847294449806213,0.9402607679367065,0.45031335949897766,0.04288921784609556,7.040959927719086
226,1.1496052742004395,1.0825636386871338,1,0.4909733533859253,0.3420516848564148,0.6279087066650391,0.5521625876426697,0.8847294449806213,0.9402607679367065,0.45031335949897766,0.04319118428975344,7.039309875108302
227,1.1496052742004395,1.0825636386871338,1,0.4909733533859253,0.3420516848564148,0.6279087066650391,0.5521625876426697,0.8847294449806213,0.9402607679367065,0.45031335949897766,0.042878068052232265,7.1391370091587305
228,1.1496052742004395,1.0825636386871338,1,0.4909733533859253,0.3420516848564148,0.6279087066650391,0.5521625876426697,0.8847294449806213,0.9402607679367065,0.45031335949897766,0.04385520704090595,7.041126295924187
229,1.1496052742004395,1.0825636386871338,1,0.4909733533859253,0.3420516848564148,0.6279087066650391,0.5521625876426697,0.8847294449806213,0.9402607679367065,0.45031335949897766,0.04300315631553531,7.0397874703630805
230,1.1496052742004395,1.0825636386871338,1,0.4909733533859253,0.3420516848564148,0.6279087066650391,0.5521625876426697,0.8847294449806213,0.9402607679367065,0.45031335949897766,0.04368909867480397,7.043808877002448
231,1.1496052742004395,1.0825636386871338,1,0.4909733533859253,0.3420516848564148,0.6279087066650391,0.5521625876426697,0.8847294449806213,0.9402607679367065,0.45031335949897766,0.04362080991268158,7.040143956895918
232,1.1496052742004395,1.0825636386871338,1,0.4909733533859253,0.3420516848564148,0.6279087066650391,0.5521625876426697,0.8847294449806213,0.9402607679367065,0.45031335949897766,0.04313273495063186,7.0411881459876895
233,1.1496052742004395,1.0825636386871338,1,0.4909733533859253,0.3420516848564148,0.6279087066650391,0.5521625876426697,0.8847294449806213,0.9402607679367065,0.45031335949897766,0.043615859001874924,7.04325355309993
234,1.1496052742004395,1.0825636386871338,1,0.4909733533859253,0.3420516848564148,0.6279087066650391,0.5521625876426697,0.8847294449806213,0.9402607679367065,0.45031335949897766,0.04357415018603206,7.039506122935563
235,1.1496052742004395,1.0825636386871338,1,0.4909733533859253,0.3420516848564148,0.6279087066650391,0.5521625876426697,0.8847294449806213,0.9402607679367065,0.45031335949897766,0.042989176232367754,7.054388123098761
236,1.1496052742004395,1.0825636386871338,1,0.4909733533859253,0.3420516848564148,0.6279087066650391,0.5521625876426697,0.8847294449806213,0.9402607679367065,0.45031335949897766,0.04308379488065839,7.04054834228009
237,1.1496052742004395,1.0825636386871338,1,0.4909733533859253,0.3420516848564148,0.6279087066650391,0.5521625876426697,0.8847294449806213,0.9402607679367065,0.45031335949897766,0.04293984593823552,7.039968772791326
238,1.1496052742004395,1.0825636386871338,1,0.4909733533859253,0.3420516848564148,0.6279087066650391,0.5521625876426697,0.8847294449806213,0.9402607679367065,0.45031335949897766,0.042730222921818495,7.041049809195101
239,1.1496052742004395,1.0825636386871338,1,0.4909733533859253,0.3420516848564148,0.6279087066650391,0.5521625876426697,0.8847294449806213,0.9402607679367065,0.45031335949897766,0.04309785785153508,7.041436695028096
240,1.1496052742004395,1.0825636386871338,1,0.4909733533859253,0.3420516848564148,0.6279087066650391,0.5521625876426697,0.8847294449806213,0.9402607679367065,0.45031335949897766,0.043234368320554495,7.042342245113105
241,1.1496052742004395,1.0825636386871338,1,0.4909733533859253,0.3420516848564148,0.6279087066650391,0.5521625876426697,0.8847294449806213,0.9402607679367065,0.45031335949897766,0.0429125209338963,7.042353505268693
242,1.1496052742004395,1.0825636386871338,1,0.4909733533859253,0.3420516848564148,0.6279087066650391,0.5521625876426697,0.8847294449806213,0.9402607679367065,0.45031335949897766,0.04283940186724067,7.041752421762794
243,1.1496052742004395,1.0825636386871338,1,0.4909733533859253,0.3420516848564148,0.6279087066650391,0.5521625876426697,0.8847294449806213,0.9402607679367065,0.45031335949897766,0.043138678185641766,7.0412226570770144
244,1.1496052742004395,1.0825636386871338,1,0.4909733533859253,0.3420516848564148,0.6279087066650391,0.5521625876426697,0.8847294449806213,0.9402607679367065,0.45031335949897766,0.042819902300834656,7.038408277090639
245,1.1496052742004395,1.0825636386871338,1,0.4909733533859253,0.3420516848564148,0.6279087066650391,0.5521625876426697,0.8847294449806213,0.9402607679367065,0.45031335949897766,0.042693682946264744,7.039376417174935
246,1.1496052742004395,1.0825636386871338,1,0.4909733533859253,0.3420516848564148,0.6279087066650391,0.5521625876426697,0.8847294449806213,0.9402607679367065,0.45031335949897766,0.0427024126984179,7.038291318807751
247,1.1496052742004395,1.0825636386871338,1,0.4909733533859253,0.3420516848564148,0.6279087066650391,0.5521625876426697,0.8847294449806213,0.9402607679367065,0.45031335949897766,0.04296453995630145,7.038427386898547
248,1.1496052742004395,1.0825636386871338,1,0.4909733533859253,0.3420516848564148,0.6279087066650391,0.5521625876426697,0.8847294449806213,0.9402607679367065,0.45031335949897766,0.042626972775906324,7.037231308873743
249,1.1496052742004395,1.0825636386871338,1,0.4909733533859253,0.3420516848564148,0.6279087066650391,0.5521625876426697,0.8847294449806213,0.9402607679367065,0.45031335949897766,0.043099747970700264,7.042440994177014
250,1.1496052742004395,1.0825636386871338,1,0.4909733533859253,0.3420516848564148,0.6279087066650391,0.5521625876426697,0.8847294449806213,0.9402607679367065,0.45031335949897766,0.04303409019485116,7.041182788088918
251,1.1496052742004395,1.0825636386871338,1,0.4909733533859253,0.3420516848564148,0.6279087066650391,0.5521625876426697,0.8847294449806213,0.9402607679367065,0.45031335949897766,0.04316295823082328,7.039629064034671
252,1.1496052742004395,1.0825636386871338,1,0.4909733533859253,0.3420516848564148,0.6279087066650391,0.5521625876426697,0.8847294449806213,0.9402607679367065,0.45031335949897766,0.042706822976469994,7.039799673017114
253,1.1496052742004395,1.0825636386871338,1,0.4909733533859253,0.3420516848564148,0.6279087066650391,0.5521625876426697,0.8847294449806213,0.9402607679367065,0.45031335949897766,0.04280889220535755,7.042839670088142
254,1.1496052742004395,1.0825636386871338,1,0.4909733533859253,0.3420516848564148,0.6279087066650391,0.5521625876426697,0.8847294449806213,0.9402607679367065,0.45031335949897766,0.0427155327051878,7.042137116659433
255,1.1496052742004395,1.0825636386871338,1,0.4909733533859253,0.3420516848564148,0.6279087066650391,0.5521625876426697,0.8847294449806213,0.9402607679367065,0.45031335949897766,0.04261828400194645,7.041536130011082
256,1.1496052742004395,1.0825636386871338,1,0.4909733533859253,0.3420516848564148,0.6279087066650391,0.5521625876426697,0.8847294449806213,0.9402607679367065,0.45031335949897766,0.04283455293625593,7.041296973824501
257,1.1496052742004395,1.0825636386871338,1,0.4909733533859253,0.3420516848564148,0.6279087066650391,0.5521625876426697,0.8847294449806213,0.9402607679367065,0.45031335949897766,0.043177108746021986,7.039915878791362
258,1.1496052742004395,1.0825636386871338,1,0.4909733533859253,0.3420516848564148,0.6279087066650391,0.5521625876426697,0.8847294449806213,0.9402607679367065,0.45031335949897766,0.04279854288324714,7.039873248897493
259,1.1496052742004395,1.0825636386871338,1,0.4909733533859253,0.3420516848564148,0.6279087066650391,0.5521625876426697,0.8847294449806213,0.9402607679367065,0.45031335949897766,0.04284250317141414,7.041265595238656
260,1.1496052742004395,1.0825636386871338,1,0.4909733533859253,0.3420516848564148,0.6279087066650391,0.5521625876426697,0.8847294449806213,0.9402607679367065,0.45031335949897766,0.043059699703007936,7.155158564914018
261,1.1496052742004395,1.0825636386871338,1,0.4909733533859253,0.3420516848564148,0.6279087066650391,0.5521625876426697,0.8847294449806213,0.9402607679367065,0.45031335949897766,0.04304374102503061,7.040080387145281
262,1.1496052742004395,1.0825636386871338,1,0.4909733533859253,0.3420516848564148,0.6279087066650391,0.5521625876426697,0.8847294449806213,0.9402607679367065,0.45031335949897766,0.042809163220226765,7.039319324772805
263,1.1496052742004395,1.0825636386871338,1,0.4909733533859253,0.3420516848564148,0.6279087066650391,0.5521625876426697,0.8847294449806213,0.9402607679367065,0.45031335949897766,0.04284289292991161,7.037331915926188
264,1.1496052742004395,1.0825636386871338,1,0.4909733533859253,0.3420516848564148,0.6279087066650391,0.5521625876426697,0.8847294449806213,0.9402607679367065,0.45031335949897766,0.043020580895245075,7.042053535580635
265,1.1496052742004395,1.0825636386871338,1,0.4909733533859253,0.3420516848564148,0.6279087066650391,0.5521625876426697,0.8847294449806213,0.9402607679367065,0.45031335949897766,0.04256955487653613,7.040163956116885
266,1.1496052742004395,1.0825636386871338,1,0.4909733533859253,0.3420516848564148,0.6279087066650391,0.5521625876426697,0.8847294449806213,0.9402607679367065,0.45031335949897766,0.04318449925631285,7.043718678876758
267,1.1496052742004395,1.0825636386871338,1,0.4909733533859253,0.3420516848564148,0.6279087066650391,0.5521625876426697,0.8847294449806213,0.9402607679367065,0.45031335949897766,0.04287390224635601,7.038882079068571
268,1.1496052742004395,1.0825636386871338,1,0.4909733533859253,0.3420516848564148,0.6279087066650391,0.5521625876426697,0.8847294449806213,0.9402607679367065,0.45031335949897766,0.04271680396050215,7.0407301699742675
269,1.1496052742004395,1.0825636386871338,1,0.4909733533859253,0.3420516848564148,0.6279087066650391,0.5521625876426697,0.8847294449806213,0.9402607679367065,0.45031335949897766,0.04308091010898352,7.04115345608443
270,1.1496052742004395,1.0825636386871338,1,0.4909733533859253,0.3420516848564148,0.6279087066650391,0.5521625876426697,0.8847294449806213,0.9402607679367065,0.45031335949897766,0.04289306281134486,7.038975058589131
271,1.1496052742004395,1.0825636386871338,1,0.4909733533859253,0.3420516848564148,0.6279087066650391,0.5521625876426697,0.8847294449806213,0.9402607679367065,0.45031335949897766,0.042791553772985935,7.039303684607148
272,1.1496052742004395,1.0825636386871338,1,0.4909733533859253,0.3420516848564148,0.6279087066650391,0.5521625876426697,0.8847294449806213,0.9402607679367065,0.45031335949897766,0.04281166289001703,7.043838568031788
273,1.1496052742004395,1.0825636386871338,1,0.4909733533859253,0.3420516848564148,0.6279087066650391,0.5521625876426697,0.8847294449806213,0.9402607679367065,0.45031335949897766,0.0430970499292016,7.041919877752662
274,1.1496052742004395,1.0825636386871338,1,0.4909733533859253,0.3420516848564148,0.6279087066650391,0.5521625876426697,0.8847294449806213,0.9402607679367065,0.45031335949897766,0.043148179072886705,7.039930037222803
275,1.1496052742004395,1.0825636386871338,1,0.4909733533859253,0.3420516848564148,0.6279087066650391,0.5521625876426697,0.8847294449806213,0.9402607679367065,0.45031335949897766,0.04291676310822368,7.042843067087233
276,1.1496052742004395,1.0825636386871338,1,0.4909733533859253,0.3420516848564148,0.6279087066650391,0.5521625876426697,0.8847294449806213,0.9402607679367065,0.45031335949897766,0.04281775513663888,7.039694591425359
277,1.1496052742004395,1.0825636386871338,1,0.4909733533859253,0.3420516848564148,0.6279087066650391,0.5521625876426697,0.8847294449806213,0.9402607679367065,0.45031335949897766,0.0430433820001781,7.405149226076901
278,1.1496052742004395,1.0825636386871338,1,0.4909733533859253,0.3420516848564148,0.6279087066650391,0.5521625876426697,0.8847294449806213,0.9402607679367065,0.45031335949897766,0.04271681606769562,7.0400011274032295
279,1.1496052742004395,1.0825636386871338,1,0.4909733533859253,0.3420516848564148,0.6279087066650391,0.5521625876426697,0.8847294449806213,0.9402607679367065,0.45031335949897766,0.04302229220047593,7.0435028513893485
280,1.1496052742004395,1.0825636386871338,1,0.4909733533859253,0.3420516848564148,0.6279087066650391,0.5521625876426697,0.8847294449806213,0.9402607679367065,0.45031335949897766,0.042659626342356205,7.0384513032622635
281,1.1496052742004395,1.0825636386871338,1,0.4909733533859253,0.3420516848564148,0.6279087066650391,0.5521625876426697,0.8847294449806213,0.9402607679367065,0.45031335949897766,0.0429156431928277,7.042929676361382
282,1.1496052742004395,1.0825636386871338,1,0.4909733533859253,0.3420516848564148,0.6279087066650391,0.5521625876426697,0.8847294449806213,0.9402607679367065,0.45031335949897766,0.04255437711253762,7.039984838105738
283,1.1496052742004395,1.0825636386871338,1,0.4909733533859253,0.3420516848564148,0.6279087066650391,0.5521625876426697,0.8847294449806213,0.9402607679367065,0.45031335949897766,0.043010663241147995,7.042069516144693
284,1.1496052742004395,1.0825636386871338,1,0.4909733533859253,0.3420516848564148,0.6279087066650391,0.5521625876426697,0.8847294449806213,0.9402607679367065,0.45031335949897766,0.042854794301092625,7.038137527182698
285,1.1496052742004395,1.0825636386871338,1,0.4909733533859253,0.3420516848564148,0.6279087066650391,0.5521625876426697,0.8847294449806213,0.9402607679367065,0.45031335949897766,0.04269007593393326,7.0392815549857914
286,1.1496052742004395,1.0825636386871338,1,0.4909733533859253,0.3420516848564148,0.6279087066650391,0.5521625876426697,0.8847294449806213,0.9402607679367065,0.45031335949897766,0.04292453359812498,7.038838419597596
287,1.1496052742004395,1.0825636386871338,1,0.4909733533859253,0.3420516848564148,0.6279087066650391,0.5521625876426697,0.8847294449806213,0.9402607679367065,0.45031335949897766,0.042836244218051434,7.041040696203709
288,1.1496052742004395,1.0825636386871338,1,0.4909733533859253,0.3420516848564148,0.6279087066650391,0.5521625876426697,0.8847294449806213,0.9402607679367065,0.45031335949897766,0.04265711596235633,7.040735579095781
289,1.1496052742004395,1.0825636386871338,1,0.4909733533859253,0.3420516848564148,0.6279087066650391,0.5521625876426697,0.8847294449806213,0.9402607679367065,0.45031335949897766,0.042684394866228104,7.038073876872659
290,1.1496052742004395,1.0825636386871338,1,0.4909733533859253,0.3420516848564148,0.6279087066650391,0.5521625876426697,0.8847294449806213,0.9402607679367065,0.45031335949897766,0.04296138323843479,7.042729899287224
291,1.1496052742004395,1.0825636386871338,1,0.4909733533859253,0.3420516848564148,0.6279087066650391,0.5521625876426697,0.8847294449806213,0.9402607679367065,0.45031335949897766,0.04261527583003044,7.0392537750303745
292,1.1496052742004395,1.0825636386871338,1,0.4909733533859253,0.3420516848564148,0.6279087066650391,0.5521625876426697,0.8847294449806213,0.9402607679367065,0.45031335949897766,0.043153360951691866,7.043333470355719
293,1.1496052742004395,1.0825636386871338,1,0.4909733533859253,0.3420516848564148,0.6279087066650391,0.5521625876426697,0.8847294449806213,0.9402607679367065,0.45031335949897766,0.04289609706029296,7.039063150063157
294,1.1496052742004395,1.0825636386871338,1,0.4909733533859253,0.3420516848564148,0.6279087066650391,0.5521625876426697,0.8847294449806213,0.9402607679367065,0.45031335949897766,0.04313676478341222,7.043650720734149
295,1.1496052742004395,1.0825636386871338,1,0.4909733533859253,0.3420516848564148,0.6279087066650391,0.5521625876426697,0.8847294449806213,0.9402607679367065,0.45031335949897766,0.04255071096122265,7.038548825774342
296,1.1496052742004395,1.0825636386871338,1,0.4909733533859253,0.3420516848564148,0.6279087066650391,0.5521625876426697,0.8847294449806213,0.9402607679367065,0.45031335949897766,0.04289543814957142,7.041041529271752
297,1.1496052742004395,1.0825636386871338,1,0.4909733533859253,0.3420516848564148,0.6279087066650391,0.5521625876426697,0.8847294449806213,0.9402607679367065,0.45031335949897766,0.042721990030258894,7.042598972097039
298,1.1496052742004395,1.0825636386871338,1,0.4909733533859253,0.3420516848564148,0.6279087066650391,0.5521625876426697,0.8847294449806213,0.9402607679367065,0.45031335949897766,0.04264734033495188,7.039946070406586
299,1.1496052742004395,1.0825636386871338,1,0.4909733533859253,0.3420516848564148,0.6279087066650391,0.5521625876426697,0.8847294449806213,0.9402607679367065,0.45031335949897766,0.04286633711308241,7.040491504129022
300,1.1496052742004395,1.0825636386871338,1,0.4909733533859253,0.3420516848564148,0.6279087066650391,0.5521625876426697,0.8847294449806213,0.9402607679367065,0.45031335949897766,0.04308627499267459,7.040762031916529
301,1.1496052742004395,1.0825636386871338,1,0.4909733533859253,0.3420516848564148,0.6279087066650391,0.5521625876426697,0.8847294449806213,0.9402607679367065,0.45031335949897766,0.042823247611522675,7.040363115724176
302,1.1496052742004395,1.0825636386871338,1,0.4909733533859253,0.3420516848564148,0.6279087066650391,0.5521625876426697,0.8847294449806213,0.9402607679367065,0.45031335949897766,0.042807057965546846,7.041048789396882
303,1.1496052742004395,1.0825636386871338,1,0.4909733533859253,0.3420516848564148,0.6279087066650391,0.5521625876426697,0.8847294449806213,0.9402607679367065,0.45031335949897766,0.042994196992367506,7.040598443709314
304,1.1496052742004395,1.0825636386871338,1,0.4909733533859253,0.3420516848564148,0.6279087066650391,0.5521625876426697,0.8847294449806213,0.9402607679367065,0.45031335949897766,0.04280129773542285,7.03860302362591
305,1.1496052742004395,1.0825636386871338,1,0.4909733533859253,0.3420516848564148,0.6279087066650391,0.5521625876426697,0.8847294449806213,0.9402607679367065,0.45031335949897766,0.04272485012188554,7.039887052029371
306,1.1496052742004395,1.0825636386871338,1,0.4909733533859253,0.3420516848564148,0.6279087066650391,0.5521625876426697,0.8847294449806213,0.9402607679367065,0.45031335949897766,0.04259897116571665,7.041282016318291
307,1.1496052742004395,1.0825636386871338,1,0.4909733533859253,0.3420516848564148,0.6279087066650391,0.5521625876426697,0.8847294449806213,0.9402607679367065,0.45031335949897766,0.0430578556843102,7.038154759909958
308,1.1496052742004395,1.0825636386871338,1,0.4909733533859253,0.3420516848564148,0.6279087066650391,0.5521625876426697,0.8847294449806213,0.9402607679367065,0.45031335949897766,0.042425462044775486,7.038936941418797
309,1.1496052742004395,1.0825636386871338,1,0.4909733533859253,0.3420516848564148,0.6279087066650391,0.5521625876426697,0.8847294449806213,0.9402607679367065,0.45031335949897766,0.043067915830761194,7.040326836984605
310,1.1496052742004395,1.0825636386871338,1,0.4909733533859253,0.3420516848564148,0.6279087066650391,0.5521625876426697,0.8847294449806213,0.9402607679367065,0.45031335949897766,0.043027506209909916,7.036156262271106
311,1.1496052742004395,1.0825636386871338,1,0.4909733533859253,0.3420516848564148,0.6279087066650391,0.5521625876426697,0.8847294449806213,0.9402607679367065,0.45031335949897766,0.04266245011240244,7.041534101124853
312,1.1496052742004395,1.0825636386871338,1,0.4909733533859253,0.3420516848564148,0.6279087066650391,0.5521625876426697,0.8847294449806213,0.9402607679367065,0.45031335949897766,0.042842429131269455,7.0438647121191025
313,1.1496052742004395,1.0825636386871338,1,0.4909733533859253,0.3420516848564148,0.6279087066650391,0.5521625876426697,0.8847294449806213,0.9402607679367065,0.45031335949897766,0.04290580889210105,7.039618407841772
314,1.1496052742004395,1.0825636386871338,1,0.4909733533859253,0.3420516848564148,0.6279087066650391,0.5521625876426697,0.8847294449806213,0.9402607679367065,0.45031335949897766,0.04262029193341732,7.041332129854709
315,1.1496052742004395,1.0825636386871338,1,0.4909733533859253,0.3420516848564148,0.6279087066650391,0.5521625876426697,0.8847294449806213,0.9402607679367065,0.45031335949897766,0.04254829278215766,7.423112808726728
316,1.1496052742004395,1.0825636386871338,1,0.4909733533859253,0.3420516848564148,0.6279087066650391,0.5521625876426697,0.8847294449806213,0.9402607679367065,0.45031335949897766,0.04293043911457062,7.041872974019498
317,1.1496052742004395,1.0825636386871338,1,0.4909733533859253,0.3420516848564148,0.6279087066650391,0.5521625876426697,0.8847294449806213,0.9402607679367065,0.45031335949897766,0.043161006178706884,7.0413948078639805
318,1.1496052742004395,1.0825636386871338,1,0.4909733533859253,0.3420516848564148,0.6279087066650391,0.5521625876426697,0.8847294449806213,0.9402607679367065,0.45031335949897766,0.042937998194247484,7.0396505473181605
319,1.1496052742004395,1.0825636386871338,1,0.4909733533859253,0.3420516848564148,0.6279087066650391,0.5521625876426697,0.8847294449806213,0.9402607679367065,0.45031335949897766,0.042729441076517105,7.039075004402548
320,1.1496052742004395,1.0825636386871338,1,0.4909733533859253,0.3420516848564148,0.6279087066650391,0.5521625876426697,0.8847294449806213,0.9402607679367065,0.45031335949897766,0.04309465689584613,7.040566927287728
321,1.1496052742004395,1.0825636386871338,1,0.4909733533859253,0.3420516848564148,0.6279087066650391,0.5521625876426697,0.8847294449806213,0.9402607679367065,0.45031335949897766,0.04281708085909486,7.039741707034409
322,1.1496052742004395,1.0825636386871338,1,0.4909733533859253,0.3420516848564148,0.6279087066650391,0.5521625876426697,0.8847294449806213,0.9402607679367065,0.45031335949897766,0.043059566989541054,7.040578256826848
323,1.1496052742004395,1.0825636386871338,1,0.4909733533859253,0.3420516848564148,0.6279087066650391,0.5521625876426697,0.8847294449806213,0.9402607679367065,0.45031335949897766,0.04267985187470913,7.037405261769891
324,1.1496052742004395,1.0825636386871338,1,0.4909733533859253,0.3420516848564148,0.6279087066650391,0.5521625876426697,0.8847294449806213,0.9402607679367065,0.45031335949897766,0.04288402013480663,7.038170714396983
325,1.1496052742004395,1.0825636386871338,1,0.4909733533859253,0.3420516848564148,0.6279087066650391,0.5521625876426697,0.8847294449806213,0.9402607679367065,0.45031335949897766,0.04259649198502302,7.042281629052013
326,1.1496052742004395,1.0825636386871338,1,0.4909733533859253,0.3420516848564148,0.6279087066650391,0.5521625876426697,0.8847294449806213,0.9402607679367065,0.45031335949897766,0.04306176817044616,7.06624455191195
327,1.1496052742004395,1.0825636386871338,1,0.4909733533859253,0.3420516848564148,0.6279087066650391,0.5521625876426697,0.8847294449806213,0.9402607679367065,0.45031335949897766,0.04358972189947963,7.040496287867427
328,1.1496052742004395,1.0825636386871338,1,0.4909733533859253,0.3420516848564148,0.6279087066650391,0.5521625876426697,0.8847294449806213,0.9402607679367065,0.45031335949897766,0.04320029588416219,7.039695106912404
329,1.1496052742004395,1.0825636386871338,1,0.4909733533859253,0.3420516848564148,0.6279087066650391,0.5521625876426697,0.8847294449806213,0.9402607679367065,0.45031335949897766,0.04405715595930815,7.042243453208357
330,1.1496052742004395,1.0825636386871338,1,0.4909733533859253,0.3420516848564148,0.6279087066650391,0.5521625876426697,0.8847294449806213,0.9402607679367065,0.45031335949897766,0.043852549977600574,7.041549866087735
331,1.1496052742004395,1.0825636386871338,1,0.4909733533859253,0.3420516848564148,0.6279087066650391,0.5521625876426697,0.8847294449806213,0.9402607679367065,0.45031335949897766,0.0431418870575726,7.063402020838112
332,1.1496052742004395,1.0825636386871338,1,0.4909733533859253,0.3420516848564148,0.6279087066650391,0.5521625876426697,0.8847294449806213,0.9402607679367065,0.45031335949897766,0.04322338569909334,7.0393967987038195
333,1.1496052742004395,1.0825636386871338,1,0.4909733533859253,0.3420516848564148,0.6279087066650391,0.5521625876426697,0.8847294449806213,0.9402607679367065,0.45031335949897766,0.04337446438148618,7.148149891290814
334,1.1496052742004395,1.0825636386871338,1,0.4909733533859253,0.3420516848564148,0.6279087066650391,0.5521625876426697,0.8847294449806213,0.9402607679367065,0.45031335949897766,0.043496972881257534,7.042485717218369
335,1.1496052742004395,1.0825636386871338,1,0.4909733533859253,0.3420516848564148,0.6279087066650391,0.5521625876426697,0.8847294449806213,0.9402607679367065,0.45031335949897766,0.042939539067447186,7.037064224015921
336,1.1496052742004395,1.0825636386871338,1,0.4909733533859253,0.3420516848564148,0.6279087066650391,0.5521625876426697,0.8847294449806213,0.9402607679367065,0.45031335949897766,0.042825649958103895,7.0452557960525155
337,1.1496052742004395,1.0825636386871338,1,0.4909733533859253,0.3420516848564148,0.6279087066650391,0.5521625876426697,0.8847294449806213,0.9402607679367065,0.45031335949897766,0.043092486914247274,7.040346447844058
338,1.1496052742004395,1.0825636386871338,1,0.4909733533859253,0.3420516848564148,0.6279087066650391,0.5521625876426697,0.8847294449806213,0.9402607679367065,0.45031335949897766,0.0427839201875031,7.044162177015096
339,1.1496052742004395,1.0825636386871338,1,0.4909733533859253,0.3420516848564148,0.6279087066650391,0.5521625876426697,0.8847294449806213,0.9402607679367065,0.45031335949897766,0.043168406933546066,7.039398478809744
340,1.1496052742004395,1.0825636386871338,1,0.4909733533859253,0.3420516848564148,0.6279087066650391,0.5521625876426697,0.8847294449806213,0.9402607679367065,0.45031335949897766,0.04274976113811135,7.039431557990611
341,1.1496052742004395,1.0825636386871338,1,0.4909733533859253,0.3420516848564148,0.6279087066650391,0.5521625876426697,0.8847294449806213,0.9402607679367065,0.45031335949897766,0.04277533106505871,7.038507149089128
342,1.1496052742004395,1.0825636386871338,1,0.4909733533859253,0.3420516848564148,0.6279087066650391,0.5521625876426697,0.8847294449806213,0.9402607679367065,0.45031335949897766,0.04288111859932542,7.044149677734822
343,1.1496052742004395,1.0825636386871338,1,0.4909733533859253,0.3420516848564148,0.6279087066650391,0.5521625876426697,0.8847294449806213,0.9402607679367065,0.45031335949897766,0.04320249613374472,7.1668232209049165
344,1.1496052742004395,1.0825636386871338,1,0.4909733533859253,0.3420516848564148,0.6279087066650391,0.5521625876426697,0.8847294449806213,0.9402607679367065,0.45031335949897766,0.04303456796333194,7.04066301509738
345,1.1496052742004395,1.0825636386871338,1,0.4909733533859253,0.3420516848564148,0.6279087066650391,0.5521625876426697,0.8847294449806213,0.9402607679367065,0.45031335949897766,0.04284935910254717,7.040128732100129
346,1.1496052742004395,1.0825636386871338,1,0.4909733533859253,0.3420516848564148,0.6279087066650391,0.5521625876426697,0.8847294449806213,0.9402607679367065,0.45031335949897766,0.04333333391696215,7.038406040053815
347,1.1496052742004395,1.0825636386871338,1,0.4909733533859253,0.3420516848564148,0.6279087066650391,0.5521625876426697,0.8847294449806213,0.9402607679367065,0.45031335949897766,0.04285993007943034,7.038065652828664
348,1.1496052742004395,1.0825636386871338,1,0.4909733533859253,0.3420516848564148,0.6279087066650391,0.5521625876426697,0.8847294449806213,0.9402607679367065,0.45031335949897766,0.04273863323032856,7.041223271284252
349,1.1496052742004395,1.0825636386871338,1,0.4909733533859253,0.3420516848564148,0.6279087066650391,0.5521625876426697,0.8847294449806213,0.9402607679367065,0.45031335949897766,0.04258692404255271,7.046150765847415
350,1.1496052742004395,1.0825636386871338,1,0.4909733533859253,0.3420516848564148,0.6279087066650391,0.5521625876426697,0.8847294449806213,0.9402607679367065,0.45031335949897766,0.04273446276783943,7.037090166006237
351,1.1496052742004395,1.0825636386871338,1,0.4909733533859253,0.3420516848564148,0.6279087066650391,0.5521625876426697,0.8847294449806213,0.9402607679367065,0.45031335949897766,0.042675373144447803,7.040823745075613
352,1.1496052742004395,1.0825636386871338,1,0.4909733533859253,0.3420516848564148,0.6279087066650391,0.5521625876426697,0.8847294449806213,0.9402607679367065,0.45031335949897766,0.04323366703465581,7.039244461804628
353,1.1496052742004395,1.0825636386871338,1,0.4909733533859253,0.3420516848564148,0.6279087066650391,0.5521625876426697,0.8847294449806213,0.9402607679367065,0.45031335949897766,0.042854611761868,7.040683536790311
354,1.1496052742004395,1.0825636386871338,1,0.4909733533859253,0.3420516848564148,0.6279087066650391,0.5521625876426697,0.8847294449806213,0.9402607679367065,0.45031335949897766,0.04266052274033427,7.040005363058299
355,1.1496052742004395,1.0825636386871338,1,0.4909733533859253,0.3420516848564148,0.6279087066650391,0.5521625876426697,0.8847294449806213,0.9402607679367065,0.45031335949897766,0.04303954914212227,7.04001084389165
356,1.1496052742004395,1.0825636386871338,1,0.4909733533859253,0.3420516848564148,0.6279087066650391,0.5521625876426697,0.8847294449806213,0.9402607679367065,0.45031335949897766,0.0430050496943295,7.040556467603892
357,1.1496052742004395,1.0825636386871338,1,0.4909733533859253,0.3420516848564148,0.6279087066650391,0.5521625876426697,0.8847294449806213,0.9402607679367065,0.45031335949897766,0.042806162033230066,7.040316840168089
358,1.1496052742004395,1.0825636386871338,1,0.4909733533859253,0.3420516848564148,0.6279087066650391,0.5521625876426697,0.8847294449806213,0.9402607679367065,0.45031335949897766,0.042772131972014904,7.040792315267026
359,1.1496052742004395,1.0825636386871338,1,0.4909733533859253,0.3420516848564148,0.6279087066650391,0.5521625876426697,0.8847294449806213,0.9402607679367065,0.45031335949897766,0.043202587869018316,7.038671339862049
360,1.1496052742004395,1.0825636386871338,1,0.4909733533859253,0.3420516848564148,0.6279087066650391,0.5521625876426697,0.8847294449806213,0.9402607679367065,0.45031335949897766,0.043409026227891445,7.038337163161486
361,1.1496052742004395,1.0825636386871338,1,0.4909733533859253,0.3420516848564148,0.6279087066650391,0.5521625876426697,0.8847294449806213,0.9402607679367065,0.45031335949897766,0.042936600279062986,7.041192461270839
362,1.1496052742004395,1.0825636386871338,1,0.4909733533859253,0.3420516848564148,0.6279087066650391,0.5521625876426697,0.8847294449806213,0.9402607679367065,0.45031335949897766,0.04297209018841386,7.041634785942733
363,1.1496052742004395,1.0825636386871338,1,0.4909733533859253,0.3420516848564148,0.6279087066650391,0.5521625876426697,0.8847294449806213,0.9402607679367065,0.45031335949897766,0.04317361814901233,7.041570987086743
364,1.1496052742004395,1.0825636386871338,1,0.4909733533859253,0.3420516848564148,0.6279087066650391,0.5521625876426697,0.8847294449806213,0.9402607679367065,0.45031335949897766,0.04265748430043459,7.041325330268592
365,1.1496052742004395,1.0825636386871338,1,0.4909733533859253,0.3420516848564148,0.6279087066650391,0.5521625876426697,0.8847294449806213,0.9402607679367065,0.45031335949897766,0.04300040891394019,7.040382702834904
366,1.1496052742004395,1.0825636386871338,1,0.4909733533859253,0.3420516848564148,0.6279087066650391,0.5521625876426697,0.8847294449806213,0.9402607679367065,0.45031335949897766,0.04276975290849805,7.044118359219283
367,1.1496052742004395,1.0825636386871338,1,0.4909733533859253,0.3420516848564148,0.6279087066650391,0.5521625876426697,0.8847294449806213,0.9402607679367065,0.45031335949897766,0.0430851592682302,7.33178454823792
368,1.1496052742004395,1.0825636386871338,1,0.4909733533859253,0.3420516848564148,0.6279087066650391,0.5521625876426697,0.8847294449806213,0.9402607679367065,0.45031335949897766,0.04278487293049693,7.040412131231278
369,1.1496052742004395,1.0825636386871338,1,0.4909733533859253,0.3420516848564148,0.6279087066650391,0.5521625876426697,0.8847294449806213,0.9402607679367065,0.45031335949897766,0.04332108702510595,7.0384013610892
370,1.1496052742004395,1.0825636386871338,1,0.4909733533859253,0.3420516848564148,0.6279087066650391,0.5521625876426697,0.8847294449806213,0.9402607679367065,0.45031335949897766,0.04299229010939598,7.039969304110855
371,1.1496052742004395,1.0825636386871338,1,0.4909733533859253,0.3420516848564148,0.6279087066650391,0.5521625876426697,0.8847294449806213,0.9402607679367065,0.45031335949897766,0.04281938215717673,7.041510918177664
372,1.1496052742004395,1.0825636386871338,1,0.4909733533859253,0.3420516848564148,0.6279087066650391,0.5521625876426697,0.8847294449806213,0.9402607679367065,0.45031335949897766,0.043338716961443424,7.0446227439679205
373,1.1496052742004395,1.0825636386871338,1,0.4909733533859253,0.3420516848564148,0.6279087066650391,0.5521625876426697,0.8847294449806213,0.9402607679367065,0.45031335949897766,0.04324088804423809,7.041673855856061
374,1.1496052742004395,1.0825636386871338,1,0.4909733533859253,0.3420516848564148,0.6279087066650391,0.5521625876426697,0.8847294449806213,0.9402607679367065,0.45031335949897766,0.04276792285963893,7.044898250605911
375,1.1496052742004395,1.0825636386871338,1,0.4909733533859253,0.3420516848564148,0.6279087066650391,0.5521625876426697,0.8847294449806213,0.9402607679367065,0.45031335949897766,0.043220998253673315,7.0439881309866905
376,1.1496052742004395,1.0825636386871338,1,0.4909733533859253,0.3420516848564148,0.6279087066650391,0.5521625876426697,0.8847294449806213,0.9402607679367065,0.45031335949897766,0.04334565717726946,7.043093391228467
377,1.1496052742004395,1.0825636386871338,1,0.4909733533859253,0.3420516848564148,0.6279087066650391,0.5521625876426697,0.8847294449806213,0.9402607679367065,0.45031335949897766,0.04351197509095073,7.041879924014211
378,1.1496052742004395,1.0825636386871338,1,0.4909733533859253,0.3420516848564148,0.6279087066650391,0.5521625876426697,0.8847294449806213,0.9402607679367065,0.45031335949897766,0.04282234236598015,7.054120110347867
379,1.1496052742004395,1.0825636386871338,1,0.4909733533859253,0.3420516848564148,0.6279087066650391,0.5521625876426697,0.8847294449806213,0.9402607679367065,0.45031335949897766,0.04304782999679446,7.044411336071789
380,1.1496052742004395,1.0825636386871338,1,0.4909733533859253,0.3420516848564148,0.6279087066650391,0.5521625876426697,0.8847294449806213,0.9402607679367065,0.45031335949897766,0.04340212605893612,7.0420589917339385
381,1.1496052742004395,1.0825636386871338,1,0.4909733533859253,0.3420516848564148,0.6279087066650391,0.5521625876426697,0.8847294449806213,0.9402607679367065,0.45031335949897766,0.042930472176522017,7.041025303304195
382,1.1496052742004395,1.0825636386871338,1,0.4909733533859253,0.3420516848564148,0.6279087066650391,0.5521625876426697,0.8847294449806213,0.9402607679367065,0.45031335949897766,0.04310546908527613,7.040799156296998
383,1.1496052742004395,1.0825636386871338,1,0.4909733533859253,0.3420516848564148,0.6279087066650391,0.5521625876426697,0.8847294449806213,0.9402607679367065,0.45031335949897766,0.04294730070978403,7.308141095098108
384,1.1496052742004395,1.0825636386871338,1,0.4909733533859253,0.3420516848564148,0.6279087066650391,0.5521625876426697,0.8847294449806213,0.9402607679367065,0.45031335949897766,0.042569709941744804,7.039778030011803
385,1.1496052742004395,1.0825636386871338,1,0.4909733533859253,0.3420516848564148,0.6279087066650391,0.5521625876426697,0.8847294449806213,0.9402607679367065,0.45031335949897766,0.04293861612677574,7.0392130562104285
386,1.1496052742004395,1.0825636386871338,1,0.4909733533859253,0.3420516848564148,0.6279087066650391,0.5521625876426697,0.8847294449806213,0.9402607679367065,0.45031335949897766,0.0433118618093431,7.044022263027728
387,1.1496052742004395,1.0825636386871338,1,0.4909733533859253,0.3420516848564148,0.6279087066650391,0.5521625876426697,0.8847294449806213,0.9402607679367065,0.45031335949897766,0.04276453796774149,7.038781681098044
388,1.1496052742004395,1.0825636386871338,1,0.4909733533859253,0.3420516848564148,0.6279087066650391,0.5521625876426697,0.8847294449806213,0.9402607679367065,0.45031335949897766,0.04267125902697444,7.041572079993784
389,1.1496052742004395,1.0825636386871338,1,0.4909733533859253,0.3420516848564148,0.6279087066650391,0.5521625876426697,0.8847294449806213,0.9402607679367065,0.45031335949897766,0.04299851460382342,7.039340463932604
390,1.1496052742004395,1.0825636386871338,1,0.4909733533859253,0.3420516848564148,0.6279087066650391,0.5521625876426697,0.8847294449806213,0.9402607679367065,0.45031335949897766,0.042799877002835274,7.039517861790955
391,1.1496052742004395,1.0825636386871338,1,0.4909733533859253,0.3420516848564148,0.6279087066650391,0.5521625876426697,0.8847294449806213,0.9402607679367065,0.45031335949897766,0.04247716115787625,7.040155605878681
392,1.1496052742004395,1.0825636386871338,1,0.4909733533859253,0.3420516848564148,0.6279087066650391,0.5521625876426697,0.8847294449806213,0.9402607679367065,0.45031335949897766,0.042776206973940134,7.039794518612325
393,1.1496052742004395,1.0825636386871338,1,0.4909733533859253,0.3420516848564148,0.6279087066650391,0.5521625876426697,0.8847294449806213,0.9402607679367065,0.45031335949897766,0.042841117829084396,7.0385512840002775
394,1.1496052742004395,1.0825636386871338,1,0.4909733533859253,0.3420516848564148,0.6279087066650391,0.5521625876426697,0.8847294449806213,0.9402607679367065,0.45031335949897766,0.04276435915380716,7.041472852230072
395,1.1496052742004395,1.0825636386871338,1,0.4909733533859253,0.3420516848564148,0.6279087066650391,0.5521625876426697,0.8847294449806213,0.9402607679367065,0.45031335949897766,0.04328638315200806,7.04577000439167
396,1.1496052742004395,1.0825636386871338,1,0.4909733533859253,0.3420516848564148,0.6279087066650391,0.5521625876426697,0.8847294449806213,0.9402607679367065,0.45031335949897766,0.04280469799414277,7.041812407784164
397,1.1496052742004395,1.0825636386871338,1,0.4909733533859253,0.3420516848564148,0.6279087066650391,0.5521625876426697,0.8847294449806213,0.9402607679367065,0.45031335949897766,0.043036315124481916,7.0399394989944994
398,1.1496052742004395,1.0825636386871338,1,0.4909733533859253,0.3420516848564148,0.6279087066650391,0.5521625876426697,0.8847294449806213,0.9402607679367065,0.45031335949897766,0.04259491013363004,7.041332792956382
399,1.1496052742004395,1.0825636386871338,1,0.4909733533859253,0.3420516848564148,0.6279087066650391,0.5521625876426697,0.8847294449806213,0.9402607679367065,0.45031335949897766,0.04269892908632755,7.036219128873199
400,1.1496052742004395,1.0825636386871338,1,0.4909733533859253,0.3420516848564148,0.6279087066650391,0.5521625876426697,0.8847294449806213,0.9402607679367065,0.45031335949897766,0.04263653000816703,7.258451956789941
401,1.1496052742004395,1.0825636386871338,1,0.4909733533859253,0.3420516848564148,0.6279087066650391,0.5521625876426697,0.8847294449806213,0.9402607679367065,0.45031335949897766,0.042629139963537455,7.039872169028968
402,1.1496052742004395,1.0825636386871338,1,0.4909733533859253,0.3420516848564148,0.6279087066650391,0.5521625876426697,0.8847294449806213,0.9402607679367065,0.45031335949897766,0.043000774923712015,7.040796980261803
403,1.1496052742004395,1.0825636386871338,1,0.4909733533859253,0.3420516848564148,0.6279087066650391,0.5521625876426697,0.8847294449806213,0.9402607679367065,0.45031335949897766,0.04331925231963396,7.0394507623277605
404,1.1496052742004395,1.0825636386871338,1,0.4909733533859253,0.3420516848564148,0.6279087066650391,0.5521625876426697,0.8847294449806213,0.9402607679367065,0.45031335949897766,0.04265179019421339,7.041804845910519
405,1.1496052742004395,1.0825636386871338,1,0.4909733533859253,0.3420516848564148,0.6279087066650391,0.5521625876426697,0.8847294449806213,0.9402607679367065,0.45031335949897766,0.042751967906951904,7.041628408245742
406,1.1496052742004395,1.0825636386871338,1,0.4909733533859253,0.3420516848564148,0.6279087066650391,0.5521625876426697,0.8847294449806213,0.9402607679367065,0.45031335949897766,0.04311839397996664,7.041181841865182
407,1.1496052742004395,1.0825636386871338,1,0.4909733533859253,0.3420516848564148,0.6279087066650391,0.5521625876426697,0.8847294449806213,0.9402607679367065,0.45031335949897766,0.04289037687703967,7.0408266969025135
408,1.1496052742004395,1.0825636386871338,1,0.4909733533859253,0.3420516848564148,0.6279087066650391,0.5521625876426697,0.8847294449806213,0.9402607679367065,0.45031335949897766,0.04269051877781749,7.042380038648844
409,1.1496052742004395,1.0825636386871338,1,0.4909733533859253,0.3420516848564148,0.6279087066650391,0.5521625876426697,0.8847294449806213,0.9402607679367065,0.45031335949897766,0.042765248101204634,7.039484002161771
410,1.1496052742004395,1.0825636386871338,1,0.4909733533859253,0.3420516848564148,0.6279087066650391,0.5521625876426697,0.8847294449806213,0.9402607679367065,0.45031335949897766,0.04280636878684163,7.040714637842029
411,1.1496052742004395,1.0825636386871338,1,0.4909733533859253,0.3420516848564148,0.6279087066650391,0.5521625876426697,0.8847294449806213,0.9402607679367065,0.45031335949897766,0.04268788918852806,7.04292133403942
412,1.1496052742004395,1.0825636386871338,1,0.4909733533859253,0.3420516848564148,0.6279087066650391,0.5521625876426697,0.8847294449806213,0.9402607679367065,0.45031335949897766,0.04363996908068657,7.039803768042475
413,1.1496052742004395,1.0825636386871338,1,0.4909733533859253,0.3420516848564148,0.6279087066650391,0.5521625876426697,0.8847294449806213,0.9402607679367065,0.45031335949897766,0.04280410800129175,7.039689518976957
414,1.1496052742004395,1.0825636386871338,1,0.4909733533859253,0.3420516848564148,0.6279087066650391,0.5521625876426697,0.8847294449806213,0.9402607679367065,0.45031335949897766,0.0427553690969944,7.040223283693194
415,1.1496052742004395,1.0825636386871338,1,0.4909733533859253,0.3420516848564148,0.6279087066650391,0.5521625876426697,0.8847294449806213,0.9402607679367065,0.45031335949897766,0.04316590400412679,7.03925662394613
416,1.1496052742004395,1.0825636386871338,1,0.4909733533859253,0.3420516848564148,0.6279087066650391,0.5521625876426697,0.8847294449806213,0.9402607679367065,0.45031335949897766,0.04284706711769104,7.041230491828173
417,1.1496052742004395,1.0825636386871338,1,0.4909733533859253,0.3420516848564148,0.6279087066650391,0.5521625876426697,0.8847294449806213,0.9402607679367065,0.45031335949897766,0.042761547956615686,7.041056363843381
418,1.1496052742004395,1.0825636386871338,1,0.4909733533859253,0.3420516848564148,0.6279087066650391,0.5521625876426697,0.8847294449806213,0.9402607679367065,0.45031335949897766,0.04267445905134082,7.039688149001449
419,1.1496052742004395,1.0825636386871338,1,0.4909733533859253,0.3420516848564148,0.6279087066650391,0.5521625876426697,0.8847294449806213,0.9402607679367065,0.45031335949897766,0.04286467842757702,7.04017193429172
420,1.1496052742004395,1.0825636386871338,1,0.4909733533859253,0.3420516848564148,0.6279087066650391,0.5521625876426697,0.8847294449806213,0.9402607679367065,0.45031335949897766,0.04320188285782933,7.041562765836716
421,1.1496052742004395,1.0825636386871338,1,0.4909733533859253,0.3420516848564148,0.6279087066650391,0.5521625876426697,0.8847294449806213,0.9402607679367065,0.45031335949897766,0.04276481596753001,7.042902427259833
422,1.1496052742004395,1.0825636386871338,1,0.4909733533859253,0.3420516848564148,0.6279087066650391,0.5521625876426697,0.8847294449806213,0.9402607679367065,0.45031335949897766,0.042785465251654387,7.037777452263981
423,1.1496052742004395,1.0825636386871338,1,0.4909733533859253,0.3420516848564148,0.6279087066650391,0.5521625876426697,0.8847294449806213,0.9402607679367065,0.45031335949897766,0.04318539099767804,7.0436490387655795
424,1.1496052742004395,1.0825636386871338,1,0.4909733533859253,0.3420516848564148,0.6279087066650391,0.5521625876426697,0.8847294449806213,0.9402607679367065,0.45031335949897766,0.0428870040923357,7.0405225129798055
425,1.1496052742004395,1.0825636386871338,1,0.4909733533859253,0.3420516848564148,0.6279087066650391,0.5521625876426697,0.8847294449806213,0.9402607679367065,0.45031335949897766,0.04279353516176343,7.042733898386359
426,1.1496052742004395,1.0825636386871338,1,0.4909733533859253,0.3420516848564148,0.6279087066650391,0.5521625876426697,0.8847294449806213,0.9402607679367065,0.45031335949897766,0.04276525508612394,7.045182501897216
427,1.1496052742004395,1.0825636386871338,1,0.4909733533859253,0.3420516848564148,0.6279087066650391,0.5521625876426697,0.8847294449806213,0.9402607679367065,0.45031335949897766,0.042877544183284044,7.037923600990325
428,1.1496052742004395,1.0825636386871338,1,0.4909733533859253,0.3420516848564148,0.6279087066650391,0.5521625876426697,0.8847294449806213,0.9402607679367065,0.45031335949897766,0.04283898510038853,7.046532317996025
429,1.1496052742004395,1.0825636386871338,1,0.4909733533859253,0.3420516848564148,0.6279087066650391,0.5521625876426697,0.8847294449806213,0.9402607679367065,0.45031335949897766,0.04325371002778411,7.041809588670731
430,1.1496052742004395,1.0825636386871338,1,0.4909733533859253,0.3420516848564148,0.6279087066650391,0.5521625876426697,0.8847294449806213,0.9402607679367065,0.45031335949897766,0.04284116439521313,7.040212096180767
431,1.1496052742004395,1.0825636386871338,1,0.4909733533859253,0.3420516848564148,0.6279087066650391,0.5521625876426697,0.8847294449806213,0.9402607679367065,0.45031335949897766,0.042663536965847015,7.037533674854785
432,1.1496052742004395,1.0825636386871338,1,0.4909733533859253,0.3420516848564148,0.6279087066650391,0.5521625876426697,0.8847294449806213,0.9402607679367065,0.45031335949897766,0.04314688127487898,7.040890939068049
433,1.1496052742004395,1.0825636386871338,1,0.4909733533859253,0.3420516848564148,0.6279087066650391,0.5521625876426697,0.8847294449806213,0.9402607679367065,0.45031335949897766,0.04300423292443156,7.041238245088607
434,1.1496052742004395,1.0825636386871338,1,0.4909733533859253,0.3420516848564148,0.6279087066650391,0.5521625876426697,0.8847294449806213,0.9402607679367065,0.45031335949897766,0.0427163359709084,7.039204976987094
435,1.1496052742004395,1.0825636386871338,1,0.4909733533859253,0.3420516848564148,0.6279087066650391,0.5521625876426697,0.8847294449806213,0.9402607679367065,0.45031335949897766,0.04261787701398134,7.446203165687621
436,1.1496052742004395,1.0825636386871338,1,0.4909733533859253,0.3420516848564148,0.6279087066650391,0.5521625876426697,0.8847294449806213,0.9402607679367065,0.45031335949897766,0.04294179379940033,7.038452045060694
437,1.1496052742004395,1.0825636386871338,1,0.4909733533859253,0.3420516848564148,0.6279087066650391,0.5521625876426697,0.8847294449806213,0.9402607679367065,0.45031335949897766,0.043551746755838394,7.040758911054581
438,1.1496052742004395,1.0825636386871338,1,0.4909733533859253,0.3420516848564148,0.6279087066650391,0.5521625876426697,0.8847294449806213,0.9402607679367065,0.45031335949897766,0.042627306655049324,7.03693059599027
439,1.1496052742004395,1.0825636386871338,1,0.4909733533859253,0.3420516848564148,0.6279087066650391,0.5521625876426697,0.8847294449806213,0.9402607679367065,0.45031335949897766,0.04279716406017542,7.037709726020694
440,1.1496052742004395,1.0825636386871338,1,0.4909733533859253,0.3420516848564148,0.6279087066650391,0.5521625876426697,0.8847294449806213,0.9402607679367065,0.45031335949897766,0.04333898797631264,7.041772871743888
441,1.1496052742004395,1.0825636386871338,1,0.4909733533859253,0.3420516848564148,0.6279087066650391,0.5521625876426697,0.8847294449806213,0.9402607679367065,0.45031335949897766,0.042701565194875,7.0401601400226355
442,1.1496052742004395,1.0825636386871338,1,0.4909733533859253,0.3420516848564148,0.6279087066650391,0.5521625876426697,0.8847294449806213,0.9402607679367065,0.45031335949897766,0.04305308125913143,7.041823381092399
443,1.1496052742004395,1.0825636386871338,1,0.4909733533859253,0.3420516848564148,0.6279087066650391,0.5521625876426697,0.8847294449806213,0.9402607679367065,0.45031335949897766,0.04274566378444433,7.04057461488992
444,1.1496052742004395,1.0825636386871338,1,0.4909733533859253,0.3420516848564148,0.6279087066650391,0.5521625876426697,0.8847294449806213,0.9402607679367065,0.45031335949897766,0.04263325501233339,7.038151241373271
445,1.1496052742004395,1.0825636386871338,1,0.4909733533859253,0.3420516848564148,0.6279087066650391,0.5521625876426697,0.8847294449806213,0.9402607679367065,0.45031335949897766,0.04286317294463515,7.03993935091421
446,1.1496052742004395,1.0825636386871338,1,0.4909733533859253,0.3420516848564148,0.6279087066650391,0.5521625876426697,0.8847294449806213,0.9402607679367065,0.45031335949897766,0.04331108881160617,7.039069230668247
447,1.1496052742004395,1.0825636386871338,1,0.4909733533859253,0.3420516848564148,0.6279087066650391,0.5521625876426697,0.8847294449806213,0.9402607679367065,0.45031335949897766,0.043016442097723484,7.0429631089791656
448,1.1496052742004395,1.0825636386871338,1,0.4909733533859253,0.3420516848564148,0.6279087066650391,0.5521625876426697,0.8847294449806213,0.9402607679367065,0.45031335949897766,0.04286150261759758,7.039917821995914
449,1.1496052742004395,1.0825636386871338,1,0.4909733533859253,0.3420516848564148,0.6279087066650391,0.5521625876426697,0.8847294449806213,0.9402607679367065,0.45031335949897766,0.04295064229518175,7.039709493983537
450,1.1496052742004395,1.0825636386871338,1,0.4909733533859253,0.3420516848564148,0.6279087066650391,0.5521625876426697,0.8847294449806213,0.9402607679367065,0.45031335949897766,0.04281330294907093,7.039974030572921
451,1.1496052742004395,1.0825636386871338,1,0.4909733533859253,0.3420516848564148,0.6279087066650391,0.5521625876426697,0.8847294449806213,0.9402607679367065,0.45031335949897766,0.04266047524288297,7.0405732351355255
452,1.1496052742004395,1.0825636386871338,1,0.4909733533859253,0.3420516848564148,0.6279087066650391,0.5521625876426697,0.8847294449806213,0.9402607679367065,0.45031335949897766,0.04258846631273627,7.039825603365898
453,1.1496052742004395,1.0825636386871338,1,0.4909733533859253,0.3420516848564148,0.6279087066650391,0.5521625876426697,0.8847294449806213,0.9402607679367065,0.45031335949897766,0.04288028320297599,7.036211241967976
454,1.1496052742004395,1.0825636386871338,1,0.4909733533859253,0.3420516848564148,0.6279087066650391,0.5521625876426697,0.8847294449806213,0.9402607679367065,0.45031335949897766,0.042797334026545286,7.038851122837514
455,1.1496052742004395,1.0825636386871338,1,0.4909733533859253,0.3420516848564148,0.6279087066650391,0.5521625876426697,0.8847294449806213,0.9402607679367065,0.45031335949897766,0.043106270022690296,7.038088821806014
456,1.1496052742004395,1.0825636386871338,1,0.4909733533859253,0.3420516848564148,0.6279087066650391,0.5521625876426697,0.8847294449806213,0.9402607679367065,0.45031335949897766,0.042658804915845394,7.039319067727774
457,1.1496052742004395,1.0825636386871338,1,0.4909733533859253,0.3420516848564148,0.6279087066650391,0.5521625876426697,0.8847294449806213,0.9402607679367065,0.45031335949897766,0.04261908587068319,7.038138221949339
458,1.1496052742004395,1.0825636386871338,1,0.4909733533859253,0.3420516848564148,0.6279087066650391,0.5521625876426697,0.8847294449806213,0.9402607679367065,0.45031335949897766,0.04293292388319969,7.042091028764844
459,1.1496052742004395,1.0825636386871338,1,0.4909733533859253,0.3420516848564148,0.6279087066650391,0.5521625876426697,0.8847294449806213,0.9402607679367065,0.45031335949897766,0.04276931565254927,7.042938759084791
460,1.1496052742004395,1.0825636386871338,1,0.4909733533859253,0.3420516848564148,0.6279087066650391,0.5521625876426697,0.8847294449806213,0.9402607679367065,0.45031335949897766,0.04262901796028018,7.038009223993868
461,1.1496052742004395,1.0825636386871338,1,0.4909733533859253,0.3420516848564148,0.6279087066650391,0.5521625876426697,0.8847294449806213,0.9402607679367065,0.45031335949897766,0.04250556044280529,7.041297968011349
462,1.1496052742004395,1.0825636386871338,1,0.4909733533859253,0.3420516848564148,0.6279087066650391,0.5521625876426697,0.8847294449806213,0.9402607679367065,0.45031335949897766,0.04275076696649194,7.041693743783981
463,1.1496052742004395,1.0825636386871338,1,0.4909733533859253,0.3420516848564148,0.6279087066650391,0.5521625876426697,0.8847294449806213,0.9402607679367065,0.45031335949897766,0.043023043777793646,7.039802393876016
464,1.1496052742004395,1.0825636386871338,1,0.4909733533859253,0.3420516848564148,0.6279087066650391,0.5521625876426697,0.8847294449806213,0.9402607679367065,0.45031335949897766,0.04262388776987791,7.037576517555863
465,1.1496052742004395,1.0825636386871338,1,0.4909733533859253,0.3420516848564148,0.6279087066650391,0.5521625876426697,0.8847294449806213,0.9402607679367065,0.45031335949897766,0.042986573185771704,7.0405350853689015
466,1.1496052742004395,1.0825636386871338,1,0.4909733533859253,0.3420516848564148,0.6279087066650391,0.5521625876426697,0.8847294449806213,0.9402607679367065,0.45031335949897766,0.04310280317440629,7.038245351053774
467,1.1496052742004395,1.0825636386871338,1,0.4909733533859253,0.3420516848564148,0.6279087066650391,0.5521625876426697,0.8847294449806213,0.9402607679367065,0.45031335949897766,0.04264936689287424,7.040210528764874
468,1.1496052742004395,1.0825636386871338,1,0.4909733533859253,0.3420516848564148,0.6279087066650391,0.5521625876426697,0.8847294449806213,0.9402607679367065,0.45031335949897766,0.04283700603991747,7.042394055984914
469,1.1496052742004395,1.0825636386871338,1,0.4909733533859253,0.3420516848564148,0.6279087066650391,0.5521625876426697,0.8847294449806213,0.9402607679367065,0.45031335949897766,0.04263449786230922,7.041919661220163
470,1.1496052742004395,1.0825636386871338,1,0.4909733533859253,0.3420516848564148,0.6279087066650391,0.5521625876426697,0.8847294449806213,0.9402607679367065,0.45031335949897766,0.04275735700502992,7.046078796032816
471,1.1496052742004395,1.0825636386871338,1,0.4909733533859253,0.3420516848564148,0.6279087066650391,0.5521625876426697,0.8847294449806213,0.9402607679367065,0.45031335949897766,0.042773216031491756,7.042927179951221
472,1.1496052742004395,1.0825636386871338,1,0.4909733533859253,0.3420516848564148,0.6279087066650391,0.5521625876426697,0.8847294449806213,0.9402607679367065,0.45031335949897766,0.04304573405534029,7.041334678418934
473,1.1496052742004395,1.0825636386871338,1,0.4909733533859253,0.3420516848564148,0.6279087066650391,0.5521625876426697,0.8847294449806213,0.9402607679367065,0.45031335949897766,0.04280353570356965,7.042748602107167
474,1.1496052742004395,1.0825636386871338,1,0.4909733533859253,0.3420516848564148,0.6279087066650391,0.5521625876426697,0.8847294449806213,0.9402607679367065,0.45031335949897766,0.04270889703184366,7.04129889793694
475,1.1496052742004395,1.0825636386871338,1,0.4909733533859253,0.3420516848564148,0.6279087066650391,0.5521625876426697,0.8847294449806213,0.9402607679367065,0.45031335949897766,0.04309858288615942,7.039401745889336
476,1.1496052742004395,1.0825636386871338,1,0.4909733533859253,0.3420516848564148,0.6279087066650391,0.5521625876426697,0.8847294449806213,0.9402607679367065,0.45031335949897766,0.04276020033285022,7.040983433369547
477,1.1496052742004395,1.0825636386871338,1,0.4909733533859253,0.3420516848564148,0.6279087066650391,0.5521625876426697,0.8847294449806213,0.9402607679367065,0.45031335949897766,0.04272374976426363,7.042734913993627
478,1.1496052742004395,1.0825636386871338,1,0.4909733533859253,0.3420516848564148,0.6279087066650391,0.5521625876426697,0.8847294449806213,0.9402607679367065,0.45031335949897766,0.04264449095353484,7.03911704197526
479,1.1496052742004395,1.0825636386871338,1,0.4909733533859253,0.3420516848564148,0.6279087066650391,0.5521625876426697,0.8847294449806213,0.9402607679367065,0.45031335949897766,0.04290140839293599,7.040759215131402
480,1.1496052742004395,1.0825636386871338,1,0.4909733533859253,0.3420516848564148,0.6279087066650391,0.5521625876426697,0.8847294449806213,0.9402607679367065,0.45031335949897766,0.04346693307161331,7.040687276050448
481,1.1496052742004395,1.0825636386871338,1,0.4909733533859253,0.3420516848564148,0.6279087066650391,0.5521625876426697,0.8847294449806213,0.9402607679367065,0.45031335949897766,0.04273278033360839,7.0391311519779265
482,1.1496052742004395,1.0825636386871338,1,0.4909733533859253,0.3420516848564148,0.6279087066650391,0.5521625876426697,0.8847294449806213,0.9402607679367065,0.45031335949897766,0.04271465027704835,7.041092101018876
483,1.1496052742004395,1.0825636386871338,1,0.4909733533859253,0.3420516848564148,0.6279087066650391,0.5521625876426697,0.8847294449806213,0.9402607679367065,0.45031335949897766,0.043230575043708086,7.037881524767727
484,1.1496052742004395,1.0825636386871338,1,0.4909733533859253,0.3420516848564148,0.6279087066650391,0.5521625876426697,0.8847294449806213,0.9402607679367065,0.45031335949897766,0.04256755067035556,7.039176080841571
485,1.1496052742004395,1.0825636386871338,1,0.4909733533859253,0.3420516848564148,0.6279087066650391,0.5521625876426697,0.8847294449806213,0.9402607679367065,0.45031335949897766,0.04287239769473672,7.040853313636035
486,1.1496052742004395,1.0825636386871338,1,0.4909733533859253,0.3420516848564148,0.6279087066650391,0.5521625876426697,0.8847294449806213,0.9402607679367065,0.45031335949897766,0.04272131994366646,7.042920163366944
487,1.1496052742004395,1.0825636386871338,1,0.4909733533859253,0.3420516848564148,0.6279087066650391,0.5521625876426697,0.8847294449806213,0.9402607679367065,0.45031335949897766,0.042519592214375734,7.040337650105357
488,1.1496052742004395,1.0825636386871338,1,0.4909733533859253,0.3420516848564148,0.6279087066650391,0.5521625876426697,0.8847294449806213,0.9402607679367065,0.45031335949897766,0.04306185618042946,7.043333957903087
489,1.1496052742004395,1.0825636386871338,1,0.4909733533859253,0.3420516848564148,0.6279087066650391,0.5521625876426697,0.8847294449806213,0.9402607679367065,0.45031335949897766,0.043104926124215126,7.042419638019055
490,1.1496052742004395,1.0825636386871338,1,0.4909733533859253,0.3420516848564148,0.6279087066650391,0.5521625876426697,0.8847294449806213,0.9402607679367065,0.45031335949897766,0.04291222803294659,7.0385470082983375
491,1.1496052742004395,1.0825636386871338,1,0.4909733533859253,0.3420516848564148,0.6279087066650391,0.5521625876426697,0.8847294449806213,0.9402607679367065,0.45031335949897766,0.04253174318000674,7.038972144015133
492,1.1496052742004395,1.0825636386871338,1,0.4909733533859253,0.3420516848564148,0.6279087066650391,0.5521625876426697,0.8847294449806213,0.9402607679367065,0.45031335949897766,0.043013287242501974,7.039531827904284
493,1.1496052742004395,1.0825636386871338,1,0.4909733533859253,0.3420516848564148,0.6279087066650391,0.5521625876426697,0.8847294449806213,0.9402607679367065,0.45031335949897766,0.04290104890242219,7.037747226189822
494,1.1496052742004395,1.0825636386871338,1,0.4909733533859253,0.3420516848564148,0.6279087066650391,0.5521625876426697,0.8847294449806213,0.9402607679367065,0.45031335949897766,0.042663910891860723,7.042898104991764
495,1.1496052742004395,1.0825636386871338,1,0.4909733533859253,0.3420516848564148,0.6279087066650391,0.5521625876426697,0.8847294449806213,0.9402607679367065,0.45031335949897766,0.0426845271140337,7.039855229202658
496,1.1496052742004395,1.0825636386871338,1,0.4909733533859253,0.3420516848564148,0.6279087066650391,0.5521625876426697,0.8847294449806213,0.9402607679367065,0.45031335949897766,0.04278861731290817,7.039685330353677
497,1.1496052742004395,1.0825636386871338,1,0.4909733533859253,0.3420516848564148,0.6279087066650391,0.5521625876426697,0.8847294449806213,0.9402607679367065,0.45031335949897766,0.04290732508525252,7.042826127260923
498,1.1496052742004395,1.0825636386871338,1,0.4909733533859253,0.3420516848564148,0.6279087066650391,0.5521625876426697,0.8847294449806213,0.9402607679367065,0.45031335949897766,0.04316255310550332,7.045910925138742
499,1.1496052742004395,1.0825636386871338,1,0.4909733533859253,0.3420516848564148,0.6279087066650391,0.5521625876426697,0.8847294449806213,0.9402607679367065,0.45031335949897766,0.04272907692939043,7.04026601370424
