iteration,loss,lengthscale,outputscale,likelyhood_noise,test_MAE,test_NLL,test_PICP50,test_PICP90,test_PICP95,test_RMSE,it_time_training,it_time
0,1.1926493644714355,0.9800810217857361,1,0.6633532047271729,0.36961740255355835,0.6752269864082336,0.5452183485031128,0.9191060066223145,0.9774195551872253,0.4684728682041168,0.27606786601245403,0.714494985062629
1,1.1891632080078125,0.9680490493774414,1,0.5416816473007202,0.367605060338974,0.6616332530975342,0.5117155909538269,0.8853503465652466,0.9455264806747437,0.4663011431694031,0.014925825875252485,0.06389342295005918
2,1.1822060346603394,0.958889901638031,1,0.5528788566589355,0.3669240176677704,0.6602004170417786,0.517970085144043,0.8894892930984497,0.9486767053604126,0.46550533175468445,0.01695631630718708,0.06388179305940866
3,1.1807620525360107,0.9545448422431946,1,0.5925709009170532,0.35281801223754883,0.6456027030944824,0.5717077851295471,0.9027799963951111,0.9588401913642883,0.4555548429489136,0.014897715765982866,0.06102196080610156
4,1.168503999710083,1.0263304710388184,1,0.5931675434112549,0.3417688012123108,0.6352943778038025,0.5913219451904297,0.9083906412124634,0.9601508378982544,0.448752224445343,0.022736500948667526,0.058190939016640186
5,1.1631380319595337,1.1053853034973145,1,0.5590293407440186,0.34095287322998047,0.6298969984054565,0.5835268497467041,0.900089681148529,0.9539194107055664,0.4482380151748657,0.012576418928802013,0.04350620973855257
6,1.1597765684127808,1.2106308937072754,1,0.5083139538764954,0.34191733598709106,0.6268145442008972,0.565131425857544,0.8840166330337524,0.9413414597511292,0.4489443898200989,0.011434738989919424,0.041521398816257715
7,1.1580414772033691,1.2113274335861206,1,0.5151830315589905,0.3412325084209442,0.626314103603363,0.5698452591896057,0.8868219256401062,0.9438938498497009,0.4484659433364868,0.012232971843332052,0.042475389782339334
8,1.157949686050415,1.213115930557251,1,0.5160208344459534,0.34144657850265503,0.6265816688537598,0.5692703723907471,0.8870518803596497,0.9441927671432495,0.44861337542533875,0.012001154012978077,0.042525040451437235
9,1.1579357385635376,1.2392319440841675,1,0.5173588991165161,0.3418805003166199,0.6270618438720703,0.568488597869873,0.8874198198318481,0.9446296691894531,0.44891729950904846,0.012373100966215134,0.04191244626417756
10,1.1579008102416992,1.2719483375549316,1,0.5187028646469116,0.34210407733917236,0.6273025870323181,0.5685805678367615,0.8877187371253967,0.9452045559883118,0.4490753710269928,0.011800566222518682,0.04171100724488497
11,1.1578834056854248,1.2780667543411255,1,0.518820583820343,0.3421066105365753,0.6272966861724854,0.5686725378036499,0.8877187371253967,0.9451355338096619,0.4490765631198883,0.01216012192890048,0.0420567337423563
12,1.1578823328018188,1.2780667543411255,1,0.518820583820343,0.3421066105365753,0.6272966861724854,0.5686725378036499,0.8877187371253967,0.9451355338096619,0.4490765631198883,0.034638235811144114,0.06434450903907418
13,1.1578823328018188,1.2780667543411255,1,0.518820583820343,0.3421066105365753,0.6272966861724854,0.5686725378036499,0.8877187371253967,0.9451355338096619,0.4490765631198883,0.03670782595872879,0.06662092683836818
14,1.1578823328018188,1.2780667543411255,1,0.518820583820343,0.3421066105365753,0.6272966861724854,0.5686725378036499,0.8877187371253967,0.9451355338096619,0.4490765631198883,0.033291478641331196,0.06319622090086341
15,1.1578823328018188,1.2780667543411255,1,0.518820583820343,0.3421066105365753,0.6272966861724854,0.5686725378036499,0.8877187371253967,0.9451355338096619,0.4490765631198883,0.033762463834136724,0.06377982487902045
16,1.1578823328018188,1.2780667543411255,1,0.518820583820343,0.3421066105365753,0.6272966861724854,0.5686725378036499,0.8877187371253967,0.9451355338096619,0.4490765631198883,0.034255159087479115,0.06435316940769553
17,1.1578823328018188,1.2780667543411255,1,0.518820583820343,0.3421066105365753,0.6272966861724854,0.5686725378036499,0.8877187371253967,0.9451355338096619,0.4490765631198883,0.03506922069936991,0.06505316169932485
18,1.1578823328018188,1.2780667543411255,1,0.518820583820343,0.3421066105365753,0.6272966861724854,0.5686725378036499,0.8877187371253967,0.9451355338096619,0.4490765631198883,0.03380471421405673,0.06381179392337799
19,1.1578823328018188,1.2780667543411255,1,0.518820583820343,0.3421066105365753,0.6272966861724854,0.5686725378036499,0.8877187371253967,0.9451355338096619,0.4490765631198883,0.035310239996761084,0.06536471005529165
20,1.1578823328018188,1.2780667543411255,1,0.518820583820343,0.3421066105365753,0.6272966861724854,0.5686725378036499,0.8877187371253967,0.9451355338096619,0.4490765631198883,0.03442104812711477,0.06417730124667287
21,1.1578823328018188,1.2780667543411255,1,0.518820583820343,0.3421066105365753,0.6272966861724854,0.5686725378036499,0.8877187371253967,0.9451355338096619,0.4490765631198883,0.0355841270647943,0.06550243776291609
22,1.1578823328018188,1.2780667543411255,1,0.518820583820343,0.3421066105365753,0.6272966861724854,0.5686725378036499,0.8877187371253967,0.9451355338096619,0.4490765631198883,0.033568636048585176,0.06332581909373403
23,1.1578823328018188,1.2780667543411255,1,0.518820583820343,0.3421066105365753,0.6272966861724854,0.5686725378036499,0.8877187371253967,0.9451355338096619,0.4490765631198883,0.03649334795773029,0.06665784725919366
24,1.1578823328018188,1.2780667543411255,1,0.518820583820343,0.3421066105365753,0.6272966861724854,0.5686725378036499,0.8877187371253967,0.9451355338096619,0.4490765631198883,0.034896972589194775,0.0648359339684248
25,1.1578823328018188,1.2780667543411255,1,0.518820583820343,0.3421066105365753,0.6272966861724854,0.5686725378036499,0.8877187371253967,0.9451355338096619,0.4490765631198883,0.036576836835592985,0.06664344714954495
26,1.1578823328018188,1.2780667543411255,1,0.518820583820343,0.3421066105365753,0.6272966861724854,0.5686725378036499,0.8877187371253967,0.9451355338096619,0.4490765631198883,0.03300824202597141,0.06246995693072677
27,1.1578823328018188,1.2780667543411255,1,0.518820583820343,0.3421066105365753,0.6272966861724854,0.5686725378036499,0.8877187371253967,0.9451355338096619,0.4490765631198883,0.03266509482637048,0.06276872381567955
28,1.1578823328018188,1.2780667543411255,1,0.518820583820343,0.3421066105365753,0.6272966861724854,0.5686725378036499,0.8877187371253967,0.9451355338096619,0.4490765631198883,0.03467217506840825,0.0644620880484581
29,1.1578823328018188,1.2780667543411255,1,0.518820583820343,0.3421066105365753,0.6272966861724854,0.5686725378036499,0.8877187371253967,0.9451355338096619,0.4490765631198883,0.03718209080398083,0.06684960471466184
30,1.1578823328018188,1.2780667543411255,1,0.518820583820343,0.3421066105365753,0.6272966861724854,0.5686725378036499,0.8877187371253967,0.9451355338096619,0.4490765631198883,0.03237499762326479,0.06194103276357055
31,1.1578823328018188,1.2780667543411255,1,0.518820583820343,0.3421066105365753,0.6272966861724854,0.5686725378036499,0.8877187371253967,0.9451355338096619,0.4490765631198883,0.035539496690034866,0.06509345071390271
32,1.1578823328018188,1.2780667543411255,1,0.518820583820343,0.3421066105365753,0.6272966861724854,0.5686725378036499,0.8877187371253967,0.9451355338096619,0.4490765631198883,0.033260068856179714,0.06326847895979881
33,1.1578823328018188,1.2780667543411255,1,0.518820583820343,0.3421066105365753,0.6272966861724854,0.5686725378036499,0.8877187371253967,0.9451355338096619,0.4490765631198883,0.03383841319009662,0.0643994277343154
34,1.1578823328018188,1.2780667543411255,1,0.518820583820343,0.3421066105365753,0.6272966861724854,0.5686725378036499,0.8877187371253967,0.9451355338096619,0.4490765631198883,0.03374705417081714,0.06316407024860382
35,1.1578823328018188,1.2780667543411255,1,0.518820583820343,0.3421066105365753,0.6272966861724854,0.5686725378036499,0.8877187371253967,0.9451355338096619,0.4490765631198883,0.033361177891492844,0.0633750082924962
36,1.1578823328018188,1.2780667543411255,1,0.518820583820343,0.3421066105365753,0.6272966861724854,0.5686725378036499,0.8877187371253967,0.9451355338096619,0.4490765631198883,0.035649726167321205,0.0650193733163178
37,1.1578823328018188,1.2780667543411255,1,0.518820583820343,0.3421066105365753,0.6272966861724854,0.5686725378036499,0.8877187371253967,0.9451355338096619,0.4490765631198883,0.0324769071303308,0.06288938317447901
38,1.1578823328018188,1.2780667543411255,1,0.518820583820343,0.3421066105365753,0.6272966861724854,0.5686725378036499,0.8877187371253967,0.9451355338096619,0.4490765631198883,0.03649252699688077,0.06633793003857136
39,1.1578823328018188,1.2780667543411255,1,0.518820583820343,0.3421066105365753,0.6272966861724854,0.5686725378036499,0.8877187371253967,0.9451355338096619,0.4490765631198883,0.03346795728430152,0.06374517502263188
40,1.1578823328018188,1.2780667543411255,1,0.518820583820343,0.3421066105365753,0.6272966861724854,0.5686725378036499,0.8877187371253967,0.9451355338096619,0.4490765631198883,0.03743387805297971,0.06753838807344437
41,1.1578823328018188,1.2780667543411255,1,0.518820583820343,0.3421066105365753,0.6272966861724854,0.5686725378036499,0.8877187371253967,0.9451355338096619,0.4490765631198883,0.03442831709980965,0.06368259526789188
42,1.1578823328018188,1.2780667543411255,1,0.518820583820343,0.3421066105365753,0.6272966861724854,0.5686725378036499,0.8877187371253967,0.9451355338096619,0.4490765631198883,0.03417937969788909,0.06394172180444002
43,1.1578823328018188,1.2780667543411255,1,0.518820583820343,0.3421066105365753,0.6272966861724854,0.5686725378036499,0.8877187371253967,0.9451355338096619,0.4490765631198883,0.03281513275578618,0.06318375002592802
44,1.1578823328018188,1.2780667543411255,1,0.518820583820343,0.3421066105365753,0.6272966861724854,0.5686725378036499,0.8877187371253967,0.9451355338096619,0.4490765631198883,0.03600164316594601,0.06679637590423226
45,1.1578823328018188,1.2780667543411255,1,0.518820583820343,0.3421066105365753,0.6272966861724854,0.5686725378036499,0.8877187371253967,0.9451355338096619,0.4490765631198883,0.03429904906079173,0.06421933975070715
46,1.1578823328018188,1.2780667543411255,1,0.518820583820343,0.3421066105365753,0.6272966861724854,0.5686725378036499,0.8877187371253967,0.9451355338096619,0.4490765631198883,0.034900872968137264,0.06447922717779875
47,1.1578823328018188,1.2780667543411255,1,0.518820583820343,0.3421066105365753,0.6272966861724854,0.5686725378036499,0.8877187371253967,0.9451355338096619,0.4490765631198883,0.032696585170924664,0.06214257096871734
48,1.1578823328018188,1.2780667543411255,1,0.518820583820343,0.3421066105365753,0.6272966861724854,0.5686725378036499,0.8877187371253967,0.9451355338096619,0.4490765631198883,0.035906093660742044,0.06536542996764183
49,1.1578823328018188,1.2780667543411255,1,0.518820583820343,0.3421066105365753,0.6272966861724854,0.5686725378036499,0.8877187371253967,0.9451355338096619,0.4490765631198883,0.03238383820280433,0.062076181173324585
50,1.1578823328018188,1.2780667543411255,1,0.518820583820343,0.3421066105365753,0.6272966861724854,0.5686725378036499,0.8877187371253967,0.9451355338096619,0.4490765631198883,0.03591406298801303,0.06609373213723302
51,1.1578823328018188,1.2780667543411255,1,0.518820583820343,0.3421066105365753,0.6272966861724854,0.5686725378036499,0.8877187371253967,0.9451355338096619,0.4490765631198883,0.03328381897881627,0.06299745291471481
52,1.1578823328018188,1.2780667543411255,1,0.518820583820343,0.3421066105365753,0.6272966861724854,0.5686725378036499,0.8877187371253967,0.9451355338096619,0.4490765631198883,0.03437806898728013,0.06484649516642094
53,1.1578823328018188,1.2780667543411255,1,0.518820583820343,0.3421066105365753,0.6272966861724854,0.5686725378036499,0.8877187371253967,0.9451355338096619,0.4490765631198883,0.034344108775258064,0.0640003327280283
54,1.1578823328018188,1.2780667543411255,1,0.518820583820343,0.3421066105365753,0.6272966861724854,0.5686725378036499,0.8877187371253967,0.9451355338096619,0.4490765631198883,0.03324273880571127,0.06320331012830138
55,1.1578823328018188,1.2780667543411255,1,0.518820583820343,0.3421066105365753,0.6272966861724854,0.5686725378036499,0.8877187371253967,0.9451355338096619,0.4490765631198883,0.03416654001921415,0.06365527585148811
56,1.1578823328018188,1.2780667543411255,1,0.518820583820343,0.3421066105365753,0.6272966861724854,0.5686725378036499,0.8877187371253967,0.9451355338096619,0.4490765631198883,0.03339553717523813,0.06374457385390997
57,1.1578823328018188,1.2780667543411255,1,0.518820583820343,0.3421066105365753,0.6272966861724854,0.5686725378036499,0.8877187371253967,0.9451355338096619,0.4490765631198883,0.036183611024171114,0.0662032812833786
58,1.1578823328018188,1.2780667543411255,1,0.518820583820343,0.3421066105365753,0.6272966861724854,0.5686725378036499,0.8877187371253967,0.9451355338096619,0.4490765631198883,0.03401243221014738,0.06430013012140989
59,1.1578823328018188,1.2780667543411255,1,0.518820583820343,0.3421066105365753,0.6272966861724854,0.5686725378036499,0.8877187371253967,0.9451355338096619,0.4490765631198883,0.03338498808443546,0.06289509311318398
60,1.1578823328018188,1.2780667543411255,1,0.518820583820343,0.3421066105365753,0.6272966861724854,0.5686725378036499,0.8877187371253967,0.9451355338096619,0.4490765631198883,0.0328386127948761,0.06222334876656532
61,1.1578823328018188,1.2780667543411255,1,0.518820583820343,0.3421066105365753,0.6272966861724854,0.5686725378036499,0.8877187371253967,0.9451355338096619,0.4490765631198883,0.034451987594366074,0.06379127502441406
62,1.1578823328018188,1.2780667543411255,1,0.518820583820343,0.3421066105365753,0.6272966861724854,0.5686725378036499,0.8877187371253967,0.9451355338096619,0.4490765631198883,0.03354914579540491,0.06298579182475805
63,1.1578823328018188,1.2780667543411255,1,0.518820583820343,0.3421066105365753,0.6272966861724854,0.5686725378036499,0.8877187371253967,0.9451355338096619,0.4490765631198883,0.03683821437880397,0.06646253913640976
64,1.1578823328018188,1.2780667543411255,1,0.518820583820343,0.3421066105365753,0.6272966861724854,0.5686725378036499,0.8877187371253967,0.9451355338096619,0.4490765631198883,0.03608421189710498,0.06533806025981903
65,1.1578823328018188,1.2780667543411255,1,0.518820583820343,0.3421066105365753,0.6272966861724854,0.5686725378036499,0.8877187371253967,0.9451355338096619,0.4490765631198883,0.03893122402951121,0.0691753919236362
66,1.1578823328018188,1.2780667543411255,1,0.518820583820343,0.3421066105365753,0.6272966861724854,0.5686725378036499,0.8877187371253967,0.9451355338096619,0.4490765631198883,0.0351478005759418,0.06462948583066463
67,1.1578823328018188,1.2780667543411255,1,0.518820583820343,0.3421066105365753,0.6272966861724854,0.5686725378036499,0.8877187371253967,0.9451355338096619,0.4490765631198883,0.03952654870226979,0.06927421176806092
68,1.1578823328018188,1.2780667543411255,1,0.518820583820343,0.3421066105365753,0.6272966861724854,0.5686725378036499,0.8877187371253967,0.9451355338096619,0.4490765631198883,0.03605901310220361,0.06539287883788347
69,1.1578823328018188,1.2780667543411255,1,0.518820583820343,0.3421066105365753,0.6272966861724854,0.5686725378036499,0.8877187371253967,0.9451355338096619,0.4490765631198883,0.037936233915388584,0.06788257462903857
70,1.1578823328018188,1.2780667543411255,1,0.518820583820343,0.3421066105365753,0.6272966861724854,0.5686725378036499,0.8877187371253967,0.9451355338096619,0.4490765631198883,0.03533362923189998,0.06496141292154789
71,1.1578823328018188,1.2780667543411255,1,0.518820583820343,0.3421066105365753,0.6272966861724854,0.5686725378036499,0.8877187371253967,0.9451355338096619,0.4490765631198883,0.03937841020524502,0.06920096324756742
72,1.1578823328018188,1.2780667543411255,1,0.518820583820343,0.3421066105365753,0.6272966861724854,0.5686725378036499,0.8877187371253967,0.9451355338096619,0.4490765631198883,0.033752964809536934,0.06366762612015009
73,1.1578823328018188,1.2780667543411255,1,0.518820583820343,0.3421066105365753,0.6272966861724854,0.5686725378036499,0.8877187371253967,0.9451355338096619,0.4490765631198883,0.03920321073383093,0.07015041261911392
74,1.1578823328018188,1.2780667543411255,1,0.518820583820343,0.3421066105365753,0.6272966861724854,0.5686725378036499,0.8877187371253967,0.9451355338096619,0.4490765631198883,0.035632455721497536,0.06513997074216604
75,1.1578823328018188,1.2780667543411255,1,0.518820583820343,0.3421066105365753,0.6272966861724854,0.5686725378036499,0.8877187371253967,0.9451355338096619,0.4490765631198883,0.03630339913070202,0.06724963104352355
76,1.1578823328018188,1.2780667543411255,1,0.518820583820343,0.3421066105365753,0.6272966861724854,0.5686725378036499,0.8877187371253967,0.9451355338096619,0.4490765631198883,0.035865313839167356,0.06550440797582269
77,1.1578823328018188,1.2780667543411255,1,0.518820583820343,0.3421066105365753,0.6272966861724854,0.5686725378036499,0.8877187371253967,0.9451355338096619,0.4490765631198883,0.036002101842314005,0.06635346915572882
78,1.1578823328018188,1.2780667543411255,1,0.518820583820343,0.3421066105365753,0.6272966861724854,0.5686725378036499,0.8877187371253967,0.9451355338096619,0.4490765631198883,0.03558638598769903,0.06515105068683624
79,1.1578823328018188,1.2780667543411255,1,0.518820583820343,0.3421066105365753,0.6272966861724854,0.5686725378036499,0.8877187371253967,0.9451355338096619,0.4490765631198883,0.03382708318531513,0.06363978609442711
80,1.1578823328018188,1.2780667543411255,1,0.518820583820343,0.3421066105365753,0.6272966861724854,0.5686725378036499,0.8877187371253967,0.9451355338096619,0.4490765631198883,0.035034311935305595,0.06446848809719086
81,1.1578823328018188,1.2780667543411255,1,0.518820583820343,0.3421066105365753,0.6272966861724854,0.5686725378036499,0.8877187371253967,0.9451355338096619,0.4490765631198883,0.03262650500983,0.06281461380422115
82,1.1578823328018188,1.2780667543411255,1,0.518820583820343,0.3421066105365753,0.6272966861724854,0.5686725378036499,0.8877187371253967,0.9451355338096619,0.4490765631198883,0.03315922012552619,0.0653636590577662
83,1.1578823328018188,1.2780667543411255,1,0.518820583820343,0.3421066105365753,0.6272966861724854,0.5686725378036499,0.8877187371253967,0.9451355338096619,0.4490765631198883,0.032652024645358324,0.06262258579954505
84,1.1578823328018188,1.2780667543411255,1,0.518820583820343,0.3421066105365753,0.6272966861724854,0.5686725378036499,0.8877187371253967,0.9451355338096619,0.4490765631198883,0.03411624999716878,0.06380520388484001
85,1.1578823328018188,1.2780667543411255,1,0.518820583820343,0.3421066105365753,0.6272966861724854,0.5686725378036499,0.8877187371253967,0.9451355338096619,0.4490765631198883,0.03254713583737612,0.062186399940401316
86,1.1578823328018188,1.2780667543411255,1,0.518820583820343,0.3421066105365753,0.6272966861724854,0.5686725378036499,0.8877187371253967,0.9451355338096619,0.4490765631198883,0.034809243865311146,0.06449042679741979
87,1.1578823328018188,1.2780667543411255,1,0.518820583820343,0.3421066105365753,0.6272966861724854,0.5686725378036499,0.8877187371253967,0.9451355338096619,0.4490765631198883,0.03293555183336139,0.06276437407359481
88,1.1578823328018188,1.2780667543411255,1,0.518820583820343,0.3421066105365753,0.6272966861724854,0.5686725378036499,0.8877187371253967,0.9451355338096619,0.4490765631198883,0.03470930503681302,0.06497040297836065
89,1.1578823328018188,1.2780667543411255,1,0.518820583820343,0.3421066105365753,0.6272966861724854,0.5686725378036499,0.8877187371253967,0.9451355338096619,0.4490765631198883,0.03462685598060489,0.06456986675038934
90,1.1578823328018188,1.2780667543411255,1,0.518820583820343,0.3421066105365753,0.6272966861724854,0.5686725378036499,0.8877187371253967,0.9451355338096619,0.4490765631198883,0.034902202896773815,0.06532473023980856
91,1.1578823328018188,1.2780667543411255,1,0.518820583820343,0.3421066105365753,0.6272966861724854,0.5686725378036499,0.8877187371253967,0.9451355338096619,0.4490765631198883,0.03312714956700802,0.06235681800171733
92,1.1578823328018188,1.2780667543411255,1,0.518820583820343,0.3421066105365753,0.6272966861724854,0.5686725378036499,0.8877187371253967,0.9451355338096619,0.4490765631198883,0.03249887563288212,0.06271728500723839
93,1.1578823328018188,1.2780667543411255,1,0.518820583820343,0.3421066105365753,0.6272966861724854,0.5686725378036499,0.8877187371253967,0.9451355338096619,0.4490765631198883,0.03349266713485122,0.2372207809239626
94,1.1578823328018188,1.2780667543411255,1,0.518820583820343,0.3421066105365753,0.6272966861724854,0.5686725378036499,0.8877187371253967,0.9451355338096619,0.4490765631198883,0.03566701477393508,0.06543341791257262
95,1.1578823328018188,1.2780667543411255,1,0.518820583820343,0.3421066105365753,0.6272966861724854,0.5686725378036499,0.8877187371253967,0.9451355338096619,0.4490765631198883,0.03391799284145236,0.06384159391745925
96,1.1578823328018188,1.2780667543411255,1,0.518820583820343,0.3421066105365753,0.6272966861724854,0.5686725378036499,0.8877187371253967,0.9451355338096619,0.4490765631198883,0.03384358296170831,0.06415238976478577
97,1.1578823328018188,1.2780667543411255,1,0.518820583820343,0.3421066105365753,0.6272966861724854,0.5686725378036499,0.8877187371253967,0.9451355338096619,0.4490765631198883,0.03423005994409323,0.06380492402240634
98,1.1578823328018188,1.2780667543411255,1,0.518820583820343,0.3421066105365753,0.6272966861724854,0.5686725378036499,0.8877187371253967,0.9451355338096619,0.4490765631198883,0.033847864251583815,0.06389599433168769
99,1.1578823328018188,1.2780667543411255,1,0.518820583820343,0.3421066105365753,0.6272966861724854,0.5686725378036499,0.8877187371253967,0.9451355338096619,0.4490765631198883,0.033816863782703876,0.06296401284635067
100,1.1578823328018188,1.2780667543411255,1,0.518820583820343,0.3421066105365753,0.6272966861724854,0.5686725378036499,0.8877187371253967,0.9451355338096619,0.4490765631198883,0.03389932308346033,0.06391354324296117
101,1.1578823328018188,1.2780667543411255,1,0.518820583820343,0.3421066105365753,0.6272966861724854,0.5686725378036499,0.8877187371253967,0.9451355338096619,0.4490765631198883,0.03551158681511879,0.065442337654531
102,1.1578823328018188,1.2780667543411255,1,0.518820583820343,0.3421066105365753,0.6272966861724854,0.5686725378036499,0.8877187371253967,0.9451355338096619,0.4490765631198883,0.033928312826901674,0.06364345597103238
103,1.1578823328018188,1.2780667543411255,1,0.518820583820343,0.3421066105365753,0.6272966861724854,0.5686725378036499,0.8877187371253967,0.9451355338096619,0.4490765631198883,0.03536867909133434,0.06508401175960898
104,1.1578823328018188,1.2780667543411255,1,0.518820583820343,0.3421066105365753,0.6272966861724854,0.5686725378036499,0.8877187371253967,0.9451355338096619,0.4490765631198883,0.03314062999561429,0.06729775993153453
105,1.1578823328018188,1.2780667543411255,1,0.518820583820343,0.3421066105365753,0.6272966861724854,0.5686725378036499,0.8877187371253967,0.9451355338096619,0.4490765631198883,0.03438766906037927,0.06384852435439825
106,1.1578823328018188,1.2780667543411255,1,0.518820583820343,0.3421066105365753,0.6272966861724854,0.5686725378036499,0.8877187371253967,0.9451355338096619,0.4490765631198883,0.033342048060148954,0.06288603320717812
107,1.1578823328018188,1.2780667543411255,1,0.518820583820343,0.3421066105365753,0.6272966861724854,0.5686725378036499,0.8877187371253967,0.9451355338096619,0.4490765631198883,0.03594648325815797,0.0658780550584197
108,1.1578823328018188,1.2780667543411255,1,0.518820583820343,0.3421066105365753,0.6272966861724854,0.5686725378036499,0.8877187371253967,0.9451355338096619,0.4490765631198883,0.03309275023639202,0.06267722509801388
109,1.1578823328018188,1.2780667543411255,1,0.518820583820343,0.3421066105365753,0.6272966861724854,0.5686725378036499,0.8877187371253967,0.9451355338096619,0.4490765631198883,0.03573236521333456,0.0659212633036077
110,1.1578823328018188,1.2780667543411255,1,0.518820583820343,0.3421066105365753,0.6272966861724854,0.5686725378036499,0.8877187371253967,0.9451355338096619,0.4490765631198883,0.034022171050310135,0.06384288426488638
111,1.1578823328018188,1.2780667543411255,1,0.518820583820343,0.3421066105365753,0.6272966861724854,0.5686725378036499,0.8877187371253967,0.9451355338096619,0.4490765631198883,0.03483346337452531,0.06506019225344062
112,1.1578823328018188,1.2780667543411255,1,0.518820583820343,0.3421066105365753,0.6272966861724854,0.5686725378036499,0.8877187371253967,0.9451355338096619,0.4490765631198883,0.03358333604410291,0.06353646563366055
113,1.1578823328018188,1.2780667543411255,1,0.518820583820343,0.3421066105365753,0.6272966861724854,0.5686725378036499,0.8877187371253967,0.9451355338096619,0.4490765631198883,0.03296348173171282,0.06297602178528905
114,1.1578823328018188,1.2780667543411255,1,0.518820583820343,0.3421066105365753,0.6272966861724854,0.5686725378036499,0.8877187371253967,0.9451355338096619,0.4490765631198883,0.033969472628086805,0.0636289156973362
115,1.1578823328018188,1.2780667543411255,1,0.518820583820343,0.3421066105365753,0.6272966861724854,0.5686725378036499,0.8877187371253967,0.9451355338096619,0.4490765631198883,0.033688514959067106,0.0637929541990161
116,1.1578823328018188,1.2780667543411255,1,0.518820583820343,0.3421066105365753,0.6272966861724854,0.5686725378036499,0.8877187371253967,0.9451355338096619,0.4490765631198883,0.033745584078133106,0.06309555098414421
117,1.1578823328018188,1.2780667543411255,1,0.518820583820343,0.3421066105365753,0.6272966861724854,0.5686725378036499,0.8877187371253967,0.9451355338096619,0.4490765631198883,0.03335891803726554,0.06284017395228148
118,1.1578823328018188,1.2780667543411255,1,0.518820583820343,0.3421066105365753,0.6272966861724854,0.5686725378036499,0.8877187371253967,0.9451355338096619,0.4490765631198883,0.034389838110655546,0.06430491013452411
119,1.1578823328018188,1.2780667543411255,1,0.518820583820343,0.3421066105365753,0.6272966861724854,0.5686725378036499,0.8877187371253967,0.9451355338096619,0.4490765631198883,0.033939993008971214,0.06336063891649246
120,1.1578823328018188,1.2780667543411255,1,0.518820583820343,0.3421066105365753,0.6272966861724854,0.5686725378036499,0.8877187371253967,0.9451355338096619,0.4490765631198883,0.03468900499865413,0.06443508807569742
121,1.1578823328018188,1.2780667543411255,1,0.518820583820343,0.3421066105365753,0.6272966861724854,0.5686725378036499,0.8877187371253967,0.9451355338096619,0.4490765631198883,0.03340849792584777,0.06283909315243363
122,1.1578823328018188,1.2780667543411255,1,0.518820583820343,0.3421066105365753,0.6272966861724854,0.5686725378036499,0.8877187371253967,0.9451355338096619,0.4490765631198883,0.03531628893688321,0.06511538196355104
123,1.1578823328018188,1.2780667543411255,1,0.518820583820343,0.3421066105365753,0.6272966861724854,0.5686725378036499,0.8877187371253967,0.9451355338096619,0.4490765631198883,0.033560015726834536,0.06296673184260726
124,1.1578823328018188,1.2780667543411255,1,0.518820583820343,0.3421066105365753,0.6272966861724854,0.5686725378036499,0.8877187371253967,0.9451355338096619,0.4490765631198883,0.03500407189130783,0.06524561997503042
125,1.1578823328018188,1.2780667543411255,1,0.518820583820343,0.3421066105365753,0.6272966861724854,0.5686725378036499,0.8877187371253967,0.9451355338096619,0.4490765631198883,0.033054701052606106,0.06244184775277972
126,1.1578823328018188,1.2780667543411255,1,0.518820583820343,0.3421066105365753,0.6272966861724854,0.5686725378036499,0.8877187371253967,0.9451355338096619,0.4490765631198883,0.03333250805735588,0.0635348167270422
127,1.1578823328018188,1.2780667543411255,1,0.518820583820343,0.3421066105365753,0.6272966861724854,0.5686725378036499,0.8877187371253967,0.9451355338096619,0.4490765631198883,0.034496947191655636,0.06473626615479589
128,1.1578823328018188,1.2780667543411255,1,0.518820583820343,0.3421066105365753,0.6272966861724854,0.5686725378036499,0.8877187371253967,0.9451355338096619,0.4490765631198883,0.03317471966147423,0.0636331457644701
129,1.1578823328018188,1.2780667543411255,1,0.518820583820343,0.3421066105365753,0.6272966861724854,0.5686725378036499,0.8877187371253967,0.9451355338096619,0.4490765631198883,0.03404588205739856,0.06349292723461986
130,1.1578823328018188,1.2780667543411255,1,0.518820583820343,0.3421066105365753,0.6272966861724854,0.5686725378036499,0.8877187371253967,0.9451355338096619,0.4490765631198883,0.03353895619511604,0.06403086194768548
131,1.1578823328018188,1.2780667543411255,1,0.518820583820343,0.3421066105365753,0.6272966861724854,0.5686725378036499,0.8877187371253967,0.9451355338096619,0.4490765631198883,0.03372763469815254,0.06316275103017688
132,1.1578823328018188,1.2780667543411255,1,0.518820583820343,0.3421066105365753,0.6272966861724854,0.5686725378036499,0.8877187371253967,0.9451355338096619,0.4490765631198883,0.033665564842522144,0.06403803173452616
133,1.1578823328018188,1.2780667543411255,1,0.518820583820343,0.3421066105365753,0.6272966861724854,0.5686725378036499,0.8877187371253967,0.9451355338096619,0.4490765631198883,0.034418858122080564,0.06413923110812902
134,1.1578823328018188,1.2780667543411255,1,0.518820583820343,0.3421066105365753,0.6272966861724854,0.5686725378036499,0.8877187371253967,0.9451355338096619,0.4490765631198883,0.034093411173671484,0.06403295183554292
135,1.1578823328018188,1.2780667543411255,1,0.518820583820343,0.3421066105365753,0.6272966861724854,0.5686725378036499,0.8877187371253967,0.9451355338096619,0.4490765631198883,0.03403836116194725,0.06758759822696447
136,1.1578823328018188,1.2780667543411255,1,0.518820583820343,0.3421066105365753,0.6272966861724854,0.5686725378036499,0.8877187371253967,0.9451355338096619,0.4490765631198883,0.034223319962620735,0.06389521295204759
137,1.1578823328018188,1.2780667543411255,1,0.518820583820343,0.3421066105365753,0.6272966861724854,0.5686725378036499,0.8877187371253967,0.9451355338096619,0.4490765631198883,0.03455496719107032,0.0643712691962719
138,1.1578823328018188,1.2780667543411255,1,0.518820583820343,0.3421066105365753,0.6272966861724854,0.5686725378036499,0.8877187371253967,0.9451355338096619,0.4490765631198883,0.034633115865290165,0.06418819120153785
139,1.1578823328018188,1.2780667543411255,1,0.518820583820343,0.3421066105365753,0.6272966861724854,0.5686725378036499,0.8877187371253967,0.9451355338096619,0.4490765631198883,0.03539038775488734,0.06531170988455415
140,1.1578823328018188,1.2780667543411255,1,0.518820583820343,0.3421066105365753,0.6272966861724854,0.5686725378036499,0.8877187371253967,0.9451355338096619,0.4490765631198883,0.03369699465110898,0.0631631906144321
141,1.1578823328018188,1.2780667543411255,1,0.518820583820343,0.3421066105365753,0.6272966861724854,0.5686725378036499,0.8877187371253967,0.9451355338096619,0.4490765631198883,0.036498808301985264,0.06653192825615406
142,1.1578823328018188,1.2780667543411255,1,0.518820583820343,0.3421066105365753,0.6272966861724854,0.5686725378036499,0.8877187371253967,0.9451355338096619,0.4490765631198883,0.03369214478880167,0.06342232786118984
143,1.1578823328018188,1.2780667543411255,1,0.518820583820343,0.3421066105365753,0.6272966861724854,0.5686725378036499,0.8877187371253967,0.9451355338096619,0.4490765631198883,0.03529567876830697,0.06530129862949252
144,1.1578823328018188,1.2780667543411255,1,0.518820583820343,0.3421066105365753,0.6272966861724854,0.5686725378036499,0.8877187371253967,0.9451355338096619,0.4490765631198883,0.034191650338470936,0.06392491329461336
145,1.1578823328018188,1.2780667543411255,1,0.518820583820343,0.3421066105365753,0.6272966861724854,0.5686725378036499,0.8877187371253967,0.9451355338096619,0.4490765631198883,0.03304725093767047,0.06331084901466966
146,1.1578823328018188,1.2780667543411255,1,0.518820583820343,0.3421066105365753,0.6272966861724854,0.5686725378036499,0.8877187371253967,0.9451355338096619,0.4490765631198883,0.03289853222668171,0.062291597947478294
147,1.1578823328018188,1.2780667543411255,1,0.518820583820343,0.3421066105365753,0.6272966861724854,0.5686725378036499,0.8877187371253967,0.9451355338096619,0.4490765631198883,0.033591656014323235,0.0633713691495359
148,1.1578823328018188,1.2780667543411255,1,0.518820583820343,0.3421066105365753,0.6272966861724854,0.5686725378036499,0.8877187371253967,0.9451355338096619,0.4490765631198883,0.03337822714820504,0.06303745089098811
149,1.1578823328018188,1.2780667543411255,1,0.518820583820343,0.3421066105365753,0.6272966861724854,0.5686725378036499,0.8877187371253967,0.9451355338096619,0.4490765631198883,0.03362213494256139,0.06303484132513404
150,1.1578823328018188,1.2780667543411255,1,0.518820583820343,0.3421066105365753,0.6272966861724854,0.5686725378036499,0.8877187371253967,0.9451355338096619,0.4490765631198883,0.03302808105945587,0.06308644078671932
151,1.1578823328018188,1.2780667543411255,1,0.518820583820343,0.3421066105365753,0.6272966861724854,0.5686725378036499,0.8877187371253967,0.9451355338096619,0.4490765631198883,0.03402380086481571,0.06341617787256837
152,1.1578823328018188,1.2780667543411255,1,0.518820583820343,0.3421066105365753,0.6272966861724854,0.5686725378036499,0.8877187371253967,0.9451355338096619,0.4490765631198883,0.03457253612577915,0.0641585299745202
153,1.1578823328018188,1.2780667543411255,1,0.518820583820343,0.3421066105365753,0.6272966861724854,0.5686725378036499,0.8877187371253967,0.9451355338096619,0.4490765631198883,0.0336958346888423,0.06360192596912384
154,1.1578823328018188,1.2780667543411255,1,0.518820583820343,0.3421066105365753,0.6272966861724854,0.5686725378036499,0.8877187371253967,0.9451355338096619,0.4490765631198883,0.033684805035591125,0.0632993490435183
155,1.1578823328018188,1.2780667543411255,1,0.518820583820343,0.3421066105365753,0.6272966861724854,0.5686725378036499,0.8877187371253967,0.9451355338096619,0.4490765631198883,0.03392793284729123,0.06366068590432405
156,1.1578823328018188,1.2780667543411255,1,0.518820583820343,0.3421066105365753,0.6272966861724854,0.5686725378036499,0.8877187371253967,0.9451355338096619,0.4490765631198883,0.03318666899576783,0.06267433520406485
157,1.1578823328018188,1.2780667543411255,1,0.518820583820343,0.3421066105365753,0.6272966861724854,0.5686725378036499,0.8877187371253967,0.9451355338096619,0.4490765631198883,0.03470312478020787,0.064997682813555
158,1.1578823328018188,1.2780667543411255,1,0.518820583820343,0.3421066105365753,0.6272966861724854,0.5686725378036499,0.8877187371253967,0.9451355338096619,0.4490765631198883,0.032635414972901344,0.06216663960367441
159,1.1578823328018188,1.2780667543411255,1,0.518820583820343,0.3421066105365753,0.6272966861724854,0.5686725378036499,0.8877187371253967,0.9451355338096619,0.4490765631198883,0.0335532957687974,0.06317712971940637
160,1.1578823328018188,1.2780667543411255,1,0.518820583820343,0.3421066105365753,0.6272966861724854,0.5686725378036499,0.8877187371253967,0.9451355338096619,0.4490765631198883,0.03310813009738922,0.06277433410286903
161,1.1578823328018188,1.2780667543411255,1,0.518820583820343,0.3421066105365753,0.6272966861724854,0.5686725378036499,0.8877187371253967,0.9451355338096619,0.4490765631198883,0.03333083773031831,0.06307022087275982
162,1.1578823328018188,1.2780667543411255,1,0.518820583820343,0.3421066105365753,0.6272966861724854,0.5686725378036499,0.8877187371253967,0.9451355338096619,0.4490765631198883,0.03376477491110563,0.06349351769313216
163,1.1578823328018188,1.2780667543411255,1,0.518820583820343,0.3421066105365753,0.6272966861724854,0.5686725378036499,0.8877187371253967,0.9451355338096619,0.4490765631198883,0.03347593732178211,0.06303082127124071
164,1.1578823328018188,1.2780667543411255,1,0.518820583820343,0.3421066105365753,0.6272966861724854,0.5686725378036499,0.8877187371253967,0.9451355338096619,0.4490765631198883,0.033993951976299286,0.06322290003299713
165,1.1578823328018188,1.2780667543411255,1,0.518820583820343,0.3421066105365753,0.6272966861724854,0.5686725378036499,0.8877187371253967,0.9451355338096619,0.4490765631198883,0.03381236270070076,0.06336277769878507
166,1.1578823328018188,1.2780667543411255,1,0.518820583820343,0.3421066105365753,0.6272966861724854,0.5686725378036499,0.8877187371253967,0.9451355338096619,0.4490765631198883,0.033219889272004366,0.06266755517572165
167,1.1578823328018188,1.2780667543411255,1,0.518820583820343,0.3421066105365753,0.6272966861724854,0.5686725378036499,0.8877187371253967,0.9451355338096619,0.4490765631198883,0.03304086113348603,0.06287816306576133
168,1.1578823328018188,1.2780667543411255,1,0.518820583820343,0.3421066105365753,0.6272966861724854,0.5686725378036499,0.8877187371253967,0.9451355338096619,0.4490765631198883,0.033982401713728905,0.06374382507055998
169,1.1578823328018188,1.2780667543411255,1,0.518820583820343,0.3421066105365753,0.6272966861724854,0.5686725378036499,0.8877187371253967,0.9451355338096619,0.4490765631198883,0.03368826536461711,0.06377947423607111
170,1.1578823328018188,1.2780667543411255,1,0.518820583820343,0.3421066105365753,0.6272966861724854,0.5686725378036499,0.8877187371253967,0.9451355338096619,0.4490765631198883,0.03462123591452837,0.06464834557846189
171,1.1578823328018188,1.2780667543411255,1,0.518820583820343,0.3421066105365753,0.6272966861724854,0.5686725378036499,0.8877187371253967,0.9451355338096619,0.4490765631198883,0.03457122575491667,0.2634185180068016
172,1.1578823328018188,1.2780667543411255,1,0.518820583820343,0.3421066105365753,0.6272966861724854,0.5686725378036499,0.8877187371253967,0.9451355338096619,0.4490765631198883,0.03369612526148558,0.06307504093274474
173,1.1578823328018188,1.2780667543411255,1,0.518820583820343,0.3421066105365753,0.6272966861724854,0.5686725378036499,0.8877187371253967,0.9451355338096619,0.4490765631198883,0.033794013783335686,0.06339401891455054
174,1.1578823328018188,1.2780667543411255,1,0.518820583820343,0.3421066105365753,0.6272966861724854,0.5686725378036499,0.8877187371253967,0.9451355338096619,0.4490765631198883,0.03265425516292453,0.06218422017991543
175,1.1578823328018188,1.2780667543411255,1,0.518820583820343,0.3421066105365753,0.6272966861724854,0.5686725378036499,0.8877187371253967,0.9451355338096619,0.4490765631198883,0.03348122676834464,0.06303915195167065
176,1.1578823328018188,1.2780667543411255,1,0.518820583820343,0.3421066105365753,0.6272966861724854,0.5686725378036499,0.8877187371253967,0.9451355338096619,0.4490765631198883,0.03341081831604242,0.06307395221665502
177,1.1578823328018188,1.2780667543411255,1,0.518820583820343,0.3421066105365753,0.6272966861724854,0.5686725378036499,0.8877187371253967,0.9451355338096619,0.4490765631198883,0.03515237104147673,0.0648566740565002
178,1.1578823328018188,1.2780667543411255,1,0.518820583820343,0.3421066105365753,0.6272966861724854,0.5686725378036499,0.8877187371253967,0.9451355338096619,0.4490765631198883,0.03284001303836703,0.06223161891102791
179,1.1578823328018188,1.2780667543411255,1,0.518820583820343,0.3421066105365753,0.6272966861724854,0.5686725378036499,0.8877187371253967,0.9451355338096619,0.4490765631198883,0.033771893940865993,0.06340672820806503
180,1.1578823328018188,1.2780667543411255,1,0.518820583820343,0.3421066105365753,0.6272966861724854,0.5686725378036499,0.8877187371253967,0.9451355338096619,0.4490765631198883,0.03365159500390291,0.0631068111397326
181,1.1578823328018188,1.2780667543411255,1,0.518820583820343,0.3421066105365753,0.6272966861724854,0.5686725378036499,0.8877187371253967,0.9451355338096619,0.4490765631198883,0.03303659101948142,0.06287369318306446
182,1.1578823328018188,1.2780667543411255,1,0.518820583820343,0.3421066105365753,0.6272966861724854,0.5686725378036499,0.8877187371253967,0.9451355338096619,0.4490765631198883,0.0337678836658597,0.06326732877641916
183,1.1578823328018188,1.2780667543411255,1,0.518820583820343,0.3421066105365753,0.6272966861724854,0.5686725378036499,0.8877187371253967,0.9451355338096619,0.4490765631198883,0.03441627789288759,0.06449694791808724
184,1.1578823328018188,1.2780667543411255,1,0.518820583820343,0.3421066105365753,0.6272966861724854,0.5686725378036499,0.8877187371253967,0.9451355338096619,0.4490765631198883,0.03494778275489807,0.0648216437548399
185,1.1578823328018188,1.2780667543411255,1,0.518820583820343,0.3421066105365753,0.6272966861724854,0.5686725378036499,0.8877187371253967,0.9451355338096619,0.4490765631198883,0.034240179695189,0.0637206258252263
186,1.1578823328018188,1.2780667543411255,1,0.518820583820343,0.3421066105365753,0.6272966861724854,0.5686725378036499,0.8877187371253967,0.9451355338096619,0.4490765631198883,0.032356117852032185,0.06155208591371775
187,1.1578823328018188,1.2780667543411255,1,0.518820583820343,0.3421066105365753,0.6272966861724854,0.5686725378036499,0.8877187371253967,0.9451355338096619,0.4490765631198883,0.032689884305000305,0.06223702942952514
188,1.1578823328018188,1.2780667543411255,1,0.518820583820343,0.3421066105365753,0.6272966861724854,0.5686725378036499,0.8877187371253967,0.9451355338096619,0.4490765631198883,0.03278930438682437,0.062126681208610535
189,1.1578823328018188,1.2780667543411255,1,0.518820583820343,0.3421066105365753,0.6272966861724854,0.5686725378036499,0.8877187371253967,0.9451355338096619,0.4490765631198883,0.03186543192714453,0.06107207993045449
190,1.1578823328018188,1.2780667543411255,1,0.518820583820343,0.3421066105365753,0.6272966861724854,0.5686725378036499,0.8877187371253967,0.9451355338096619,0.4490765631198883,0.03302039112895727,0.06255578575655818
191,1.1578823328018188,1.2780667543411255,1,0.518820583820343,0.3421066105365753,0.6272966861724854,0.5686725378036499,0.8877187371253967,0.9451355338096619,0.4490765631198883,0.03274864377453923,0.0622649691067636
192,1.1578823328018188,1.2780667543411255,1,0.518820583820343,0.3421066105365753,0.6272966861724854,0.5686725378036499,0.8877187371253967,0.9451355338096619,0.4490765631198883,0.03247676603496075,0.061936742160469294
193,1.1578823328018188,1.2780667543411255,1,0.518820583820343,0.3421066105365753,0.6272966861724854,0.5686725378036499,0.8877187371253967,0.9451355338096619,0.4490765631198883,0.03258567629382014,0.06179367424920201
194,1.1578823328018188,1.2780667543411255,1,0.518820583820343,0.3421066105365753,0.6272966861724854,0.5686725378036499,0.8877187371253967,0.9451355338096619,0.4490765631198883,0.03259481489658356,0.062235498800873756
195,1.1578823328018188,1.2780667543411255,1,0.518820583820343,0.3421066105365753,0.6272966861724854,0.5686725378036499,0.8877187371253967,0.9451355338096619,0.4490765631198883,0.03316107019782066,0.0626794551499188
196,1.1578823328018188,1.2780667543411255,1,0.518820583820343,0.3421066105365753,0.6272966861724854,0.5686725378036499,0.8877187371253967,0.9451355338096619,0.4490765631198883,0.03264506487175822,0.06209876108914614
197,1.1578823328018188,1.2780667543411255,1,0.518820583820343,0.3421066105365753,0.6272966861724854,0.5686725378036499,0.8877187371253967,0.9451355338096619,0.4490765631198883,0.03282703272998333,0.06576191494241357
198,1.1578823328018188,1.2780667543411255,1,0.518820583820343,0.3421066105365753,0.6272966861724854,0.5686725378036499,0.8877187371253967,0.9451355338096619,0.4490765631198883,0.032218349166214466,0.06177495373412967
199,1.1578823328018188,1.2780667543411255,1,0.518820583820343,0.3421066105365753,0.6272966861724854,0.5686725378036499,0.8877187371253967,0.9451355338096619,0.4490765631198883,0.03343883715569973,0.0628991830162704
200,1.1578823328018188,1.2780667543411255,1,0.518820583820343,0.3421066105365753,0.6272966861724854,0.5686725378036499,0.8877187371253967,0.9451355338096619,0.4490765631198883,0.032238719053566456,0.06158850621432066
201,1.1578823328018188,1.2780667543411255,1,0.518820583820343,0.3421066105365753,0.6272966861724854,0.5686725378036499,0.8877187371253967,0.9451355338096619,0.4490765631198883,0.032824463210999966,0.06251382734626532
202,1.1578823328018188,1.2780667543411255,1,0.518820583820343,0.3421066105365753,0.6272966861724854,0.5686725378036499,0.8877187371253967,0.9451355338096619,0.4490765631198883,0.033245769795030355,0.06314441096037626
203,1.1578823328018188,1.2780667543411255,1,0.518820583820343,0.3421066105365753,0.6272966861724854,0.5686725378036499,0.8877187371253967,0.9451355338096619,0.4490765631198883,0.0337132946588099,0.0633057989180088
204,1.1578823328018188,1.2780667543411255,1,0.518820583820343,0.3421066105365753,0.6272966861724854,0.5686725378036499,0.8877187371253967,0.9451355338096619,0.4490765631198883,0.03323051892220974,0.06301590194925666
205,1.1578823328018188,1.2780667543411255,1,0.518820583820343,0.3421066105365753,0.6272966861724854,0.5686725378036499,0.8877187371253967,0.9451355338096619,0.4490765631198883,0.03367301495745778,0.06376642500981688
206,1.1578823328018188,1.2780667543411255,1,0.518820583820343,0.3421066105365753,0.6272966861724854,0.5686725378036499,0.8877187371253967,0.9451355338096619,0.4490765631198883,0.03271373501047492,0.0622163200750947
207,1.1578823328018188,1.2780667543411255,1,0.518820583820343,0.3421066105365753,0.6272966861724854,0.5686725378036499,0.8877187371253967,0.9451355338096619,0.4490765631198883,0.03242163686081767,0.061873503029346466
208,1.1578823328018188,1.2780667543411255,1,0.518820583820343,0.3421066105365753,0.6272966861724854,0.5686725378036499,0.8877187371253967,0.9451355338096619,0.4490765631198883,0.03341539716348052,0.06300056213513017
209,1.1578823328018188,1.2780667543411255,1,0.518820583820343,0.3421066105365753,0.6272966861724854,0.5686725378036499,0.8877187371253967,0.9451355338096619,0.4490765631198883,0.03272173414006829,0.062281879130750895
210,1.1578823328018188,1.2780667543411255,1,0.518820583820343,0.3421066105365753,0.6272966861724854,0.5686725378036499,0.8877187371253967,0.9451355338096619,0.4490765631198883,0.03287528222426772,0.06228711921721697
211,1.1578823328018188,1.2780667543411255,1,0.518820583820343,0.3421066105365753,0.6272966861724854,0.5686725378036499,0.8877187371253967,0.9451355338096619,0.4490765631198883,0.032998092006891966,0.06243777787312865
212,1.1578823328018188,1.2780667543411255,1,0.518820583820343,0.3421066105365753,0.6272966861724854,0.5686725378036499,0.8877187371253967,0.9451355338096619,0.4490765631198883,0.03326535876840353,0.0625514667481184
213,1.1578823328018188,1.2780667543411255,1,0.518820583820343,0.3421066105365753,0.6272966861724854,0.5686725378036499,0.8877187371253967,0.9451355338096619,0.4490765631198883,0.03333229757845402,0.06335600791499019
214,1.1578823328018188,1.2780667543411255,1,0.518820583820343,0.3421066105365753,0.6272966861724854,0.5686725378036499,0.8877187371253967,0.9451355338096619,0.4490765631198883,0.032743813935667276,0.062074660789221525
215,1.1578823328018188,1.2780667543411255,1,0.518820583820343,0.3421066105365753,0.6272966861724854,0.5686725378036499,0.8877187371253967,0.9451355338096619,0.4490765631198883,0.03239187691360712,0.06164082512259483
216,1.1578823328018188,1.2780667543411255,1,0.518820583820343,0.3421066105365753,0.6272966861724854,0.5686725378036499,0.8877187371253967,0.9451355338096619,0.4490765631198883,0.03285670327022672,0.06226253928616643
217,1.1578823328018188,1.2780667543411255,1,0.518820583820343,0.3421066105365753,0.6272966861724854,0.5686725378036499,0.8877187371253967,0.9451355338096619,0.4490765631198883,0.033656285144388676,0.06330457888543606
218,1.1578823328018188,1.2780667543411255,1,0.518820583820343,0.3421066105365753,0.6272966861724854,0.5686725378036499,0.8877187371253967,0.9451355338096619,0.4490765631198883,0.0332738789729774,0.06282047415152192
219,1.1578823328018188,1.2780667543411255,1,0.518820583820343,0.3421066105365753,0.6272966861724854,0.5686725378036499,0.8877187371253967,0.9451355338096619,0.4490765631198883,0.032950802706182,0.06267005577683449
220,1.1578823328018188,1.2780667543411255,1,0.518820583820343,0.3421066105365753,0.6272966861724854,0.5686725378036499,0.8877187371253967,0.9451355338096619,0.4490765631198883,0.033246010076254606,0.06270585488528013
221,1.1578823328018188,1.2780667543411255,1,0.518820583820343,0.3421066105365753,0.6272966861724854,0.5686725378036499,0.8877187371253967,0.9451355338096619,0.4490765631198883,0.033047141041606665,0.06269714515656233
222,1.1578823328018188,1.2780667543411255,1,0.518820583820343,0.3421066105365753,0.6272966861724854,0.5686725378036499,0.8877187371253967,0.9451355338096619,0.4490765631198883,0.03358964575454593,0.06312585063278675
223,1.1578823328018188,1.2780667543411255,1,0.518820583820343,0.3421066105365753,0.6272966861724854,0.5686725378036499,0.8877187371253967,0.9451355338096619,0.4490765631198883,0.03312058141455054,0.06254719709977508
224,1.1578823328018188,1.2780667543411255,1,0.518820583820343,0.3421066105365753,0.6272966861724854,0.5686725378036499,0.8877187371253967,0.9451355338096619,0.4490765631198883,0.03366364585235715,0.06341317901387811
225,1.1578823328018188,1.2780667543411255,1,0.518820583820343,0.3421066105365753,0.6272966861724854,0.5686725378036499,0.8877187371253967,0.9451355338096619,0.4490765631198883,0.03295640181750059,0.062483316753059626
226,1.1578823328018188,1.2780667543411255,1,0.518820583820343,0.3421066105365753,0.6272966861724854,0.5686725378036499,0.8877187371253967,0.9451355338096619,0.4490765631198883,0.03295452194288373,0.06304123112931848
227,1.1578823328018188,1.2780667543411255,1,0.518820583820343,0.3421066105365753,0.6272966861724854,0.5686725378036499,0.8877187371253967,0.9451355338096619,0.4490765631198883,0.0328607726842165,0.062272289767861366
228,1.1578823328018188,1.2780667543411255,1,0.518820583820343,0.3421066105365753,0.6272966861724854,0.5686725378036499,0.8877187371253967,0.9451355338096619,0.4490765631198883,0.03458509733900428,0.0642087310552597
229,1.1578823328018188,1.2780667543411255,1,0.518820583820343,0.3421066105365753,0.6272966861724854,0.5686725378036499,0.8877187371253967,0.9451355338096619,0.4490765631198883,0.033369626849889755,0.06336521776393056
230,1.1578823328018188,1.2780667543411255,1,0.518820583820343,0.3421066105365753,0.6272966861724854,0.5686725378036499,0.8877187371253967,0.9451355338096619,0.4490765631198883,0.033606134820729494,0.06334838783368468
231,1.1578823328018188,1.2780667543411255,1,0.518820583820343,0.3421066105365753,0.6272966861724854,0.5686725378036499,0.8877187371253967,0.9451355338096619,0.4490765631198883,0.03695704275742173,0.06678916560485959
232,1.1578823328018188,1.2780667543411255,1,0.518820583820343,0.3421066105365753,0.6272966861724854,0.5686725378036499,0.8877187371253967,0.9451355338096619,0.4490765631198883,0.03640206856653094,0.06699943356215954
233,1.1578823328018188,1.2780667543411255,1,0.518820583820343,0.3421066105365753,0.6272966861724854,0.5686725378036499,0.8877187371253967,0.9451355338096619,0.4490765631198883,0.0330007616430521,0.06270211469382048
234,1.1578823328018188,1.2780667543411255,1,0.518820583820343,0.3421066105365753,0.6272966861724854,0.5686725378036499,0.8877187371253967,0.9451355338096619,0.4490765631198883,0.03565314505249262,0.06569285597652197
235,1.1578823328018188,1.2780667543411255,1,0.518820583820343,0.3421066105365753,0.6272966861724854,0.5686725378036499,0.8877187371253967,0.9451355338096619,0.4490765631198883,0.03275568410754204,0.06238755816593766
236,1.1578823328018188,1.2780667543411255,1,0.518820583820343,0.3421066105365753,0.6272966861724854,0.5686725378036499,0.8877187371253967,0.9451355338096619,0.4490765631198883,0.03513238113373518,0.06471768533810973
237,1.1578823328018188,1.2780667543411255,1,0.518820583820343,0.3421066105365753,0.6272966861724854,0.5686725378036499,0.8877187371253967,0.9451355338096619,0.4490765631198883,0.033783523831516504,0.06348982686176896
238,1.1578823328018188,1.2780667543411255,1,0.518820583820343,0.3421066105365753,0.6272966861724854,0.5686725378036499,0.8877187371253967,0.9451355338096619,0.4490765631198883,0.0355807370506227,0.06522148102521896
239,1.1578823328018188,1.2780667543411255,1,0.518820583820343,0.3421066105365753,0.6272966861724854,0.5686725378036499,0.8877187371253967,0.9451355338096619,0.4490765631198883,0.033105571288615465,0.06250393716618419
240,1.1578823328018188,1.2780667543411255,1,0.518820583820343,0.3421066105365753,0.6272966861724854,0.5686725378036499,0.8877187371253967,0.9451355338096619,0.4490765631198883,0.03269852418452501,0.06276556430384517
241,1.1578823328018188,1.2780667543411255,1,0.518820583820343,0.3421066105365753,0.6272966861724854,0.5686725378036499,0.8877187371253967,0.9451355338096619,0.4490765631198883,0.03415897022932768,0.06359354639425874
242,1.1578823328018188,1.2780667543411255,1,0.518820583820343,0.3421066105365753,0.6272966861724854,0.5686725378036499,0.8877187371253967,0.9451355338096619,0.4490765631198883,0.033112111035734415,0.06343283830210567
243,1.1578823328018188,1.2780667543411255,1,0.518820583820343,0.3421066105365753,0.6272966861724854,0.5686725378036499,0.8877187371253967,0.9451355338096619,0.4490765631198883,0.034397887997329235,0.06366929598152637
244,1.1578823328018188,1.2780667543411255,1,0.518820583820343,0.3421066105365753,0.6272966861724854,0.5686725378036499,0.8877187371253967,0.9451355338096619,0.4490765631198883,0.03424494992941618,0.06497651292011142
245,1.1578823328018188,1.2780667543411255,1,0.518820583820343,0.3421066105365753,0.6272966861724854,0.5686725378036499,0.8877187371253967,0.9451355338096619,0.4490765631198883,0.033994901925325394,0.06369752530008554
246,1.1578823328018188,1.2780667543411255,1,0.518820583820343,0.3421066105365753,0.6272966861724854,0.5686725378036499,0.8877187371253967,0.9451355338096619,0.4490765631198883,0.032833853270858526,0.0621496899984777
247,1.1578823328018188,1.2780667543411255,1,0.518820583820343,0.3421066105365753,0.6272966861724854,0.5686725378036499,0.8877187371253967,0.9451355338096619,0.4490765631198883,0.03553737699985504,0.06545646907761693
248,1.1578823328018188,1.2780667543411255,1,0.518820583820343,0.3421066105365753,0.6272966861724854,0.5686725378036499,0.8877187371253967,0.9451355338096619,0.4490765631198883,0.0327724227681756,0.062280588783323765
249,1.1578823328018188,1.2780667543411255,1,0.518820583820343,0.3421066105365753,0.6272966861724854,0.5686725378036499,0.8877187371253967,0.9451355338096619,0.4490765631198883,0.0357714151032269,0.06528224982321262
250,1.1578823328018188,1.2780667543411255,1,0.518820583820343,0.3421066105365753,0.6272966861724854,0.5686725378036499,0.8877187371253967,0.9451355338096619,0.4490765631198883,0.032953261863440275,0.06251848675310612
251,1.1578823328018188,1.2780667543411255,1,0.518820583820343,0.3421066105365753,0.6272966861724854,0.5686725378036499,0.8877187371253967,0.9451355338096619,0.4490765631198883,0.03502311185002327,0.6996767879463732
252,1.1578823328018188,1.2780667543411255,1,0.518820583820343,0.3421066105365753,0.6272966861724854,0.5686725378036499,0.8877187371253967,0.9451355338096619,0.4490765631198883,0.03192273201420903,0.6131814727559686
253,1.1578823328018188,1.2780667543411255,1,0.518820583820343,0.3421066105365753,0.6272966861724854,0.5686725378036499,0.8877187371253967,0.9451355338096619,0.4490765631198883,0.0322265992872417,0.061427257023751736
254,1.1578823328018188,1.2780667543411255,1,0.518820583820343,0.3421066105365753,0.6272966861724854,0.5686725378036499,0.8877187371253967,0.9451355338096619,0.4490765631198883,0.03143512737005949,0.060495367273688316
255,1.1578823328018188,1.2780667543411255,1,0.518820583820343,0.3421066105365753,0.6272966861724854,0.5686725378036499,0.8877187371253967,0.9451355338096619,0.4490765631198883,0.03165334416553378,0.06080394331365824
256,1.1578823328018188,1.2780667543411255,1,0.518820583820343,0.3421066105365753,0.6272966861724854,0.5686725378036499,0.8877187371253967,0.9451355338096619,0.4490765631198883,0.03363770479336381,0.06272690510377288
257,1.1578823328018188,1.2780667543411255,1,0.518820583820343,0.3421066105365753,0.6272966861724854,0.5686725378036499,0.8877187371253967,0.9451355338096619,0.4490765631198883,0.033620845060795546,0.06334785791113973
258,1.1578823328018188,1.2780667543411255,1,0.518820583820343,0.3421066105365753,0.6272966861724854,0.5686725378036499,0.8877187371253967,0.9451355338096619,0.4490765631198883,0.031943711917847395,0.06138822669163346
259,1.1578823328018188,1.2780667543411255,1,0.518820583820343,0.3421066105365753,0.6272966861724854,0.5686725378036499,0.8877187371253967,0.9451355338096619,0.4490765631198883,0.03206343064084649,0.06118366867303848
260,1.1578823328018188,1.2780667543411255,1,0.518820583820343,0.3421066105365753,0.6272966861724854,0.5686725378036499,0.8877187371253967,0.9451355338096619,0.4490765631198883,0.03186947200447321,0.06110659008845687
261,1.1578823328018188,1.2780667543411255,1,0.518820583820343,0.3421066105365753,0.6272966861724854,0.5686725378036499,0.8877187371253967,0.9451355338096619,0.4490765631198883,0.0326483054086566,0.06197881232947111
262,1.1578823328018188,1.2780667543411255,1,0.518820583820343,0.3421066105365753,0.6272966861724854,0.5686725378036499,0.8877187371253967,0.9451355338096619,0.4490765631198883,0.031735914293676615,0.06102882232517004
263,1.1578823328018188,1.2780667543411255,1,0.518820583820343,0.3421066105365753,0.6272966861724854,0.5686725378036499,0.8877187371253967,0.9451355338096619,0.4490765631198883,0.03171193413436413,0.06089113187044859
264,1.1578823328018188,1.2780667543411255,1,0.518820583820343,0.3421066105365753,0.6272966861724854,0.5686725378036499,0.8877187371253967,0.9451355338096619,0.4490765631198883,0.03235994791612029,0.06141046714037657
265,1.1578823328018188,1.2780667543411255,1,0.518820583820343,0.3421066105365753,0.6272966861724854,0.5686725378036499,0.8877187371253967,0.9451355338096619,0.4490765631198883,0.03164747543632984,0.06070856424048543
266,1.1578823328018188,1.2780667543411255,1,0.518820583820343,0.3421066105365753,0.6272966861724854,0.5686725378036499,0.8877187371253967,0.9451355338096619,0.4490765631198883,0.032026471104472876,0.06125423917546868
267,1.1578823328018188,1.2780667543411255,1,0.518820583820343,0.3421066105365753,0.6272966861724854,0.5686725378036499,0.8877187371253967,0.9451355338096619,0.4490765631198883,0.03226783871650696,0.06146025704219937
268,1.1578823328018188,1.2780667543411255,1,0.518820583820343,0.3421066105365753,0.6272966861724854,0.5686725378036499,0.8877187371253967,0.9451355338096619,0.4490765631198883,0.03229597816243768,0.061475255992263556
269,1.1578823328018188,1.2780667543411255,1,0.518820583820343,0.3421066105365753,0.6272966861724854,0.5686725378036499,0.8877187371253967,0.9451355338096619,0.4490765631198883,0.03207744099199772,0.061195619869977236
270,1.1578823328018188,1.2780667543411255,1,0.518820583820343,0.3421066105365753,0.6272966861724854,0.5686725378036499,0.8877187371253967,0.9451355338096619,0.4490765631198883,0.03197872173041105,0.061350717674940825
271,1.1578823328018188,1.2780667543411255,1,0.518820583820343,0.3421066105365753,0.6272966861724854,0.5686725378036499,0.8877187371253967,0.9451355338096619,0.4490765631198883,0.032804244197905064,0.06214448995888233
272,1.1578823328018188,1.2780667543411255,1,0.518820583820343,0.3421066105365753,0.6272966861724854,0.5686725378036499,0.8877187371253967,0.9451355338096619,0.4490765631198883,0.03239156724885106,0.06150640640407801
273,1.1578823328018188,1.2780667543411255,1,0.518820583820343,0.3421066105365753,0.6272966861724854,0.5686725378036499,0.8877187371253967,0.9451355338096619,0.4490765631198883,0.032176009844988585,0.0613326677121222
274,1.1578823328018188,1.2780667543411255,1,0.518820583820343,0.3421066105365753,0.6272966861724854,0.5686725378036499,0.8877187371253967,0.9451355338096619,0.4490765631198883,0.032579775899648666,0.0618246840313077
275,1.1578823328018188,1.2780667543411255,1,0.518820583820343,0.3421066105365753,0.6272966861724854,0.5686725378036499,0.8877187371253967,0.9451355338096619,0.4490765631198883,0.03494722303003073,0.06413013115525246
276,1.1578823328018188,1.2780667543411255,1,0.518820583820343,0.3421066105365753,0.6272966861724854,0.5686725378036499,0.8877187371253967,0.9451355338096619,0.4490765631198883,0.03383745392784476,0.06327096978202462
277,1.1578823328018188,1.2780667543411255,1,0.518820583820343,0.3421066105365753,0.6272966861724854,0.5686725378036499,0.8877187371253967,0.9451355338096619,0.4490765631198883,0.035198950208723545,0.06462769582867622
278,1.1578823328018188,1.2780667543411255,1,0.518820583820343,0.3421066105365753,0.6272966861724854,0.5686725378036499,0.8877187371253967,0.9451355338096619,0.4490765631198883,0.03328139893710613,0.062414668034762144
279,1.1578823328018188,1.2780667543411255,1,0.518820583820343,0.3421066105365753,0.6272966861724854,0.5686725378036499,0.8877187371253967,0.9451355338096619,0.4490765631198883,0.03309644991531968,0.06245759688317776
280,1.1578823328018188,1.2780667543411255,1,0.518820583820343,0.3421066105365753,0.6272966861724854,0.5686725378036499,0.8877187371253967,0.9451355338096619,0.4490765631198883,0.033884462900459766,0.06302755186334252
281,1.1578823328018188,1.2780667543411255,1,0.518820583820343,0.3421066105365753,0.6272966861724854,0.5686725378036499,0.8877187371253967,0.9451355338096619,0.4490765631198883,0.03323165886104107,0.06251928582787514
282,1.1578823328018188,1.2780667543411255,1,0.518820583820343,0.3421066105365753,0.6272966861724854,0.5686725378036499,0.8877187371253967,0.9451355338096619,0.4490765631198883,0.03354339627549052,0.06267312495037913
283,1.1578823328018188,1.2780667543411255,1,0.518820583820343,0.3421066105365753,0.6272966861724854,0.5686725378036499,0.8877187371253967,0.9451355338096619,0.4490765631198883,0.033136720303446054,0.06267089489847422
284,1.1578823328018188,1.2780667543411255,1,0.518820583820343,0.3421066105365753,0.6272966861724854,0.5686725378036499,0.8877187371253967,0.9451355338096619,0.4490765631198883,0.0340628819540143,0.06343688815832138
285,1.1578823328018188,1.2780667543411255,1,0.518820583820343,0.3421066105365753,0.6272966861724854,0.5686725378036499,0.8877187371253967,0.9451355338096619,0.4490765631198883,0.033426166977733374,0.06264272565022111
286,1.1578823328018188,1.2780667543411255,1,0.518820583820343,0.3421066105365753,0.6272966861724854,0.5686725378036499,0.8877187371253967,0.9451355338096619,0.4490765631198883,0.03391591226682067,0.06320169009268284
287,1.1578823328018188,1.2780667543411255,1,0.518820583820343,0.3421066105365753,0.6272966861724854,0.5686725378036499,0.8877187371253967,0.9451355338096619,0.4490765631198883,0.03344826679676771,0.06297103175893426
288,1.1578823328018188,1.2780667543411255,1,0.518820583820343,0.3421066105365753,0.6272966861724854,0.5686725378036499,0.8877187371253967,0.9451355338096619,0.4490765631198883,0.034917682874947786,0.06422539986670017
289,1.1578823328018188,1.2780667543411255,1,0.518820583820343,0.3421066105365753,0.6272966861724854,0.5686725378036499,0.8877187371253967,0.9451355338096619,0.4490765631198883,0.033660815097391605,0.06286649312824011
290,1.1578823328018188,1.2780667543411255,1,0.518820583820343,0.3421066105365753,0.6272966861724854,0.5686725378036499,0.8877187371253967,0.9451355338096619,0.4490765631198883,0.03348096739500761,0.06285175401717424
291,1.1578823328018188,1.2780667543411255,1,0.518820583820343,0.3421066105365753,0.6272966861724854,0.5686725378036499,0.8877187371253967,0.9451355338096619,0.4490765631198883,0.034612875897437334,0.06433337880298495
292,1.1578823328018188,1.2780667543411255,1,0.518820583820343,0.3421066105365753,0.6272966861724854,0.5686725378036499,0.8877187371253967,0.9451355338096619,0.4490765631198883,0.033978001680225134,0.06356212683022022
293,1.1578823328018188,1.2780667543411255,1,0.518820583820343,0.3421066105365753,0.6272966861724854,0.5686725378036499,0.8877187371253967,0.9451355338096619,0.4490765631198883,0.033528406638652086,0.06272382475435734
294,1.1578823328018188,1.2780667543411255,1,0.518820583820343,0.3421066105365753,0.6272966861724854,0.5686725378036499,0.8877187371253967,0.9451355338096619,0.4490765631198883,0.03403221070766449,0.06362557597458363
295,1.1578823328018188,1.2780667543411255,1,0.518820583820343,0.3421066105365753,0.6272966861724854,0.5686725378036499,0.8877187371253967,0.9451355338096619,0.4490765631198883,0.03397946199402213,0.06349052721634507
296,1.1578823328018188,1.2780667543411255,1,0.518820583820343,0.3421066105365753,0.6272966861724854,0.5686725378036499,0.8877187371253967,0.9451355338096619,0.4490765631198883,0.03384774271398783,0.06301066093146801
297,1.1578823328018188,1.2780667543411255,1,0.518820583820343,0.3421066105365753,0.6272966861724854,0.5686725378036499,0.8877187371253967,0.9451355338096619,0.4490765631198883,0.03568797605112195,0.0651536313816905
298,1.1578823328018188,1.2780667543411255,1,0.518820583820343,0.3421066105365753,0.6272966861724854,0.5686725378036499,0.8877187371253967,0.9451355338096619,0.4490765631198883,0.03380123386159539,0.06407263176515698
299,1.1578823328018188,1.2780667543411255,1,0.518820583820343,0.3421066105365753,0.6272966861724854,0.5686725378036499,0.8877187371253967,0.9451355338096619,0.4490765631198883,0.03641371801495552,0.06698397267609835
300,1.1578823328018188,1.2780667543411255,1,0.518820583820343,0.3421066105365753,0.6272966861724854,0.5686725378036499,0.8877187371253967,0.9451355338096619,0.4490765631198883,0.03693794272840023,0.06670743599534035
301,1.1578823328018188,1.2780667543411255,1,0.518820583820343,0.3421066105365753,0.6272966861724854,0.5686725378036499,0.8877187371253967,0.9451355338096619,0.4490765631198883,0.035955332685261965,0.06580455461516976
302,1.1578823328018188,1.2780667543411255,1,0.518820583820343,0.3421066105365753,0.6272966861724854,0.5686725378036499,0.8877187371253967,0.9451355338096619,0.4490765631198883,0.03534298902377486,0.0650469921529293
303,1.1578823328018188,1.2780667543411255,1,0.518820583820343,0.3421066105365753,0.6272966861724854,0.5686725378036499,0.8877187371253967,0.9451355338096619,0.4490765631198883,0.03642823826521635,0.06622731126844883
304,1.1578823328018188,1.2780667543411255,1,0.518820583820343,0.3421066105365753,0.6272966861724854,0.5686725378036499,0.8877187371253967,0.9451355338096619,0.4490765631198883,0.03527858899906278,0.06498670298606157
305,1.1578823328018188,1.2780667543411255,1,0.518820583820343,0.3421066105365753,0.6272966861724854,0.5686725378036499,0.8877187371253967,0.9451355338096619,0.4490765631198883,0.03480888390913606,0.06439680885523558
306,1.1578823328018188,1.2780667543411255,1,0.518820583820343,0.3421066105365753,0.6272966861724854,0.5686725378036499,0.8877187371253967,0.9451355338096619,0.4490765631198883,0.034111401066184044,0.06399116199463606
307,1.1578823328018188,1.2780667543411255,1,0.518820583820343,0.3421066105365753,0.6272966861724854,0.5686725378036499,0.8877187371253967,0.9451355338096619,0.4490765631198883,0.03378741396591067,0.06336601916700602
308,1.1578823328018188,1.2780667543411255,1,0.518820583820343,0.3421066105365753,0.6272966861724854,0.5686725378036499,0.8877187371253967,0.9451355338096619,0.4490765631198883,0.034246149007231,0.06381173385307193
309,1.1578823328018188,1.2780667543411255,1,0.518820583820343,0.3421066105365753,0.6272966861724854,0.5686725378036499,0.8877187371253967,0.9451355338096619,0.4490765631198883,0.03267812542617321,0.06206266116350889
310,1.1578823328018188,1.2780667543411255,1,0.518820583820343,0.3421066105365753,0.6272966861724854,0.5686725378036499,0.8877187371253967,0.9451355338096619,0.4490765631198883,0.03356779599562287,0.0627655335702002
311,1.1578823328018188,1.2780667543411255,1,0.518820583820343,0.3421066105365753,0.6272966861724854,0.5686725378036499,0.8877187371253967,0.9451355338096619,0.4490765631198883,0.0323356781154871,0.06179047329351306
312,1.1578823328018188,1.2780667543411255,1,0.518820583820343,0.3421066105365753,0.6272966861724854,0.5686725378036499,0.8877187371253967,0.9451355338096619,0.4490765631198883,0.03251688601449132,0.06624393025413156
313,1.1578823328018188,1.2780667543411255,1,0.518820583820343,0.3421066105365753,0.6272966861724854,0.5686725378036499,0.8877187371253967,0.9451355338096619,0.4490765631198883,0.03202833095565438,0.06144464714452624
314,1.1578823328018188,1.2780667543411255,1,0.518820583820343,0.3421066105365753,0.6272966861724854,0.5686725378036499,0.8877187371253967,0.9451355338096619,0.4490765631198883,0.03233110811561346,0.06170874508097768
315,1.1578823328018188,1.2780667543411255,1,0.518820583820343,0.3421066105365753,0.6272966861724854,0.5686725378036499,0.8877187371253967,0.9451355338096619,0.4490765631198883,0.03230334771797061,0.06206630077213049
316,1.1578823328018188,1.2780667543411255,1,0.518820583820343,0.3421066105365753,0.6272966861724854,0.5686725378036499,0.8877187371253967,0.9451355338096619,0.4490765631198883,0.03330046823248267,0.06311824126169086
317,1.1578823328018188,1.2780667543411255,1,0.518820583820343,0.3421066105365753,0.6272966861724854,0.5686725378036499,0.8877187371253967,0.9451355338096619,0.4490765631198883,0.03300233092159033,0.06261917483061552
318,1.1578823328018188,1.2780667543411255,1,0.518820583820343,0.3421066105365753,0.6272966861724854,0.5686725378036499,0.8877187371253967,0.9451355338096619,0.4490765631198883,0.0330487210303545,0.0671786624006927
319,1.1578823328018188,1.2780667543411255,1,0.518820583820343,0.3421066105365753,0.6272966861724854,0.5686725378036499,0.8877187371253967,0.9451355338096619,0.4490765631198883,0.032706274185329676,0.062241869047284126
320,1.1578823328018188,1.2780667543411255,1,0.518820583820343,0.3421066105365753,0.6272966861724854,0.5686725378036499,0.8877187371253967,0.9451355338096619,0.4490765631198883,0.03305210079997778,0.06276646489277482
321,1.1578823328018188,1.2780667543411255,1,0.518820583820343,0.3421066105365753,0.6272966861724854,0.5686725378036499,0.8877187371253967,0.9451355338096619,0.4490765631198883,0.0331115098670125,0.06256542587652802
322,1.1578823328018188,1.2780667543411255,1,0.518820583820343,0.3421066105365753,0.6272966861724854,0.5686725378036499,0.8877187371253967,0.9451355338096619,0.4490765631198883,0.034038922283798456,0.06410384131595492
323,1.1578823328018188,1.2780667543411255,1,0.518820583820343,0.3421066105365753,0.6272966861724854,0.5686725378036499,0.8877187371253967,0.9451355338096619,0.4490765631198883,0.033505977131426334,0.0632240199483931
324,1.1578823328018188,1.2780667543411255,1,0.518820583820343,0.3421066105365753,0.6272966861724854,0.5686725378036499,0.8877187371253967,0.9451355338096619,0.4490765631198883,0.033658334985375404,0.06330009922385216
325,1.1578823328018188,1.2780667543411255,1,0.518820583820343,0.3421066105365753,0.6272966861724854,0.5686725378036499,0.8877187371253967,0.9451355338096619,0.4490765631198883,0.03350922558456659,0.06319450959563255
326,1.1578823328018188,1.2780667543411255,1,0.518820583820343,0.3421066105365753,0.6272966861724854,0.5686725378036499,0.8877187371253967,0.9451355338096619,0.4490765631198883,0.0330290412530303,0.0626946552656591
327,1.1578823328018188,1.2780667543411255,1,0.518820583820343,0.3421066105365753,0.6272966861724854,0.5686725378036499,0.8877187371253967,0.9451355338096619,0.4490765631198883,0.03272708458825946,0.062004401814192533
328,1.1578823328018188,1.2780667543411255,1,0.518820583820343,0.3421066105365753,0.6272966861724854,0.5686725378036499,0.8877187371253967,0.9451355338096619,0.4490765631198883,0.03315537981688976,0.06281478423625231
329,1.1578823328018188,1.2780667543411255,1,0.518820583820343,0.3421066105365753,0.6272966861724854,0.5686725378036499,0.8877187371253967,0.9451355338096619,0.4490765631198883,0.03217024961486459,0.06209097057580948
330,1.1578823328018188,1.2780667543411255,1,0.518820583820343,0.3421066105365753,0.6272966861724854,0.5686725378036499,0.8877187371253967,0.9451355338096619,0.4490765631198883,0.03223750879988074,0.06129675777629018
331,1.1578823328018188,1.2780667543411255,1,0.518820583820343,0.3421066105365753,0.6272966861724854,0.5686725378036499,0.8877187371253967,0.9451355338096619,0.4490765631198883,0.03391455300152302,0.06319861020892859
332,1.1578823328018188,1.2780667543411255,1,0.518820583820343,0.3421066105365753,0.6272966861724854,0.5686725378036499,0.8877187371253967,0.9451355338096619,0.4490765631198883,0.03349552722647786,0.06273407489061356
333,1.1578823328018188,1.2780667543411255,1,0.518820583820343,0.3421066105365753,0.6272966861724854,0.5686725378036499,0.8877187371253967,0.9451355338096619,0.4490765631198883,0.03227988909929991,0.061879273038357496
334,1.1578823328018188,1.2780667543411255,1,0.518820583820343,0.3421066105365753,0.6272966861724854,0.5686725378036499,0.8877187371253967,0.9451355338096619,0.4490765631198883,0.032663125079125166,0.062287189066410065
335,1.1578823328018188,1.2780667543411255,1,0.518820583820343,0.3421066105365753,0.6272966861724854,0.5686725378036499,0.8877187371253967,0.9451355338096619,0.4490765631198883,0.036189790815114975,0.0665804366581142
336,1.1578823328018188,1.2780667543411255,1,0.518820583820343,0.3421066105365753,0.6272966861724854,0.5686725378036499,0.8877187371253967,0.9451355338096619,0.4490765631198883,0.036155400797724724,0.06619297107681632
337,1.1578823328018188,1.2780667543411255,1,0.518820583820343,0.3421066105365753,0.6272966861724854,0.5686725378036499,0.8877187371253967,0.9451355338096619,0.4490765631198883,0.03277377411723137,0.06213395111262798
338,1.1578823328018188,1.2780667543411255,1,0.518820583820343,0.3421066105365753,0.6272966861724854,0.5686725378036499,0.8877187371253967,0.9451355338096619,0.4490765631198883,0.03330326918512583,0.06302119232714176
339,1.1578823328018188,1.2780667543411255,1,0.518820583820343,0.3421066105365753,0.6272966861724854,0.5686725378036499,0.8877187371253967,0.9451355338096619,0.4490765631198883,0.03337050788104534,0.06295603280887008
340,1.1578823328018188,1.2780667543411255,1,0.518820583820343,0.3421066105365753,0.6272966861724854,0.5686725378036499,0.8877187371253967,0.9451355338096619,0.4490765631198883,0.033100251108407974,0.06249004742130637
341,1.1578823328018188,1.2780667543411255,1,0.518820583820343,0.3421066105365753,0.6272966861724854,0.5686725378036499,0.8877187371253967,0.9451355338096619,0.4490765631198883,0.03261499525979161,0.06197898229584098
342,1.1578823328018188,1.2780667543411255,1,0.518820583820343,0.3421066105365753,0.6272966861724854,0.5686725378036499,0.8877187371253967,0.9451355338096619,0.4490765631198883,0.033460416831076145,0.06312339100986719
343,1.1578823328018188,1.2780667543411255,1,0.518820583820343,0.3421066105365753,0.6272966861724854,0.5686725378036499,0.8877187371253967,0.9451355338096619,0.4490765631198883,0.033610896207392216,0.06351198721677065
344,1.1578823328018188,1.2780667543411255,1,0.518820583820343,0.3421066105365753,0.6272966861724854,0.5686725378036499,0.8877187371253967,0.9451355338096619,0.4490765631198883,0.03281041327863932,0.06210422143340111
345,1.1578823328018188,1.2780667543411255,1,0.518820583820343,0.3421066105365753,0.6272966861724854,0.5686725378036499,0.8877187371253967,0.9451355338096619,0.4490765631198883,0.03308649966493249,0.06244351668283343
346,1.1578823328018188,1.2780667543411255,1,0.518820583820343,0.3421066105365753,0.6272966861724854,0.5686725378036499,0.8877187371253967,0.9451355338096619,0.4490765631198883,0.0331264603883028,0.06337716802954674
347,1.1578823328018188,1.2780667543411255,1,0.518820583820343,0.3421066105365753,0.6272966861724854,0.5686725378036499,0.8877187371253967,0.9451355338096619,0.4490765631198883,0.033345678355544806,0.06272814515978098
348,1.1578823328018188,1.2780667543411255,1,0.518820583820343,0.3421066105365753,0.6272966861724854,0.5686725378036499,0.8877187371253967,0.9451355338096619,0.4490765631198883,0.03285058308392763,0.06215992011129856
349,1.1578823328018188,1.2780667543411255,1,0.518820583820343,0.3421066105365753,0.6272966861724854,0.5686725378036499,0.8877187371253967,0.9451355338096619,0.4490765631198883,0.03295522183179855,0.06264357501640916
350,1.1578823328018188,1.2780667543411255,1,0.518820583820343,0.3421066105365753,0.6272966861724854,0.5686725378036499,0.8877187371253967,0.9451355338096619,0.4490765631198883,0.03320802887901664,0.0628635031171143
351,1.1578823328018188,1.2780667543411255,1,0.518820583820343,0.3421066105365753,0.6272966861724854,0.5686725378036499,0.8877187371253967,0.9451355338096619,0.4490765631198883,0.033308429177850485,0.06321904016658664
352,1.1578823328018188,1.2780667543411255,1,0.518820583820343,0.3421066105365753,0.6272966861724854,0.5686725378036499,0.8877187371253967,0.9451355338096619,0.4490765631198883,0.033057390712201595,0.062458676751703024
353,1.1578823328018188,1.2780667543411255,1,0.518820583820343,0.3421066105365753,0.6272966861724854,0.5686725378036499,0.8877187371253967,0.9451355338096619,0.4490765631198883,0.03397922217845917,0.0636706450022757
354,1.1578823328018188,1.2780667543411255,1,0.518820583820343,0.3421066105365753,0.6272966861724854,0.5686725378036499,0.8877187371253967,0.9451355338096619,0.4490765631198883,0.032732593826949596,0.06234877882525325
355,1.1578823328018188,1.2780667543411255,1,0.518820583820343,0.3421066105365753,0.6272966861724854,0.5686725378036499,0.8877187371253967,0.9451355338096619,0.4490765631198883,0.03324516909196973,0.06273936526849866
356,1.1578823328018188,1.2780667543411255,1,0.518820583820343,0.3421066105365753,0.6272966861724854,0.5686725378036499,0.8877187371253967,0.9451355338096619,0.4490765631198883,0.033274097833782434,0.06280729314312339
357,1.1578823328018188,1.2780667543411255,1,0.518820583820343,0.3421066105365753,0.6272966861724854,0.5686725378036499,0.8877187371253967,0.9451355338096619,0.4490765631198883,0.0335588357411325,0.0630656317807734
358,1.1578823328018188,1.2780667543411255,1,0.518820583820343,0.3421066105365753,0.6272966861724854,0.5686725378036499,0.8877187371253967,0.9451355338096619,0.4490765631198883,0.03213319927453995,0.061520855873823166
359,1.1578823328018188,1.2780667543411255,1,0.518820583820343,0.3421066105365753,0.6272966861724854,0.5686725378036499,0.8877187371253967,0.9451355338096619,0.4490765631198883,0.03358661476522684,0.06308784103021026
360,1.1578823328018188,1.2780667543411255,1,0.518820583820343,0.3421066105365753,0.6272966861724854,0.5686725378036499,0.8877187371253967,0.9451355338096619,0.4490765631198883,0.03288270300254226,0.0623533190228045
361,1.1578823328018188,1.2780667543411255,1,0.518820583820343,0.3421066105365753,0.6272966861724854,0.5686725378036499,0.8877187371253967,0.9451355338096619,0.4490765631198883,0.03365371469408274,0.0633974876254797
362,1.1578823328018188,1.2780667543411255,1,0.518820583820343,0.3421066105365753,0.6272966861724854,0.5686725378036499,0.8877187371253967,0.9451355338096619,0.4490765631198883,0.034417578019201756,0.06365356594324112
363,1.1578823328018188,1.2780667543411255,1,0.518820583820343,0.3421066105365753,0.6272966861724854,0.5686725378036499,0.8877187371253967,0.9451355338096619,0.4490765631198883,0.03179789334535599,0.06071187416091561
364,1.1578823328018188,1.2780667543411255,1,0.518820583820343,0.3421066105365753,0.6272966861724854,0.5686725378036499,0.8877187371253967,0.9451355338096619,0.4490765631198883,0.03226641798391938,0.06157900486141443
365,1.1578823328018188,1.2780667543411255,1,0.518820583820343,0.3421066105365753,0.6272966861724854,0.5686725378036499,0.8877187371253967,0.9451355338096619,0.4490765631198883,0.03318904899060726,0.06230383925139904
366,1.1578823328018188,1.2780667543411255,1,0.518820583820343,0.3421066105365753,0.6272966861724854,0.5686725378036499,0.8877187371253967,0.9451355338096619,0.4490765631198883,0.03117174981161952,0.06032801792025566
367,1.1578823328018188,1.2780667543411255,1,0.518820583820343,0.3421066105365753,0.6272966861724854,0.5686725378036499,0.8877187371253967,0.9451355338096619,0.4490765631198883,0.032327817752957344,0.06171054486185312
368,1.1578823328018188,1.2780667543411255,1,0.518820583820343,0.3421066105365753,0.6272966861724854,0.5686725378036499,0.8877187371253967,0.9451355338096619,0.4490765631198883,0.0339094428345561,0.06379132391884923
369,1.1578823328018188,1.2780667543411255,1,0.518820583820343,0.3421066105365753,0.6272966861724854,0.5686725378036499,0.8877187371253967,0.9451355338096619,0.4490765631198883,0.03369131498038769,0.06344471825286746
370,1.1578823328018188,1.2780667543411255,1,0.518820583820343,0.3421066105365753,0.6272966861724854,0.5686725378036499,0.8877187371253967,0.9451355338096619,0.4490765631198883,0.03276174422353506,0.062155730091035366
371,1.1578823328018188,1.2780667543411255,1,0.518820583820343,0.3421066105365753,0.6272966861724854,0.5686725378036499,0.8877187371253967,0.9451355338096619,0.4490765631198883,0.03300943085923791,0.06269798520952463
372,1.1578823328018188,1.2780667543411255,1,0.518820583820343,0.3421066105365753,0.6272966861724854,0.5686725378036499,0.8877187371253967,0.9451355338096619,0.4490765631198883,0.033529335632920265,0.06317358976230025
373,1.1578823328018188,1.2780667543411255,1,0.518820583820343,0.3421066105365753,0.6272966861724854,0.5686725378036499,0.8877187371253967,0.9451355338096619,0.4490765631198883,0.033709435258060694,0.06454787729308009
374,1.1578823328018188,1.2780667543411255,1,0.518820583820343,0.3421066105365753,0.6272966861724854,0.5686725378036499,0.8877187371253967,0.9451355338096619,0.4490765631198883,0.0381226921454072,0.06881990609690547
375,1.1578823328018188,1.2780667543411255,1,0.518820583820343,0.3421066105365753,0.6272966861724854,0.5686725378036499,0.8877187371253967,0.9451355338096619,0.4490765631198883,0.03625083016231656,0.0663872491568327
376,1.1578823328018188,1.2780667543411255,1,0.518820583820343,0.3421066105365753,0.6272966861724854,0.5686725378036499,0.8877187371253967,0.9451355338096619,0.4490765631198883,0.03407103195786476,0.06362155731767416
377,1.1578823328018188,1.2780667543411255,1,0.518820583820343,0.3421066105365753,0.6272966861724854,0.5686725378036499,0.8877187371253967,0.9451355338096619,0.4490765631198883,0.03244312712922692,0.06178070418536663
378,1.1578823328018188,1.2780667543411255,1,0.518820583820343,0.3421066105365753,0.6272966861724854,0.5686725378036499,0.8877187371253967,0.9451355338096619,0.4490765631198883,0.03252531588077545,0.06168347503989935
379,1.1578823328018188,1.2780667543411255,1,0.518820583820343,0.3421066105365753,0.6272966861724854,0.5686725378036499,0.8877187371253967,0.9451355338096619,0.4490765631198883,0.03231678809970617,0.06172460410743952
380,1.1578823328018188,1.2780667543411255,1,0.518820583820343,0.3421066105365753,0.6272966861724854,0.5686725378036499,0.8877187371253967,0.9451355338096619,0.4490765631198883,0.03240408794954419,0.06194645306095481
381,1.1578823328018188,1.2780667543411255,1,0.518820583820343,0.3421066105365753,0.6272966861724854,0.5686725378036499,0.8877187371253967,0.9451355338096619,0.4490765631198883,0.03240968706086278,0.0618204427883029
382,1.1578823328018188,1.2780667543411255,1,0.518820583820343,0.3421066105365753,0.6272966861724854,0.5686725378036499,0.8877187371253967,0.9451355338096619,0.4490765631198883,0.031853652093559504,0.06110046012327075
383,1.1578823328018188,1.2780667543411255,1,0.518820583820343,0.3421066105365753,0.6272966861724854,0.5686725378036499,0.8877187371253967,0.9451355338096619,0.4490765631198883,0.031728303991258144,0.06111042993143201
384,1.1578823328018188,1.2780667543411255,1,0.518820583820343,0.3421066105365753,0.6272966861724854,0.5686725378036499,0.8877187371253967,0.9451355338096619,0.4490765631198883,0.03245148714631796,0.06184033304452896
385,1.1578823328018188,1.2780667543411255,1,0.518820583820343,0.3421066105365753,0.6272966861724854,0.5686725378036499,0.8877187371253967,0.9451355338096619,0.4490765631198883,0.03293635183945298,0.06243304722011089
386,1.1578823328018188,1.2780667543411255,1,0.518820583820343,0.3421066105365753,0.6272966861724854,0.5686725378036499,0.8877187371253967,0.9451355338096619,0.4490765631198883,0.032080689910799265,0.06147794704884291
387,1.1578823328018188,1.2780667543411255,1,0.518820583820343,0.3421066105365753,0.6272966861724854,0.5686725378036499,0.8877187371253967,0.9451355338096619,0.4490765631198883,0.03230730909854174,0.061453526839613914
388,1.1578823328018188,1.2780667543411255,1,0.518820583820343,0.3421066105365753,0.6272966861724854,0.5686725378036499,0.8877187371253967,0.9451355338096619,0.4490765631198883,0.03403986105695367,0.06409918144345284
389,1.1578823328018188,1.2780667543411255,1,0.518820583820343,0.3421066105365753,0.6272966861724854,0.5686725378036499,0.8877187371253967,0.9451355338096619,0.4490765631198883,0.03249398618936539,0.06173216411843896
390,1.1578823328018188,1.2780667543411255,1,0.518820583820343,0.3421066105365753,0.6272966861724854,0.5686725378036499,0.8877187371253967,0.9451355338096619,0.4490765631198883,0.032269569113850594,0.06145429704338312
391,1.1578823328018188,1.2780667543411255,1,0.518820583820343,0.3421066105365753,0.6272966861724854,0.5686725378036499,0.8877187371253967,0.9451355338096619,0.4490765631198883,0.03229879820719361,0.06158584589138627
392,1.1578823328018188,1.2780667543411255,1,0.518820583820343,0.3421066105365753,0.6272966861724854,0.5686725378036499,0.8877187371253967,0.9451355338096619,0.4490765631198883,0.03182792291045189,0.06079506315290928
393,1.1578823328018188,1.2780667543411255,1,0.518820583820343,0.3421066105365753,0.6272966861724854,0.5686725378036499,0.8877187371253967,0.9451355338096619,0.4490765631198883,0.03219417901709676,0.0615513757802546
394,1.1578823328018188,1.2780667543411255,1,0.518820583820343,0.3421066105365753,0.6272966861724854,0.5686725378036499,0.8877187371253967,0.9451355338096619,0.4490765631198883,0.03268966404721141,0.06212097965180874
395,1.1578823328018188,1.2780667543411255,1,0.518820583820343,0.3421066105365753,0.6272966861724854,0.5686725378036499,0.8877187371253967,0.9451355338096619,0.4490765631198883,0.03197648236528039,0.06128488900139928
396,1.1578823328018188,1.2780667543411255,1,0.518820583820343,0.3421066105365753,0.6272966861724854,0.5686725378036499,0.8877187371253967,0.9451355338096619,0.4490765631198883,0.03231841791421175,0.06133235804736614
397,1.1578823328018188,1.2780667543411255,1,0.518820583820343,0.3421066105365753,0.6272966861724854,0.5686725378036499,0.8877187371253967,0.9451355338096619,0.4490765631198883,0.03237432800233364,0.061548825819045305
398,1.1578823328018188,1.2780667543411255,1,0.518820583820343,0.3421066105365753,0.6272966861724854,0.5686725378036499,0.8877187371253967,0.9451355338096619,0.4490765631198883,0.03191184112802148,0.06131345825269818
399,1.1578823328018188,1.2780667543411255,1,0.518820583820343,0.3421066105365753,0.6272966861724854,0.5686725378036499,0.8877187371253967,0.9451355338096619,0.4490765631198883,0.032437777146697044,0.061776514165103436
400,1.1578823328018188,1.2780667543411255,1,0.518820583820343,0.3421066105365753,0.6272966861724854,0.5686725378036499,0.8877187371253967,0.9451355338096619,0.4490765631198883,0.03195244167000055,0.06168749509379268
401,1.1578823328018188,1.2780667543411255,1,0.518820583820343,0.3421066105365753,0.6272966861724854,0.5686725378036499,0.8877187371253967,0.9451355338096619,0.4490765631198883,0.03257562592625618,0.062191979959607124
402,1.1578823328018188,1.2780667543411255,1,0.518820583820343,0.3421066105365753,0.6272966861724854,0.5686725378036499,0.8877187371253967,0.9451355338096619,0.4490765631198883,0.031714024022221565,0.060911121778190136
403,1.1578823328018188,1.2780667543411255,1,0.518820583820343,0.3421066105365753,0.6272966861724854,0.5686725378036499,0.8877187371253967,0.9451355338096619,0.4490765631198883,0.03253492619842291,0.06186216324567795
404,1.1578823328018188,1.2780667543411255,1,0.518820583820343,0.3421066105365753,0.6272966861724854,0.5686725378036499,0.8877187371253967,0.9451355338096619,0.4490765631198883,0.03228100808337331,0.06154753593727946
405,1.1578823328018188,1.2780667543411255,1,0.518820583820343,0.3421066105365753,0.6272966861724854,0.5686725378036499,0.8877187371253967,0.9451355338096619,0.4490765631198883,0.03236125782132149,0.06157390587031841
406,1.1578823328018188,1.2780667543411255,1,0.518820583820343,0.3421066105365753,0.6272966861724854,0.5686725378036499,0.8877187371253967,0.9451355338096619,0.4490765631198883,0.03232100838795304,0.0613082991912961
407,1.1578823328018188,1.2780667543411255,1,0.518820583820343,0.3421066105365753,0.6272966861724854,0.5686725378036499,0.8877187371253967,0.9451355338096619,0.4490765631198883,0.0316837839782238,0.060577334836125374
408,1.1578823328018188,1.2780667543411255,1,0.518820583820343,0.3421066105365753,0.6272966861724854,0.5686725378036499,0.8877187371253967,0.9451355338096619,0.4490765631198883,0.032366607803851366,0.06167624471709132
409,1.1578823328018188,1.2780667543411255,1,0.518820583820343,0.3421066105365753,0.6272966861724854,0.5686725378036499,0.8877187371253967,0.9451355338096619,0.4490765631198883,0.032406726852059364,0.06149253575131297
410,1.1578823328018188,1.2780667543411255,1,0.518820583820343,0.3421066105365753,0.6272966861724854,0.5686725378036499,0.8877187371253967,0.9451355338096619,0.4490765631198883,0.03209445020183921,0.06115663005039096
411,1.1578823328018188,1.2780667543411255,1,0.518820583820343,0.3421066105365753,0.6272966861724854,0.5686725378036499,0.8877187371253967,0.9451355338096619,0.4490765631198883,0.03208418982103467,0.06107768090441823
412,1.1578823328018188,1.2780667543411255,1,0.518820583820343,0.3421066105365753,0.6272966861724854,0.5686725378036499,0.8877187371253967,0.9451355338096619,0.4490765631198883,0.03140641702339053,0.060283548198640347
413,1.1578823328018188,1.2780667543411255,1,0.518820583820343,0.3421066105365753,0.6272966861724854,0.5686725378036499,0.8877187371253967,0.9451355338096619,0.4490765631198883,0.03163578500971198,0.061073401011526585
414,1.1578823328018188,1.2780667543411255,1,0.518820583820343,0.3421066105365753,0.6272966861724854,0.5686725378036499,0.8877187371253967,0.9451355338096619,0.4490765631198883,0.03254911582916975,0.06192780192941427
415,1.1578823328018188,1.2780667543411255,1,0.518820583820343,0.3421066105365753,0.6272966861724854,0.5686725378036499,0.8877187371253967,0.9451355338096619,0.4490765631198883,0.03200245089828968,0.06204282073304057
416,1.1578823328018188,1.2780667543411255,1,0.518820583820343,0.3421066105365753,0.6272966861724854,0.5686725378036499,0.8877187371253967,0.9451355338096619,0.4490765631198883,0.031584376003593206,0.06074242386966944
417,1.1578823328018188,1.2780667543411255,1,0.518820583820343,0.3421066105365753,0.6272966861724854,0.5686725378036499,0.8877187371253967,0.9451355338096619,0.4490765631198883,0.032021050807088614,0.061349617782980204
418,1.1578823328018188,1.2780667543411255,1,0.518820583820343,0.3421066105365753,0.6272966861724854,0.5686725378036499,0.8877187371253967,0.9451355338096619,0.4490765631198883,0.032254699151962996,0.06133212801069021
419,1.1578823328018188,1.2780667543411255,1,0.518820583820343,0.3421066105365753,0.6272966861724854,0.5686725378036499,0.8877187371253967,0.9451355338096619,0.4490765631198883,0.0340512222610414,0.06408266210928559
420,1.1578823328018188,1.2780667543411255,1,0.518820583820343,0.3421066105365753,0.6272966861724854,0.5686725378036499,0.8877187371253967,0.9451355338096619,0.4490765631198883,0.03500073216855526,0.06446437817066908
421,1.1578823328018188,1.2780667543411255,1,0.518820583820343,0.3421066105365753,0.6272966861724854,0.5686725378036499,0.8877187371253967,0.9451355338096619,0.4490765631198883,0.033617035020142794,0.06362792570143938
422,1.1578823328018188,1.2780667543411255,1,0.518820583820343,0.3421066105365753,0.6272966861724854,0.5686725378036499,0.8877187371253967,0.9451355338096619,0.4490765631198883,0.03342918725684285,0.06287610298022628
423,1.1578823328018188,1.2780667543411255,1,0.518820583820343,0.3421066105365753,0.6272966861724854,0.5686725378036499,0.8877187371253967,0.9451355338096619,0.4490765631198883,0.033819873817265034,0.06319015100598335
424,1.1578823328018188,1.2780667543411255,1,0.518820583820343,0.3421066105365753,0.6272966861724854,0.5686725378036499,0.8877187371253967,0.9451355338096619,0.4490765631198883,0.033835913985967636,0.06308246217668056
425,1.1578823328018188,1.2780667543411255,1,0.518820583820343,0.3421066105365753,0.6272966861724854,0.5686725378036499,0.8877187371253967,0.9451355338096619,0.4490765631198883,0.03306475095450878,0.06211406970396638
426,1.1578823328018188,1.2780667543411255,1,0.518820583820343,0.3421066105365753,0.6272966861724854,0.5686725378036499,0.8877187371253967,0.9451355338096619,0.4490765631198883,0.03296421095728874,0.06273374427109957
427,1.1578823328018188,1.2780667543411255,1,0.518820583820343,0.3421066105365753,0.6272966861724854,0.5686725378036499,0.8877187371253967,0.9451355338096619,0.4490765631198883,0.03378031402826309,0.06328903883695602
428,1.1578823328018188,1.2780667543411255,1,0.518820583820343,0.3421066105365753,0.6272966861724854,0.5686725378036499,0.8877187371253967,0.9451355338096619,0.4490765631198883,0.03331291815266013,0.06257453607395291
429,1.1578823328018188,1.2780667543411255,1,0.518820583820343,0.3421066105365753,0.6272966861724854,0.5686725378036499,0.8877187371253967,0.9451355338096619,0.4490765631198883,0.03576104482635856,0.06487334426492453
430,1.1578823328018188,1.2780667543411255,1,0.518820583820343,0.3421066105365753,0.6272966861724854,0.5686725378036499,0.8877187371253967,0.9451355338096619,0.4490765631198883,0.03353018593043089,0.0632734689861536
431,1.1578823328018188,1.2780667543411255,1,0.518820583820343,0.3421066105365753,0.6272966861724854,0.5686725378036499,0.8877187371253967,0.9451355338096619,0.4490765631198883,0.034077271819114685,0.06359024671837687
432,1.1578823328018188,1.2780667543411255,1,0.518820583820343,0.3421066105365753,0.6272966861724854,0.5686725378036499,0.8877187371253967,0.9451355338096619,0.4490765631198883,0.03322126902639866,0.062388667836785316
433,1.1578823328018188,1.2780667543411255,1,0.518820583820343,0.3421066105365753,0.6272966861724854,0.5686725378036499,0.8877187371253967,0.9451355338096619,0.4490765631198883,0.03465000493451953,0.0639995220117271
434,1.1578823328018188,1.2780667543411255,1,0.518820583820343,0.3421066105365753,0.6272966861724854,0.5686725378036499,0.8877187371253967,0.9451355338096619,0.4490765631198883,0.034177260007709265,0.06382627366110682
435,1.1578823328018188,1.2780667543411255,1,0.518820583820343,0.3421066105365753,0.6272966861724854,0.5686725378036499,0.8877187371253967,0.9451355338096619,0.4490765631198883,0.03387304302304983,0.06309018097817898
436,1.1578823328018188,1.2780667543411255,1,0.518820583820343,0.3421066105365753,0.6272966861724854,0.5686725378036499,0.8877187371253967,0.9451355338096619,0.4490765631198883,0.03348918724805117,0.06284454325214028
437,1.1578823328018188,1.2780667543411255,1,0.518820583820343,0.3421066105365753,0.6272966861724854,0.5686725378036499,0.8877187371253967,0.9451355338096619,0.4490765631198883,0.03327751811593771,0.06275570392608643
438,1.1578823328018188,1.2780667543411255,1,0.518820583820343,0.3421066105365753,0.6272966861724854,0.5686725378036499,0.8877187371253967,0.9451355338096619,0.4490765631198883,0.03405153099447489,0.06354485685005784
439,1.1578823328018188,1.2780667543411255,1,0.518820583820343,0.3421066105365753,0.6272966861724854,0.5686725378036499,0.8877187371253967,0.9451355338096619,0.4490765631198883,0.03412017086520791,0.0634517977014184
440,1.1578823328018188,1.2780667543411255,1,0.518820583820343,0.3421066105365753,0.6272966861724854,0.5686725378036499,0.8877187371253967,0.9451355338096619,0.4490765631198883,0.03428341913968325,0.06399110332131386
441,1.1578823328018188,1.2780667543411255,1,0.518820583820343,0.3421066105365753,0.6272966861724854,0.5686725378036499,0.8877187371253967,0.9451355338096619,0.4490765631198883,0.03421155968680978,0.06357116671279073
442,1.1578823328018188,1.2780667543411255,1,0.518820583820343,0.3421066105365753,0.6272966861724854,0.5686725378036499,0.8877187371253967,0.9451355338096619,0.4490765631198883,0.034161950927227736,0.13815203728154302
443,1.1578823328018188,1.2780667543411255,1,0.518820583820343,0.3421066105365753,0.6272966861724854,0.5686725378036499,0.8877187371253967,0.9451355338096619,0.4490765631198883,0.03339815838262439,0.0628736731596291
444,1.1578823328018188,1.2780667543411255,1,0.518820583820343,0.3421066105365753,0.6272966861724854,0.5686725378036499,0.8877187371253967,0.9451355338096619,0.4490765631198883,0.03419099003076553,0.06424224004149437
445,1.1578823328018188,1.2780667543411255,1,0.518820583820343,0.3421066105365753,0.6272966861724854,0.5686725378036499,0.8877187371253967,0.9451355338096619,0.4490765631198883,0.03262097528204322,0.062086581252515316
446,1.1578823328018188,1.2780667543411255,1,0.518820583820343,0.3421066105365753,0.6272966861724854,0.5686725378036499,0.8877187371253967,0.9451355338096619,0.4490765631198883,0.03276844369247556,0.06272616470232606
447,1.1578823328018188,1.2780667543411255,1,0.518820583820343,0.3421066105365753,0.6272966861724854,0.5686725378036499,0.8877187371253967,0.9451355338096619,0.4490765631198883,0.032823743764311075,0.0622023600153625
448,1.1578823328018188,1.2780667543411255,1,0.518820583820343,0.3421066105365753,0.6272966861724854,0.5686725378036499,0.8877187371253967,0.9451355338096619,0.4490765631198883,0.032145760022103786,0.062007041182368994
449,1.1578823328018188,1.2780667543411255,1,0.518820583820343,0.3421066105365753,0.6272966861724854,0.5686725378036499,0.8877187371253967,0.9451355338096619,0.4490765631198883,0.03345634741708636,0.0630879714153707
450,1.1578823328018188,1.2780667543411255,1,0.518820583820343,0.3421066105365753,0.6272966861724854,0.5686725378036499,0.8877187371253967,0.9451355338096619,0.4490765631198883,0.03418888011947274,0.06409454112872481
451,1.1578823328018188,1.2780667543411255,1,0.518820583820343,0.3421066105365753,0.6272966861724854,0.5686725378036499,0.8877187371253967,0.9451355338096619,0.4490765631198883,0.034770743921399117,0.06401792168617249
452,1.1578823328018188,1.2780667543411255,1,0.518820583820343,0.3421066105365753,0.6272966861724854,0.5686725378036499,0.8877187371253967,0.9451355338096619,0.4490765631198883,0.032622835133224726,0.06221552984789014
453,1.1578823328018188,1.2780667543411255,1,0.518820583820343,0.3421066105365753,0.6272966861724854,0.5686725378036499,0.8877187371253967,0.9451355338096619,0.4490765631198883,0.034330878872424364,0.0643176888115704
454,1.1578823328018188,1.2780667543411255,1,0.518820583820343,0.3421066105365753,0.6272966861724854,0.5686725378036499,0.8877187371253967,0.9451355338096619,0.4490765631198883,0.033419338054955006,0.06275109387934208
455,1.1578823328018188,1.2780667543411255,1,0.518820583820343,0.3421066105365753,0.6272966861724854,0.5686725378036499,0.8877187371253967,0.9451355338096619,0.4490765631198883,0.034400227945297956,0.06354606663808227
456,1.1578823328018188,1.2780667543411255,1,0.518820583820343,0.3421066105365753,0.6272966861724854,0.5686725378036499,0.8877187371253967,0.9451355338096619,0.4490765631198883,0.03369101509451866,0.06312431069090962
457,1.1578823328018188,1.2780667543411255,1,0.518820583820343,0.3421066105365753,0.6272966861724854,0.5686725378036499,0.8877187371253967,0.9451355338096619,0.4490765631198883,0.03425720939412713,0.06386848399415612
458,1.1578823328018188,1.2780667543411255,1,0.518820583820343,0.3421066105365753,0.6272966861724854,0.5686725378036499,0.8877187371253967,0.9451355338096619,0.4490765631198883,0.033269228879362345,0.06266625598073006
459,1.1578823328018188,1.2780667543411255,1,0.518820583820343,0.3421066105365753,0.6272966861724854,0.5686725378036499,0.8877187371253967,0.9451355338096619,0.4490765631198883,0.035405877977609634,0.06533535895869136
460,1.1578823328018188,1.2780667543411255,1,0.518820583820343,0.3421066105365753,0.6272966861724854,0.5686725378036499,0.8877187371253967,0.9451355338096619,0.4490765631198883,0.034414457622915506,0.06406645197421312
461,1.1578823328018188,1.2780667543411255,1,0.518820583820343,0.3421066105365753,0.6272966861724854,0.5686725378036499,0.8877187371253967,0.9451355338096619,0.4490765631198883,0.03624580008909106,0.06616439111530781
462,1.1578823328018188,1.2780667543411255,1,0.518820583820343,0.3421066105365753,0.6272966861724854,0.5686725378036499,0.8877187371253967,0.9451355338096619,0.4490765631198883,0.03339962800964713,0.06307832105085254
463,1.1578823328018188,1.2780667543411255,1,0.518820583820343,0.3421066105365753,0.6272966861724854,0.5686725378036499,0.8877187371253967,0.9451355338096619,0.4490765631198883,0.03445047792047262,0.06496612308546901
464,1.1578823328018188,1.2780667543411255,1,0.518820583820343,0.3421066105365753,0.6272966861724854,0.5686725378036499,0.8877187371253967,0.9451355338096619,0.4490765631198883,0.033996602054685354,0.06371369492262602
465,1.1578823328018188,1.2780667543411255,1,0.518820583820343,0.3421066105365753,0.6272966861724854,0.5686725378036499,0.8877187371253967,0.9451355338096619,0.4490765631198883,0.03287955280393362,0.06295925285667181
466,1.1578823328018188,1.2780667543411255,1,0.518820583820343,0.3421066105365753,0.6272966861724854,0.5686725378036499,0.8877187371253967,0.9451355338096619,0.4490765631198883,0.03630795981734991,0.06598530290648341
467,1.1578823328018188,1.2780667543411255,1,0.518820583820343,0.3421066105365753,0.6272966861724854,0.5686725378036499,0.8877187371253967,0.9451355338096619,0.4490765631198883,0.03285754285752773,0.06270734500139952
468,1.1578823328018188,1.2780667543411255,1,0.518820583820343,0.3421066105365753,0.6272966861724854,0.5686725378036499,0.8877187371253967,0.9451355338096619,0.4490765631198883,0.03422064008191228,0.06362192612141371
469,1.1578823328018188,1.2780667543411255,1,0.518820583820343,0.3421066105365753,0.6272966861724854,0.5686725378036499,0.8877187371253967,0.9451355338096619,0.4490765631198883,0.033854563254863024,0.06393435318022966
470,1.1578823328018188,1.2780667543411255,1,0.518820583820343,0.3421066105365753,0.6272966861724854,0.5686725378036499,0.8877187371253967,0.9451355338096619,0.4490765631198883,0.03465249575674534,0.06423974083736539
471,1.1578823328018188,1.2780667543411255,1,0.518820583820343,0.3421066105365753,0.6272966861724854,0.5686725378036499,0.8877187371253967,0.9451355338096619,0.4490765631198883,0.03322618966922164,0.06314155086874962
472,1.1578823328018188,1.2780667543411255,1,0.518820583820343,0.3421066105365753,0.6272966861724854,0.5686725378036499,0.8877187371253967,0.9451355338096619,0.4490765631198883,0.03435849864035845,0.0639336328022182
473,1.1578823328018188,1.2780667543411255,1,0.518820583820343,0.3421066105365753,0.6272966861724854,0.5686725378036499,0.8877187371253967,0.9451355338096619,0.4490765631198883,0.03430624911561608,0.06446353811770678
474,1.1578823328018188,1.2780667543411255,1,0.518820583820343,0.3421066105365753,0.6272966861724854,0.5686725378036499,0.8877187371253967,0.9451355338096619,0.4490765631198883,0.034288769122213125,0.06407525110989809
475,1.1578823328018188,1.2780667543411255,1,0.518820583820343,0.3421066105365753,0.6272966861724854,0.5686725378036499,0.8877187371253967,0.9451355338096619,0.4490765631198883,0.03432504879310727,0.06377996411174536
476,1.1578823328018188,1.2780667543411255,1,0.518820583820343,0.3421066105365753,0.6272966861724854,0.5686725378036499,0.8877187371253967,0.9451355338096619,0.4490765631198883,0.03537802817299962,0.06519708037376404
477,1.1578823328018188,1.2780667543411255,1,0.518820583820343,0.3421066105365753,0.6272966861724854,0.5686725378036499,0.8877187371253967,0.9451355338096619,0.4490765631198883,0.0341291013173759,0.06349922716617584
478,1.1578823328018188,1.2780667543411255,1,0.518820583820343,0.3421066105365753,0.6272966861724854,0.5686725378036499,0.8877187371253967,0.9451355338096619,0.4490765631198883,0.03555773664265871,0.06577017484232783
479,1.1578823328018188,1.2780667543411255,1,0.518820583820343,0.3421066105365753,0.6272966861724854,0.5686725378036499,0.8877187371253967,0.9451355338096619,0.4490765631198883,0.03404679195955396,0.0637324950657785
480,1.1578823328018188,1.2780667543411255,1,0.518820583820343,0.3421066105365753,0.6272966861724854,0.5686725378036499,0.8877187371253967,0.9451355338096619,0.4490765631198883,0.0359303830191493,0.06567164603620768
481,1.1578823328018188,1.2780667543411255,1,0.518820583820343,0.3421066105365753,0.6272966861724854,0.5686725378036499,0.8877187371253967,0.9451355338096619,0.4490765631198883,0.033755654003471136,0.06344951689243317
482,1.1578823328018188,1.2780667543411255,1,0.518820583820343,0.3421066105365753,0.6272966861724854,0.5686725378036499,0.8877187371253967,0.9451355338096619,0.4490765631198883,0.033607876393944025,0.06355179706588387
483,1.1578823328018188,1.2780667543411255,1,0.518820583820343,0.3421066105365753,0.6272966861724854,0.5686725378036499,0.8877187371253967,0.9451355338096619,0.4490765631198883,0.033659006003290415,0.06313265115022659
484,1.1578823328018188,1.2780667543411255,1,0.518820583820343,0.3421066105365753,0.6272966861724854,0.5686725378036499,0.8877187371253967,0.9451355338096619,0.4490765631198883,0.03236575797200203,0.06265850504860282
485,1.1578823328018188,1.2780667543411255,1,0.518820583820343,0.3421066105365753,0.6272966861724854,0.5686725378036499,0.8877187371253967,0.9451355338096619,0.4490765631198883,0.03610397223383188,0.06560158729553223
486,1.1578823328018188,1.2780667543411255,1,0.518820583820343,0.3421066105365753,0.6272966861724854,0.5686725378036499,0.8877187371253967,0.9451355338096619,0.4490765631198883,0.03309796005487442,0.06326381908729672
487,1.1578823328018188,1.2780667543411255,1,0.518820583820343,0.3421066105365753,0.6272966861724854,0.5686725378036499,0.8877187371253967,0.9451355338096619,0.4490765631198883,0.032913611736148596,0.062387838028371334
488,1.1578823328018188,1.2780667543411255,1,0.518820583820343,0.3421066105365753,0.6272966861724854,0.5686725378036499,0.8877187371253967,0.9451355338096619,0.4490765631198883,0.03419680008664727,0.06411517085507512
489,1.1578823328018188,1.2780667543411255,1,0.518820583820343,0.3421066105365753,0.6272966861724854,0.5686725378036499,0.8877187371253967,0.9451355338096619,0.4490765631198883,0.03559094714000821,0.06558396806940436
490,1.1578823328018188,1.2780667543411255,1,0.518820583820343,0.3421066105365753,0.6272966861724854,0.5686725378036499,0.8877187371253967,0.9451355338096619,0.4490765631198883,0.032916092313826084,0.062152469996362925
491,1.1578823328018188,1.2780667543411255,1,0.518820583820343,0.3421066105365753,0.6272966861724854,0.5686725378036499,0.8877187371253967,0.9451355338096619,0.4490765631198883,0.036660965997725725,0.06666585709899664
492,1.1578823328018188,1.2780667543411255,1,0.518820583820343,0.3421066105365753,0.6272966861724854,0.5686725378036499,0.8877187371253967,0.9451355338096619,0.4490765631198883,0.03337028808891773,0.06298785237595439
493,1.1578823328018188,1.2780667543411255,1,0.518820583820343,0.3421066105365753,0.6272966861724854,0.5686725378036499,0.8877187371253967,0.9451355338096619,0.4490765631198883,0.03547949809581041,0.06511216191574931
494,1.1578823328018188,1.2780667543411255,1,0.518820583820343,0.3421066105365753,0.6272966861724854,0.5686725378036499,0.8877187371253967,0.9451355338096619,0.4490765631198883,0.0341294901445508,0.06382485385984182
495,1.1578823328018188,1.2780667543411255,1,0.518820583820343,0.3421066105365753,0.6272966861724854,0.5686725378036499,0.8877187371253967,0.9451355338096619,0.4490765631198883,0.03386786300688982,0.06398595310747623
496,1.1578823328018188,1.2780667543411255,1,0.518820583820343,0.3421066105365753,0.6272966861724854,0.5686725378036499,0.8877187371253967,0.9451355338096619,0.4490765631198883,0.03274481417611241,0.06208631116896868
497,1.1578823328018188,1.2780667543411255,1,0.518820583820343,0.3421066105365753,0.6272966861724854,0.5686725378036499,0.8877187371253967,0.9451355338096619,0.4490765631198883,0.033486427273601294,0.06432878924533725
498,1.1578823328018188,1.2780667543411255,1,0.518820583820343,0.3421066105365753,0.6272966861724854,0.5686725378036499,0.8877187371253967,0.9451355338096619,0.4490765631198883,0.03358664596453309,0.06311291130259633
499,1.1578823328018188,1.2780667543411255,1,0.518820583820343,0.3421066105365753,0.6272966861724854,0.5686725378036499,0.8877187371253967,0.9451355338096619,0.4490765631198883,0.033941603265702724,0.06403458211570978
