iteration,loss,lengthscale,outputscale,likelyhood_noise,test_MAE,test_NLL,test_PICP50,test_PICP90,test_PICP95,test_RMSE,it_time_training,it_time
0,1.4094972610473633,3.2661194801330566,1,0.644496738910675,6.323179721832275,3.581411838531494,0.6785714030265808,0.9812925457954407,0.9965986609458923,7.918951511383057,0.3409138470888138,0.6522524049505591
1,1.3884245157241821,3.454231023788452,1,0.598240077495575,6.144400596618652,3.552565813064575,0.6751700639724731,0.9778911471366882,0.9948979616165161,7.734879970550537,0.0492233345285058,0.14161569718271494
2,1.3682382106781006,3.661015033721924,1,0.5544741749763489,6.000051498413086,3.524019956588745,0.6734693646430969,0.9744898080825806,0.9897959232330322,7.573352336883545,0.03932551294565201,0.13145277742296457
3,1.3476243019104004,3.884071111679077,1,0.5131913423538208,5.888718605041504,3.4955527782440186,0.6547619104385376,0.9693877696990967,0.988095223903656,7.424995422363281,0.03917353320866823,0.13191896118223667
4,1.3261960744857788,4.121776103973389,1,0.47437945008277893,5.787807464599609,3.4671144485473633,0.6547619104385376,0.9676870703697205,0.988095223903656,7.285533905029297,0.03937067277729511,0.1335804956033826
5,1.3045692443847656,4.372799873352051,1,0.43802565336227417,5.699645519256592,3.4402859210968018,0.6496598720550537,0.9676870703697205,0.9846938848495483,7.167140960693359,0.03913548495620489,0.134753605350852
6,1.2833669185638428,4.6359028816223145,1,0.40411967039108276,5.6186957359313965,3.4145596027374268,0.6445578336715698,0.9659863710403442,0.9829931855201721,7.058954238891602,0.03937590308487415,0.13422189000993967
7,1.2629936933517456,4.909830570220947,1,0.37265729904174805,5.542327404022217,3.3904342651367188,0.6241496801376343,0.9608843326568604,0.9829931855201721,6.959882736206055,0.03916109539568424,0.14254432823508978
8,1.2437424659729004,5.193202495574951,1,0.34364548325538635,5.46648645401001,3.368945837020874,0.6020408272743225,0.9506802558898926,0.9829931855201721,6.875097274780273,0.03914647549390793,0.14288258366286755
9,1.225917100906372,5.484407901763916,1,0.3171067535877228,5.381292819976807,3.3481414318084717,0.5867347121238708,0.9506802558898926,0.9812925457954407,6.785557746887207,0.039244404062628746,0.1507043382152915
10,1.209837555885315,5.781558990478516,1,0.2930834889411926,5.317458152770996,3.3306150436401367,0.5663265585899353,0.9404761791229248,0.9778911471366882,6.709470748901367,0.03912011533975601,0.15058689936995506
11,1.1957812309265137,6.082502841949463,1,0.271640419960022,5.255692005157471,3.3154056072235107,0.5510203838348389,0.9353741407394409,0.9676870703697205,6.6381120681762695,0.03924178425222635,0.15856239013373852
12,1.183933138847351,6.384861469268799,1,0.25286364555358887,5.194924354553223,3.3012964725494385,0.5272108912467957,0.9336734414100647,0.9608843326568604,6.566856384277344,0.03924831375479698,0.1589928064495325
13,1.1743032932281494,6.68611478805542,1,0.2368505597114563,5.1346869468688965,3.288268804550171,0.5204081535339355,0.9268707633018494,0.9574829936027527,6.494835376739502,0.03937883302569389,0.15990743692964315
14,1.1666462421417236,6.983785629272461,1,0.2236875593662262,5.07913064956665,3.277219295501709,0.511904776096344,0.9234693646430969,0.9523809552192688,6.4287824630737305,0.03912985511124134,0.16652386169880629
15,1.160453200340271,7.275735378265381,1,0.2134179174900055,5.0282673835754395,3.2675211429595947,0.49659863114356995,0.9132652878761292,0.9523809552192688,6.364175796508789,0.03911492507904768,0.17161635216325521
16,1.1550955772399902,7.560447692871094,1,0.20601366460323334,4.979310512542725,3.25935697555542,0.49829933047294617,0.9115646481513977,0.9506802558898926,6.311064720153809,0.03940931335091591,0.16856703255325556
17,1.150080680847168,7.837108612060547,1,0.20136834681034088,4.943379878997803,3.2535300254821777,0.4931972920894623,0.9064626097679138,0.9455782175064087,6.270016670227051,0.03924630396068096,0.16839287336915731
18,1.1451433897018433,8.105539321899414,1,0.19931121170520782,4.90990686416626,3.2471821308135986,0.4897959232330322,0.9115646481513977,0.942176878452301,6.228575706481934,0.0391540452837944,0.1688503986224532
19,1.1401724815368652,8.366094589233398,1,0.19963179528713226,4.896799087524414,3.2434446811676025,0.47448980808258057,0.918367326259613,0.942176878452301,6.203310966491699,0.039282914251089096,0.16909713670611382
20,1.13516366481781,8.619538307189941,1,0.2021043747663498,4.882070541381836,3.239828586578369,0.4897959232330322,0.9217687249183655,0.9455782175064087,6.182340621948242,0.03911043517291546,0.16255052108317614
21,1.1301729679107666,8.866920471191406,1,0.20650281012058258,4.875125885009766,3.237698793411255,0.4829931855201721,0.9234693646430969,0.9523809552192688,6.170555114746094,0.03929745405912399,0.16346686240285635
22,1.1252598762512207,9.109469413757324,1,0.2126036286354065,4.863566875457764,3.235426425933838,0.4863945543766022,0.9268707633018494,0.9506802558898926,6.1604790687561035,0.03936568275094032,0.15719858277589083
23,1.1204806566238403,9.348470687866211,1,0.22018058598041534,4.856431007385254,3.233733892440796,0.4863945543766022,0.9285714030265808,0.954081654548645,6.153549671173096,0.03926654439419508,0.1560770757496357
24,1.1159107685089111,9.58516788482666,1,0.22899459302425385,4.845869064331055,3.2311649322509766,0.49149659276008606,0.9319728016853333,0.9574829936027527,6.142080307006836,0.039253413677215576,0.1497085578739643
25,1.1116492748260498,9.82067584991455,1,0.23878256976604462,4.832398414611816,3.2291414737701416,0.5034013390541077,0.9353741407394409,0.9591836929321289,6.132242679595947,0.03931571450084448,0.14902689401060343
26,1.107797384262085,10.055920600891113,1,0.24924960732460022,4.825540542602539,3.2277069091796875,0.5068027377128601,0.9387755393981934,0.9591836929321289,6.1238555908203125,0.039263044483959675,0.1413516802713275
27,1.1044315099716187,10.291601181030273,1,0.260066419839859,4.812021255493164,3.226336717605591,0.5204081535339355,0.9404761791229248,0.9608843326568604,6.112893104553223,0.03907265607267618,0.14183011464774609
28,1.1015797853469849,10.528183937072754,1,0.2708752751350403,4.803565979003906,3.2257399559020996,0.5204081535339355,0.9455782175064087,0.9608843326568604,6.105722427368164,0.03926960285753012,0.14196694269776344
29,1.0992131233215332,10.76590633392334,1,0.2813050448894501,4.795175552368164,3.2252800464630127,0.5272108912467957,0.9455782175064087,0.9625850319862366,6.097033500671387,0.03996872715651989,0.14337970037013292
30,1.0972505807876587,11.004806518554688,1,0.29099327325820923,4.783382415771484,3.2245607376098633,0.5357142686843872,0.9472789168357849,0.9642857313156128,6.085718631744385,0.03913988545536995,0.1404185490682721
31,1.0955755710601807,11.244755744934082,1,0.2996123433113098,4.774665355682373,3.224957227706909,0.5408163070678711,0.9455782175064087,0.9659863710403442,6.083321571350098,0.03940912336111069,0.14012420270591974
32,1.094059944152832,11.485495567321777,1,0.30689510703086853,4.76938009262085,3.2247726917266846,0.545918345451355,0.9489796161651611,0.9642857313156128,6.077298641204834,0.0391952246427536,0.1399016948416829
33,1.092586874961853,11.726683616638184,1,0.31265467405319214,4.766303539276123,3.2245943546295166,0.5476190447807312,0.9472789168357849,0.9642857313156128,6.0730767250061035,0.03913897555321455,0.13949881866574287
34,1.0910686254501343,11.967918395996094,1,0.31679603457450867,4.761569023132324,3.2233147621154785,0.5442177057266235,0.9489796161651611,0.9659863710403442,6.06389856338501,0.03919138479977846,0.14042386878281832
35,1.0894544124603271,12.208772659301758,1,0.3193182945251465,4.7599921226501465,3.2230119705200195,0.545918345451355,0.9472789168357849,0.9676870703697205,6.063284397125244,0.03915335517376661,0.14027153048664331
36,1.0877320766448975,12.448801040649414,1,0.3203081488609314,4.754209041595459,3.221524477005005,0.5425170063972473,0.9489796161651611,0.9659863710403442,6.056401252746582,0.0392890740185976,0.14038883056491613
37,1.0859204530715942,12.687552452087402,1,0.3199273645877838,4.748417854309082,3.2196688652038574,0.5374149680137634,0.9489796161651611,0.9625850319862366,6.0490899085998535,0.03909583482891321,0.1402658298611641
38,1.0840609073638916,12.924578666687012,1,0.31839635968208313,4.750340938568115,3.2190771102905273,0.5374149680137634,0.9489796161651611,0.9642857313156128,6.050664901733398,0.03914455510675907,0.14101384300738573
39,1.0822062492370605,13.159432411193848,1,0.3159762918949127,4.744704246520996,3.2172398567199707,0.5340136289596558,0.9489796161651611,0.9625850319862366,6.044421672821045,0.039203994907438755,0.14111751224845648
40,1.080411434173584,13.39167594909668,1,0.31295135617256165,4.739409923553467,3.216484546661377,0.5340136289596558,0.9438775777816772,0.9625850319862366,6.04412317276001,0.039152094163000584,0.14170682523399591
41,1.0787240266799927,13.62088680267334,1,0.3096120357513428,4.735075950622559,3.215023994445801,0.5289115905761719,0.9438775777816772,0.9625850319862366,6.039585113525391,0.039366732351481915,0.1421224121004343
42,1.0771784782409668,13.846668243408203,1,0.306240051984787,4.730223178863525,3.2136454582214355,0.5272108912467957,0.9438775777816772,0.9625850319862366,6.034485816955566,0.03912488557398319,0.1417270852252841
43,1.075791597366333,14.068659782409668,1,0.30309468507766724,4.729477405548096,3.2125980854034424,0.5204081535339355,0.9404761791229248,0.9625850319862366,6.031434059143066,0.03913682512938976,0.1416750755161047
44,1.0745608806610107,14.28654670715332,1,0.3004019260406494,4.728244304656982,3.2123172283172607,0.5153061151504517,0.9404761791229248,0.9625850319862366,6.031539440155029,0.039233023300766945,0.14255271758884192
45,1.0734665393829346,14.500077247619629,1,0.29834499955177307,4.724867343902588,3.211611270904541,0.5102040767669678,0.9404761791229248,0.9625850319862366,6.028007984161377,0.03913921397179365,0.14296137355268002
46,1.072476863861084,14.70906925201416,1,0.2970576584339142,4.719355583190918,3.210334300994873,0.5102040767669678,0.9387755393981934,0.9625850319862366,6.021209239959717,0.03923121374100447,0.14259530697017908
47,1.0715543031692505,14.913421630859375,1,0.29662084579467773,4.717428207397461,3.2099523544311523,0.5102040767669678,0.9336734414100647,0.9608843326568604,6.018688201904297,0.03923363331705332,0.14288461487740278
48,1.070664644241333,15.113106727600098,1,0.29706138372421265,4.71501350402832,3.2091825008392334,0.5102040767669678,0.9353741407394409,0.9625850319862366,6.014153003692627,0.03920064400881529,0.1432340508326888
49,1.0697829723358154,15.30817699432373,1,0.29835397005081177,4.715366840362549,3.2091104984283447,0.5085033774375916,0.9353741407394409,0.9608843326568604,6.013665199279785,0.04098056722432375,0.14508451335132122
50,1.0688979625701904,15.498746871948242,1,0.30042538046836853,4.711051940917969,3.2082631587982178,0.5085033774375916,0.9370748400688171,0.9608843326568604,6.008247375488281,0.03914382494986057,0.14334393944591284
51,1.0680114030838013,15.68498706817627,1,0.30316027998924255,4.708402156829834,3.2079083919525146,0.5051020383834839,0.9353741407394409,0.9608843326568604,6.004855155944824,0.03915814496576786,0.14319558162242174
52,1.0671355724334717,15.86710262298584,1,0.30640938878059387,4.709718227386475,3.2079219818115234,0.5034013390541077,0.9353741407394409,0.9608843326568604,6.004745960235596,0.03927433304488659,0.14337399881333113
53,1.0662882328033447,16.04532241821289,1,0.30999839305877686,4.708857536315918,3.2078700065612793,0.5034013390541077,0.9353741407394409,0.9608843326568604,6.003332138061523,0.03909836430102587,0.14338222984224558
54,1.0654860734939575,16.219884872436523,1,0.31373870372772217,4.70746374130249,3.2076830863952637,0.5102040767669678,0.9353741407394409,0.9608843326568604,6.000576019287109,0.03916850499808788,0.1433621495962143
55,1.0647412538528442,16.391016006469727,1,0.3174392580986023,4.70758581161499,3.207685708999634,0.5085033774375916,0.9353741407394409,0.9625850319862366,5.999454975128174,0.03915082477033138,0.14354871772229671
56,1.0640573501586914,16.558935165405273,1,0.32091835141181946,4.6965484619140625,3.206023931503296,0.5153061151504517,0.9353741407394409,0.9608843326568604,5.986926078796387,0.03915067482739687,0.14178459532558918
57,1.0634303092956543,16.723834991455078,1,0.3240157961845398,4.699193477630615,3.2062675952911377,0.5170068144798279,0.9353741407394409,0.9625850319862366,5.98722505569458,0.0393048832193017,0.14255534671247005
58,1.062849760055542,16.885879516601562,1,0.326602965593338,4.697198390960693,3.205960750579834,0.5187074542045593,0.9353741407394409,0.9625850319862366,5.984182834625244,0.03917880542576313,0.14253351837396622
59,1.0623023509979248,17.045207977294922,1,0.3285908102989197,4.696025371551514,3.2057366371154785,0.5204081535339355,0.9353741407394409,0.9625850319862366,5.982036590576172,0.03918386436998844,0.1426763767376542
60,1.0617737770080566,17.201927185058594,1,0.3299342393875122,4.695295810699463,3.205512523651123,0.5221088528633118,0.9353741407394409,0.9625850319862366,5.9803547859191895,0.039318663999438286,0.14324929099529982
61,1.0612541437149048,17.356122970581055,1,0.3306334316730499,4.693521499633789,3.2054572105407715,0.5187074542045593,0.9370748400688171,0.9625850319862366,5.979542255401611,0.03916336502879858,0.14268085733056068
62,1.0607373714447021,17.507848739624023,1,0.330730676651001,4.691638946533203,3.205000162124634,0.5187074542045593,0.9370748400688171,0.9625850319862366,5.97687292098999,0.03911152575165033,0.14182783477008343
63,1.0602223873138428,17.657148361206055,1,0.3303048014640808,4.695760250091553,3.2051477432250977,0.5187074542045593,0.9370748400688171,0.9625850319862366,5.979075908660889,0.039385803043842316,0.14298573415726423
64,1.0597126483917236,17.804040908813477,1,0.32946303486824036,4.694118499755859,3.2048041820526123,0.5187074542045593,0.9370748400688171,0.9625850319862366,5.977148056030273,0.03911771532148123,0.14315487165004015
65,1.059213638305664,17.94854736328125,1,0.32833150029182434,4.69307804107666,3.2043466567993164,0.5187074542045593,0.9353741407394409,0.9625850319862366,5.975705623626709,0.039350043050944805,0.1431193333119154
66,1.0587316751480103,18.090673446655273,1,0.3270447552204132,4.692231178283691,3.204038381576538,0.5187074542045593,0.9353741407394409,0.9625850319862366,5.97445821762085,0.039108386263251305,0.14836989156901836
67,1.0582711696624756,18.230432510375977,1,0.32573622465133667,4.691522598266602,3.2036805152893066,0.5170068144798279,0.9353741407394409,0.9625850319862366,5.97337007522583,0.03931395336985588,0.1427770359441638
68,1.0578341484069824,18.367843627929688,1,0.32452866435050964,4.691038608551025,3.203382730484009,0.5153061151504517,0.9336734414100647,0.9625850319862366,5.972538471221924,0.039272802881896496,0.14280729461461306
69,1.0574195384979248,18.502931594848633,1,0.3235268294811249,4.690540790557861,3.2031798362731934,0.5136054158210754,0.9336734414100647,0.9625850319862366,5.9718780517578125,0.039164804853498936,0.14279582537710667
70,1.0570237636566162,18.635740280151367,1,0.3228115439414978,4.690189838409424,3.202867269515991,0.5153061151504517,0.9336734414100647,0.9625850319862366,5.970789909362793,0.03923770412802696,0.14270419627428055
71,1.056641697883606,18.766324996948242,1,0.32243576645851135,4.689297199249268,3.2026188373565674,0.5136054158210754,0.9336734414100647,0.9608843326568604,5.969479084014893,0.03930257260799408,0.1428243350237608
72,1.0562689304351807,18.894758224487305,1,0.32242318987846375,4.688738822937012,3.2023863792419434,0.5136054158210754,0.9336734414100647,0.9608843326568604,5.968307971954346,0.03908437583595514,0.14256569743156433
73,1.0559015274047852,19.021127700805664,1,0.32276853919029236,4.688117027282715,3.202155351638794,0.5136054158210754,0.9336734414100647,0.9608843326568604,5.967006683349609,0.03911165613681078,0.1425334783270955
74,1.0555377006530762,19.145532608032227,1,0.32343995571136475,4.687514781951904,3.2020394802093506,0.5136054158210754,0.9336734414100647,0.9608843326568604,5.9656805992126465,0.03918815404176712,0.14264809619635344
75,1.0551773309707642,19.268081665039062,1,0.32438328862190247,4.687005996704102,3.201798915863037,0.511904776096344,0.9353741407394409,0.9608843326568604,5.9643731117248535,0.03912703413516283,0.1425774171948433
76,1.054822325706482,19.388887405395508,1,0.3255273699760437,4.686819076538086,3.2016472816467285,0.5136054158210754,0.9336734414100647,0.9608843326568604,5.963198184967041,0.039259184151887894,0.14264738652855158
77,1.0544745922088623,19.508066177368164,1,0.32679039239883423,4.687182426452637,3.201580762863159,0.511904776096344,0.9336734414100647,0.9608843326568604,5.962390422821045,0.03920981381088495,0.14298897236585617
78,1.0541362762451172,19.625728607177734,1,0.3280869722366333,4.687660217285156,3.201535940170288,0.5102040767669678,0.9336734414100647,0.9608843326568604,5.961612224578857,0.03921199403703213,0.14302244316786528
79,1.0538082122802734,19.74198341369629,1,0.3293344974517822,4.687148571014404,3.20231556892395,0.5153061151504517,0.9353741407394409,0.9608843326568604,5.966068267822266,0.039318883791565895,0.1436232579872012
80,1.0534906387329102,19.856922149658203,1,0.33045995235443115,4.686334133148193,3.2020998001098633,0.5153061151504517,0.9353741407394409,0.9608843326568604,5.964481353759766,0.03916811477392912,0.14325846079736948
81,1.0531820058822632,19.97062873840332,1,0.33140474557876587,4.68553352355957,3.2019715309143066,0.5153061151504517,0.9353741407394409,0.9608843326568604,5.962891101837158,0.03912781551480293,0.1431549023836851
82,1.052880883216858,20.08317756652832,1,0.33212852478027344,4.684937953948975,3.2017579078674316,0.5136054158210754,0.9353741407394409,0.9608843326568604,5.961536884307861,0.039214844815433025,0.14328928105533123
83,1.0525853633880615,20.194625854492188,1,0.3326113820075989,4.684170722961426,3.2015249729156494,0.5136054158210754,0.9353741407394409,0.9608843326568604,5.960082054138184,0.0391089953482151,0.1431605014950037
84,1.0522938966751099,20.305017471313477,1,0.3328540027141571,4.682689666748047,3.201249122619629,0.5136054158210754,0.9353741407394409,0.9608843326568604,5.958606243133545,0.039251224137842655,0.1465743388980627
85,1.0520055294036865,20.414390563964844,1,0.33287617564201355,4.683044910430908,3.200685977935791,0.511904776096344,0.9353741407394409,0.9608843326568604,5.95548152923584,0.039579990319907665,0.14348644856363535
86,1.051720380783081,20.52277183532715,1,0.3327137231826782,4.683690547943115,3.200538158416748,0.511904776096344,0.9353741407394409,0.9608843326568604,5.954728126525879,0.03912785463035107,0.1424209987744689
87,1.051438808441162,20.630178451538086,1,0.3324143588542938,4.682549953460693,3.2005677223205566,0.511904776096344,0.9353741407394409,0.9608843326568604,5.9551591873168945,0.039225864224135876,0.14316709153354168
88,1.051161766052246,20.73662757873535,1,0.3320328891277313,4.682621002197266,3.200327157974243,0.5102040767669678,0.9336734414100647,0.9608843326568604,5.954022407531738,0.03915987443178892,0.14320624060928822
89,1.0508893728256226,20.842126846313477,1,0.3316260874271393,4.682378768920898,3.2001144886016846,0.511904776096344,0.9336734414100647,0.9608843326568604,5.952984809875488,0.03918118495494127,0.1431462224572897
90,1.0506227016448975,20.94669532775879,1,0.3312479555606842,4.682008266448975,3.199924945831299,0.511904776096344,0.9319728016853333,0.9608843326568604,5.9520134925842285,0.039278303273022175,0.14332482032477856
91,1.0503613948822021,21.05034065246582,1,0.3309451937675476,4.681610107421875,3.199687957763672,0.5102040767669678,0.9319728016853333,0.9608843326568604,5.951220512390137,0.03928349353373051,0.14351898804306984
92,1.0501048564910889,21.1530818939209,1,0.33075425028800964,4.681220531463623,3.1995882987976074,0.5085033774375916,0.9319728016853333,0.9608843326568604,5.950781345367432,0.03908309433609247,0.14322929084300995
93,1.0498528480529785,21.25493621826172,1,0.33069875836372375,4.680934906005859,3.1996407508850098,0.5085033774375916,0.9319728016853333,0.9608843326568604,5.950962066650391,0.03928897436708212,0.14365727733820677
94,1.0496045351028442,21.355932235717773,1,0.33078882098197937,4.680984973907471,3.1997756958007812,0.5085033774375916,0.9319728016853333,0.9608843326568604,5.9521942138671875,0.039150774478912354,0.1435069479048252
95,1.049359679222107,21.456092834472656,1,0.33102092146873474,4.681651592254639,3.2002038955688477,0.5051020383834839,0.9336734414100647,0.9608843326568604,5.95468282699585,0.03921451512724161,0.14377600606530905
96,1.049117922782898,21.555450439453125,1,0.33137956261634827,4.680553436279297,3.2000889778137207,0.5085033774375916,0.9336734414100647,0.9608843326568604,5.953970909118652,0.03919966425746679,0.14340002927929163
97,1.0488795042037964,21.654035568237305,1,0.331839382648468,4.678020000457764,3.1987264156341553,0.5068027377128601,0.9319728016853333,0.9608843326568604,5.945952892303467,0.03913940582424402,0.14510169345885515
98,1.04864501953125,21.751880645751953,1,0.3323681354522705,4.678027629852295,3.1988754272460938,0.5068027377128601,0.9319728016853333,0.9608843326568604,5.946473598480225,0.03956318087875843,0.1444728085771203
99,1.0484148263931274,21.849018096923828,1,0.3329298794269562,4.678013801574707,3.1989901065826416,0.5085033774375916,0.930272102355957,0.9608843326568604,5.947111129760742,0.039193025790154934,0.14405498374253511
100,1.048189401626587,21.945476531982422,1,0.333488792181015,4.679748058319092,3.1993277072906494,0.5034013390541077,0.9319728016853333,0.9608843326568604,5.948764801025391,0.039211063645780087,0.14334798976778984
101,1.047968864440918,22.041282653808594,1,0.3340120315551758,4.6813225746154785,3.1993424892425537,0.5068027377128601,0.9319728016853333,0.9608843326568604,5.949281215667725,0.039256793446838856,0.14381492510437965
102,1.0477540493011475,22.13645362854004,1,0.3344727158546448,4.682922840118408,3.199526786804199,0.5068027377128601,0.9336734414100647,0.9608843326568604,5.950238227844238,0.03925248421728611,0.14354770816862583
103,1.0475444793701172,22.23101043701172,1,0.3348517417907715,4.675567626953125,3.1990437507629395,0.5068027377128601,0.9319728016853333,0.9608843326568604,5.946666240692139,0.039120905101299286,0.1440914524719119
104,1.0473403930664062,22.324962615966797,1,0.33513903617858887,4.677578926086426,3.1989212036132812,0.5068027377128601,0.9319728016853333,0.9608843326568604,5.946417331695557,0.03926055412739515,0.14428784139454365
105,1.0471417903900146,22.41831398010254,1,0.33533361554145813,4.6813883781433105,3.199077606201172,0.5034013390541077,0.9336734414100647,0.9608843326568604,5.947300910949707,0.03916477505117655,0.14428681135177612
106,1.0469489097595215,22.511070251464844,1,0.3354432284832001,4.680131435394287,3.198960781097412,0.5102040767669678,0.9319728016853333,0.9608843326568604,5.9465436935424805,0.039234003983438015,0.14408042281866074
107,1.0467619895935059,22.603229522705078,1,0.33548253774642944,4.67732572555542,3.199422836303711,0.5068027377128601,0.9319728016853333,0.9608843326568604,5.949996471405029,0.039200734347105026,0.14338846039026976
108,1.0465810298919678,22.694786071777344,1,0.3354714512825012,4.675072193145752,3.19907283782959,0.5068027377128601,0.9319728016853333,0.9608843326568604,5.947970867156982,0.03910814505070448,0.1431388519704342
109,1.0464061498641968,22.78573989868164,1,0.3354325592517853,4.673433303833008,3.198706865310669,0.5051020383834839,0.9319728016853333,0.9608843326568604,5.945897102355957,0.03920327499508858,0.14334611967206
110,1.0462373495101929,22.876083374023438,1,0.3353888988494873,4.671131134033203,3.198289632797241,0.5068027377128601,0.9319728016853333,0.9608843326568604,5.943461894989014,0.039176635444164276,0.14379255659878254
111,1.0460741519927979,22.965810775756836,1,0.33536145091056824,4.667198181152344,3.1978344917297363,0.5102040767669678,0.9319728016853333,0.9608843326568604,5.940834045410156,0.039161994121968746,0.14316871110349894
112,1.0459165573120117,23.054922103881836,1,0.33536744117736816,4.677309036254883,3.1985867023468018,0.5051020383834839,0.9319728016853333,0.9608843326568604,5.945496559143066,0.03935632295906544,0.14430350065231323
113,1.045763373374939,23.143415451049805,1,0.3354187607765198,4.6752610206604,3.198225975036621,0.5068027377128601,0.9319728016853333,0.9608843326568604,5.943393707275391,0.039197144098579884,0.1447402061894536
114,1.0456140041351318,23.23129653930664,1,0.3355213701725006,4.672938346862793,3.1979000568389893,0.5068027377128601,0.9319728016853333,0.9608843326568604,5.941473960876465,0.039226753637194633,0.14492667466402054
115,1.0454679727554321,23.318567276000977,1,0.33567479252815247,4.673098564147949,3.1977694034576416,0.5068027377128601,0.9319728016853333,0.9608843326568604,5.940655708312988,0.03930261358618736,0.14437450002878904
116,1.0453243255615234,23.405241012573242,1,0.3358730673789978,4.671371936798096,3.197544574737549,0.5085033774375916,0.9319728016853333,0.9608843326568604,5.939167022705078,0.039171645417809486,0.1443653702735901
117,1.045182466506958,23.491323471069336,1,0.33610549569129944,4.670194149017334,3.1973750591278076,0.5085033774375916,0.9319728016853333,0.9608843326568604,5.938162326812744,0.039162784814834595,0.14456787798553705
118,1.0450425148010254,23.576833724975586,1,0.33635807037353516,4.669817924499512,3.1972715854644775,0.5051020383834839,0.9319728016853333,0.9608843326568604,5.937507152557373,0.039284972473978996,0.14442449901252985
119,1.0449035167694092,23.66178321838379,1,0.3366152346134186,4.671212196350098,3.1973273754119873,0.5017006993293762,0.9319728016853333,0.9608843326568604,5.937722682952881,0.03915021475404501,0.14457738772034645
120,1.0447659492492676,23.74618911743164,1,0.33686158061027527,4.669335842132568,3.1971383094787598,0.5034013390541077,0.9319728016853333,0.9608843326568604,5.936619758605957,0.03923792392015457,0.1449524536728859
121,1.0446295738220215,23.830066680908203,1,0.3370833992958069,4.669556140899658,3.1971347332000732,0.5017006993293762,0.9319728016853333,0.9608843326568604,5.936470985412598,0.03924725390970707,0.14462159853428602
122,1.0444942712783813,23.91343116760254,1,0.33726996183395386,4.6691813468933105,3.1970715522766113,0.5017006993293762,0.9319728016853333,0.9608843326568604,5.936192035675049,0.03911197558045387,0.1440315032377839
123,1.0443605184555054,23.996295928955078,1,0.3374144732952118,4.6676716804504395,3.1970319747924805,0.5017006993293762,0.9319728016853333,0.9608843326568604,5.935787200927734,0.03920902404934168,0.1445521181449294
124,1.044228196144104,24.07867431640625,1,0.33751460909843445,4.668644428253174,3.197049617767334,0.5034013390541077,0.9319728016853333,0.9608843326568604,5.935870170593262,0.03915212582796812,0.14400553423911333
125,1.044097661972046,24.16058349609375,1,0.33757227659225464,4.67041540145874,3.197202205657959,0.5034013390541077,0.9319728016853333,0.9608843326568604,5.936795234680176,0.039143375121057034,0.14394255448132753
126,1.043968915939331,24.242027282714844,1,0.3375933766365051,4.671395778656006,3.1973178386688232,0.5034013390541077,0.9319728016853333,0.9608843326568604,5.937499046325684,0.03931097313761711,0.14414872229099274
127,1.0438423156738281,24.32301902770996,1,0.33758676052093506,4.6717209815979,3.197359323501587,0.5034013390541077,0.9319728016853333,0.9608843326568604,5.937701225280762,0.039146325550973415,0.14393566455692053
128,1.043717861175537,24.4035701751709,1,0.33756324648857117,4.6683502197265625,3.1970887184143066,0.5017006993293762,0.9319728016853333,0.9608843326568604,5.936229228973389,0.03919667471200228,0.14405372273176908
129,1.043595314025879,24.483684539794922,1,0.33753421902656555,4.670892238616943,3.1972713470458984,0.5017006993293762,0.9319728016853333,0.9608843326568604,5.937260150909424,0.03934447281062603,0.1443461999297142
130,1.0434752702713013,24.563373565673828,1,0.3375106155872345,4.672333240509033,3.197409152984619,0.5017006993293762,0.9319728016853333,0.9608843326568604,5.938118934631348,0.039107274264097214,0.14401998277753592
131,1.043357491493225,24.642642974853516,1,0.3375019133090973,4.663269996643066,3.1965694427490234,0.5034013390541077,0.9319728016853333,0.9608843326568604,5.9331865310668945,0.039094435051083565,0.14306960254907608
132,1.0432415008544922,24.72150421142578,1,0.3375150263309479,4.661821365356445,3.1965014934539795,0.5017006993293762,0.9319728016853333,0.9608843326568604,5.932815074920654,0.03921184502542019,0.14320664200931787
133,1.0431275367736816,24.799962997436523,1,0.33755403757095337,4.664207935333252,3.1966705322265625,0.5051020383834839,0.9319728016853333,0.9608843326568604,5.9338274002075195,0.03909171558916569,0.14308727253228426
134,1.043015480041504,24.878026962280273,1,0.33761993050575256,4.66182279586792,3.196503162384033,0.5034013390541077,0.9319728016853333,0.9608843326568604,5.932863712310791,0.03916372358798981,0.1438784236088395
135,1.0429050922393799,24.95570945739746,1,0.33771079778671265,4.662981033325195,3.196521520614624,0.5,0.9319728016853333,0.9608843326568604,5.9328532218933105,0.039632219821214676,0.14374910574406385
136,1.0427961349487305,25.033018112182617,1,0.3378223180770874,4.662177562713623,3.196495532989502,0.5017006993293762,0.9319728016853333,0.9608843326568604,5.932632923126221,0.03911014553159475,0.14328987151384354
137,1.0426889657974243,25.109962463378906,1,0.3379482626914978,4.662286281585693,3.1964974403381348,0.5017006993293762,0.9319728016853333,0.9608843326568604,5.932468414306641,0.0392296751961112,0.14322725217789412
138,1.0425831079483032,25.186548233032227,1,0.33808162808418274,4.664096832275391,3.1966333389282227,0.5034013390541077,0.9319728016853333,0.9608843326568604,5.933679580688477,0.0391162745654583,0.1431094417348504
139,1.0424785614013672,25.262786865234375,1,0.3382152318954468,4.661526203155518,3.196423292160034,0.5051020383834839,0.9319728016853333,0.9608843326568604,5.932286262512207,0.03923501446843147,0.14353130850940943
140,1.0423756837844849,25.33868408203125,1,0.3383425176143646,4.661288738250732,3.1963863372802734,0.5051020383834839,0.9319728016853333,0.9591836929321289,5.931904315948486,0.039409853518009186,0.14375555608421564
141,1.042273759841919,25.414247512817383,1,0.338458389043808,4.664422035217285,3.19649076461792,0.5051020383834839,0.9319728016853333,0.9591836929321289,5.9326276779174805,0.039200724102556705,0.14331043977290392
142,1.0421732664108276,25.489482879638672,1,0.33855950832366943,4.660952091217041,3.1962859630584717,0.5068027377128601,0.9319728016853333,0.9591836929321289,5.931365966796875,0.03922506421804428,0.14349497761577368
143,1.0420737266540527,25.564393997192383,1,0.338644415140152,4.660202980041504,3.1961469650268555,0.5051020383834839,0.9319728016853333,0.9591836929321289,5.930540084838867,0.03916408494114876,0.14350870810449123
144,1.0419756174087524,25.63898277282715,1,0.33871373534202576,4.660741806030273,3.196077346801758,0.5051020383834839,0.9319728016853333,0.9608843326568604,5.9298930168151855,0.039143205620348454,0.14318025205284357
145,1.0418789386749268,25.713258743286133,1,0.338769793510437,4.66327428817749,3.1962335109710693,0.5068027377128601,0.9319728016853333,0.9608843326568604,5.930880546569824,0.039196004159748554,0.14322444144636393
146,1.0417828559875488,25.787214279174805,1,0.33881625533103943,4.662575721740723,3.1961798667907715,0.5085033774375916,0.930272102355957,0.9591836929321289,5.930728912353516,0.03914830461144447,0.14337311033159494
147,1.0416884422302246,25.860858917236328,1,0.3388575315475464,4.662227630615234,3.196030378341675,0.5085033774375916,0.9319728016853333,0.9591836929321289,5.929750919342041,0.039102026261389256,0.1430226843804121
148,1.0415948629379272,25.93419075012207,1,0.338898241519928,4.661004066467285,3.1959962844848633,0.5085033774375916,0.930272102355957,0.9591836929321289,5.929765701293945,0.03923867363482714,0.14318692032247782
149,1.041502594947815,26.007213592529297,1,0.33894258737564087,4.661493301391602,3.1959474086761475,0.5085033774375916,0.930272102355957,0.9591836929321289,5.929346561431885,0.03915134444832802,0.14318713080137968
150,1.0414113998413086,26.079925537109375,1,0.3389940857887268,4.658084392547607,3.1956303119659424,0.5051020383834839,0.930272102355957,0.9591836929321289,5.92744779586792,0.03915813472121954,0.1484658196568489
151,1.0413215160369873,26.152326583862305,1,0.33905500173568726,4.657658100128174,3.195539712905884,0.5051020383834839,0.930272102355957,0.9591836929321289,5.927017688751221,0.04145668167620897,0.14864333719015121
152,1.041232705116272,26.224424362182617,1,0.3391262888908386,4.659621238708496,3.195664405822754,0.5085033774375916,0.930272102355957,0.9591836929321289,5.927768707275391,0.03912620525807142,0.14305943343788385
153,1.0411450862884521,26.296215057373047,1,0.33920755982398987,4.657006740570068,3.195434331893921,0.5085033774375916,0.930272102355957,0.9591836929321289,5.926380634307861,0.03929879330098629,0.14344630856066942
154,1.0410584211349487,26.367706298828125,1,0.33929726481437683,4.6597208976745605,3.195509433746338,0.5085033774375916,0.9319728016853333,0.9591836929321289,5.926765441894531,0.03914682473987341,0.14343027863651514
155,1.0409727096557617,26.43889808654785,1,0.33939290046691895,4.658946990966797,3.195427417755127,0.511904776096344,0.9319728016853333,0.9591836929321289,5.926290512084961,0.039337572641670704,0.1434792187064886
156,1.0408884286880493,26.509794235229492,1,0.3394913971424103,4.6581268310546875,3.1953277587890625,0.511904776096344,0.9319728016853333,0.9591836929321289,5.925736427307129,0.039213004522025585,0.14326603151857853
157,1.0408048629760742,26.580394744873047,1,0.33958959579467773,4.655376434326172,3.195047616958618,0.5085033774375916,0.9319728016853333,0.9591836929321289,5.9239397048950195,0.03914227522909641,0.14313763193786144
158,1.0407224893569946,26.65070343017578,1,0.33968448638916016,4.6554436683654785,3.195063829421997,0.5102040767669678,0.9319728016853333,0.9591836929321289,5.9241485595703125,0.03906984534114599,0.14299881272017956
159,1.040640950202942,26.72072410583496,1,0.33977365493774414,4.657922267913818,3.195101737976074,0.5102040767669678,0.9319728016853333,0.9591836929321289,5.924276828765869,0.03923257440328598,0.14331885986030102
160,1.0405604839324951,26.79045867919922,1,0.3398554027080536,4.656695365905762,3.195030689239502,0.511904776096344,0.9319728016853333,0.9591836929321289,5.9239115715026855,0.03906308673322201,0.1435790080577135
161,1.0404808521270752,26.859909057617188,1,0.3399290144443512,4.654206275939941,3.1947591304779053,0.5102040767669678,0.9319728016853333,0.9591836929321289,5.922183513641357,0.039188943803310394,0.14354355726391077
162,1.0404024124145508,26.9290771484375,1,0.3399946689605713,4.654184818267822,3.194720506668091,0.5085033774375916,0.9319728016853333,0.9591836929321289,5.92182731628418,0.039227413944900036,0.1438684342429042
163,1.0403246879577637,26.99796485900879,1,0.3400532901287079,4.654223918914795,3.1946682929992676,0.5085033774375916,0.9319728016853333,0.9591836929321289,5.921520233154297,0.03947826195508242,0.14365421701222658
164,1.040247917175293,27.066572189331055,1,0.3401066064834595,4.656013011932373,3.1947808265686035,0.5136054158210754,0.9319728016853333,0.9591836929321289,5.9224629402160645,0.039353703148663044,0.14346638973802328
165,1.0401719808578491,27.134904861450195,1,0.340156614780426,4.655242443084717,3.194734573364258,0.5136054158210754,0.9319728016853333,0.9591836929321289,5.922061443328857,0.039124565199017525,0.1431195419281721
166,1.0400967597961426,27.202960968017578,1,0.3402053713798523,4.652467250823975,3.19447922706604,0.511904776096344,0.9319728016853333,0.9591836929321289,5.920563220977783,0.03919860441237688,0.1430670628324151
167,1.040022611618042,27.27074432373047,1,0.3402548134326935,4.655789852142334,3.1946189403533936,0.511904776096344,0.9319728016853333,0.9608843326568604,5.9212446212768555,0.0392474140971899,0.14365843776613474
168,1.0399492979049683,27.3382568359375,1,0.34030652046203613,4.653833866119385,3.19455885887146,0.5136054158210754,0.9319728016853333,0.9591836929321289,5.921010971069336,0.039123634807765484,0.14406554214656353
169,1.0398765802383423,27.405500411987305,1,0.3403615355491638,4.655144214630127,3.194540500640869,0.511904776096344,0.9319728016853333,0.9608843326568604,5.920865535736084,0.03919785376638174,0.14406646322458982
170,1.0398048162460327,27.472476959228516,1,0.3404202461242676,4.652808666229248,3.1942999362945557,0.5085033774375916,0.9319728016853333,0.9608843326568604,5.9192891120910645,0.039293134585022926,0.14406005293130875
171,1.039733648300171,27.5391902923584,1,0.3404824435710907,4.654329776763916,3.194364070892334,0.5085033774375916,0.9319728016853333,0.9608843326568604,5.919601917266846,0.03910872619599104,0.14317090157419443
172,1.0396634340286255,27.605642318725586,1,0.34054747223854065,4.6592583656311035,3.1949429512023926,0.5051020383834839,0.9319728016853333,0.9608843326568604,5.922677993774414,0.039198264479637146,0.14407703280448914
173,1.039594054222107,27.67183494567871,1,0.3406141996383667,4.654976844787598,3.1943631172180176,0.5085033774375916,0.9319728016853333,0.9591836929321289,5.919561862945557,0.039148593321442604,0.14321034029126167
174,1.0395252704620361,27.73777198791504,1,0.3406813144683838,4.652495384216309,3.1941843032836914,0.5085033774375916,0.9319728016853333,0.9591836929321289,5.918484210968018,0.039199634455144405,0.14307720214128494
175,1.0394575595855713,27.803457260131836,1,0.34074750542640686,4.6544904708862305,3.1942620277404785,0.5085033774375916,0.9319728016853333,0.9591836929321289,5.918969631195068,0.03931018244475126,0.1432792404666543
176,1.0393900871276855,27.868892669677734,1,0.3408115804195404,4.654231071472168,3.194267988204956,0.5085033774375916,0.9319728016853333,0.9591836929321289,5.918944358825684,0.03927050344645977,0.1432910393923521
177,1.0393238067626953,27.934080123901367,1,0.3408726751804352,4.656283855438232,3.1943397521972656,0.5068027377128601,0.9319728016853333,0.9608843326568604,5.918719291687012,0.0391119047999382,0.1445219572633505
178,1.0392580032348633,27.999025344848633,1,0.3409302532672882,4.653620719909668,3.19415020942688,0.5068027377128601,0.9319728016853333,0.9608843326568604,5.918361663818359,0.03920041397213936,0.14315992034971714
179,1.039192795753479,28.06372833251953,1,0.34098419547080994,4.653354644775391,3.1941189765930176,0.5068027377128601,0.9319728016853333,0.9608843326568604,5.917998790740967,0.039039285853505135,0.143036512658
180,1.0391285419464111,28.128190994262695,1,0.34103479981422424,4.651294708251953,3.193944215774536,0.5068027377128601,0.9319728016853333,0.9608843326568604,5.9168925285339355,0.03916276525706053,0.14312842208892107
181,1.0390647649765015,28.192415237426758,1,0.34108272194862366,4.6498823165893555,3.1938557624816895,0.5068027377128601,0.9319728016853333,0.9608843326568604,5.916340351104736,0.03912664484232664,0.14312007185071707
182,1.039001703262329,28.256406784057617,1,0.34112870693206787,4.657721996307373,3.194223165512085,0.5034013390541077,0.9319728016853333,0.9608843326568604,5.918534278869629,0.03910699486732483,0.1438320055603981
183,1.038939356803894,28.320167541503906,1,0.34117376804351807,4.649994373321533,3.1937670707702637,0.5068027377128601,0.9319728016853333,0.9608843326568604,5.915892601013184,0.03959138970822096,0.1434179488569498
184,1.0388776063919067,28.383695602416992,1,0.3412187993526459,4.650736331939697,3.193758964538574,0.5068027377128601,0.9319728016853333,0.9608843326568604,5.915890216827393,0.03911764547228813,0.1430981019511819
185,1.0388165712356567,28.446996688842773,1,0.341264545917511,4.651750087738037,3.1938140392303467,0.5068027377128601,0.9319728016853333,0.9608843326568604,5.916306495666504,0.03920223470777273,0.14318603184074163
186,1.0387561321258545,28.51007080078125,1,0.3413115441799164,4.650165557861328,3.1936848163604736,0.5068027377128601,0.9319728016853333,0.9608843326568604,5.915277481079102,0.039276584051549435,0.14331570081412792
187,1.0386962890625,28.572917938232422,1,0.34136009216308594,4.650674819946289,3.1936748027801514,0.5068027377128601,0.9319728016853333,0.9608843326568604,5.915308952331543,0.03913299459964037,0.14356881752610207
188,1.0386370420455933,28.635547637939453,1,0.3414100706577301,4.6509690284729,3.1937167644500732,0.5068027377128601,0.9319728016853333,0.9608843326568604,5.915520668029785,0.03915002476423979,0.14314634259790182
189,1.0385783910751343,28.697956085205078,1,0.34146130084991455,4.650662899017334,3.193662405014038,0.5068027377128601,0.9319728016853333,0.9608843326568604,5.915037631988525,0.03919253405183554,0.14320843014866114
190,1.0385202169418335,28.760149002075195,1,0.34151315689086914,4.647663116455078,3.1934173107147217,0.5068027377128601,0.9319728016853333,0.9608843326568604,5.913618087768555,0.039176554419100285,0.14314083196222782
191,1.0384628772735596,28.822124481201172,1,0.34156516194343567,4.649411678314209,3.193481206893921,0.5068027377128601,0.9319728016853333,0.9608843326568604,5.913971424102783,0.039225983433425426,0.1434369683265686
192,1.0384058952331543,28.883888244628906,1,0.341616690158844,4.65371561050415,3.1934261322021484,0.5085033774375916,0.9319728016853333,0.9608843326568604,5.912957668304443,0.03915548510849476,0.14458025805652142
193,1.0383496284484863,28.94544219970703,1,0.34166717529296875,4.646910667419434,3.193289279937744,0.5068027377128601,0.9319728016853333,0.9608843326568604,5.9126787185668945,0.03914658538997173,0.14385130535811186
194,1.0382939577102661,29.006786346435547,1,0.3417162001132965,4.649454116821289,3.193427801132202,0.5068027377128601,0.9319728016853333,0.9608843326568604,5.913686275482178,0.039376262575387955,0.1437725154682994
195,1.038238763809204,29.06792640686035,1,0.34176352620124817,4.6491007804870605,3.1933631896972656,0.5068027377128601,0.9319728016853333,0.9608843326568604,5.913208484649658,0.03913622535765171,0.14313023258000612
196,1.0381839275360107,29.128860473632812,1,0.34180909395217896,4.648922920227051,3.1933236122131348,0.5068027377128601,0.9319728016853333,0.9608843326568604,5.912999629974365,0.03919443488121033,0.14390658494085073
197,1.0381299257278442,29.189590454101562,1,0.3418530225753784,4.64631462097168,3.193098545074463,0.5068027377128601,0.9319728016853333,0.9608843326568604,5.911550998687744,0.039245253428816795,0.14456982724368572
198,1.038076400756836,29.2501220703125,1,0.34189561009407043,4.647823810577393,3.193166971206665,0.5068027377128601,0.9319728016853333,0.9608843326568604,5.911938190460205,0.039182133972644806,0.14334668964147568
199,1.0380231142044067,29.310453414916992,1,0.34193721413612366,4.648113250732422,3.193186044692993,0.5068027377128601,0.9319728016853333,0.9608843326568604,5.912044048309326,0.03933866322040558,0.14422144182026386
200,1.0379705429077148,29.370588302612305,1,0.3419782221317291,4.647886753082275,3.1931540966033936,0.5068027377128601,0.9319728016853333,0.9608843326568604,5.911777019500732,0.039263864047825336,0.14355996809899807
201,1.0379183292388916,29.430526733398438,1,0.34201905131340027,4.646969795227051,3.193002223968506,0.5068027377128601,0.9319728016853333,0.9608843326568604,5.910987377166748,0.039254533126950264,0.14351891819387674
202,1.0378669500350952,29.490272521972656,1,0.34205999970436096,4.648646831512451,3.1930041313171387,0.5068027377128601,0.9319728016853333,0.9608843326568604,5.910736560821533,0.03933917265385389,0.14452313724905252
203,1.0378159284591675,29.549823760986328,1,0.3421013653278351,4.651610374450684,3.192898988723755,0.5051020383834839,0.9319728016853333,0.9608843326568604,5.909542083740234,0.039335813373327255,0.14489645510911942
204,1.0377652645111084,29.60918617248535,1,0.342143177986145,4.65142297744751,3.192857027053833,0.5068027377128601,0.9319728016853333,0.9608843326568604,5.909242153167725,0.03952540084719658,0.14532740134745836
205,1.037714958190918,29.668357849121094,1,0.34218543767929077,4.65119743347168,3.1928329467773438,0.5051020383834839,0.9319728016853333,0.9608843326568604,5.908920764923096,0.039219243451952934,0.144763495773077
206,1.0376654863357544,29.727344512939453,1,0.3422280251979828,4.64643669128418,3.1929068565368652,0.5068027377128601,0.9319728016853333,0.9608843326568604,5.910065174102783,0.039329882711172104,0.14341379888355732
207,1.03761625289917,29.786142349243164,1,0.3422706127166748,4.643979072570801,3.192643404006958,0.5085033774375916,0.9319728016853333,0.9608843326568604,5.908616065979004,0.03915230464190245,0.14405436348170042
208,1.0375674962997437,29.844757080078125,1,0.3423129916191101,4.644773960113525,3.1926589012145996,0.5068027377128601,0.9319728016853333,0.9608843326568604,5.908720016479492,0.039218124002218246,0.14425313100218773
209,1.0375192165374756,29.903186798095703,1,0.3423548936843872,4.645737648010254,3.192749500274658,0.5085033774375916,0.9319728016853333,0.9608843326568604,5.9092254638671875,0.039170265197753906,0.14313439186662436
210,1.0374712944030762,29.96143913269043,1,0.3423961102962494,4.650276184082031,3.192577362060547,0.5034013390541077,0.9319728016853333,0.9608843326568604,5.907418727874756,0.03933511208742857,0.14511132147163153
211,1.0374239683151245,30.019508361816406,1,0.34243643283843994,4.649185657501221,3.19244647026062,0.5034013390541077,0.9319728016853333,0.9608843326568604,5.906624794006348,0.03918845392763615,0.14484769478440285
212,1.0373769998550415,30.07740020751953,1,0.34247589111328125,4.649789810180664,3.192471981048584,0.5034013390541077,0.9319728016853333,0.9608843326568604,5.906764030456543,0.0392322838306427,0.14508531149476767
213,1.0373305082321167,30.135116577148438,1,0.34251439571380615,4.64967679977417,3.192418098449707,0.5034013390541077,0.9319728016853333,0.9608843326568604,5.90649938583374,0.03914517443627119,0.14450737833976746
214,1.0372843742370605,30.192657470703125,1,0.3425520360469818,4.649473667144775,3.19238018989563,0.5034013390541077,0.9319728016853333,0.9608843326568604,5.906193733215332,0.039178294129669666,0.1450654435902834
215,1.037238597869873,30.250022888183594,1,0.34258902072906494,4.649242877960205,3.19236159324646,0.5051020383834839,0.9319728016853333,0.9608843326568604,5.905877113342285,0.03916947543621063,0.1446131281554699
216,1.0371931791305542,30.307218551635742,1,0.34262552857398987,4.643208026885986,3.1923530101776123,0.5102040767669678,0.9319728016853333,0.9608843326568604,5.906638145446777,0.03913571499288082,0.14312888216227293
217,1.037148356437683,30.364240646362305,1,0.34266170859336853,4.6435041427612305,3.1923491954803467,0.5102040767669678,0.9319728016853333,0.9608843326568604,5.906671524047852,0.03933524340391159,0.14322226122021675
218,1.0371038913726807,30.421092987060547,1,0.34269776940345764,4.648688316345215,3.192180633544922,0.5051020383834839,0.9319728016853333,0.9608843326568604,5.904994010925293,0.039331432431936264,0.1448775241151452
219,1.0370597839355469,30.47777557373047,1,0.34273386001586914,4.647924900054932,3.192087173461914,0.5051020383834839,0.9319728016853333,0.9608843326568604,5.9044013023376465,0.03914808575063944,0.14440961088985205
220,1.0370159149169922,30.53429412841797,1,0.3427700102329254,4.643111228942871,3.1922998428344727,0.5102040767669678,0.9319728016853333,0.9608843326568604,5.906098365783691,0.03928549401462078,0.14340724050998688
221,1.0369727611541748,30.590641021728516,1,0.34280624985694885,4.641831874847412,3.1921188831329346,0.5102040767669678,0.9319728016853333,0.9608843326568604,5.905176162719727,0.03914123494178057,0.1432924810796976
222,1.036929726600647,30.646827697753906,1,0.34284254908561707,4.6478400230407715,3.192028284072876,0.5051020383834839,0.9319728016853333,0.9608843326568604,5.903794288635254,0.0391269251704216,0.14459822792559862
223,1.0368871688842773,30.702848434448242,1,0.3428787887096405,4.6475510597229,3.1919713020324707,0.5068027377128601,0.9319728016853333,0.9608843326568604,5.903460502624512,0.03916201554238796,0.1448807753622532
224,1.0368449687957764,30.75870704650879,1,0.3429148495197296,4.641315937042236,3.192000150680542,0.5102040767669678,0.9319728016853333,0.9608843326568604,5.904447078704834,0.03915892541408539,0.14358921814709902
225,1.0368030071258545,30.814403533935547,1,0.34295064210891724,4.641475200653076,3.1920325756073,0.5102040767669678,0.9319728016853333,0.9608843326568604,5.904378890991211,0.039230803959071636,0.1432143012061715
226,1.03676176071167,30.86994171142578,1,0.34298598766326904,4.646337509155273,3.191800117492676,0.5068027377128601,0.9319728016853333,0.9608843326568604,5.90226411819458,0.039140455424785614,0.14496580511331558
227,1.0367205142974854,30.925321578979492,1,0.34302085638046265,4.6411895751953125,3.1919503211975098,0.5102040767669678,0.9319728016853333,0.9608843326568604,5.903939247131348,0.03912947420030832,0.1430919924750924
228,1.036679744720459,30.98054313659668,1,0.34305518865585327,4.640164852142334,3.1918561458587646,0.5102040767669678,0.9319728016853333,0.9608843326568604,5.9032721519470215,0.03923551458865404,0.14375312626361847
229,1.0366392135620117,31.035608291625977,1,0.34308895468711853,4.6464152336120605,3.1917073726654053,0.5068027377128601,0.9319728016853333,0.9608843326568604,5.901791095733643,0.039287333376705647,0.14481940492987633
230,1.0365992784500122,31.090517044067383,1,0.3431222438812256,4.639448165893555,3.1917738914489746,0.5102040767669678,0.9319728016853333,0.9608843326568604,5.902633190155029,0.03916140366345644,0.14309881161898375
231,1.0365595817565918,31.145273208618164,1,0.3431551158428192,4.640313625335693,3.19181489944458,0.5102040767669678,0.9319728016853333,0.9608843326568604,5.902873992919922,0.0393519327044487,0.14371783565729856
232,1.036520004272461,31.199874877929688,1,0.3431876301765442,4.639588832855225,3.1917083263397217,0.5102040767669678,0.930272102355957,0.9608843326568604,5.902342319488525,0.03913383558392525,0.14325754158198833
233,1.0364811420440674,31.25432777404785,1,0.34321993589401245,4.639123439788818,3.1916582584381104,0.5102040767669678,0.930272102355957,0.9608843326568604,5.901969909667969,0.03910683561116457,0.14303431287407875
234,1.0364423990249634,31.308626174926758,1,0.343252032995224,4.639815807342529,3.191687822341919,0.5085033774375916,0.930272102355957,0.9608843326568604,5.90214729309082,0.03928233217447996,0.14340776856988668
235,1.0364038944244385,31.36277961730957,1,0.34328410029411316,4.639469146728516,3.191650867462158,0.5102040767669678,0.930272102355957,0.9608843326568604,5.901802062988281,0.03912660479545593,0.14368652738630772
236,1.0363656282424927,31.41678237915039,1,0.3433160185813904,4.639662742614746,3.1916463375091553,0.5102040767669678,0.930272102355957,0.9608843326568604,5.901789665222168,0.03941124118864536,0.1440489822998643
237,1.036327838897705,31.47063446044922,1,0.34334781765937805,4.6448845863342285,3.191389322280884,0.5034013390541077,0.9336734414100647,0.9608843326568604,5.899646282196045,0.03925013355910778,0.14518029149621725
238,1.0362905263900757,31.524343490600586,1,0.34337958693504333,4.644898414611816,3.1913630962371826,0.5051020383834839,0.9336734414100647,0.9608843326568604,5.899446487426758,0.039169405587017536,0.14479925576597452
239,1.0362532138824463,31.57790756225586,1,0.3434112071990967,4.644693374633789,3.1913349628448486,0.5034013390541077,0.9336734414100647,0.9608843326568604,5.899194717407227,0.03920822497457266,0.14478723611682653
240,1.0362164974212646,31.63132667541504,1,0.3434426486492157,4.638658046722412,3.191470146179199,0.5102040767669678,0.930272102355957,0.9608843326568604,5.9006123542785645,0.039180174469947815,0.14325681049376726
241,1.036179780960083,31.684602737426758,1,0.3434738516807556,4.644323348999023,3.191253185272217,0.5051020383834839,0.9336734414100647,0.9608843326568604,5.898682594299316,0.03910684585571289,0.14458817802369595
242,1.0361435413360596,31.737735748291016,1,0.3435046970844269,4.638503074645996,3.1913931369781494,0.5102040767669678,0.930272102355957,0.9608843326568604,5.900254249572754,0.03922766447067261,0.14363762736320496
243,1.0361075401306152,31.790727615356445,1,0.3435351848602295,4.6440043449401855,3.1911864280700684,0.5068027377128601,0.9336734414100647,0.9608843326568604,5.898132801055908,0.0391799146309495,0.14489162433892488
244,1.03607177734375,31.84358024597168,1,0.34356534481048584,4.638154983520508,3.1913273334503174,0.5102040767669678,0.930272102355957,0.9608843326568604,5.899767875671387,0.039188724011182785,0.14309273194521666
245,1.036036491394043,31.896291732788086,1,0.34359511733055115,4.637702941894531,3.1912841796875,0.5102040767669678,0.930272102355957,0.9608843326568604,5.899354457855225,0.039281862787902355,0.14340984914451838
246,1.0360010862350464,31.948867797851562,1,0.3436245918273926,4.637545585632324,3.1912293434143066,0.5102040767669678,0.930272102355957,0.9608843326568604,5.8991217613220215,0.03910801559686661,0.14315268211066723
247,1.035966396331787,32.001304626464844,1,0.34365376830101013,4.643309116363525,3.1910243034362793,0.5051020383834839,0.9336734414100647,0.9608843326568604,5.89715576171875,0.03910878486931324,0.1444415394216776
248,1.0359318256378174,32.05360412597656,1,0.3436827063560486,4.641725540161133,3.190889835357666,0.5034013390541077,0.9336734414100647,0.9608843326568604,5.896183490753174,0.03919836413115263,0.14471696596592665
249,1.0358974933624268,32.105770111083984,1,0.3437114655971527,4.6429362297058105,3.19095778465271,0.5051020383834839,0.9336734414100647,0.9608843326568604,5.896685600280762,0.03906701598316431,0.14451693929731846
250,1.0358633995056152,32.15780258178711,1,0.3437400460243225,4.64271354675293,3.1909115314483643,0.5051020383834839,0.9336734414100647,0.9608843326568604,5.896394729614258,0.03910714481025934,0.14459490776062012
251,1.0358295440673828,32.20969772338867,1,0.343768447637558,4.643374443054199,3.191150426864624,0.5068027377128601,0.9319728016853333,0.9608843326568604,5.897933006286621,0.03913682512938976,0.14389809500426054
252,1.0357961654663086,32.2614631652832,1,0.3437967002391815,4.64260721206665,3.190823793411255,0.5068027377128601,0.9336734414100647,0.9608843326568604,5.895956039428711,0.03906090557575226,0.144756936468184
253,1.0357627868652344,32.3130989074707,1,0.3438248336315155,4.641945838928223,3.190995693206787,0.5051020383834839,0.9319728016853333,0.9608843326568604,5.89695930480957,0.03916535526514053,0.14387422520667315
254,1.0357298851013184,32.364601135253906,1,0.34385281801223755,4.641551494598389,3.1909732818603516,0.5051020383834839,0.9319728016853333,0.9608843326568604,5.89666748046875,0.039202965795993805,0.14395587425678968
255,1.035697102546692,32.41597366333008,1,0.34388062357902527,4.6421027183532715,3.190732479095459,0.5068027377128601,0.9319728016853333,0.9608843326568604,5.895235061645508,0.03916157502681017,0.14461340755224228
256,1.0356645584106445,32.46721649169922,1,0.34390825033187866,4.641947269439697,3.1906938552856445,0.5068027377128601,0.9319728016853333,0.9608843326568604,5.8949360847473145,0.03917471505701542,0.1445596581324935
257,1.0356323719024658,32.518333435058594,1,0.34393566846847534,4.641778945922852,3.1906538009643555,0.5051020383834839,0.9319728016853333,0.9608843326568604,5.894783973693848,0.03917297534644604,0.14461486786603928
258,1.0356004238128662,32.56932067871094,1,0.34396281838417053,4.640758037567139,3.1908233165740967,0.5051020383834839,0.9319728016853333,0.9608843326568604,5.89570951461792,0.039157684892416,0.14409968256950378
259,1.0355685949325562,32.620182037353516,1,0.343989759683609,4.642406940460205,3.1909687519073486,0.5085033774375916,0.9319728016853333,0.9608843326568604,5.8965373039245605,0.039245194755494595,0.14407376293092966
260,1.0355370044708252,32.67091751098633,1,0.3440164625644684,4.6407647132873535,3.190778970718384,0.5051020383834839,0.9319728016853333,0.9608843326568604,5.895395755767822,0.03915783483535051,0.14400385320186615
261,1.035505771636963,32.72153091430664,1,0.34404289722442627,4.6405205726623535,3.190748453140259,0.5051020383834839,0.9319728016853333,0.9608843326568604,5.895134449005127,0.03917434439063072,0.14386296458542347
262,1.0354746580123901,32.77201461791992,1,0.34406906366348267,4.641005516052246,3.1904330253601074,0.5068027377128601,0.9319728016853333,0.9608843326568604,5.89340353012085,0.03935169242322445,0.14477661531418562
263,1.0354437828063965,32.82238006591797,1,0.34409505128860474,4.639659881591797,3.19063138961792,0.5051020383834839,0.9319728016853333,0.9608843326568604,5.8945088386535645,0.039079965092241764,0.14382535498589277
264,1.035413384437561,32.87261962890625,1,0.34412088990211487,4.641196250915527,3.1907129287719727,0.5068027377128601,0.9319728016853333,0.9608843326568604,5.8951029777526855,0.03911148477345705,0.14373136591166258
265,1.0353829860687256,32.92273712158203,1,0.3441465497016907,4.640685558319092,3.19067645072937,0.5051020383834839,0.9319728016853333,0.9608843326568604,5.894640922546387,0.03929407335817814,0.14402422402054071
266,1.0353528261184692,32.97273635864258,1,0.34417206048965454,4.6395063400268555,3.190558433532715,0.5051020383834839,0.9319728016853333,0.9608843326568604,5.893974781036377,0.039129745215177536,0.14435455948114395
267,1.035322904586792,33.02261734008789,1,0.3441973924636841,4.640320777893066,3.190321922302246,0.5068027377128601,0.9319728016853333,0.9608843326568604,5.892452716827393,0.03913822490721941,0.14467094745486975
268,1.0352933406829834,33.0723762512207,1,0.34422263503074646,4.638650894165039,3.1901743412017822,0.5034013390541077,0.9319728016853333,0.9608843326568604,5.8914265632629395,0.03911057487130165,0.1447025267407298
269,1.0352637767791748,33.12201690673828,1,0.34424763917922974,4.6399383544921875,3.1902825832366943,0.5051020383834839,0.9319728016853333,0.9608843326568604,5.892068386077881,0.04018187429755926,0.1464254790917039
270,1.0352344512939453,33.17154312133789,1,0.34427255392074585,4.638986587524414,3.190408706665039,0.5051020383834839,0.9319728016853333,0.9608843326568604,5.893166542053223,0.039126334711909294,0.14386355504393578
271,1.035205364227295,33.220951080322266,1,0.34429723024368286,4.639232635498047,3.190422773361206,0.5051020383834839,0.9319728016853333,0.9608843326568604,5.893109321594238,0.03916017431765795,0.14394721388816833
272,1.0351766347885132,33.270240783691406,1,0.34432175755500793,4.638612270355225,3.190371036529541,0.5051020383834839,0.9319728016853333,0.9608843326568604,5.892716407775879,0.03920866455882788,0.14411067217588425
273,1.035148024559021,33.31941223144531,1,0.3443461060523987,4.638730525970459,3.1903741359710693,0.5051020383834839,0.9319728016853333,0.9608843326568604,5.892624378204346,0.039163924753665924,0.1439706441015005
274,1.0351195335388184,33.368473052978516,1,0.3443702757358551,4.638542175292969,3.190333127975464,0.5051020383834839,0.9319728016853333,0.9608843326568604,5.8923869132995605,0.039110446348786354,0.1440815133973956
275,1.0350912809371948,33.41741943359375,1,0.3443942368030548,4.638184070587158,3.190298080444336,0.5051020383834839,0.9319728016853333,0.9608843326568604,5.892105579376221,0.03909032419323921,0.14394467324018478
276,1.0350632667541504,33.46625518798828,1,0.3444180488586426,4.639023780822754,3.190040349960327,0.5085033774375916,0.9319728016853333,0.9608843326568604,5.890232086181641,0.03924701362848282,0.14479537587612867
277,1.035035490989685,33.514976501464844,1,0.34444165229797363,4.639236927032471,3.190312147140503,0.5085033774375916,0.9319728016853333,0.9608843326568604,5.892423152923584,0.039228884503245354,0.14434840064495802
278,1.0350079536437988,33.56358337402344,1,0.34446510672569275,4.638814926147461,3.1899521350860596,0.5068027377128601,0.9319728016853333,0.9608843326568604,5.889935493469238,0.03919859416782856,0.14453678857535124
279,1.0349805355072021,33.61207962036133,1,0.34448835253715515,4.637119293212891,3.1897659301757812,0.5034013390541077,0.9319728016853333,0.9608843326568604,5.888971328735352,0.039322433061897755,0.14481812622398138
280,1.0349531173706055,33.66046905517578,1,0.3445115089416504,4.638571739196777,3.1899051666259766,0.5068027377128601,0.9319728016853333,0.9608843326568604,5.889609336853027,0.03913344629108906,0.1445778775960207
281,1.034926176071167,33.708744049072266,1,0.3445344865322113,4.638401031494141,3.190195083618164,0.5068027377128601,0.9319728016853333,0.9608843326568604,5.8913750648498535,0.039203633554279804,0.1440115924924612
282,1.034899353981018,33.75691223144531,1,0.34455734491348267,4.638002395629883,3.1901302337646484,0.5068027377128601,0.9319728016853333,0.9608843326568604,5.891012668609619,0.0392115144059062,0.14406892284750938
283,1.0348726511001587,33.80497360229492,1,0.3445800840854645,4.638224124908447,3.189828872680664,0.5085033774375916,0.9319728016853333,0.9608843326568604,5.88889217376709,0.03917446453124285,0.1448656041175127
284,1.0348461866378784,33.85292434692383,1,0.34460270404815674,4.636184215545654,3.189579725265503,0.5034013390541077,0.9319728016853333,0.9608843326568604,5.887452602386475,0.039231534115970135,0.14555370807647705
285,1.0348198413848877,33.9007682800293,1,0.34462517499923706,4.636575222015381,3.189664363861084,0.5034013390541077,0.9319728016853333,0.9608843326568604,5.887879371643066,0.03932648245245218,0.14570574648678303
286,1.034793734550476,33.948509216308594,1,0.34464749693870544,4.636350631713867,3.1895976066589355,0.5034013390541077,0.9319728016853333,0.9608843326568604,5.887535095214844,0.03921889420598745,0.1454521995037794
287,1.0347678661346436,33.99614334106445,1,0.3446696996688843,4.636303424835205,3.189927339553833,0.5051020383834839,0.9319728016853333,0.9608843326568604,5.8895368576049805,0.039071124978363514,0.14369968604296446
288,1.0347421169281006,34.043670654296875,1,0.3446916937828064,4.636379718780518,3.18988037109375,0.5051020383834839,0.9319728016853333,0.9608843326568604,5.889413356781006,0.03917399514466524,0.14411797188222408
289,1.0347164869308472,34.091094970703125,1,0.34471356868743896,4.637734413146973,3.190009832382202,0.5085033774375916,0.9319728016853333,0.9608843326568604,5.889981269836426,0.03910927474498749,0.14405336324125528
290,1.0346909761428833,34.13841247558594,1,0.3447352945804596,4.637452125549316,3.189608573913574,0.5068027377128601,0.9319728016853333,0.9608843326568604,5.887514114379883,0.03913277480751276,0.1445454889908433
291,1.034665822982788,34.18562698364258,1,0.3447568714618683,4.637580871582031,3.189946174621582,0.5085033774375916,0.9319728016853333,0.9608843326568604,5.889652729034424,0.039222344756126404,0.14430026058107615
292,1.0346405506134033,34.23273849487305,1,0.34477826952934265,4.637117385864258,3.1894888877868652,0.5085033774375916,0.9319728016853333,0.9608843326568604,5.886789798736572,0.03911203425377607,0.14491094462573528
293,1.0346159934997559,34.27975082397461,1,0.34479954838752747,4.6370015144348145,3.189544916152954,0.5068027377128601,0.9319728016853333,0.9608843326568604,5.887069225311279,0.03920992370694876,0.14476408530026674
294,1.0345909595489502,34.326656341552734,1,0.34482067823410034,4.63679313659668,3.189812183380127,0.5068027377128601,0.9319728016853333,0.9608843326568604,5.8887739181518555,0.03904065676033497,0.14390393532812595
295,1.0345665216445923,34.37346649169922,1,0.34484168887138367,4.636020183563232,3.1897494792938232,0.5051020383834839,0.9319728016853333,0.9608843326568604,5.888269901275635,0.0391084561124444,0.1438280465081334
296,1.034542202949524,34.4201774597168,1,0.34486252069473267,4.636688709259033,3.189383029937744,0.5068027377128601,0.9319728016853333,0.9625850319862366,5.885991096496582,0.03932549338787794,0.1448266264051199
297,1.0345178842544556,34.4667854309082,1,0.3448832333087921,4.636373519897461,3.18973445892334,0.5051020383834839,0.9319728016853333,0.9608843326568604,5.88815975189209,0.0391474450007081,0.14386498555541039
298,1.0344938039779663,34.5132942199707,1,0.3449038565158844,4.634629249572754,3.1891367435455322,0.5017006993293762,0.9319728016853333,0.9625850319862366,5.884528636932373,0.039169554598629475,0.14461641665548086
299,1.0344698429107666,34.5597038269043,1,0.34492436051368713,4.636484622955322,3.1893177032470703,0.5085033774375916,0.9319728016853333,0.9625850319862366,5.8857035636901855,0.039291372522711754,0.14468331634998322
300,1.034446120262146,34.606014251708984,1,0.3449447453022003,4.634716033935547,3.1891491413116455,0.5034013390541077,0.9319728016853333,0.9625850319862366,5.884547710418701,0.03906151559203863,0.14458129834383726
301,1.0344223976135254,34.65222930908203,1,0.34496498107910156,4.634620666503906,3.1891298294067383,0.5034013390541077,0.9319728016853333,0.9625850319862366,5.8843512535095215,0.03910754527896643,0.14546419866383076
302,1.0343990325927734,34.69834899902344,1,0.34498509764671326,4.634841442108154,3.1894960403442383,0.5051020383834839,0.9319728016853333,0.9608843326568604,5.886773109436035,0.03925107419490814,0.1449219137430191
303,1.0343759059906006,34.7443733215332,1,0.3450051248073578,4.635507106781006,3.189542293548584,0.5051020383834839,0.9319728016853333,0.9608843326568604,5.886955261230469,0.03928934317082167,0.14412295166403055
304,1.0343525409698486,34.79029846191406,1,0.3450250029563904,4.63445520401001,3.1890909671783447,0.5034013390541077,0.9319728016853333,0.9625850319862366,5.883916854858398,0.03904443606734276,0.1446209568530321
305,1.0343296527862549,34.83612823486328,1,0.3450447618961334,4.634459972381592,3.189054012298584,0.5034013390541077,0.9319728016853333,0.9625850319862366,5.883846759796143,0.039132654666900635,0.144617666490376
306,1.0343067646026611,34.881866455078125,1,0.3450643718242645,4.634767532348633,3.1894373893737793,0.5051020383834839,0.9319728016853333,0.9608843326568604,5.886195659637451,0.039099086076021194,0.14382437616586685
307,1.0342841148376465,34.92750549316406,1,0.3450838625431061,4.634091377258301,3.188981056213379,0.5017006993293762,0.9319728016853333,0.9625850319862366,5.883241653442383,0.03916821349412203,0.14477378595620394
308,1.0342614650726318,34.973052978515625,1,0.3451032340526581,4.635478496551514,3.1890952587127686,0.5068027377128601,0.9319728016853333,0.9608843326568604,5.88368558883667,0.03914359491318464,0.14462611638009548
309,1.0342390537261963,35.01851272583008,1,0.34512245655059814,4.635496139526367,3.1894569396972656,0.5102040767669678,0.9319728016853333,0.9608843326568604,5.8862199783325195,0.03907087538391352,0.14373731520026922
310,1.0342168807983398,35.063873291015625,1,0.34514161944389343,4.635073184967041,3.188943386077881,0.5068027377128601,0.9319728016853333,0.9608843326568604,5.88301944732666,0.039231534115970135,0.14459047839045525
311,1.0341947078704834,35.10914611816406,1,0.3451606333255768,4.633386135101318,3.1888082027435303,0.5017006993293762,0.9319728016853333,0.9608843326568604,5.8820271492004395,0.03911381587386131,0.14464207645505667
312,1.0341726541519165,35.15432357788086,1,0.3451795279979706,4.634446620941162,3.189302682876587,0.5068027377128601,0.9319728016853333,0.9608843326568604,5.885286331176758,0.039102114737033844,0.14417339209467173
313,1.0341508388519287,35.19940948486328,1,0.34519824385643005,4.634110450744629,3.1892755031585693,0.5068027377128601,0.9319728016853333,0.9608843326568604,5.884969711303711,0.039316482841968536,0.14411289151757956
314,1.0341291427612305,35.24441146850586,1,0.34521690011024475,4.634222984313965,3.189237356185913,0.5068027377128601,0.9319728016853333,0.9608843326568604,5.884901523590088,0.03920882474631071,0.14425737131386995
315,1.0341074466705322,35.28931427001953,1,0.3452354371547699,4.634953022003174,3.1888692378997803,0.5068027377128601,0.9319728016853333,0.9608843326568604,5.882572650909424,0.03920854441821575,0.14466621726751328
316,1.034085988998413,35.33413314819336,1,0.3452538251876831,4.633913993835449,3.1891956329345703,0.5068027377128601,0.9319728016853333,0.9608843326568604,5.884471893310547,0.039309583604335785,0.14434173982590437
317,1.034064769744873,35.37886428833008,1,0.34527215361595154,4.635110855102539,3.1893062591552734,0.5102040767669678,0.9319728016853333,0.9608843326568604,5.885056495666504,0.039220443926751614,0.14539487939327955
318,1.034043550491333,35.42350387573242,1,0.3452904224395752,4.634888648986816,3.189225912094116,0.5102040767669678,0.9319728016853333,0.9608843326568604,5.884739875793457,0.039253514260053635,0.14475884661078453
319,1.034022569656372,35.468055725097656,1,0.3453085422515869,4.634143829345703,3.18869948387146,0.5068027377128601,0.9319728016853333,0.9608843326568604,5.881280422210693,0.039185693487524986,0.1445862576365471
320,1.0340017080307007,35.51251983642578,1,0.34532663226127625,4.63324499130249,3.188643455505371,0.5034013390541077,0.9319728016853333,0.9608843326568604,5.8808465003967285,0.03912035468965769,0.14510793332010508
321,1.0339806079864502,35.5568962097168,1,0.34534457325935364,4.635798454284668,3.1890809535980225,0.5085033774375916,0.9319728016853333,0.9625850319862366,5.883763313293457,0.0391486044973135,0.14388690516352654
322,1.0339601039886475,35.60118865966797,1,0.34536242485046387,4.632221698760986,3.1884520053863525,0.5017006993293762,0.9319728016853333,0.9608843326568604,5.879733562469482,0.03920162469148636,0.14473241660743952
323,1.0339393615722656,35.645389556884766,1,0.34538012742996216,4.632107257843018,3.1884677410125732,0.5017006993293762,0.9319728016853333,0.9608843326568604,5.8795270919799805,0.03922225348651409,0.1456294870004058
324,1.033919095993042,35.689510345458984,1,0.3453976809978485,4.633630752563477,3.1890697479248047,0.5051020383834839,0.9319728016853333,0.9625850319862366,5.883391380310059,0.03922679461538792,0.14477233588695526
325,1.0338988304138184,35.733543395996094,1,0.3454151451587677,4.6333184242248535,3.1890182495117188,0.5034013390541077,0.9319728016853333,0.9625850319862366,5.8831353187561035,0.0392689136788249,0.14416561275720596
326,1.0338788032531738,35.77749252319336,1,0.3454325199127197,4.633755683898926,3.1890463829040527,0.5068027377128601,0.9319728016853333,0.9625850319862366,5.883276462554932,0.03912647534161806,0.14402841310948133
327,1.0338586568832397,35.82135772705078,1,0.3454497754573822,4.63223123550415,3.1884500980377197,0.5017006993293762,0.9319728016853333,0.9608843326568604,5.8797383308410645,0.039561111479997635,0.14496308378875256
328,1.0338388681411743,35.865135192871094,1,0.3454669415950775,4.633861064910889,3.1890292167663574,0.5085033774375916,0.9319728016853333,0.9625850319862366,5.8831329345703125,0.03913929499685764,0.14396243449300528
329,1.0338189601898193,35.90883255004883,1,0.34548404812812805,4.633718490600586,3.189018726348877,0.5085033774375916,0.9319728016853333,0.9625850319862366,5.882930278778076,0.03908430505543947,0.14386018458753824
330,1.033799171447754,35.95244598388672,1,0.34550103545188904,4.632807731628418,3.1888859272003174,0.5051020383834839,0.9319728016853333,0.9625850319862366,5.882283687591553,0.03925722371786833,0.14407703280448914
331,1.0337796211242676,35.99597930908203,1,0.34551793336868286,4.633213043212891,3.188427686691284,0.5085033774375916,0.9319728016853333,0.9608843326568604,5.879390716552734,0.039198814891278744,0.1451025828719139
332,1.0337603092193604,36.0394287109375,1,0.3455347716808319,4.6313018798828125,3.1882314682006836,0.5017006993293762,0.9319728016853333,0.9608843326568604,5.877910137176514,0.03917987458407879,0.14469758607447147
333,1.0337408781051636,36.082794189453125,1,0.3455514907836914,4.631200790405273,3.188183069229126,0.5,0.9319728016853333,0.9608843326568604,5.877618789672852,0.03932411316782236,0.14471729658544064
334,1.033721685409546,36.12607955932617,1,0.34556812047958374,4.6311211585998535,3.188161611557007,0.5017006993293762,0.9319728016853333,0.9608843326568604,5.877524375915527,0.03910649474710226,0.14485561475157738
335,1.0337026119232178,36.16928482055664,1,0.3455846607685089,4.6313652992248535,3.18821120262146,0.5017006993293762,0.9319728016853333,0.9608843326568604,5.878015995025635,0.039123925380408764,0.14463574718683958
336,1.0336836576461792,36.21240997314453,1,0.34560108184814453,4.631058216094971,3.1881625652313232,0.5017006993293762,0.9319728016853333,0.9608843326568604,5.877451419830322,0.03941887244582176,0.1450761528685689
337,1.0336647033691406,36.255455017089844,1,0.3456173539161682,4.632503986358643,3.188258647918701,0.5085033774375916,0.9319728016853333,0.9608843326568604,5.878127098083496,0.039140734821558,0.14464817754924297
338,1.0336459875106812,36.29841613769531,1,0.3456335961818695,4.630793571472168,3.1880087852478027,0.5,0.9319728016853333,0.9608843326568604,5.876717567443848,0.039112985134124756,0.14511826168745756
339,1.0336272716522217,36.341304779052734,1,0.34564971923828125,4.632761001586914,3.188325881958008,0.5085033774375916,0.9319728016853333,0.9608843326568604,5.878486633300781,0.03918126504868269,0.14467954635620117
340,1.0336086750030518,36.38410949707031,1,0.34566569328308105,4.632333278656006,3.1881895065307617,0.5085033774375916,0.9319728016853333,0.9608843326568604,5.8777313232421875,0.03905452601611614,0.14461381826549768
341,1.033590316772461,36.42683792114258,1,0.3456816077232361,4.632462024688721,3.1887240409851074,0.5051020383834839,0.9319728016853333,0.9625850319862366,5.880867958068848,0.03915725369006395,0.14387753419578075
342,1.0335719585418701,36.469486236572266,1,0.34569743275642395,4.630607604980469,3.1880152225494385,0.5017006993293762,0.9319728016853333,0.9608843326568604,5.876556396484375,0.039187573827803135,0.14499866403639317
343,1.033553957939148,36.51205825805664,1,0.3457133173942566,4.6312336921691895,3.1879990100860596,0.5034013390541077,0.9319728016853333,0.9608843326568604,5.8764119148254395,0.03912198543548584,0.144565568305552
344,1.0335355997085571,36.5545539855957,1,0.3457290530204773,4.630373477935791,3.1879634857177734,0.5017006993293762,0.9319728016853333,0.9608843326568604,5.876105308532715,0.03918026387691498,0.14455751795321703
345,1.033517599105835,36.59697341918945,1,0.34574466943740845,4.631262302398682,3.1879899501800537,0.5034013390541077,0.9319728016853333,0.9608843326568604,5.87624979019165,0.039179314859211445,0.14501251373440027
346,1.0334997177124023,36.639312744140625,1,0.3457602560520172,4.631170272827148,3.1879515647888184,0.5034013390541077,0.9319728016853333,0.9608843326568604,5.876077175140381,0.039098805747926235,0.14462432730942965
347,1.0334818363189697,36.681575775146484,1,0.3457757234573364,4.631043910980225,3.1879475116729736,0.5034013390541077,0.9319728016853333,0.9608843326568604,5.87588357925415,0.03920540399849415,0.14459014683961868
348,1.0334641933441162,36.7237663269043,1,0.3457911014556885,4.6299052238464355,3.187824249267578,0.5,0.9319728016853333,0.9608843326568604,5.875033378601074,0.039117565378546715,0.14463585708290339
349,1.0334465503692627,36.7658805847168,1,0.34580639004707336,4.62992000579834,3.1877832412719727,0.49829933047294617,0.9319728016853333,0.9608843326568604,5.87488317489624,0.03913476504385471,0.1448038760572672
350,1.0334291458129883,36.807918548583984,1,0.3458215892314911,4.629705905914307,3.1877658367156982,0.5017006993293762,0.9319728016853333,0.9608843326568604,5.874762058258057,0.039281902834773064,0.14490637462586164
351,1.0334116220474243,36.849884033203125,1,0.34583666920661926,4.629611492156982,3.187725782394409,0.5,0.9319728016853333,0.9608843326568604,5.8745551109313965,0.03912959434092045,0.1445514177903533
352,1.0333943367004395,36.89177703857422,1,0.3458516597747803,4.629739284515381,3.1877048015594482,0.49829933047294617,0.9319728016853333,0.9608843326568604,5.874448299407959,0.039149695076048374,0.14511148165911436
353,1.0333770513534546,36.93359375,1,0.34586653113365173,4.63057804107666,3.187807083129883,0.5034013390541077,0.9319728016853333,0.9608843326568604,5.87495756149292,0.03939116187393665,0.14512454252690077
354,1.0333600044250488,36.97533416748047,1,0.3458814024925232,4.629364967346191,3.187640428543091,0.49829933047294617,0.9319728016853333,0.9608843326568604,5.873989105224609,0.0392265934497118,0.14473565574735403
355,1.0333430767059326,37.017005920410156,1,0.3458961248397827,4.629374980926514,3.1876511573791504,0.49829933047294617,0.930272102355957,0.9608843326568604,5.8738694190979,0.03914174437522888,0.14455171767622232
356,1.0333260297775269,37.0586051940918,1,0.34591084718704224,4.6312079429626465,3.187924385070801,0.5102040767669678,0.9319728016853333,0.9608843326568604,5.875644683837891,0.03926009405404329,0.14468835666775703
357,1.0333092212677002,37.10012435913086,1,0.34592553973197937,4.629513740539551,3.187601089477539,0.5,0.930272102355957,0.9608843326568604,5.873752117156982,0.03911502566188574,0.1447935849428177
358,1.0332924127578735,37.141578674316406,1,0.34594017267227173,4.630660533905029,3.1877899169921875,0.5102040767669678,0.9319728016853333,0.9608843326568604,5.874713897705078,0.03911225497722626,0.1448006359860301
359,1.033275842666626,37.182960510253906,1,0.34595468640327454,4.628787040710449,3.1875100135803223,0.5,0.930272102355957,0.9608843326568604,5.8731255531311035,0.03928349446505308,0.1453380910679698
360,1.0332592725753784,37.224266052246094,1,0.34596917033195496,4.630231857299805,3.1877100467681885,0.5085033774375916,0.930272102355957,0.9608843326568604,5.874109268188477,0.03907880652695894,0.14472263678908348
361,1.0332427024841309,37.265506744384766,1,0.34598347544670105,4.630560874938965,3.1877799034118652,0.5102040767669678,0.9319728016853333,0.9608843326568604,5.874509334564209,0.039141745306551456,0.14450766891241074
362,1.0332262516021729,37.306671142578125,1,0.3459976315498352,4.630420684814453,3.1877334117889404,0.5102040767669678,0.9319728016853333,0.9608843326568604,5.8742852210998535,0.039146495051681995,0.14458894822746515
363,1.033210039138794,37.34777069091797,1,0.3460117280483246,4.629105091094971,3.1874935626983643,0.5017006993293762,0.930272102355957,0.9608843326568604,5.872844219207764,0.0391626451164484,0.14513601269572973
364,1.033193826675415,37.388797760009766,1,0.3460257351398468,4.6294355392456055,3.18753981590271,0.5051020383834839,0.930272102355957,0.9608843326568604,5.873038291931152,0.03958083130419254,0.1450079744681716
365,1.0331776142120361,37.42975616455078,1,0.34603962302207947,4.628180027008057,3.187401056289673,0.49829933047294617,0.930272102355957,0.9608843326568604,5.871973514556885,0.039218753576278687,0.14472737535834312
366,1.0331616401672363,37.47064208984375,1,0.34605348110198975,4.628480434417725,3.1873867511749268,0.5017006993293762,0.930272102355957,0.9608843326568604,5.872085094451904,0.039115375839173794,0.14487698581069708
367,1.0331459045410156,37.51145935058594,1,0.3460673391819,4.627748489379883,3.1873087882995605,0.5,0.930272102355957,0.9608843326568604,5.871614456176758,0.03919084556400776,0.14455887954682112
368,1.0331299304962158,37.55221176147461,1,0.3460811674594879,4.628935813903809,3.1874330043792725,0.5085033774375916,0.930272102355957,0.9608843326568604,5.872292995452881,0.0391144547611475,0.14460752718150616
369,1.0331141948699951,37.592891693115234,1,0.34609487652778625,4.62740421295166,3.1872165203094482,0.5,0.930272102355957,0.9608843326568604,5.8710455894470215,0.0391054954379797,0.146108022890985
370,1.0330984592437744,37.633506774902344,1,0.346108615398407,4.627249717712402,3.1871817111968994,0.49829933047294617,0.930272102355957,0.9608843326568604,5.87079381942749,0.039603461511433125,0.1451709819957614
371,1.0330829620361328,37.67405319213867,1,0.34612226486206055,4.627415657043457,3.187191963195801,0.5017006993293762,0.930272102355957,0.9608843326568604,5.870803356170654,0.03918204456567764,0.14458142779767513
372,1.033067226409912,37.71453094482422,1,0.34613582491874695,4.627706050872803,3.1872243881225586,0.5034013390541077,0.930272102355957,0.9608843326568604,5.870925426483154,0.03916625492274761,0.1444999985396862
373,1.0330519676208496,37.754940032958984,1,0.3461492955684662,4.626647472381592,3.1870832443237305,0.5,0.930272102355957,0.9608843326568604,5.8700175285339355,0.03930494375526905,0.1446722373366356
374,1.033036470413208,37.795284271240234,1,0.3461626470088959,4.6263747215271,3.187033176422119,0.5,0.930272102355957,0.9608843326568604,5.869722366333008,0.039151014760136604,0.14489922486245632
375,1.0330212116241455,37.83556365966797,1,0.3461759090423584,4.626850128173828,3.18705677986145,0.5051020383834839,0.930272102355957,0.9608843326568604,5.870000839233398,0.03920371364802122,0.144578717648983
376,1.033005952835083,37.87577438354492,1,0.34618908166885376,4.631316184997559,3.1881134510040283,0.5051020383834839,0.9319728016853333,0.9608843326568604,5.876632213592529,0.039302824065089226,0.14401460345834494
377,1.03299081325531,37.91592025756836,1,0.34620216488838196,4.631360054016113,3.1881158351898193,0.5051020383834839,0.9319728016853333,0.9608843326568604,5.876529693603516,0.039147465489804745,0.14400354400277138
378,1.0329759120941162,37.955997467041016,1,0.346215158700943,4.630906581878662,3.1880340576171875,0.5034013390541077,0.9319728016853333,0.9608843326568604,5.876079559326172,0.03913233522325754,0.14423988107591867
379,1.0329608917236328,37.99601364135742,1,0.3462281823158264,4.6250529289245605,3.186948776245117,0.49829933047294617,0.930272102355957,0.9608843326568604,5.8690643310546875,0.03933686297386885,0.14478275645524263
380,1.0329461097717285,38.03596496582031,1,0.34624114632606506,4.631697654724121,3.188082218170166,0.5051020383834839,0.9319728016853333,0.9608843326568604,5.876256465911865,0.039098065346479416,0.14382345508784056
381,1.0329310894012451,38.07584762573242,1,0.34625405073165894,4.630807876586914,3.1879374980926514,0.5034013390541077,0.9319728016853333,0.9608843326568604,5.875425815582275,0.03914727456867695,0.14391774497926235
382,1.03291654586792,38.11566925048828,1,0.34626689553260803,4.630800724029541,3.1878726482391357,0.5034013390541077,0.9319728016853333,0.9608843326568604,5.875156879425049,0.03918879386037588,0.1440336424857378
383,1.0329017639160156,38.155426025390625,1,0.34627971053123474,4.63093900680542,3.187910556793213,0.5068027377128601,0.9319728016853333,0.9608843326568604,5.875029563903809,0.039148345589637756,0.14402758423238993
384,1.0328872203826904,38.19511795043945,1,0.3462924063205719,4.6310954093933105,3.1878468990325928,0.5051020383834839,0.930272102355957,0.9608843326568604,5.8748087882995605,0.03916522487998009,0.14393913466483355
385,1.0328727960586548,38.23474884033203,1,0.34630507230758667,4.630548477172852,3.187755823135376,0.5051020383834839,0.930272102355957,0.9608843326568604,5.874151706695557,0.0391233554109931,0.1437107464298606
386,1.0328583717346191,38.27431106567383,1,0.34631767868995667,4.630051136016846,3.1875898838043213,0.5034013390541077,0.930272102355957,0.9608843326568604,5.873203277587891,0.03913546446710825,0.14372866600751877
387,1.032844066619873,38.313812255859375,1,0.3463301658630371,4.630087852478027,3.1875927448272705,0.5051020383834839,0.930272102355957,0.9608843326568604,5.873340606689453,0.039254942908883095,0.14400578290224075
388,1.0328296422958374,38.35325241088867,1,0.34634262323379517,4.629626274108887,3.187539577484131,0.5034013390541077,0.930272102355957,0.9608843326568604,5.872779369354248,0.03913750499486923,0.1438902048394084
389,1.0328154563903809,38.39263153076172,1,0.34635499119758606,4.629380702972412,3.1875059604644775,0.5068027377128601,0.930272102355957,0.9608843326568604,5.872494697570801,0.039200794883072376,0.14384148456156254
390,1.0328013896942139,38.43194580078125,1,0.3463672995567322,4.629509449005127,3.1875193119049072,0.5068027377128601,0.930272102355957,0.9608843326568604,5.872464179992676,0.03924388438463211,0.14424983225762844
391,1.0327872037887573,38.47119903564453,1,0.34637948870658875,4.628464698791504,3.187345027923584,0.5034013390541077,0.930272102355957,0.9608843326568604,5.8715033531188965,0.039187985472381115,0.1440511243417859
392,1.0327733755111694,38.51039123535156,1,0.34639161825180054,4.629018306732178,3.187453269958496,0.5051020383834839,0.930272102355957,0.9608843326568604,5.872060775756836,0.039058735594153404,0.1437412165105343
393,1.032759428024292,38.549522399902344,1,0.34640371799468994,4.628358840942383,3.1873674392700195,0.5034013390541077,0.930272102355957,0.9608843326568604,5.871509552001953,0.039280434139072895,0.14401508402079344
394,1.032745599746704,38.588592529296875,1,0.34641578793525696,4.628458023071289,3.187373399734497,0.5051020383834839,0.930272102355957,0.9608843326568604,5.871639251708984,0.039157445542514324,0.14460616745054722
395,1.0327318906784058,38.627601623535156,1,0.3464278280735016,4.628416538238525,3.1873836517333984,0.5051020383834839,0.930272102355957,0.9608843326568604,5.871603012084961,0.03909442573785782,0.14377326611429453
396,1.0327181816101074,38.66655349731445,1,0.3464398682117462,4.629427909851074,3.187650203704834,0.5034013390541077,0.930272102355957,0.9608843326568604,5.873100280761719,0.03915563505142927,0.1445948975160718
397,1.0327043533325195,38.705440521240234,1,0.34645184874534607,4.62809944152832,3.1874330043792725,0.49829933047294617,0.930272102355957,0.9608843326568604,5.8719072341918945,0.03903780598193407,0.14444588031619787
398,1.0326907634735107,38.744266510009766,1,0.34646373987197876,4.628077983856201,3.1874284744262695,0.49829933047294617,0.930272102355957,0.9608843326568604,5.871680736541748,0.03919466398656368,0.14459401834756136
399,1.032677173614502,38.78303527832031,1,0.3464754521846771,4.628182888031006,3.187401056289673,0.49659863114356995,0.930272102355957,0.9608843326568604,5.871551036834717,0.03923850320279598,0.1449118247255683
400,1.0326638221740723,38.821746826171875,1,0.3464871942996979,4.628413200378418,3.1874094009399414,0.49829933047294617,0.930272102355957,0.9608843326568604,5.871574401855469,0.03915318567305803,0.14473008643835783
401,1.0326504707336426,38.86039733886719,1,0.3464987874031067,4.628350734710693,3.187406063079834,0.49829933047294617,0.930272102355957,0.9608843326568604,5.8713603019714355,0.039244954474270344,0.1446996871381998
402,1.032637119293213,38.89898681640625,1,0.3465103209018707,4.6283860206604,3.1873836517333984,0.49829933047294617,0.930272102355957,0.9608843326568604,5.871251106262207,0.03910898603498936,0.14515278302133083
403,1.0326240062713623,38.93751525878906,1,0.3465217649936676,4.627780914306641,3.187265157699585,0.49829933047294617,0.930272102355957,0.9608843326568604,5.8706254959106445,0.039213964715600014,0.1448729643598199
404,1.0326106548309326,38.975990295410156,1,0.3465332090854645,4.627741813659668,3.187253475189209,0.49829933047294617,0.930272102355957,0.9608843326568604,5.870448112487793,0.0392823526635766,0.1448861239477992
405,1.032597541809082,39.014404296875,1,0.34654462337493896,4.628202438354492,3.187298536300659,0.49829933047294617,0.930272102355957,0.9608843326568604,5.870700359344482,0.039149255491793156,0.1447252370417118
406,1.0325846672058105,39.052764892578125,1,0.34655600786209106,4.627568244934082,3.187194347381592,0.49829933047294617,0.930272102355957,0.9608843326568604,5.870078086853027,0.03927537426352501,0.14505415316671133
407,1.03257155418396,39.091064453125,1,0.3465673327445984,4.6275787353515625,3.187167167663574,0.49659863114356995,0.930272102355957,0.9608843326568604,5.86994743347168,0.03931245394051075,0.14533606078475714
408,1.0325586795806885,39.12930679321289,1,0.34657859802246094,4.627479553222656,3.1871442794799805,0.49659863114356995,0.930272102355957,0.9608843326568604,5.8697638511657715,0.03918590396642685,0.14474030584096909
409,1.032545804977417,39.1674919128418,1,0.3465897738933563,4.628308296203613,3.1872212886810303,0.5017006993293762,0.930272102355957,0.9608843326568604,5.870286464691162,0.03909994661808014,0.14451852906495333
410,1.0325329303741455,39.20561981201172,1,0.3466009795665741,4.628872871398926,3.1873042583465576,0.5034013390541077,0.930272102355957,0.9608843326568604,5.870701789855957,0.03926190361380577,0.14554741885513067
411,1.0325201749801636,39.243690490722656,1,0.3466120958328247,4.628054141998291,3.1871683597564697,0.5017006993293762,0.930272102355957,0.9608843326568604,5.869900226593018,0.0391931040212512,0.1455330578610301
412,1.0325074195861816,39.28170394897461,1,0.34662315249443054,4.627691268920898,3.1871449947357178,0.5,0.930272102355957,0.9608843326568604,5.869568347930908,0.03920270502567291,0.14501663390547037
413,1.0324949026107788,39.319664001464844,1,0.3466341197490692,4.628222942352295,3.187169313430786,0.5034013390541077,0.930272102355957,0.9608843326568604,5.869836330413818,0.039170525036752224,0.14476083684712648
414,1.032482385635376,39.357566833496094,1,0.3466450870037079,4.6286396980285645,3.1872339248657227,0.5051020383834839,0.930272102355957,0.9608843326568604,5.870193958282471,0.03905524592846632,0.14487574435770512
415,1.0324697494506836,39.39541244506836,1,0.3466559946537018,4.626903057098389,3.186988353729248,0.49659863114356995,0.930272102355957,0.9608843326568604,5.868669509887695,0.039151255041360855,0.1445828564465046
416,1.0324574708938599,39.433204650878906,1,0.3466668128967285,4.626858234405518,3.18697190284729,0.5017006993293762,0.930272102355957,0.9608843326568604,5.868546485900879,0.03915180545300245,0.14449900947511196
417,1.0324450731277466,39.47093963623047,1,0.34667760133743286,4.627601146697998,3.1870534420013428,0.5034013390541077,0.930272102355957,0.9608843326568604,5.86903715133667,0.03911064565181732,0.1445794180035591
418,1.0324327945709229,39.50862121582031,1,0.3466883599758148,4.627140998840332,3.1870169639587402,0.5017006993293762,0.930272102355957,0.9608843326568604,5.868617534637451,0.03918512351810932,0.1445642076432705
419,1.0324203968048096,39.54624557495117,1,0.346699059009552,4.627613544464111,3.187049150466919,0.5068027377128601,0.930272102355957,0.9608843326568604,5.868878364562988,0.03913413546979427,0.14476684667170048
420,1.0324082374572754,39.58382034301758,1,0.3467096984386444,4.6269989013671875,3.1869468688964844,0.5017006993293762,0.930272102355957,0.9608843326568604,5.868351936340332,0.039105954580008984,0.14477808494120836
421,1.0323959589004517,39.621337890625,1,0.34672027826309204,4.627922534942627,3.187061309814453,0.5051020383834839,0.930272102355957,0.9608843326568604,5.868989944458008,0.039277044124901295,0.1448861649259925
422,1.0323840379714966,39.65879821777344,1,0.3467307984828949,4.626882076263428,3.186927080154419,0.5017006993293762,0.9285714030265808,0.9608843326568604,5.868125915527344,0.039132154546678066,0.14462586771696806
423,1.0323718786239624,39.69620895385742,1,0.3467411994934082,4.6270060539245605,3.186936616897583,0.5017006993293762,0.9285714030265808,0.9608843326568604,5.868149757385254,0.03915745485574007,0.14474143646657467
424,1.0323598384857178,39.73356246948242,1,0.34675154089927673,4.626270771026611,3.186840772628784,0.5,0.9285714030265808,0.9608843326568604,5.867488861083984,0.039300404489040375,0.14493561536073685
425,1.0323480367660522,39.77086639404297,1,0.34676188230514526,4.626242160797119,3.186837911605835,0.5,0.9285714030265808,0.9608843326568604,5.867387294769287,0.03916334547102451,0.1446418883278966
426,1.0323361158370972,39.80811309814453,1,0.346772164106369,4.626885414123535,3.1868908405303955,0.5034013390541077,0.9285714030265808,0.9608843326568604,5.867843151092529,0.0391688346862793,0.1444952692836523
427,1.0323244333267212,39.84531021118164,1,0.34678247570991516,4.626011848449707,3.186779022216797,0.5017006993293762,0.9285714030265808,0.9608843326568604,5.867101669311523,0.03930874262005091,0.14522730093449354
428,1.0323123931884766,39.88245391845703,1,0.34679272770881653,4.626851558685303,3.186854124069214,0.5034013390541077,0.9285714030265808,0.9608843326568604,5.867679119110107,0.03914910554885864,0.14467119704931974
429,1.0323008298873901,39.91954040527344,1,0.3468030095100403,4.6262102127075195,3.1867969036102295,0.5017006993293762,0.9285714030265808,0.9608843326568604,5.8671088218688965,0.03916902467608452,0.14574101567268372
430,1.0322892665863037,39.95657730102539,1,0.3468131721019745,4.6275129318237305,3.186933755874634,0.5051020383834839,0.930272102355957,0.9608843326568604,5.868100166320801,0.03921681456267834,0.14569199737161398
431,1.0322775840759277,39.99356460571289,1,0.3468233048915863,4.625883102416992,3.186762809753418,0.5,0.930272102355957,0.9608843326568604,5.866955280303955,0.039606659673154354,0.14537351951003075
432,1.0322660207748413,40.03049850463867,1,0.34683337807655334,4.6263604164123535,3.186821222305298,0.5034013390541077,0.9285714030265808,0.9608843326568604,5.867081642150879,0.0391178959980607,0.1445844378322363
433,1.0322544574737549,40.067378997802734,1,0.34684333205223083,4.625824928283691,3.186699628829956,0.5,0.9285714030265808,0.9608843326568604,5.866559028625488,0.03924516402184963,0.14468606654554605
434,1.0322431325912476,40.10420608520508,1,0.34685322642326355,4.62601900100708,3.1867668628692627,0.5017006993293762,0.9285714030265808,0.9608843326568604,5.866686820983887,0.0391294751316309,0.14474336616694927
435,1.0322316884994507,40.140987396240234,1,0.3468630611896515,4.6265387535095215,3.186810255050659,0.5068027377128601,0.9285714030265808,0.9608843326568604,5.867002487182617,0.03915053512901068,0.14545653015375137
436,1.0322203636169434,40.17771530151367,1,0.34687286615371704,4.625967979431152,3.186724901199341,0.5017006993293762,0.9285714030265808,0.9608843326568604,5.866553783416748,0.039553350768983364,0.1450462331995368
437,1.0322089195251465,40.21438980102539,1,0.3468826115131378,4.625302791595459,3.1866297721862793,0.5,0.9285714030265808,0.9608843326568604,5.865969657897949,0.03917278442531824,0.14462782721966505
438,1.0321977138519287,40.251014709472656,1,0.3468923568725586,4.625242710113525,3.186631917953491,0.5017006993293762,0.9285714030265808,0.9608843326568604,5.865854263305664,0.03925567399710417,0.14465227723121643
439,1.03218674659729,40.287593841552734,1,0.34690210223197937,4.625532627105713,3.186645030975342,0.5017006993293762,0.9285714030265808,0.9608843326568604,5.866014003753662,0.039258893579244614,0.14467654656618834
440,1.0321755409240723,40.32411575317383,1,0.346911758184433,4.6251912117004395,3.1865949630737305,0.5,0.9285714030265808,0.9608843326568604,5.865678310394287,0.039196074940264225,0.14456243813037872
441,1.0321643352508545,40.360591888427734,1,0.3469213843345642,4.625430583953857,3.1866190433502197,0.5017006993293762,0.9285714030265808,0.9608843326568604,5.865835189819336,0.039181144908070564,0.14453260879963636
442,1.0321533679962158,40.39701843261719,1,0.34693098068237305,4.6266093254089355,3.186767101287842,0.5051020383834839,0.9285714030265808,0.9608843326568604,5.8666558265686035,0.03920411504805088,0.14465239830315113
443,1.0321424007415771,40.43339157104492,1,0.3469405472278595,4.625424861907959,3.1866142749786377,0.5017006993293762,0.9285714030265808,0.9608843326568604,5.865753650665283,0.03906682599335909,0.1447677854448557
444,1.0321314334869385,40.4697151184082,1,0.34695008397102356,4.625024318695068,3.186547040939331,0.5,0.9285714030265808,0.9608843326568604,5.865346431732178,0.0391860855743289,0.14465260785073042
445,1.0321204662322998,40.5059928894043,1,0.34695959091186523,4.625093936920166,3.1865763664245605,0.5017006993293762,0.9285714030265808,0.9608843326568604,5.865370273590088,0.03926012385636568,0.14517154172062874
446,1.0321097373962402,40.54221725463867,1,0.34696897864341736,4.625668048858643,3.1866157054901123,0.5068027377128601,0.9285714030265808,0.9608843326568604,5.8657708168029785,0.03916220460087061,0.14495961368083954
447,1.0320987701416016,40.57839584350586,1,0.3469783365726471,4.6246418952941895,3.186475992202759,0.5017006993293762,0.9285714030265808,0.9608843326568604,5.864908695220947,0.039201014675199986,0.14477677643299103
448,1.0320881605148315,40.61452865600586,1,0.34698763489723206,4.62505578994751,3.1865131855010986,0.5017006993293762,0.9285714030265808,0.9608843326568604,5.865228652954102,0.03919585421681404,0.14477051608264446
449,1.032077431678772,40.65060806274414,1,0.34699687361717224,4.624939441680908,3.186514377593994,0.5017006993293762,0.9285714030265808,0.9608843326568604,5.865082740783691,0.0391314048320055,0.1445431476458907
450,1.032066822052002,40.68663787841797,1,0.34700605273246765,4.625436782836914,3.1865615844726562,0.5068027377128601,0.9285714030265808,0.9608843326568604,5.865401744842529,0.03917096368968487,0.14485690463334322
451,1.0320560932159424,40.72262191772461,1,0.3470151722431183,4.624885559082031,3.186520576477051,0.5017006993293762,0.9285714030265808,0.9608843326568604,5.86497163772583,0.03938894160091877,0.1450866125524044
452,1.032045602798462,40.75856018066406,1,0.3470242917537689,4.624474048614502,3.1864569187164307,0.5,0.9285714030265808,0.9608843326568604,5.864561080932617,0.039136454463005066,0.1445447588339448
453,1.0320351123809814,40.7944450378418,1,0.34703341126441956,4.624872207641602,3.1864895820617676,0.5034013390541077,0.9285714030265808,0.9608843326568604,5.864895343780518,0.03932194318622351,0.14495793357491493
454,1.032024621963501,40.83028793334961,1,0.3470425307750702,4.625110149383545,3.1865077018737793,0.5068027377128601,0.9285714030265808,0.9608843326568604,5.864985942840576,0.039115576073527336,0.1444766391068697
455,1.0320141315460205,40.8660774230957,1,0.34705159068107605,4.625786304473877,3.1865994930267334,0.5051020383834839,0.9285714030265808,0.9608843326568604,5.865362167358398,0.039197973906993866,0.14459677692502737
456,1.0320038795471191,40.901824951171875,1,0.3470606803894043,4.624143123626709,3.186387777328491,0.49829933047294617,0.9285714030265808,0.9608843326568604,5.864132881164551,0.03928063251078129,0.1447532158344984
457,1.0319933891296387,40.937522888183594,1,0.3470696806907654,4.623993873596191,3.186372995376587,0.5,0.9285714030265808,0.9608843326568604,5.86396598815918,0.03918399568647146,0.14522407203912735
458,1.0319831371307373,40.973175048828125,1,0.3470785915851593,4.623978614807129,3.186344623565674,0.49829933047294617,0.9285714030265808,0.9608843326568604,5.863926410675049,0.03914118558168411,0.1447421759366989
459,1.031972885131836,41.0087776184082,1,0.34708747267723083,4.624326229095459,3.1864101886749268,0.5017006993293762,0.9285714030265808,0.9608843326568604,5.864218711853027,0.039215805009007454,0.14476172626018524
460,1.0319628715515137,41.04433822631836,1,0.3470962643623352,4.624424934387207,3.1864309310913086,0.5017006993293762,0.9285714030265808,0.9608843326568604,5.864282608032227,0.03909343481063843,0.14448865875601768
461,1.0319526195526123,41.07984924316406,1,0.3471050560474396,4.624134540557861,3.186366558074951,0.5,0.9285714030265808,0.9608843326568604,5.863996505737305,0.03910021483898163,0.14441926963627338
462,1.031942367553711,41.11531448364258,1,0.3471137583255768,4.623658180236816,3.1863062381744385,0.49829933047294617,0.9285714030265808,0.9608843326568604,5.863524913787842,0.039208424277603626,0.14477993547916412
463,1.0319323539733887,41.150733947753906,1,0.3471223711967468,4.62396764755249,3.186380624771118,0.5,0.9285714030265808,0.9608843326568604,5.863799095153809,0.03913325536996126,0.14457457792013884
464,1.0319222211837769,41.18610763549805,1,0.3471309542655945,4.624269485473633,3.18637752532959,0.5017006993293762,0.9285714030265808,0.9608843326568604,5.863997936248779,0.039158244617283344,0.14456414803862572
465,1.0319123268127441,41.221435546875,1,0.34713947772979736,4.623857021331787,3.1863303184509277,0.5,0.9285714030265808,0.9608843326568604,5.86365270614624,0.03923544380813837,0.14486795477569103
466,1.0319023132324219,41.256717681884766,1,0.34714800119400024,4.623861312866211,3.1863365173339844,0.5017006993293762,0.9285714030265808,0.9608843326568604,5.863633632659912,0.03910156525671482,0.14495634380728006
467,1.0318924188613892,41.291954040527344,1,0.3471565246582031,4.6237359046936035,3.1863114833831787,0.5017006993293762,0.9285714030265808,0.9608843326568604,5.863499641418457,0.03919825330376625,0.14461824670433998
468,1.0318827629089355,41.327144622802734,1,0.3471650779247284,4.623208999633789,3.1862385272979736,0.49829933047294617,0.9285714030265808,0.9608843326568604,5.862977504730225,0.03914568480104208,0.1447056569159031
469,1.0318727493286133,41.3622932434082,1,0.3471736013889313,4.623201370239258,3.18623948097229,0.49829933047294617,0.9285714030265808,0.9608843326568604,5.862969875335693,0.039101035334169865,0.14451495837420225
470,1.0318629741668701,41.39739227294922,1,0.34718212485313416,4.624524116516113,3.1863696575164795,0.5051020383834839,0.9285714030265808,0.9608843326568604,5.863841533660889,0.03925945423543453,0.1446970459073782
471,1.031853199005127,41.43244934082031,1,0.3471905589103699,4.622976303100586,3.186213970184326,0.5017006993293762,0.9285714030265808,0.9608843326568604,5.862705707550049,0.03908793535083532,0.14452176913619041
472,1.0318435430526733,41.467464447021484,1,0.3471989631652832,4.624488830566406,3.1863625049591064,0.5068027377128601,0.9285714030265808,0.9608843326568604,5.863720893859863,0.039197104051709175,0.1445505376905203
473,1.0318338871002197,41.5024299621582,1,0.34720727801322937,4.623218536376953,3.186232089996338,0.5017006993293762,0.9285714030265808,0.9608843326568604,5.862937927246094,0.039291284047067165,0.14475302584469318
474,1.0318243503570557,41.537353515625,1,0.34721559286117554,4.6227569580078125,3.186192274093628,0.5017006993293762,0.9285714030265808,0.9608843326568604,5.862468719482422,0.03918101452291012,0.1446242481470108
475,1.0318145751953125,41.572235107421875,1,0.34722375869750977,4.623902320861816,3.186306953430176,0.5068027377128601,0.9285714030265808,0.9608843326568604,5.863281726837158,0.039114135317504406,0.14449028857052326
476,1.031805157661438,41.60707092285156,1,0.3472318947315216,4.622926235198975,3.1861824989318848,0.5017006993293762,0.9285714030265808,0.9608843326568604,5.862642288208008,0.03924843389540911,0.1447125170379877
477,1.0317957401275635,41.64186096191406,1,0.34724000096321106,4.622878074645996,3.18617844581604,0.5017006993293762,0.9285714030265808,0.9608843326568604,5.862585067749023,0.03913650568574667,0.1446375772356987
478,1.0317862033843994,41.67660903930664,1,0.3472481071949005,4.623104095458984,3.1862611770629883,0.5034013390541077,0.9285714030265808,0.9608843326568604,5.862750053405762,0.0390809066593647,0.1444722292944789
479,1.0317766666412354,41.7113151550293,1,0.34725621342658997,4.623112678527832,3.186235189437866,0.5068027377128601,0.9285714030265808,0.9608843326568604,5.862714767456055,0.039215924218297005,0.14463231712579727
480,1.0317673683166504,41.74597930908203,1,0.3472643196582794,4.622580051422119,3.186159610748291,0.5017006993293762,0.9285714030265808,0.9608843326568604,5.862295627593994,0.03910754434764385,0.14492944348603487
481,1.0317580699920654,41.78059387207031,1,0.3472723960876465,4.622272968292236,3.186109781265259,0.5,0.9285714030265808,0.9608843326568604,5.861994743347168,0.03916705492883921,0.1446653576567769
482,1.031748652458191,41.81517028808594,1,0.34728044271469116,4.622102737426758,3.1860857009887695,0.5017006993293762,0.9285714030265808,0.9608843326568604,5.8617730140686035,0.03916648495942354,0.1446697972714901
483,1.0317394733428955,41.84970474243164,1,0.3472883999347687,4.622550964355469,3.1861460208892822,0.5034013390541077,0.9285714030265808,0.9608843326568604,5.862236022949219,0.03914654441177845,0.14459012728184462
484,1.0317301750183105,41.884193420410156,1,0.3472963273525238,4.623624801635742,3.1862404346466064,0.5068027377128601,0.9285714030265808,0.9608843326568604,5.862729549407959,0.039153045043349266,0.14454622846096754
485,1.0317208766937256,41.918643951416016,1,0.3473041355609894,4.621911525726318,3.1860506534576416,0.5017006993293762,0.9285714030265808,0.9608843326568604,5.86145544052124,0.039137234911322594,0.1445978283882141
486,1.0317118167877197,41.95305252075195,1,0.34731197357177734,4.622217178344727,3.1861050128936768,0.5034013390541077,0.9285714030265808,0.9608843326568604,5.861943244934082,0.03912724461406469,0.14453522767871618
487,1.0317027568817139,41.98741149902344,1,0.3473198115825653,4.621906280517578,3.186072826385498,0.5017006993293762,0.9285714030265808,0.9608843326568604,5.861677646636963,0.0392458438873291,0.14468323718756437
488,1.0316935777664185,42.02173614501953,1,0.3473275601863861,4.6215901374816895,3.1860153675079346,0.5017006993293762,0.9285714030265808,0.9608843326568604,5.861255168914795,0.039145625196397305,0.14460454788058996
489,1.031684398651123,42.05601501464844,1,0.34733521938323975,4.621494293212891,3.1859993934631348,0.5017006993293762,0.9285714030265808,0.9608843326568604,5.8612165451049805,0.0391802154481411,0.1445695785805583
490,1.0316755771636963,42.09025192260742,1,0.34734290838241577,4.621665000915527,3.186044216156006,0.5017006993293762,0.9285714030265808,0.9608843326568604,5.861474990844727,0.041095136664807796,0.15449015144258738
491,1.0316665172576904,42.12445068359375,1,0.3473505973815918,4.621773719787598,3.186063289642334,0.5051020383834839,0.9285714030265808,0.9608843326568604,5.861563682556152,0.04043582174926996,0.14605071302503347
492,1.0316576957702637,42.15860366821289,1,0.3473583161830902,4.6219611167907715,3.1861157417297363,0.5068027377128601,0.9285714030265808,0.9608843326568604,5.861677169799805,0.039203654043376446,0.14467457681894302
493,1.0316487550735474,42.192718505859375,1,0.34736597537994385,4.622283458709717,3.1861252784729004,0.5068027377128601,0.9285714030265808,0.9608843326568604,5.861776828765869,0.039298453368246555,0.14469692669808865
494,1.0316399335861206,42.22679138183594,1,0.3473735749721527,4.621030330657959,3.185976982116699,0.5017006993293762,0.9285714030265808,0.9608843326568604,5.860854148864746,0.03915701434016228,0.1446714773774147
495,1.0316309928894043,42.260826110839844,1,0.3473811447620392,4.621176719665527,3.1860477924346924,0.5034013390541077,0.9285714030265808,0.9608843326568604,5.861085414886475,0.03917183540761471,0.1445713685825467
496,1.0316221714019775,42.29481506347656,1,0.34738868474960327,4.621279239654541,3.186028480529785,0.5068027377128601,0.9285714030265808,0.9608843326568604,5.8611674308776855,0.03923947364091873,0.14468353614211082
497,1.0316135883331299,42.328765869140625,1,0.34739619493484497,4.621150970458984,3.1860086917877197,0.5051020383834839,0.9285714030265808,0.9608843326568604,5.861070156097412,0.03952083084732294,0.144982123747468
498,1.0316047668457031,42.362674713134766,1,0.3474036753177643,4.621708869934082,3.18605899810791,0.5068027377128601,0.9285714030265808,0.9608843326568604,5.861352443695068,0.03914924431592226,0.14454936794936657
499,1.0315961837768555,42.39654541015625,1,0.3474110960960388,4.620687484741211,3.1859617233276367,0.5034013390541077,0.9285714030265808,0.9608843326568604,5.8607048988342285,0.03912786487489939,0.1446013879030943
