iteration,loss,lengthscale,outputscale,likelyhood_noise,test_MAE,test_NLL,test_PICP50,test_PICP90,test_PICP95,test_RMSE,it_time_training,it_time
0,2.26622504807062,1.9392896588207242,0.49706209553587843,0.9413900590536226,0.6286489783830251,1.2979614527065202,0.7443609237670898,0.9774436354637146,0.9849624037742615,0.7979755562553745,0.46136735938489437,0.4898505052551627
1,1.8860765806987936,1.6214135524353628,0.3690562978864069,1.154117831393465,0.6345717946046855,1.2884399388308094,0.5714285969734192,0.9567669034004211,0.9868420958518982,0.8209169970018089,0.10923659522086382,0.11673987004905939
2,1.67371145610206,1.5160536113015308,0.288118404987192,1.3019189770427817,0.6410603874507264,1.3010355945168237,0.5657894611358643,0.9736841917037964,0.9868420958518982,0.8263774262221186,0.10112557467073202,0.10825871024280787
3,1.6044062296962314,1.5191305624747233,0.23459361118240168,1.382072659544096,0.6458995356010612,1.3024296355704437,0.6729323267936707,0.9736841917037964,0.9868420958518982,0.8226852224051887,0.09349617082625628,0.10020480863749981
4,1.5578249644150224,1.5854421419359974,0.1977449983990649,1.403717113477433,0.6423288070552952,1.2979621393239003,0.6409774422645569,0.9736841917037964,0.9868420958518982,0.8192415234996022,0.09057286474853754,0.0972634432837367
5,1.519910583284981,1.6982279212975897,0.17144864298599155,1.3799305150130314,0.6372724129896699,1.2870495824214616,0.6146616339683533,0.9718044996261597,0.9849624037742615,0.8138230028439457,0.08917126059532166,0.09600230865180492
6,1.4858463560880442,1.8470026573668241,0.15200495500196146,1.3231326393428349,0.6337328292565689,1.2705222955671243,0.6315789222717285,0.9718044996261597,0.9830827116966248,0.8061429425691649,0.08854251354932785,0.09530458133667707
7,1.4563659798655337,2.0280280995919777,0.137151732901417,1.2441342930629822,0.62619775609643,1.2500898393108135,0.6278195381164551,0.9492481350898743,0.9830827116966248,0.797195285016516,0.09355293028056622,0.10044989734888077
8,1.4287050840257849,2.241517642641841,0.1254787012020806,1.1531286783194803,0.6199685957556068,1.2249238068479285,0.6484962701797485,0.9492481350898743,0.981203019618988,0.7845598805418441,0.09045828506350517,0.09706046339124441
9,1.4030502108162168,2.487168298114298,0.11607420146180572,1.0588585695706478,0.6103128746052663,1.2010431230776075,0.61654132604599,0.9454887509346008,0.9793233275413513,0.774546088875943,0.08771970868110657,0.09418791718780994
10,1.377861767709741,2.7674079583267255,0.10840306858029498,0.9690540090617349,0.597952404271513,1.1721218383455636,0.6447368264198303,0.9398496150970459,0.9755638837814331,0.7582957619454012,0.0897173285484314,0.09618828818202019
11,1.352471165533488,3.083307890142393,0.10213353698417617,0.8888336212801584,0.5880165588612714,1.1504462201265129,0.6109022498130798,0.9379699230194092,0.9718044996261597,0.7488522501004964,0.08908004034310579,0.09586736839264631
12,1.3291087570435685,3.4237475710436254,0.0967996754958936,0.8188800125727665,0.5792029925703351,1.1293323499542913,0.6090225577354431,0.9285714030265808,0.9661654233932495,0.7383762648729092,0.08832806441932917,0.09505837224423885
13,1.3114050651996738,3.7808109430599703,0.0924727884744425,0.7603080848922905,0.5735598388315823,1.114719434277685,0.5845864415168762,0.9248120188713074,0.9567669034004211,0.7321683777050733,0.08864027354866266,0.09534639213234186
14,1.2964512778081767,4.1395926000506,0.08854305484905217,0.7185691889493601,0.5592754432926472,1.0962133867365822,0.5921052694320679,0.9191729426383972,0.9642857313156128,0.7205312393616745,0.08766428660601377,0.09436872601509094
15,1.2858265350033828,4.501219456488753,0.08586627099326065,0.6886998329845637,0.5680191506833621,1.0940746587569967,0.5601503849029541,0.9116541147232056,0.9530075192451477,0.7214159479600964,0.08883306197822094,0.09528992231935263
16,1.2730976561397018,4.84373197817313,0.08339956830070422,0.6703016017634902,0.5593229427220779,1.088379808926084,0.5639097690582275,0.9097744226455688,0.9567669034004211,0.7182098037928933,0.0880503561347723,0.09466760512441397
17,1.2672830708902647,5.164234934904305,0.08169273006122207,0.6620323582778168,0.5535918330605076,1.0800705031872295,0.5582706928253174,0.9060150384902954,0.9548872113227844,0.712376455153022,0.08974420744925737,0.09642269648611546
18,1.2589672170613957,5.466758024865656,0.08057804030584288,0.6593163508358824,0.5530180653391419,1.0750537977105346,0.5507518649101257,0.9097744226455688,0.9530075192451477,0.7088446687734232,0.0873493691906333,0.09403146803379059
19,1.2560132587171782,5.755262821494863,0.08041338947467334,0.6551766813178516,0.5607014600152651,1.0817592138715297,0.5281955003738403,0.9060150384902954,0.9492481350898743,0.7141687429201539,0.08798203617334366,0.09467668551951647
20,1.2527079595006931,6.01938363118045,0.080656580755797,0.6527806870258186,0.5507648232805495,1.0734648782200655,0.5601503849029541,0.9060150384902954,0.9473684430122375,0.708128133406836,0.08804083615541458,0.09453171491622925
21,1.2436628810647963,6.266329911839261,0.08150474455440263,0.6525598789702401,0.5594766636912232,1.081343043340125,0.5620300769805908,0.902255654335022,0.9548872113227844,0.7141759398594778,0.08791840635240078,0.09449279494583607
22,1.2430709430437008,6.495655316992261,0.08284071265553795,0.6481285769621651,0.5546195045679543,1.0741389795155947,0.5545112490653992,0.9060150384902954,0.951127827167511,0.708950996109623,0.08749852795153856,0.09402809850871563
23,1.2392779356886945,6.709619488410416,0.0841601168427943,0.6427945108872996,0.5609629385339008,1.0800452522021882,0.5225563645362854,0.9078947305679321,0.9473684430122375,0.7135516833652462,0.08751649782061577,0.09421878680586815
24,1.23996766681342,6.907345295519728,0.08621223126153509,0.6385644957471269,0.5544079275935323,1.0739343453327337,0.5375939607620239,0.9078947305679321,0.9530075192451477,0.7091185592247702,0.08819531369954348,0.09490034263581038
25,1.2386855044697653,7.085707663011816,0.08701655956201536,0.6352856494343423,0.5499982855753487,1.0784408577035196,0.5526315569877625,0.902255654335022,0.9454887509346008,0.7125055813200751,0.08877278212457895,0.09530314058065414
26,1.247361089870488,7.2510592282363575,0.08861417318963048,0.6417241454872044,0.5684276217899371,1.0900129330555468,0.518796980381012,0.9097744226455688,0.9473684430122375,0.7209848466798353,0.08786844648420811,0.0943558057770133
27,1.2459273157213429,7.3944966040624704,0.08927888257470798,0.6440868325628892,0.5589852564562237,1.0808756458946258,0.5357142686843872,0.9003759622573853,0.951127827167511,0.7141691290136851,0.08790488541126251,0.09456292446702719
28,1.2404879306466794,7.528870040208391,0.08931889745981329,0.6507702290228483,0.5459808991481407,1.0670163873732434,0.5582706928253174,0.9003759622573853,0.9473684430122375,0.7034875640466517,0.08801923599094152,0.09476775396615267
29,1.2343675180440417,7.662041616578124,0.09085119207299565,0.652668843729981,0.561733400666926,1.0791650976494813,0.5357142686843872,0.9078947305679321,0.9530075192451477,0.7126543807420002,0.08761469647288322,0.09434771630913019
30,1.2315511890264355,7.796415890949777,0.09263117858850686,0.6445946768860376,0.5544710805599182,1.0739451425277484,0.5357142686843872,0.9003759622573853,0.9492481350898743,0.7090524680936027,0.08788411784917116,0.09790004044771194
31,1.2327585808926635,7.927587362174547,0.09488408240266986,0.6326725059141572,0.5452030923746237,1.0654646700418697,0.548872172832489,0.9041353464126587,0.951127827167511,0.7030699837683474,0.08758024778217077,0.09414993692189455
32,1.2319507114177588,8.05962200238206,0.09724677221737019,0.6306033267290166,0.5711131187218162,1.0928099870961097,0.4774436056613922,0.896616518497467,0.9454887509346008,0.7229704361326259,0.08664326276630163,0.09320673253387213
33,1.2360107854622537,8.179729645314467,0.09833589804765012,0.6321998297362734,0.5475690871887788,1.0635301797310115,0.5375939607620239,0.9041353464126587,0.9530075192451477,0.7017077005317679,0.08798734657466412,0.0944697055965662
34,1.233553324891807,8.295951868542218,0.10050212731300241,0.6349311228772577,0.5519646705732171,1.070989588513251,0.5338345766067505,0.9078947305679321,0.9530075192451477,0.7071177933950293,0.08818249497562647,0.0947158932685852
35,1.2299416976995428,8.408593121270833,0.10260088690772969,0.632918712652809,0.5650542588984282,1.0843498095571475,0.5093985199928284,0.896616518497467,0.951127827167511,0.7169269558724153,0.0891923513263464,0.09580178931355476
36,1.2327428618936236,8.519559079116377,0.10364683439948422,0.6362984877734918,0.546436095446451,1.0646304928710852,0.5413534045219421,0.9060150384902954,0.951127827167511,0.7024073157778234,0.08779431693255901,0.09437932539731264
37,1.2282459784769255,8.628310450650243,0.10559372495070588,0.6352766735128026,0.548306191086763,1.0632604636584204,0.5394737124443054,0.9060150384902954,0.9567669034004211,0.7014885282201865,0.09234880562871695,0.09912706352770329
38,1.2239155681040899,8.735181757492503,0.10841932051574994,0.6288062083966879,0.5530260010721075,1.0698089466627685,0.5338345766067505,0.9060150384902954,0.9473684430122375,0.706535165856964,0.089258779771626,0.09577911905944347
39,1.2232355012817298,8.842616797954296,0.11079969207531618,0.6217442387070764,0.5521531503337688,1.0666442553262157,0.5244361162185669,0.9041353464126587,0.9492481350898743,0.704310345379849,0.08878364320844412,0.09531408175826073
40,1.2222254074949286,8.949831426473514,0.113846976668465,0.6190082538094551,0.5477670076507017,1.0636830980737875,0.5507518649101257,0.9003759622573853,0.9530075192451477,0.7021724290789713,0.08949711918830872,0.09605956915766001
41,1.2253235727389389,9.056428226551102,0.11607455420724981,0.6162670199198621,0.5510026333268745,1.065864153872305,0.5206766724586487,0.902255654335022,0.9454887509346008,0.7039088545308484,0.08671693131327629,0.09310168121010065
42,1.222832405291939,9.160559421909708,0.1187933131162197,0.621511901392364,0.5489929543529037,1.0605207183761416,0.5375939607620239,0.9003759622573853,0.9473684430122375,0.6999923663586325,0.08649755362421274,0.09289716370403767
43,1.2241591598745019,9.25844794905991,0.12150806868384968,0.6210460671053859,0.5470125435990902,1.0622201697487519,0.5338345766067505,0.9041353464126587,0.9530075192451477,0.7011229024227799,0.08685012068599463,0.09325663093477488
44,1.224756395504535,9.359119288338388,0.12427108106417546,0.6257056184581705,0.5582078547258872,1.0766642175639525,0.5206766724586487,0.8947368264198303,0.9454887509346008,0.711406544194723,0.0865047425031662,0.0929075125604868
45,1.2241787923691947,9.462534946499657,0.12717459442479495,0.6277989325837672,0.555669147327637,1.0723626323673265,0.5093985199928284,0.9041353464126587,0.9492481350898743,0.7084203162468784,0.08701620157808065,0.0935514997690916
46,1.223187899290981,9.553015421517166,0.1274619139009698,0.6265834323318775,0.545380775196547,1.06120856326759,0.548872172832489,0.8984962701797485,0.951127827167511,0.7002544914764732,0.08727554883807898,0.09365503955632448
47,1.2255886557909481,9.64457127421956,0.12877474694500837,0.6264954985677753,0.5475587697098648,1.061977599006309,0.5375939607620239,0.9003759622573853,0.9473684430122375,0.700974960616713,0.29700858145952225,0.30340585205703974
48,1.2244224154979877,9.73552960058157,0.1322284726697242,0.6263641529162255,0.5597628821244128,1.076856048975057,0.5056390762329102,0.9041353464126587,0.9454887509346008,0.7116372018421492,0.08709304966032505,0.09348784945905209
49,1.2247531635478226,9.82060833297896,0.13243672716029628,0.6250089686328806,0.5442142608111786,1.0621125424013627,0.5394737124443054,0.9003759622573853,0.9436089992523193,0.7010328614416351,0.08696041069924831,0.09339450113475323
50,1.2225496952254022,9.910314283896138,0.13443108597008288,0.6218880102275839,0.5531351006915022,1.068503696773899,0.5413534045219421,0.9003759622573853,0.9492481350898743,0.7057857301776657,0.08684210106730461,0.0932356109842658
51,1.2217222026370422,9.993719117103424,0.13650452975959293,0.6190326181883723,0.554932937600505,1.0703657290048763,0.5112782120704651,0.8984962701797485,0.9398496150970459,0.7070215976980315,0.09017357602715492,0.09659672621637583
52,1.219990543504791,10.072887894722188,0.13788043314970871,0.6248127298330605,0.5467528479802839,1.0610953267407486,0.5357142686843872,0.9078947305679321,0.951127827167511,0.7002230199987928,0.08778084721416235,0.0941473376005888
53,1.221244231710066,10.162048783293821,0.1395298903808403,0.6204117872912371,0.5482774375992816,1.0633950164581063,0.5338345766067505,0.902255654335022,0.951127827167511,0.7021071285749003,0.08607137482613325,0.0924913939088583
54,1.219272338642102,10.245026234588984,0.14180318580849252,0.6218462403341821,0.5557167408646454,1.0718751462618679,0.5169172883033752,0.8984962701797485,0.9436089992523193,0.7082621790610851,0.08592486567795277,0.09237115457654
55,1.2205176008675473,10.32672835846562,0.14200357432333438,0.62167526076404,0.543937125399014,1.0561993893860773,0.548872172832489,0.902255654335022,0.9548872113227844,0.6967795806179462,0.08611065521836281,0.09247179515659809
56,1.2183867732280913,10.409583526109449,0.14547483580782275,0.6208423870793062,0.5512406064305909,1.0639630141647465,0.5263158082962036,0.902255654335022,0.9473684430122375,0.7024181216497193,0.08624656405299902,0.09265617374330759
57,1.2215770146344347,10.495697480743306,0.1455125115108567,0.6169557464547791,0.5508174187030787,1.065695478588386,0.5225563645362854,0.902255654335022,0.9492481350898743,0.7038537092359853,0.08614317514002323,0.0925814751535654
58,1.2232498334950825,10.570175314057703,0.14717886236371674,0.6160655587647783,0.5488552514039952,1.0601839886373488,0.5413534045219421,0.902255654335022,0.9548872113227844,0.6998562750042233,0.08609458431601524,0.09249002486467361
59,1.218075533310151,10.648492173389716,0.14873239566428473,0.6219232860450047,0.555908691154821,1.0722339210358676,0.5037593841552734,0.9003759622573853,0.9398496150970459,0.7084655660298119,0.08610379509627819,0.09251678455621004
60,1.2189360872993238,10.720288787783977,0.1492613646435979,0.6181214659098042,0.545906284585019,1.0604608758556977,0.5375939607620239,0.9060150384902954,0.9492481350898743,0.699981324549992,0.08613144513219595,0.09253548458218575
61,1.221016739460036,10.797160319801831,0.150248684320792,0.6216871736882348,0.5447193074524963,1.0579525797006364,0.5469924807548523,0.9041353464126587,0.9492481350898743,0.6979823269116238,0.08608011528849602,0.09245745558291674
62,1.2200634730363056,10.865489141616102,0.1515586290867537,0.6244789035517027,0.5552867332661549,1.0700063987100634,0.5338345766067505,0.902255654335022,0.9473684430122375,0.7067862415418387,0.08599348459392786,0.09237242490053177
63,1.2162352614581589,10.94613379884877,0.15213262197321495,0.6220839210629439,0.5564273209073871,1.068563325911628,0.5131579041481018,0.8984962701797485,0.9492481350898743,0.7058288424967988,0.08594466466456652,0.09253712370991707
64,1.213971052678819,11.013286803687333,0.1543033994085221,0.6150800082300948,0.5454610177631801,1.057382690280805,0.5394737124443054,0.9060150384902954,0.9473684430122375,0.6978618886316469,0.08633401244878769,0.09289494156837463
65,1.2154002416717877,11.085796685233491,0.15635093110965456,0.6105872630456936,0.5455978423629476,1.0611962178249947,0.5394737124443054,0.902255654335022,0.9492481350898743,0.7007599426562084,0.08608316443860531,0.09256993420422077
66,1.226068569737763,11.155768455485756,0.15841823252187573,0.6095059304355683,0.554155781849979,1.066860347397448,0.5056390762329102,0.896616518497467,0.951127827167511,0.7046708728943532,0.08616570383310318,0.09273826330900192
67,1.214132242930902,11.218317141740307,0.15874517246543457,0.6207911051556347,0.5440034166828989,1.0550987347391017,0.5375939607620239,0.9097744226455688,0.9548872113227844,0.696093832598755,0.08631641417741776,0.09269474446773529
68,1.213556076855953,11.282640666948472,0.16186707253938018,0.6233636863929959,0.5448534551573363,1.0559488644295671,0.5394737124443054,0.9060150384902954,0.951127827167511,0.6967194162758448,0.0862618638202548,0.09267858322709799
69,1.2184260804719307,11.347690079270834,0.1636737834521144,0.6140855339209983,0.5526935985302114,1.0658088517890967,0.5206766724586487,0.9041353464126587,0.9454887509346008,0.7038829818022658,0.08616588357836008,0.0925533939152956
70,1.2187615739589028,11.412361309415905,0.16718013858058536,0.6107980169799996,0.5519301918203187,1.0638103939467123,0.5131579041481018,0.9041353464126587,0.9473684430122375,0.702606392225207,0.08665635250508785,0.09307702165096998
71,1.2180801190912567,11.46870035283892,0.1692862979391006,0.6138399497263833,0.5468453442357393,1.0589461038136267,0.5375939607620239,0.9041353464126587,0.9436089992523193,0.6991562532851576,0.08672729227691889,0.09311349224299192
72,1.2126284755578238,11.535999730326731,0.17298682024496498,0.620908625782257,0.5484272518630683,1.0598243789941764,0.5413534045219421,0.9078947305679321,0.951127827167511,0.6995217628503705,0.08655536361038685,0.0932024922221899
73,1.2169865717362172,11.599540152474212,0.17507150426854903,0.6184506358551394,0.5517228280563858,1.0643978734954453,0.518796980381012,0.9003759622573853,0.9492481350898743,0.702979291336361,0.08621417358517647,0.09258091356605291
74,1.211413858023228,11.66061550042979,0.1760352560217944,0.6176565663930159,0.5482722733709743,1.062267253029984,0.5469924807548523,0.9060150384902954,0.951127827167511,0.7014823437661476,0.08641450386494398,0.09280300326645374
75,1.2166076690289933,11.719926511505301,0.17934254299753252,0.6065570494348873,0.5445007181290877,1.0554099353980135,0.530075192451477,0.9078947305679321,0.9454887509346008,0.6965411132604947,0.08686730079352856,0.09328047093003988
76,1.2124588797351126,11.782820048187375,0.1812045679456017,0.606281724333903,0.5481295133710679,1.0610446797357236,0.5244361162185669,0.9003759622573853,0.9436089992523193,0.7006704662885404,0.08680974040180445,0.0933163408190012
77,1.213857808341151,11.84398169305792,0.18322294706100103,0.6062867487060442,0.5488677367284016,1.0589045936681665,0.5169172883033752,0.902255654335022,0.9454887509346008,0.6990293783328481,0.08613915368914604,0.09249920397996902
78,1.2112445667337535,11.912508581188344,0.18505290387137704,0.6118258145578599,0.5479902883114387,1.0600029752086229,0.5244361162185669,0.9078947305679321,0.9436089992523193,0.6997897206654271,0.08627510443329811,0.0927058644592762
79,1.2140577402888337,11.977981645275634,0.18702473513505039,0.6117382074057384,0.5483482690405885,1.0593583498769596,0.5263158082962036,0.9060150384902954,0.9492481350898743,0.6993272495106415,0.08590988628566265,0.09229472558945417
80,1.210569202086875,12.042330144935221,0.18918003544738912,0.6116976896128224,0.5439803308920924,1.0555875266106678,0.5432330965995789,0.9060150384902954,0.9530075192451477,0.6967848666181428,0.08658803254365921,0.09313615132123232
81,1.2159137520719172,12.113003237972864,0.191983217125232,0.6064242595505289,0.5500713021366092,1.062477133979903,0.5357142686843872,0.9060150384902954,0.9436089992523193,0.7017576977230059,0.08824906498193741,0.09489709418267012
82,1.2138510856125078,12.179686833595902,0.1920211330837145,0.6141311418723057,0.5455417537173975,1.0562667987109569,0.518796980381012,0.9060150384902954,0.9492481350898743,0.6971939108037845,0.08897529169917107,0.09551784116774797
83,1.2159462349766461,12.243796462589021,0.19449668207069273,0.6155343890833269,0.5501465319022261,1.061947929257663,0.5244361162185669,0.902255654335022,0.951127827167511,0.7013266917509441,0.08860706351697445,0.09546061046421528
84,1.2151511008837654,12.307098662805332,0.19689272679714911,0.615193512212069,0.5541270769471688,1.066247916950428,0.5056390762329102,0.9097744226455688,0.9492481350898743,0.7042002502435217,0.08893252164125443,0.09553700033575296
85,1.2138692403586386,12.361599746037227,0.1963681127818377,0.6173165877486281,0.5423441163905666,1.0557147373760825,0.5357142686843872,0.9060150384902954,0.951127827167511,0.6966276261795028,0.09004040621221066,0.0966761652380228
86,1.2121849396168043,12.427892922687118,0.1986575298406092,0.6090706808896261,0.5571358603336632,1.0697605248861837,0.5018796920776367,0.9041353464126587,0.9454887509346008,0.706754830815502,0.08973458781838417,0.09644824638962746
87,1.2189470574869248,12.49225546158403,0.19894175194805214,0.6106920024719436,0.5507616212137298,1.0617245314542096,0.5150375962257385,0.9078947305679321,0.9492481350898743,0.7010531574319759,0.0914499694481492,0.09830916672945023
88,1.2157249200990325,12.554665678943854,0.20059679798336247,0.6158905057656819,0.5464081188611194,1.0560400705092807,0.5244361162185669,0.9078947305679321,0.9530075192451477,0.6969792532515343,0.08876903261989355,0.09566840995103121
89,1.2138262243259146,12.616649250598227,0.19939202985317872,0.6188199515955339,0.5425013170979792,1.055083251381653,0.5394737124443054,0.9078947305679321,0.951127827167511,0.6962890478204073,0.08826551586389542,0.09481375478208065
90,1.2161759722118428,12.676264160736347,0.20159102249540195,0.6191927475576784,0.5537102521282212,1.067584230187714,0.5244361162185669,0.9041353464126587,0.9436089992523193,0.7052521719878061,0.08784775529056787,0.09439985547214746
91,1.2150886383194066,12.737509111200788,0.20166322252424593,0.6151539953466348,0.5576855443342492,1.07080181471939,0.4981203079223633,0.902255654335022,0.9436089992523193,0.7076711288811531,0.08900085091590881,0.09562680032104254
92,1.225134269574318,12.786807996717682,0.1988387546018223,0.612773861689419,0.5445757797454691,1.0567992541561513,0.5338345766067505,0.9041353464126587,0.951127827167511,0.6975475352733527,0.08863188233226538,0.0953131914138794
93,1.218982600868734,12.836715670964617,0.19749834116726722,0.6229745257054053,0.5445122958632276,1.057261476141696,0.5451127886772156,0.902255654335022,0.9492481350898743,0.6975697339996594,0.08890428114682436,0.095360211096704
94,1.2172884927833703,12.885383563692951,0.19696076739338744,0.6274442716626786,0.5612303787135133,1.0744130455221899,0.5056390762329102,0.9041353464126587,0.9473684430122375,0.7098460026823759,0.08778058737516403,0.09439135622233152
95,1.2214351722758594,12.929144911049411,0.196973686810978,0.6173490199875346,0.5500388316966212,1.0637118121964084,0.5206766724586487,0.9041353464126587,0.9473684430122375,0.7024237449519066,0.32235109247267246,0.3290586909279227
96,1.2159203556520233,12.976712726541937,0.19388601326086605,0.6156943558208656,0.5428844978914725,1.0524979300899604,0.5432330965995789,0.9078947305679321,0.951127827167511,0.6942820464248312,0.08712514024227858,0.09370937943458557
97,1.2172582869184896,13.02059825259045,0.19617455112097257,0.6133556833382702,0.5495555966129075,1.0599474467836667,0.5319548845291138,0.9116541147232056,0.9454887509346008,0.6999314014454985,0.08751599863171577,0.09406487829983234
98,1.21382991373625,13.063790955897394,0.19917786189888398,0.6167041575882221,0.5523880925574292,1.0643928827646962,0.5338345766067505,0.902255654335022,0.9492481350898743,0.70292082830991,0.09517930168658495,0.10230401810258627
99,1.2167257049153848,13.103147318306467,0.2004607707962529,0.6174477094114159,0.5448777352277423,1.0560269697681188,0.5150375962257385,0.9078947305679321,0.951127827167511,0.6969037860908703,0.08799928613007069,0.0947589436545968
100,1.2114160339835478,13.152359258349446,0.20162666515396874,0.6161635756451425,0.5433682013292029,1.0520601048219844,0.5469924807548523,0.9041353464126587,0.9436089992523193,0.6941263504517831,0.09501051343977451,0.10137458331882954
101,1.214838485309081,13.194695089147654,0.20599847407378238,0.6041642290095116,0.5569259513193072,1.0702828205161583,0.4981203079223633,0.8947368264198303,0.9417293071746826,0.7070314384600936,0.08989093638956547,0.09653432574123144
102,1.214748906845831,13.236980984406788,0.20925742160269423,0.6118214831637327,0.5448207266549399,1.0544040830028036,0.5244361162185669,0.9078947305679321,0.9473684430122375,0.6959358268096967,0.08869817294180393,0.09528718236833811
103,1.2160562761173221,13.283645912955025,0.21008611205195377,0.612548110935143,0.5432122429758004,1.0513980762767328,0.5338345766067505,0.9041353464126587,0.951127827167511,0.6938520526602728,0.08934435993432999,0.09586079884320498
104,1.213596396568294,13.332898460094524,0.21378910847742072,0.614767628901401,0.549511060989694,1.058969165064516,0.5131579041481018,0.9078947305679321,0.9473684430122375,0.6990039595131184,0.08932997938245535,0.09595316834747791
105,1.2129594780716366,13.376416344226726,0.21709869591169706,0.6134898680294453,0.5518787808538069,1.065969624124944,0.5263158082962036,0.8984962701797485,0.9454887509346008,0.7041577944748483,0.0895727789029479,0.09620702732354403
106,1.210503518193044,13.423592297981413,0.2151009938166265,0.6138165631973402,0.5450309761204084,1.0563140043299921,0.5413534045219421,0.8984962701797485,0.9473684430122375,0.6972880990535328,0.08783161640167236,0.09430092666298151
107,1.2163668999294728,13.461162617682364,0.2211226631962997,0.6132792726112528,0.550756408175152,1.06221581165075,0.5244361162185669,0.902255654335022,0.9454887509346008,0.7013648761913618,0.08817434497177601,0.09478093404322863
108,1.2117993834581653,13.508865236752502,0.22344717036339906,0.6114833358160995,0.5619911337632293,1.0788555921805443,0.48308271169662476,0.8947368264198303,0.9436089992523193,0.713248834735817,0.0884327245876193,0.09530849102884531
109,1.222184655006909,13.555978575555713,0.21836980870124378,0.6119816172141204,0.5409581694843865,1.0520078950130842,0.548872172832489,0.902255654335022,0.9436089992523193,0.694256723242419,0.08849599398672581,0.0948975533246994
110,1.2162722137255977,13.600702401473509,0.21838228675367508,0.6270056599581816,0.5441312811266781,1.0548260381278598,0.5451127886772156,0.9078947305679321,0.9530075192451477,0.6956643319017224,0.08836349472403526,0.09509006328880787
111,1.2138643879411886,13.644044148881441,0.2193026067793746,0.6170110703008554,0.5496945124482284,1.0606111617063472,0.5244361162185669,0.902255654335022,0.9417293071746826,0.700398326257898,0.08771736733615398,0.09420613572001457
112,1.211042535645599,13.681953481110272,0.22150239738011399,0.609412566693631,0.5470544822002618,1.0567284687917635,0.5225563645362854,0.9097744226455688,0.9492481350898743,0.6974318617361412,0.08799574617296457,0.0944681353867054
113,1.21225925450493,13.732704846692425,0.2221770339062248,0.6015766186651095,0.5441791451501672,1.0510793812720887,0.5281955003738403,0.9041353464126587,0.9454887509346008,0.6936134828134591,0.08830013405531645,0.09476945362985134
114,1.2107722451838243,13.770566809809475,0.22614763905650154,0.6057165642141551,0.5495110741912421,1.0609402439515925,0.5131579041481018,0.9003759622573853,0.9398496150970459,0.7006941884788888,0.0880509465932846,0.09477397426962852
115,1.2114105599731868,13.820851652579341,0.22828060184904198,0.6117790790634999,0.5478552066770346,1.0587422054062907,0.5338345766067505,0.9060150384902954,0.951127827167511,0.6989890783958124,0.08933079987764359,0.09586349874734879
116,1.212835810010684,13.867835701434,0.22965188099420672,0.6114074872668406,0.5476770654893989,1.055597040075884,0.5169172883033752,0.9041353464126587,0.951127827167511,0.6966867731239039,0.08995541650801897,0.09653525613248348
117,1.2102577934466032,13.915178094676302,0.2325951073085286,0.608873549136326,0.5443162804415053,1.0558866426632008,0.530075192451477,0.9078947305679321,0.9492481350898743,0.6969005120272262,0.08881230186671019,0.09541597031056881
118,1.2131359779549278,13.964507828496526,0.23487511739812106,0.6093329155556023,0.5595904099922145,1.0748874911954738,0.49624061584472656,0.902255654335022,0.9379699230194092,0.7105912066022874,0.08903264161199331,0.09572919923812151
119,1.2178022457051358,14.01971957799952,0.23139249163055897,0.6079204346364931,0.5445047181413447,1.054374469686524,0.5394737124443054,0.902255654335022,0.9492481350898743,0.6960363350988077,0.08850364293903112,0.0952542619779706
120,1.2148069617065658,14.058064258555389,0.23341282416647216,0.6201470311911822,0.5475972433062869,1.0556450793118977,0.5281955003738403,0.9041353464126587,0.9492481350898743,0.6965926606684189,0.08831016346812248,0.09482562355697155
121,1.2171245495977838,14.101255233480414,0.23443741826309666,0.6215548175432859,0.5445571339983478,1.0553923083040389,0.5357142686843872,0.9116541147232056,0.9492481350898743,0.6963601115036386,0.08787521719932556,0.09456627443432808
122,1.2149943879590506,14.142872467183428,0.23727248898914205,0.6182253776729028,0.5514855024569768,1.0641887839529343,0.518796980381012,0.9041353464126587,0.9417293071746826,0.7027546326692883,0.08899864088743925,0.09591085836291313
123,1.211902975873952,14.187592325278795,0.23546179043387247,0.6139816563972625,0.5507125249904699,1.059963030905689,0.5225563645362854,0.902255654335022,0.9492481350898743,0.7000791779019712,0.08838123362511396,0.09502813220024109
124,1.215189301480605,14.23528580914238,0.23615641061096931,0.6061177946246504,0.5440246703493983,1.0542521198634833,0.5319548845291138,0.9041353464126587,0.9473684430122375,0.6958219201234488,0.08803643565624952,0.09472212474793196
125,1.2147689771429024,14.281846626016637,0.2380067335986469,0.6010982887374151,0.5480054686158343,1.0559652993109412,0.5206766724586487,0.9003759622573853,0.9417293071746826,0.6973241736826548,0.08842302393168211,0.09523532167077065
126,1.2120792121782127,14.325603981419777,0.237050614804335,0.6166530379079616,0.5471170874726856,1.056524513434682,0.5206766724586487,0.9097744226455688,0.9473684430122375,0.6973523302405772,0.08876269217580557,0.09534848108887672
127,1.2093634774690396,14.371834013107511,0.2421429963577263,0.6195708087221957,0.5499334203565911,1.0627063704440904,0.530075192451477,0.9041353464126587,0.951127827167511,0.7017564322458493,0.09036192391067743,0.09719274193048477
128,1.2150449993016152,14.414818716360895,0.2413246477197976,0.6077217067032897,0.5437370884307221,1.0531618250093704,0.5432330965995789,0.9041353464126587,0.9473684430122375,0.6949938997306286,0.09049330372363329,0.09717470314353704
129,1.2099994520736508,14.459957664004902,0.24380661902003542,0.6075136047374168,0.548023481308816,1.0561887896771733,0.518796980381012,0.9116541147232056,0.9473684430122375,0.6973570556717783,0.08900203090161085,0.09554945025593042
130,1.2163034081902604,14.500990767092357,0.24732432722483513,0.6080877632954362,0.5532199172996162,1.0670029685742266,0.5075187683105469,0.9041353464126587,0.9398496150970459,0.705136615087027,0.08801177516579628,0.09464376419782639
131,1.213507120633111,14.553359199644513,0.2471223071801554,0.6148483621762786,0.5525889793624186,1.0623048821888177,0.5169172883033752,0.9041353464126587,0.9473684430122375,0.7013785337507944,0.08722278010100126,0.0937631893903017
132,1.2145490841995534,14.597419014370676,0.24832363975801852,0.6138825649658504,0.5461906950223775,1.0544844196400984,0.5244361162185669,0.9078947305679321,0.9530075192451477,0.6959559936051465,0.0876612076535821,0.09437653608620167
133,1.213505148087092,14.643391512646003,0.24599444518419536,0.6172995823769462,0.5390654060805675,1.0510465895467596,0.5545112490653992,0.9060150384902954,0.951127827167511,0.693362778745866,0.08845398295670748,0.0952940909191966
134,1.2207726923254838,14.68166589289038,0.2492197130746118,0.6177365355229997,0.5512475369069653,1.0646446752661267,0.5319548845291138,0.9060150384902954,0.9417293071746826,0.7031340740258031,0.08810738567262888,0.09542197082191706
135,1.21027527884,14.718589797959854,0.24922244749653769,0.6195783022833059,0.5516506382824241,1.0629501687353367,0.518796980381012,0.9078947305679321,0.9473684430122375,0.7019716099453139,0.08817814569920301,0.09471680503338575
136,1.2115279978275262,14.754631368508031,0.2480210885747146,0.6024709029180972,0.5451739431223064,1.0500736067626557,0.5225563645362854,0.902255654335022,0.951127827167511,0.6927922812193116,0.0882419552654028,0.0948128942400217
137,1.208898860534036,14.801595984921773,0.24921486172165208,0.597625503721397,0.5457552729127572,1.0549184848159103,0.5244361162185669,0.902255654335022,0.9436089992523193,0.696575302507821,0.08743609953671694,0.09431128762662411
138,1.2125916908964656,14.83448723720361,0.25443417053618417,0.6018005429284595,0.5455103033430296,1.0557220315967215,0.5319548845291138,0.9060150384902954,0.9454887509346008,0.697015914780781,0.08803615625947714,0.09456918481737375
139,1.2087679707884773,14.875499257186643,0.2577316390600623,0.6138063596438359,0.550938638159927,1.06075370760432,0.5112782120704651,0.9060150384902954,0.9436089992523193,0.70055994794343,0.08755441755056381,0.09411266725510359
140,1.212213658952181,14.916656110214983,0.26013736351570327,0.6142377360468374,0.5456172034015639,1.0552641905591251,0.5281955003738403,0.9060150384902954,0.9492481350898743,0.6964986493099845,0.0899553969502449,0.096532235853374
141,1.2124097748364797,14.954778360162122,0.26288291743174674,0.6070418290250652,0.546311951709065,1.05224238170343,0.5319548845291138,0.9097744226455688,0.9492481350898743,0.694640896955787,0.08808190561830997,0.094569924287498
142,1.211433882851705,14.994237140018788,0.2633038800564884,0.6102058226993687,0.5430902273472865,1.052886540876628,0.5432330965995789,0.9097744226455688,0.951127827167511,0.6949538441895543,0.08768634777516127,0.09435163717716932
143,1.2138118996309302,15.041977040952071,0.26611849674008964,0.613336535135261,0.5503682697299275,1.061737230141777,0.5150375962257385,0.9078947305679321,0.9454887509346008,0.7012762819092321,0.08797321561723948,0.09445621445775032
144,1.211055380781115,15.08080922153632,0.26592393480483545,0.6144370752517093,0.5480466473102541,1.0577668564254,0.5281955003738403,0.9060150384902954,0.9492481350898743,0.6982988287524866,0.08833869360387325,0.09527726098895073
145,1.2079161822126268,15.131120121133774,0.2653636095078027,0.6077700377083016,0.5484552759329439,1.0568945296027512,0.518796980381012,0.9041353464126587,0.9473684430122375,0.6978035645113024,0.08941300865262747,0.09605100844055414
146,1.2101960589636473,15.16501419485435,0.27132322511276064,0.6002380387347258,0.5506575827473356,1.0624753575590702,0.5075187683105469,0.896616518497467,0.9454887509346008,0.7018541632538131,0.0876754866912961,0.09418026637285948
147,1.2115445888585155,15.20676208774936,0.2693330209185571,0.6110424381025171,0.5457126296128015,1.0548913240537994,0.5319548845291138,0.9078947305679321,0.9473684430122375,0.696427965757393,0.08753862790763378,0.09415839612483978
148,1.21031923351932,15.245472363906192,0.2717499470443471,0.6150750525553732,0.549077236094672,1.055517985898924,0.518796980381012,0.9041353464126587,0.9530075192451477,0.6964508045069866,0.08761893771588802,0.09409722685813904
149,1.2112788048451333,15.283188355577177,0.27459877988757164,0.6072993340903868,0.5452738687125624,1.056404311531127,0.5225563645362854,0.9003759622573853,0.9436089992523193,0.6973848900792381,0.08769161719828844,0.09437439683824778
150,1.2139718459268094,15.323038438471364,0.27312803963739185,0.6077084791165177,0.5427967524564788,1.050050627172224,0.5432330965995789,0.9041353464126587,0.9473684430122375,0.6928616979559039,0.08790870662778616,0.09467535465955734
151,1.2088064493824064,15.366943207145177,0.2770900093894562,0.6115578048292443,0.5507306039473581,1.0586536095714727,0.5225563645362854,0.902255654335022,0.9473684430122375,0.69887934092847,0.09103347081691027,0.09803936909884214
152,1.211726261142151,15.40658829469596,0.27874597653553657,0.6043159200489854,0.551942424215165,1.0640045572427401,0.5225563645362854,0.9060150384902954,0.9436089992523193,0.7028447264073994,0.08767627831548452,0.0943125756457448
153,1.2144496784459684,15.448587454574168,0.2769308911372633,0.605436730119303,0.5462793183748723,1.0549731499664274,0.5338345766067505,0.9041353464126587,0.9436089992523193,0.6965227572338921,0.0874283080920577,0.09407254680991173
154,1.2104538898113029,15.49196591236538,0.2767614704898342,0.6086253619643585,0.5464024246682773,1.0567411835464602,0.5263158082962036,0.9116541147232056,0.9473684430122375,0.6977336156589405,0.08859067317098379,0.09531226102262735
155,1.2099253473258116,15.534849227202892,0.27951421288709155,0.6098785357808115,0.5483602229926395,1.058727319334595,0.5263158082962036,0.902255654335022,0.9454887509346008,0.6989791944116718,0.08909488096833229,0.09581173956394196
156,1.2158088735173531,15.57559490503912,0.28360514403027054,0.6041907048169828,0.5565490063752192,1.069726852236416,0.5,0.896616518497467,0.9436089992523193,0.7067218949117056,0.08922406006604433,0.0956808403134346
157,1.2199125708603753,15.61575923246825,0.2800670926921605,0.6212521653980353,0.5435163035056637,1.0507237551506752,0.5319548845291138,0.9154135584831238,0.9473684430122375,0.6929259333921155,0.08810241427272558,0.09455693420022726
158,1.2132474166887994,15.645795131852767,0.28074125403410843,0.6167125316123352,0.5479400382966286,1.0576213210336305,0.5375939607620239,0.9078947305679321,0.9492481350898743,0.6981823781007988,0.0875514280050993,0.09406293649226427
159,1.203807862365181,15.694479211498289,0.2798719022779557,0.6094139068533636,0.5471011100781804,1.0558180588569033,0.518796980381012,0.9116541147232056,0.9436089992523193,0.6969659851196168,0.08701358083635569,0.09364728908985853
160,1.2119036929925708,15.72274909773355,0.2850510563120909,0.5970589601548184,0.549097257499297,1.0592576993168261,0.518796980381012,0.9003759622573853,0.9473684430122375,0.6995008320313675,0.33401783742010593,0.34048808738589287
161,1.2071369538961558,15.762747224038145,0.28715655708338955,0.6052470374891712,0.5483462796578878,1.0590406985410006,0.530075192451477,0.9003759622573853,0.9454887509346008,0.6993066426718066,0.08787258714437485,0.0945927444845438
162,1.2106542993844198,15.805904470991358,0.2850922108548805,0.6047507240313001,0.5422407350116387,1.0505834736339097,0.5451127886772156,0.902255654335022,0.9436089992523193,0.6934763258483834,0.08937361929565668,0.09600890800356865
163,1.2089307799779392,15.832643913027297,0.290141956770995,0.6091402710115992,0.5457300618507608,1.052955490574108,0.5263158082962036,0.9097744226455688,0.9492481350898743,0.6948555561316796,0.08919547032564878,0.09604160767048597
164,1.2106882547864972,15.870967093283054,0.2940960704079089,0.608228144311955,0.5525292654231152,1.063646289617961,0.5263158082962036,0.9041353464126587,0.9454887509346008,0.702681651019194,0.09048819355666637,0.09697744343429804
165,1.2109125890356194,15.906613981388945,0.29754411845093476,0.6053191055680758,0.5605712313576042,1.0784620962327842,0.49436089396476746,0.8984962701797485,0.9417293071746826,0.7128546490219,0.08657467179000378,0.09307107143104076
166,1.2181203639676639,15.949809695416848,0.2852470959975223,0.6148075417295858,0.5397760262751821,1.0517574179307432,0.5469924807548523,0.9078947305679321,0.9548872113227844,0.6940539189531152,0.08856779336929321,0.09523353166878223
167,1.211700663759562,15.98271037789334,0.2886832743762497,0.6223106021179697,0.5488331613402342,1.0575285372866667,0.5319548845291138,0.9078947305679321,0.9473684430122375,0.6980937540870871,0.08706300146877766,0.0935631301254034
168,1.2126446392270736,16.010786629175776,0.28723392420976096,0.6148289408354312,0.5435348258925259,1.0525339542712424,0.5375939607620239,0.9078947305679321,0.951127827167511,0.6946216185773755,0.08780523668974638,0.09427329525351524
169,1.2098714557444925,16.04650532963818,0.2862294884223546,0.5975550937370873,0.5443361706288996,1.0525531247587627,0.5263158082962036,0.9041353464126587,0.9454887509346008,0.6949023349092426,0.08757850807160139,0.09411189705133438
170,1.2136556276459358,16.072107792593034,0.29250038513368687,0.5994986088609672,0.5570509731125138,1.068222972433198,0.49436089396476746,0.9003759622573853,0.9454887509346008,0.7058323036056507,0.08762021735310555,0.09420770592987537
171,1.2112182792545716,16.106566222519515,0.2920285657013342,0.6233681385167841,0.5476179856155936,1.0597515077445672,0.5394737124443054,0.9060150384902954,0.9454887509346008,0.6992954715594236,0.08757015783339739,0.09433446638286114
172,1.2124148672477815,16.14442802659438,0.2916436731404267,0.614438730722439,0.5461501798483521,1.0547913942789815,0.530075192451477,0.9097744226455688,0.9454887509346008,0.6960541624942306,0.08900374080985785,0.09570534992963076
173,1.2139919471496659,16.17272421945665,0.2914690533102565,0.6105134471802625,0.5418569871312806,1.0513947818945775,0.5451127886772156,0.9041353464126587,0.9492481350898743,0.6938837688288172,0.08784038573503494,0.0944678746163845
174,1.211405577739481,16.20570831984474,0.29420819897309497,0.6106442259483784,0.547645613877077,1.0577464729363275,0.5225563645362854,0.9078947305679321,0.9454887509346008,0.6985820221295829,0.08755156770348549,0.09399023745208979
175,1.2088853266496475,16.235018848128494,0.29519665578889465,0.6017366461733379,0.5452912605350503,1.0530548972555642,0.5225563645362854,0.902255654335022,0.9436089992523193,0.6952633604600824,0.0875301780179143,0.09429507609456778
176,1.2085471801375083,16.26499225966602,0.2984630293297124,0.6034701124163999,0.5499053525440207,1.057105285694368,0.5150375962257385,0.9003759622573853,0.9473684430122375,0.6979833588455929,0.08751839771866798,0.09394128806889057
177,1.2104333587860123,16.294583668913596,0.2989129750747225,0.6136412511627085,0.5422822268561371,1.0512225827268893,0.5357142686843872,0.9060150384902954,0.9492481350898743,0.6934877722225978,0.08729030936956406,0.09377531800419092
178,1.208282397596516,16.318594073096563,0.30802607253990394,0.6070803140837436,0.5572441613307673,1.0730231979125933,0.5112782120704651,0.8947368264198303,0.9436089992523193,0.7093877290731576,0.08731628861278296,0.09390107821673155
179,1.212870156215653,16.3451492378235,0.30925705199632275,0.6023013521970075,0.548671015904965,1.0576486333344586,0.530075192451477,0.9060150384902954,0.9473684430122375,0.6986280197531398,0.08854571264237165,0.09532027039676905
180,1.212805477996021,16.38439425491812,0.3035688616052621,0.6081987401542449,0.5422511468546364,1.049596328186328,0.5357142686843872,0.902255654335022,0.9530075192451477,0.692539928979493,0.08862591348588467,0.09502999298274517
181,1.2114668509898563,16.41563195420502,0.31134545775408917,0.6153233460167158,0.5472976924938165,1.0567378311880744,0.5225563645362854,0.9097744226455688,0.9492481350898743,0.6975611935577795,0.08780614752322435,0.09446452651172876
182,1.2124454364287547,16.451439055619353,0.30965928962957706,0.6142555837498447,0.5509142756925425,1.058898903450545,0.5206766724586487,0.9078947305679321,0.9492481350898743,0.69904150691928,0.08865415211766958,0.0952615411952138
183,1.2109820927645174,16.492119464766084,0.310411959686194,0.6152757975434868,0.5591844442048597,1.0745921354201438,0.5037593841552734,0.902255654335022,0.9417293071746826,0.7102549325197285,0.08857360389083624,0.09527833200991154
184,1.213520042339467,16.524858929488616,0.3059753257241564,0.6093871591801354,0.5467255484304899,1.0556670743066783,0.5319548845291138,0.9078947305679321,0.951127827167511,0.6969155672574323,0.08840926457196474,0.09510178212076426
185,1.2090449190089003,16.570297156955746,0.30119239583297697,0.604305106758659,0.5424040215161243,1.0519573169505982,0.5432330965995789,0.9041353464126587,0.9473684430122375,0.6944120324766311,0.08811953570693731,0.09473556466400623
186,1.214099757458288,16.594973772918458,0.30814254409727626,0.6003017788419758,0.54649794580636,1.0559345337253865,0.5263158082962036,0.9060150384902954,0.9473684430122375,0.6971039104987521,0.08835160452872515,0.09507643338292837
187,1.2130321053540867,16.626377947769488,0.3075397391588451,0.6116788113262841,0.5471154081858641,1.0561910127348766,0.5169172883033752,0.902255654335022,0.9454887509346008,0.6973449255257264,0.09778210055083036,0.10445681773126125
188,1.20858486318378,16.66029388223451,0.31092031729031677,0.6230904469637116,0.5499406010518944,1.0553858534918292,0.530075192451477,0.9116541147232056,0.951127827167511,0.6962828800945021,0.08842925447970629,0.09521353244781494
189,1.206366732555177,16.687881993373125,0.31239975066593495,0.6068107459254388,0.5451331537311631,1.0523567508867573,0.5244361162185669,0.9097744226455688,0.9454887509346008,0.6946013354476697,0.08827587496489286,0.0949556129053235
190,1.2065526065612677,16.720149527950475,0.3128849285340308,0.5991174130656114,0.5438080824210557,1.0533909067040872,0.5394737124443054,0.9003759622573853,0.9492481350898743,0.6953442123303368,0.08791220560669899,0.0947663439437747
191,1.2071731230644092,16.750644025421824,0.31922250956620757,0.5967790837979032,0.5481091388500234,1.0550273456609618,0.5263158082962036,0.9078947305679321,0.9417293071746826,0.6966877165071621,0.08848656434565783,0.09504410345107317
192,1.2103399315435812,16.78694096386973,0.31872576084127335,0.5983211377422867,0.5400193575641034,1.048529735999895,0.5338345766067505,0.9078947305679321,0.9473684430122375,0.6922234952582169,0.08807374630123377,0.09457654505968094
193,1.2099285945665266,16.820710916098918,0.3241618464614108,0.6052917135949468,0.548183154670255,1.0598329879972626,0.5244361162185669,0.9078947305679321,0.9436089992523193,0.7000328228083619,0.08815961517393589,0.09470577538013458
194,1.2127143521328088,16.852452271480285,0.32652495642119606,0.615987988582217,0.550896638175268,1.0597321342914396,0.5056390762329102,0.9060150384902954,0.9473684430122375,0.6997151988007092,0.0877113277092576,0.09442269615828991
195,1.211591800348401,16.894586194520418,0.3241918832820341,0.6153679446695802,0.5455766593276783,1.0545218264760705,0.5432330965995789,0.9078947305679321,0.9454887509346008,0.6959730131475437,0.08830557391047478,0.09476367384195328
196,1.2089254230971993,16.933844467845297,0.32652647597128487,0.6095649596557223,0.550176347875577,1.0587485884070285,0.5263158082962036,0.9078947305679321,0.9492481350898743,0.6992537827739616,0.08844347391277552,0.09493656363338232
197,1.210681157990154,16.968250641216976,0.32633228173295553,0.6080304228517703,0.5481382992737188,1.057230839782488,0.5281955003738403,0.9078947305679321,0.9436089992523193,0.69798758729342,0.08796090725809336,0.09457448497414589
198,1.2076228907800834,17.01177821797006,0.3260233083476536,0.6058069796601793,0.5447106044611082,1.053273806816994,0.5338345766067505,0.9041353464126587,0.9473684430122375,0.6954217191940985,0.08792844600975513,0.09459261503070593
199,1.2101864216824674,17.059385414417022,0.32284654821924974,0.599103468930961,0.5444136442485279,1.0535083777356278,0.5375939607620239,0.9078947305679321,0.9454887509346008,0.6957339139659956,0.08867456205189228,0.09524492174386978
200,1.2118735804493481,17.093001568150896,0.3258591633886297,0.6072343146484847,0.5546737741023354,1.0679096662509409,0.5037593841552734,0.9060150384902954,0.9454887509346008,0.7056089468935025,0.08827441465109587,0.09498242288827896
201,1.2127671119476997,17.141112152221936,0.3191655176266747,0.6177885590767797,0.5480160590448996,1.0540834850816405,0.5225563645362854,0.9116541147232056,0.9473684430122375,0.6956672903604161,0.0885934429243207,0.09548900090157986
202,1.212695434633466,17.172149742275387,0.3215849167336927,0.6100541371097552,0.54414966722209,1.0518044991753335,0.5357142686843872,0.9041353464126587,0.9454887509346008,0.6940726295825633,0.0893745506182313,0.09608220867812634
203,1.2120220194914977,17.198638848179925,0.32020409109024284,0.6140108926995111,0.5466129852485553,1.0581370929791898,0.5413534045219421,0.9078947305679321,0.9454887509346008,0.6985746765150155,0.08841302432119846,0.09518435224890709
204,1.2079688505021398,17.233502520105624,0.32397517684434407,0.6116492024055526,0.5514707663186413,1.059286001511352,0.5,0.9041353464126587,0.9492481350898743,0.6994552176196954,0.0885887024924159,0.0952408704906702
205,1.2109184991347282,17.27187703527052,0.3248306503768545,0.6091289088649449,0.5502216556105906,1.061910547060897,0.5112782120704651,0.9041353464126587,0.9436089992523193,0.7015138152048386,0.0887623718008399,0.0953009920194745
206,1.209431777748541,17.30838930912055,0.3230083455351912,0.5993598475353478,0.5495312779751643,1.058503471477377,0.5169172883033752,0.896616518497467,0.9473684430122375,0.6991222752771736,0.08801095653325319,0.09460202511399984
207,1.209970550365641,17.336418795747896,0.324662527474856,0.6062472174329492,0.5443381749912379,1.052878848211721,0.5263158082962036,0.9041353464126587,0.9473684430122375,0.6951736615889286,0.08978825714439154,0.09637033566832542
208,1.2114415274546317,17.364329904693474,0.32413279706852366,0.6101839218921341,0.5427511243691467,1.0511783881615524,0.5319548845291138,0.9041353464126587,0.951127827167511,0.69376786743819,0.08959478884935379,0.09636868629604578
209,1.220931539420545,17.396497929105273,0.3278919590519774,0.6205187265363825,0.5577191087591774,1.065506661943125,0.5093985199928284,0.9003759622573853,0.9530075192451477,0.7038689185123423,0.08824284467846155,0.09512569289654493
210,1.2130194386594062,17.42235726632491,0.32230421604784637,0.6174555723031416,0.5462017903978855,1.0600109289160469,0.518796980381012,0.902255654335022,0.9454887509346008,0.6997909471485018,0.08826999459415674,0.09514613170176744
211,1.2072175615968697,17.448397434256986,0.32348844396116455,0.611542251608973,0.557185940078067,1.0693563830577366,0.5131579041481018,0.902255654335022,0.9454887509346008,0.7067369782775532,0.09009530581533909,0.09699778258800507
212,1.2153921765453808,17.481490497246217,0.3147745220267622,0.5960431280175971,0.5459048184081757,1.0541631266456337,0.5206766724586487,0.8984962701797485,0.951127827167511,0.6960081571318546,0.08907099068164825,0.09573965054005384
213,1.2146134526316952,17.497514711815985,0.31597312728529076,0.6113232169977595,0.5431767058440466,1.0534506562814039,0.5413534045219421,0.9041353464126587,0.9473684430122375,0.6952059348754586,0.08828151505440474,0.09484860394150019
214,1.2118952623457733,17.52153515373549,0.31861185785997476,0.6290236725833052,0.5486320136213978,1.0554665374534833,0.5244361162185669,0.9135338068008423,0.9530075192451477,0.6963018001900587,0.08793697599321604,0.0943906158208847
215,1.2143979740228015,17.525634982004977,0.3266845943972737,0.6113694590496527,0.5641864982764659,1.0823104816800357,0.48308271169662476,0.8947368264198303,0.9398496150970459,0.7155010670981163,0.08783665765076876,0.09440949652343988
216,1.219848840282552,17.558171734259336,0.31413814661972106,0.615154515092586,0.5448174219793382,1.0528787980389447,0.5338345766067505,0.9078947305679321,0.9492481350898743,0.6948520937108946,0.08810265548527241,0.09478429425507784
217,1.2111781301996885,17.569581142267246,0.31618141771381936,0.6140123975185438,0.5469082066633503,1.0553508917755958,0.5319548845291138,0.9097744226455688,0.9492481350898743,0.6966614210693145,0.08793195616453886,0.09440177585929632
218,1.2093549986693444,17.58350768609804,0.3220747625727627,0.6112705531850092,0.5536029106708296,1.0654212929950202,0.5150375962257385,0.9097744226455688,0.9417293071746826,0.7037224852702514,0.08787744678556919,0.09461073577404022
219,1.2119548163229152,17.607426502092004,0.3201622697806945,0.6089687814603149,0.547515718291404,1.0563220749396591,0.5131579041481018,0.9041353464126587,0.9473684430122375,0.6973095797638861,0.08874580170959234,0.09556068014353514
220,1.2099661480347101,17.639904739964308,0.3218942477837,0.6096430460318294,0.5460461127554592,1.0532326293678702,0.5263158082962036,0.902255654335022,0.9473684430122375,0.6952556884818328,0.08863166347146034,0.09523289185017347
221,1.208116356491679,17.650872671309887,0.3280765567999354,0.6108704296371832,0.5478769921459903,1.060405513553375,0.5338345766067505,0.9060150384902954,0.9436089992523193,0.7004754688120728,0.08819710556417704,0.09463656414300203
222,1.2083397252974475,17.68901315611312,0.3296749156146325,0.5969333409495508,0.5560689769855052,1.066635550402019,0.5056390762329102,0.896616518497467,0.9417293071746826,0.7047015525114015,0.09260615427047014,0.09912861324846745
223,1.2109123595541054,17.708195885344434,0.3320548667111568,0.6078592636146367,0.5439403567498082,1.051681312925283,0.5263158082962036,0.902255654335022,0.9473684430122375,0.6941432156781702,0.08732571918517351,0.0938343983143568
224,1.2087277597561625,17.73679147398792,0.33489563967439434,0.6170262439358503,0.5450860224416949,1.0536011379206485,0.5319548845291138,0.9060150384902954,0.9436089992523193,0.6951997175606107,0.09146080911159515,0.09811101760715246
225,1.2150309188612405,17.747846193208677,0.34435928927011084,0.6147488919517665,0.5668082899714817,1.0828376437902913,0.48308271169662476,0.8984962701797485,0.9398496150970459,0.7158181932618491,0.08645306341350079,0.09292481280863285
226,1.2190401785300746,17.785021924060548,0.3364279243935573,0.6176256892971335,0.5487397180846305,1.0565299628999028,0.5131579041481018,0.9060150384902954,0.9454887509346008,0.69762438008125,0.08789776731282473,0.09451715648174286
227,1.2115564383786341,17.809435589490626,0.32917714040651114,0.6197969238438337,0.543271342228332,1.0562966917743353,0.5432330965995789,0.9003759622573853,0.9454887509346008,0.6972403311174206,0.08851797413080931,0.0952051617205143
228,1.214026986867097,17.831738935286367,0.33031199369138853,0.61009726127709,0.5482623949834484,1.0578324770684255,0.5225563645362854,0.902255654335022,0.9379699230194092,0.6982800908749067,0.0879913354292512,0.09463671501725912
229,1.2093417497317474,17.85124741535413,0.3323880105488801,0.6100080349574969,0.5527091034253115,1.0627062599536297,0.5131579041481018,0.9041353464126587,0.9492481350898743,0.7017760141924322,0.08918204065412283,0.09617936797440052
230,1.2145416854413311,17.876576840446614,0.3322278248360818,0.6006197753054369,0.5499061147890171,1.0598623393681215,0.5206766724586487,0.8984962701797485,0.9379699230194092,0.6999719580185284,0.0888852421194315,0.09535285085439682
231,1.2157396171095596,17.892230055875544,0.331150229224339,0.6207034320608759,0.5440062104805021,1.052373691961199,0.5281955003738403,0.9060150384902954,0.9492481350898743,0.6943802384513579,0.08825756516307592,0.09476546384394169
232,1.2097014023062111,17.902676306902215,0.336430292710924,0.6224994833591335,0.5434642060277423,1.0511964529856483,0.5281955003738403,0.9060150384902954,0.951127827167511,0.6933678078770212,0.08883946109563112,0.09562296979129314
233,1.2113812999340254,17.939604563126426,0.33782031636776144,0.6109218193993693,0.5506274361684254,1.0621513555638433,0.5169172883033752,0.902255654335022,0.9398496150970459,0.7015898845106646,0.08778869733214378,0.09448741562664509
234,1.2119359744986116,17.955256808438342,0.34106846091527937,0.6033228520919437,0.5472458723870062,1.0579083774070954,0.5150375962257385,0.9041353464126587,0.9454887509346008,0.6986759862537354,0.08895414136350155,0.09584441874176264
235,1.2097485542216724,17.98339549247692,0.34434517516478175,0.6067840051024546,0.552138633326662,1.0591311291222116,0.5169172883033752,0.9003759622573853,0.9492481350898743,0.6994894464347318,0.08894604165107012,0.09568067919462919
236,1.210538340051237,18.001152579182275,0.34812733766100756,0.6085241202649674,0.5467849664240527,1.055153745773176,0.5150375962257385,0.9060150384902954,0.9492481350898743,0.6966368831274455,0.0908301929011941,0.09736234229058027
237,1.2076647273454968,18.038135719742282,0.3444401658406641,0.6196464925028503,0.5441072838077217,1.054545863874845,0.5394737124443054,0.9078947305679321,0.9530075192451477,0.6959717960037624,0.08899735100567341,0.09546238090842962
238,1.2109406629839186,18.065417359821655,0.3486993741765403,0.5968561842719147,0.543945983311442,1.0515933226607643,0.5263158082962036,0.8984962701797485,0.9473684430122375,0.6940316483345816,0.08992953691631556,0.09665001556277275
239,1.207541008505547,18.092637219952117,0.3551527663028708,0.604657913636827,0.5527688665378739,1.0623233289767124,0.5018796920776367,0.902255654335022,0.951127827167511,0.7017033214660878,0.08890808187425137,0.09561360999941826
240,1.212269941585318,18.12034337199253,0.35406515736546823,0.6134843392857484,0.5520433522093542,1.0633111866676854,0.5075187683105469,0.9078947305679321,0.9417293071746826,0.7022870196426778,0.08802876528352499,0.09449152555316687
241,1.2117035773394786,18.169217301149853,0.34100963388148176,0.6147225037399502,0.5412191904430192,1.050023439253188,0.5413534045219421,0.9041353464126587,0.9548872113227844,0.6927977183486583,0.0889776311814785,0.0955876698717475
242,1.2100335262842197,18.187950970020253,0.3500788638766609,0.6084185290569697,0.5490412124967771,1.0574946997882242,0.5263158082962036,0.9041353464126587,0.9454887509346008,0.6983480912840975,0.08990104775875807,0.09666007570922375
243,1.2083503192029406,18.216615544980503,0.35187478256552357,0.598514424363364,0.5507473087186807,1.0616188080573197,0.5150375962257385,0.9003759622573853,0.9417293071746826,0.7010757597274209,0.0888034226372838,0.09532033186405897
244,1.2117896906993855,18.237775602392247,0.3529797792330923,0.6107107324662241,0.5472845564296426,1.0553656546841665,0.5169172883033752,0.9097744226455688,0.9492481350898743,0.6969384264657505,0.08793475665152073,0.0944167859852314
245,1.2134424594576507,18.274056069366516,0.3520894514212889,0.615358790535634,0.5464890597172738,1.0515534305518401,0.5319548845291138,0.8984962701797485,0.9492481350898743,0.6936859188812015,0.08853090275079012,0.09505055192857981
246,1.2114483271069096,18.29614760628988,0.3575450302842473,0.6103484588467246,0.5520865134740082,1.0625363143122404,0.5131579041481018,0.9003759622573853,0.9454887509346008,0.7016779190846381,0.08858234249055386,0.095295250415802
247,1.2103130037302803,18.32142263503532,0.35768433609158706,0.6086695904872966,0.5481865644499392,1.0585671094292335,0.5225563645362854,0.902255654335022,0.9473684430122375,0.6990169088959124,0.0878170058131218,0.09454456437379122
248,1.205103525663524,18.368221414072806,0.35199577870527243,0.6064827780019604,0.5458789825435331,1.0491885680910331,0.5281955003738403,0.9041353464126587,0.9473684430122375,0.6923582136558314,0.08794258534908295,0.09435606561601162
249,1.2064358807501177,18.3748460456639,0.35589509477061054,0.6009170841125097,0.5439949521317209,1.0534745783305297,0.5281955003738403,0.9003759622573853,0.9454887509346008,0.6954768311391037,0.08752196840941906,0.09395544696599245
250,1.2085682937291782,18.407363208860197,0.3596874680047485,0.5964901893298116,0.5514135433254579,1.057309565996651,0.5037593841552734,0.9041353464126587,0.9417293071746826,0.6979798213395003,0.08824626449495554,0.09472471475601196
251,1.2118666787085102,18.43224401793587,0.361338120729446,0.6022956327880662,0.5453651019062119,1.0518414053893248,0.518796980381012,0.9041353464126587,0.9436089992523193,0.6944384268171511,0.088073356077075,0.09461667481809855
252,1.2099684698856048,18.460653303330666,0.365409897594079,0.6216798152443641,0.5493796300156406,1.0613623059611152,0.518796980381012,0.9041353464126587,0.9492481350898743,0.7009586755698238,0.08786827605217695,0.09460402373224497
253,1.211048425121422,18.502047429331867,0.36013147361843195,0.6146646389480203,0.5454444849551963,1.0521309695693173,0.5281955003738403,0.9003759622573853,0.9473684430122375,0.694127174794863,0.08819152507930994,0.09464854467660189
254,1.2122304818605403,18.527307235070356,0.36204687384783085,0.6116344799077152,0.5485012501151721,1.0577254500786506,0.5263158082962036,0.9060150384902954,0.9417293071746826,0.6984595970740445,0.0872923992574215,0.09393752831965685
255,1.2089138979441199,18.558142852628805,0.36366125068818916,0.5981521719263581,0.5468705402625555,1.0536654614823733,0.518796980381012,0.9097744226455688,0.9492481350898743,0.6957457178853675,0.0883660251274705,0.09504780359566212
256,1.2059969488389934,18.583148617273324,0.3663880243622483,0.6090277007904961,0.5479309224252731,1.055221546688543,0.5150375962257385,0.9003759622573853,0.9436089992523193,0.696558908931408,0.08756559807807207,0.09425151720643044
257,1.214709484295604,18.61375232175426,0.37121645589496166,0.5988990017674289,0.5532089601688411,1.0663201067413317,0.5075187683105469,0.896616518497467,0.9417293071746826,0.7044594422418832,0.08760734833776951,0.09429888613522053
258,1.212820997080431,18.65501211749016,0.36432860683615464,0.6232251911231949,0.5451808500018575,1.0534686060574172,0.5225563645362854,0.9041353464126587,0.9473684430122375,0.6949842531944767,0.08893071115016937,0.09562705922871828
259,1.2143070837221148,18.67939650652506,0.36557949073862134,0.6233746473272579,0.5475105289686576,1.054855125965541,0.5281955003738403,0.9060150384902954,0.951127827167511,0.6958464429891587,0.08809635601937771,0.09482255391776562
260,1.2193464810906742,18.73094666700354,0.34715348457884826,0.6173076570827303,0.5481001685509783,1.0683055685530716,0.5451127886772156,0.9003759622573853,0.9417293071746826,0.7055786366156583,0.08792373724281788,0.09460892528295517
261,1.2322395963600505,18.736208955853098,0.35282644989042206,0.6339441353502804,0.5532597352883443,1.061388920289778,0.5319548845291138,0.9097744226455688,0.9530075192451477,0.7006200252259189,0.08846691343933344,0.09497837256640196
262,1.210802223609985,18.75190839761172,0.3480700604941913,0.6265244620555744,0.5536955009330433,1.064232982084332,0.5150375962257385,0.9041353464126587,0.9436089992523193,0.7027890824909252,0.08790090586990118,0.09471422340720892
263,1.2136917415803858,18.767006074351485,0.3440065240304171,0.5973076036695799,0.5457647642697866,1.0527070995512944,0.5281955003738403,0.9060150384902954,0.9436089992523193,0.6950541357623496,0.0875848475843668,0.0944669060409069
264,1.209612486495503,18.773406212903986,0.3444938523260655,0.6049029211560843,0.5443591615699154,1.0534681918045579,0.5394737124443054,0.9041353464126587,0.9473684430122375,0.6954900593097205,0.0877695269882679,0.09448659606277943
265,1.2100913636204147,18.789230518115293,0.35175556941751474,0.6165122444507436,0.5497463774205787,1.0613815097562118,0.5169172883033752,0.9078947305679321,0.9436089992523193,0.7009551676060822,0.09494633320719004,0.10175224114209414
266,1.2088394552194441,18.797114928823234,0.35645422507954583,0.6076871456295172,0.5465055298350378,1.0523045514930809,0.5225563645362854,0.9003759622573853,0.9454887509346008,0.6945192648531646,0.08781918697059155,0.09451128635555506
267,1.209778358906385,18.817801138941732,0.35858047162929807,0.6058967688863394,0.5468857515640302,1.0520650328336512,0.5131579041481018,0.9060150384902954,0.9492481350898743,0.6943769460365405,0.08712594024837017,0.0938108991831541
268,1.2094768696951568,18.82527032239422,0.3677475909068104,0.6063245320100742,0.5448152574263805,1.0556944573577378,0.5357142686843872,0.9060150384902954,0.9454887509346008,0.697039767172946,0.08834071550518274,0.09508051350712776
269,1.2062060262632566,18.84853002558693,0.3702286685162521,0.6049116886369869,0.5543135734506358,1.0622815846824438,0.5150375962257385,0.9003759622573853,0.9473684430122375,0.7018747417912485,0.08761297818273306,0.09431507624685764
270,1.2086923617463463,18.86751307652058,0.3701851636735978,0.6041032747526854,0.5403523796400689,1.0509161989478244,0.5545112490653992,0.8984962701797485,0.9454887509346008,0.6935668200373585,0.08843154367059469,0.09491544310003519
271,1.2134312501332367,18.899273083573046,0.37460144276252755,0.6134282790522578,0.5549014731156332,1.0633791107704527,0.5150375962257385,0.9041353464126587,0.9454887509346008,0.7024815412822373,0.08726858906447887,0.09398030769079924
272,1.2079239126011871,18.920568373389365,0.3785383559728587,0.6022940425248203,0.5487674713845091,1.0583090100743135,0.5093985199928284,0.8984962701797485,0.9454887509346008,0.6988743066977001,0.08783601690083742,0.09449924528598785
273,1.2079603673237316,18.95140799968348,0.37583050043429533,0.6060356146358993,0.5437722463316319,1.0504891700004917,0.5225563645362854,0.9060150384902954,0.9473684430122375,0.6932348991818915,0.312088112346828,0.31875452026724815
274,1.2069010381147203,18.9886541085516,0.37663975952689827,0.6078816838959963,0.5470862296609353,1.0544550576786356,0.5150375962257385,0.9041353464126587,0.9417293071746826,0.6961619162727761,0.08842991385608912,0.09508820250630379
275,1.2123494860057196,19.001311042857388,0.3856457628060092,0.5968951570902299,0.5503964966988989,1.0609944995282017,0.5018796920776367,0.902255654335022,0.9454887509346008,0.7008141798412696,0.08823536429554224,0.09482481330633163
276,1.2062642934607903,19.036955417600176,0.37727347611286866,0.6169082279509809,0.5418720506765812,1.0489286715688537,0.5469924807548523,0.8984962701797485,0.9492481350898743,0.6917961196431032,0.08833192475140095,0.09502041339874268
277,1.2112761796042844,19.05690611520041,0.38383639247058376,0.6125316914676231,0.5507329268109554,1.057244388725414,0.5112782120704651,0.9041353464126587,0.9454887509346008,0.6980772392236265,0.5304164942353964,0.5369849530979991
278,1.2080233979979114,19.068672896573712,0.38898236148900756,0.6030428784498774,0.5583089075611584,1.071494318466272,0.4849624037742615,0.896616518497467,0.9379699230194092,0.7079521820896406,0.08775032684206963,0.09415229689329863
279,1.212349093168082,19.09866710238962,0.3812962025057493,0.5996974347034579,0.5441133646181457,1.051985450683457,0.530075192451477,0.9003759622573853,0.9473684430122375,0.6944446442629787,0.08940115943551064,0.0963425962254405
280,1.2141638208732435,19.123587011484116,0.3830126768494583,0.6060795832882752,0.5428757265842183,1.0508100375842016,0.5206766724586487,0.9078947305679321,0.9473684430122375,0.6937446380348051,0.08974499721080065,0.09648737590759993
281,1.2122217958507,19.145074989305755,0.39002148534491593,0.6308925624885874,0.551619222872178,1.0599850747380297,0.5206766724586487,0.9116541147232056,0.9473684430122375,0.6995983949207367,0.08760601840913296,0.0940381083637476
282,1.2143080983672314,19.165040388848574,0.38862647661743593,0.6116964156532195,0.5510859203932748,1.0606281706985616,0.5169172883033752,0.9060150384902954,0.9492481350898743,0.7002836712296158,0.08727425988763571,0.09382253885269165
283,1.2060028873905524,19.18798101431514,0.3864169444242487,0.6067251247283758,0.5450955179093778,1.053830023493932,0.5281955003738403,0.9060150384902954,0.9473684430122375,0.6957755343556139,0.08725743927061558,0.09395901765674353
284,1.2095491577098556,19.21017795288665,0.39340339883834036,0.5960317486172332,0.5462713112554402,1.0533579201772507,0.518796980381012,0.8984962701797485,0.9417293071746826,0.6955261119900326,0.08727554883807898,0.0937309991568327
285,1.2076850803521793,19.23741452404914,0.39236357083305246,0.6065501887120984,0.5473456941805831,1.0519270867991592,0.5225563645362854,0.902255654335022,0.9530075192451477,0.694327869417644,0.08706049993634224,0.09384897816926241
286,1.2165874450169412,19.26970872971305,0.3967203138359656,0.6071652021511225,0.5507511520931863,1.0606258602350924,0.5225563645362854,0.902255654335022,0.9473684430122375,0.700416568489369,0.08856167364865541,0.09517975151538849
287,1.2124391321032586,19.31299210747639,0.3889545755600675,0.6260603872992108,0.5457524372137059,1.057658454393201,0.5375939607620239,0.9135338068008423,0.9492481350898743,0.6982861103866042,0.08877529297024012,0.09554571099579334
288,1.21069626195312,19.354956748327357,0.38308770245501433,0.6204605724456451,0.5442792199068056,1.0521693341710228,0.5432330965995789,0.9097744226455688,0.9530075192451477,0.6944528811599001,0.08902912214398384,0.09564304072409868
289,1.2113524814013978,19.38980514943965,0.3867984061637342,0.5980858226921312,0.5491321185521298,1.0534096931965256,0.5169172883033752,0.902255654335022,0.9473684430122375,0.6953098241517358,0.08818389475345612,0.09487658366560936
290,1.2096476243833165,19.42650185498728,0.38760755361710114,0.6048247109661444,0.5489935171892282,1.059471759494041,0.5150375962257385,0.9060150384902954,0.9454887509346008,0.6997697958537002,0.08900836110115051,0.09584445878863335
291,1.2116448830720297,19.456771009241322,0.3896283927654573,0.6121560812490608,0.5530022342800647,1.06526560146156,0.5112782120704651,0.8947368264198303,0.9454887509346008,0.703693764742184,0.08795744646340609,0.09472776483744383
292,1.2121349111637796,19.48052655822096,0.38662740318620414,0.6173790710756765,0.5482170832749836,1.0551139320747278,0.5206766724586487,0.9078947305679321,0.951127827167511,0.6963768596563131,0.08723841048777103,0.09381181932985783
293,1.210400492337158,19.50303442022155,0.3860150430027671,0.6061078015327768,0.5428139871503681,1.0507987584170309,0.5206766724586487,0.9003759622573853,0.9492481350898743,0.6936952124913136,0.08878356125205755,0.0952334813773632
294,1.2113424753002808,19.520540494973204,0.3960300174189972,0.6064677811332894,0.5513886999641123,1.0616357177438467,0.5150375962257385,0.902255654335022,0.951127827167511,0.7010337088842425,0.0875499676913023,0.09419634565711021
295,1.2085869551365762,19.551031141569243,0.3912842578112161,0.6195384209608076,0.5430662709745383,1.047443880013496,0.5338345766067505,0.9116541147232056,0.951127827167511,0.690683043355377,0.08751003816723824,0.09418920706957579
296,1.2132903649955011,19.582424105660557,0.38557967952404515,0.6054800397483042,0.5459726035745603,1.054391214646497,0.5432330965995789,0.8984962701797485,0.951127827167511,0.6959230838155226,0.08869816269725561,0.09520858246833086
297,1.2104001425713735,19.59984873709511,0.399509324164065,0.6093235984973692,0.5590733060646911,1.0741701832748594,0.5037593841552734,0.896616518497467,0.9436089992523193,0.7098021007253618,0.08836431335657835,0.09501791279762983
298,1.2135169407658344,19.634649096459327,0.39021563106246043,0.6014029314445897,0.5454285478148742,1.0514206197492846,0.5244361162185669,0.9060150384902954,0.9530075192451477,0.6940883002378819,0.0874707791954279,0.0939544178545475
299,1.210037142220224,19.66848179687259,0.38739803526930305,0.6107863284558767,0.5420510119058081,1.050354097147036,0.5451127886772156,0.9041353464126587,0.9473684430122375,0.6933526684335704,0.08753141760826111,0.0941239669919014
300,1.2112421051883708,19.676653060772928,0.3978954757433486,0.6280019719616252,0.5514791331438446,1.061134746603002,0.5075187683105469,0.9060150384902954,0.9530075192451477,0.7005295274204175,0.0873692687600851,0.09401891846209764
301,1.2106372520479443,19.69761699894375,0.39761889705918585,0.6100896202212548,0.5528291204946737,1.0623431000493528,0.5093985199928284,0.9060150384902954,0.9473684430122375,0.7018157066968979,0.08765165694057941,0.09424695558845997
302,1.209022987039695,19.722525904619612,0.39293491167405425,0.5944599607192775,0.5456997575208178,1.0527617351865979,0.5338345766067505,0.902255654335022,0.9454887509346008,0.6953145593659008,0.08777853660285473,0.09427935723215342
303,1.2074485934180683,19.742408869972884,0.39867596763979496,0.6068563163695128,0.545601117915622,1.0522132405016809,0.5281955003738403,0.9078947305679321,0.9473684430122375,0.6943696682684279,0.08799767587333918,0.09437850583344698
304,1.2109578668231147,19.764105353958676,0.39803345104211063,0.608729069029395,0.5458240919475252,1.0535896630181165,0.5338345766067505,0.902255654335022,0.9473684430122375,0.6956652305143983,0.0890814308077097,0.09552119020372629
305,1.2081799820935484,19.78901177325078,0.40000450092857953,0.6039717254440979,0.548534911037458,1.0536088687519607,0.5225563645362854,0.9060150384902954,0.951127827167511,0.6953968572758455,0.08728743996471167,0.09382818918675184
306,1.2185524643614822,19.810191781062855,0.40574135622977087,0.6055923551762926,0.5684445657777766,1.0841980967813043,0.48120301961898804,0.8909774422645569,0.9417293071746826,0.716734111325557,0.08744248934090137,0.09401571843773127
307,1.220883835035212,19.831998858830865,0.39420287897835876,0.6379711807356302,0.5414312236637324,1.052247625246735,0.5545112490653992,0.9078947305679321,0.9548872113227844,0.693862868471942,0.08775816671550274,0.09426507633179426
308,1.2142250083745538,19.86478682929795,0.3831825523488447,0.6245785519668084,0.5479003783887744,1.056678659600409,0.5507518649101257,0.902255654335022,0.9473684430122375,0.6973001071393182,0.08920007105916739,0.09589563962072134
309,1.216589000186448,19.88884131242205,0.3811361864491503,0.6036914384599236,0.5459619150845149,1.050576105260842,0.5263158082962036,0.9041353464126587,0.9436089992523193,0.6932284847254004,0.08780953753739595,0.09434887673705816
310,1.214692185036093,19.877555257061584,0.3899355270490612,0.6176483341847809,0.5547194050590479,1.0696000614613617,0.5131579041481018,0.9078947305679321,0.9492481350898743,0.7066296970148007,0.08898125030100346,0.09563899878412485
311,1.2125699299505022,19.902961385126705,0.3830831810665973,0.619611553593462,0.5542908055231003,1.0618017173664132,0.5112782120704651,0.9060150384902954,0.9492481350898743,0.7012748699911633,0.08865066338330507,0.09551018103957176
312,1.2156323148253887,19.919787405681312,0.3745257954554848,0.616842803386268,0.5411551738098623,1.0512013328624614,0.5432330965995789,0.902255654335022,0.951127827167511,0.6936443037221955,0.08918337058275938,0.09589535929262638
313,1.2056833502033617,19.92413506898456,0.38300413649461573,0.607628728610183,0.5496233305775914,1.0581872501717275,0.5056390762329102,0.9060150384902954,0.9454887509346008,0.6988400131652577,0.08918198011815548,0.09585001971572638
314,1.2068244609239156,19.930694614760917,0.38843900604097004,0.590587264307402,0.5522369971405771,1.0633056445003117,0.5018796920776367,0.8928571343421936,0.9436089992523193,0.7023773507634599,0.08969532791525126,0.09648866578936577
315,1.2108176998466071,19.94538611938048,0.3864284136748021,0.5976303360872058,0.548053826793271,1.0568636763057213,0.5131579041481018,0.9060150384902954,0.9436089992523193,0.6978674979879633,0.08837236370891333,0.09489877335727215
316,1.2062865480263953,19.95600601909607,0.39228365020145006,0.6284407622190873,0.5438254320366913,1.051989935071237,0.5432330965995789,0.9116541147232056,0.9473684430122375,0.6938770788426323,0.08858500327914953,0.09515402279794216
317,1.2101520979333031,19.968615352670927,0.392763575861325,0.6053421164918044,0.5402973287471377,1.046413072236203,0.5451127886772156,0.9003759622573853,0.9530075192451477,0.6902899891380093,0.08784415666013956,0.09447414614260197
318,1.207156130579089,19.98148291902514,0.40725273936023043,0.5926926488649503,0.5586018114328606,1.070518383941239,0.49248120188713074,0.8947368264198303,0.9417293071746826,0.7071706628684156,0.08753825724124908,0.0941449562087655
319,1.210924380885269,19.995251751014727,0.4047259787766009,0.6082267637190578,0.5470894964789124,1.0547938491836146,0.5244361162185669,0.9041353464126587,0.9436089992523193,0.6962856776136744,0.08824881538748741,0.09492696356028318
320,1.2088236203312712,20.009437831627192,0.41186161517280395,0.6143903010370019,0.550873273933525,1.060338720569468,0.518796980381012,0.9078947305679321,0.9492481350898743,0.6999828485826678,0.08816253580152988,0.09473315440118313
321,1.2101525717014234,20.030155010291715,0.41490299456454416,0.6087087114726604,0.5507334518128293,1.0597637532730533,0.518796980381012,0.902255654335022,0.9454887509346008,0.6997801600611324,0.08992056734859943,0.09662402514368296
322,1.2103226034939134,20.057799994751743,0.4097225360679898,0.6066249715347223,0.5419920724644979,1.046094918027186,0.5319548845291138,0.9078947305679321,0.9492481350898743,0.6901793184626691,0.08751189801841974,0.09405877720564604
323,1.209555330578246,20.07200243523802,0.41034170547145415,0.607376294499779,0.5427321350324845,1.051517440626093,0.5413534045219421,0.902255654335022,0.9567669034004211,0.694047368753516,0.08829199429601431,0.0947231836616993
324,1.2170267222456521,20.09275154481837,0.4154704923372959,0.6047702105833704,0.5522288199869705,1.0604883569288968,0.5131579041481018,0.902255654335022,0.951127827167511,0.7005248795135854,0.08745959773659706,0.09390564728528261
325,1.2165784158358615,20.121304950940182,0.41500350704618605,0.6081030505447598,0.5584855028625149,1.0679495524473035,0.5,0.8984962701797485,0.9436089992523193,0.7054968622023444,0.08773672673851252,0.0944483857601881
326,1.2096502250995418,20.151063527353926,0.39651353683307683,0.6374192534578372,0.5386308662415464,1.052157445588687,0.5526315569877625,0.9097744226455688,0.9530075192451477,0.6934693785078521,0.08815139438956976,0.09456958528608084
327,1.2115698755909872,20.173085861765102,0.40218469408384433,0.6047557597159472,0.5487542398884362,1.0592411491592704,0.5112782120704651,0.9003759622573853,0.9436089992523193,0.6997323663837832,0.08809363469481468,0.09463140368461609
328,1.2131140167654688,20.192777010806246,0.4087702576916066,0.5898978331228728,0.5666440908839061,1.0847393269235237,0.47932329773902893,0.8909774422645569,0.9398496150970459,0.7167385978812882,0.0881935553625226,0.09483166318386793
329,1.2173742617029273,20.21304933977784,0.38841814472078234,0.6247826125727048,0.5412822206596564,1.0494896314496593,0.5545112490653992,0.9041353464126587,0.9567669034004211,0.6919168616715615,0.08848080318421125,0.0951662827283144
330,1.2180602051282938,20.223064666707543,0.3900966219639517,0.6278491519152232,0.5425689182412088,1.0478768443296813,0.5375939607620239,0.9097744226455688,0.951127827167511,0.6907957903379316,0.08809201605618,0.09480378404259682
331,1.2143629426875786,20.22525113884769,0.3977515238299657,0.6174076022337404,0.5546520646674178,1.0672047193881724,0.4981203079223633,0.8984962701797485,0.9454887509346008,0.70493481851249,0.09063938446342945,0.09735133219510317
332,1.21317572550659,20.242052175773473,0.39117085890945735,0.6004777346057937,0.5483492702546318,1.0555061522427769,0.5244361162185669,0.902255654335022,0.9398496150970459,0.6967864724761349,0.08818351477384567,0.09475768357515335
333,1.210550860322335,20.246832963665593,0.39339753750157563,0.611949729678374,0.5431792476835053,1.0486638334018372,0.5413534045219421,0.9078947305679321,0.9473684430122375,0.6919420879504358,0.0882727550342679,0.09498096257448196
334,1.2073035531606766,20.255670713973245,0.40367094300117456,0.60973055388297,0.5586890741074257,1.0708060599748648,0.49248120188713074,0.8928571343421936,0.9436089992523193,0.7075860617003924,0.0878083873540163,0.09424005728214979
335,1.2187239146739737,20.278631016788047,0.4007919375055214,0.6013398616808423,0.5477179375387501,1.0551521310334293,0.5169172883033752,0.8984962701797485,0.9492481350898743,0.6962630269089093,0.08784740697592497,0.0945139853283763
336,1.2104759813426198,20.295170205489683,0.3948651767530358,0.6266257384265239,0.5411518546029026,1.050320423770517,0.5563910007476807,0.9003759622573853,0.9492481350898743,0.6926412187109919,0.08757698815315962,0.09408575668931007
337,1.2077895391825861,20.301288384703394,0.40856525512834985,0.6202861195042668,0.5553703207348398,1.06564851189884,0.5150375962257385,0.9041353464126587,0.9492481350898743,0.7037570630491793,0.08761168830096722,0.09402907732874155
338,1.2121617679815693,20.318631397133267,0.40682222166375726,0.582638985172885,0.5477542555469215,1.0548544818991696,0.5018796920776367,0.9003759622573853,0.9379699230194092,0.6963897354176648,0.08711501955986023,0.09353078994899988
339,1.2085653116899537,20.348471802888874,0.4049018082225331,0.6075070649569425,0.543999925383583,1.0496707473675002,0.5244361162185669,0.9003759622573853,0.9492481350898743,0.6927381941930506,0.08784095663577318,0.09448079578578472
340,1.2078764417966443,20.359253110670608,0.41621441648447355,0.6140383795524169,0.5551199789187272,1.0658638174463728,0.5169172883033752,0.9003759622573853,0.9473684430122375,0.7039809281324086,0.08815469592809677,0.09486925322562456
341,1.209491859692731,20.39084447586254,0.40963477822352057,0.6123321983018581,0.5410078538281871,1.0504768732487222,0.5469924807548523,0.9041353464126587,0.951127827167511,0.6932895745188107,0.08973872661590576,0.09647563565522432
342,1.2129274763457945,20.416106908643567,0.41514612772916215,0.5984702050726566,0.5466544498712869,1.0545076228012442,0.5225563645362854,0.9060150384902954,0.9398496150970459,0.6963773095464353,0.08835878409445286,0.09501758310943842
343,1.2061443573561097,20.429224114104844,0.4221882327514893,0.6188484137686486,0.5490104308869398,1.0587585389538512,0.5056390762329102,0.902255654335022,0.9492481350898743,0.6991359721199639,0.08814863581210375,0.09494494367390871
344,1.2086995877273414,20.46814673820628,0.41946507630266194,0.6071156158773906,0.5535677710194117,1.0623071451712818,0.5112782120704651,0.9003759622573853,0.9492481350898743,0.7016314280619067,0.08787426725029945,0.09438546560704708
345,1.207537808738627,20.490878815556602,0.41857630347158226,0.5954366930018224,0.5462918979407856,1.0535958347469485,0.5206766724586487,0.8984962701797485,0.9436089992523193,0.695533659548807,0.08823542576283216,0.0947636142373085
346,1.2082068194546507,20.515627058841826,0.42023360427782697,0.5966556392888149,0.5452217939684952,1.049448036711675,0.5413534045219421,0.896616518497467,0.9417293071746826,0.692772786179325,0.08734049927443266,0.09414027724415064
347,1.2125358599717964,20.540581910160963,0.4252359961100578,0.6048895753730876,0.5427647057801163,1.0503531515373328,0.5225563645362854,0.9078947305679321,0.9473684430122375,0.6932683861881088,0.088301463983953,0.0950255524367094
348,1.2072379004723786,20.562678685142465,0.4283193454260572,0.6332847923361298,0.5464089607728638,1.0531192349639036,0.5263158082962036,0.9097744226455688,0.9586465954780579,0.6942953770077519,0.0877671167254448,0.09425659663975239
349,1.2110066198205227,20.592170942630617,0.4319025872296245,0.6055539399252279,0.5536756888997705,1.0635709538281686,0.5056390762329102,0.8984962701797485,0.9417293071746826,0.7026173228464996,0.08749874867498875,0.09396953787654638
350,1.2101742515188496,20.612597577622,0.4287022208681366,0.597259164547529,0.5470122309597424,1.052595436215103,0.518796980381012,0.902255654335022,0.9492481350898743,0.6949334478325134,0.08754448778927326,0.09395248722285032
351,1.2086827961628417,20.645735694628513,0.42922220383494764,0.6149275674218841,0.5437053488213008,1.0508085798021618,0.5432330965995789,0.9060150384902954,0.9492481350898743,0.6934898728706383,0.08803634624928236,0.09458209574222565
352,1.2121824461938777,20.66732573484812,0.43414215956187996,0.6145558046138997,0.543983621533712,1.0500188380296493,0.5319548845291138,0.9060150384902954,0.9548872113227844,0.6926852811789833,0.08779690694063902,0.09446753561496735
353,1.2133421628195165,20.706663701884594,0.43569738493564364,0.6086847845740265,0.5582998929779314,1.068007555895337,0.5018796920776367,0.9060150384902954,0.9417293071746826,0.7056039291216868,0.08727653883397579,0.09393174853175879
354,1.2117613980832787,20.737581139315395,0.4284257326805035,0.6067796467322609,0.5458679436017408,1.0528243194514195,0.5338345766067505,0.9041353464126587,0.9454887509346008,0.6950501353518898,0.08794141560792923,0.09437853563576937
355,1.2087571156779247,20.76588565074132,0.42573060663252854,0.6132196502556069,0.5433574232343407,1.0491104678128758,0.5375939607620239,0.9003759622573853,0.9530075192451477,0.6921397428510657,0.08808071631938219,0.09477993380278349
356,1.2040656675073436,20.786817577438317,0.43204724101990616,0.6114754907812232,0.5506513653340611,1.0583696278775605,0.5244361162185669,0.9097744226455688,0.9492481350898743,0.6988867730883694,0.08872601296752691,0.09541104082018137
357,1.213844409435705,20.82985578279606,0.41984738748930317,0.5964342521855469,0.542785739177365,1.053830936101806,0.5394737124443054,0.9003759622573853,0.9473684430122375,0.6958169642817573,0.08827835507690907,0.09499830286949873
358,1.2169778565636542,20.8692316811704,0.41483636959884,0.6176574811489195,0.5432020374675853,1.0513626122840052,0.548872172832489,0.902255654335022,0.9567669034004211,0.6934828915160821,0.08817828446626663,0.09492207318544388
359,1.2163860919330558,20.87547986526476,0.4250603328658928,0.6305601923549201,0.5554839288724248,1.0633269257242062,0.5131579041481018,0.9116541147232056,0.9492481350898743,0.7020465299030717,0.08834436349570751,0.09494182281196117
360,1.2110898000568433,20.890333838668663,0.4179370248654554,0.6127183419745672,0.5434984480835177,1.0516351054201154,0.5263158082962036,0.9041353464126587,0.9473684430122375,0.6938947187198827,0.08771563693881035,0.09431591629981995
361,1.2087380931084541,20.917078262293707,0.41616201145136134,0.5986630818002627,0.5441960565639764,1.0516794426570215,0.530075192451477,0.9041353464126587,0.9454887509346008,0.6939752428471847,0.08846492413431406,0.09487448446452618
362,1.2094493458467752,20.91572358215704,0.42478398061911365,0.605323889997454,0.5509995873869868,1.0569127446728415,0.5018796920776367,0.902255654335022,0.9473684430122375,0.6978107612171796,0.08720660861581564,0.09399693738669157
363,1.2082457966829563,20.917488441128356,0.4333142526572593,0.6118724805672072,0.5529035893947754,1.0643703415550885,0.5131579041481018,0.9041353464126587,0.9473684430122375,0.7029376697616284,0.0873262882232666,0.09399792738258839
364,1.215485714963034,20.95376175786205,0.4209809650529259,0.6131123276850474,0.5452049849760797,1.0485247724809246,0.5244361162185669,0.9041353464126587,0.9548872113227844,0.6915111918130192,0.32142545841634274,0.3280439870432019
365,1.2099747640860046,20.960436621144698,0.42428186734688855,0.625405861662004,0.5437408321531071,1.0515363654615117,0.5281955003738403,0.9097744226455688,0.9530075192451477,0.6934697195687265,0.08651187270879745,0.09300382249057293
366,1.2094554202784273,20.96140944716298,0.43487251803100724,0.6027418376445824,0.5568489073924546,1.0704008904926763,0.4868420958518982,0.902255654335022,0.9492481350898743,0.707130702950489,0.08747277781367302,0.09420022554695606
367,1.2066465410754994,21.002429897417638,0.42522411212265204,0.5906499099574629,0.5455072461512688,1.0537107103588654,0.5131579041481018,0.9078947305679321,0.9454887509346008,0.6958146564337949,0.08837553393095732,0.09514310210943222
368,1.2141040816097362,21.008470415515735,0.42670402555823617,0.6119405114619233,0.5409929700338136,1.0481923497666379,0.5432330965995789,0.9041353464126587,0.9530075192451477,0.691489660435998,0.08807085547596216,0.0948273641988635
369,1.217742055197838,21.022569283708425,0.42807478565193513,0.6255264799623564,0.5442232867444251,1.0474110425733767,0.5263158082962036,0.9116541147232056,0.951127827167511,0.6903773038147816,0.08873564191162586,0.09532604087144136
370,1.2096014594687898,21.038338821848743,0.4319176252756409,0.6150038801333615,0.5500850722608547,1.0582321870005738,0.5225563645362854,0.9041353464126587,0.9436089992523193,0.6986929752949228,0.0877651572227478,0.09439853671938181
371,1.2089885081832679,21.05711165485438,0.43012455359219387,0.5983232113739928,0.5465496438934845,1.0538946836735503,0.5150375962257385,0.9041353464126587,0.9454887509346008,0.6958900269723131,0.08808144554495811,0.09480566345155239
372,1.211575056436113,21.08564819730576,0.4318683857407655,0.5844979485241826,0.5538870811641174,1.0614578084837458,0.490601509809494,0.8947368264198303,0.9454887509346008,0.7010928913817913,0.088102494366467,0.0947630638256669
373,1.2119363411036308,21.105410461731353,0.4210122179112092,0.6232736207569628,0.538258287526042,1.0447362215743707,0.5582706928253174,0.9078947305679321,0.9567669034004211,0.6888999805441068,0.08812701515853405,0.09482234437018633
374,1.2086240674451354,21.11869333087327,0.43353227583167464,0.6210874935168842,0.5477326766165933,1.0560604582243232,0.5394737124443054,0.9041353464126587,0.9492481350898743,0.6968266412708065,0.08800321444869041,0.09470591321587563
375,1.2079390412736608,21.152600538923448,0.4316232354964235,0.5868447330874608,0.5504066719218194,1.0589457378946012,0.5,0.896616518497467,0.9436089992523193,0.6991248131406956,0.08818200509995222,0.094817403703928
376,1.209223357092182,21.162521643158918,0.43665199860897513,0.6035904840366489,0.5499241848187073,1.0597091005195962,0.5169172883033752,0.9041353464126587,0.9417293071746826,0.6996819760124793,0.08831993490457535,0.09492102358490229
377,1.207737992944434,21.195937851007958,0.432323696429878,0.6134913577977519,0.5427382508267359,1.0507631417473713,0.5319548845291138,0.9078947305679321,0.951127827167511,0.6935384989924945,0.08791556674987078,0.09467998426407576
378,1.2098921770666071,21.2103138726086,0.43664246393665945,0.6038324791652171,0.5462704282968798,1.0525867442069845,0.5169172883033752,0.9078947305679321,0.9492481350898743,0.6950210235907256,0.08830474503338337,0.09494724310934544
379,1.2056131421907073,21.218035132563134,0.4456772463342887,0.6164808370205215,0.5509916115545201,1.058642088051313,0.5206766724586487,0.902255654335022,0.9473684430122375,0.698999531914851,0.08792570605874062,0.09439577534794807
380,1.2039274202273402,21.248545031946875,0.4408392887276469,0.6022640149615881,0.544547024763762,1.0510614083729561,0.5319548845291138,0.9041353464126587,0.9454887509346008,0.693915885959111,0.08816337492316961,0.09484924376010895
381,1.2080221575668044,21.25018181095289,0.4492735784975282,0.5849145513481466,0.5438558238679997,1.0521715132965155,0.518796980381012,0.902255654335022,0.9417293071746826,0.6944730435855153,0.0881380345672369,0.0946509949862957
382,1.209778749257962,21.267351424328016,0.4567774045175837,0.6070792702179953,0.5486512735659678,1.0563052429711601,0.5131579041481018,0.9078947305679321,0.9473684430122375,0.6974627530592591,0.08819702547043562,0.09490726422518492
383,1.2065394800188922,21.285348996214832,0.4577461577415143,0.6214931972527032,0.5487927456284567,1.0577355328211495,0.5338345766067505,0.9060150384902954,0.9492481350898743,0.6982845905269087,0.08810923621058464,0.09452268574386835
384,1.203883155798747,21.3121663554152,0.4659530595867629,0.6002304036089495,0.5489932037606448,1.0570876076247966,0.5131579041481018,0.9041353464126587,0.9436089992523193,0.6979604344030054,0.08958897832781076,0.0960526280105114
385,1.2150834720741996,21.339118545316932,0.4656095710217325,0.5859228452756942,0.5556730846721848,1.0653769450718993,0.5,0.8928571343421936,0.9417293071746826,0.7036444830629744,0.08852046355605125,0.09496109280735254
386,1.2111703753772378,21.373139277691056,0.4500850486848311,0.6244677331635992,0.5415650742605026,1.0559631268863916,0.5545112490653992,0.9041353464126587,0.951127827167511,0.6966475548402056,0.2887834319844842,0.2953981701284647
387,1.2137145917676506,21.395951548896214,0.4555847302749432,0.6242545912446053,0.5502994000496286,1.0557283231721846,0.518796980381012,0.9116541147232056,0.9530075192451477,0.6964567128050262,0.08755511790513992,0.09423461742699146
388,1.2056921493018071,21.414071347964544,0.4522618934983054,0.6002615808874419,0.5471740889304355,1.0543846960711079,0.5169172883033752,0.902255654335022,0.9454887509346008,0.696353932411898,0.08746763784438372,0.09387040790170431
389,1.2026055153657398,21.432429762089438,0.4479110074807374,0.6005116048280141,0.5428660873809249,1.0508270471291308,0.5375939607620239,0.8984962701797485,0.9454887509346008,0.6938163203456896,0.08806360606104136,0.09461169503629208
390,1.212955875744874,21.449055142923527,0.45348235549303384,0.5936305056204424,0.5457752897735159,1.051727966537632,0.5150375962257385,0.902255654335022,0.9454887509346008,0.6944029104143781,0.08873218204826117,0.09546976070851088
391,1.215591266984625,21.469203397748423,0.4550863086774399,0.6269836894766868,0.5657140814884375,1.0781690621787134,0.5018796920776367,0.9060150384902954,0.9436089992523193,0.7127997174599248,0.08683655131608248,0.09340532030910254
392,1.2188307143353867,21.50046212280446,0.44153764730486833,0.6254536196355158,0.546919424105851,1.056887196694241,0.5281955003738403,0.9097744226455688,0.9492481350898743,0.6975953137810127,0.08825656399130821,0.09486512374132872
393,1.210742025708772,21.505729511823805,0.4395263769232585,0.60104954454632,0.5440715422975037,1.0503206788474622,0.5357142686843872,0.9041353464126587,0.9454887509346008,0.6932972776735256,0.08836680464446545,0.09513899218291044
394,1.20883918447847,21.51723649080937,0.44217203743328054,0.602959113694402,0.549486912682982,1.0541433620604939,0.5093985199928284,0.9003759622573853,0.951127827167511,0.6960309604331696,0.08812614437192678,0.09458764363080263
395,1.2079000994486426,21.538533900870743,0.43764803576375455,0.6091332186506718,0.5462392090901964,1.0530540942340567,0.5225563645362854,0.9116541147232056,0.9454887509346008,0.6949668364315882,0.08849648386240005,0.09530372265726328
396,1.2073751604159735,21.53446821981258,0.4491981594585448,0.6084868063505195,0.546032902761535,1.0575127309590922,0.530075192451477,0.902255654335022,0.9473684430122375,0.6982944925323291,0.08758694771677256,0.09409382659941912
397,1.2104642055643853,21.55600110216547,0.4443083927580259,0.6024510193541314,0.5462003082731517,1.0531002327426184,0.5056390762329102,0.9060150384902954,0.9492481350898743,0.6953165116898792,0.08836190402507782,0.09482803381979465
398,1.2080894574687047,21.56323385218321,0.453505890296916,0.6004462924396005,0.5493578301393619,1.0545018610627845,0.5093985199928284,0.9041353464126587,0.9492481350898743,0.6962347436295119,0.08778327703475952,0.09437811560928822
399,1.2082669765841278,21.584539375805484,0.45720771875792493,0.6076431922723903,0.5477711746383856,1.0548379859559027,0.530075192451477,0.902255654335022,0.9454887509346008,0.6962917109437844,0.08790382649749517,0.0945369154214859
400,1.2091550084401592,21.607867288350025,0.45282868196000836,0.6115594590913969,0.5453456131338605,1.0562632693080773,0.5281955003738403,0.9097744226455688,0.951127827167511,0.6971749938863188,0.08927748072892427,0.09597404859960079
401,1.2081510278632952,21.610178768605962,0.46410950347876134,0.6093379700326679,0.5445299474691033,1.0519379367491166,0.5225563645362854,0.9078947305679321,0.951127827167511,0.6943083064626959,0.08918638061732054,0.09580651950091124
402,1.206446273907467,21.629924729840294,0.47032282812164306,0.6071708890940468,0.5512915714806265,1.0581559340994078,0.5150375962257385,0.902255654335022,0.9530075192451477,0.6985951997294464,0.08955944888293743,0.09614897798746824
403,1.2079644965622016,21.650459887104848,0.46695198227911205,0.5942643579645437,0.5473965081948141,1.0516558953438595,0.5037593841552734,0.8984962701797485,0.9436089992523193,0.6940938163320739,0.08855945337563753,0.09519911278039217
404,1.2065268740225688,21.675236816685587,0.4693647598913581,0.6064459096446387,0.5454370415840932,1.0535851911846503,0.5225563645362854,0.902255654335022,0.9492481350898743,0.6954818444911686,0.09193290676921606,0.09863961581140757
405,1.2103152830851982,21.691282056128205,0.47481480028374723,0.6115147722235134,0.5434652525754677,1.050593178461632,0.5319548845291138,0.9078947305679321,0.951127827167511,0.6933435715327121,0.08842265326529741,0.09512685146182775
406,1.2080252363465993,21.722843948580795,0.4794096830771022,0.6129081711314106,0.5503666128614146,1.0566941770953473,0.5131579041481018,0.9097744226455688,0.9492481350898743,0.697814871146268,0.0880172960460186,0.09441172517836094
407,1.2095417260707222,21.74983264936906,0.4818228823363935,0.5976567849724896,0.5543697999394441,1.0607543484175175,0.5112782120704651,0.902255654335022,0.9454887509346008,0.7007521196218571,0.08826057519763708,0.0949351629242301
408,1.2103782391247102,21.78881521009284,0.47357879996758045,0.5952875941611302,0.5437851529261759,1.0494969726926149,0.5263158082962036,0.902255654335022,0.9492481350898743,0.6927738525126977,0.08981789648532867,0.09664430469274521
409,1.2117297093638273,21.809573475434537,0.48283544283260127,0.6150860892852975,0.5492084524784187,1.0586833372447908,0.5150375962257385,0.9078947305679321,0.9473684430122375,0.6989201431330379,0.0877987677231431,0.09437561593949795
410,1.2087592525105042,21.832679996487922,0.48149585676994744,0.6181146454371415,0.5464178798885291,1.0536629903507608,0.518796980381012,0.9154135584831238,0.951127827167511,0.6951539880788385,0.08770046662539244,0.09426771569997072
411,1.2062466146276694,21.864708350530734,0.473182598535728,0.5959820432536614,0.5395084245980746,1.045696296579374,0.5526315569877625,0.8984962701797485,0.9473684430122375,0.6899651497386369,0.08777195680886507,0.0945504941046238
412,1.2138940074865905,21.87913339855684,0.47481863348832676,0.5989367715676728,0.5435569473443393,1.0499497431749323,0.5281955003738403,0.9003759622573853,0.9473684430122375,0.6930269713981194,0.08841078449040651,0.09515732247382402
413,1.215426783279728,21.918167591313953,0.4783429550149684,0.6097965542739331,0.5520010303413218,1.0587871836968796,0.5206766724586487,0.9116541147232056,0.9548872113227844,0.6990837256450438,0.08756326790899038,0.09421819634735584
414,1.2105447119629082,21.935668355895867,0.47706751062494934,0.6277650180611597,0.5633897435870774,1.077441638388826,0.49248120188713074,0.9003759622573853,0.9473684430122375,0.7122108271048556,0.09404358826577663,0.10075715649873018
415,1.217799191535704,21.96836845672683,0.4617353851803295,0.6151420840173893,0.5418453389927135,1.0501989895242476,0.5338345766067505,0.9097744226455688,0.951127827167511,0.6930073257163302,0.08831041399389505,0.09502934198826551
416,1.2126067776533263,21.986544291959383,0.4592270640286954,0.6082388070781458,0.5410428801675867,1.0498297067510567,0.5507518649101257,0.8984962701797485,0.9492481350898743,0.6925636575299964,0.08758269716054201,0.09410387650132179
417,1.214121923555735,21.995495631784316,0.4681138270784045,0.6101908562597486,0.5633773468200789,1.075896696620574,0.49624061584472656,0.902255654335022,0.9417293071746826,0.7110024925040417,0.08867861237376928,0.09537637140601873
418,1.2103185304765045,22.005684334757927,0.4575690227020786,0.6047554225529478,0.5455830767459393,1.0521717165358668,0.5093985199928284,0.9041353464126587,0.9473684430122375,0.6946634090419993,0.08822547551244497,0.09493437316268682
419,1.2111675568743911,22.034686505228713,0.4557618003059878,0.6074594727052878,0.5456792837612104,1.0511849018691581,0.5263158082962036,0.9097744226455688,0.9454887509346008,0.6938974777809235,0.08874246291816235,0.09521507192403078
420,1.2068598397608268,22.033943588416623,0.46408779028038033,0.6255801146171903,0.5521516737601371,1.0594035340931556,0.5112782120704651,0.9060150384902954,0.9548872113227844,0.6992011990219709,0.08769932761788368,0.09421342704445124
421,1.2087382134249194,22.050964150311536,0.46494231506096506,0.5943456270918315,0.5496684433467595,1.0594833552293723,0.5056390762329102,0.896616518497467,0.9379699230194092,0.6996672330140112,0.08788051642477512,0.09440884552896023
422,1.2050456923356268,22.04950266049652,0.4679788063933724,0.6005477419667786,0.5456689298127115,1.0502790650791298,0.5281955003738403,0.902255654335022,0.951127827167511,0.693200683180239,0.08772662747651339,0.09440178610384464
423,1.2060390466220345,22.065527529963404,0.4752609599662706,0.6074504776310468,0.5507278841001989,1.059041948876211,0.518796980381012,0.902255654335022,0.9492481350898743,0.6993018935625752,0.08856270276010036,0.09507798217236996
424,1.211366896290631,22.086117568860598,0.4705334657333652,0.5969973207979133,0.5435143505595952,1.0523503849100477,0.5225563645362854,0.9041353464126587,0.9436089992523193,0.6948649248479685,0.08840146381407976,0.09500289242714643
425,1.2101807764240415,22.0908854177718,0.47538376408738686,0.6207100915928375,0.5462094279391985,1.0545016321835736,0.5281955003738403,0.9060150384902954,0.9530075192451477,0.6959941620518378,0.08743372838944197,0.09397877845913172
426,1.2106564319172486,22.10831887163758,0.487074138729145,0.6067391549168262,0.5590258546359165,1.0712206925622076,0.4981203079223633,0.8947368264198303,0.9454887509346008,0.7078706423808683,0.08861991297453642,0.09535646252334118
427,1.2088012729919133,22.13656468234056,0.476633234385891,0.6099501797602956,0.5474987211166401,1.052719249008395,0.5263158082962036,0.9041353464126587,0.9492481350898743,0.6946903547802502,0.08825395442545414,0.0948930038139224
428,1.2103550485895975,22.16501931525489,0.4747165744748846,0.6124341618282011,0.5453934191563734,1.0534126296726896,0.5357142686843872,0.9060150384902954,0.9454887509346008,0.6952869684207444,0.08893242198973894,0.09562136046588421
429,1.2080285562291608,22.179738421526416,0.4773778767780026,0.6040852110400241,0.5467538399175329,1.0532846553582311,0.5093985199928284,0.9003759622573853,0.9530075192451477,0.6953865968805916,0.08855240326374769,0.0952583309262991
430,1.207248197978386,22.190269017371076,0.48078059359896835,0.6101001150835793,0.5451580946641711,1.0540830399205583,0.5319548845291138,0.9060150384902954,0.9492481350898743,0.6956298808544611,0.08997533749789,0.09686841536313295
431,1.2079320968052107,22.223116506998156,0.4836308291974618,0.5979940207473483,0.5480559297785654,1.0544134471189097,0.5244361162185669,0.902255654335022,0.9454887509346008,0.6963940690688023,0.08867117203772068,0.09531531110405922
432,1.2036506676675802,22.237658593389803,0.48325723688838396,0.6010317852919781,0.545372020136483,1.0510694266818505,0.5225563645362854,0.9041353464126587,0.9473684430122375,0.6938614983877989,0.08919200021773577,0.09589564893394709
433,1.2097399344222517,22.24475366333565,0.48944633686945116,0.599480246973109,0.5491312160406856,1.0552346623406859,0.518796980381012,0.9003759622573853,0.9473684430122375,0.6967296168604097,0.08836924470961094,0.09504461288452148
434,1.205599104245003,22.265466716577148,0.5001827291275487,0.6192828883680287,0.5536630894355417,1.068567109001011,0.5206766724586487,0.9078947305679321,0.9492481350898743,0.7061281472885989,0.08806213550269604,0.09448820445686579
435,1.2125991348593543,22.289992350743425,0.49357185579080504,0.6019597630473726,0.5484065061087043,1.0544809573289897,0.5075187683105469,0.9041353464126587,0.9436089992523193,0.6962287236398944,0.08735096920281649,0.09400221798568964
436,1.2150670514371764,22.32052422444415,0.4829408945258814,0.6111042686533593,0.5406939443841827,1.047107908618642,0.5357142686843872,0.9041353464126587,0.9530075192451477,0.690627030636334,0.08766566682606936,0.09406056720763445
437,1.2120987568163235,22.331140878962405,0.4886846473666083,0.6276854028809119,0.5464578467091005,1.0534059384086847,0.5338345766067505,0.9078947305679321,0.9473684430122375,0.6948351939094595,0.08766808733344078,0.09421333763748407
438,1.2085125960276133,22.35082077727012,0.48954987224685065,0.6037190605547207,0.549079707664704,1.056615216163552,0.5075187683105469,0.902255654335022,0.9492481350898743,0.6977970287123941,0.08788507711142302,0.09448860678821802
439,1.2061469615680334,22.385973825029005,0.4856687629716312,0.5927041865364214,0.55084550914648,1.0590588380354262,0.5112782120704651,0.902255654335022,0.9436089992523193,0.6992812012538644,0.0882128644734621,0.0948325227946043
440,1.2046654138247412,22.39173286653251,0.48610749975112005,0.6009958585674599,0.5447396112606621,1.048862710239067,0.5319548845291138,0.896616518497467,0.9454887509346008,0.6922468886328554,0.08758674841374159,0.09421021677553654
441,1.2133972691314412,22.415485405049626,0.4883446900769836,0.6016892886429454,0.5470390731381973,1.0546492858892689,0.5169172883033752,0.9078947305679321,0.9492481350898743,0.6960864781706213,0.08753780834376812,0.09416215773671865
442,1.2060710661546448,22.42148188081429,0.49104558409834886,0.6159417528417326,0.5479259988117976,1.055761028944113,0.5225563645362854,0.9078947305679321,0.951127827167511,0.6970760257202637,0.09101621061563492,0.09768292959779501
443,1.2106011049409517,22.44181993124362,0.4856819525671156,0.6134950677209734,0.5406802867375032,1.048804879963703,0.5526315569877625,0.902255654335022,0.951127827167511,0.6919534985248471,0.08770144637674093,0.09432361554354429
444,1.208944608995625,22.459894913860026,0.488129188746089,0.6111409893097491,0.5461450532674141,1.0520006018856953,0.5225563645362854,0.9041353464126587,0.9548872113227844,0.6943269548386499,0.08872637245804071,0.09522514138370752
445,1.206324391943476,22.47570328503959,0.4940646941570083,0.5879599192399068,0.5504142468932726,1.0599841585828633,0.5056390762329102,0.8984962701797485,0.9454887509346008,0.6999682056465268,0.08796786610037088,0.09468176495283842
446,1.207829186536585,22.49372143390222,0.4947372250231933,0.606078497739851,0.5548752809290921,1.0615672905169646,0.5037593841552734,0.902255654335022,0.9473684430122375,0.70135125706055,0.0894345985725522,0.09619781654328108
447,1.2079475484952318,22.51947044220797,0.48492781259475626,0.6086206805770892,0.5402612046690493,1.0496252491289206,0.5394737124443054,0.9060150384902954,0.9567669034004211,0.6928759181495706,0.08831221330910921,0.09492474235594273
448,1.2127726344219352,22.5332160970196,0.48967351024459316,0.6040487465288737,0.5514460366428056,1.0589858718140666,0.5056390762329102,0.902255654335022,0.9454887509346008,0.6993254376486652,0.08796452544629574,0.09447290468961
449,1.2101499497513872,22.558811108801994,0.48845800370443,0.6182905328277644,0.5460917203477016,1.052221278921607,0.5375939607620239,0.902255654335022,0.9454887509346008,0.6943342295387049,0.08793250750750303,0.09448801632970572
450,1.2054699038549477,22.556250701913193,0.49262547425056025,0.6079303350987428,0.5456971885186697,1.0537577232713051,0.5206766724586487,0.9097744226455688,0.951127827167511,0.6955105277543937,0.08830328471958637,0.09489751420915127
451,1.2065013316832593,22.580759257095515,0.4947100620436964,0.5892078714233585,0.5515718362929544,1.0608055515607901,0.5075187683105469,0.896616518497467,0.9436089992523193,0.7006852219668893,0.0878450758755207,0.0945677850395441
452,1.2105677852873558,22.595395369043704,0.4978069851686444,0.6004328280216853,0.5542781296242095,1.0622200856932331,0.5018796920776367,0.902255654335022,0.951127827167511,0.7015735696570508,0.0884808637201786,0.09514602180570364
453,1.2113032218066622,22.607879254356803,0.49746003769960484,0.6265879198294781,0.5444723398335964,1.0514995480345144,0.530075192451477,0.9041353464126587,0.9530075192451477,0.6932401372188517,0.08921414986252785,0.09562295954674482
454,1.207422837752508,22.642487116144938,0.4955064659529659,0.603832719939189,0.5457127629508315,1.05491694182115,0.5357142686843872,0.9060150384902954,0.9454887509346008,0.6965564312287371,0.08877415210008621,0.09549904055893421
455,1.2122481401642653,22.675561804552064,0.49714938049181545,0.5875937815708804,0.5503745887203656,1.0561883963833814,0.5037593841552734,0.9003759622573853,0.9417293071746826,0.6973368029787994,0.08830711524933577,0.09506081324070692
456,1.20750572617635,22.690791413955328,0.4958032351295652,0.6250928386435046,0.5447020629141045,1.0510326857979173,0.5281955003738403,0.9097744226455688,0.9530075192451477,0.6931966610219308,0.08822823408991098,0.09486006293445826
457,1.2094407525277853,22.70883406258864,0.5025467732602525,0.603290861687356,0.5464643178693023,1.0560748198286287,0.5169172883033752,0.9060150384902954,0.9454887509346008,0.6971485266597456,0.09455251414328814,0.10121819376945496
458,1.2059145316648818,22.740237677153942,0.5061405437789664,0.6064803760421656,0.5554687287359463,1.0627199115767008,0.5037593841552734,0.8984962701797485,0.9454887509346008,0.7020353450468749,0.0876967366784811,0.09416545741260052
459,1.2072011297862264,22.738978505843978,0.5133232085227792,0.6113212425238902,0.5556685005671911,1.0685963879082943,0.5075187683105469,0.902255654335022,0.9454887509346008,0.706272005028337,0.08769264724105597,0.09449828509241343
460,1.2131119614804484,22.778658885792055,0.5012026493066046,0.5908612305818314,0.5437299184209029,1.0492221803209416,0.5206766724586487,0.902255654335022,0.9454887509346008,0.6925426435727912,0.08781528659164906,0.0946037545800209
461,1.2083668517476829,22.7965699138395,0.4958409225716891,0.6268664486699498,0.5420369001383415,1.049900864794271,0.5507518649101257,0.902255654335022,0.9530075192451477,0.6923891509707405,0.08915965165942907,0.09586648922413588
462,1.2093315174418617,22.804341413886046,0.5056372831132313,0.6094131436220743,0.5491258817765371,1.0580168989651744,0.5150375962257385,0.9060150384902954,0.9492481350898743,0.6985782009383849,0.08773557655513287,0.09436328615993261
463,1.2081537091522114,22.818739723423974,0.5066739999055481,0.5848097875966313,0.553792155369642,1.0633153219107139,0.4981203079223633,0.8947368264198303,0.9436089992523193,0.7022539197358915,0.08803578466176987,0.09451776463538408
464,1.2092881078219726,22.82634052888018,0.5029931534876408,0.6208021742320987,0.5516174884466047,1.0596931757141486,0.5281955003738403,0.902255654335022,0.951127827167511,0.6996537204581941,0.08920772932469845,0.09574571996927261
465,1.2095962498102117,22.86671860381486,0.4948248083536759,0.6134782159879443,0.5437155700589742,1.049930216913456,0.5357142686843872,0.9041353464126587,0.951127827167511,0.6928718457301448,0.08799376618117094,0.09477200452238321
466,1.2074806985677626,22.868757550213278,0.5055772439174985,0.5996908988230454,0.5478061169620875,1.058729011812206,0.5131579041481018,0.902255654335022,0.9473684430122375,0.6992021390339735,0.08807931561022997,0.09469947405159473
467,1.2126870857868473,22.899363715265945,0.5074387897697806,0.599569486902037,0.5489971485361776,1.0542174375984859,0.5093985199928284,0.902255654335022,0.9473684430122375,0.695885728937669,0.08828337490558624,0.09498442336916924
468,1.207274383095688,22.922157125426477,0.5050745018889706,0.6223012212167099,0.543872726626132,1.049347420049622,0.5263158082962036,0.9097744226455688,0.9492481350898743,0.6921035904759717,0.08830925449728966,0.0950359320268035
469,1.209880206449811,22.933806963516712,0.5105383847907264,0.6014361031207787,0.5452262099277533,1.0536845851917798,0.5263158082962036,0.9060150384902954,0.9454887509346008,0.695791825885358,0.08867004327476025,0.0953470217064023
470,1.2103413146682054,22.951104577226996,0.5139808121278355,0.6017512207277171,0.5485330744529524,1.0557191128076564,0.5150375962257385,0.9060150384902954,0.9492481350898743,0.6972525032159941,0.08856331277638674,0.0953364409506321
471,1.2095523097333982,22.987035850513823,0.5012825064827302,0.6171463782371822,0.5433976129698957,1.0501348084808995,0.5451127886772156,0.902255654335022,0.9567669034004211,0.693103945686832,0.08854696340858936,0.09519196208566427
472,1.2077652060305653,22.994950478062716,0.5182179115518359,0.6007883916633631,0.5505210713684596,1.0593603574994666,0.5056390762329102,0.9060150384902954,0.9454887509346008,0.6994887707402899,0.08973824791610241,0.09644441585987806
473,1.207781863779282,23.017036296500486,0.515748503672924,0.6017242799039406,0.549677161188945,1.0593543799661784,0.5206766724586487,0.902255654335022,0.951127827167511,0.6995911510679048,0.08869840204715729,0.0953797809779644
474,1.2060159269441506,23.045067596625948,0.5200213104005525,0.6040525690766292,0.5498608250196799,1.0613313108047868,0.5150375962257385,0.9003759622573853,0.9492481350898743,0.7010818872126467,0.08894365187734365,0.09552699141204357
475,1.2135309454760812,23.062854617381106,0.5166151811795787,0.6038242243484753,0.5488521897605083,1.0530451542651806,0.518796980381012,0.8984962701797485,0.9454887509346008,0.6953494361218117,0.0886076632887125,0.09540028125047684
476,1.2108372883452145,23.098496131888496,0.508973371328338,0.6122852123017055,0.5407392222642042,1.047047088453369,0.5225563645362854,0.9078947305679321,0.951127827167511,0.6906365578830157,0.08902673050761223,0.09600375778973103
477,1.2107159749708498,23.130149711151905,0.5164513073284256,0.6160851396310796,0.5494902585055363,1.0555563444919818,0.518796980381012,0.9097744226455688,0.951127827167511,0.6968764611495323,0.09025825466960669,0.09692189376801252
478,1.2063646088366025,23.14252614880343,0.518052805996469,0.6086372324166344,0.5453817012440912,1.0519643589919045,0.5375939607620239,0.9060150384902954,0.951127827167511,0.6943114190857439,0.0885403836145997,0.09504085313528776
479,1.2084661152674516,23.166381434956598,0.5164783661522057,0.5982314385753605,0.5446832240804164,1.051249627343555,0.530075192451477,0.896616518497467,0.9473684430122375,0.6938961467194131,0.08775139693170786,0.09453438501805067
480,1.2075456633932484,23.184412433829383,0.5280553608231995,0.610909270591945,0.5521229222113289,1.0614966814304532,0.5056390762329102,0.9041353464126587,0.951127827167511,0.7008390061311862,0.09419662691652775,0.10112631414085627
481,1.2101560407630712,23.207145046575288,0.5259001572511016,0.6109106027118664,0.5489760089003262,1.057360157312191,0.5281955003738403,0.9041353464126587,0.951127827167511,0.6982221540672648,0.08764984644949436,0.09427664615213871
482,1.2076182030954892,23.229566927053202,0.5274794495966482,0.607868727410644,0.5484834233084512,1.0527774452541117,0.5263158082962036,0.9078947305679321,0.9492481350898743,0.6949437758515487,0.08718567062169313,0.09363978076726198
483,1.204980110658876,23.264127256891634,0.5202838178302883,0.5991410955215851,0.5395353475124457,1.0438391783898704,0.5357142686843872,0.9060150384902954,0.951127827167511,0.6887593262982129,0.09000849537551403,0.09677087422460318
484,1.2115992626595187,23.277890379432012,0.5357354755671191,0.5856586331684263,0.5540822517240891,1.0650067824285296,0.490601509809494,0.896616518497467,0.9398496150970459,0.7033338965712931,0.08844263385981321,0.09499813430011272
485,1.208217216274448,23.312460940111414,0.5231818715428922,0.6398483399647114,0.547488141374481,1.0540701299084685,0.5375939607620239,0.9116541147232056,0.9567669034004211,0.6946721078724628,0.08858016319572926,0.09507012274116278
486,1.206786516638544,23.331716378879552,0.5246499156538289,0.6040576067387882,0.5425286264495696,1.047742349242981,0.5375939607620239,0.902255654335022,0.9492481350898743,0.6917428361351348,0.08917827159166336,0.09598078951239586
487,1.202200995832491,23.35879913185,0.5280260220138835,0.5821310680139045,0.5462963480246984,1.0544486099952064,0.5150375962257385,0.896616518497467,0.9436089992523193,0.6964076458101748,0.08816909603774548,0.09473186451941729
488,1.209340401824604,23.387972554364755,0.5279989753448436,0.5937036321883814,0.5436835047366647,1.0490916879577685,0.5206766724586487,0.9041353464126587,0.951127827167511,0.6924578754848743,0.0881508644670248,0.09477146342396736
489,1.2141066414730912,23.405194655625326,0.5270973319022827,0.6278094462906777,0.5452755109820867,1.0506838046445535,0.5357142686843872,0.9041353464126587,0.9586465954780579,0.6926985202301269,0.08847582433372736,0.09519430249929428
490,1.214059924538003,23.44256926445362,0.5278983999095104,0.627758725683189,0.549000386399748,1.0552898246597513,0.5206766724586487,0.9135338068008423,0.9567669034004211,0.6963869614107514,0.08749031834304333,0.09407706744968891
491,1.2105085165284861,23.48398966773034,0.5254517941287236,0.6011375202848889,0.5460485219850519,1.0553641115280554,0.5206766724586487,0.8984962701797485,0.9436089992523193,0.6968560799893062,0.08776131644845009,0.09434686601161957
492,1.207916601306685,23.49564275900893,0.5177354699648339,0.5986781407704566,0.5463618761501103,1.0579637114302325,0.5394737124443054,0.896616518497467,0.9530075192451477,0.6988374195857422,0.08754105772823095,0.0940492283552885
493,1.2144844440781652,23.539542212449525,0.5207796857367688,0.6158685936463667,0.5502003668895352,1.0547974197122156,0.518796980381012,0.9041353464126587,0.9473684430122375,0.6962199939042033,0.08786470722407103,0.09439805615693331
494,1.213054869812298,23.557690139267834,0.5241108976128587,0.6169851132495389,0.5647468221652471,1.0807874676501459,0.4981203079223633,0.896616518497467,0.9436089992523193,0.7148045786066161,0.08753715828061104,0.09409481845796108
495,1.2148185714657795,23.597609079924307,0.49528543986994905,0.6234012186384669,0.5398124993107581,1.0498133256724707,0.5526315569877625,0.9078947305679321,0.9586465954780579,0.6924373514952175,0.3203700613230467,0.3268486214801669
496,1.207793994175248,23.598455738481544,0.5007253235860811,0.6041544836172485,0.5452629131805647,1.0481473918644235,0.5244361162185669,0.902255654335022,0.9454887509346008,0.691737240219471,0.08747216872870922,0.0939011787995696
497,1.2112211421954937,23.606512840412144,0.5064453456596051,0.5910768948467804,0.5574359423019024,1.0695560718049169,0.49248120188713074,0.902255654335022,0.9360902309417725,0.7065407546006384,0.0871795192360878,0.09395576827228069
498,1.2102170964194816,23.60840236982825,0.5004854327887726,0.6214317851175692,0.545237331988635,1.0517836115766488,0.530075192451477,0.9060150384902954,0.9548872113227844,0.6939703305471105,0.08753011748194695,0.0941251665353775
499,1.207898639258603,23.616976188691623,0.5047491726802074,0.6217905383563763,0.5464405358404636,1.053240829665752,0.5244361162185669,0.9078947305679321,0.9530075192451477,0.6949304458544844,0.3124979790300131,0.3191698482260108
