iteration,loss,lengthscale,outputscale,likelyhood_noise,test_MAE,test_NLL,test_PICP50,test_PICP90,test_PICP95,test_RMSE,it_time_training,it_time
0,2.380334450837787,1.8987411665486449,1,0.9642186782016998,0.645652919683002,1.3743014511467075,0.6748120188713074,0.9736841917037964,0.9868420958518982,0.8528300825884734,0.4076276123523712,0.4352523349225521
1,2.1488746878743945,1.6807096755952493,1,1.2366122698335915,0.6763954095112165,1.4049759139269558,0.7575187683105469,0.9736841917037964,0.9868420958518982,0.8612516698254823,0.10721586365252733,0.11459632776677608
2,1.9252407374992675,1.760554207923018,1,1.4714684813425511,0.6523603285491162,1.4245189085107246,0.7781955003738403,0.9868420958518982,0.9868420958518982,0.8399924314311702,0.09906709846109152,0.10602604411542416
3,1.818541987708302,1.991709052275712,1,1.6525990842127276,0.6287635271178746,1.4363146282688697,0.8157894611358643,0.9868420958518982,0.9981203079223633,0.8158625836739747,0.10371041856706142,0.11074162367731333
4,1.7564625537555412,2.30631291334452,1,1.7740380013720207,0.6100958198519933,1.4412906016947467,0.8120300769805908,0.9887217879295349,0.9981203079223633,0.7944803179695463,0.08927846979349852,0.09579602628946304
5,1.7134616604808834,2.6552887226956603,1,1.8377477469960837,0.6002816452243599,1.4370173502170451,0.8233082890510559,0.9906014800071716,0.9981203079223633,0.778660209119888,0.08851291052997112,0.0951106371358037
6,1.673038128360251,3.070260637020124,1,1.8517759104878966,0.5846846386636374,1.4189635844984434,0.8214285969734192,0.9906014800071716,0.9981203079223633,0.7627432487579985,0.08427517022937536,0.0905232671648264
7,1.62885670182926,3.63198581262162,1,1.8195317147394658,0.5838187549302932,1.3890429806860531,0.798872172832489,0.9887217879295349,0.9981203079223633,0.759208899107882,0.08353225328028202,0.08974447939544916
8,1.572828783414584,4.37145083337213,1,1.7440910684985438,0.573442872704563,1.3419692564725638,0.7857142686843872,0.9887217879295349,0.9981203079223633,0.7460309761892048,0.08372299186885357,0.09002824872732162
9,1.5087178530255863,5.242915479344585,1,1.6274527086376844,0.5801109116096473,1.300674209243316,0.7575187683105469,0.9868420958518982,0.9981203079223633,0.7505330522450441,0.08432818111032248,0.09050887729972601
10,1.4543256526295198,6.1433229650765675,1,1.475860894486834,0.567950310102992,1.2505323099372516,0.7462406158447266,0.981203019618988,0.9943609237670898,0.7347463488237895,0.08277934417128563,0.08892693091183901
11,1.4030045461575076,6.9830326489927845,1,1.302520382862095,0.5640686107080037,1.215407536585402,0.701127827167511,0.9774436354637146,0.9906014800071716,0.7411448202977561,0.08297989424318075,0.08912322018295527
12,1.3601234460616614,7.729903966970103,1,1.1208022326570586,0.5774251758975325,1.183315983233253,0.6409774422645569,0.9680451154708862,0.9849624037742615,0.7473985882656943,0.08256782405078411,0.08875859156250954
13,1.3194344757408598,8.37940434051985,1,0.9497727586352798,0.5649101146541666,1.1451291711334737,0.6221804618835449,0.9473684430122375,0.9755638837814331,0.7389387206477723,0.08244183473289013,0.08840063214302063
14,1.2823411220578684,8.950851305831868,1,0.8033090225019665,0.5713726336877865,1.1345758134976882,0.5563910007476807,0.9266917109489441,0.9680451154708862,0.7492907253173918,0.08342251181602478,0.09472853783518076
15,1.2652086604235047,9.457301215604854,1,0.6933251800977932,0.5642650874671892,1.1064794119132921,0.5582706928253174,0.9097744226455688,0.9567669034004211,0.733742759432858,0.0810961676761508,0.08692523464560509
16,1.254167880752129,9.920119805979976,1,0.6229250289817423,0.5674597912081341,1.109856047034728,0.5169172883033752,0.8947368264198303,0.951127827167511,0.7374749437674827,0.0806775176897645,0.08675519470125437
17,1.2544306517335575,10.345729245243893,1,0.5919375550132715,0.5662909860692469,1.1003321564996043,0.5263158082962036,0.8890977501869202,0.9417293071746826,0.7287271091865956,0.07933181151747704,0.08540906850248575
18,1.2549748439464934,10.716593486602944,1,0.5907262129549378,0.5675044018094861,1.1092846293511203,0.5,0.8909774422645569,0.932330846786499,0.7346077322753156,0.08164238650351763,0.0875153448432684
19,1.2445766274240426,11.03345758837941,1,0.6108555766780828,0.5715927940018586,1.1188911030539486,0.5056390762329102,0.8984962701797485,0.9266917109489441,0.7413579953895869,0.08065518829971552,0.08664035610854626
20,1.245127127877593,11.321145094896128,1,0.6340141869927345,0.5719561411680975,1.1135691164930477,0.5263158082962036,0.8947368264198303,0.9473684430122375,0.7389728773096658,0.08316448330879211,0.08907311037182808
21,1.2275769089278683,11.547140512139816,1,0.6473218928095908,0.5636879676948051,1.1121104678910954,0.5338345766067505,0.8909774422645569,0.9454887509346008,0.7375570318273091,0.08082987926900387,0.08683345653116703
22,1.2248247213662524,11.744169984223594,1,0.647991665299124,0.5637778330986016,1.0987153031852182,0.5394737124443054,0.9003759622573853,0.9436089992523193,0.7290877905098488,0.0806759288534522,0.0867329454049468
23,1.2250502121583349,11.897043104990663,1,0.6389716561025778,0.5665387268798779,1.112865231877103,0.5281955003738403,0.8909774422645569,0.9436089992523193,0.7373080592458909,0.0807917881757021,0.08659805543720722
24,1.2178758102452492,12.021821040164518,1,0.6269246617715062,0.5650671806702166,1.1089045094023817,0.5150375962257385,0.8984962701797485,0.9454887509346008,0.7348071970804027,0.08014397975057364,0.08604193665087223
25,1.2155523674951318,12.127977323343389,1,0.617333134616446,0.557903866102076,1.102601984691381,0.5375939607620239,0.8928571343421936,0.9417293071746826,0.7296969518517236,0.08614551555365324,0.09216769319027662
26,1.21178414437285,12.232047881255607,1,0.6101586057116383,0.5678243841206191,1.1141473631234105,0.5037593841552734,0.8853383660316467,0.9398496150970459,0.7372377144897558,0.08107743691653013,0.08702066540718079
27,1.217970032658889,12.308202167960374,1,0.6045668756905487,0.5618691702707646,1.1097706573795487,0.530075192451477,0.8872180581092834,0.9304511547088623,0.7336746638955048,0.07949255034327507,0.08541134744882584
28,1.2175969152863586,12.397678155287657,1,0.6083110646920122,0.563960587395936,1.1057013841230219,0.5131579041481018,0.8853383660316467,0.9436089992523193,0.7315758852759191,0.08080738876014948,0.0867161164060235
29,1.2132177012196794,12.447071724325925,1,0.6137210909495637,0.5690089655133371,1.1086635451995779,0.5075187683105469,0.8947368264198303,0.9398496150970459,0.7338549550223902,0.08021799940615892,0.08609191607683897
30,1.2198529421808917,12.526765393915419,1,0.6201738293554192,0.5669693370223433,1.107809415936345,0.5131579041481018,0.8890977501869202,0.9417293071746826,0.7336167272170071,0.08261122368276119,0.08877037093043327
31,1.2169135901552812,12.583069242369564,1,0.6212457038518684,0.5609905049777218,1.105444040430655,0.5338345766067505,0.8928571343421936,0.9379699230194092,0.7319489352163324,0.08547154814004898,0.09175812546163797
32,1.2145333799732447,12.646161254049916,1,0.6236265322338816,0.5625177478994733,1.1038135942123035,0.5225563645362854,0.8890977501869202,0.9436089992523193,0.7311338958718974,0.08303017262369394,0.08918705955147743
33,1.21311014104483,12.704168842728537,1,0.6196307181376122,0.569849648171105,1.1143236019334615,0.5112782120704651,0.896616518497467,0.9398496150970459,0.737928054740921,0.08295958396047354,0.0890106800943613
34,1.215482193928394,12.755859422087358,1,0.6188829282372066,0.5607171918964056,1.099426793255995,0.5319548845291138,0.8909774422645569,0.9417293071746826,0.7276462414044368,0.08302192389965057,0.08904588129371405
35,1.2130290626885163,12.82619716199903,1,0.6156576821723498,0.5661439681247094,1.115384085976462,0.5150375962257385,0.8872180581092834,0.9379699230194092,0.7381594063364156,0.08200246561318636,0.08811854291707277
36,1.2123922873051582,12.860856711838109,1,0.6146959336552144,0.5672620632359766,1.1053921842108885,0.518796980381012,0.9003759622573853,0.9398496150970459,0.731736396299149,0.08139827754348516,0.08733378443866968
37,1.2102467790238185,12.916141934177693,1,0.6121565036108312,0.5570060590473392,1.0976247052554875,0.5169172883033752,0.8872180581092834,0.9398496150970459,0.7262433377458974,0.08000630885362625,0.08595700655132532
38,1.210159753466759,12.965503624189116,1,0.6083954323103995,0.5676726999853707,1.1161274160551906,0.5169172883033752,0.8853383660316467,0.9360902309417725,0.7382166624087552,0.0806087888777256,0.0865855859592557
39,1.2122365481517428,13.023927944240254,1,0.6106729392674534,0.5636334373519484,1.103531050747156,0.5131579041481018,0.8909774422645569,0.9436089992523193,0.730162716101647,0.08011336997151375,0.0860746968537569
40,1.21174846802521,13.07577282695947,1,0.6137251597783263,0.5618309115384085,1.1043611304586232,0.5263158082962036,0.8947368264198303,0.9360902309417725,0.7308028322202196,0.08044905960559845,0.08639237657189369
41,1.2078396226624972,13.119444433592893,1,0.6150473307181148,0.5629323833033107,1.1069594213091754,0.5112782120704651,0.88345867395401,0.9398496150970459,0.7323650765208892,0.08064854796975851,0.08641964569687843
42,1.2081718409989703,13.153504090123834,1,0.6138256088710636,0.56407363983392,1.1090910842206254,0.5169172883033752,0.8815789222717285,0.9360902309417725,0.7339006415078988,0.0801461786031723,0.0861560758203268
43,1.211693146802471,13.185214610773137,1,0.6098572673681639,0.5600684030831418,1.1066991202825536,0.5225563645362854,0.8796992301940918,0.9417293071746826,0.7317896460887365,0.0805596886202693,0.08650610595941544
44,1.2112439835744262,13.240851527677142,1,0.6091354244203969,0.5667614173288847,1.1124424083299285,0.5281955003738403,0.88345867395401,0.9342105388641357,0.7356502967390037,0.07983018085360527,0.08586188778281212
45,1.2136467279660041,13.280173010169536,1,0.6083575743646396,0.5640192903843186,1.10581021434217,0.5131579041481018,0.896616518497467,0.9379699230194092,0.7315690969770279,0.08012264873832464,0.0860984455794096
46,1.2071370682640397,13.312236001369865,1,0.613095523872694,0.5613592995716515,1.103821517010159,0.5131579041481018,0.8947368264198303,0.9417293071746826,0.7301144157025703,0.08164520654827356,0.08770766481757164
47,1.2131764740220041,13.365299734105612,1,0.6148435667892264,0.564927616001392,1.1110944805511593,0.5169172883033752,0.88345867395401,0.9342105388641357,0.7350379788149706,0.3194798110052943,0.32549831829965115
48,1.2114500026194155,13.394797807099808,1,0.6163865687848848,0.5656719252707458,1.114795010032739,0.5150375962257385,0.8796992301940918,0.9398496150970459,0.7376610946154716,0.08001292031258345,0.08592938724905252
49,1.2155314391208696,13.440085825946325,1,0.6172704265990799,0.5686304242142571,1.1205682989152386,0.5206766724586487,0.8853383660316467,0.9398496150970459,0.74109802165853,0.08098750654608011,0.0869733253493905
50,1.2109977641998173,13.457703999904387,1,0.6186836914609171,0.5637135572337767,1.1020756477382982,0.5225563645362854,0.8947368264198303,0.9417293071746826,0.7293711717039991,0.08043792936950922,0.08650286681950092
51,1.2132394705610632,13.483626705993217,1,0.616794657403169,0.5663366702943357,1.1075901139580022,0.5169172883033752,0.8928571343421936,0.9379699230194092,0.7328895296498097,0.08279878459870815,0.08896850142627954
52,1.2075799159085974,13.50344155123973,1,0.6166357788103549,0.5649542606579938,1.1069166855452406,0.5150375962257385,0.8890977501869202,0.9398496150970459,0.7325675748523545,0.08352742251008749,0.08980582933872938
53,1.2144327855406423,13.572403109911289,1,0.6098392482435985,0.568532510960881,1.1187813643823175,0.5169172883033752,0.8796992301940918,0.9379699230194092,0.7395314192318673,0.08268819376826286,0.08873482141643763
54,1.2095479980758903,13.594800101297748,1,0.6099031468853603,0.5614392728546491,1.1036127642657578,0.5244361162185669,0.8947368264198303,0.9398496150970459,0.7300210979755658,0.08307887334376574,0.08917950000613928
55,1.2133279507642378,13.633692150215976,1,0.6091219654210085,0.5646824917210708,1.104947131287806,0.5244361162185669,0.8947368264198303,0.9360902309417725,0.7309649701538334,0.08239497523754835,0.0884521622210741
56,1.2155037229106267,13.686953488590518,1,0.6099410374549341,0.5626803508866876,1.1110037157087636,0.5169172883033752,0.8928571343421936,0.9436089992523193,0.7346991730208231,0.08393045049160719,0.09033546689897776
57,1.2080143601422528,13.714022696994698,1,0.6192141289015558,0.5621951685948049,1.102441999803672,0.518796980381012,0.8947368264198303,0.9360902309417725,0.7292532155845484,0.08488747850060463,0.09126740600913763
58,1.2080788590906075,13.725766329924161,1,0.6196345288528529,0.5615134132043197,1.1059065319450518,0.5244361162185669,0.896616518497467,0.9473684430122375,0.7319059249159238,0.08441022969782352,0.09055377636104822
59,1.2077551602806313,13.769033715638804,1,0.6131694482912513,0.5599727738517004,1.105469181920638,0.5225563645362854,0.8890977501869202,0.9454887509346008,0.7310966432551631,0.08338767290115356,0.08966513071209192
60,1.2061087909640573,13.769436034325324,1,0.6097671808516973,0.565716698856518,1.105371993470522,0.5112782120704651,0.896616518497467,0.9398496150970459,0.7310814515884155,0.08121587708592415,0.0871456153690815
61,1.208313686091708,13.798735968941871,1,0.6043535272329414,0.5650413818677686,1.1184944542687503,0.518796980381012,0.8853383660316467,0.9342105388641357,0.7388613456811003,0.07947066240012646,0.08530876971781254
62,1.2108031531102277,13.811322242006932,1,0.6058967188278082,0.5626906367058249,1.1131136330142397,0.5206766724586487,0.8815789222717285,0.9360902309417725,0.7355741940840147,0.08238465432077646,0.0885947709903121
63,1.2159187840904326,13.851420811760965,1,0.6106613868381956,0.5638804039368474,1.1016196079568168,0.5112782120704651,0.8909774422645569,0.9360902309417725,0.7285850085723993,0.08307683374732733,0.089100600220263
64,1.2124583925244186,13.8652029386553,1,0.6210502861257875,0.5708387220230683,1.1133893454926176,0.49248120188713074,0.8947368264198303,0.9454887509346008,0.737141727220765,0.08286410383880138,0.08892866037786007
65,1.2107404558280568,13.880214303873444,1,0.6253622243399913,0.5617606278073609,1.104163377330573,0.5150375962257385,0.8872180581092834,0.9454887509346008,0.7305143929733448,0.08285846374928951,0.09256903268396854
66,1.2122553963477385,13.91788005390099,1,0.6183135689965354,0.5593692349150786,1.1075642816501188,0.5169172883033752,0.8853383660316467,0.9360902309417725,0.7326125514226138,0.08475869055837393,0.09108546655625105
67,1.208642168362849,13.95276266072545,1,0.6100000910038884,0.567072519352757,1.1091981478257735,0.5093985199928284,0.8909774422645569,0.9417293071746826,0.7337687646135482,0.08414411079138517,0.0903177373111248
68,1.2082502612525814,13.99308662455645,1,0.6100326419789452,0.5642395717088846,1.1070236357519376,0.5131579041481018,0.8928571343421936,0.9398496150970459,0.7320284936839682,0.08299676422029734,0.0891304612159729
69,1.209608081265715,14.020683575563991,1,0.6071781017851986,0.5600744591607513,1.1086426069159725,0.5131579041481018,0.8778195381164551,0.9417293071746826,0.7325845747699777,0.08335438370704651,0.08957227040082216
70,1.213611421399029,14.03888107997083,1,0.6169252408028701,0.5668712725075005,1.1154539651474131,0.5131579041481018,0.88345867395401,0.9342105388641357,0.7379100135957287,0.08487841952592134,0.09143319446593523
71,1.2125544136578035,14.06503560803722,1,0.6149942745079026,0.5632543636793548,1.1014543925802907,0.5056390762329102,0.8984962701797485,0.9398496150970459,0.7282878819102936,0.08265139348804951,0.08888767100870609
72,1.2112248055099841,14.078354669016685,1,0.6188436057581767,0.5644169125055486,1.1038276338410646,0.5131579041481018,0.896616518497467,0.9454887509346008,0.7304102477039742,0.08862531092017889,0.09489957801997662
73,1.209939029902851,14.110203901695204,1,0.6158101975337629,0.5614618562357827,1.1097373960638774,0.5244361162185669,0.8909774422645569,0.9417293071746826,0.7339697353972369,0.08321994356811047,0.08941604010760784
74,1.2067724661441237,14.119849489756609,1,0.6143163074318879,0.5628906747612012,1.1049894630247485,0.5093985199928284,0.88345867395401,0.9398496150970459,0.7311405130795375,0.08310842327773571,0.08917278051376343
75,1.210073745986481,14.109823688698878,1,0.6078438428206633,0.5670009530666306,1.1102834535441048,0.5093985199928284,0.8947368264198303,0.9304511547088623,0.7341071816547895,0.07983864098787308,0.08569289837032557
76,1.2121700128660169,14.142993502966963,1,0.6156373140163057,0.5609097719942754,1.1030730329157,0.5244361162185669,0.8947368264198303,0.9398496150970459,0.7293618162444367,0.08067604806274176,0.08654520660638809
77,1.2132600409846357,14.144554796790729,1,0.618320093458272,0.5663810529030101,1.1172884718952598,0.530075192451477,0.88345867395401,0.9360902309417725,0.7390959771730874,0.0803590789437294,0.08632365521043539
78,1.2152662847929523,14.18328078366235,1,0.6170574611731826,0.5579837147267105,1.1017615018754485,0.5263158082962036,0.8872180581092834,0.9398496150970459,0.7287230987756832,0.08070191834121943,0.08672939613461494
79,1.2122690467297768,14.210095691418621,1,0.6141269971904563,0.5719455722150814,1.1137500454214038,0.5,0.896616518497467,0.9360902309417725,0.7369105538423094,0.08111480809748173,0.08715864457190037
80,1.206901515802548,14.231186100907724,1,0.615530925378868,0.5613453763126057,1.1059769691013779,0.5319548845291138,0.88345867395401,0.9417293071746826,0.7315702687731148,0.08105816785246134,0.08688205573707819
81,1.2073193156729483,14.254253163718865,1,0.6099944206362257,0.563243535137761,1.1031729307262828,0.5225563645362854,0.8928571343421936,0.9379699230194092,0.7294182235519717,0.08022722881287336,0.08609706535935402
82,1.211337722888973,14.285515758362804,1,0.6075747408510497,0.5636763133832385,1.105985852843465,0.5244361162185669,0.8909774422645569,0.9379699230194092,0.7311677670661211,0.08115989714860916,0.08697968535125256
83,1.2098884702298744,14.323420466291608,1,0.6127807474640423,0.5656886529337719,1.1139539041121012,0.5150375962257385,0.88345867395401,0.9342105388641357,0.7365227556857346,0.07945591025054455,0.08536110818386078
84,1.2108281056466588,14.357019149783113,1,0.6143146594650438,0.5633096192889884,1.1087754906997767,0.5244361162185669,0.8796992301940918,0.9417293071746826,0.7330833994902788,0.08073119819164276,0.08660411648452282
85,1.2097106179765513,14.37834996605722,1,0.6103908306631879,0.5643031902011638,1.1065777234973657,0.5263158082962036,0.8928571343421936,0.9398496150970459,0.731944304904186,0.08002394996583462,0.08602572698146105
86,1.2067445750347592,14.395509949230382,1,0.6124522119253419,0.5583755754746148,1.1049707529422401,0.530075192451477,0.8890977501869202,0.9379699230194092,0.7306715676394103,0.08119221683591604,0.08727881405502558
87,1.2083164512410578,14.409842273842852,1,0.6069998826466044,0.563087858439278,1.1050651532943425,0.5018796920776367,0.8928571343421936,0.9417293071746826,0.7306168195276204,0.08854463137686253,0.09499640669673681
88,1.2099934583594254,14.431374505924632,1,0.6102432148901438,0.5650629712183682,1.1053655301862584,0.5056390762329102,0.8872180581092834,0.9398496150970459,0.7311628898313329,0.08020270988345146,0.08614200633019209
89,1.2078231320968071,14.456708202659133,1,0.6143913865242105,0.563039334472042,1.1100171795311478,0.5150375962257385,0.8890977501869202,0.9398496150970459,0.7337828151712356,0.08081765845417976,0.08680753689259291
90,1.2067159316097673,14.486635190120122,1,0.6170254796014327,0.5654701895819897,1.1068936086843237,0.5319548845291138,0.8984962701797485,0.9379699230194092,0.7324517281136185,0.08000623900443316,0.08584995660930872
91,1.2046646427206373,14.502622699436026,1,0.6166511122919844,0.5617391622375048,1.1085691815694068,0.5244361162185669,0.8890977501869202,0.9379699230194092,0.7332477294600623,0.08025780972093344,0.08641625754535198
92,1.211553747684733,14.537395760987696,1,0.6032953552070554,0.5616239818174971,1.1109269147738128,0.5150375962257385,0.8778195381164551,0.932330846786499,0.7339446760875815,0.08049744833260775,0.08658771589398384
93,1.2149138447155705,14.546641112119767,1,0.6048412441352761,0.5629284198142551,1.108650686085773,0.5225563645362854,0.896616518497467,0.9379699230194092,0.7329188189542908,0.08097550645470619,0.08695617504417896
94,1.2076200567515305,14.56154140478247,1,0.6146342031219384,0.5641937768698154,1.1067539312599333,0.5112782120704651,0.896616518497467,0.9379699230194092,0.7319397380528415,0.08108000736683607,0.08692393451929092
95,1.2091242191599796,14.55815256308085,1,0.6118871233982094,0.5634540101502328,1.1119892938225733,0.5169172883033752,0.8815789222717285,0.9379699230194092,0.7353818463839882,0.08074012771248817,0.08657127618789673
96,1.207454052844392,14.57464871127205,1,0.6138194497727855,0.5595389421920005,1.1005112731292357,0.5263158082962036,0.8909774422645569,0.9436089992523193,0.7276473172200619,0.08180220611393452,0.08781606331467628
97,1.205384137078998,14.583315416282469,1,0.6119872517989691,0.5626669619463119,1.1046606720629817,0.530075192451477,0.8928571343421936,0.9379699230194092,0.7308240335414536,0.07955828122794628,0.08546676859259605
98,1.2066183792912963,14.598681198276337,1,0.608938354479104,0.5633335363163363,1.1058423705170504,0.5169172883033752,0.8909774422645569,0.9379699230194092,0.7311859008722832,0.08044701907783747,0.08651228621602058
99,1.2064734343484464,14.61770140730022,1,0.6113936697160673,0.5753259572214626,1.1349665136357858,0.5263158082962036,0.8684210777282715,0.9285714030265808,0.7500103460695148,0.08070984855294228,0.0865912651643157
100,1.2192284400730067,14.62242297174222,1,0.6121989231855969,0.5630535130864891,1.1041266510276708,0.5131579041481018,0.8890977501869202,0.9398496150970459,0.730291948020753,0.0811883071437478,0.08719376381486654
101,1.2116624967091263,14.648698143919358,1,0.6177038436493261,0.563971235257592,1.10421007349333,0.5056390762329102,0.9041353464126587,0.9379699230194092,0.7304371533154003,0.08071016892790794,0.08672480564564466
102,1.2093162206015013,14.655771808835729,1,0.6227230400890595,0.5650735274243296,1.112261447800221,0.5206766724586487,0.8872180581092834,0.9398496150970459,0.7359207556235867,0.08128708694130182,0.08747009374201298
103,1.2085297764091636,14.662699910264442,1,0.6118513839301125,0.5616533447853856,1.1038775142206325,0.5131579041481018,0.8928571343421936,0.9454887509346008,0.7301766692670107,0.08066374901682138,0.08658188581466675
104,1.206636817134452,14.690665203342139,1,0.6073094883397221,0.5653695451321782,1.1066473139425994,0.5131579041481018,0.8909774422645569,0.932330846786499,0.7317188655476722,0.08081271778792143,0.08666395489126444
105,1.2089655441853284,14.691792126773853,1,0.6076709609156065,0.5612083636938119,1.1076056581489178,0.5150375962257385,0.8909774422645569,0.9398496150970459,0.7320497448808273,0.07913570199161768,0.08505399897694588
106,1.2020532760514628,14.70113865340733,1,0.6095196808029106,0.560267691815547,1.1046773174109557,0.518796980381012,0.8928571343421936,0.9417293071746826,0.73031266524659,0.08108855690807104,0.08704300504177809
107,1.2087184764707122,14.722298118289615,1,0.6016173067887658,0.5747365035216554,1.1200516227405128,0.49624061584472656,0.896616518497467,0.932330846786499,0.740240020307737,0.08038939908146858,0.08646311610937119
108,1.2147788365047643,14.746857475061685,1,0.6118691092370254,0.5597208947623774,1.1064248019569691,0.530075192451477,0.8890977501869202,0.9454887509346008,0.731552359280321,0.0806342689320445,0.08654068596661091
109,1.2106965137114631,14.745102945805343,1,0.6175456137894917,0.5619605152056237,1.099615233448486,0.530075192451477,0.8928571343421936,0.9417293071746826,0.7269904942453066,0.08100673835724592,0.0870083849877119
110,1.2109178755919179,14.777448517744698,1,0.6184175815132446,0.5652275834816463,1.110368409220717,0.518796980381012,0.8928571343421936,0.9379699230194092,0.7348147531965779,0.08094653766602278,0.08688901551067829
111,1.2121565958966976,14.821317535100265,1,0.6121323013112814,0.563136063166135,1.110341056998338,0.5225563645362854,0.8853383660316467,0.9398496150970459,0.7340821584021371,0.08115036692470312,0.08709852490574121
112,1.2086788322510233,14.814383625838756,1,0.6126039287129009,0.5637909219870896,1.1107897317847855,0.5263158082962036,0.8909774422645569,0.9360902309417725,0.7345753882294946,0.07984943967312574,0.08570021763443947
113,1.206162191258605,14.845391536735576,1,0.6131418793306371,0.5633592671085387,1.1052849379928853,0.530075192451477,0.8890977501869202,0.9454887509346008,0.730909010788879,0.08027824014425278,0.0863673472777009
114,1.204800707435594,14.844088611354495,1,0.6092218663501376,0.5630463326241034,1.1071568706990995,0.5093985199928284,0.8984962701797485,0.9360902309417725,0.7321669277930969,0.08103249780833721,0.08697006478905678
115,1.2120361748403892,14.88308036858678,1,0.605623890294433,0.562653301288655,1.1107988660163597,0.5169172883033752,0.8815789222717285,0.9379699230194092,0.7341408250305748,0.08163437619805336,0.08750719390809536
116,1.208121259745898,14.891618462506955,1,0.6180366683642173,0.5627674242906139,1.1055920235219063,0.5225563645362854,0.8909774422645569,0.9417293071746826,0.7311997258655282,0.08041978906840086,0.0864828247576952
117,1.2087246514348942,14.908112794811721,1,0.6131358023351811,0.561884851964141,1.0983084298751338,0.5263158082962036,0.896616518497467,0.9360902309417725,0.7262751083320675,0.08072667848318815,0.08673175610601902
118,1.205864423196005,14.924481981985382,1,0.6119006713189772,0.5593079644412977,1.1007514820512476,0.5112782120704651,0.8890977501869202,0.9417293071746826,0.7278693223914381,0.08054037857800722,0.08637878578156233
119,1.208373918981434,14.922876726050056,1,0.6104627261628942,0.5644266670758247,1.1128252068205393,0.5225563645362854,0.88345867395401,0.9342105388641357,0.7358294999212353,0.0793331116437912,0.08519885875284672
120,1.2045400865672564,14.939199905997107,1,0.6050372127897581,0.5648698087925336,1.1094142391670316,0.5,0.8890977501869202,0.9417293071746826,0.7332709331105661,0.08060039859265089,0.08660816494375467
121,1.210488320568844,14.936601253501092,1,0.6045965717796776,0.5588859283351154,1.1018549227553627,0.5281955003738403,0.8890977501869202,0.9398496150970459,0.7281457967557805,0.08031901903450489,0.08627158682793379
122,1.210940612923953,14.966825505416514,1,0.6130048311559532,0.5648957812966674,1.1085674522045632,0.5169172883033752,0.8853383660316467,0.9398496150970459,0.7332532934376654,0.08178011607378721,0.0877620242536068
123,1.2103182968156327,14.989498646475091,1,0.6186522415058646,0.5643772055851128,1.1087348966391126,0.5112782120704651,0.8947368264198303,0.9398496150970459,0.733385426470291,0.08076411858201027,0.08679901622235775
124,1.2074079277493535,14.992525190942917,1,0.6211765697111195,0.5613160086169332,1.1009742020225346,0.5225563645362854,0.8984962701797485,0.9417293071746826,0.7284490770481846,0.08191260509192944,0.0877935029566288
125,1.2067068871415654,15.021202464702501,1,0.6130195365336032,0.5631697614573629,1.106353155112261,0.5281955003738403,0.8928571343421936,0.9436089992523193,0.7314366285079046,0.08066312782466412,0.08655714616179466
126,1.2108702238450233,15.027852759065945,1,0.6026698450550327,0.5616249694967533,1.1085702215050393,0.5225563645362854,0.88345867395401,0.9379699230194092,0.7325732844377506,0.07973071001470089,0.08558680769056082
127,1.2066738125267875,15.039392231627371,1,0.6088533444044447,0.5624166322956117,1.1038670138654163,0.5131579041481018,0.896616518497467,0.9417293071746826,0.729507061830407,0.07962720096111298,0.08556932862848043
128,1.207768228458555,15.091764463000187,1,0.6124444790471119,0.5637650469900096,1.1086800759363018,0.5169172883033752,0.8890977501869202,0.9379699230194092,0.7331468905726747,0.08101023826748133,0.08692621532827616
129,1.2060661863012931,15.115101915018661,1,0.6113857860480013,0.5641447141299607,1.1102814625597672,0.518796980381012,0.8928571343421936,0.9379699230194092,0.7341939042408002,0.08046311791986227,0.0863997358828783
130,1.2025481037922932,15.163916856380077,1,0.6070296036265457,0.5584608392309803,1.1006685111019388,0.518796980381012,0.8853383660316467,0.9379699230194092,0.7275475352863449,0.08110322803258896,0.08712184429168701
131,1.2098419280267771,15.159441567303572,1,0.6005404369134675,0.562913746283076,1.1105352490059557,0.5056390762329102,0.8909774422645569,0.9417293071746826,0.7338923564937623,0.08070536889135838,0.08668376598507166
132,1.2057126353276202,15.166289806171063,1,0.6102384631963259,0.5676213590230873,1.1203140842962638,0.5225563645362854,0.8815789222717285,0.9342105388641357,0.7406975251711369,0.0807647779583931,0.08674874529242516
133,1.2122228601362202,15.191999680144738,1,0.6125193865920667,0.5632674253005049,1.1034203611301634,0.5225563645362854,0.8909774422645569,0.9398496150970459,0.7296406934376188,0.0842213211581111,0.09016207791864872
134,1.2106628580328835,15.203801237221617,1,0.6208906734829263,0.5600824833819744,1.1033841972621599,0.5206766724586487,0.8872180581092834,0.9417293071746826,0.7300213143446718,0.07994556985795498,0.08595195692032576
135,1.2125503386788241,15.22376147030578,1,0.6207581228826451,0.5634792659937587,1.1055154340240265,0.5263158082962036,0.8947368264198303,0.9398496150970459,0.7313695791136836,0.08014454878866673,0.08614846598356962
136,1.211988739824326,15.23995208405221,1,0.6158109772246207,0.5687426290435603,1.127085458189083,0.5281955003738403,0.8796992301940918,0.9342105388641357,0.7451890153203543,0.08043132908642292,0.08647381607443094
137,1.2120910200343964,15.248531126743174,1,0.6211889806617708,0.5616357481936702,1.1039750419926606,0.5263158082962036,0.8928571343421936,0.9473684430122375,0.7303995730650447,0.08114541787654161,0.08710703533142805
138,1.2067121583790186,15.266076765016084,1,0.6138859607406135,0.5656113060549275,1.1080971890070286,0.5281955003738403,0.8947368264198303,0.9417293071746826,0.7330452372500058,0.0853653596714139,0.0915529765188694
139,1.2053404167194697,15.280447978071226,1,0.6129470112174942,0.5577643452550818,1.1063425951171844,0.5225563645362854,0.88345867395401,0.9417293071746826,0.7315268092455887,0.08114362694323063,0.08696125540882349
140,1.206382050667288,15.289689319107197,1,0.6036403690155849,0.56306583021357,1.110365223143243,0.518796980381012,0.88345867395401,0.9398496150970459,0.7335556843953662,0.08067827764898539,0.08647267520427704
141,1.2046423435622242,15.287494251783167,1,0.6040017457604298,0.5630799556807319,1.1091930442211906,0.5112782120704651,0.8853383660316467,0.9379699230194092,0.7331605365719485,0.07950288988649845,0.08534212782979012
142,1.2014216700584044,15.29156365463343,1,0.608135902423947,0.5616563419210804,1.1042198830998478,0.5244361162185669,0.8890977501869202,0.9398496150970459,0.7301567669227336,0.0814964659512043,0.08740358334034681
143,1.2066863329579092,15.298845991354657,1,0.6009712421488019,0.5630852713584666,1.1078679759439771,0.5112782120704651,0.8909774422645569,0.9360902309417725,0.7321398640647199,0.0802557896822691,0.08616094756871462
144,1.2069003842867154,15.320684928693785,1,0.6057715224852717,0.562107515200038,1.1089082796777754,0.5112782120704651,0.8796992301940918,0.9360902309417725,0.7328664677602622,0.08415594138205051,0.09034262783825397
145,1.205873469067909,15.312531488079486,1,0.612502230930519,0.5603806713524722,1.1046924821955235,0.5263158082962036,0.8909774422645569,0.9417293071746826,0.7304165342053023,0.08441323041915894,0.09052327740937471
146,1.2076460875504016,15.335377514317145,1,0.6044584716721038,0.562438953247999,1.1093414938602546,0.5112782120704651,0.88345867395401,0.9398496150970459,0.7332794612035354,0.08432874083518982,0.09060005750507116
147,1.2067928293710901,15.325412099542604,1,0.6095123762663932,0.5608447636548789,1.1011511485654752,0.5281955003738403,0.8928571343421936,0.9398496150970459,0.7282488036451072,0.08421957027167082,0.09037366788834333
148,1.2092995820644639,15.355180085053286,1,0.6090606724946281,0.5692329149775596,1.1225559366732223,0.5225563645362854,0.8740601539611816,0.9379699230194092,0.7421949118732436,0.08267431426793337,0.08877402078360319
149,1.2116533046247666,15.377005372018989,1,0.6144608320042136,0.5639500851859034,1.1058837112703026,0.5169172883033752,0.896616518497467,0.9379699230194092,0.7313927596543863,0.08319338317960501,0.08936589863151312
150,1.2080257531708614,15.375370291293837,1,0.6096856428156073,0.5633731129204882,1.1114483241088486,0.5338345766067505,0.8872180581092834,0.9398496150970459,0.7344861311171398,0.08297986257821321,0.08920190017670393
151,1.2101549083839829,15.398648039552333,1,0.6130757663713653,0.5641257025951808,1.1086577743883812,0.5244361162185669,0.8928571343421936,0.9360902309417725,0.7333536568050494,0.36910674534738064,0.3751247823238373
152,1.2104046196786393,15.407231741605777,1,0.6130976528908127,0.5617139242870927,1.1043840920429258,0.5150375962257385,0.8909774422645569,0.9398496150970459,0.7302948515725312,0.08250233437865973,0.08874652069061995
153,1.2075777306147946,15.393432846667942,1,0.6128190265800973,0.5603522669806023,1.0999190212231766,0.5244361162185669,0.8909774422645569,0.9436089992523193,0.7276278214282763,0.08248697500675917,0.08872481156140566
154,1.2059120115851891,15.401380965699216,1,0.6148388098838127,0.5639673418373201,1.1082263340184824,0.5225563645362854,0.8872180581092834,0.9379699230194092,0.7330716535424935,0.08220178540796041,0.0883009722456336
155,1.2070072856911005,15.419315678059267,1,0.6113514514167772,0.5584271783552462,1.1040301317370533,0.5225563645362854,0.8947368264198303,0.9379699230194092,0.730017302067544,0.08639983646571636,0.09236906375735998
156,1.2107548109480717,15.436227356493031,1,0.6085095211435626,0.5626522466803903,1.1112303797169898,0.518796980381012,0.8778195381164551,0.9342105388641357,0.7344227734141283,0.08232785481959581,0.08851257245987654
157,1.208813969921425,15.440080869563008,1,0.6186823490016078,0.5640887432825675,1.1052985868854648,0.5150375962257385,0.8947368264198303,0.9398496150970459,0.7310598767604446,0.08264315407723188,0.08875525090843439
158,1.2068424812659282,15.476927479934782,1,0.6166909416607117,0.5624790358159711,1.1053067641384557,0.5225563645362854,0.8947368264198303,0.9436089992523193,0.7313546314803788,0.08338197227567434,0.08936715871095657
159,1.203501718899598,15.488729390225105,1,0.6103671676471898,0.5664693364475115,1.1157190114205022,0.518796980381012,0.88345867395401,0.9379699230194092,0.7375261025101117,0.08194366469979286,0.08802674245089293
160,1.2072665131054934,15.510143294538851,1,0.6044083842724234,0.5630275621350396,1.1104916750587153,0.5169172883033752,0.88345867395401,0.9379699230194092,0.7337841448569927,0.39066841918975115,0.3969349367544055
161,1.2101510104451452,15.520438600138267,1,0.6077941250516142,0.5595093064608134,1.1052987965096688,0.5263158082962036,0.8872180581092834,0.9417293071746826,0.7305848692629722,0.08422884158790112,0.09039031807333231
162,1.2077400857779357,15.528547130498266,1,0.6143023597025732,0.5670079698493072,1.1056157467271104,0.5056390762329102,0.8909774422645569,0.932330846786499,0.7312108871548714,0.08378828130662441,0.08990502823144197
163,1.2113233504092624,15.565225098619228,1,0.6182094335254293,0.5602329678501793,1.1106545168787638,0.5319548845291138,0.8909774422645569,0.9342105388641357,0.7347411821915792,0.08343479316681623,0.08974091988056898
164,1.2103561908135347,15.591314509710092,1,0.6069483151798751,0.5661653971530607,1.1167823121884208,0.518796980381012,0.8815789222717285,0.9454887509346008,0.7380106946579287,0.08271636441349983,0.0887857312336564
165,1.2082398907666565,15.588289560349821,1,0.6118290521215357,0.5715568510412922,1.1114020792094765,0.49248120188713074,0.8890977501869202,0.9342105388641357,0.7350678047387732,0.08315099403262138,0.09048996772617102
166,1.2133254864433747,15.60448924217712,1,0.6124702538654808,0.5641930915112673,1.1137582020766335,0.530075192451477,0.8815789222717285,0.9360902309417725,0.7364687507839014,0.08296566363424063,0.08921634033322334
167,1.2069175527609488,15.618381272586833,1,0.6212674524386823,0.561283065557417,1.1051116995188752,0.530075192451477,0.8928571343421936,0.9379699230194092,0.7311018868831202,0.08198993466794491,0.08824839163571596
168,1.2061122021892083,15.611376963677667,1,0.6122497764519838,0.5596958160309906,1.1042198741479927,0.5225563645362854,0.8928571343421936,0.9436089992523193,0.7304093496527113,0.08485336974263191,0.090978036634624
169,1.2100927891760997,15.634097420250423,1,0.6041375251298984,0.5659227002125007,1.1088792752293757,0.5075187683105469,0.8928571343421936,0.9360902309417725,0.7330799785008302,0.0820925347507,0.08832064177840948
170,1.209186210574789,15.648401118897777,1,0.6118166944500372,0.5629807618923335,1.1118462852605246,0.5319548845291138,0.8853383660316467,0.9417293071746826,0.7350558486517298,0.08384434133768082,0.08998095896095037
171,1.209863190022303,15.661073668845457,1,0.615556253680746,0.5651119617721142,1.1086086512730247,0.5206766724586487,0.8872180581092834,0.9379699230194092,0.733148988063687,0.0835888022556901,0.08966500032693148
172,1.2091497434572438,15.692278963944904,1,0.6169752835748389,0.5650983952389036,1.1119197091857131,0.5112782120704651,0.8984962701797485,0.9398496150970459,0.7354712640002,0.08465581014752388,0.09124488662928343
173,1.209964122156826,15.70273533812879,1,0.6099215155609616,0.5576935897576292,1.0992177335065325,0.5206766724586487,0.8890977501869202,0.9417293071746826,0.7265513339646382,0.08376947324723005,0.08983106911182404
174,1.2048732064796999,15.668408072246079,1,0.6156457048478862,0.5629985216271484,1.1071729595553306,0.5263158082962036,0.9003759622573853,0.9379699230194092,0.732501986438315,0.08406406082212925,0.09031949751079082
175,1.2085760364460485,15.690379107249495,1,0.6079418242552836,0.5639871544206756,1.109646588214159,0.5131579041481018,0.8815789222717285,0.9398496150970459,0.7337547944513881,0.08330865297466516,0.0896126301959157
176,1.2119986047291083,15.683735368903587,1,0.6065189689361462,0.5636147143579996,1.1090026443910057,0.5150375962257385,0.896616518497467,0.9398496150970459,0.7329099917989357,0.08275989349931479,0.08903983049094677
177,1.2058977716472228,15.718273429664043,1,0.6158515965827533,0.563377273235287,1.1067802437978551,0.5244361162185669,0.8909774422645569,0.9417293071746826,0.7322423278329228,0.08638972695916891,0.09247142262756824
178,1.2060522515135674,15.739442317594227,1,0.6159714343111368,0.5641271704501549,1.1054001862825142,0.518796980381012,0.8947368264198303,0.9436089992523193,0.7310761310164557,0.08255815412849188,0.08861001115292311
179,1.2094946055855513,15.745520770690135,1,0.6036280063989053,0.5612894820229329,1.1070054016320907,0.518796980381012,0.8890977501869202,0.9379699230194092,0.7313936839521906,0.08341034222394228,0.08952370937913656
180,1.20568397065502,15.73619261474375,1,0.6182483805068538,0.5631266423891207,1.109691314922758,0.5150375962257385,0.8815789222717285,0.9398496150970459,0.7340902575047318,0.0822048345580697,0.0882179019972682
181,1.2060407824608999,15.740429491539226,1,0.6100686653345775,0.5620936185711471,1.1010184157695841,0.5206766724586487,0.8909774422645569,0.9398496150970459,0.7279601796891831,0.08219102490693331,0.08825094159692526
182,1.207450547829121,15.766173667445004,1,0.6092655955615808,0.5617710413062682,1.1047146755249855,0.5093985199928284,0.8909774422645569,0.9417293071746826,0.7304677000341352,0.08260489348322153,0.0888056606054306
183,1.2056793129282888,15.773724373658562,1,0.6082235531834287,0.5612870630435879,1.1108687672202464,0.5206766724586487,0.8872180581092834,0.9379699230194092,0.734268143620457,0.08300188370049,0.08919932134449482
184,1.2087483255595504,15.806732394950181,1,0.6023615832297983,0.5670856855072163,1.112150589044788,0.5150375962257385,0.8796992301940918,0.9379699230194092,0.7347066156546528,0.08199986536055803,0.08816653210669756
185,1.2054722827507878,15.816708328239717,1,0.6109867913266669,0.5629508448094936,1.1064275670658559,0.5112782120704651,0.8909774422645569,0.9360902309417725,0.7315255920561837,0.08327144291251898,0.08939161989837885
186,1.2110392442765938,15.835910597236516,1,0.6151933692112098,0.5587057577977832,1.103306252649773,0.5263158082962036,0.8947368264198303,0.9417293071746826,0.7297444502072863,0.08299938309937716,0.08913409989327192
187,1.2088355590506779,15.842734215442505,1,0.6150765106725331,0.5646306302478373,1.1084850554651093,0.5169172883033752,0.8909774422645569,0.9417293071746826,0.7331295730755178,0.08275295328348875,0.08875721134245396
188,1.2097847690575487,15.88632852832609,1,0.6101552027208177,0.5628588956140066,1.1122656196715512,0.5281955003738403,0.88345867395401,0.9379699230194092,0.735278733895329,0.08216227497905493,0.08826010208576918
189,1.2049128989140159,15.87522995975695,1,0.6148337243145655,0.5651590649965185,1.1071455913933466,0.5093985199928284,0.8890977501869202,0.9342105388641357,0.7324020240506469,0.08691025525331497,0.09307496249675751
190,1.2096458548515636,15.880172525161596,1,0.6153402418193679,0.5670299154063542,1.1094869385671284,0.5,0.896616518497467,0.9436089992523193,0.7340171472753237,0.08336451184004545,0.08938131015747786
191,1.2111552123248472,15.881050886500159,1,0.6087844708216966,0.5643281328783236,1.1178582236910217,0.5319548845291138,0.8759398460388184,0.9360902309417725,0.7384806547044548,0.08148934692144394,0.08752148319035769
192,1.2061729041704166,15.866250099221652,1,0.6117998434408687,0.5637624680148493,1.1060699778323055,0.530075192451477,0.8928571343421936,0.9417293071746826,0.731868178952848,0.0833896417170763,0.08958790823817253
193,1.2090100565350526,15.880331475337377,1,0.607866954480591,0.5612319633488188,1.0992333749457481,0.518796980381012,0.8947368264198303,0.9436089992523193,0.7267991376629552,0.08193616569042206,0.08807522244751453
194,1.2069869068893266,15.874069684142398,1,0.6114517249218296,0.5658203887535747,1.1132378528471427,0.5150375962257385,0.8853383660316467,0.9417293071746826,0.7360248751949046,0.0827945526689291,0.08889089059084654
195,1.2084762227786414,15.873938754458432,1,0.6113070080808168,0.5639581687564725,1.1098328162399405,0.5150375962257385,0.8853383660316467,0.9417293071746826,0.7338023972886396,0.08529661875218153,0.09179028496146202
196,1.206573312970354,15.877191014492933,1,0.6068425769170156,0.5634605220839076,1.1030070894999449,0.5112782120704651,0.8909774422645569,0.9398496150970459,0.7293247123265488,0.08180958591401577,0.0877366429194808
197,1.2052887782065673,15.89649286794561,1,0.6120882909039328,0.5621839064624103,1.1090580909460188,0.5263158082962036,0.8909774422645569,0.9436089992523193,0.7334748694352303,0.08132540713995695,0.08733944408595562
198,1.2120120736004614,15.90288689508809,1,0.6151836691567492,0.5644676828009374,1.1083915291479354,0.5244361162185669,0.88345867395401,0.9417293071746826,0.7331474802942622,0.08032719977200031,0.08628477621823549
199,1.2078334034303562,15.898073652436587,1,0.6113607483846148,0.5666218425112649,1.1175617015195625,0.5319548845291138,0.8740601539611816,0.9417293071746826,0.7387330797236212,0.08000098075717688,0.0860053775832057
200,1.2075538660560405,15.929190221868623,1,0.6089963393123543,0.564542740505004,1.1068649176459426,0.5131579041481018,0.8928571343421936,0.9342105388641357,0.7318620028929589,0.08108745701611042,0.08716169465333223
201,1.210856558057025,15.914012849287612,1,0.6075828937841884,0.5619037477718509,1.1109065062654435,0.5244361162185669,0.88345867395401,0.9360902309417725,0.7342713206919638,0.08001936040818691,0.08588321786373854
202,1.2098254234657646,15.93125818218551,1,0.6161457876710129,0.5620559955932963,1.1057334319761458,0.530075192451477,0.8928571343421936,0.9379699230194092,0.7314769319024639,0.08066313806921244,0.08667891472578049
203,1.2039220829279313,15.958212772463597,1,0.6230127299772465,0.564466234283039,1.1040640752986648,0.5206766724586487,0.896616518497467,0.9454887509346008,0.7306815243697504,0.08082005754113197,0.08681033458560705
204,1.2054956468970635,15.987178667552081,1,0.6004222134328953,0.5635498402533587,1.1124561111024371,0.5169172883033752,0.8778195381164551,0.9398496150970459,0.7345886901085891,0.08012006897479296,0.08598392736166716
205,1.2046403212495964,15.98457890678876,1,0.6054503821907476,0.5586742192526618,1.1059870832442522,0.518796980381012,0.8872180581092834,0.9398496150970459,0.7309285141855628,0.08053298853337765,0.08642694540321827
206,1.2069021170165577,15.996956199046032,1,0.6014155034104673,0.5615405834271755,1.1024164437210329,0.5150375962257385,0.8909774422645569,0.9379699230194092,0.7285074097788479,0.08102040737867355,0.08694358449429274
207,1.2121985494323264,16.00679782270439,1,0.6095794383351314,0.5631204859696055,1.1090083025445534,0.5206766724586487,0.8853383660316467,0.9379699230194092,0.733100179837835,0.08206961583346128,0.08820175379514694
208,1.2046837097698657,16.018442398314445,1,0.6264214621300602,0.5640045152841089,1.108566762258358,0.5319548845291138,0.8947368264198303,0.9417293071746826,0.7337757684191799,0.08317194320261478,0.08929182030260563
209,1.2103497831754286,16.004405113058638,1,0.6054604492221027,0.56325904315897,1.1053807354787892,0.5206766724586487,0.8909774422645569,0.9398496150970459,0.730694427880006,0.08136486727744341,0.08763346448540688
210,1.2077462126399585,16.025112046992625,1,0.6053599989357455,0.5622832202036596,1.1021504793790842,0.5206766724586487,0.8872180581092834,0.9360902309417725,0.7284184796704525,0.08386316057294607,0.08993848785758018
211,1.2088658837258701,16.01800393526604,1,0.6148777541859156,0.5698837820126577,1.1232901451720025,0.5225563645362854,0.8740601539611816,0.9360902309417725,0.7428349729612201,0.08499427884817123,0.09124638512730598
212,1.2088571924940568,16.017109457614893,1,0.6187926102674309,0.5592476195772742,1.099273413822013,0.5244361162185669,0.896616518497467,0.9417293071746826,0.7272872305071345,0.08204354625195265,0.08826198149472475
213,1.2123015650310607,16.05332273087363,1,0.6090424650156453,0.5639018251251134,1.106991228573757,0.5244361162185669,0.8928571343421936,0.9436089992523193,0.731978762632576,0.08310421276837587,0.09284780267626047
214,1.2118556394701845,16.078746193756086,1,0.6192600318121574,0.5687233473787437,1.1229982048044125,0.5206766724586487,0.8796992301940918,0.9342105388641357,0.7429470493983394,0.0824161134660244,0.08851916063576937
215,1.2132554429484859,16.074638415533002,1,0.6181629893066939,0.5621247012417703,1.1048179645657554,0.5225563645362854,0.8947368264198303,0.9398496150970459,0.7308003126709588,0.08235575444996357,0.0884465416893363
216,1.2100008639017354,16.108632592338296,1,0.6154421185314949,0.5650272465807087,1.111672635407704,0.5206766724586487,0.8928571343421936,0.9398496150970459,0.7356653973186665,0.08260199427604675,0.08867431152611971
217,1.204575714803908,16.12828861930048,1,0.612568778609319,0.5617858021583004,1.107120523037632,0.5375939607620239,0.8890977501869202,0.9417293071746826,0.7318949775768564,0.0862929355353117,0.09225606266409159
218,1.2051891351664683,16.132025935275422,1,0.605088549990237,0.5644268320006247,1.1028098065844965,0.5150375962257385,0.8909774422645569,0.9398496150970459,0.7290576027563297,0.08241869509220123,0.08860611170530319
219,1.2068098995574215,16.132216858426425,1,0.5960300767855962,0.5587853090157123,1.1047238879791168,0.5206766724586487,0.8909774422645569,0.9379699230194092,0.7300202826896041,0.08177066501230001,0.0880061024799943
220,1.2076133239622004,16.129097031396697,1,0.6045281927342737,0.5611065890697905,1.1099559973755355,0.5206766724586487,0.8759398460388184,0.9379699230194092,0.7333946645046238,0.08347589336335659,0.08979412913322449
221,1.2094368960274697,16.157007008371338,1,0.6168117535139214,0.5632496869013842,1.1089126116466577,0.518796980381012,0.8947368264198303,0.9436089992523193,0.7336321757596472,0.08343182224780321,0.08964471984654665
222,1.2046227726986998,16.168171364799587,1,0.6248002684478678,0.5643581077091675,1.1100758476346444,0.5169172883033752,0.8909774422645569,0.9398496150970459,0.7346836209454782,0.08363270200788975,0.08981788903474808
223,1.2049535488521061,16.199493144026412,1,0.6113650539976176,0.5643530793560935,1.10520153194791,0.518796980381012,0.8984962701797485,0.9417293071746826,0.7308807456177345,0.08371887169778347,0.08992651849985123
224,1.2101860784608054,16.17848454538815,1,0.5902635784004836,0.5590453629121775,1.104152637315015,0.5169172883033752,0.88345867395401,0.9398496150970459,0.7286794908195535,0.08323254343122244,0.08949333988130093
225,1.2047414391379463,16.166674519962207,1,0.60672383805973,0.567790126563354,1.110330171671919,0.5112782120704651,0.8928571343421936,0.9360902309417725,0.7341776070077615,0.08010776992887259,0.08602388668805361
226,1.2027772664614702,16.200244838865327,1,0.6212328669191853,0.5606813650916783,1.1086020977346065,0.5206766724586487,0.8853383660316467,0.9398496150970459,0.7335985960368145,0.08013663906604052,0.08605100773274899
227,1.203805111371112,16.191140697538586,1,0.6112358228986832,0.5625049838981191,1.1090109327528272,0.5281955003738403,0.8853383660316467,0.9398496150970459,0.7334815887432078,0.08043132908642292,0.08638990670442581
228,1.2044287424419875,16.188502008622017,1,0.5977688301509007,0.5629302279352146,1.1046678149634332,0.5150375962257385,0.8853383660316467,0.9342105388641357,0.7298480259167337,0.0800273697823286,0.0859644366428256
229,1.2078016562919678,16.197515185833982,1,0.6009392901798584,0.5623446199739588,1.1030751506889864,0.5075187683105469,0.8909774422645569,0.9342105388641357,0.7288965239824824,0.08055134862661362,0.08650632668286562
230,1.2073035125084068,16.20016694823474,1,0.6154253650733381,0.5626506764041789,1.1110432231458112,0.518796980381012,0.8928571343421936,0.9398496150970459,0.7347185147838998,0.08114914689213037,0.08714536484330893
231,1.2045671563359845,16.22068488710475,1,0.6114809813131261,0.5606204296561342,1.1013355157686953,0.5206766724586487,0.8909774422645569,0.9360902309417725,0.7284396546560485,0.07997766975313425,0.08593416679650545
232,1.2085664832083682,16.21762503194402,1,0.6050173482616572,0.5635127683740302,1.1174161140113705,0.530075192451477,0.8815789222717285,0.932330846786499,0.7382252721192772,0.08197769522666931,0.08799147326499224
233,1.2065095133090766,16.218688232832406,1,0.6042153159680089,0.5630285991690387,1.101027299860479,0.518796980381012,0.8947368264198303,0.9417293071746826,0.7277475311292216,0.08075576741248369,0.08656991552561522
234,1.208110544346052,16.24242541240593,1,0.6158730645129691,0.563975314410597,1.1053066362270334,0.5150375962257385,0.8928571343421936,0.9417293071746826,0.7310810142973879,0.08128633629530668,0.0872417539358139
235,1.2099723557140638,16.253555307865142,1,0.616504352155539,0.564714692642494,1.1133321820091482,0.530075192451477,0.8872180581092834,0.9436089992523193,0.7365435426419523,0.08694302476942539,0.09335360117256641
236,1.2080927359168137,16.245252562844005,1,0.611970615178197,0.560400348321275,1.1004143658083552,0.5357142686843872,0.8890977501869202,0.9360902309417725,0.7278968744385822,0.08228856511414051,0.0884649408981204
237,1.2049141200997304,16.2766652994935,1,0.6121478026418996,0.5616017847195925,1.111106722953077,0.5244361162185669,0.8909774422645569,0.9398496150970459,0.7346786245112142,0.08029280882328749,0.08624000567942858
238,1.207013996076015,16.289232700635157,1,0.6081072005620476,0.5645648682952995,1.111705748941987,0.5244361162185669,0.8796992301940918,0.9379699230194092,0.7348315001556734,0.08148855715990067,0.0872960239648819
239,1.209117789250848,16.28039512701652,1,0.6019177114305659,0.5602233271509434,1.1051472615443583,0.5357142686843872,0.8909774422645569,0.9360902309417725,0.7300294437346895,0.0861410852521658,0.09239447303116322
240,1.2087725936238274,16.32595160099339,1,0.6043793317004701,0.5639878472418666,1.1083460164717225,0.5169172883033752,0.88345867395401,0.932330846786499,0.7325495821271999,0.08283893391489983,0.08898955024778843
241,1.2101902909408107,16.358799574596777,1,0.6152187560759568,0.5670856279522015,1.109383459888292,0.518796980381012,0.8909774422645569,0.9454887509346008,0.7337855977498923,0.0814169766381383,0.08767399284988642
242,1.207041188843748,16.344226696569983,1,0.625541701409908,0.5596956737990372,1.1028630074752352,0.5263158082962036,0.896616518497467,0.9398496150970459,0.7299606464991247,0.08301569242030382,0.08902953006327152
243,1.208435490055992,16.345226416077875,1,0.6126013801867748,0.5641719738098246,1.109948793539719,0.5244361162185669,0.8778195381164551,0.9417293071746826,0.7344615513228955,0.08228427357971668,0.08832702226936817
244,1.2114920770358915,16.36433999895833,1,0.6056257076396778,0.5636487090513653,1.112454380016539,0.5206766724586487,0.8928571343421936,0.9379699230194092,0.735140875431791,0.08305694255977869,0.08917559031397104
245,1.2084758217085843,16.406553602537123,1,0.6173056885434909,0.5594784249836876,1.0994111641514053,0.5244361162185669,0.8947368264198303,0.9379699230194092,0.7274700079847572,0.08323932252824306,0.08936664927750826
246,1.205371380838446,16.394600150516222,1,0.6164495038582478,0.5633966675803262,1.1117213084901907,0.5225563645362854,0.8872180581092834,0.9379699230194092,0.7352484501039426,0.0936776902526617,0.09988315775990486
247,1.2096307648225375,16.41111337188679,1,0.6068533654436983,0.5634941455249798,1.112370927333261,0.5206766724586487,0.8740601539611816,0.9398496150970459,0.7350852221166875,0.08238793537020683,0.08841697219759226
248,1.2120081353904992,16.40769199159372,1,0.6094840760654662,0.5696000673505711,1.1095145915256106,0.4981203079223633,0.8890977501869202,0.9266917109489441,0.7335305084233916,0.0819691764190793,0.08826386276632547
249,1.2149832261762483,16.416033565840834,1,0.62702195311171,0.5640654493009433,1.108826344216191,0.5263158082962036,0.8909774422645569,0.9417293071746826,0.7340112239712427,0.08188061602413654,0.08800515159964561
250,1.20582603104252,16.43071551156791,1,0.630418423425523,0.5607956003993518,1.1039415531808658,0.5338345766067505,0.8947368264198303,0.9454887509346008,0.7311854881713149,0.08323244377970695,0.08920694049447775
251,1.2137574727598994,16.477416864066367,1,0.5986925524154953,0.567246434673086,1.115661221422416,0.5093985199928284,0.8853383660316467,0.9342105388641357,0.7367788570322439,0.08200997486710548,0.08813070226460695
252,1.208218488042451,16.490589622905745,1,0.6085100860155784,0.5614341071974305,1.1060795848031508,0.518796980381012,0.88345867395401,0.9398496150970459,0.7311177133526089,0.0826276745647192,0.08873913157731295
253,1.2086170121568915,16.49850653690584,1,0.617282244423656,0.5672160637011141,1.1208097562148929,0.5319548845291138,0.8796992301940918,0.9398496150970459,0.74112789412803,0.08233464509248734,0.0886001419275999
254,1.2098132655368048,16.52583378679922,1,0.6182587496652406,0.5665448701088841,1.1059103888173833,0.5131579041481018,0.8947368264198303,0.9360902309417725,0.7317721131940261,0.08236236497759819,0.08849241212010384
255,1.207707476793244,16.478846744486816,1,0.6098777918948471,0.5639559354966396,1.1082576255141656,0.5263158082962036,0.8947368264198303,0.9398496150970459,0.7326912412463876,0.09715693444013596,0.1034022718667984
256,1.2099392823834743,16.518464092960098,1,0.6086735416625132,0.563633346104405,1.1127035188000547,0.5244361162185669,0.8778195381164551,0.9398496150970459,0.7358431403693115,0.08306417241692543,0.08909991011023521
257,1.2062476356235394,16.516730984528365,1,0.6147537003650104,0.5639923333448731,1.1047865449229701,0.5206766724586487,0.896616518497467,0.9417293071746826,0.731026446379073,0.0821915166452527,0.08822857309132814
258,1.2094431620030286,16.52596529179864,1,0.6150520127234677,0.5613240463104466,1.1036581990623722,0.5225563645362854,0.8947368264198303,0.9454887509346008,0.7299161241576754,0.08228380512446165,0.08842243161052465
259,1.2065715904803684,16.531198140126527,1,0.6095201839552552,0.5648981255356935,1.1048035395360112,0.5093985199928284,0.8947368264198303,0.9360902309417725,0.730775900118347,0.08312713261693716,0.08923603035509586
260,1.2158141212113533,16.538479705742894,1,0.5977056990628344,0.5604374888946552,1.1055064675256063,0.5206766724586487,0.8890977501869202,0.9398496150970459,0.7301692301507064,0.08288472332060337,0.08915601018816233
261,1.2098333302096087,16.55742525730002,1,0.6267799729898521,0.5619875428544859,1.111299616763113,0.5244361162185669,0.8890977501869202,0.9436089992523193,0.7355374145459894,0.08199591655284166,0.08813982363790274
262,1.206889963571781,16.558526593045794,1,0.6293925735704037,0.5638180135497466,1.1086087028280713,0.530075192451477,0.8909774422645569,0.9417293071746826,0.7339348993709041,0.08290924411267042,0.08899545110762119
263,1.206406216199817,16.571128571140978,1,0.6033875061811211,0.5612448938070526,1.1023467222406333,0.5263158082962036,0.8890977501869202,0.9398496150970459,0.7288306713707653,0.08329078368842602,0.08940090052783489
264,1.2089458548850052,16.573833689822223,1,0.6042147932165355,0.5636227766524343,1.1108595429663184,0.5206766724586487,0.88345867395401,0.9379699230194092,0.7342980244874986,0.08208438474684954,0.08821330219507217
265,1.2089469267034458,16.609044511806783,1,0.6075743738525253,0.5663665157181527,1.115746040736477,0.5169172883033752,0.8815789222717285,0.9379699230194092,0.7372997014715073,0.08136142697185278,0.08741154428571463
266,1.2157713084237833,16.639583337204893,1,0.624421528359135,0.5658791141462551,1.1025989925049084,0.5375939607620239,0.8947368264198303,0.9379699230194092,0.7294060853523778,0.08419173024594784,0.09019357897341251
267,1.215515683087171,16.68064447237716,1,0.6230677555080492,0.5623376466253034,1.1081198530270562,0.518796980381012,0.8928571343421936,0.9417293071746826,0.733392747972678,0.08302672300487757,0.08916253969073296
268,1.2084304765798592,16.70304010457878,1,0.6139004856433731,0.5617254960992228,1.1077267530266197,0.5281955003738403,0.88345867395401,0.9417293071746826,0.7324476479390761,0.08228835556656122,0.0883394731208682
269,1.2066123225090606,16.72222149486566,1,0.6138601561240752,0.5634673658760178,1.1077138557294928,0.5244361162185669,0.8909774422645569,0.9417293071746826,0.7329067915102156,0.08254965394735336,0.08872407115995884
270,1.2048468993124415,16.71617559370891,1,0.6010085429145264,0.5639654328477617,1.1141471022505602,0.5131579041481018,0.8872180581092834,0.9379699230194092,0.7361351139894073,0.08263056445866823,0.0888069411739707
271,1.2053818934686567,16.721263182737275,1,0.604286226346189,0.5617793712512092,1.1050014786161606,0.5319548845291138,0.8890977501869202,0.9379699230194092,0.7303261059857877,0.08700569532811642,0.09310219064354897
272,1.2106487782743185,16.727402360256963,1,0.6118192051656525,0.5668978839050931,1.1144821899348145,0.5244361162185669,0.8872180581092834,0.9417293071746826,0.7369365556440638,0.08243592455983162,0.08858584146946669
273,1.2074717411391949,16.72471827457692,1,0.6229979698445401,0.5608129524888533,1.1043585557492963,0.5319548845291138,0.8872180581092834,0.9436089992523193,0.7308313872564454,0.34163383301347494,0.3479412803426385
274,1.2088514367543082,16.711182892035964,1,0.6154909793122815,0.5629698480642896,1.1064804374270791,0.5112782120704651,0.8909774422645569,0.932330846786499,0.7320468429815867,0.08663856610655785,0.09271675255149603
275,1.2050154787183174,16.738695466762493,1,0.6030069711268365,0.5680765092150909,1.1145163334798005,0.5131579041481018,0.8890977501869202,0.9360902309417725,0.7368099038451457,0.08291307371109724,0.08896638080477715
276,1.2070670412439157,16.699104145591015,1,0.6031260931053096,0.560967222675724,1.103346832186496,0.5263158082962036,0.8909774422645569,0.9417293071746826,0.7292370469960855,0.08248147554695606,0.0885752821341157
277,1.2076042096014779,16.722066195059156,1,0.620098512710808,0.5648601788163791,1.1104516839013143,0.5319548845291138,0.8796992301940918,0.9417293071746826,0.7348120107464526,0.08327681291848421,0.08949995040893555
278,1.2101074590258902,16.731364622995336,1,0.608857879691984,0.5612677912853069,1.1083135052419169,0.5206766724586487,0.8872180581092834,0.9398496150970459,0.7328787226843405,0.08433858025819063,0.09065583720803261
279,1.2040165339545066,16.7266206580818,1,0.6158788351977953,0.5615364203735825,1.1049076105772424,0.5281955003738403,0.8928571343421936,0.9417293071746826,0.7310199289907552,0.08058546856045723,0.08646109607070684
280,1.2100420570088568,16.742057495973413,1,0.6028937606040234,0.5669864032821356,1.107145020102736,0.5018796920776367,0.8928571343421936,0.932330846786499,0.7316488118187628,0.08094258885830641,0.08681289665400982
281,1.2075810137360032,16.734273160712764,1,0.6103060045356002,0.564706231515481,1.1140316949830447,0.5225563645362854,0.8872180581092834,0.9379699230194092,0.7370057564122181,0.08004484977573156,0.08589046727865934
282,1.2089462874604169,16.73923228426208,1,0.614607918996127,0.5612600377372888,1.1071743709298072,0.5131579041481018,0.8890977501869202,0.9398496150970459,0.7323468611125494,0.08042656816542149,0.08646735548973083
283,1.2062837831622901,16.760444547076585,1,0.6173356852131305,0.5674043972754004,1.1075936040354724,0.518796980381012,0.8947368264198303,0.9398496150970459,0.7328305216989693,0.07978608086705208,0.08570149820297956
284,1.2085499884613873,16.770841426636586,1,0.6063653357931394,0.5627233216024289,1.109171772273848,0.5225563645362854,0.8872180581092834,0.9417293071746826,0.7331616224921046,0.08369956165552139,0.09001829754561186
285,1.2066345284903577,16.76869690126036,1,0.6041683488038929,0.5611273622033008,1.0986804077034942,0.5263158082962036,0.8928571343421936,0.9417293071746826,0.7260848984064247,0.08790283277630806,0.09412697982043028
286,1.20910652540794,16.777330992896992,1,0.61235788850153,0.5620856241764178,1.1059458675167897,0.5319548845291138,0.8947368264198303,0.9417293071746826,0.7315356711365775,0.0828396137803793,0.08893788140267134
287,1.2084025870817972,16.809829577160933,1,0.6183630035345242,0.5627103786889962,1.1119492193948612,0.5169172883033752,0.8890977501869202,0.9417293071746826,0.7360410615269776,0.08202395681291819,0.08819139376282692
288,1.2110652810174405,16.837554651361554,1,0.6150040363564493,0.5670829100089839,1.1053495954118528,0.5112782120704651,0.896616518497467,0.9379699230194092,0.7312516800037399,0.08376286178827286,0.08979068882763386
289,1.2076572742029597,16.87982183967584,1,0.6115609461123022,0.5646395833070108,1.10793038906468,0.5169172883033752,0.8909774422645569,0.932330846786499,0.732656847515403,0.08272028435021639,0.08893795125186443
290,1.2126126236317885,16.854654764339863,1,0.603424534269073,0.5651430592711401,1.1148835362569698,0.5206766724586487,0.8796992301940918,0.932330846786499,0.7364532094951615,0.08070203941315413,0.08661520667374134
291,1.2083735505971789,16.870797544381993,1,0.6150897743309461,0.5677017264429596,1.1104251550348634,0.5150375962257385,0.8947368264198303,0.9398496150970459,0.7345799724410582,0.08343897294253111,0.08956306986510754
292,1.2083053734716194,16.900043248186456,1,0.6191795447903453,0.5617764326810927,1.1108358984301194,0.5357142686843872,0.8853383660316467,0.9398496150970459,0.7346018710302789,0.08250824455171824,0.0888649607077241
293,1.207762372485523,16.91223166752754,1,0.6087856517595713,0.5615610837950186,1.1086363402853914,0.5131579041481018,0.8853383660316467,0.9417293071746826,0.7326596506200709,0.08305393438786268,0.08919481094926596
294,1.2081950296328476,16.909502472229676,1,0.6190873515887755,0.5656659519172177,1.1074679199154427,0.5150375962257385,0.8984962701797485,0.9436089992523193,0.7328740728762214,0.082306994125247,0.08830409217625856
295,1.2067970257727831,16.9080487057583,1,0.6090583476207723,0.5606696489014142,1.106085228136712,0.530075192451477,0.8890977501869202,0.9417293071746826,0.7311393777106484,0.08219446428120136,0.08828801196068525
296,1.2090983162756272,16.928133936481814,1,0.6001447697517974,0.5631674225314243,1.1104734773835019,0.5206766724586487,0.8872180581092834,0.9379699230194092,0.7337156506542211,0.08690220396965742,0.09312193095684052
297,1.2068616406958559,16.908922100983947,1,0.6200281844933725,0.5640763242652512,1.1064499158241345,0.5225563645362854,0.8928571343421936,0.9398496150970459,0.7324227682500587,0.08724382426589727,0.09340530075132847
298,1.2079655334704111,16.901688577948725,1,0.6153126930518518,0.5611229599331573,1.1062860619237223,0.530075192451477,0.8815789222717285,0.9454887509346008,0.7320118553767471,0.08410770166665316,0.09061855729669333
299,1.207644590588512,16.882812089846762,1,0.6058106798661007,0.566491476377054,1.1185116140172666,0.5206766724586487,0.8684210777282715,0.9379699230194092,0.7392114959343127,0.08415491133928299,0.09045221749693155
300,1.2102573985879517,16.903352739666087,1,0.6091915023020295,0.5670606237493877,1.1023607762269392,0.5093985199928284,0.896616518497467,0.9342105388641357,0.7289039419479143,0.08348624315112829,0.08965791948139668
301,1.2082557646627636,16.92397247277072,1,0.6113978891944938,0.5666893998982758,1.1177377072792611,0.5263158082962036,0.88345867395401,0.9360902309417725,0.739168438613738,0.08268515393137932,0.08874188084155321
302,1.2115430756644634,16.951656910949502,1,0.6130580678796446,0.5654110532491395,1.1122717195725933,0.5244361162185669,0.8909774422645569,0.9454887509346008,0.7356823296350312,0.08254101499915123,0.08871067129075527
303,1.2142929974596801,16.96863396785685,1,0.6253289666085243,0.5636238721399153,1.1050207634390374,0.518796980381012,0.896616518497467,0.9398496150970459,0.7312728322557579,0.08264256455004215,0.08871402125805616
304,1.207306609660747,17.003427217035732,1,0.6314444096699812,0.568269640529198,1.1119262621050716,0.5263158082962036,0.8947368264198303,0.9436089992523193,0.7360774464472901,0.08279550354927778,0.08896259032189846
305,1.2041580812049335,16.993176934773835,1,0.6061517792614126,0.5635361503625478,1.1076560883756281,0.5093985199928284,0.8890977501869202,0.9342105388641357,0.7323321080790018,0.08208021614700556,0.0882687522098422
306,1.2053711945147705,16.990946949026636,1,0.5921836846993674,0.5611622902344944,1.1115664165710544,0.518796980381012,0.8890977501869202,0.9360902309417725,0.7337571869622727,0.08300000336021185,0.08910351060330868
307,1.2080230795401508,17.008562507497725,1,0.605403241647611,0.5655957351679688,1.1127866075791724,0.5263158082962036,0.88345867395401,0.932330846786499,0.7356105491562043,0.08277648407965899,0.08883957099169493
308,1.2092944162557266,17.031511976196054,1,0.6164840909676034,0.5707928657958613,1.1127391432944822,0.49624061584472656,0.8947368264198303,0.9398496150970459,0.7361281534344515,0.08177278563380241,0.08790705353021622
309,1.2097229379832881,17.019546658162827,1,0.6236124656276408,0.559261718143772,1.1036190939496058,0.5131579041481018,0.8909774422645569,0.9398496150970459,0.7301269274208821,0.0824892045930028,0.08866566233336926
310,1.2092069689861011,17.037828976595453,1,0.6124305024416996,0.5639571978774764,1.1106461364210285,0.5225563645362854,0.8872180581092834,0.9398496150970459,0.7347216311425436,0.08331737294793129,0.08945534937083721
311,1.206622894244932,17.03384608612894,1,0.6086907141912827,0.5624808746764057,1.107777408066978,0.5131579041481018,0.8853383660316467,0.9360902309417725,0.732411462017705,0.08188743609935045,0.08789339289069176
312,1.209279188739281,17.048028328072483,1,0.6088989640705124,0.5618423066533651,1.1016865033624148,0.5225563645362854,0.8947368264198303,0.9454887509346008,0.7281460641084175,0.09011889901012182,0.09624828491359949
313,1.2057833613349218,17.044812702284876,1,0.6139978815283779,0.5618453331647906,1.1050020931883135,0.5263158082962036,0.8890977501869202,0.9454887509346008,0.7310987812186708,0.08191217575222254,0.08794474322348833
314,1.208095897527857,17.030883479692964,1,0.6038077348513673,0.5618553303422236,1.1126576415415144,0.530075192451477,0.8853383660316467,0.932330846786499,0.7351819424714167,0.0832864623516798,0.08940650895237923
315,1.2061464064358414,17.01693555058704,1,0.6096333534972781,0.5622827849302908,1.1031947137897913,0.5206766724586487,0.8909774422645569,0.9417293071746826,0.7296116999253179,0.08227807469666004,0.08829135168343782
316,1.2075255703431316,17.022660126027052,1,0.6142429664804464,0.5641802083218491,1.1103625327068776,0.5281955003738403,0.8796992301940918,0.9454887509346008,0.7344320013514176,0.08251679502427578,0.08879854157567024
317,1.212043320428765,17.036737407615746,1,0.6143008867511102,0.5601715022611298,1.1028609965174492,0.5150375962257385,0.8909774422645569,0.9379699230194092,0.7296385028579618,0.08263720385730267,0.08893117029219866
318,1.212124783228902,17.07484247973117,1,0.6218784497302429,0.5712820456003299,1.111525529261855,0.5150375962257385,0.8947368264198303,0.9398496150970459,0.7354338502786791,0.08225477486848831,0.08830396179109812
319,1.21270232353989,17.065105277594594,1,0.6219442219627502,0.5660917019273719,1.1146655491205768,0.5244361162185669,0.8890977501869202,0.9360902309417725,0.737583472133407,0.08289244398474693,0.08889493066817522
320,1.2089377893935862,17.06715462653855,1,0.6091814785173929,0.5600640247295147,1.1058586467669045,0.5281955003738403,0.8872180581092834,0.9379699230194092,0.7312035580297789,0.08306472282856703,0.08920187037438154
321,1.2082570198628388,17.081222014179975,1,0.6005317161675623,0.5723509666591083,1.117764692706346,0.4868420958518982,0.8909774422645569,0.9285714030265808,0.7387706759049535,0.08135740738362074,0.08740720525383949
322,1.2073302368136543,17.056151050992728,1,0.617304101906266,0.5621409420615272,1.1062897399912694,0.5244361162185669,0.8947368264198303,0.9379699230194092,0.7317437895568127,0.0827256441116333,0.08889648038893938
323,1.2067182847332134,17.07112014980052,1,0.6149763445304711,0.5621719623413927,1.1062652266538158,0.5169172883033752,0.8872180581092834,0.9417293071746826,0.7313578053431007,0.08385191205888987,0.09005440864712
324,1.208638882942862,17.059182790120772,1,0.6115398525242806,0.5743590030435427,1.1159605742833187,0.490601509809494,0.8928571343421936,0.9342105388641357,0.7380248582519296,0.08385550230741501,0.09003923926502466
325,1.2126038112553321,17.10988963352915,1,0.6126756787532985,0.5639653080061473,1.114081335951583,0.5150375962257385,0.8815789222717285,0.932330846786499,0.7368182990913729,0.0827087638899684,0.08888055104762316
326,1.213329574241675,17.112587332184653,1,0.6095157934155329,0.5652344930952223,1.1165902833718586,0.5263158082962036,0.8796992301940918,0.9379699230194092,0.7380674517234815,0.0837359819561243,0.08995936904102564
327,1.2103307159229797,17.107122149340587,1,0.6446120408232806,0.5691293345640103,1.1045569168349234,0.5131579041481018,0.8984962701797485,0.9454887509346008,0.7317930844607919,0.08298009354621172,0.08917800057679415
328,1.2126008261078944,17.10567711895748,1,0.6169690183822215,0.5642069814130156,1.1085724958608871,0.5169172883033752,0.8928571343421936,0.9379699230194092,0.7333613930090459,0.08766034338623285,0.09388203918933868
329,1.210051447100556,17.12840621868798,1,0.5997988561159538,0.5640030145114523,1.1128009162820323,0.5131579041481018,0.8872180581092834,0.9342105388641357,0.7349396643346321,0.08200807496905327,0.08814986236393452
330,1.2095093287193233,17.134191716229715,1,0.6080756283703693,0.5643221957422827,1.11119822421504,0.5225563645362854,0.8853383660316467,0.9379699230194092,0.7346693694130484,0.08361134305596352,0.08973280992358923
331,1.208083656238447,17.158256440193295,1,0.6217470086110961,0.5622430000748073,1.1060078513356775,0.5281955003738403,0.8909774422645569,0.9417293071746826,0.7320391044497269,0.0827593244612217,0.08876275084912777
332,1.2043691528048401,17.157616717701284,1,0.6143707943393448,0.5621189447736937,1.1035676073670377,0.530075192451477,0.8947368264198303,0.9436089992523193,0.7299598535737623,0.08218264486640692,0.08823708165436983
333,1.2031917092284654,17.17249175109986,1,0.6001513410435504,0.5689091419531118,1.1145212181371669,0.5018796920776367,0.8947368264198303,0.9398496150970459,0.7366391345767681,0.08458541985601187,0.09074829611927271
334,1.2133099556553677,17.1688521473592,1,0.6017345282312593,0.5603639169844752,1.1100984574944424,0.5319548845291138,0.8796992301940918,0.9360902309417725,0.7335988511775294,0.08290284313261509,0.08914018981158733
335,1.2099051444054383,17.18922474613854,1,0.6126572819875477,0.5596081131533693,1.1018538011217713,0.5338345766067505,0.8947368264198303,0.9417293071746826,0.7285632579777002,0.08199345506727695,0.08813291229307652
336,1.2065795500322711,17.205264925977463,1,0.6243648013969256,0.5660301971259618,1.1081773424022143,0.518796980381012,0.8947368264198303,0.9360902309417725,0.7335970374737029,0.08293671440333128,0.0891105318441987
337,1.206026101366219,17.190429061513257,1,0.6169374448264335,0.5608269867455008,1.1084721224551601,0.5375939607620239,0.88345867395401,0.9398496150970459,0.7332087629258336,0.08240058552473783,0.08864515088498592
338,1.2077779181412012,17.19712087317321,1,0.5976574104229712,0.5640945618728821,1.1064290091683144,0.5244361162185669,0.8872180581092834,0.9436089992523193,0.7311924981288418,0.08289376273751259,0.08901659026741982
339,1.211286636426874,17.189007254412054,1,0.605598469062846,0.5613980743289027,1.1123517761623327,0.5150375962257385,0.8909774422645569,0.9417293071746826,0.7351197381531389,0.08171630650758743,0.08768651355057955
340,1.2066633067383572,17.214567431696857,1,0.6243144751876346,0.5636000250607432,1.108344578722019,0.518796980381012,0.8890977501869202,0.9417293071746826,0.7334957151977523,0.08327066339552402,0.08938114065676928
341,1.2064541232517867,17.176447025576646,1,0.6120092539816273,0.560892798836115,1.1042156282043927,0.5319548845291138,0.8947368264198303,0.9417293071746826,0.7303767645394605,0.08239569514989853,0.08871678076684475
342,1.2081747976806625,17.186470672866204,1,0.5915887232440468,0.5655913616301678,1.1134930558210872,0.5263158082962036,0.8815789222717285,0.9417293071746826,0.734780600140767,0.08264950476586819,0.08865545131266117
343,1.206274801912805,17.205803660446684,1,0.6095231999646226,0.5631728633997356,1.1126601432595,0.5169172883033752,0.8872180581092834,0.9360902309417725,0.7355263688665785,0.08205376472324133,0.08823591191321611
344,1.2084299745156053,17.20138704348563,1,0.6213007357416354,0.5644216742843868,1.1041309299383395,0.5112782120704651,0.8947368264198303,0.9436089992523193,0.7306828704147005,0.08843064215034246,0.09450987912714481
345,1.2079841578284793,17.216143080767775,1,0.6203717708512442,0.5656304832366587,1.110844659049056,0.5244361162185669,0.88345867395401,0.9417293071746826,0.7353834623210577,0.08194862492382526,0.08799461275339127
346,1.2088068945222141,17.22918628139164,1,0.606290360924136,0.5620693202947326,1.1096581675146107,0.5263158082962036,0.88345867395401,0.9379699230194092,0.7332376740280715,0.08207969460636377,0.0882524223998189
347,1.2099055731272608,17.229019953534632,1,0.5957814623829061,0.5685059007485728,1.1124299440642857,0.5,0.8872180581092834,0.9285714030265808,0.7347624691224047,0.08265470433980227,0.0887375520542264
348,1.2126274697494022,17.241607917578353,1,0.6332517669009177,0.5615335999870974,1.10986742115154,0.5394737124443054,0.8890977501869202,0.9379699230194092,0.735476254974093,0.08269496355205774,0.08886915072798729
349,1.2141079772030121,17.247622621128308,1,0.6196296004586708,0.5666379558364975,1.1173366373381728,0.5394737124443054,0.8796992301940918,0.9379699230194092,0.7393792820113144,0.08231888432055712,0.08842513151466846
350,1.2098715569660976,17.248669080832236,1,0.6111733512462322,0.565817081248965,1.1107635434600294,0.5206766724586487,0.8909774422645569,0.9342105388641357,0.7343876664582998,0.08209031634032726,0.08814865350723267
351,1.2112174354030913,17.256037428070528,1,0.6097885483857933,0.5637195342215778,1.103202801817344,0.5112782120704651,0.8890977501869202,0.9379699230194092,0.7295000828109481,0.08025039918720722,0.08619668707251549
352,1.2047017336938268,17.245947652574166,1,0.6200702753761806,0.5680700016237309,1.1168318300631308,0.5225563645362854,0.8815789222717285,0.9417293071746826,0.7392007828064072,0.08078909758478403,0.08663232531398535
353,1.2123506250634408,17.262855409869516,1,0.6025515633636175,0.5623876830204927,1.1094420894063306,0.5150375962257385,0.88345867395401,0.9398496150970459,0.7330130353148259,0.07961878087371588,0.08550481870770454
354,1.2062872122047608,17.289594307707,1,0.6141587850994853,0.5622408148556982,1.1039699888924273,0.5319548845291138,0.8909774422645569,0.9379699230194092,0.730307368237612,0.08106302749365568,0.08707954455167055
355,1.207209778882992,17.25870383153448,1,0.6045414841535505,0.563107342778181,1.1113506995896083,0.5225563645362854,0.8853383660316467,0.9360902309417725,0.734429270423785,0.07971112988889217,0.08560559712350368
356,1.200400931570859,17.256277986076476,1,0.6140573766012493,0.5616123134321681,1.1031006004699426,0.5244361162185669,0.8909774422645569,0.9454887509346008,0.7297371699410626,0.08070563897490501,0.086721396073699
357,1.2065044684652528,17.245562092890793,1,0.6029413568663287,0.5616844082398498,1.1088061697247398,0.5112782120704651,0.8890977501869202,0.9342105388641357,0.7328834629659242,0.07978870160877705,0.08569121826440096
358,1.2093300241256868,17.275798958657962,1,0.5976980202964535,0.5611891833507997,1.106966007018268,0.5244361162185669,0.8909774422645569,0.9398496150970459,0.7314419763547164,0.08144168648868799,0.08722741436213255
359,1.2060546257368738,17.284249150603934,1,0.6181635986458136,0.5673481057524229,1.1093443306399935,0.5169172883033752,0.8928571343421936,0.9454887509346008,0.7339287465838034,0.07979616988450289,0.08581850677728653
360,1.2060551158836934,17.269094582680413,1,0.6194913160655936,0.5611924907825996,1.1049284131352535,0.5244361162185669,0.8909774422645569,0.9436089992523193,0.7310969298607831,0.08015696983784437,0.08620182704180479
361,1.2084860536611854,17.313062996169787,1,0.6031354571931582,0.5617539185608571,1.1051741040023217,0.5112782120704651,0.8853383660316467,0.9266917109489441,0.7303708606875897,0.07991439010947943,0.0858946768566966
362,1.2112250336566945,17.336010331520715,1,0.6054260139488006,0.5683807268046709,1.111198888445953,0.5244361162185669,0.8872180581092834,0.9360902309417725,0.7345185280369608,0.08123713731765747,0.08713265508413315
363,1.209243638360406,17.351600866583432,1,0.6352210354641855,0.5665351723874232,1.1093881945125712,0.5244361162185669,0.8947368264198303,0.9436089992523193,0.7349347482942554,0.080052699893713,0.08598759677261114
364,1.2123436432305401,17.361371521305422,1,0.6072663465877342,0.5641515829319121,1.108403024473205,0.5131579041481018,0.8928571343421936,0.9379699230194092,0.7330211664985647,0.08024892024695873,0.08609461691230536
365,1.2100513502691672,17.41308640223342,1,0.6093351726368086,0.5625101761403288,1.1078872516793437,0.5150375962257385,0.8909774422645569,0.9417293071746826,0.7326035486861509,0.08036697842180729,0.08627577591687441
366,1.2116227738542311,17.38961788949628,1,0.609717731761196,0.5649496379204159,1.1150644004272732,0.530075192451477,0.8815789222717285,0.9379699230194092,0.7372273474277334,0.080828458070755,0.08697242476046085
367,1.2134860336902027,17.43128391006686,1,0.6293490477636585,0.5630814180116746,1.1113920125833907,0.530075192451477,0.8872180581092834,0.9492481350898743,0.7360605875947842,0.08110556658357382,0.08713733404874802
368,1.211432019390878,17.43606049018001,1,0.6313100897098941,0.5696256945798112,1.1073833549462349,0.5244361162185669,0.8984962701797485,0.9417293071746826,0.733409757706492,0.08022693824023008,0.08618734683841467
369,1.2120276833982735,17.469671549778965,1,0.6047258526994792,0.5697466027478086,1.1230321854143128,0.518796980381012,0.8796992301940918,0.9360902309417725,0.7419573653383226,0.08213601540774107,0.08814445231109858
370,1.2153476214074677,17.481425919043083,1,0.6108802478916453,0.5617990779297768,1.1073591328066543,0.5206766724586487,0.8890977501869202,0.9379699230194092,0.7323608011503763,0.08008007984608412,0.08605398703366518
371,1.2048248940011097,17.515240224967556,1,0.6290637900775691,0.5653486464392913,1.1141070856236044,0.5225563645362854,0.8909774422645569,0.9436089992523193,0.7375764044994402,0.08045772835612297,0.08639514539390802
372,1.2097760603103438,17.54587051826676,1,0.6062952796491522,0.5652117911316057,1.1127109336596002,0.5225563645362854,0.88345867395401,0.9304511547088623,0.7356744108688055,0.08051703870296478,0.08646926563233137
373,1.2136663112980322,17.526786601859264,1,0.6140892201130248,0.5759056576004644,1.1195010179308136,0.46992480754852295,0.8947368264198303,0.932330846786499,0.7404461394333176,0.08034268859773874,0.08618057612329721
374,1.2125929246169658,17.538878260411238,1,0.6233854261126357,0.5661492212326026,1.116341358012479,0.530075192451477,0.88345867395401,0.9360902309417725,0.738857035205368,0.08116543665528297,0.08706310484558344
375,1.208053937272523,17.547717746748106,1,0.6186618405293529,0.5627413631744232,1.1077381568425557,0.5319548845291138,0.8928571343421936,0.9379699230194092,0.7329554048300833,0.0791350519284606,0.08509348891675472
376,1.2077210288472922,17.559401093322965,1,0.607860449531881,0.568465188417361,1.1096957505809182,0.49624061584472656,0.896616518497467,0.932330846786499,0.7339619046493732,0.0813650768250227,0.08724554348737001
377,1.2072930236112367,17.579802619179425,1,0.6104619759237467,0.5637371161562995,1.1146224171663297,0.530075192451477,0.8872180581092834,0.9379699230194092,0.7367400684099024,0.07997359056025743,0.08587842714041471
378,1.2107500836307863,17.537320444654984,1,0.6126300702043874,0.5621817331920601,1.1071403416011367,0.518796980381012,0.8890977501869202,0.9417293071746826,0.7322615334755579,0.08077133819460869,0.08667034562677145
379,1.2088171700709656,17.510949697215914,1,0.6231444538936552,0.5638316981266873,1.1101751400157822,0.5281955003738403,0.8909774422645569,0.9398496150970459,0.7347968583934806,0.08009150996804237,0.0861361175775528
380,1.2113160948541446,17.515544888066774,1,0.6174116520784158,0.5631562917383014,1.1030531181082888,0.5244361162185669,0.8890977501869202,0.9398496150970459,0.7296983748914331,0.08007436990737915,0.08598850760608912
381,1.207840120636261,17.517113111217956,1,0.612929752552832,0.5650434442387562,1.114057670554026,0.5225563645362854,0.8872180581092834,0.9398496150970459,0.7369665995671223,0.08090529777109623,0.08680491428822279
382,1.2075789100337304,17.552198105717622,1,0.5965802565863754,0.5671732943620599,1.1117873235218108,0.5056390762329102,0.8890977501869202,0.9285714030265808,0.7346043626748034,0.08006224036216736,0.08590432722121477
383,1.2096616693178959,17.53342859706336,1,0.6094658921041497,0.5640063544016373,1.1102655298190016,0.5225563645362854,0.8947368264198303,0.9417293071746826,0.7345394273451537,0.08784867264330387,0.09389614034444094
384,1.2079847237539743,17.506820035677656,1,0.6213378257391933,0.5605935717337259,1.0985335012797304,0.518796980381012,0.8928571343421936,0.9417293071746826,0.7267621669494851,0.08083914872258902,0.08685010578483343
385,1.208965007876603,17.513240092618506,1,0.6157486452692981,0.5626761926562791,1.1072382331962012,0.5281955003738403,0.8928571343421936,0.9398496150970459,0.7326202881705697,0.07999441027641296,0.08605083730071783
386,1.2048525463092479,17.52079910542836,1,0.6119906637267033,0.5643483355530884,1.1110355628363844,0.5169172883033752,0.88345867395401,0.9417293071746826,0.7351260869440999,0.29431271366775036,0.3003027308732271
387,1.2074593209034779,17.511850243798005,1,0.6009695146532114,0.5643252742382349,1.1070613015802966,0.5169172883033752,0.8928571343421936,0.9360902309417725,0.7315801247693637,0.0805681673809886,0.08651084452867508
388,1.2122179098545245,17.524499251662597,1,0.6096383413730728,0.561151862139939,1.1052284242405896,0.518796980381012,0.8872180581092834,0.9417293071746826,0.7309141640992923,0.08044589962810278,0.08627558778971434
389,1.20787548761712,17.515321748941698,1,0.6251627984754633,0.5652352653814833,1.112755367736975,0.5225563645362854,0.88345867395401,0.9436089992523193,0.7365731196048858,0.08018369041383266,0.08629817701876163
390,1.2093579276507342,17.515345281329896,1,0.6159222528445073,0.5650354731470907,1.105645713631483,0.5263158082962036,0.8947368264198303,0.9398496150970459,0.7317587189306739,0.08000073954463005,0.08595214691013098
391,1.2118431684693014,17.537944812812896,1,0.6085652780351047,0.5654769308041485,1.1125194191305585,0.5131579041481018,0.8909774422645569,0.9436089992523193,0.7360509370492234,0.08036700915545225,0.08623683732002974
392,1.210270344665544,17.556885038650105,1,0.6226684295981907,0.5599546527195464,1.102430693974527,0.5225563645362854,0.8947368264198303,0.9454887509346008,0.7293392149279047,0.0832569720223546,0.0895038191229105
393,1.2053469743974206,17.546150613779975,1,0.5998090301414919,0.5635632677986558,1.1077592103309852,0.5169172883033752,0.88345867395401,0.9398496150970459,0.732093424154088,0.08289073407649994,0.08902600035071373
394,1.2070561350528528,17.5613573182581,1,0.6053952285031423,0.5654513071322291,1.1112518990400957,0.5075187683105469,0.8890977501869202,0.9398496150970459,0.7344655592780842,0.08024057932198048,0.08622389752417803
395,1.2071574405342427,17.56514370192279,1,0.6110198151790093,0.561807093194785,1.1064757065841238,0.5281955003738403,0.88345867395401,0.9398496150970459,0.73170129219431,0.08001674059778452,0.08581776823848486
396,1.205218290083868,17.571402926339886,1,0.6203868503602398,0.5664021251045891,1.1161549322344448,0.5281955003738403,0.88345867395401,0.9398496150970459,0.7387339164082016,0.08105023857206106,0.08693758584558964
397,1.2068879387925997,17.596620940927963,1,0.6097800325972103,0.5655462640381932,1.1081374286283394,0.5150375962257385,0.8909774422645569,0.9379699230194092,0.7330498493455667,0.07953791134059429,0.08535321801900864
398,1.212888184295566,17.61395276168689,1,0.6113212218301686,0.5650661033498087,1.1078616864030006,0.5056390762329102,0.8872180581092834,0.9436089992523193,0.7326883277798069,0.08342606201767921,0.08973843976855278
399,1.2103760725224415,17.61813127457426,1,0.6235897029766184,0.564584863556662,1.1125537082329382,0.5281955003738403,0.8853383660316467,0.9379699230194092,0.7363678216773447,0.08092338778078556,0.0869011664763093
400,1.2134459967385272,17.64079539520547,1,0.6205165560593964,0.5663207190186054,1.1188739163517512,0.5281955003738403,0.8778195381164551,0.9360902309417725,0.7403882118252219,0.08064564876258373,0.08665876556187868
401,1.2099645818493046,17.62459166546275,1,0.6167255086047976,0.5634578137953327,1.1022842542089308,0.518796980381012,0.896616518497467,0.9360902309417725,0.7292770413673472,0.08021802920848131,0.0862680971622467
402,1.2091437089566486,17.64159578315686,1,0.6037933220983654,0.5659643821535626,1.1094407868853906,0.5112782120704651,0.8890977501869202,0.9398496150970459,0.7336437909034694,0.08083654753863811,0.08679639454931021
403,1.2129391390595803,17.64926634014891,1,0.6094387307860504,0.5634052935500585,1.1105932370889016,0.5281955003738403,0.8872180581092834,0.9379699230194092,0.7344394126243287,0.08040644880384207,0.08641750551760197
404,1.2126677423389327,17.66234545212136,1,0.6200942426256028,0.5601899058286192,1.1023702396021922,0.5150375962257385,0.896616518497467,0.9436089992523193,0.729461880490315,0.08153789676725864,0.08747208397835493
405,1.2114345131405835,17.663957166230503,1,0.62121413091785,0.5720909261786902,1.1161042182275343,0.5018796920776367,0.8928571343421936,0.9379699230194092,0.7387966846236922,0.08131754770874977,0.08737673424184322
406,1.20885034385163,17.688221833319435,1,0.6271160811771018,0.5566150532689921,1.0950303575957816,0.5394737124443054,0.8928571343421936,0.9454887509346008,0.7247232130811825,0.08354974258691072,0.08970083855092525
407,1.207994166204642,17.702397934749452,1,0.5985198715649492,0.5628278614205604,1.1097427627761003,0.5263158082962036,0.8815789222717285,0.9379699230194092,0.733464701679904,0.07994300965219736,0.08586820680648088
408,1.2080283979221256,17.714293317320823,1,0.603001236083959,0.5624319475813668,1.1098248271969473,0.5206766724586487,0.8890977501869202,0.9342105388641357,0.7338417281654612,0.08001197967678308,0.08589792717248201
409,1.2112751983106245,17.724098213248578,1,0.6144014430929948,0.5635780557754481,1.1052907080820586,0.5169172883033752,0.8947368264198303,0.9454887509346008,0.7311844588989204,0.08016683999449015,0.08628316596150398
410,1.2137354640870057,17.745318823079558,1,0.627713576539793,0.5682438621879989,1.1149978929226558,0.5375939607620239,0.8872180581092834,0.9398496150970459,0.738129984690638,0.08112154621630907,0.08697930444031954
411,1.2122139082809034,17.79722333306247,1,0.6250141229597936,0.5624503457998462,1.1071162245549548,0.5225563645362854,0.8947368264198303,0.9436089992523193,0.7330829252362484,0.08051669783890247,0.0865675751119852
412,1.211315107581485,17.796933048649315,1,0.6155966749313044,0.5678590984117434,1.1082073323513644,0.5056390762329102,0.896616518497467,0.9285714030265808,0.7329953626086054,0.0799710601568222,0.08583940658718348
413,1.2133030035798835,17.801228312016377,1,0.6153993482716892,0.5660020105535198,1.1160216190497998,0.5263158082962036,0.8778195381164551,0.9398496150970459,0.7381449997118311,0.08193939551711082,0.08827168215066195
414,1.21222544618703,17.812938020657075,1,0.6142398225967899,0.5637586157212523,1.109872588171266,0.5263158082962036,0.8890977501869202,0.9417293071746826,0.7342320313640504,0.0832818727940321,0.08936295937746763
415,1.2125499552911845,17.830017562035668,1,0.6126518608425141,0.5619725788784884,1.1051345301502633,0.5338345766067505,0.8890977501869202,0.9417293071746826,0.7309671269803316,0.08260705415159464,0.08868078142404556
416,1.2087436377673964,17.828529921892887,1,0.6201912933961984,0.5667817210245761,1.1178644667040516,0.5206766724586487,0.8815789222717285,0.9436089992523193,0.739637128542361,0.08171324618160725,0.08777959458529949
417,1.2079235001451374,17.82200303413151,1,0.6053140836491819,0.5618790440543814,1.1043164209055107,0.5281955003738403,0.8909774422645569,0.9379699230194092,0.7301079556064153,0.08284611348062754,0.08894424047321081
418,1.2037167320533888,17.825113362251212,1,0.6142693339771034,0.5590292619257088,1.1014636170232386,0.5281955003738403,0.8947368264198303,0.9436089992523193,0.7284909931419403,0.08300612401217222,0.08929789997637272
419,1.2113142518824378,17.83213340592895,1,0.5999004011401267,0.5649493096808802,1.1090019544795298,0.5037593841552734,0.8909774422645569,0.9360902309417725,0.7328939079143805,0.08190551586449146,0.0880644517019391
420,1.2068768933902707,17.855568255686737,1,0.6231363804655385,0.5641768650958262,1.1137082100123443,0.5281955003738403,0.8796992301940918,0.9379699230194092,0.737025630730907,0.08771439269185066,0.09385506995022297
421,1.2063764249170066,17.85787425660262,1,0.6117403948607336,0.5640414258579525,1.1090731767378965,0.5206766724586487,0.8890977501869202,0.9454887509346008,0.7333762635481916,0.08235711511224508,0.08843176253139973
422,1.2086625153167474,17.859693430045333,1,0.6057359445866739,0.5610237453687799,1.105325896184901,0.5225563645362854,0.8853383660316467,0.9417293071746826,0.7309199334428476,0.08259610366076231,0.08864862192422152
423,1.2086901207019145,17.851361981618656,1,0.6164629148866715,0.5631833549355976,1.1073283165574885,0.5263158082962036,0.8890977501869202,0.9417293071746826,0.7328736943602971,0.07970698084682226,0.08569841738790274
424,1.2066263572657874,17.893692149828492,1,0.620414263744936,0.5644995069067326,1.1063008841582096,0.5112782120704651,0.896616518497467,0.9379699230194092,0.732287380231936,0.08077490795403719,0.08663820568472147
425,1.2111264270380966,17.879518604939516,1,0.5994196721059619,0.5650015639882927,1.1078528811334514,0.5131579041481018,0.8890977501869202,0.9398496150970459,0.7319811405243879,0.08027961850166321,0.08618989586830139
426,1.2065028258798516,17.917357727532643,1,0.60987830024218,0.5672053756530362,1.1199300915199166,0.5244361162185669,0.88345867395401,0.9360902309417725,0.740250253020328,0.08001116942614317,0.08590447623282671
427,1.210416537478532,17.920906060980194,1,0.6224731262345862,0.5690089830740549,1.1109609453442928,0.5018796920776367,0.8928571343421936,0.932330846786499,0.7355947559481932,0.08051385916769505,0.08645702619105577
428,1.2157114406715293,17.919664451746055,1,0.6193607426934582,0.5637160594561309,1.1091789828560101,0.5281955003738403,0.8909774422645569,0.9379699230194092,0.7338783560282163,0.08173568546772003,0.08780539315193892
429,1.2090059694478745,17.945606390698877,1,0.6122800000761361,0.5638454559458148,1.1081051192561724,0.5169172883033752,0.8815789222717285,0.9379699230194092,0.7326859093189036,0.46284762490540743,0.4688904518261552
430,1.2064388725596784,17.932154713495073,1,0.6083999133367664,0.5630205344254849,1.1057035914505289,0.5244361162185669,0.8909774422645569,0.9342105388641357,0.7312374495114166,0.0847626393660903,0.09076687786728144
431,1.2108834369352004,17.941336670344445,1,0.5999678475665684,0.5628702325026919,1.1118847496295912,0.5169172883033752,0.8890977501869202,0.9304511547088623,0.7349240288412451,0.08004894014447927,0.08594657760113478
432,1.205368578949787,17.940392340060974,1,0.6279472962454742,0.563740218769112,1.1103956698915858,0.5319548845291138,0.8890977501869202,0.9398496150970459,0.7352051779022856,0.08309803251177073,0.08922947011888027
433,1.2060717137734016,17.91278588013017,1,0.6126181234741854,0.5633216101099677,1.1004560028403756,0.5169172883033752,0.8947368264198303,0.9417293071746826,0.7279192948725112,0.07983935158699751,0.08577055856585503
434,1.2031364029210174,17.878297775920075,1,0.6022754376150576,0.5630163377927954,1.108014111731806,0.5112782120704651,0.8947368264198303,0.9360902309417725,0.7323726682856173,0.0909785171970725,0.09836609102785587
435,1.206957158512208,17.863888422978984,1,0.6030748525443228,0.5644386999421969,1.115390348315222,0.5244361162185669,0.8778195381164551,0.9360902309417725,0.7370644993475005,0.08036544919013977,0.08631821628659964
436,1.2048019896077236,17.85293832326123,1,0.6120220486173711,0.5625373081395773,1.1050953923695228,0.5263158082962036,0.8909774422645569,0.9417293071746826,0.731012751057931,0.36863251589238644,0.37474093306809664
437,1.2046212594182637,17.882042032389357,1,0.6160170056895014,0.565637805515783,1.1086995008940668,0.5225563645362854,0.8928571343421936,0.9417293071746826,0.7335080157333062,0.08310498297214508,0.08921656012535095
438,1.2086984034435795,17.926139951442444,1,0.5964439051153554,0.5669133381973042,1.1237320848587744,0.5206766724586487,0.8740601539611816,0.932330846786499,0.7416365845900532,0.08367949072271585,0.08956833928823471
439,1.2130588148337926,17.889974292155532,1,0.6263283918376673,0.5662817615350985,1.100322752770305,0.5131579041481018,0.8984962701797485,0.9417293071746826,0.7284050092750514,0.0795321511104703,0.08552108891308308
440,1.2084124533886702,17.903854047178505,1,0.6231929432755928,0.5658360640916233,1.1111028107391827,0.5150375962257385,0.8947368264198303,0.9454887509346008,0.7358589710245195,0.08080396801233292,0.08665770571678877
441,1.210253172449694,17.950280363967682,1,0.5984090170324622,0.5641599198107053,1.1120047881998625,0.5263158082962036,0.88345867395401,0.9417293071746826,0.7345926842913065,0.0803029490634799,0.08625199738889933
442,1.2084736366819793,17.93457290357479,1,0.6119357527554707,0.5641498951464954,1.111587618753867,0.5338345766067505,0.88345867395401,0.9360902309417725,0.7351873961730927,0.08249054476618767,0.0885357316583395
443,1.2059658046618398,17.96269400165848,1,0.6240780669897301,0.564703574957107,1.1056118546916531,0.5112782120704651,0.8909774422645569,0.9379699230194092,0.7319537545682848,0.08070879895240068,0.08676489535719156
444,1.2061752748582966,17.964266075131288,1,0.6046665323494774,0.5612884600753477,1.10609101179973,0.5225563645362854,0.8872180581092834,0.9417293071746826,0.7307246618386091,0.08006022963672876,0.08593473676592112
445,1.2098417601062355,17.979623928340455,1,0.5987019984877122,0.5651879582698401,1.1102035758195858,0.5075187683105469,0.8872180581092834,0.9379699230194092,0.7335734945881445,0.08104055747389793,0.08706186432391405
446,1.2118055189088937,17.984347071550136,1,0.6220844303182937,0.5717520928147409,1.1116870349702752,0.5037593841552734,0.8947368264198303,0.932330846786499,0.7362574690847765,0.30773010570555925,0.3135818727314472
447,1.2154795103780809,17.987730733727417,1,0.6291649799857605,0.574259112694687,1.1318337741235693,0.5319548845291138,0.8796992301940918,0.9342105388641357,0.7494836456777965,0.07937763258814812,0.08523226901888847
448,1.2103739214430271,17.97726001052873,1,0.6243008902029662,0.5652118999008477,1.1072239876060543,0.5112782120704651,0.896616518497467,0.9398496150970459,0.7331498410914261,0.08138948678970337,0.08727482426911592
449,1.2097273305997138,18.014787782050643,1,0.5993905063248957,0.5639465114014907,1.1088035526545645,0.5206766724586487,0.8890977501869202,0.9379699230194092,0.7328423277725707,0.07958059012889862,0.08549198787659407
450,1.2069122722147008,18.001173905480663,1,0.598097126806609,0.5630663207781264,1.114716531416049,0.518796980381012,0.8721804618835449,0.932330846786499,0.7365087224782838,0.08065199851989746,0.08678650576621294
451,1.2102205607486618,18.03527993713878,1,0.6265823758674685,0.5635545279807633,1.1059032881297628,0.5225563645362854,0.8909774422645569,0.9417293071746826,0.7321403147179637,0.07992693036794662,0.08579584769904613
452,1.2119143227081468,18.028892524891756,1,0.6250527080370208,0.5632173797797647,1.1081036756759035,0.5244361162185669,0.8984962701797485,0.9417293071746826,0.7334223038987738,0.08087344840168953,0.08679535612463951
453,1.2082544077548731,18.053545768842035,1,0.6062814026513194,0.5672115271667127,1.1057920058941104,0.5093985199928284,0.8890977501869202,0.9342105388641357,0.7310039449382716,0.08045680914074183,0.08638384658843279
454,1.2103264425707638,18.049093286176582,1,0.6056840634511416,0.5667604318978725,1.1172487749811373,0.530075192451477,0.8778195381164551,0.9360902309417725,0.7385571795334157,0.0809228578582406,0.08695061504840851
455,1.2080876243488181,18.066124245681667,1,0.6125903827193131,0.5605524601599945,1.1044100936229782,0.5206766724586487,0.8890977501869202,0.9454887509346008,0.730495492102328,0.08011852018535137,0.08604605682194233
456,1.2096252032377601,18.09362479188958,1,0.6106665877016811,0.5690383643586796,1.1136065165083802,0.5056390762329102,0.8928571343421936,0.9379699230194092,0.7365495601127222,0.08064472861588001,0.08654499612748623
457,1.2100447593381902,18.08051815132388,1,0.6181087824302831,0.5617757203883339,1.1077623315180012,0.5244361162185669,0.8853383660316467,0.9417293071746826,0.7328310771266158,0.0798568008467555,0.08575371745973825
458,1.206558212572388,18.083744355929493,1,0.623322546620846,0.5625959406962353,1.1080878412795745,0.5244361162185669,0.8928571343421936,0.9398496150970459,0.7334049859963852,0.08140142541378736,0.08726846426725388
459,1.209447288981362,18.098257213465008,1,0.6090955139649502,0.5624168935908581,1.1047375245733535,0.5244361162185669,0.8909774422645569,0.9379699230194092,0.730558888218536,0.08052748907357454,0.08645163662731647
460,1.2123779357265119,18.083895333324158,1,0.5984773497361239,0.5607307860234046,1.1045594048846628,0.5281955003738403,0.8890977501869202,0.9379699230194092,0.7298491327842818,0.08092966768890619,0.08680738508701324
461,1.2109395777402971,18.1298072328946,1,0.6339928564372851,0.5636233102158774,1.1116529706056397,0.5263158082962036,0.8890977501869202,0.9436089992523193,0.7360789424406716,0.08093170821666718,0.0869434755295515
462,1.2083524661796952,18.14599373755709,1,0.6239068775851878,0.5692270886012745,1.1119005743736377,0.5225563645362854,0.8947368264198303,0.9360902309417725,0.7361093587935641,0.08082140795886517,0.08682651445269585
463,1.2115046478222284,18.181049111349875,1,0.5957012925830375,0.5619084395342907,1.112983627596169,0.5244361162185669,0.8890977501869202,0.9398496150970459,0.7350984690110316,0.08033213950693607,0.08622223604470491
464,1.20287730166584,18.18175428778829,1,0.6161660344254987,0.5675399796423841,1.109568551330952,0.5169172883033752,0.8947368264198303,0.9342105388641357,0.734483903835783,0.08006918989121914,0.0862112371250987
465,1.2065404819134122,18.177806501786918,1,0.6155760386894008,0.5654784156617679,1.1064529497984068,0.5150375962257385,0.8928571343421936,0.9360902309417725,0.7321203654644362,0.08081189915537834,0.0867410060018301
466,1.2083867060173148,18.146304813427363,1,0.6085552300883328,0.5628659803955273,1.1113187751853195,0.5375939607620239,0.88345867395401,0.9417293071746826,0.7344244562206987,0.0805385084822774,0.08635854627937078
467,1.205606450783963,18.147767227515576,1,0.6047648964872574,0.5650420321475957,1.109921657023607,0.5150375962257385,0.8909774422645569,0.9379699230194092,0.7338642095869317,0.08433623053133488,0.09038078784942627
468,1.2074028183867704,18.14124678285617,1,0.6159941772426846,0.564976000655718,1.1052220116503049,0.5263158082962036,0.8928571343421936,0.9398496150970459,0.7314300858882846,0.08061785902827978,0.0866291057318449
469,1.2114332993475425,18.127614557762886,1,0.6221324474614491,0.5674443523497211,1.1220466058796341,0.5319548845291138,0.88345867395401,0.9398496150970459,0.7423217113977912,0.07973550073802471,0.08559345826506615
470,1.2111753986056415,18.164384322214996,1,0.6229643976055897,0.5672920422793858,1.1125928322600913,0.5206766724586487,0.8872180581092834,0.9398496150970459,0.7366348890618093,0.08047251868993044,0.08631602674722672
471,1.2121901256982954,18.19939445870327,1,0.5984474834421839,0.5627336089329248,1.1091643865309804,0.5075187683105469,0.8890977501869202,0.9342105388641357,0.7330003831750194,0.08114188723266125,0.08701436500996351
472,1.211852362308028,18.1823462642511,1,0.6112289830657204,0.5632607297842336,1.1098814569825772,0.5206766724586487,0.8872180581092834,0.9417293071746826,0.7338320135542514,0.08027464896440506,0.0862374771386385
473,1.2071606788052525,18.19574672013053,1,0.632605270026572,0.5686197642045061,1.1112223387569196,0.5244361162185669,0.8947368264198303,0.9473684430122375,0.7362441861501057,0.08068530913442373,0.0866787163540721
474,1.2090498363199154,18.247012481916407,1,0.6099599504249352,0.5592101389589091,1.1059187196477127,0.5281955003738403,0.8890977501869202,0.9473684430122375,0.7314956218572528,0.07990769017487764,0.08586221747100353
475,1.2091815571923443,18.278843468120858,1,0.6092387500315722,0.563870182083251,1.1079418554763334,0.5150375962257385,0.8890977501869202,0.9360902309417725,0.7327717029287124,0.08083256799727678,0.08667774684727192
476,1.2086087665218594,18.26028830539551,1,0.6089580593355843,0.565141181198176,1.115591569594818,0.530075192451477,0.8853383660316467,0.9379699230194092,0.7373729216865247,0.08109358791261911,0.08699396532028913
477,1.208872163421346,18.28296458895759,1,0.6122608890701611,0.5668129826170294,1.106040838092,0.5056390762329102,0.8909774422645569,0.9417293071746826,0.7316966871444824,0.08003293816000223,0.08588724676519632
478,1.2142946682670377,18.273469826933063,1,0.621119308488072,0.5625735084719499,1.1059540382127284,0.5206766724586487,0.8909774422645569,0.9473684430122375,0.7320981718301953,0.08412994164973497,0.09025028813630342
479,1.215650635071364,18.25597982360962,1,0.6302368102686607,0.5696796282130281,1.1221676701236323,0.5357142686843872,0.8759398460388184,0.9398496150970459,0.7428977349288904,0.08344667311757803,0.08967844862490892
480,1.211143690174798,18.272640291558115,1,0.6192982907945072,0.5690447737500229,1.1113250234258656,0.5018796920776367,0.8928571343421936,0.9454887509346008,0.7359934077662903,0.08032922819256783,0.0863089058548212
481,1.2105945555511202,18.28059066051054,1,0.6154676570843778,0.5609910791726305,1.1057643534288217,0.5112782120704651,0.8928571343421936,0.9417293071746826,0.7315761561660947,0.08045557886362076,0.08642985578626394
482,1.2137032586616872,18.31251365538279,1,0.600734166804917,0.5635286912234084,1.110273124319826,0.5131579041481018,0.8853383660316467,0.9398496150970459,0.733689396776468,0.08080942742526531,0.0867394246160984
483,1.2148358447328147,18.322754421644714,1,0.6321316367573364,0.5656070213313419,1.112235995064924,0.5206766724586487,0.8928571343421936,0.9417293071746826,0.7369316977359046,0.08032603934407234,0.08624977711588144
484,1.2121919049296663,18.329820450458605,1,0.6261357739155249,0.5657386707927312,1.1072717679059856,0.5093985199928284,0.8984962701797485,0.9436089992523193,0.7328727113855685,0.08016202040016651,0.08625145629048347
485,1.2093237067183618,18.315890004422904,1,0.6137029068759161,0.5646474210500401,1.1065020588693737,0.5131579041481018,0.8909774422645569,0.9379699230194092,0.731726678576041,0.07941297069191933,0.08528856839984655
486,1.2084590050786723,18.362183692917835,1,0.608425073042557,0.5631213979455575,1.107161887679337,0.5338345766067505,0.8909774422645569,0.9398496150970459,0.7320535906401839,0.08395096100866795,0.09003984834998846
487,1.2037333225584868,18.34913145582308,1,0.612578750960054,0.567072354769849,1.1175846562636993,0.5263158082962036,0.8853383660316467,0.9379699230194092,0.7390029958699141,0.08151325676590204,0.087590123526752
488,1.2101198142968983,18.36134980810302,1,0.6093216199900242,0.56893726801837,1.1101555653615287,0.5037593841552734,0.8890977501869202,0.9342105388641357,0.7343970160503666,0.0831770533695817,0.08919084165245295
489,1.2098756888329334,18.360547002846587,1,0.6149492416624178,0.561162837608397,1.104070584878265,0.5206766724586487,0.8909774422645569,0.9473684430122375,0.7302887246369066,0.08179298602044582,0.08801269344985485
490,1.210106946253112,18.35901791583933,1,0.6207880068280303,0.5704114444020292,1.1240382061451046,0.5338345766067505,0.8853383660316467,0.9379699230194092,0.743546092647737,0.08310697227716446,0.08910669106990099
491,1.2114373701677204,18.335899578360216,1,0.6169667304512007,0.5648414026059557,1.1095382956357123,0.5225563645362854,0.8947368264198303,0.9379699230194092,0.7345913584457372,0.08243056386709213,0.08863832149654627
492,1.2100275232649538,18.312858557165207,1,0.6059484361669996,0.5624427907293661,1.1072890194413652,0.5150375962257385,0.896616518497467,0.932330846786499,0.7325301378935887,0.08292633388191462,0.08891246188431978
493,1.2097382772944019,18.35100931260986,1,0.624602323485316,0.5685090657427985,1.1152954871956953,0.5169172883033752,0.8890977501869202,0.9436089992523193,0.7386049178622541,0.08294125273823738,0.0889296606183052
494,1.204318432290038,18.36423650859351,1,0.6082224990909585,0.5645771958893655,1.1103874129036473,0.518796980381012,0.8815789222717285,0.9417293071746826,0.7340926523847117,0.08733898401260376,0.09357538912445307
495,1.2089091023394918,18.334825483384193,1,0.5930265264455838,0.5643015229859737,1.1078852378677835,0.4981203079223633,0.8872180581092834,0.9304511547088623,0.7312390688367696,0.08280220348387957,0.08888855017721653
496,1.2123418805801198,18.357086793905705,1,0.6254510366044335,0.5692857998149635,1.1216377116481593,0.5319548845291138,0.8721804618835449,0.9379699230194092,0.7427155051810511,0.08357400260865688,0.08986124955117702
497,1.2181550699287462,18.389791588417317,1,0.6333640056178179,0.5654187324401092,1.1091666021395252,0.5281955003738403,0.8947368264198303,0.9417293071746826,0.7348151952114752,0.0816538967192173,0.0878059035167098
498,1.2161659208312157,18.428022683522325,1,0.6021051619642035,0.5620213260180145,1.1043856154971727,0.5206766724586487,0.8853383660316467,0.9417293071746826,0.7298303671650611,0.08298398274928331,0.08918887004256248
499,1.2169891086275695,18.43826513884014,1,0.629469379693586,0.5698661162528164,1.117493925568939,0.5357142686843872,0.88345867395401,0.9398496150970459,0.7397549774914359,0.33923344872891903,0.3453812552616
