iteration,loss,lengthscale,outputscale,likelyhood_noise,test_MAE,test_NLL,test_PICP50,test_PICP90,test_PICP95,test_RMSE,it_time_training,it_time
0,1.9737049517312664,1.9670735756451603,0.47905108589614165,0.9593699304211917,0.6753455610594213,1.3061829144128745,0.6860902309417725,0.9624060392379761,0.9661654233932495,0.8590081578090424,0.40892174653708935,0.4383882721886039
1,1.740007703526821,2.098889950976333,0.3382722853709932,1.19293719229057,0.6381260199275447,1.2979181855594628,0.6015037298202515,0.9266917109489441,0.9887217879295349,0.8397846728082234,0.11088091786950827,0.1180359311401844
2,1.5573735124839478,2.6444687312075468,0.25129745187062386,1.3273210616369748,0.6156652884330347,1.2707275526742632,0.7105262875556946,0.9718044996261597,0.9906014800071716,0.7928848886645532,0.09409236442297697,0.10094079002737999
3,1.4758700373254243,3.3326514930705438,0.1967167948839122,1.3433962319534836,0.5881819784565625,1.242167192700954,0.7086465954780579,0.9793233275413513,0.9906014800071716,0.7629893815900182,0.0897336844354868,0.09599544014781713
4,1.4159776758244085,4.0282851311364585,0.1613522556566314,1.2643306120811002,0.5736998936711954,1.203550902291559,0.701127827167511,0.9736841917037964,0.9887217879295349,0.7401472926598338,0.08348734676837921,0.08976639434695244
5,1.364966791265303,4.705787194876729,0.1386787592819391,1.1249384401608413,0.565659824983709,1.1624709685783206,0.6936089992523193,0.9605262875556946,0.9887217879295349,0.7270420677102415,0.08253536000847816,0.08869180735200644
6,1.314609384545468,5.341329587717137,0.12495632130231599,0.9591074001328668,0.5679902299784665,1.1345075890898566,0.6484962701797485,0.9417293071746826,0.9793233275413513,0.7315048880296546,0.0833817571401596,0.08963072393089533
7,1.2758914282195526,5.925091290428376,0.11746468698322224,0.7983910997601033,0.5659727698770117,1.106746853621982,0.5883458852767944,0.9097744226455688,0.9661654233932495,0.727202934364661,0.08280813880264759,0.08910084515810013
8,1.2411699668964296,6.451197323738975,0.11383522201493934,0.6719544068257729,0.5585134566471257,1.084878054421722,0.5582706928253174,0.8984962701797485,0.9436089992523193,0.7179418328110506,0.08225045073777437,0.08840182702988386
9,1.2306896385965571,6.914959203842512,0.1131369112117312,0.5914953681571629,0.5572091565241842,1.0871700552038701,0.5131579041481018,0.8796992301940918,0.9210526347160339,0.7188045326418617,0.08151276223361492,0.0876603489741683
10,1.2326067023858471,7.284502435904844,0.11419200252912189,0.5576080362521921,0.5621509418646564,1.092012908663123,0.5131579041481018,0.8609022498130798,0.9172932505607605,0.7192475100903041,0.0821704613044858,0.08844401687383652
11,1.236910436147189,7.573702259607107,0.11591705545382842,0.5681070308817691,0.5642063948145147,1.1013366515830143,0.4887218177318573,0.86654132604599,0.9210526347160339,0.7256887080786516,0.08157439157366753,0.08772080764174461
12,1.2348555926707907,7.772607818502316,0.11943286446792158,0.6036197141785689,0.5641184528066222,1.091151426261277,0.5206766724586487,0.8853383660316467,0.9248120188713074,0.7211425614894589,0.08106528222560883,0.08720873948186636
13,1.230152092636363,7.952656872152609,0.12080587214702497,0.6350407292655087,0.5607560392507923,1.0916932217296833,0.5451127886772156,0.8796992301940918,0.9398496150970459,0.7226013836015923,0.08094051294028759,0.0870438301935792
14,1.228610018769795,8.061478134518254,0.12477432568988592,0.6566844157207932,0.562462622980209,1.0905382859621482,0.5394737124443054,0.8909774422645569,0.9360902309417725,0.7217480105813546,0.08115785382688046,0.08724563010036945
15,1.2233111259690204,8.171323490803715,0.12829200941950103,0.653605049481924,0.5573247377507451,1.0810022594533797,0.5432330965995789,0.8909774422645569,0.9454887509346008,0.7146363385175611,0.0809500040486455,0.08706760965287685
16,1.220279269853171,8.276693605221386,0.13226977763455824,0.6435553371661036,0.556939480008718,1.0798597993579875,0.548872172832489,0.8872180581092834,0.9379699230194092,0.7141667937387588,0.08089270256459713,0.08718367014080286
17,1.2242324715000812,8.381550633779778,0.13792686335923915,0.6243768190315643,0.5672300602412816,1.0982629910319048,0.5319548845291138,0.8872180581092834,0.9304511547088623,0.7265909623657358,0.08295053895562887,0.0892342459410429
18,1.2236716925573923,8.47099646692342,0.13999174613225054,0.6187150407447483,0.5577628772134829,1.0805246022000066,0.5357142686843872,0.8778195381164551,0.9342105388641357,0.7143411772326217,0.08112048357725143,0.08725184947252274
19,1.219032374252793,8.566950227319769,0.14563017802947403,0.619732772167366,0.5556642514489564,1.0785875921460206,0.5394737124443054,0.8815789222717285,0.9304511547088623,0.7131137534907748,0.0811865022405982,0.08729893900454044
20,1.2171657160087135,8.658135665976708,0.15099939180841987,0.6235462776636069,0.5654311901991449,1.0911319385040574,0.5244361162185669,0.8890977501869202,0.9379699230194092,0.7217484646857606,0.08090977370738983,0.08700058981776237
21,1.2199591491544015,8.743905881738355,0.153575799517531,0.62351544810629,0.5572806803806216,1.0795907620519474,0.5394737124443054,0.8872180581092834,0.9342105388641357,0.7138479469328449,0.08089417219161987,0.08702587988227606
22,1.217997929154171,8.837078055316482,0.15873690776860622,0.6224505611981529,0.5554816141706761,1.0785489130547248,0.5394737124443054,0.8872180581092834,0.9398496150970459,0.7130329979979135,0.08075937442481518,0.08686605095863342
23,1.2122265943555661,8.906174764042385,0.16465760175971839,0.6203763183134536,0.5606797147694237,1.0840963560339718,0.5281955003738403,0.8815789222717285,0.9379699230194092,0.7167476608978656,0.08087348379194736,0.08698443975299597
24,1.213666812885456,8.979210091867742,0.16824262701244141,0.6147702601967161,0.5562458557605471,1.0779830715955439,0.5263158082962036,0.8815789222717285,0.9360902309417725,0.7125353537074282,0.08141696266829967,0.08752659894526005
25,1.2163550451884835,9.039618706243136,0.17535706015460525,0.6128359157930447,0.5620885144363332,1.088613338819801,0.5263158082962036,0.8815789222717285,0.932330846786499,0.7199416411218552,0.0807378739118576,0.086796710267663
26,1.2177630396454528,9.105839711751665,0.17899656586158755,0.6172233350949001,0.5577098343090348,1.0787823076308645,0.5375939607620239,0.8796992301940918,0.9360902309417725,0.7131155620332897,0.08055913355201483,0.0866385605186224
27,1.2167448847694895,9.190759066674074,0.18475808469440594,0.6170031307597648,0.5542279007127758,1.0781230795622854,0.5319548845291138,0.8815789222717285,0.9417293071746826,0.7128381485829138,0.08089031279087067,0.08699795883148909
28,1.2167160473907945,9.227870164677102,0.1905089159960413,0.6214607660492238,0.5638572344402903,1.0855831115596635,0.518796980381012,0.8796992301940918,0.9436089992523193,0.7179388223061378,0.08071962371468544,0.08683677110821009
29,1.2169157364010184,9.320472920819135,0.19229880793880266,0.623679808270908,0.5544165832278197,1.07628419698032,0.5469924807548523,0.8872180581092834,0.9379699230194092,0.7116443928547834,0.08088372275233269,0.08699807897210121
30,1.2161471838544593,9.391755800110307,0.1976441821125327,0.621633480397848,0.5554685554364706,1.0785885894612242,0.5263158082962036,0.8759398460388184,0.9398496150970459,0.7130254996484902,0.08083055354654789,0.08689633011817932
31,1.2162705157834783,9.449440655404487,0.20036674578495628,0.6190901358767025,0.5636541553433847,1.0862427315511491,0.5394737124443054,0.8815789222717285,0.932330846786499,0.7182418969637613,0.08080267254263163,0.08689937926828861
32,1.2134014297688602,9.554971584674727,0.201175818027218,0.6124506786849889,0.5543921879546156,1.081836109447147,0.5469924807548523,0.88345867395401,0.9360902309417725,0.7151715589059134,0.08278540801256895,0.08918253518640995
33,1.2193194961672689,9.592739000271518,0.20731263328086463,0.6170258043900051,0.5659354465483726,1.0924194448553748,0.5244361162185669,0.8890977501869202,0.9304511547088623,0.7224876032428337,0.0815899120643735,0.0877167796716094
34,1.2189805789093124,9.663880897052731,0.20668664878789755,0.6181963758945969,0.5544341666006216,1.075694308778729,0.5526315569877625,0.88345867395401,0.9379699230194092,0.7110448514276887,0.08141229208558798,0.08750195894390345
35,1.2148415853247674,9.696898631348729,0.2122454647575009,0.6171969846090214,0.5537393406702606,1.0724893562712474,0.5244361162185669,0.88345867395401,0.9379699230194092,0.7086282714468212,0.0813277019187808,0.08761907834559679
36,1.2124374776227673,9.763770416777332,0.21810975969351204,0.619550967071234,0.5558009317534213,1.0774598675571525,0.548872172832489,0.8872180581092834,0.9398496150970459,0.7123854688889768,0.08109592273831367,0.08726483955979347
37,1.2108868092224578,9.839654263201028,0.220942316760405,0.6191312362441852,0.5550534608634917,1.0735224006009232,0.5375939607620239,0.8796992301940918,0.9436089992523193,0.7096046939582304,0.08132926281541586,0.08751428872346878
38,1.2123255009359757,9.901272624006872,0.22727754397282662,0.6082504002752476,0.5551517775116444,1.0767946973595113,0.5338345766067505,0.8759398460388184,0.9360902309417725,0.7115293843924815,0.08570840302854776,0.09187811892479658
39,1.2129943798135514,9.956184647269964,0.23244690568843449,0.6059546574557099,0.5523184905381024,1.0710493520980215,0.5394737124443054,0.8815789222717285,0.9379699230194092,0.7076155201396839,0.08098234422504902,0.08712929021567106
40,1.2099314522597706,10.0121360707226,0.23804456098867108,0.6149395410303593,0.5597783479114347,1.0855379594607408,0.5206766724586487,0.8872180581092834,0.9379699230194092,0.7176980062807535,0.08127397205680609,0.08738764841109514
41,1.2169848509033656,10.097784555351241,0.23965135669411028,0.6145584918889264,0.5537357950771399,1.0759103612855974,0.5375939607620239,0.88345867395401,0.9342105388641357,0.7109747063945926,0.08145442232489586,0.0875706085935235
42,1.2185860555488628,10.141180201666867,0.24585566987658197,0.6166197084947359,0.5549603145927,1.0755009999472545,0.5319548845291138,0.8796992301940918,0.9417293071746826,0.71080282162121,0.0811277125030756,0.08719063922762871
43,1.2174389860536048,10.198546406442054,0.2467791619191525,0.6229792271430302,0.553453059642813,1.073005946246206,0.5263158082962036,0.88345867395401,0.9436089992523193,0.7091353410419672,0.08144578151404858,0.08755262847989798
44,1.2157201588915219,10.260761812900887,0.24788173029368865,0.6221482642561461,0.5565564785034683,1.0764410801933555,0.5394737124443054,0.8853383660316467,0.9398496150970459,0.7115048115114079,0.08106374274939299,0.08713589981198311
45,1.2123507435530272,10.309182892336063,0.24872852730177686,0.6185333254528212,0.5555394089985761,1.0777488681588923,0.5432330965995789,0.8890977501869202,0.9342105388641357,0.7123642336079608,0.08116994239389896,0.08726668823510408
46,1.2126747504274882,10.352544299155735,0.254953616393492,0.6128562129888955,0.5540369862112792,1.0757331530538434,0.5319548845291138,0.8778195381164551,0.9417293071746826,0.7110927335906195,0.08131300285458565,0.08740909956395626
47,1.2136508190411823,10.437464710014671,0.25446263977130057,0.6078733339365076,0.5530117839405695,1.072338545643406,0.5338345766067505,0.88345867395401,0.9379699230194092,0.7084554046790608,0.3220498962327838,0.3288741009309888
48,1.209898628842733,10.483613795176948,0.26123141216403506,0.6125333607447009,0.5533846832024792,1.0713001762228278,0.5225563645362854,0.8796992301940918,0.9417293071746826,0.7077178274381052,0.08144345227628946,0.08753613941371441
49,1.2121460382901907,10.476822132088508,0.26931409750120217,0.6126373502202211,0.5599190905714351,1.0853587704091943,0.5338345766067505,0.8853383660316467,0.9304511547088623,0.71752857183337,0.08107155282050371,0.0872026402503252
50,1.2164884682377277,10.549775312548803,0.26653453900287977,0.6133125386462354,0.5541670059175684,1.0755328748257773,0.5244361162185669,0.8815789222717285,0.9398496150970459,0.7107585894054146,0.08086770307272673,0.08709804061800241
51,1.2142092172361822,10.595259043390353,0.2681460139633695,0.6175610803929356,0.5594110293138,1.0762143267757966,0.530075192451477,0.88345867395401,0.9398496150970459,0.7111725867920915,0.08077248372137547,0.08685860969126225
52,1.2109148618330168,10.619315968157574,0.2720904433848907,0.613735192803745,0.5582759663633993,1.0820812623628513,0.5244361162185669,0.8853383660316467,0.9360902309417725,0.7152606984683568,0.08105659298598766,0.08713763952255249
53,1.2117423311675126,10.66433896987793,0.27323841002102245,0.6103885086310687,0.5493594418070524,1.066307181759493,0.5375939607620239,0.8872180581092834,0.9454887509346008,0.7043910412072517,0.08080854266881943,0.08692407980561256
54,1.21175771532664,10.707506735862175,0.2769290265305511,0.6082340777832098,0.5554988376389506,1.0738873696663267,0.5394737124443054,0.8778195381164551,0.9398496150970459,0.7097425421281334,0.081148493103683,0.08724723011255264
55,1.2106560096252692,10.756218128504754,0.2791985023499314,0.6127763025943178,0.5562508004707823,1.0788499351471836,0.5432330965995789,0.8872180581092834,0.9304511547088623,0.7130407687982452,0.08136412128806114,0.08750534895807505
56,1.2111860930390987,10.790254317163802,0.287044672513356,0.6117299824967768,0.5580273292714161,1.0773576684482908,0.5263158082962036,0.88345867395401,0.9398496150970459,0.7118778398263926,0.08100420329719782,0.08711283002048731
57,1.216526608093314,10.840746640231528,0.2867383693593402,0.6111448649658381,0.5494008561490447,1.06841432516836,0.5375939607620239,0.8909774422645569,0.9417293071746826,0.7057906086513148,0.08094449248164892,0.0870677400380373
58,1.21385733156732,10.887506750873829,0.28758604898808904,0.6142982906021026,0.5552236740354694,1.0766864608354334,0.530075192451477,0.8778195381164551,0.9379699230194092,0.7116332638244254,0.08158194180577993,0.08770485781133175
59,1.214633040178778,10.927171923875054,0.29186952573771974,0.6164275693040039,0.5550077358329414,1.0726862817941019,0.5413534045219421,0.8796992301940918,0.9417293071746826,0.7088747494778443,0.08179214131087065,0.08795004803687334
60,1.213728090608542,10.968693712601349,0.2922630235344343,0.617279357180059,0.5561725516243072,1.0786398140407267,0.5225563645362854,0.8853383660316467,0.9304511547088623,0.7130122156346739,0.08129202295094728,0.08741445932537317
61,1.2153501701661111,11.02910368174827,0.296872008534246,0.6145691315345607,0.5574791844143167,1.0795475084258759,0.5338345766067505,0.8890977501869202,0.9360902309417725,0.7132541631276655,0.08138011209666729,0.08753983955830336
62,1.2085766204015753,11.045749846209613,0.2980103439386698,0.6186768097634506,0.5526277550555176,1.0719470329950258,0.5413534045219421,0.8872180581092834,0.9398496150970459,0.7082045414677667,0.0808282746002078,0.08691615052521229
63,1.213907813911077,11.074589187778784,0.2988370993531927,0.6143118343990097,0.5557010611664568,1.0754076652263949,0.5413534045219421,0.8815789222717285,0.9398496150970459,0.7106917208188037,0.08096101228147745,0.08706938941031694
64,1.2146949285618864,11.121312209582415,0.3029473356739153,0.6089182969040843,0.5566535166217378,1.0791920247056106,0.5357142686843872,0.8909774422645569,0.9417293071746826,0.713149915297944,0.08067709300667048,0.08675293996930122
65,1.2148460750461574,11.15975098721623,0.2991913238129947,0.6108123234474351,0.5524358130440216,1.0681750677785216,0.5413534045219421,0.88345867395401,0.9436089992523193,0.7055294659204298,0.08077158313244581,0.08691425994038582
66,1.2117817770800285,11.178173141748083,0.3048129113197736,0.6176671479845891,0.557901282715305,1.07647719817122,0.5375939607620239,0.8815789222717285,0.9417293071746826,0.7113139515150066,0.08097358327358961,0.08708092849701643
67,1.2148154286735378,11.222588512849143,0.3091035591901783,0.6181792920665435,0.5556559791593073,1.0790098833784136,0.5338345766067505,0.88345867395401,0.9454887509346008,0.7132378731202759,0.08068523369729519,0.08678300119936466
68,1.2135984633514985,11.25408794798814,0.30955261018268015,0.6221461578379037,0.5566227359804616,1.0746809936085906,0.5375939607620239,0.8853383660316467,0.9379699230194092,0.7102319019883585,0.08070916309952736,0.08685029949992895
69,1.2153021990057737,11.305918538811735,0.3075269439273694,0.6095660727293967,0.5547323754607453,1.0751942819278428,0.530075192451477,0.88345867395401,0.9379699230194092,0.7105078805824507,0.08075920306146145,0.0868651894852519
70,1.214582749877553,11.348645240846825,0.3076331350778834,0.6116072354662013,0.5520687732837863,1.0692053871052416,0.5469924807548523,0.8909774422645569,0.9417293071746826,0.7060108473396869,0.08088224288076162,0.08694321010261774
71,1.2161104762313548,11.393076292783363,0.3098335692470501,0.6140766478397872,0.5577346802674275,1.078541305087814,0.5281955003738403,0.8796992301940918,0.9360902309417725,0.7127176043212012,0.08074450213462114,0.0868320893496275
72,1.2096301495390178,11.427811497442152,0.30930040078266086,0.6198468324932213,0.5522867509523993,1.0698138457448283,0.548872172832489,0.8890977501869202,0.9417293071746826,0.7067730603644317,0.08080078288912773,0.0868976004421711
73,1.2120536757270728,11.445071323086877,0.31505545294395254,0.6126032906914007,0.5532334280722692,1.0718971116974043,0.5244361162185669,0.8853383660316467,0.9379699230194092,0.7081619736813358,0.08093697391450405,0.08706212975084782
74,1.2124641990309462,11.464283149759371,0.3203104782496166,0.6071929810119561,0.5587697456450149,1.0802587672366013,0.5263158082962036,0.8796992301940918,0.9304511547088623,0.7138905407661205,0.0808318043127656,0.08691366016864777
75,1.2134995522787027,11.521948622681624,0.32124528112332984,0.6190542328172005,0.5530057121595993,1.0735627384652549,0.5206766724586487,0.8872180581092834,0.9436089992523193,0.7092799114293898,0.08064016420394182,0.08674407005310059
76,1.2135127047705436,11.557143758667614,0.31926480859166584,0.6143953122050698,0.5542481039254118,1.071483483088977,0.530075192451477,0.8909774422645569,0.9417293071746826,0.7079224364721869,0.08072706405073404,0.08677281066775322
77,1.2139094405773592,11.600351863599977,0.32066290925177027,0.6137450788958094,0.5512834332244815,1.0679717512359397,0.5319548845291138,0.8909774422645569,0.9417293071746826,0.7053743375949917,0.08071738388389349,0.08679625112563372
78,1.213344908614256,11.586120518088567,0.33031317081511397,0.6200060054351345,0.5575733197923405,1.0796973070679772,0.5319548845291138,0.88345867395401,0.9398496150970459,0.7134366086565638,0.08071040362119675,0.086771160364151
79,1.2111239906724485,11.639070146333482,0.32245742238465414,0.6116540117842605,0.5534335528918863,1.0742393941219037,0.5263158082962036,0.8872180581092834,0.9417293071746826,0.7096947881432604,0.08067176397889853,0.08675627037882805
80,1.2098683912876145,11.662319937258156,0.32409244139463705,0.6061331045151284,0.5534246120091856,1.0688783179657055,0.530075192451477,0.8853383660316467,0.9398496150970459,0.7058886506837846,0.08057964406907558,0.08664750121533871
81,1.2107139229973238,11.680942047733147,0.3298688434441287,0.6063971250026381,0.5532650769290122,1.0736709507572226,0.5319548845291138,0.8778195381164551,0.9360902309417725,0.7091700067203175,0.08190369140356779,0.08814172726124525
82,1.209605258531841,11.71052839326004,0.3322123797547767,0.6098515793813175,0.5521327495918016,1.0705002620072464,0.5451127886772156,0.88345867395401,0.9379699230194092,0.7072178391459212,0.08129826188087463,0.08748301770538092
83,1.2119120784230741,11.716619261746278,0.3351005293489082,0.6119565549033752,0.5510572724591235,1.0698209335723625,0.5357142686843872,0.8853383660316467,0.9417293071746826,0.7064895280771045,0.08163898158818483,0.08776173740625381
84,1.2072483311682798,11.734199812619728,0.33849536128956287,0.6198737299583522,0.5555026960339491,1.0733842240464735,0.5357142686843872,0.88345867395401,0.9398496150970459,0.7092224458633103,0.08137498237192631,0.08745176903903484
85,1.210372616551082,11.788782337692215,0.34069100441153116,0.6043297663490413,0.5527755688807979,1.0706583298755432,0.530075192451477,0.8778195381164551,0.9379699230194092,0.70717445873424,0.08287206944078207,0.08904472552239895
86,1.2083280276112442,11.825673498860725,0.3427137494775361,0.6001876753410403,0.5516548491220001,1.069227707743032,0.530075192451477,0.8872180581092834,0.9379699230194092,0.7060551911309937,0.08611076232045889,0.09261275827884674
87,1.2105985152231706,11.82175827418135,0.3462154415565286,0.6144076479430838,0.5595648712441301,1.0792297193089957,0.5263158082962036,0.8853383660316467,0.9417293071746826,0.7130248375360099,0.08154423162341118,0.08767235837876797
88,1.2113962122947952,11.88485435898642,0.34481668498312706,0.6124129701526086,0.5504240108858551,1.071851768912442,0.5281955003738403,0.8909774422645569,0.9342105388641357,0.7080775668607897,0.08118070289492607,0.08728999923914671
89,1.2086477538810638,11.934866278623696,0.3475433875541319,0.6146827979687544,0.5529525635277965,1.0732803855829518,0.5469924807548523,0.8872180581092834,0.9360902309417725,0.7088500989307776,0.08089584391564131,0.08698010165244341
90,1.2123269670382057,11.963102360182457,0.3505803825950057,0.6044421285143761,0.5564100689553947,1.0767140063095046,0.5281955003738403,0.8815789222717285,0.9379699230194092,0.7113144968260764,0.08090223371982574,0.08700541034340858
91,1.2079796420128215,11.976896157628508,0.35228928007663746,0.6158975521041968,0.5517073759679775,1.069061805338751,0.530075192451477,0.8853383660316467,0.9417293071746826,0.7059687336165498,0.08080866280943155,0.0869125397875905
92,1.2102022350588943,12.027377132787056,0.351125072729364,0.6143782473799231,0.5516709951445642,1.0699964956807835,0.5225563645362854,0.8928571343421936,0.9398496150970459,0.7067388857781235,0.08094797376543283,0.08704883977770805
93,1.2165865077454059,12.034400341647693,0.36025170129556244,0.5971760187709293,0.5563989792432465,1.0739487973217574,0.5244361162185669,0.8853383660316467,0.9360902309417725,0.7090117214045212,0.08081924263387918,0.08690453972667456
94,1.2116844180965956,12.035953220669015,0.3608962030438709,0.6188898056150857,0.558547549344913,1.0815485787304975,0.5319548845291138,0.88345867395401,0.9417293071746826,0.714675445177811,0.08096978347748518,0.0870599802583456
95,1.2132494320771505,12.072057906784348,0.35306935407831186,0.6239584104732063,0.5521391259566362,1.0696897298916224,0.5469924807548523,0.8890977501869202,0.9454887509346008,0.7064391307519887,0.08092846348881721,0.08701955899596214
96,1.2117459892393596,12.088767161705979,0.3557784433333222,0.6101218999661736,0.553049932531695,1.071442095591699,0.5394737124443054,0.8890977501869202,0.9398496150970459,0.7076681334465691,0.08100210316479206,0.08706308994442225
97,1.211329942183917,12.10751994620592,0.3565527429399994,0.6092883247388075,0.5535609040979032,1.073428861057607,0.5394737124443054,0.8796992301940918,0.9342105388641357,0.7088730795106473,0.08089534286409616,0.08697822969406843
98,1.2160786823014007,12.13402884541087,0.35741635375329817,0.6028283800491697,0.5538907718364052,1.070804698610888,0.5357142686843872,0.8778195381164551,0.9342105388641357,0.7071670385776866,0.08177676144987345,0.08789752796292305
99,1.2144545144095926,12.199596921543021,0.35686086893686947,0.6154286231009425,0.5516967216094343,1.0707353765344927,0.5319548845291138,0.8909774422645569,0.9436089992523193,0.7071191472201356,0.0809673834592104,0.0870479503646493
100,1.2123713037329422,12.213750660780889,0.36397021495557413,0.6237170642173603,0.557476344785163,1.0766287174730615,0.518796980381012,0.8928571343421936,0.9379699230194092,0.7112711408134667,0.08102076314389706,0.08710604906082153
101,1.2127055113114174,12.222857782756801,0.36341975272026367,0.620268266922774,0.5589329643672231,1.0795363101692221,0.5244361162185669,0.8909774422645569,0.9360902309417725,0.7133165094330763,0.08084853272885084,0.08702533040195704
102,1.2192784612031233,12.295894927300656,0.3529010038147202,0.6097300885207617,0.5566716258810899,1.0813345768924139,0.5112782120704651,0.8796992301940918,0.9360902309417725,0.7139972901873328,0.08062719274312258,0.08667706977576017
103,1.2248554402763354,12.301609139647386,0.3483993336592123,0.6245708225014965,0.5565464339318037,1.0766542912491932,0.548872172832489,0.8815789222717285,0.9398496150970459,0.7114521174243568,0.08062747400254011,0.08670954033732414
104,1.215410725865058,12.291124975266108,0.35294853676669036,0.6273477589187157,0.5647176186394813,1.0863856146660975,0.5131579041481018,0.8928571343421936,0.9398496150970459,0.7179504027942045,0.08065643440932035,0.08672503102570772
105,1.2180675165162953,12.331778440128128,0.33989276727104795,0.6217350579459675,0.5510732458313482,1.0674523054317497,0.5319548845291138,0.8909774422645569,0.9454887509346008,0.7047491796366856,0.08054819516837597,0.08663674164563417
106,1.21406942287206,12.342283818822775,0.33694558194482477,0.6240057362338165,0.5530798327360693,1.0704302864746646,0.5394737124443054,0.8909774422645569,0.9436089992523193,0.7067931720864735,0.08089753333479166,0.08696745987981558
107,1.2126888679745895,12.340510270479605,0.34040456027970556,0.6093301194088369,0.5647837041003397,1.0940795158918204,0.5169172883033752,0.88345867395401,0.9398496150970459,0.7227533357565539,0.08075757324695587,0.08686009980738163
108,1.2167083446225495,12.36650084721027,0.33275159196286025,0.6044470384881557,0.5539988952496993,1.071195815709626,0.530075192451477,0.8796992301940918,0.9360902309417725,0.7073203392109992,0.08128808252513409,0.08735588006675243
109,1.2093240322802363,12.373328239068078,0.3356774859155841,0.6221950352497664,0.5513681527468512,1.0687570830208404,0.5375939607620239,0.88345867395401,0.9436089992523193,0.7056347437039616,0.08125980291515589,0.08742213994264603
110,1.2105052939116714,12.38404367501616,0.3381824506947193,0.6141299730229722,0.5541478526406277,1.0735586590102097,0.5263158082962036,0.8872180581092834,0.9436089992523193,0.7088426236191475,0.08128340356051922,0.08737676031887531
111,1.2082491586446333,12.418810670927193,0.3404789814804637,0.6078087228113386,0.554833816223575,1.0731533331672636,0.5319548845291138,0.8778195381164551,0.9379699230194092,0.7088724279113412,0.0815411526709795,0.08767414838075638
112,1.2106999946786705,12.456492929915242,0.3408639628352177,0.6071934335022333,0.5507555995826228,1.0685739956833316,0.5263158082962036,0.8909774422645569,0.9398496150970459,0.7054828118493619,0.08154469169676304,0.08771160803735256
113,1.2127425176827435,12.478712356890387,0.3453565689320498,0.6031053434442282,0.5531180668659892,1.0710856519366747,0.5375939607620239,0.8815789222717285,0.9379699230194092,0.7069640293717937,0.0819107610732317,0.08816011715680361
114,1.2098161929633426,12.44673501862683,0.35445804393914104,0.6217373799345861,0.5644154688360068,1.092427553005995,0.5375939607620239,0.8872180581092834,0.9285714030265808,0.7220087971351244,0.08148905262351036,0.08761086780577898
115,1.215067954182821,12.496549537670061,0.3482095476945465,0.6195197652052064,0.5538057416762537,1.0698464556252294,0.5281955003738403,0.8909774422645569,0.9436089992523193,0.7065364236767214,0.08116782177239656,0.08724876958876848
116,1.2089837771179703,12.49911884408434,0.35226917791606777,0.6132276866467902,0.5525422608709745,1.0702348107023785,0.5394737124443054,0.8872180581092834,0.9417293071746826,0.7067832558713676,0.08106104284524918,0.08716034982353449
117,1.2096345396202897,12.49517314739541,0.35345073011071826,0.6096686859639499,0.5544963792408089,1.0753368205183251,0.5225563645362854,0.8890977501869202,0.9417293071746826,0.7102910986811304,0.08089640364050865,0.08697035070508718
118,1.2140710251778644,12.543625078825938,0.3521586198753777,0.601715827534502,0.5537185398857558,1.0713204511118106,0.5263158082962036,0.8815789222717285,0.9360902309417725,0.7070680706878304,0.08108153194189072,0.0871268892660737
119,1.2115646855747264,12.5310203937563,0.3599832997839273,0.6149929778479454,0.5633481544589793,1.0894926858282084,0.530075192451477,0.8909774422645569,0.9360902309417725,0.7199179964779784,0.08099906239658594,0.08708025980740786
120,1.214368760693453,12.540042965726455,0.35427295826573235,0.6261531559140672,0.5527138711437213,1.068481511420026,0.5338345766067505,0.8890977501869202,0.9436089992523193,0.7056356349104371,0.08270200993865728,0.08880377560853958
121,1.2110691631169987,12.564392066043455,0.3573951237500761,0.6224793399362245,0.5514660792588838,1.0680990332190077,0.5375939607620239,0.8872180581092834,0.9454887509346008,0.705343543910756,0.08087528310716152,0.08693838026374578
122,1.2131225053969608,12.562715805537545,0.357344966071778,0.5958541775504959,0.5534356005426637,1.070664733686399,0.5244361162185669,0.8778195381164551,0.9379699230194092,0.706867068724836,0.0807069344446063,0.08680917974561453
123,1.2118799155306195,12.581267861608838,0.35557550572163144,0.6073269724937551,0.5507452738775761,1.0679879736709852,0.5225563645362854,0.8909774422645569,0.9360902309417725,0.7052585002462556,0.08134100213646889,0.08757821936160326
124,1.2144142298503717,12.599272606615681,0.36414240574033646,0.6168498081377957,0.5561886108288943,1.0753040642618947,0.518796980381012,0.88345867395401,0.9454887509346008,0.7100911298347982,0.08293550927191973,0.08907335624098778
125,1.210986754084847,12.61629962115475,0.3602425473809869,0.624044361721031,0.5539948094645722,1.0703860854282783,0.5413534045219421,0.88345867395401,0.9454887509346008,0.7069110977022663,0.08111168351024389,0.08735150936990976
126,1.212184407678686,12.642419130413245,0.3615882980445461,0.6186581841074653,0.5524595969470031,1.0694417125004587,0.530075192451477,0.896616518497467,0.9417293071746826,0.7060599223593613,0.08116431348025799,0.08725777920335531
127,1.2069871196934443,12.613967750848262,0.36277352975772814,0.6040203793219666,0.5526170530352514,1.0703779547623333,0.5338345766067505,0.8815789222717285,0.9398496150970459,0.7067810369934167,0.08142724260687828,0.08754427917301655
128,1.2082029261283678,12.627741717945344,0.3689991453664373,0.5956689542170606,0.5538040181294439,1.0727791717378257,0.5319548845291138,0.8815789222717285,0.9360902309417725,0.7081157415568169,0.08099877275526524,0.08707877900451422
129,1.210261127099443,12.62814855881345,0.37104555296687586,0.6081748300183302,0.5523843602572753,1.0723361751343028,0.5244361162185669,0.8853383660316467,0.932330846786499,0.7081325906989504,0.08105688355863094,0.08713852055370808
130,1.211872061250758,12.641859682627455,0.3684825779945008,0.6213614920659782,0.5522012779406186,1.0692174664260854,0.5451127886772156,0.8890977501869202,0.9417293071746826,0.7059607750970929,0.08098715450614691,0.08706673048436642
131,1.209941714703484,12.649062919061771,0.37443244437260925,0.6150612854316901,0.5568515842494259,1.0737992599502977,0.5281955003738403,0.8890977501869202,0.9360902309417725,0.7093299112567801,0.08594168163836002,0.0921058189123869
132,1.2098593465178902,12.682759315786678,0.3794730193012287,0.6069346818151631,0.5507553602695354,1.0721640430639754,0.5206766724586487,0.88345867395401,0.9417293071746826,0.7080417550863138,0.08113446366041899,0.08727383054792881
133,1.2121235883123473,12.70297312683508,0.37755158289631074,0.6038536437782541,0.5540562706400359,1.0732284220623531,0.5263158082962036,0.8815789222717285,0.9379699230194092,0.7086025377672651,0.08085957262665033,0.08692232985049486
134,1.2065291857777636,12.747011400862034,0.3778934675732526,0.6128845514584228,0.5525895063666301,1.0684109342858086,0.5357142686843872,0.88345867395401,0.9417293071746826,0.7055402656822994,0.08123468328267336,0.08739192876964808
135,1.2093553719003431,12.78698939509151,0.38098942288400417,0.6126780129821642,0.5494956173129034,1.06848226036635,0.5357142686843872,0.8890977501869202,0.9417293071746826,0.7057685408154752,0.08124128170311451,0.0873815594241023
136,1.2111054664019008,12.787958677411869,0.3880076961817972,0.6090503335472918,0.5556175590724703,1.073991880094215,0.5338345766067505,0.88345867395401,0.9417293071746826,0.7093412380965102,0.08101770281791687,0.08714246936142445
137,1.206935615758092,12.832837291200086,0.38741443625612504,0.612944281936052,0.5525047674105948,1.0723838273055115,0.5338345766067505,0.8815789222717285,0.9379699230194092,0.7083533309434529,0.08088597282767296,0.08711494971066713
138,1.2097639727896814,12.851981014709153,0.39037853884452445,0.6080771012045266,0.5517033695998743,1.0669966786104892,0.5375939607620239,0.8890977501869202,0.9398496150970459,0.7044921337018192,0.08116062264889479,0.0873156301677227
139,1.2118683535426256,12.881062364602746,0.3952398998552388,0.6022678191955884,0.5561052903843063,1.0750207245267474,0.5225563645362854,0.8796992301940918,0.9398496150970459,0.7096760938203072,0.08130817301571369,0.08746910840272903
140,1.206447781710784,12.919663974135908,0.39411810381944906,0.6103759178589875,0.5509140479161737,1.0687739173343984,0.5451127886772156,0.8890977501869202,0.9379699230194092,0.7057306584752574,0.08086894266307354,0.08695163019001484
141,1.2107311811938408,12.956047779519434,0.39403059398305684,0.6098317723936035,0.5499137873265694,1.0700438807976975,0.5338345766067505,0.8853383660316467,0.9436089992523193,0.706663036543303,0.0809125229716301,0.08698984980583191
142,1.211972637165385,12.977805876532782,0.3970765647429023,0.6123398195873382,0.5561382878020353,1.0703449951403106,0.5357142686843872,0.8853383660316467,0.9398496150970459,0.7069459895770525,0.08067513350397348,0.08675547037273645
143,1.2093184273696969,13.038230525168524,0.398452302099624,0.6079799645318035,0.5538841318160038,1.0744441071528013,0.5319548845291138,0.8759398460388184,0.9360902309417725,0.7097194948206967,0.08075369335711002,0.08684084005653858
144,1.2110821607778,13.023342247322633,0.40763545145770774,0.6124097960397061,0.5584864932973446,1.0784977722206726,0.5375939607620239,0.88345867395401,0.9417293071746826,0.7121725253725493,0.08070227410644293,0.08680745027959347
145,1.2154735353061887,13.079383417754103,0.39699053497484715,0.6114899438101905,0.5522271945103834,1.0709260245928447,0.5357142686843872,0.88345867395401,0.9398496150970459,0.7074076073524435,0.08081818278878927,0.08689181972295046
146,1.2158324801520015,13.092031933019303,0.3941899931402269,0.6191088943772579,0.5524721433229918,1.070104398095737,0.5394737124443054,0.8872180581092834,0.9436089992523193,0.7064098438268616,0.08072380255907774,0.08677328005433083
147,1.211307852959439,13.107672659882368,0.397263361736675,0.6151521272624011,0.5573241274846157,1.0736000933985879,0.530075192451477,0.8853383660316467,0.9379699230194092,0.7088913144673514,0.08072275295853615,0.08679701946675777
148,1.2099195226562822,13.110615126464646,0.3978383867694597,0.6126597283410207,0.5542828810192006,1.0731384069753462,0.5357142686843872,0.8815789222717285,0.9379699230194092,0.7089335040424881,0.08061046432703733,0.08687112014740705
149,1.2119911291366394,13.144094071555378,0.39116198474868197,0.606345024329491,0.5511916466613539,1.071421970683466,0.5469924807548523,0.88345867395401,0.9360902309417725,0.7072909342642341,0.08054136391729116,0.08660560101270676
150,1.21217323691865,13.132079895947319,0.3984738866187018,0.6182263616477771,0.5545009526159529,1.0702636021743241,0.5244361162185669,0.8815789222717285,0.9417293071746826,0.7064230637125621,0.08075937256217003,0.08683034963905811
151,1.209514485370138,13.175104395414674,0.3962439875154156,0.608741750599753,0.5555953368754278,1.0760101282769152,0.5357142686843872,0.88345867395401,0.932330846786499,0.7106512225298204,0.08107032347470522,0.08720448892563581
152,1.2102623189670907,13.166105483449778,0.40551320212691894,0.6208655714239063,0.5535327828193497,1.0735466832471243,0.5375939607620239,0.8909774422645569,0.9398496150970459,0.7091350085924605,0.08077564463019371,0.08685880992561579
153,1.2109444998701049,13.168633635274823,0.404655359705562,0.6101753757675266,0.5528108447939949,1.0698467677182026,0.530075192451477,0.8815789222717285,0.9379699230194092,0.7064252017722296,0.08076635375618935,0.08684851042926311
154,1.2080292906248484,13.181908632564173,0.39892308028213963,0.5998471506761305,0.556332308813606,1.0721494179749025,0.5169172883033752,0.8796992301940918,0.9360902309417725,0.707577444219882,0.08183416165411472,0.08801286853849888
155,1.2097979570495232,13.219653507982128,0.397714994886815,0.6099155196743491,0.5545727987029051,1.0706628417608028,0.5357142686843872,0.8890977501869202,0.9417293071746826,0.7069824968413704,0.08123679179698229,0.08736841846257448
156,1.2099638544805804,13.226989770823987,0.403421381606997,0.6140690524994908,0.5516912088346221,1.0680132906206403,0.5375939607620239,0.8909774422645569,0.9454887509346008,0.705308820362944,0.08086162339895964,0.08695321995764971
157,1.2097133539132172,13.24814660340558,0.40650508638256866,0.6107486862311268,0.5520835188576665,1.0716676567446088,0.5263158082962036,0.8815789222717285,0.9398496150970459,0.7075396859327654,0.08088877238333225,0.08695381972938776
158,1.2080310410786073,13.252448877805488,0.405760825931205,0.6060747847975103,0.5533340436199194,1.0687775713381398,0.530075192451477,0.8853383660316467,0.9379699230194092,0.705825876178389,0.0806585643440485,0.0869755195453763
159,1.21363329515174,13.257106745180424,0.407688680590914,0.6030250388576239,0.5560940533517915,1.077941972106985,0.518796980381012,0.88345867395401,0.9360902309417725,0.711714642153603,0.08098661340773106,0.08708967082202435
160,1.2153692575046564,13.259641706315643,0.4116579281072406,0.6191485811865095,0.5519863870681889,1.068484895875464,0.5469924807548523,0.8872180581092834,0.9454887509346008,0.7054109502144444,0.2924434123560786,0.2986493883654475
161,1.213700329847591,13.317587747883469,0.4078287026745665,0.6252518152829821,0.5504159925070916,1.0653223438682586,0.5394737124443054,0.8872180581092834,0.9454887509346008,0.7033687814669987,0.08222262002527714,0.08849409688264132
162,1.210954139373015,13.361384708181316,0.4025218971549319,0.6231248961833077,0.5554283646226875,1.0726055475099547,0.5469924807548523,0.8890977501869202,0.9379699230194092,0.7081969385383449,0.08127378299832344,0.08742191921919584
163,1.2123547696229617,13.342615361146606,0.4144448009868253,0.6139448142187143,0.5585147778481178,1.0773571959140686,0.5375939607620239,0.8872180581092834,0.9436089992523193,0.7114616528307728,0.08191465120762587,0.0880048181861639
164,1.2156674445197897,13.35107176791648,0.4148920524804497,0.5948989064548155,0.5553737928370075,1.0792400917070282,0.5056390762329102,0.8778195381164551,0.9342105388641357,0.7124195381175488,0.08136027306318283,0.08750299923121929
165,1.2108976544279297,13.362269499346096,0.4114362175066314,0.6217953486371091,0.5497550997470357,1.0671121618466346,0.5394737124443054,0.8872180581092834,0.9436089992523193,0.7043810766220201,0.08098356332629919,0.08708484936505556
166,1.2115145376368868,13.38679281771613,0.40624036104291605,0.6212061755658543,0.5536704333277667,1.0730077529497055,0.5319548845291138,0.8909774422645569,0.9454887509346008,0.7086830174259633,0.0810403423383832,0.08712361846119165
167,1.2134812417762388,13.386878214189245,0.41060343934319676,0.6069728206525639,0.5526192407040383,1.0692906135827056,0.5319548845291138,0.8796992301940918,0.9360902309417725,0.7057245398477355,0.0809965431690216,0.08710549026727676
168,1.2091752168149026,13.413671796516843,0.4103228559693479,0.6043188131242544,0.5510230283939014,1.0707306513519275,0.5338345766067505,0.8778195381164551,0.9342105388641357,0.7068510152554595,0.08086518291383982,0.08699110057204962
169,1.2091605598280941,13.426229616180443,0.40954729271502593,0.6119848859348824,0.5572401188817914,1.077550294747291,0.5281955003738403,0.8872180581092834,0.9360902309417725,0.7115439220185685,0.08170837257057428,0.08785921800881624
170,1.2125327717408991,13.44199558716561,0.41473967513121834,0.6138555356184731,0.5571402582966489,1.078639504086877,0.5225563645362854,0.88345867395401,0.9342105388641357,0.7124020757031516,0.08127251174300909,0.08738698903471231
171,1.2113733192807636,13.459960075499206,0.4061620513799165,0.6114076449813985,0.5538212328021949,1.0741456410594925,0.518796980381012,0.8815789222717285,0.9379699230194092,0.7092968811910165,0.08105746284127235,0.087142338976264
172,1.2137007451831159,13.41767895069434,0.4101840592832663,0.6119987719695085,0.5527799787583212,1.0652274018731958,0.5375939607620239,0.8928571343421936,0.9417293071746826,0.7029160124685011,0.08097156323492527,0.08710450027137995
173,1.210467202756441,13.455510729304686,0.40755955242683095,0.6205942451003034,0.5500280825425186,1.0685171228690582,0.5357142686843872,0.8947368264198303,0.9436089992523193,0.7055615468457723,0.08093976322561502,0.0871924189850688
174,1.208196086376213,13.448163859611775,0.4169824307588245,0.6125665637653503,0.5652097182332144,1.0932667210034928,0.5112782120704651,0.8759398460388184,0.9360902309417725,0.7224235106324324,0.08106802310794592,0.08722582925111055
175,1.2161317040797097,13.458830252331564,0.40950523344124273,0.600039118190368,0.5544038310511856,1.0741215422201407,0.5319548845291138,0.8778195381164551,0.9379699230194092,0.7091107925775665,0.08099917322397232,0.08707196079194546
176,1.207972726854539,13.455840174288396,0.4087946658564928,0.6168699654626489,0.5539474909282482,1.0684199323330736,0.5469924807548523,0.8909774422645569,0.9436089992523193,0.7053021872523574,0.08133570197969675,0.08752423897385597
177,1.2124066578086454,13.458021950769602,0.4119305047016252,0.6140512697410714,0.5574704917323773,1.078146614952502,0.5225563645362854,0.8778195381164551,0.9379699230194092,0.7122748015497451,0.08113046176731586,0.08724506944417953
178,1.2104979491937204,13.447918698321322,0.4124038004857124,0.6128137760510755,0.5541077242174495,1.0721441011740236,0.5413534045219421,0.8890977501869202,0.9436089992523193,0.7080218190205295,0.08087116293609142,0.0869328798726201
179,1.2094995652828238,13.479013173503654,0.407720656094963,0.6087759309664637,0.550412068639518,1.069953837719163,0.530075192451477,0.8872180581092834,0.9398496150970459,0.7064374177195799,0.08119634352624416,0.08729961887001991
180,1.2124489683186372,13.501631296498337,0.4101019808071473,0.6053315186415426,0.5543402706108188,1.0712684848183094,0.5394737124443054,0.8796992301940918,0.9379699230194092,0.7070495968653757,0.0810215724632144,0.08708241023123264
181,1.2102498224031182,13.51750963329324,0.41324414345485877,0.6123080869526557,0.5527493085849517,1.0715068207565313,0.5319548845291138,0.8759398460388184,0.9360902309417725,0.7074997453810572,0.0809286842122674,0.08701144997030497
182,1.2171661006999324,13.570601924853511,0.402663013061879,0.6136979756371705,0.5511622861481312,1.076139584940782,0.5357142686843872,0.8778195381164551,0.9417293071746826,0.7106717606054264,0.08104019332677126,0.08712148014456034
183,1.2200066292388334,13.562336536214326,0.40710263741663993,0.633245209945008,0.5540853040410403,1.0714341431068175,0.5563910007476807,0.8947368264198303,0.9436089992523193,0.7074055227315815,0.0808201041072607,0.08688224107027054
184,1.2131446520642453,13.588857174523056,0.4057414925461537,0.6262624020910909,0.5585871493180916,1.078867515819043,0.5263158082962036,0.8778195381164551,0.9379699230194092,0.7127944880315416,0.08077411446720362,0.0868639312684536
185,1.2141392700134368,13.589219595223312,0.40402442089882096,0.6072970396110706,0.5567636408007667,1.0762267034563453,0.5281955003738403,0.8872180581092834,0.9342105388641357,0.7106622799582258,0.08063800353556871,0.08671960979700089
186,1.2118070154865324,13.578382306875628,0.39522229836500367,0.6151285429124131,0.5528073925326694,1.0711778702490937,0.5375939607620239,0.8853383660316467,0.9436089992523193,0.7072690026468269,0.08121312223374844,0.08738096989691257
187,1.2143276352699268,13.58569449511024,0.4010136233327871,0.6091719956429273,0.5535194073095461,1.0719560016419012,0.5319548845291138,0.8815789222717285,0.9398496150970459,0.7078747494417533,0.08098738268017769,0.08706312999129295
188,1.2098260243495211,13.606017954530627,0.4010383028977802,0.6129400423004592,0.5538433465752327,1.0689739627692354,0.5169172883033752,0.8909774422645569,0.9398496150970459,0.7057434447620887,0.08110137283802032,0.08723948989063501
189,1.208481031668907,13.580936029908203,0.40406974128361545,0.6185365093570315,0.5573846926991676,1.0781667132401422,0.5469924807548523,0.8890977501869202,0.9360902309417725,0.712415005505156,0.0811336925253272,0.08737045992165804
190,1.2088411834591584,13.582104946592128,0.407797620028076,0.5996940007827113,0.5526036990922711,1.0726261682634708,0.530075192451477,0.8778195381164551,0.9398496150970459,0.7081819756092165,0.08102211263030767,0.08715766854584217
191,1.2095367321233013,13.624464761735387,0.4023424738038718,0.6061662405001719,0.5558090879867424,1.071823063389975,0.5281955003738403,0.8815789222717285,0.9417293071746826,0.7073581767037588,0.08156420197337866,0.08769574854522943
192,1.2112888473019843,13.66418585300621,0.4014423569254182,0.6151399504946635,0.5549832978672417,1.075184066418158,0.5263158082962036,0.88345867395401,0.9342105388641357,0.7100450879656182,0.08100966364145279,0.08709736075252295
193,1.2058776657800077,13.667691584954826,0.4099239397327876,0.6106129252820477,0.5566228187502092,1.0791641915853378,0.5244361162185669,0.8815789222717285,0.9342105388641357,0.7127478958601603,0.08093098364770412,0.08700001891702414
194,1.2156532559302395,13.664752250425675,0.4113505314356868,0.5993877838487098,0.5509828382184989,1.068187993486273,0.5451127886772156,0.88345867395401,0.9379699230194092,0.7050019909486629,0.08080044388771057,0.08689250983297825
195,1.210543571915795,13.688865639729125,0.40539343684622337,0.6222229157816129,0.5512178968574151,1.0700455169816705,0.5394737124443054,0.8909774422645569,0.9398496150970459,0.7064523392986153,0.08064036350697279,0.08671379089355469
196,1.2086661545317934,13.683508038308416,0.4165496449086476,0.6306391738358852,0.5609917179287874,1.0835033162066192,0.5281955003738403,0.8909774422645569,0.9379699230194092,0.7160051666687691,0.08092447277158499,0.08700271882116795
197,1.21262255564094,13.686251965051055,0.4111627423695454,0.5996475379275572,0.555333549679734,1.0716165507416087,0.5263158082962036,0.8796992301940918,0.9379699230194092,0.7074086727308766,0.08074294310063124,0.08682936988770962
198,1.2154868143445197,13.723495653021574,0.4081670012939892,0.5973150529122766,0.55151424410065,1.0740907668961726,0.5225563645362854,0.8815789222717285,0.9342105388641357,0.7088452485450432,0.08094280306249857,0.08706050924956799
199,1.2105962135209616,13.684592939529006,0.41439784981536143,0.629940064521095,0.552813861855206,1.0703659521569229,0.5225563645362854,0.8947368264198303,0.9398496150970459,0.7067166951507603,0.08557614218443632,0.09180965833365917
200,1.2099683799379073,13.711613744420616,0.40775884194061357,0.6276715960686122,0.5512115496185266,1.0714583906879085,0.5338345766067505,0.8890977501869202,0.9417293071746826,0.7073857625577001,0.08075456321239471,0.08683719020336866
201,1.2092953248111593,13.722583905345884,0.4109232907722151,0.5999462366691626,0.5537140188642332,1.0711808481178704,0.5225563645362854,0.8778195381164551,0.9360902309417725,0.7070070744043927,0.08091165404766798,0.0870070606470108
202,1.2083591111321925,13.736544586549597,0.41279535608346407,0.5964027839046735,0.5561686085429676,1.07400568989415,0.5244361162185669,0.8796992301940918,0.9304511547088623,0.7088166878579607,0.08058773446828127,0.08664028067141771
203,1.2151187866613087,13.75257109688293,0.4166006365215769,0.6161220938579849,0.5520582878131493,1.0710574809065367,0.5319548845291138,0.8890977501869202,0.9436089992523193,0.7069076440390657,0.08071349281817675,0.08677359949797392
204,1.2135353374371134,13.737698103876447,0.40761465933898733,0.6281157114086595,0.5514770604433962,1.0705290247674943,0.5394737124443054,0.8928571343421936,0.9454887509346008,0.7068623270858391,0.0809894222766161,0.08708789944648743
205,1.2170551215614498,13.778047327956713,0.4079710887854575,0.6157042111839152,0.553486627713222,1.0750397142831163,0.5357142686843872,0.88345867395401,0.9436089992523193,0.7099343242886039,0.08099345304071903,0.08709425944834948
206,1.214226339803559,13.754825148877995,0.4187767526015194,0.6132143592256847,0.5625256331555096,1.0877927945181172,0.5150375962257385,0.88345867395401,0.932330846786499,0.718355017793422,0.08113585133105516,0.08719640877097845
207,1.2087287794297772,13.799442597120981,0.4023436481668172,0.6070942636997974,0.5539789400777058,1.0718427864020676,0.5319548845291138,0.8853383660316467,0.9360902309417725,0.7074090002128258,0.08059043437242508,0.08669792022556067
208,1.2131785211356576,13.817281619389503,0.4048384844847861,0.6053251523863886,0.5508187715754376,1.0712888589995213,0.5319548845291138,0.8853383660316467,0.9360902309417725,0.7071692069210611,0.08394390717148781,0.09010131284594536
209,1.2074103561445841,13.75979375076665,0.41603608713226187,0.6200877717745096,0.5555637732845823,1.0727270833574096,0.5281955003738403,0.8872180581092834,0.9473684430122375,0.7084287001462097,0.08150353189557791,0.08775242883712053
210,1.2147658933977254,13.794127894646534,0.4104364259030111,0.6058286804741335,0.5561693042528602,1.0768169917644597,0.5281955003738403,0.8759398460388184,0.9379699230194092,0.7110104149918832,0.08271096833050251,0.08894646540284157
211,1.215278016712825,13.828629844131628,0.4005709225188984,0.6082354288411498,0.5540748779511012,1.074277729898865,0.5338345766067505,0.88345867395401,0.9360902309417725,0.7093382486565479,0.08216241002082825,0.0884772865101695
212,1.2099705427823229,13.79229625684253,0.40952542104418116,0.6274300836106983,0.5520235648803026,1.0671854927400726,0.5394737124443054,0.8872180581092834,0.9417293071746826,0.7044351773938455,0.08153017144650221,0.08765740878880024
213,1.2052120869384957,13.824948771859608,0.4105113267608621,0.6128470214795203,0.555346294550755,1.0741014407188267,0.5319548845291138,0.8872180581092834,0.9398496150970459,0.7093537735044727,0.0812292518094182,0.0874388488009572
214,1.2085775242158363,13.835223338848659,0.4035971738853292,0.5972081043853134,0.5525932070505021,1.071398067069713,0.5206766724586487,0.88345867395401,0.9360902309417725,0.707055256757031,0.3386991396546364,0.34480009600520134
215,1.2144802949601925,13.819468265322946,0.41167125685086015,0.6067976665220549,0.5549683228518046,1.0702669324697252,0.5357142686843872,0.88345867395401,0.9398496150970459,0.7064586391626421,0.08092494308948517,0.08702945988625288
216,1.2107725929906725,13.802401962922751,0.41434176967217873,0.6315579350923461,0.5590632681355951,1.0833882236907197,0.5319548845291138,0.8872180581092834,0.9436089992523193,0.7159519915611144,0.08075929339975119,0.08695097919553518
217,1.2109133737757436,13.827705681025733,0.4089095288201502,0.6136239015326087,0.555005338987136,1.073730955075975,0.5225563645362854,0.8853383660316467,0.9436089992523193,0.7088930219488587,0.08072375319898129,0.08678507059812546
218,1.2110285783373185,13.839600439085528,0.41184623785240604,0.5971865739215223,0.5507295042989242,1.0668721517065263,0.5225563645362854,0.88345867395401,0.9379699230194092,0.7039685729637121,0.08071324415504932,0.0867945495992899
219,1.2115321436761346,13.835049916344829,0.42213747123987927,0.6085397586674577,0.557538277050802,1.077972693275929,0.5319548845291138,0.8872180581092834,0.9417293071746826,0.7116360569876261,0.08103995304554701,0.08718930929899216
220,1.2144289019776573,13.8376417618689,0.41727320947469804,0.629138842091155,0.5511336342849816,1.0699930150094792,0.5319548845291138,0.8872180581092834,0.9473684430122375,0.7063822949620653,0.08234317041933537,0.08855992648750544
221,1.2114938793316519,13.827492210496967,0.4094261635545355,0.6200407723004784,0.5535952986749254,1.071575443160188,0.548872172832489,0.8909774422645569,0.9417293071746826,0.7075822389736589,0.08200568053871393,0.08815736696124077
222,1.2093183916831065,13.868692848675044,0.41641282033880744,0.5994296438865696,0.5537908874456496,1.0740104091513996,0.5131579041481018,0.88345867395401,0.9417293071746826,0.7091224112802857,0.08113841246813536,0.0872183395549655
223,1.2096701906504461,13.86889251785879,0.4161951015038375,0.6058955294970703,0.5532103701237792,1.0714745991823207,0.518796980381012,0.8872180581092834,0.9360902309417725,0.7072146184774539,0.08071979228407145,0.08679551910609007
224,1.2070377652410342,13.884995609677505,0.4135778252850288,0.6173017723639245,0.5525056162506594,1.0686153466471426,0.5394737124443054,0.8872180581092834,0.9417293071746826,0.7054981356348734,0.08242467977106571,0.08852163702249527
225,1.2101151500084832,13.922223670518386,0.42070618233665674,0.6183803413691993,0.5561861211806367,1.076037085628967,0.5451127886772156,0.8872180581092834,0.9417293071746826,0.7108619726386564,0.08094291388988495,0.08706002030521631
226,1.2075947172353945,13.944259078686816,0.42329695717455773,0.5981142078837561,0.5561041783005886,1.0763834956060143,0.5225563645362854,0.8740601539611816,0.9285714030265808,0.7105251568229393,0.08189799077808857,0.08814247697591782
227,1.2096409179116807,13.947875817691825,0.4200957994028934,0.6059270547498774,0.5514504764976366,1.0675656752631744,0.5432330965995789,0.8872180581092834,0.9417293071746826,0.7046037064204705,0.08109279349446297,0.08722595032304525
228,1.2104801525345321,13.955659950374926,0.42615719180651657,0.6111280081441018,0.5533139948065217,1.072763618845955,0.5225563645362854,0.88345867395401,0.9398496150970459,0.7081913064220141,0.08113684318959713,0.08730836026370525
229,1.20912551217844,13.987796824649738,0.43021983085978605,0.6164122873822974,0.5557744857089106,1.0739963071082228,0.5451127886772156,0.8872180581092834,0.9436089992523193,0.7091286809893781,0.08129151351749897,0.0874634999781847
230,1.213506298616108,14.051542714930886,0.42372060769872594,0.6078014851133524,0.5513685057516216,1.0705451839844111,0.5319548845291138,0.8872180581092834,0.9342105388641357,0.7066555284506697,0.08144242223352194,0.08762005809694529
231,1.2096107127374514,14.002119408215158,0.43567387075541714,0.6224032969342919,0.559128124649752,1.0771443698926502,0.5375939607620239,0.8815789222717285,0.9436089992523193,0.7113681545357318,0.0821206709370017,0.08826477639377117
232,1.2076019210106588,14.068159538841766,0.42359774890954066,0.6051782404845629,0.5527835955333157,1.0718910155210641,0.5281955003738403,0.8872180581092834,0.9398496150970459,0.7076239791596738,0.47124629095196724,0.4773433171212673
233,1.2168789684021801,14.06285768617636,0.43031115842986,0.5996110045590001,0.5545168032301695,1.0739824358944337,0.5263158082962036,0.88345867395401,0.9304511547088623,0.7091305091333041,0.08110211323946714,0.08721201866865158
234,1.210897092139473,14.060504148441675,0.4300882051078615,0.6273176462537176,0.5551426059105518,1.0732394755529118,0.5375939607620239,0.8890977501869202,0.9360902309417725,0.708632334358322,0.08266555052250624,0.08879927638918161
235,1.2109781387959226,14.06494082646308,0.42301383219421695,0.6132033521967982,0.5533041602762034,1.0694924604722278,0.5206766724586487,0.8890977501869202,0.9398496150970459,0.7057308847569561,0.0814083619043231,0.0875117676332593
236,1.2115708286475766,14.061800274852498,0.42934089035569556,0.6051577026986545,0.550667761332586,1.0700432342295947,0.5338345766067505,0.88345867395401,0.9379699230194092,0.7063180165485347,0.08178140129894018,0.08785447757691145
237,1.2124445980890521,14.071247569630625,0.4298947697922312,0.6104735501615824,0.5561482397835088,1.0758735571772557,0.518796980381012,0.8796992301940918,0.9436089992523193,0.7104543056266484,0.08089720271527767,0.08699576929211617
238,1.210286214438288,14.078104867373625,0.43005624721830243,0.6242685569995067,0.557284198037344,1.0748867811857308,0.5413534045219421,0.8947368264198303,0.9398496150970459,0.709939977491687,0.08081341348588467,0.08688570000231266
239,1.2108650041991262,14.070996740222348,0.43244935118247,0.6102240199779421,0.5520935000520519,1.070679022389312,0.5263158082962036,0.8796992301940918,0.9417293071746826,0.7068908137868916,0.08073248341679573,0.0868793809786439
240,1.208955995409749,14.094193066090645,0.4343766215184284,0.6046958767065056,0.5513596641623806,1.0692131904045643,0.5357142686843872,0.8815789222717285,0.9417293071746826,0.705607095650118,0.08118145260959864,0.08739755861461163
241,1.2095355934818226,14.079047859164925,0.44023530218887214,0.6182984907647247,0.5558919232521051,1.073748916616508,0.530075192451477,0.8872180581092834,0.9398496150970459,0.7088785032106572,0.08128525223582983,0.0874524088576436
242,1.2120869478584713,14.106064583216039,0.44457213198673684,0.6094065382656381,0.5524395008301217,1.0710074988787723,0.548872172832489,0.8853383660316467,0.9398496150970459,0.7070223893155814,0.4531128201633692,0.45926948729902506
243,1.2095943552164532,14.095947108914963,0.44570685182276526,0.6108658828991949,0.5518516766720845,1.0701735185193213,0.5263158082962036,0.88345867395401,0.9417293071746826,0.7065165553707501,0.08101596310734749,0.08711521979421377
244,1.2095885083635616,14.072899498647725,0.4485478012041965,0.6116694737426457,0.5523787604484696,1.0702408515128976,0.5319548845291138,0.8796992301940918,0.9398496150970459,0.706648605827238,0.08094586338847876,0.0870207604020834
245,1.2102352236986818,14.107207913470138,0.4516564352120431,0.6111663994307639,0.5540432494359816,1.0714829724188366,0.5432330965995789,0.8853383660316467,0.9436089992523193,0.7074752742193526,0.0806819936260581,0.0868449006229639
246,1.2096238495387093,14.098670401341172,0.44938614936782073,0.6033128758544107,0.5528004748507719,1.0687874126743109,0.5319548845291138,0.8853383660316467,0.9417293071746826,0.7055338604085752,0.08074036426842213,0.08684331085532904
247,1.2111825590353553,14.154699708594165,0.4512613742940255,0.6134346959987006,0.5531717305201006,1.0731032616322684,0.5263158082962036,0.8815789222717285,0.9379699230194092,0.7085742933251589,0.08060215413570404,0.08666928112506866
248,1.208053049559751,14.14368110543289,0.4521196429283829,0.6061658884933725,0.5527127051842763,1.0684855673951277,0.5281955003738403,0.8815789222717285,0.9417293071746826,0.7052213662852795,0.08077605254948139,0.08683034963905811
249,1.20694613654275,14.166344906278809,0.4518176369851214,0.6050070682470733,0.5517901996453048,1.0707100193426393,0.530075192451477,0.8796992301940918,0.9417293071746826,0.7069425433043717,0.08076436258852482,0.08686103951185942
250,1.2058039741620834,14.175190430877256,0.45303711910615896,0.6020740004603933,0.5563716404946045,1.076782255818605,0.5319548845291138,0.8796992301940918,0.9360902309417725,0.7106921692618839,0.08072980307042599,0.08681304007768631
251,1.210755111180901,14.20726889703112,0.4606655343219892,0.6090864380011881,0.5561508302901939,1.0765538289042462,0.5281955003738403,0.8872180581092834,0.9360902309417725,0.7108997240826191,0.08094005286693573,0.0870297895744443
252,1.2133459176607269,14.212578455742234,0.44944002934057226,0.6170253250632092,0.5515238857747162,1.0712132574816722,0.5338345766067505,0.8872180581092834,0.9398496150970459,0.7072163817099467,0.08058084454387426,0.08665367122739553
253,1.2126709652266123,14.213273460552106,0.457413879218007,0.6160702289414229,0.5550771478731691,1.0705095746749862,0.5413534045219421,0.88345867395401,0.9379699230194092,0.7067716567439533,0.08096536342054605,0.08706014882773161
254,1.2078318419431722,14.285547024821721,0.4519655011087924,0.6182245566589245,0.5595625935418598,1.0849290548339527,0.530075192451477,0.8909774422645569,0.9417293071746826,0.7169242362032281,0.0805886434391141,0.08665249031037092
255,1.21556314906754,14.287362424847007,0.4510160798117529,0.5976184772416445,0.5531911455880725,1.0709751396714708,0.5206766724586487,0.8778195381164551,0.9398496150970459,0.7067026053016522,0.08092238381505013,0.08698084950447083
256,1.213668931480116,14.30833684416262,0.44006751327770083,0.6311049180525053,0.5541506801163075,1.0717177097654778,0.5338345766067505,0.8890977501869202,0.9379699230194092,0.7074161103364038,0.08067967370152473,0.08675587084144354
257,1.2069868516300406,14.326476492272525,0.4494820169716097,0.6270951168192958,0.5598092544133694,1.0822504371487158,0.5319548845291138,0.896616518497467,0.9398496150970459,0.7150767835130314,0.08070996403694153,0.08678660076111555
258,1.2097747513099049,14.352184375405571,0.4438755603755115,0.5896639484495858,0.551610129923868,1.0696855767014326,0.5263158082962036,0.8778195381164551,0.9304511547088623,0.7056171024019766,0.08559842314571142,0.09176233038306236
259,1.208961268124391,14.324202751387295,0.4427044231972582,0.6020293973426833,0.5543598274086514,1.0719460020465867,0.5338345766067505,0.8796992301940918,0.9379699230194092,0.7074882951546648,0.08189379144459963,0.08799449820071459
260,1.2114861109986865,14.326370322888938,0.437566341310459,0.6098264352249205,0.5520849151917513,1.0698053892607762,0.5432330965995789,0.8853383660316467,0.9379699230194092,0.706332372077708,0.0809939531609416,0.08706843014806509
261,1.2136933860396302,14.310407806196634,0.4559055806587789,0.62694252361091,0.5595477045541356,1.0857774168133545,0.5375939607620239,0.8928571343421936,0.9436089992523193,0.7174118107139843,0.08093298319727182,0.08699776977300644
262,1.2131994845266478,14.350534510962666,0.43703600580551155,0.6211544152418743,0.5539856888266508,1.0693992502470258,0.5357142686843872,0.8853383660316467,0.9417293071746826,0.70609642333838,0.08108688332140446,0.08715383056551218
263,1.2105099807201047,14.346263554688743,0.4418024173978379,0.6039470355882541,0.5555241110277517,1.0711455569870363,0.5281955003738403,0.88345867395401,0.9398496150970459,0.7068408522217693,0.08129706233739853,0.08740449883043766
264,1.2123627905142045,14.340594170632896,0.4460683159894998,0.600393651699626,0.5535279428234138,1.0727278975996744,0.530075192451477,0.8890977501869202,0.9360902309417725,0.7077513713688943,0.08112401328980923,0.08723596949130297
265,1.2141856139150977,14.39778200628797,0.4281988391976335,0.6177338845195249,0.552322895059589,1.0739468166822,0.5319548845291138,0.8872180581092834,0.9417293071746826,0.7091471141039314,0.08101074304431677,0.08714659046381712
266,1.2114138339937113,14.395400445566722,0.43781067379814864,0.6218621879138354,0.5524979863667602,1.0676202242808284,0.5357142686843872,0.8928571343421936,0.9379699230194092,0.7046360679401398,0.08155744150280952,0.08769568894058466
267,1.211624310407903,14.412987770007383,0.4362628293975922,0.6177568909272172,0.5526970256376472,1.0698663449168744,0.530075192451477,0.8853383660316467,0.9417293071746826,0.706438160500695,0.08158473111689091,0.08772009797394276
268,1.212816297718753,14.397858356487825,0.4354493690820149,0.6019768814716231,0.5572513941204561,1.0768965367545662,0.5375939607620239,0.8853383660316467,0.9360902309417725,0.710639298477797,0.0812953021377325,0.08737258892506361
269,1.210353579111971,14.382113023680065,0.43999776371496385,0.6089324339877898,0.5563316880613597,1.0743303196646454,0.5150375962257385,0.8778195381164551,0.9342105388641357,0.7093010534223688,0.08100453298538923,0.0871622683480382
270,1.2100960801241456,14.393799291123091,0.44521834480339106,0.6223115287629932,0.5554283246280044,1.0760551571267636,0.5281955003738403,0.8890977501869202,0.9398496150970459,0.7104555472283174,0.08100101351737976,0.08705559000372887
271,1.2111054156994236,14.358979361138404,0.4353428155151614,0.6088384989245499,0.5529660482528456,1.06910087377299,0.5263158082962036,0.8796992301940918,0.9436089992523193,0.705641795707622,0.08090884331613779,0.0869923597201705
272,1.210485939385077,14.384735197385382,0.44352047146572243,0.612488138358892,0.5526947510484523,1.068992948676883,0.5263158082962036,0.8872180581092834,0.9436089992523193,0.7054804686402499,0.08094657305628061,0.08702831994742155
273,1.20954626853711,14.387801389469809,0.4464203441915789,0.6221556045986882,0.555703624561327,1.0754445670508233,0.5263158082962036,0.8928571343421936,0.9417293071746826,0.7101927814941494,0.2921284018084407,0.2983277691528201
274,1.2081187964260316,14.384129194054324,0.4401434907259717,0.6016463168713797,0.552331230481623,1.0694420248251832,0.5338345766067505,0.8815789222717285,0.9360902309417725,0.7058181598743197,0.08106013294309378,0.08713200967758894
275,1.2138726328135665,14.382674775822512,0.44100825719761083,0.5964973374746106,0.5552481171695607,1.0734101877252678,0.5206766724586487,0.8796992301940918,0.9342105388641357,0.7081992652533255,0.08104657288640738,0.08714472968131304
276,1.2120343684228772,14.319317800218133,0.45040966925865794,0.6393290688972711,0.5573803967034648,1.0780763825078028,0.5469924807548523,0.896616518497467,0.9473684430122375,0.7119989009505302,0.08137559238821268,0.0875310292467475
277,1.2116974169205676,14.351645864875469,0.4414963868896821,0.6068898181342903,0.5510190701697572,1.068154584144449,0.5394737124443054,0.8890977501869202,0.9417293071746826,0.7051509186422477,0.0819346709176898,0.08805017825216055
278,1.213138155582723,14.388649948626894,0.4419845299547313,0.5972767761722617,0.5519694295990721,1.0703306267306156,0.518796980381012,0.8778195381164551,0.9360902309417725,0.7062606099022565,0.0808121832087636,0.08690360095351934
279,1.2077855361809444,14.347335116695763,0.4502250568297229,0.6366496884565818,0.5591071870030998,1.0777878458685037,0.5357142686843872,0.8853383660316467,0.9360902309417725,0.712025523699665,0.08067087363451719,0.08678419049829245
280,1.2150968802118363,14.378540626030448,0.441232066379273,0.6115212036446435,0.5559341385704275,1.0750758784534995,0.530075192451477,0.8796992301940918,0.9360902309417725,0.7098890092719794,0.08233743067830801,0.08863003738224506
281,1.2125038488943016,14.407492406122326,0.4303836793282512,0.5993997943044417,0.5530805850287581,1.0745149212963698,0.5281955003738403,0.8759398460388184,0.9360902309417725,0.7089347155434845,0.08068972453474998,0.08727783057838678
282,1.2130570887929708,14.403129624115625,0.4477505942430185,0.6357079788242337,0.569561590898372,1.09543659767298,0.5263158082962036,0.8909774422645569,0.9398496150970459,0.7241874203636817,0.08073039446026087,0.08684920147061348
283,1.222365139484332,14.42189762375115,0.421482012470551,0.6184637085386011,0.5529276643746044,1.0715184163594669,0.5225563645362854,0.8928571343421936,0.9417293071746826,0.7073380383224775,0.08090727310627699,0.08701907936483622
284,1.2167032488131118,14.39815587375756,0.41482509615692525,0.6202232576290553,0.5521338974669023,1.0700392113822579,0.5413534045219421,0.8928571343421936,0.9417293071746826,0.7063286381549132,0.08180075045675039,0.08802277687937021
285,1.213101955235311,14.379984722295154,0.4220979211905118,0.6210776946391063,0.561219700814719,1.085291002159204,0.5281955003738403,0.8890977501869202,0.9360902309417725,0.7170574874903802,0.082303530536592,0.08846499677747488
286,1.2130355492908158,14.380339968503451,0.4096187443351728,0.6013943184926674,0.5532472692006929,1.0703598027951764,0.5169172883033752,0.8796992301940918,0.9379699230194092,0.7065378117191625,0.08100415300577879,0.08710600901395082
287,1.2094101413317648,14.37344116528708,0.41397286273568545,0.6128193091359383,0.550825690261261,1.066396008545397,0.5394737124443054,0.8928571343421936,0.9398496150970459,0.7036575719168874,0.0813172422349453,0.0874722097069025
288,1.2130687391692554,14.36135872485447,0.4137226251529661,0.6191490700977977,0.554175081487059,1.0769875140190424,0.5338345766067505,0.8909774422645569,0.9398496150970459,0.7113358430682285,0.08111101295799017,0.0871967589482665
289,1.2124074431037084,14.345616583117442,0.40883732619998087,0.6149333668171941,0.5549543524359114,1.0718292844360109,0.5357142686843872,0.8890977501869202,0.9342105388641357,0.7075396540389851,0.0811360226944089,0.08724221959710121
290,1.2136498143077348,14.355024908267117,0.4099367254438727,0.6193830792556924,0.5551719049785511,1.073214865621218,0.5413534045219421,0.8872180581092834,0.9436089992523193,0.7087195380548289,0.0807567136362195,0.08699384983628988
291,1.2091812473820962,14.360997908428692,0.4159113956149529,0.6170112031233589,0.5547749378413963,1.0751506903754362,0.5244361162185669,0.88345867395401,0.9360902309417725,0.7099733028884386,0.08121541235595942,0.08736727014183998
292,1.207468162574527,14.357878952393861,0.417903591792303,0.6073592469935932,0.5551814075763591,1.0740547645162044,0.5319548845291138,0.8872180581092834,0.9398496150970459,0.7090139220227872,0.08105210307985544,0.08717858046293259
293,1.2089378548029186,14.307193861787908,0.4119097332904558,0.5995595774646607,0.5553948562238165,1.074502595964457,0.5375939607620239,0.8778195381164551,0.932330846786499,0.7092572159376258,0.08129000198096037,0.08751041907817125
294,1.2097476005730807,14.335113702427265,0.4237681143641361,0.6078976587681458,0.5550275484132283,1.0762773266397474,0.5338345766067505,0.8890977501869202,0.9379699230194092,0.7106577152672298,0.08133525215089321,0.08754647802561522
295,1.2081079749582364,14.314147829797248,0.42802004458840043,0.6309622551473888,0.5557433083729856,1.0706131067127642,0.5394737124443054,0.8890977501869202,0.9436089992523193,0.7068837017031125,0.08057306427508593,0.08664427138864994
296,1.2109593397752525,14.343216152994236,0.42018945171767863,0.5957576828302071,0.5512279596552602,1.070865715378552,0.5206766724586487,0.8815789222717285,0.9360902309417725,0.7069048913573746,0.08064856380224228,0.08672110084444284
297,1.212301612248572,14.3756408634236,0.42635022388207366,0.5913873654433689,0.5534899520202744,1.072800547467662,0.5150375962257385,0.8853383660316467,0.9342105388641357,0.7077039965877018,0.08145704120397568,0.08759082853794098
298,1.2083769303496337,14.36031738137236,0.4340325673990744,0.6333138769683694,0.5577219521530296,1.0804586266039966,0.5394737124443054,0.8928571343421936,0.9379699230194092,0.7138648044144249,0.08075822237879038,0.08682797010987997
299,1.2124205224625193,14.375471849644326,0.42109242218610426,0.6208234347959789,0.5536222019955679,1.071440343402887,0.5338345766067505,0.8890977501869202,0.9436089992523193,0.7074649078108667,0.08069884311407804,0.08680731058120728
300,1.2105282364381063,14.372029436038524,0.434284847705844,0.6079097710671121,0.5519284440560251,1.0691519845202064,0.5263158082962036,0.8796992301940918,0.9417293071746826,0.7056280087718528,0.08083983417600393,0.08690273948013783
301,1.2112572105647614,14.385971652413762,0.43253309110196686,0.599878306469843,0.5603329407715888,1.083240100850894,0.5150375962257385,0.8796992301940918,0.9304511547088623,0.7150361456172665,0.08084604237228632,0.08697545900940895
302,1.2107644257863464,14.366170953791332,0.4320613470451383,0.6155951727788785,0.5524173860133204,1.0668775405549378,0.530075192451477,0.8890977501869202,0.9417293071746826,0.7041461618515571,0.08410854544490576,0.09019204322248697
303,1.2104657497779099,14.388851100298254,0.43089723483480263,0.6244294183100558,0.5509566136805644,1.0658253988810376,0.5526315569877625,0.8909774422645569,0.9473684430122375,0.7033592710971973,0.08071231376379728,0.08679691050201654
304,1.211136975279699,14.387914254830287,0.4363773683023099,0.6139018889890641,0.5612045336115473,1.0879408408348907,0.5150375962257385,0.8872180581092834,0.9417293071746826,0.7185475770677394,0.0809961324557662,0.087111989967525
305,1.2115605567577805,14.381132074444281,0.4338151250904908,0.6120390888578794,0.5554401498878379,1.071320485223882,0.5357142686843872,0.8872180581092834,0.9417293071746826,0.7072946471521525,0.08157185185700655,0.08787524793297052
306,1.211458710167681,14.430345374194484,0.4313203954724636,0.5970847580416653,0.5528263954807172,1.073806518075593,0.518796980381012,0.8778195381164551,0.9379699230194092,0.708726996457284,0.08067273255437613,0.08696633856743574
307,1.2119813594323412,14.417360287459434,0.4378375380625288,0.6113010654427458,0.55360862996262,1.0723247564662517,0.5338345766067505,0.8815789222717285,0.9379699230194092,0.7078303434852792,0.08272396959364414,0.08900320529937744
308,1.2096544076698827,14.43952475255477,0.43589142048421414,0.6332306766679782,0.5512180060832079,1.0667892461918256,0.5394737124443054,0.8947368264198303,0.9436089992523193,0.7039864507194489,0.08081009332090616,0.08689760975539684
309,1.210584225930092,14.413629293095763,0.4397574898824825,0.6160518353040901,0.5545266997339185,1.068729201052273,0.5507518649101257,0.88345867395401,0.9436089992523193,0.7054809882947474,0.0809288527816534,0.08702713064849377
310,1.208698396283945,14.490423840413719,0.43692726896985085,0.6066397585764473,0.5537878349197268,1.074558869963624,0.5206766724586487,0.88345867395401,0.9379699230194092,0.7094236836796437,0.0807138429954648,0.08677620999515057
311,1.2147304966784256,14.433888347668402,0.44889802180013033,0.6061942614644319,0.5591156049678746,1.082529812055168,0.5206766724586487,0.8815789222717285,0.932330846786499,0.714548721418012,0.08076065313071012,0.08683052007108927
312,1.2182234956232385,14.464201454553772,0.43672452247396526,0.6263387271670277,0.5531479375700584,1.0683966023520806,0.5545112490653992,0.8928571343421936,0.9454887509346008,0.7051456483504189,0.08070836402475834,0.08679131045937538
313,1.2155910858297057,14.501931437580314,0.43249295546297434,0.6298642863430132,0.5557300961439103,1.0724270299017526,0.5338345766067505,0.8984962701797485,0.9417293071746826,0.7082506534931583,0.08858644682914019,0.09515360277146101
314,1.2122679666362006,14.527045309356343,0.43022888945102244,0.6076642583641633,0.5551298689044186,1.0753960502777513,0.5281955003738403,0.8778195381164551,0.932330846786499,0.7101355203678553,0.0813245614990592,0.0874447375535965
315,1.2118023234852395,14.517570650402433,0.43602981679652925,0.6103400813673227,0.5538528127732739,1.0711694286369893,0.5244361162185669,0.8778195381164551,0.9417293071746826,0.7069966068425081,0.08086787350475788,0.08695757016539574
316,1.206013517309217,14.553078808133305,0.43566405824768206,0.6095946072511255,0.5522987920633848,1.070953497254033,0.530075192451477,0.8853383660316467,0.9398496150970459,0.7069663221605336,0.08095231279730797,0.0870128907263279
317,1.209982916821393,14.55906583658722,0.4342712029926503,0.6035081788477165,0.5534314335793166,1.070586789419124,0.5244361162185669,0.8872180581092834,0.9360902309417725,0.7065580180062495,0.08111928310245275,0.08745363913476467
318,1.2083087462452478,14.571353231873717,0.44056170579620174,0.6154207786200157,0.5531064973009421,1.0686956220213635,0.548872172832489,0.8815789222717285,0.9379699230194092,0.7054456400427839,0.08116984367370605,0.08733922056853771
319,1.2069678955326046,14.566141823327518,0.4453063402883228,0.6149719450556633,0.555618965177841,1.0753872805616027,0.5244361162185669,0.8890977501869202,0.9360902309417725,0.7099515232085929,0.0810780730098486,0.08719182014465332
320,1.2137614916230415,14.614421168763355,0.44064118419226767,0.608282708381741,0.5550835784414576,1.0734014958804659,0.5319548845291138,0.8815789222717285,0.9360902309417725,0.7084916625744904,0.08053640369325876,0.08661537058651447
321,1.2096580185536439,14.603373602531411,0.44166084108487524,0.6195967342149503,0.5527586591317727,1.0699292985626994,0.530075192451477,0.8890977501869202,0.9417293071746826,0.7063140850656277,0.0809086924418807,0.08698976971209049
322,1.2089693336453555,14.594105955137042,0.4454566212488069,0.6070913535514961,0.555089893220208,1.0789160325594276,0.5263158082962036,0.8778195381164551,0.9342105388641357,0.7123293873198474,0.08061969373375177,0.08670435938984156
323,1.21106457772882,14.533685050638416,0.44611413505715275,0.616040842733303,0.5570963348175728,1.0762549131773675,0.5263158082962036,0.8796992301940918,0.9398496150970459,0.7106487451336905,0.08067345432937145,0.08677249122411013
324,1.2091014420554513,14.550330547423444,0.44290869816323236,0.6044737482331417,0.5530390040382824,1.0734915857877132,0.5206766724586487,0.8815789222717285,0.9342105388641357,0.7087772726194483,0.08054596371948719,0.0866323709487915
325,1.2095404073717275,14.55625554805258,0.44463236781210735,0.6118475677088482,0.5514959973243718,1.067049681618076,0.5375939607620239,0.8890977501869202,0.9379699230194092,0.7040144592530726,0.08084291312843561,0.08697608020156622
326,1.2134627358284387,14.54285922859981,0.44679223678319424,0.6056181664240919,0.5550690702583371,1.0699319104994998,0.5244361162185669,0.88345867395401,0.9417293071746826,0.7063110907476392,0.08063277415931225,0.08668987080454826
327,1.2071016684610214,14.551885575893227,0.4452280020918018,0.6270432362979246,0.554070213579233,1.0748017594577786,0.5338345766067505,0.8909774422645569,0.9398496150970459,0.7096987931169599,0.08070670440793037,0.08677653130143881
328,1.2098070828771,14.550103825462607,0.46024209190973076,0.6087815385893568,0.5567689809369663,1.081260824086519,0.530075192451477,0.8890977501869202,0.9379699230194092,0.7139015833048764,0.08065131399780512,0.08673723042011261
329,1.2101136900600096,14.60045345286594,0.4476199248991146,0.5949359219001067,0.552553785233892,1.0713699049126952,0.5394737124443054,0.8815789222717285,0.9398496150970459,0.7067648681464042,0.08062653336673975,0.08671857044100761
330,1.2126822629182548,14.604740864740917,0.45095504729136526,0.6155040704162403,0.5534210021913405,1.0674419169560425,0.5375939607620239,0.896616518497467,0.9417293071746826,0.7045171656153021,0.08072870317846537,0.08680394943803549
331,1.2142991673301142,14.623411889012853,0.45288207219299687,0.6225165130373936,0.5540619104216478,1.070593194420036,0.5469924807548523,0.8815789222717285,0.9436089992523193,0.7068094596389382,0.0808066027238965,0.08692607004195452
332,1.2131793222481368,14.633835339364161,0.45970345340093516,0.6181964745396433,0.5576162484084567,1.0808615000132595,0.5244361162185669,0.8909774422645569,0.9342105388641357,0.71381404655435,0.08076833374798298,0.08688887022435665
333,1.2121958852477346,14.622458079856177,0.45258742090741455,0.6138774011753582,0.5545854550270966,1.0712938673797663,0.5432330965995789,0.88345867395401,0.9398496150970459,0.7071419512983027,0.08076473418623209,0.08683931082487106
334,1.2095676834483808,14.65380749788166,0.446234942755193,0.6038303359793576,0.5526281982135761,1.0732277372626275,0.5169172883033752,0.8815789222717285,0.9379699230194092,0.7084710196038647,0.08073410391807556,0.08680695109069347
335,1.2122597338183938,14.670018397935484,0.4524729559844285,0.6090829147255777,0.5577856436708661,1.0795286552334367,0.5338345766067505,0.8872180581092834,0.9379699230194092,0.7127224527076232,0.08067247457802296,0.08672298118472099
336,1.2084803906402846,14.62815674258653,0.4522592636580851,0.6183337338854599,0.5542866839703812,1.0754514894372647,0.5169172883033752,0.8890977501869202,0.9379699230194092,0.7102523312965169,0.08080606255680323,0.08685855008661747
337,1.20867776217182,14.630777941459916,0.4466300690681051,0.6083151016668752,0.5519447618728812,1.0669968965470287,0.5357142686843872,0.8872180581092834,0.9436089992523193,0.7042204590793127,0.08074862323701382,0.08681616093963385
338,1.2096024436387294,14.6562840105349,0.44861550018021445,0.607308762726692,0.550989205197807,1.0686630615013097,0.5394737124443054,0.8872180581092834,0.9398496150970459,0.7052787146757845,0.08063916396349669,0.08670827001333237
339,1.2107968668637636,14.66995784824542,0.4544534560258835,0.6103919409214308,0.5550963185949384,1.0742018993123874,0.5319548845291138,0.8853383660316467,0.9342105388641357,0.7091672081330342,0.0813893023878336,0.08750328887254
340,1.2111293835283237,14.6857299761045,0.45988469439232843,0.6246081778576104,0.5595582263574701,1.0817720316894943,0.5281955003738403,0.8890977501869202,0.9417293071746826,0.7144251690743136,0.08081301301717758,0.08689013961702585
341,1.2116047307213775,14.759131034636871,0.44748147523173476,0.6019811614905289,0.5504931925272435,1.065580092470192,0.5338345766067505,0.8853383660316467,0.9398496150970459,0.7029283640077092,0.0809558741748333,0.08702778071165085
342,1.2071719342170766,14.757358534227087,0.45239765363705475,0.6057386470551022,0.5524089959336743,1.070104772000807,0.5394737124443054,0.88345867395401,0.9398496150970459,0.7063802101463595,0.08113004267215729,0.08728783950209618
343,1.2120726451885357,14.73909057531535,0.455348091512299,0.602935929266273,0.5541994072192576,1.0712291575359658,0.5281955003738403,0.88345867395401,0.9379699230194092,0.7068279871959706,0.0808423925191164,0.08694139868021011
344,1.2082750834019926,14.753986969544533,0.46504701103959367,0.6294353086718799,0.561689913519523,1.0864261397624715,0.5169172883033752,0.8947368264198303,0.9379699230194092,0.7178333146862718,0.08121469151228666,0.08734030835330486
345,1.2140493806809736,14.764860200492311,0.45750116677301544,0.6093836874292892,0.5517574098375913,1.0685516298532367,0.5319548845291138,0.88345867395401,0.9360902309417725,0.7053010336248454,0.08117567282170057,0.08730694931000471
346,1.209043702767572,14.751251009317972,0.4638649132715498,0.6143109157253424,0.552536583044,1.0677977249162576,0.5338345766067505,0.8872180581092834,0.9379699230194092,0.7045964558184545,0.08102456294000149,0.08719655871391296
347,1.2107902185102857,14.795092923494625,0.46249737740955177,0.6102958672260351,0.5583356513792528,1.0840269054433402,0.5018796920776367,0.8890977501869202,0.9342105388641357,0.715834310333596,0.08106592297554016,0.08717804867774248
348,1.2185449989123829,14.767288886402385,0.46064248414527764,0.6242095178369139,0.5529363452804299,1.0679486746764246,0.5432330965995789,0.8928571343421936,0.9436089992523193,0.704932868493263,0.0805340139195323,0.08662809152156115
349,1.2115657531039203,14.7772246284852,0.44921597644444916,0.6203203970349109,0.5531105948754842,1.0730801812752222,0.5375939607620239,0.8853383660316467,0.9436089992523193,0.7082476434919255,0.08073712326586246,0.08686671033501625
350,1.2158218712361166,14.789856134586284,0.4586351490658034,0.6132723880434398,0.5607649348580103,1.0837486096386935,0.5357142686843872,0.8872180581092834,0.9304511547088623,0.7157062385205084,0.0805838443338871,0.08663667179644108
351,1.2152619528025206,14.786407513067841,0.4559059886094642,0.6141529547125473,0.5550092486009045,1.071983436362036,0.5131579041481018,0.8853383660316467,0.9454887509346008,0.7077221154040937,0.08073186315596104,0.08682036958634853
352,1.2118590588313713,14.822176948458631,0.4367313148925875,0.612984220543438,0.5499096346553971,1.0726005870831583,0.5319548845291138,0.8872180581092834,0.9379699230194092,0.708072800037298,0.08069613389670849,0.08686775155365467
353,1.2092975173435438,14.803296720197158,0.4508477156368481,0.6131476531423232,0.5556025291417117,1.0738578245453885,0.530075192451477,0.8815789222717285,0.9342105388641357,0.7089461737100162,0.08047528378665447,0.08653686102479696
354,1.209742047697344,14.773315168081263,0.4488058334029077,0.6189993042827123,0.5561088175747917,1.0728022755890063,0.5281955003738403,0.88345867395401,0.9398496150970459,0.7080410573390544,0.0807556239888072,0.08683644980192184
355,1.2107525264480739,14.801272128070982,0.4534319061971766,0.6084906958917681,0.5587124225556643,1.081131751069657,0.5169172883033752,0.8815789222717285,0.9436089992523193,0.7138348514430065,0.08067194372415543,0.08675527106970549
356,1.2116144590340454,14.824345925246815,0.43949762596613373,0.5994445714196106,0.5537166151275502,1.0723369181332287,0.530075192451477,0.8853383660316467,0.9379699230194092,0.7076864633666283,0.08068480342626572,0.08681165985763073
357,1.2127249482165692,14.81658809286241,0.4413120112405117,0.6291406754517596,0.5532357272747804,1.0698213077601264,0.5338345766067505,0.8872180581092834,0.9436089992523193,0.70632342111686,0.0808150339871645,0.08690600097179413
358,1.2131123232135146,14.774242460399524,0.4591892343168569,0.622221542396356,0.5643541934020511,1.0912490907845338,0.5169172883033752,0.8890977501869202,0.9379699230194092,0.7210920362103598,0.0807843441143632,0.08683423139154911
359,1.219329735519692,14.805660355086038,0.43313266164764974,0.6070374794775867,0.5535072767768339,1.0736137585423342,0.5394737124443054,0.8796992301940918,0.9342105388641357,0.7087343265140735,0.08070593420416117,0.08677927125245333
360,1.2201601271781912,14.756474812332012,0.4281297867800799,0.6221638633031346,0.5570675422401036,1.0742448611910123,0.5244361162185669,0.8890977501869202,0.9398496150970459,0.7089983533947636,0.08054953441023827,0.08662456180900335
361,1.2113936432219652,14.729200365880239,0.43819602412263364,0.6339487237206324,0.5599595756324521,1.0824444283456804,0.5281955003738403,0.8947368264198303,0.9436089992523193,0.7151718090962572,0.0806620642542839,0.08673934079706669
362,1.2175622741347594,14.77082110092774,0.421078021194245,0.6056196977497432,0.5515880183162145,1.070538221736785,0.5375939607620239,0.88345867395401,0.9436089992523193,0.7067076829131727,0.08067141473293304,0.0867287702858448
363,1.2117449133207743,14.731637449181669,0.4255511761509012,0.610948873620807,0.5562556555450682,1.0730089812179193,0.530075192451477,0.8815789222717285,0.9417293071746826,0.7084209900222219,0.08110231254249811,0.08731195889413357
364,1.2083911425936198,14.768420970581907,0.42386944957319334,0.6161021714806834,0.5543741473214846,1.0723987541963336,0.5413534045219421,0.8872180581092834,0.9417293071746826,0.7078775453829638,0.08170854207128286,0.08780152723193169
365,1.211436271672562,14.745110771865956,0.43465861118393134,0.6046687044547682,0.5542935962893529,1.0700525719705545,0.5281955003738403,0.8815789222717285,0.932330846786499,0.7063909233075933,0.08094708248972893,0.08704234939068556
366,1.212437536850906,14.746746049650596,0.4356713499172572,0.6083964622630146,0.5529619200918302,1.0700708477963843,0.530075192451477,0.8759398460388184,0.9398496150970459,0.7061220647209738,0.08104297239333391,0.08714644890278578
367,1.2107635439675861,14.794267515125282,0.43284517836794767,0.6292064414050058,0.550894629355835,1.0681127648799331,0.5319548845291138,0.8890977501869202,0.9454887509346008,0.7048202958457253,0.08096838276833296,0.08709186967462301
368,1.2111926236819746,14.749262950593579,0.4491658345087888,0.6162573693897405,0.5558774535319662,1.0727902713579192,0.5263158082962036,0.88345867395401,0.9454887509346008,0.7083054091255835,0.0812248233705759,0.08733889926224947
369,1.213361603671753,14.767015610651702,0.4463067115232102,0.6001556254685432,0.554786220264798,1.0740766541762203,0.5244361162185669,0.8796992301940918,0.9379699230194092,0.7087655194034733,0.08146990183740854,0.08765430934727192
370,1.2089223307079222,14.773822691916038,0.44223819284831023,0.6304504428538665,0.5508330548823349,1.0694334521768378,0.5375939607620239,0.8872180581092834,0.9436089992523193,0.7060727163221198,0.08132851216942072,0.08746059890836477
371,1.213046321741125,14.775028589172132,0.4420017745973315,0.6060537496158896,0.5533044931740237,1.069462706462159,0.5375939607620239,0.88345867395401,0.9398496150970459,0.7057001835335055,0.0815229918807745,0.08761914912611246
372,1.2094881342429253,14.774791982881487,0.4567836767412082,0.6100452428815499,0.5585470569908447,1.08169692713806,0.5206766724586487,0.8853383660316467,0.9398496150970459,0.7140655585516958,0.08138909190893173,0.08748120907694101
373,1.2078871901065933,14.803009103837887,0.44513117903437677,0.616311655903796,0.5492942061174448,1.066563193681924,0.5432330965995789,0.8853383660316467,0.9417293071746826,0.7038278460428823,0.08168280031532049,0.08778227772563696
374,1.2112483775917127,14.816102959678489,0.4516798609616896,0.6058527757146187,0.5506579545068659,1.0678908380482774,0.5338345766067505,0.8872180581092834,0.9379699230194092,0.7047552201459493,0.08097110316157341,0.08706087991595268
375,1.2060140038460254,14.798389216924264,0.45457971206937126,0.6087647881197149,0.5557922535114882,1.07329269621409,0.5150375962257385,0.8796992301940918,0.9360902309417725,0.7083777531590069,0.08079759404063225,0.0869938600808382
376,1.207903273364877,14.801848678058928,0.45077178211556385,0.610730080746811,0.5527093320446695,1.0723457563643664,0.5375939607620239,0.8890977501869202,0.9398496150970459,0.7080438375161948,0.08111271355301142,0.08720273058861494
377,1.2121025226963567,14.814038297842046,0.4484848571258772,0.6019461718343209,0.5542959228904338,1.0736216828388634,0.5244361162185669,0.8740601539611816,0.9398496150970459,0.708586106869901,0.08111246302723885,0.08717937022447586
378,1.2085550718866052,14.766751522460751,0.4638344517266413,0.6218584407681442,0.5547268923986021,1.0733640084916078,0.5432330965995789,0.8909774422645569,0.9417293071746826,0.7085890700980931,0.08110507298260927,0.08718247897922993
379,1.2102248117128103,14.760229151510675,0.46383015039760245,0.6165762793920349,0.5524477173908604,1.0708021284845863,0.5319548845291138,0.8872180581092834,0.9436089992523193,0.7067747645954069,0.08099792245775461,0.08722902834415436
380,1.21516158919035,14.837341309595997,0.4529794827180709,0.5870890025821563,0.5555283764538356,1.0763373589228575,0.5131579041481018,0.8740601539611816,0.9304511547088623,0.7099424338316203,0.08074630331248045,0.08683263976126909
381,1.2096440360113703,14.857141444988631,0.46288887857829963,0.6338136760137552,0.5562424855526983,1.076111723251273,0.5451127886772156,0.8928571343421936,0.9417293071746826,0.7105940697651506,0.08108085300773382,0.08716453984379768
382,1.2106274475205834,14.86186943970923,0.4506053784523336,0.6203759490326949,0.5529290522491126,1.0686870233857815,0.5432330965995789,0.8890977501869202,0.9398496150970459,0.7053460805437524,0.0810882830992341,0.08717400021851063
383,1.214679030999375,14.936364823959853,0.4434280661174007,0.5995695871874418,0.5533222781647547,1.0747978037586912,0.5263158082962036,0.8909774422645569,0.9304511547088623,0.7090825545294512,0.0811876431107521,0.08727032877504826
384,1.214759139429829,14.89494932813753,0.45280545634057506,0.6191124797081743,0.5548202424494976,1.072943185878504,0.5263158082962036,0.8796992301940918,0.9417293071746826,0.708500876758841,0.08096861280500889,0.0870461193844676
385,1.2111628545153237,14.877323555320736,0.456410510334931,0.6252830037819417,0.5561310336096312,1.0757032832112121,0.5375939607620239,0.8909774422645569,0.9436089992523193,0.710294806467157,0.08245200850069523,0.08852253574877977
386,1.211159572159416,14.869830427145727,0.45050716778718264,0.6044025075670912,0.5531257248975622,1.0693070563376237,0.5338345766067505,0.88345867395401,0.9398496150970459,0.7056703309661494,0.3094596639275551,0.31560699082911015
387,1.2121349715902254,14.867385327540019,0.4553193444335994,0.6115423284447082,0.5570419796455169,1.0738398144586547,0.5319548845291138,0.8759398460388184,0.9398496150970459,0.7089827597475693,0.0808626227080822,0.08694908954203129
388,1.2092156454994638,14.864746959717678,0.456090119568392,0.6155646002707226,0.5515296007321387,1.071040678369809,0.5375939607620239,0.88345867395401,0.9398496150970459,0.7068721790856999,0.0808943035081029,0.08697315957397223
389,1.2075839686084644,14.8420773462975,0.46490489156227255,0.6125344501055164,0.5526120379795055,1.0703583945125683,0.5394737124443054,0.8947368264198303,0.9398496150970459,0.7065119639372981,0.08086637314409018,0.08698554988950491
390,1.205909202251122,14.896366196281507,0.45874402161970423,0.5957688336267825,0.5507453939305447,1.070965362449229,0.5281955003738403,0.8890977501869202,0.9360902309417725,0.7065428569723106,0.08099438343197107,0.08714331965893507
391,1.2039437349236217,14.863421344996963,0.46982153277183036,0.5994691469277514,0.5557438320728816,1.073813427351664,0.518796980381012,0.8740601539611816,0.9360902309417725,0.7087603702806878,0.08132539223879576,0.08758522849529982
392,1.2136812397992363,14.898811055962495,0.46991379358624963,0.6128809642345934,0.5535412384054373,1.0743960715731715,0.5338345766067505,0.8796992301940918,0.9436089992523193,0.7092236717259255,0.08323035761713982,0.08948254399001598
393,1.2107104135530642,14.894867044175012,0.463996260950004,0.62879406591927,0.5504919443028247,1.0666118809480167,0.5451127886772156,0.896616518497467,0.9454887509346008,0.7039203539581471,0.08112844172865152,0.08731534890830517
394,1.2101017088467014,14.912435233859325,0.47455575206977885,0.5957327847496442,0.5586081015561593,1.0781865281606249,0.5075187683105469,0.8721804618835449,0.932330846786499,0.7117363552657116,0.08136296179145575,0.0874276589602232
395,1.2103665316421064,14.919438931736334,0.4717428724239145,0.6094575961022523,0.5544456227469645,1.075548078818065,0.530075192451477,0.88345867395401,0.9398496150970459,0.7098967021688275,0.08140669204294682,0.0876323189586401
396,1.2130168621140045,14.925163920081598,0.4714987813193413,0.6214048046983186,0.5536732024503496,1.0666508834940822,0.5338345766067505,0.8909774422645569,0.9398496150970459,0.7039715571298921,0.08130812272429466,0.08752108924090862
397,1.2069045965529086,14.92787200479702,0.4693732727936398,0.6087286089774125,0.5547063018644377,1.0739621497812473,0.5338345766067505,0.8890977501869202,0.9360902309417725,0.708807466056938,0.08110161311924458,0.08719862997531891
398,1.2077847341098404,14.904468609433723,0.4792818758245869,0.6056567652001491,0.5535155851062106,1.0697578347228542,0.5338345766067505,0.8872180581092834,0.9398496150970459,0.7061309398467188,0.08084800280630589,0.08700758870691061
399,1.2064770801418674,14.940498338389716,0.46840473058196996,0.594262372587082,0.5528178665065662,1.0724772037185513,0.5131579041481018,0.8778195381164551,0.9342105388641357,0.7074623519319856,0.08090259321033955,0.08701121993362904
400,1.211299424445455,14.93983282236113,0.4697575574552959,0.6157087903476046,0.5517682517982335,1.068918943786503,0.5338345766067505,0.8872180581092834,0.9398496150970459,0.7053745636505632,0.08077417220920324,0.08685026969760656
401,1.2123343541203166,14.949106136037834,0.4772436462787876,0.62212001664588,0.5572158580309184,1.0785506708350734,0.5413534045219421,0.8853383660316467,0.9417293071746826,0.7123590677393576,0.08081464376300573,0.08690405078232288
402,1.2108560703880986,14.910438103393064,0.470248837357229,0.6074392688484388,0.5547062812304318,1.07069039954984,0.5338345766067505,0.8815789222717285,0.9360902309417725,0.706702187344876,0.08057848457247019,0.08665573038160801
403,1.2079134417284636,14.937706875953499,0.4660343682849998,0.6076438428940206,0.5566303015567873,1.0735435417708992,0.5244361162185669,0.88345867395401,0.9360902309417725,0.7088579409384644,0.08087454363703728,0.08698043040931225
404,1.2060111081412688,14.94804185111558,0.4618397105776652,0.60745910128258,0.5512713718803852,1.0712641848124522,0.5394737124443054,0.8909774422645569,0.9379699230194092,0.7070842139347345,0.08064453396946192,0.08672938030213118
405,1.2127682809544178,14.952849947395757,0.47336623069369643,0.6087004150879871,0.5632781914735916,1.0928137800347002,0.5169172883033752,0.8909774422645569,0.9360902309417725,0.7217682718360381,0.08118198253214359,0.0874563092365861
406,1.2135666630890918,14.94963373688334,0.4575309983774216,0.6224384501142641,0.5507494882438542,1.0661059580131982,0.5413534045219421,0.8853383660316467,0.9436089992523193,0.7034304028133864,0.0825545797124505,0.08865480683743954
407,1.2132922386697131,14.970734660452166,0.45233611444222566,0.5962627689535405,0.5544155101683486,1.0747834241195486,0.518796980381012,0.8815789222717285,0.9342105388641357,0.7090858634780469,0.08405223581939936,0.09026794321835041
408,1.2118690519778972,14.954361696677287,0.4584588513667786,0.6241201406685252,0.555661725449586,1.0743599329931173,0.5338345766067505,0.8872180581092834,0.9417293071746826,0.7095077514216199,0.08180472068488598,0.0880536874756217
409,1.2100332622461596,14.935758693210337,0.45799787622546945,0.6193678954523647,0.552838593376844,1.069465645627364,0.5319548845291138,0.88345867395401,0.9398496150970459,0.7058139203235481,0.08191055152565241,0.08811516687273979
410,1.214067370676982,14.970332728265243,0.45305466502778247,0.5937755031246712,0.5529577812193597,1.0722357805205753,0.5263158082962036,0.88345867395401,0.9379699230194092,0.7074186852984026,0.08120299223810434,0.08728941902518272
411,1.21391597619853,14.941694506856244,0.46394901243675185,0.6378456392430154,0.5559327172293463,1.0723216491449363,0.5375939607620239,0.8947368264198303,0.9436089992523193,0.7080646265556169,0.08088177256286144,0.08694108948111534
412,1.2136558885366906,14.953302407478317,0.4529507805626648,0.6029499466008121,0.5531725327673579,1.0720910463458035,0.5281955003738403,0.8778195381164551,0.9379699230194092,0.7076511697712218,0.08053434453904629,0.08659132197499275
413,1.2141526866227212,14.992831109991705,0.45195860965823736,0.5992505948644941,0.552441448257229,1.0716294175157663,0.5338345766067505,0.88345867395401,0.9360902309417725,0.7068333133201022,0.08066797349601984,0.08675317093729973
414,1.2100518542022136,14.93035044196975,0.45443674643033194,0.6296865739165387,0.5580677232096496,1.0795689652261649,0.518796980381012,0.88345867395401,0.9398496150970459,0.713078112540196,0.0818481519818306,0.08810230810195208
415,1.213847825712319,14.976716254552715,0.44647456041838696,0.6233322225369357,0.5530276533600949,1.0697351562180109,0.530075192451477,0.8909774422645569,0.9417293071746826,0.7062050976660305,0.08226659055799246,0.08844037726521492
416,1.2098475453798623,14.980962153099421,0.45497150258006896,0.607395754689039,0.5540337303909785,1.071373097646912,0.5338345766067505,0.8796992301940918,0.9266917109489441,0.706986002148425,0.08121201302856207,0.08729603979736567
417,1.2095230371128864,15.028970359655897,0.45125536612834327,0.6113915126911531,0.5520439661898555,1.0714434485867665,0.518796980381012,0.8909774422645569,0.9417293071746826,0.7070065683782051,0.08117216266691685,0.08724558912217617
418,1.2055153690854674,15.017583202199603,0.4535025612428042,0.6042878523752606,0.5537874743886966,1.0695373168632545,0.5375939607620239,0.8815789222717285,0.9398496150970459,0.7058284703930343,0.08122439216822386,0.0873717488721013
419,1.2092231150599226,15.05697712745239,0.45530308359428806,0.6081138553762391,0.552162184196177,1.0692787459216966,0.5338345766067505,0.8853383660316467,0.9360902309417725,0.7058203441536374,0.08102968335151672,0.08717013895511627
420,1.2124517102316021,15.041007575986528,0.4667668909282415,0.604632310281332,0.5586380160423106,1.0821242620339713,0.5319548845291138,0.8740601539611816,0.932330846786499,0.7142182618831193,0.08141404204070568,0.08759648911654949
421,1.2142417496992786,15.08432697482528,0.4625617281162715,0.6206249557454251,0.5578953308626078,1.076521305491359,0.5451127886772156,0.8796992301940918,0.9398496150970459,0.7109405015843738,0.08113714214414358,0.08732314966619015
422,1.2084272207991433,15.132144574927667,0.4568232070212012,0.6343456031343891,0.5536004497521411,1.0694556621682112,0.5281955003738403,0.8872180581092834,0.9454887509346008,0.7058607034725284,0.08124576322734356,0.08737909886986017
423,1.20948241858406,15.099159253662114,0.4580360458222556,0.5928146877385346,0.5503876244851129,1.0676651709920926,0.5263158082962036,0.88345867395401,0.9360902309417725,0.7042900053651927,0.08120681252330542,0.08732520882040262
424,1.2062419934934199,15.080394989131973,0.4654636139263481,0.603116113520636,0.550743004862685,1.068522235851008,0.5413534045219421,0.8890977501869202,0.9379699230194092,0.7051785935902543,0.0811139727011323,0.08720140904188156
425,1.2103668863852015,15.074140035252693,0.4741150533789744,0.6174198985093658,0.5612049041284679,1.084481301805652,0.5319548845291138,0.88345867395401,0.9379699230194092,0.7160281459310586,0.08074495289474726,0.08685223013162613
426,1.2103328827688127,15.120632280514055,0.45387726959402896,0.6201489133867415,0.552295747410066,1.0692681815724745,0.5375939607620239,0.8872180581092834,0.9417293071746826,0.7057366642244155,0.08069246355444193,0.08685788046568632
427,1.2154280021821466,15.14431302690749,0.45096510777524906,0.6064968991949609,0.5534548866944942,1.0697718156265197,0.5206766724586487,0.8853383660316467,0.9379699230194092,0.7058702304329433,0.08067840337753296,0.08678439073264599
428,1.2113816239463804,15.172731234237645,0.4554697377208864,0.6128524001159418,0.5640545454954272,1.0908214724180745,0.5093985199928284,0.8909774422645569,0.9379699230194092,0.7203159206962182,0.08082590438425541,0.08690808992832899
429,1.215820483491489,15.147134414235666,0.44206613348903434,0.6246716547751979,0.5517424089567663,1.0703910639609087,0.5451127886772156,0.8872180581092834,0.9436089992523193,0.7064974574596536,0.08081119414418936,0.08691385015845299
430,1.2051929981902867,15.142146193911067,0.4490866309803251,0.625478041757267,0.5569724072056377,1.075848452868372,0.5394737124443054,0.8853383660316467,0.9398496150970459,0.71033123734248,0.08091727271676064,0.08698304928839207
431,1.2078576653924622,15.157663819890926,0.4497014857359826,0.5850229783195704,0.5557408497944198,1.0734879236874593,0.5244361162185669,0.8796992301940918,0.932330846786499,0.7078955583261755,0.0810150234028697,0.08710271026939154
432,1.2121683347660215,15.128119248263276,0.45355967126299435,0.6155048635839613,0.5542345029802395,1.0713763372426952,0.5375939607620239,0.8890977501869202,0.9398496150970459,0.7073556475763938,0.08114555291831493,0.08728649001568556
433,1.2111487057520913,15.122762834438864,0.45673071346542815,0.6224731903003469,0.5561141469858668,1.0707307087081392,0.5319548845291138,0.8815789222717285,0.9417293071746826,0.7067873553812123,0.08094344288110733,0.08726028818637133
434,1.2136211146010945,15.172490217153525,0.4543476275536981,0.6094209230073836,0.5538722820379937,1.0708245907201417,0.5394737124443054,0.8853383660316467,0.9417293071746826,0.7068301173542406,0.08077678270637989,0.08685611933469772
435,1.2079263093745465,15.159213020834526,0.46448116118994365,0.608432280442571,0.5578437831112195,1.0777490876623819,0.5206766724586487,0.88345867395401,0.9342105388641357,0.7113499907978946,0.08108304254710674,0.08717783819884062
436,1.2093104923234217,15.149108784116502,0.46408034529453007,0.621436307195307,0.5525716441382761,1.0689550026074286,0.5357142686843872,0.8872180581092834,0.9436089992523193,0.705535683122512,0.08081803284585476,0.08688767999410629
437,1.2130611286404696,15.156328649136965,0.46805936754137234,0.5987212993135831,0.5521262687013994,1.067826313323849,0.5451127886772156,0.8853383660316467,0.9342105388641357,0.7044659295878729,0.08062678389251232,0.08682451955974102
438,1.209844797242526,15.173270560153627,0.4588010474656625,0.6165902549023566,0.5515976961387765,1.0717674828918982,0.5263158082962036,0.8872180581092834,0.9436089992523193,0.7073844971136799,0.08060060441493988,0.0866660913452506
439,1.2103009377489358,15.17375479278701,0.46988925400299875,0.6223348628580689,0.5529410172683187,1.0686481930195162,0.5263158082962036,0.8890977501869202,0.9417293071746826,0.7051234607977294,0.08087159413844347,0.08694235049188137
440,1.208033610234979,15.185736107137378,0.47063476175708335,0.5975500077584326,0.5549799906078496,1.0765690468340037,0.5281955003738403,0.8853383660316467,0.932330846786499,0.7102188874366643,0.08095035329461098,0.087000478990376
441,1.2139474389752132,15.222138605349706,0.46833849229591396,0.5990008864361434,0.5541196935636904,1.0711274164343922,0.530075192451477,0.88345867395401,0.9417293071746826,0.7065986331805885,0.08270778972655535,0.08887468557804823
442,1.2114909802488385,15.202003592780928,0.4651398148011503,0.631394729819671,0.552708969146639,1.0704961236395536,0.5451127886772156,0.8909774422645569,0.9436089992523193,0.7065780219998579,0.08114724233746529,0.08724185917526484
443,1.2085254093109372,15.217732575738621,0.47187394005782707,0.6147639116057856,0.5534151442485237,1.0721437095221045,0.5338345766067505,0.8890977501869202,0.9398496150970459,0.7078747794435429,0.08136311359703541,0.08753461949527264
444,1.215164848306148,15.17596989664078,0.47401745585505317,0.5925176597467477,0.5546350094068632,1.0730131541595285,0.5319548845291138,0.8778195381164551,0.9379699230194092,0.7077747157340413,0.08108126278966665,0.08716779854148626
445,1.2077965089461151,15.20610439678303,0.4743107828130867,0.6286036415141368,0.5511845374413126,1.069301915387433,0.5469924807548523,0.896616518497467,0.9398496150970459,0.7056550588706636,0.08104454260319471,0.08720692899078131
446,1.2083665921060538,15.204170329633483,0.4784247836214417,0.6138107230140437,0.5531872175677776,1.0702983342590227,0.5394737124443054,0.88345867395401,0.9417293071746826,0.7064338779817022,0.08157579135149717,0.08778112754225731
447,1.209337311732161,15.188569491118649,0.4844187686253746,0.5905134347249911,0.5539085599208968,1.0722341424519828,0.530075192451477,0.8796992301940918,0.9360902309417725,0.707012298907937,0.08231701049953699,0.08848094753921032
448,1.2102913228033985,15.1673342717284,0.4853289998963182,0.6183860366375518,0.5518646009776645,1.0666285500107946,0.5338345766067505,0.8853383660316467,0.9454887509346008,0.7038814222440509,0.08181384112685919,0.08791586756706238
449,1.2119359244472911,15.194474983403412,0.47886703185419566,0.6158945566948048,0.5514628983361611,1.0700527274781002,0.5357142686843872,0.88345867395401,0.9436089992523193,0.7063494324517312,0.08164678048342466,0.08792540803551674
450,1.2117436763768987,15.248843290939815,0.48379570608482125,0.6056306442684981,0.5563417709102912,1.0767532001574638,0.5263158082962036,0.8815789222717285,0.9360902309417725,0.7107464223452297,0.08130400348454714,0.0873852800577879
451,1.207969497706058,15.25471531261144,0.4725196516115022,0.6144361327730516,0.5523349610163529,1.0692605212442088,0.5338345766067505,0.88345867395401,0.9398496150970459,0.7056554885025489,0.0810346333310008,0.0871132304891944
452,1.2117062362990392,15.219407078603277,0.48823886217603996,0.6150522812267836,0.556832374012542,1.0729208408212383,0.530075192451477,0.88345867395401,0.9379699230194092,0.7082349953002058,0.08091960288584232,0.08699315041303635
453,1.2099279473322246,15.322370600407629,0.4740325186894301,0.613105912968958,0.5548421766448952,1.0806021706664246,0.5225563645362854,0.8872180581092834,0.9379699230194092,0.7137374677908951,0.08110950328409672,0.08722730074077845
454,1.210004105123021,15.294153111399256,0.481778221567412,0.6048889704310485,0.5535141766952126,1.0680709814582032,0.5338345766067505,0.8796992301940918,0.9398496150970459,0.7045047603320682,0.08113314304500818,0.08720971085131168
455,1.2101870391937002,15.307330826579035,0.4788065957978199,0.618186374979022,0.5538785724831925,1.0706692377375864,0.5319548845291138,0.88345867395401,0.9398496150970459,0.7067989873924608,0.0810170117765665,0.0871075987815857
456,1.2088334334746376,15.359780701979538,0.46843405087115825,0.6189191508451116,0.5568376109568779,1.0780545936495527,0.5394737124443054,0.8872180581092834,0.9360902309417725,0.7119070019809612,0.08086018357425928,0.08691905997693539
457,1.2135954326714269,15.327385179524214,0.47508187598195584,0.6086825972037337,0.5569525735029511,1.0775975635920443,0.5131579041481018,0.8815789222717285,0.9342105388641357,0.7114305620185803,0.08091990277171135,0.08700236957520247
458,1.2101158089708313,15.242172822101256,0.4801172216172531,0.6188811090518327,0.5536888338888616,1.0710683002496912,0.548872172832489,0.88345867395401,0.9398496150970459,0.7067438744713517,0.08085381332784891,0.08695096988230944
459,1.2095052627816787,15.263981120294725,0.47436741067991683,0.609380205141814,0.5555716015410689,1.0756186940113932,0.5225563645362854,0.8815789222717285,0.9398496150970459,0.7098684149366734,0.08108867332339287,0.0872104587033391
460,1.2135145682176718,15.308313151118941,0.47731800559460424,0.6112349867746633,0.5561877812207608,1.0730346402667619,0.5319548845291138,0.8815789222717285,0.9417293071746826,0.7081412120811799,0.08112724218517542,0.08724098931998014
461,1.2104254020767231,15.287364438685652,0.47513556461571194,0.6178788134973736,0.5514082948470833,1.0698854140349756,0.5413534045219421,0.8947368264198303,0.9473684430122375,0.7063429556408637,0.08265949878841639,0.08884129580110312
462,1.2113274029031915,15.292797199212783,0.47781690432206264,0.6199502741896306,0.5529813485720295,1.0701534985188943,0.5432330965995789,0.88345867395401,0.9379699230194092,0.7062848250121726,0.08131392206996679,0.0874205781146884
463,1.2079443632203726,15.319227318114432,0.4773959227444904,0.5998257225508332,0.5532459258533169,1.072056910457842,0.5281955003738403,0.8740601539611816,0.9342105388641357,0.7074581454747898,0.08057211339473724,0.08665080089122057
464,1.211811203978917,15.327986997571845,0.48176271581294805,0.6028935090246407,0.5532839547342927,1.06807756260427,0.5281955003738403,0.8853383660316467,0.9436089992523193,0.7047408850826916,0.08078851457685232,0.0868493216112256
465,1.2076903906687337,15.336647380660839,0.4822393119557099,0.6245907830136792,0.5518072724018326,1.0682440289962618,0.5451127886772156,0.8872180581092834,0.9398496150970459,0.7050857486883026,0.08072266355156898,0.08678535092622042
466,1.2103251912989532,15.326519053475911,0.4917881542617683,0.6082716355446107,0.5518257336435205,1.0695579225492693,0.5150375962257385,0.8853383660316467,0.9417293071746826,0.7058313939334273,0.08124069310724735,0.0873432494699955
467,1.2103276901052376,15.338374849698733,0.49337247509965176,0.605224747694677,0.555702532518346,1.076313388271273,0.5281955003738403,0.8872180581092834,0.9379699230194092,0.7104653427279657,0.08109771367162466,0.0871813902631402
468,1.2080154092521949,15.354492885499209,0.483177598316385,0.6200553988057854,0.5532157461539327,1.0692817943272106,0.5507518649101257,0.8890977501869202,0.9417293071746826,0.7057634171434843,0.08086131326854229,0.0869419602677226
469,1.2060822114792946,15.358464298267519,0.4872949014915625,0.5981709514773579,0.5509539514039704,1.0715291752204081,0.5131579041481018,0.8778195381164551,0.9398496150970459,0.7069705755438217,0.08108929358422756,0.0872384300455451
470,1.2107785249850962,15.382991232220808,0.49497841934561315,0.6119837347841787,0.5567890877702254,1.0784540162794827,0.5281955003738403,0.8909774422645569,0.932330846786499,0.711887904832862,0.0811358829960227,0.08724515046924353
471,1.2136453737407875,15.431292343961555,0.4789719145111765,0.609500034485407,0.55480346185619,1.076662126959907,0.530075192451477,0.8815789222717285,0.9360902309417725,0.7105399848325878,0.0813465528190136,0.08753201924264431
472,1.2080059541804764,15.39812816261631,0.47792968527856317,0.622387414323193,0.5538617300173978,1.070180719008297,0.5357142686843872,0.8890977501869202,0.9436089992523193,0.7062791618171287,0.08096770290285349,0.08706135023385286
473,1.2099551951087424,15.395332866591529,0.4836882365429849,0.6056943354881931,0.5533535869323466,1.070036829828979,0.5206766724586487,0.8796992301940918,0.9398496150970459,0.7062816313000471,0.08114261273294687,0.08727509994059801
474,1.2078665319741009,15.434345910453757,0.4854305288296422,0.6111409992009393,0.5530383155368821,1.0718516230529163,0.5394737124443054,0.8909774422645569,0.9342105388641357,0.7077326677952425,0.0816407511010766,0.08781079761683941
475,1.2098997673873582,15.418857558548007,0.4855601038871995,0.6049106089465872,0.5561355992827297,1.0755891473739148,0.5244361162185669,0.8796992301940918,0.9417293071746826,0.7096623903300407,0.08129937201738358,0.0874754786491394
476,1.2101482890039827,15.449242774585903,0.4777389471037025,0.6090933656677416,0.5532036920341633,1.0713664075741873,0.5375939607620239,0.8909774422645569,0.9436089992523193,0.7070682426757108,0.08087841421365738,0.0869460916146636
477,1.2098918395330183,15.418652624413932,0.48622344289473507,0.622875685554144,0.5526839456303058,1.0699964616404445,0.5263158082962036,0.88345867395401,0.9436089992523193,0.7061723550333585,0.08085263334214687,0.08694467972964048
478,1.2079051140858066,15.475067151722543,0.4794153673463557,0.6082905563854908,0.5504549519992892,1.065292844655601,0.5413534045219421,0.8890977501869202,0.9417293071746826,0.7028711549095286,0.08058470394462347,0.08665857184678316
479,1.2101423501520994,15.486935031808159,0.4823706116244127,0.6063514891213202,0.5546349551022742,1.0704315747653441,0.5375939607620239,0.8796992301940918,0.9379699230194092,0.706589231720452,0.08100368361920118,0.08710333053022623
480,1.209330270184139,15.465337759931588,0.49142520971921344,0.6016190099598149,0.5554798848580892,1.0761281083783085,0.5225563645362854,0.8740601539611816,0.9342105388641357,0.7099369774439985,0.08086022268980742,0.08692585956305265
481,1.2105155999033521,15.453637203964986,0.4913345302677894,0.6188668807955036,0.5557969931699659,1.075754439145051,0.5357142686843872,0.8872180581092834,0.9398496150970459,0.7103158455612689,0.08085298351943493,0.08693876024335623
482,1.2118873363193463,15.47267922711484,0.4901751278421508,0.6088328561886002,0.5566265494119887,1.0782659433651536,0.518796980381012,0.8778195381164551,0.9360902309417725,0.7118400304996404,0.08074194379150867,0.08681529108434916
483,1.2089575503689125,15.454896540412262,0.49165601567855977,0.6087648146892127,0.5525852022094319,1.0666175946340821,0.5413534045219421,0.8872180581092834,0.9417293071746826,0.7036787934977763,0.08073672372847795,0.08683456014841795
484,1.209415355502097,15.452746820990566,0.49189127458148696,0.619700919615413,0.5522780734449476,1.0696182671851384,0.5394737124443054,0.8853383660316467,0.9454887509346008,0.7061076828232813,0.08487886469811201,0.09124821051955223
485,1.214599654638087,15.450378790299405,0.4979964831712206,0.6001017840708771,0.5563227835118402,1.0749976581544072,0.5225563645362854,0.8815789222717285,0.9285714030265808,0.7093245822474628,0.08080704230815172,0.08688181918114424
486,1.2111105084494775,15.49228960302208,0.49114960883779785,0.6183867729589102,0.5586199159340012,1.082922523607047,0.5225563645362854,0.8815789222717285,0.9473684430122375,0.7151742590524642,0.08117538224905729,0.08728725928813219
487,1.2124581928046585,15.437128128198351,0.48818681505999406,0.6213824079406867,0.5544885778290815,1.0698861302234706,0.5357142686843872,0.88345867395401,0.9417293071746826,0.7063235493689268,0.08123117312788963,0.08739446941763163
488,1.2108157273307025,15.479745982736512,0.4844184082784547,0.5941702417578033,0.5530895581775362,1.0721827597241977,0.5357142686843872,0.8796992301940918,0.9342105388641357,0.707291637976007,0.08084813319146633,0.08693842962384224
489,1.2075963761657746,15.476338671787028,0.4915693410993136,0.6122502706684751,0.5563260640778808,1.0763311084928677,0.5169172883033752,0.8853383660316467,0.9360902309417725,0.7105450347820177,0.08083372376859188,0.0869322307407856
490,1.2106659441959544,15.460027527583973,0.48851308779971153,0.6112343548434094,0.5527107653529001,1.0691719701664315,0.5375939607620239,0.8815789222717285,0.9379699230194092,0.7053910150372728,0.08068262320011854,0.08677122928202152
491,1.2135390836531486,15.474137713830753,0.4797291560108754,0.6298303348809686,0.5537410492566583,1.0740100912264705,0.5338345766067505,0.8909774422645569,0.9473684430122375,0.7091178519931303,0.08054773509502411,0.08663930185139179
492,1.2119108518837858,15.473653592684824,0.489742554645107,0.6082016180291959,0.5550614795880572,1.0721234241958675,0.530075192451477,0.8815789222717285,0.9398496150970459,0.7074813756297564,0.08078016340732574,0.08687236998230219
493,1.2091053477918579,15.43551282551248,0.4902378138082677,0.6135484902717769,0.557163095754241,1.078764297803133,0.5244361162185669,0.8872180581092834,0.9342105388641357,0.7122384611496625,0.08141855150461197,0.08747741859406233
494,1.2083270991459263,15.463360583323281,0.4791908555317974,0.616832594267201,0.5550105253887968,1.072313283549567,0.548872172832489,0.8853383660316467,0.9398496150970459,0.7079539889475471,0.08070837333798409,0.08677088096737862
495,1.2074054056103782,15.50389161011493,0.4820307198012098,0.597619708109757,0.5518589717725559,1.0709295223943514,0.5112782120704651,0.8778195381164551,0.9360902309417725,0.7063994434807258,0.08094174321740866,0.08702989853918552
496,1.210398625357537,15.486756923675868,0.48297721946325944,0.6014738696040445,0.5552695460016944,1.0744431234279683,0.530075192451477,0.88345867395401,0.9379699230194092,0.7091859664837454,0.08059323392808437,0.08671570010483265
497,1.2131918055173583,15.477269096082868,0.48179819808970425,0.6468921945314816,0.556617225182081,1.073068196408761,0.5281955003738403,0.8928571343421936,0.9436089992523193,0.7081935675125951,0.08422584645450115,0.0904704025015235
498,1.2142308117953022,15.513938485012467,0.4738323020159005,0.5983673682698945,0.5535865619948837,1.0716148714209401,0.5169172883033752,0.8796992301940918,0.9379699230194092,0.7070654250895553,0.08543947339057922,0.09160999022424221
499,1.2125007041343046,15.51902182844089,0.480205382477528,0.6047960488213938,0.5596735006046486,1.0827328065005815,0.5112782120704651,0.8815789222717285,0.932330846786499,0.7147632046957192,0.2926099905744195,0.29880101699382067
