iteration,loss,lengthscale,outputscale,likelyhood_noise,test_MAE,test_NLL,test_PICP50,test_PICP90,test_PICP95,test_RMSE,it_time_training,it_time
0,1.4065244429731587,3.2658683878628922,1,0.6444966655980189,6.600095147641465,3.620030707676023,0.6632652878761292,0.976190447807312,0.9931972622871399,8.355497594973341,0.2816928867250681,0.33427725173532963
1,1.3879125391406373,3.451195516844285,1,0.5982483928850018,6.473038670832922,3.60050757355634,0.6649659872055054,0.9693877696990967,0.9914966225624084,8.244529897825522,0.0070627243258059025,0.022665297146886587
2,1.370532126244833,3.655882574450849,1,0.5544985277827046,6.358852476047112,3.58076742608746,0.6649659872055054,0.9591836929321289,0.9897959232330322,8.1363719982606,0.006459779106080532,0.021344629116356373
3,1.3535791134293302,3.8787727051476693,1,0.5132340558227348,6.25279010299331,3.5605743706684363,0.6564626097679138,0.9557822942733765,0.9863945841789246,8.025293401189922,0.006521609146147966,0.021392979193478823
4,1.3362808942780686,4.117817706566865,1,0.4744311099386367,6.155912858290867,3.5402313239030843,0.6530612111091614,0.954081654548645,0.9812925457954407,7.913877693960892,0.006362880114465952,0.021248839795589447
5,1.3185194732864554,4.371130823844751,1,0.4380556265519512,6.06209544222619,3.5202587670810233,0.646258533000946,0.9557822942733765,0.976190447807312,7.807453924080397,0.006350010167807341,0.02122616022825241
6,1.3006332095894448,4.637165296497595,1,0.4040651592908272,5.976124067953417,3.5010722890913697,0.6360543966293335,0.9557822942733765,0.9744898080825806,7.709238111584452,0.0063089411705732346,0.02117298124358058
7,1.2830085600781778,4.91458381288146,1,0.3724103732130974,5.901141576783717,3.482900777114748,0.6275510191917419,0.954081654548645,0.9727891087532043,7.619560853699402,0.0062998998910188675,0.021151200868189335
8,1.2659185515570919,5.202166433618289,1,0.3430358968441194,5.830991283249984,3.4658117453064676,0.6241496801376343,0.9523809552192688,0.9727891087532043,7.536710390894351,0.00633996119722724,0.02122357999905944
9,1.2494962260763798,5.498784507759544,1,0.31588054783593955,5.760121537056569,3.449773559695337,0.6088435649871826,0.9472789168357849,0.9676870703697205,7.458110862190071,0.005500198341906071,0.01582255121320486
10,1.2337578486968186,5.803405971169102,1,0.2908770927863743,5.689021255869706,3.4347454351813993,0.5935373902320862,0.942176878452301,0.9659863710403442,7.381511763985709,0.00567418709397316,0.016399356070905924
11,1.2186575522517367,6.115087839126243,1,0.26795215005461986,5.619618375995524,3.4207731217675517,0.5782312750816345,0.9387755393981934,0.9608843326568604,7.305880333208644,0.005380949005484581,0.0157221220433712
12,1.2041605067267147,6.432923417508959,1,0.24702703990426525,5.549070061875016,3.4080404163331903,0.5680271983146667,0.9319728016853333,0.9625850319862366,7.231619272146746,0.005360119976103306,0.015668582171201706
13,1.19029756870849,6.755953314189677,1,0.22801981776944744,5.485019933995877,3.3968598799217453,0.5680271983146667,0.9285714030265808,0.9557822942733765,7.160205605192436,0.005413528997451067,0.015739861875772476
14,1.1771694538879536,7.083078569829668,1,0.2108480518015501,5.4384534407603145,3.3876259899926326,0.5646258592605591,0.9234693646430969,0.9523809552192688,7.093659881949968,0.005354209803044796,0.015624783001840115
15,1.1649167075273306,7.412995659991747,1,0.1954318429824845,5.398023387580267,3.380745260484188,0.5493197441101074,0.9166666865348816,0.9472789168357849,7.034030272160251,0.005414209328591824,0.015733751002699137
16,1.1536976927749716,7.74414272544349,1,0.18169677754346605,5.361212003557642,3.376551301192607,0.5340136289596558,0.9132652878761292,0.9438775777816772,6.9829319066191715,0.005454088561236858,0.015794341918081045
17,1.1436859654555311,8.074649767843681,1,0.16957638797184799,5.331793731393376,3.3752191917161065,0.5255101919174194,0.9115646481513977,0.942176878452301,6.9411969449944495,0.0054630981758236885,0.015847039874643087
18,1.1350605108939305,8.402314217607021,1,0.15901347707586774,5.312452131799562,3.376691636831883,0.5187074542045593,0.8996598720550537,0.9370748400688171,6.908665145436479,0.005486147943884134,0.01575604174286127
19,1.127966875540154,8.724638301337452,1,0.14995980644641857,5.297465211558792,3.3806379458042652,0.5085033774375916,0.8860543966293335,0.9336734414100647,6.8841970016587295,0.005491157993674278,0.015800501219928265
20,1.1224604531121112,9.038950582202501,1,0.1423741272988649,5.285009935349736,3.3864732305813625,0.4948979616165161,0.8792517185211182,0.9251700639724731,6.86599741410174,0.005473767872899771,0.015838109888136387
21,1.1184637289165513,9.342603587975224,1,0.13621900782404794,5.276894613861106,3.3934358769749844,0.48469388484954834,0.8724489808082581,0.9217687249183655,6.852121410669409,0.005454158876091242,0.01563992304727435
22,1.1157614518485928,9.633211143248129,1,0.13145723232278075,5.271203159941174,3.4006895521460194,0.4761904776096344,0.8673469424247742,0.9166666865348816,6.840881140936638,0.005432649049907923,0.015559894032776356
23,1.1140339579382865,9.90887587200022,1,0.12804867196813263,5.265996198321276,3.4074205662730175,0.4710884392261505,0.8520408272743225,0.9132652878761292,6.831007417799198,0.0054316092282533646,0.015534324105829
24,1.1129113385166276,10.168361580527641,1,0.12594838781004186,5.2609590899226975,3.4129203277758724,0.4659864008426666,0.8520408272743225,0.9081632494926453,6.821622834087125,0.005442218855023384,0.015627252869307995
25,1.1120297157571688,10.411181949165767,1,0.1251062850707372,5.255544769075831,3.4166493383518044,0.46088436245918274,0.8486394286155701,0.9081632494926453,6.812147516341742,0.005451867822557688,0.015637482050806284
26,1.111078079241167,10.637599341102534,1,0.12546802245991334,5.249915390808433,3.418277296114046,0.45578232407569885,0.8452380895614624,0.9081632494926453,6.802214425184005,0.0056050969287753105,0.015784110873937607
27,1.1098304931405887,10.84854785497388,1,0.12697637939099046,5.2436444245302045,3.4176945410746105,0.45408162474632263,0.8435373902320862,0.9081632494926453,6.791615376436436,0.005489638075232506,0.015967498999089003
28,1.1081618257918977,11.045506465571089,1,0.12957213888987204,5.2365810054020505,3.4149953980968153,0.45408162474632263,0.8452380895614624,0.9081632494926453,6.780270512046191,0.005422597751021385,0.015607392881065607
29,1.1060472669940666,11.23034946664632,1,0.13319377022047407,5.228584249015414,3.410439903354423,0.4591836631298065,0.8469387888908386,0.9115646481513977,6.768208191667903,0.005455398932099342,0.01562498277053237
30,1.1035479429564239,11.405195713928864,1,0.13777561812109967,5.220022328148157,3.4044034337181737,0.46088436245918274,0.8503401279449463,0.9149659872055054,6.755546297792372,0.0054597193375229836,0.015663343016058207
31,1.1007867047839504,11.57227022322148,1,0.14324473026723414,5.2109240164399395,3.3973234006783994,0.4659864008426666,0.853741466999054,0.918367326259613,6.742471459870947,0.005455599166452885,0.01563598308712244
32,1.0979190943831012,11.733784863715742,1,0.14951678263550133,5.201556627992537,3.389649842533415,0.4693877696990967,0.8588435649871826,0.9268707633018494,6.7292163225087895,0.005473327822983265,0.015616583172231913
33,1.0951043992253253,11.89184036433723,1,0.1564917870255666,5.192115042876873,3.381804061659871,0.47278910875320435,0.8622449040412903,0.930272102355957,6.71603624851699,0.005660057067871094,0.015848441049456596
34,1.0924808689689651,12.048349461148655,1,0.16405040624039918,5.182810757700127,3.3741473678442646,0.4897959232330322,0.8741496801376343,0.930272102355957,6.703186612478897,0.005452699027955532,0.015587823931127787
35,1.0901480003249666,12.20498024931463,1,0.17205175605052025,5.174015561951558,3.36696076411325,0.4931972920894623,0.8775510191917419,0.9336734414100647,6.690901269975612,0.005456739105284214,0.015582993160933256
36,1.088157542778978,12.363119164215039,1,0.1803335017623431,5.1658830729881,3.3604358115677,0.4948979616165161,0.8792517185211182,0.9353741407394409,6.679372885638725,0.0054308692924678326,0.015574663411825895
37,1.0865135241501205,12.523853741002723,1,0.1887148200658075,5.158484984502697,3.354676383275879,0.5034013390541077,0.8826530575752258,0.9353741407394409,6.668736926016487,0.005429208744317293,0.01554301381111145
38,1.0851800511215508,12.687975140012705,1,0.19700239362508468,5.151792054269035,3.3497099989500403,0.5085033774375916,0.8860543966293335,0.9370748400688171,6.659062369099304,0.005433348007500172,0.015552743338048458
39,1.08409408927447,12.855998425515427,1,0.20499910179215652,5.145918332774718,3.3455059078645166,0.5136054158210754,0.8979591727256775,0.9404761791229248,6.650351846729584,0.00544050894677639,0.01560292299836874
40,1.0831795508536013,13.028195508049379,1,0.21251457859818842,5.1410005213849255,3.3419958872949893,0.5187074542045593,0.8996598720550537,0.9455782175064087,6.642551501458393,0.0054394579492509365,0.015630143228918314
41,1.082359519991736,13.204633758515042,1,0.21937644423488417,5.136826149994174,3.3390937910212393,0.5204081535339355,0.8996598720550537,0.9472789168357849,6.63556793795806,0.005438649095594883,0.015999089926481247
42,1.0815651040685914,13.385213986431712,1,0.22544086157019014,5.133421350796755,3.3367111936187808,0.5204081535339355,0.9013605713844299,0.9472789168357849,6.629288138701219,0.0054507688619196415,0.01570402178913355
43,1.0807410387515535,13.569703963838085,1,0.23060116002162917,5.130194784485273,3.334768109117472,0.5221088528633118,0.9030612111091614,0.9472789168357849,6.623598260046024,0.005415238905698061,0.015560803934931755
44,1.0798488396508699,13.757766256906432,1,0.234793583610572,5.127014342015341,3.3331989182525046,0.523809552192688,0.9047619104385376,0.9455782175064087,6.618398029925971,0.005416648928076029,0.015501593705266714
45,1.0788680663854509,13.948980806772171,1,0.2379996792930111,5.124352692421943,3.3319541849075343,0.5221088528633118,0.9047619104385376,0.9455782175064087,6.613608673875107,0.005372398998588324,0.01550387404859066
46,1.0777958361868187,14.142863443951997,1,0.24024533193663966,5.121782929987038,3.330999232713532,0.5204081535339355,0.9047619104385376,0.9455782175064087,6.609173915809159,0.005433699116110802,0.01572509203106165
47,1.076644601185841,14.338881670097512,1,0.24159686514497075,5.119464251799669,3.3303104138416266,0.5170068144798279,0.9047619104385376,0.9438775777816772,6.6050553256238045,0.005419188644737005,0.015567682683467865
48,1.0754384199503273,14.5364688997464,1,0.24215489424081335,5.117426570945118,3.3298700136333683,0.5170068144798279,0.9047619104385376,0.9438775777816772,6.601224487353887,0.0054411389864981174,0.01557856285944581
49,1.0742082662913357,14.7350380968786,1,0.24204672322140897,5.115436992653835,3.329660701020409,0.5136054158210754,0.9047619104385376,0.9438775777816772,6.597654717862747,0.005531487986445427,0.01563043287023902
50,1.0729870968609978,14.933995449596958,1,0.24141804776951414,5.113494167855486,3.329660356208454,0.5085033774375916,0.9030612111091614,0.942176878452301,6.594314461839998,0.005407379008829594,0.01590402005240321
51,1.0718053671281251,15.132754433534041,1,0.2404246092939985,5.112036579566247,3.329837994461778,0.5034013390541077,0.9030612111091614,0.942176878452301,6.591163462481315,0.005397209897637367,0.015529344324022532
52,1.070687499691528,15.33075032523518,1,0.23922429003753418,5.110790373978003,3.330151363835807,0.5017006993293762,0.9047619104385376,0.942176878452301,6.588151830504738,0.0054397787898778915,0.01554472278803587
53,1.0696495757930298,15.527454936039787,1,0.23796998517220938,5.109734235777268,3.3305466165553215,0.49659863114356995,0.9030612111091614,0.9404761791229248,6.585221498602329,0.005410159006714821,0.015538783743977547
54,1.0686983252415638,15.722391049318103,1,0.23680345733801367,5.108614523517544,3.330960220941001,0.4948979616165161,0.9030612111091614,0.9387755393981934,6.582309314106181,0.005389069207012653,0.015525363851338625
55,1.0678313621238575,15.91514578587812,1,0.2358502800805746,5.107428386202601,3.3313229848637667,0.4897959232330322,0.8996598720550537,0.9387755393981934,6.579351076989828,0.005408409051597118,0.015526114031672478
56,1.067038532634911,16.105381942582937,1,0.23521590611412452,5.106201865879543,3.3315657229619067,0.488095223903656,0.8979591727256775,0.9353741407394409,6.576285994430788,0.005455998238176107,0.015598082914948463
57,1.0663041649113123,16.292846303594395,1,0.23498284627636548,5.104778826977392,3.331625776978905,0.4897959232330322,0.8979591727256775,0.9353741407394409,6.573061152632857,0.00546532915905118,0.01560206338763237
58,1.065609913588288,16.47737405168498,1,0.2352089082543398,5.103138477825476,3.331453377657391,0.488095223903656,0.896258533000946,0.9353741407394409,6.569635645872104,0.005434068851172924,0.015550612937659025
59,1.0649377874623163,16.658888710563172,1,0.23592641813149176,5.101269111914109,3.3310167993107376,0.4863945543766022,0.8979591727256775,0.9353741407394409,6.565983980718028,0.005401359871029854,0.01575266197323799
60,1.0642728825551706,16.837397483859124,1,0.2371423350435406,5.099487949160376,3.330305442876986,0.4863945543766022,0.8996598720550537,0.9353741407394409,6.56209836066786,0.005678126122802496,0.015764970798045397
61,1.0636053638764982,17.01298234116592,1,0.238839173823043,5.097568741381174,3.3293303606807987,0.4863945543766022,0.8996598720550537,0.9353741407394409,6.557989515986445,0.005359719041734934,0.015482093673199415
62,1.062931369127586,17.185787641777594,1,0.2409766728249962,5.095467119917774,3.328122214528215,0.488095223903656,0.8996598720550537,0.9353741407394409,6.553685898233185,0.005355189088732004,0.015435445122420788
63,1.0622527263638162,17.35600540231072,1,0.24349417686970137,5.093201354994007,3.3267271166565906,0.488095223903656,0.9013605713844299,0.9370748400688171,6.5492312840630715,0.0053536491468548775,0.015459364280104637
64,1.0615756294030267,17.52385946006211,1,0.2463137335265148,5.090834714509197,3.3252011323652164,0.488095223903656,0.9030612111091614,0.9370748400688171,6.544681070652749,0.005336198955774307,0.015483103692531586
65,1.0609086298721802,17.689589756291383,1,0.2493439067699964,5.088372866065591,3.323604361919796,0.488095223903656,0.9030612111091614,0.9370748400688171,6.5400977311836686,0.005401968955993652,0.020146349910646677
66,1.0602604256210992,17.85343779392228,1,0.252484281241678,5.0858800403843425,3.3219954626010373,0.488095223903656,0.9047619104385376,0.9353741407394409,6.535545987543796,0.006436919327825308,0.016714703291654587
67,1.0596379249722463,18.015634063553556,1,0.2556305593567527,5.0835000849645295,3.3204272618926947,0.488095223903656,0.9047619104385376,0.9370748400688171,6.531088235662676,0.005438488908112049,0.015552863012999296
68,1.0590449545028027,18.176387935269997,1,0.2586800527500207,5.081170559096327,3.3189438186791302,0.4897959232330322,0.9047619104385376,0.9387755393981934,6.526780645732787,0.0054160188883543015,0.015569934155791998
69,1.0584817937648063,18.335880228823743,1,0.26153726223247903,5.07893160959439,3.3175789846146118,0.4948979616165161,0.9064626097679138,0.9387755393981934,6.522670195370125,0.005464518908411264,0.015629852656275034
70,1.0579455170986307,18.494258434607502,1,0.2641191562733658,5.076821196439098,3.31635626409473,0.4948979616165161,0.9064626097679138,0.9387755393981934,6.518792724905163,0.005406258627772331,0.015568512957543135
71,1.0574309518770066,18.651634380493842,1,0.26635972412858844,5.074952267179086,3.3152896079148864,0.4948979616165161,0.9064626097679138,0.9387755393981934,6.515171968386418,0.005598586983978748,0.015628982800990343
72,1.0569319598014912,18.808084029598003,1,0.26821341154751244,5.073262341108556,3.314384716580882,0.4948979616165161,0.9064626097679138,0.9404761791229248,6.511819431320613,0.005453729070723057,0.015598704107105732
73,1.0564427261323572,18.963649045455295,1,0.2696571430501057,5.071804321673568,3.3136404648873854,0.49829933047294617,0.9064626097679138,0.9404761791229248,6.50873495603893,0.005426548887044191,0.015576423145830631
74,1.055958791596135,19.118339761030757,1,0.2706907773679464,5.070544143562884,3.31305016360397,0.49659863114356995,0.9064626097679138,0.9404761791229248,6.50590782201333,0.005448509007692337,0.015577192883938551
75,1.0554776584670214,19.272139219528093,1,0.2713360039197333,5.069411754467784,3.3126025126673406,0.49659863114356995,0.9064626097679138,0.9404761791229248,6.503318250182421,0.005607677157968283,0.015634503215551376
76,1.0549989158022366,19.425008000303198,1,0.2716338388839248,5.068389343672898,3.3122822392517346,0.49659863114356995,0.9064626097679138,0.9404761791229248,6.500939200300462,0.005423898808658123,0.015829271171242
77,1.0545239324111877,19.57688958627621,1,0.27164099673285463,5.067455301584267,3.3120705259234673,0.4948979616165161,0.9064626097679138,0.9404761791229248,6.498738360832206,0.005423529073596001,0.01555219292640686
78,1.0540552420753007,19.72771605828388,1,0.27142548499226726,5.066586014871278,3.3119454006452007,0.49149659276008606,0.9064626097679138,0.9404761791229248,6.496680233255409,0.005454618949443102,0.01558085298165679
79,1.0535957858687979,19.877413911124346,1,0.2710617954482316,5.06575753669429,3.3118822736459297,0.49149659276008606,0.9064626097679138,0.9404761791229248,6.494728212582523,0.00545465899631381,0.0156209128908813
80,1.0531481810618804,20.02590977687254,1,0.27062605109203963,5.064965674297138,3.3118547677063166,0.49149659276008606,0.9064626097679138,0.9404761791229248,6.49284656871884,0.00545657891780138,0.015640633180737495
81,1.052714159873303,20.17313582111283,1,0.270191425857181,5.06417895219233,3.3118359086851843,0.4897959232330322,0.9064626097679138,0.9404761791229248,6.491002240834274,0.005455187987536192,0.01559422304853797
82,1.0522942719935926,20.3190345593229,1,0.26982409520191053,5.0634064282789115,3.311799640350901,0.49149659276008606,0.9064626097679138,0.9404761791229248,6.489166368095362,0.005475858226418495,0.015659413300454617
83,1.051887882085627,20.46356283743555,1,0.2695799096123697,5.062601048062165,3.3117225254788303,0.49149659276008606,0.9064626097679138,0.9404761791229248,6.487315492961482,0.00546368770301342,0.015628961846232414
84,1.0514934289788485,20.606694743974728,1,0.26950191736894724,5.061754160879425,3.311585418673857,0.4897959232330322,0.9047619104385376,0.9404761791229248,6.485432387257781,0.005659176968038082,0.01581339119002223
85,1.051108859598157,20.748423276793094,1,0.26961880219449036,5.060871646769403,3.311374865696716,0.4897959232330322,0.9047619104385376,0.9387755393981934,6.483506467774268,0.005429069045931101,0.015551184304058552
86,1.0507321192068222,20.888760673309633,1,0.2699442483739221,5.059942972532417,3.3110840086820676,0.4931972920894623,0.9047619104385376,0.9387755393981934,6.481533789259616,0.005444178823381662,0.015558953862637281
87,1.0503615773274149,21.02773741956089,1,0.27047720150187354,5.058970001409489,3.3107128516451,0.49149659276008606,0.9047619104385376,0.9387755393981934,6.479516629157032,0.005428798962384462,0.01555073307827115
88,1.0499962956490827,21.165400065143515,1,0.271202956477762,5.057958279520205,3.3102678476522382,0.4897959232330322,0.9047619104385376,0.9387755393981934,6.477462708440324,0.005428709089756012,0.01572239212691784
89,1.049636092382008,21.301808071233726,1,0.27209497376641223,5.056915635153154,3.3097608814333013,0.4897959232330322,0.9047619104385376,0.9387755393981934,6.475384122088467,0.005443958565592766,0.015615342650562525
90,1.0492814130998944,21.43702999256251,1,0.27311729780842087,5.055896045145409,3.309207812480465,0.4897959232330322,0.9064626097679138,0.9387755393981934,6.473296075560822,0.005420809146016836,0.015593183226883411
91,1.0489330657467941,21.571139332181875,1,0.2742274259573574,5.054914987679863,3.308626794939696,0.4897959232330322,0.9064626097679138,0.9387755393981934,6.4712155353540926,0.005411788821220398,0.015564392786473036
92,1.0485919050155612,21.704210407685412,1,0.27537945237760914,5.053929625680929,3.3080365952128736,0.4897959232330322,0.9047619104385376,0.9387755393981934,6.4691599000171855,0.005437078885734081,0.015582913998514414
93,1.0482585533025552,21.836314533389377,1,0.2765272912887751,5.0529511938506655,3.3074550919822703,0.488095223903656,0.9047619104385376,0.9387755393981934,6.467145783735935,0.0054238587617874146,0.015594902914017439
94,1.0479332242571346,21.967516763664033,1,0.2776277721848833,5.051991311959741,3.3068980811630326,0.488095223903656,0.9047619104385376,0.9387755393981934,6.465187981492538,0.0054137189872562885,0.015558332670480013
95,1.0476156791717897,22.097873369103507,1,0.27864340134239235,5.051065689995541,3.306378438469025,0.488095223903656,0.9047619104385376,0.9387755393981934,6.4632986582058045,0.005426269024610519,0.015526782721281052
96,1.0473053076664285,22.22743014022022,1,0.27954460311546353,5.050207472294078,3.3059056314185233,0.488095223903656,0.9047619104385376,0.9387755393981934,6.461486779514155,0.005372578743845224,0.015608702786266804
97,1.0470012931246373,22.35622154146259,1,0.2803112924541318,5.049431464422687,3.3054855316528595,0.488095223903656,0.9047619104385376,0.9387755393981934,6.459757782818086,0.005644756834954023,0.01575041189789772
98,1.046702807263184,22.484270677228352,1,0.28093368433643306,5.048692900487974,3.3051204611221356,0.4897959232330322,0.9047619104385376,0.9387755393981934,6.458113475316295,0.0054085091687738895,0.01556491432711482
99,1.0464091790794283,22.61158998380222,1,0.28141231052305005,5.04799234120985,3.304809409082833,0.4897959232330322,0.9047619104385376,0.9387755393981934,6.456552140116245,0.005403249058872461,0.015534983947873116
100,1.0461199984131406,22.738182526941507,1,0.28175728123491467,5.047328234898404,3.3045483734585583,0.4897959232330322,0.9030612111091614,0.9387755393981934,6.455068829502417,0.0054381187073886395,0.015685221645981073
101,1.0458351373926447,22.864043762752278,1,0.2819868907159367,5.04672373461917,3.304330800644013,0.4897959232330322,0.9030612111091614,0.9387755393981934,6.453655823072435,0.005304170306771994,0.015500294044613838
102,1.0455546969022516,22.989163607512253,1,0.28212571426718003,5.0462822363737985,3.3041481138641564,0.4897959232330322,0.9030612111091614,0.9387755393981934,6.452303225356147,0.005412659142166376,0.01558537408709526
103,1.0452789036275243,23.113528658360096,1,0.2822023758434769,5.045857692420223,3.3039903262046,0.4897959232330322,0.9030612111091614,0.9387755393981934,6.450999671780467,0.005392178893089294,0.015513153746724129
104,1.0450079922851254,23.237124410115307,1,0.28224717818344286,5.0454441752741435,3.3038467288116604,0.4897959232330322,0.9030612111091614,0.9387755393981934,6.449733104055787,0.0054252189584076405,0.01554452395066619
105,1.0447421063602356,23.359937323541946,1,0.2822897827429171,5.045035440281675,3.3037066298705575,0.4897959232330322,0.9013605713844299,0.9387755393981934,6.448491568048372,0.005426198709756136,0.015793622005730867
106,1.0444812408435862,23.481956617292926,1,0.282357107276057,5.044625375193329,3.3035601011524025,0.4897959232330322,0.9013605713844299,0.9387755393981934,6.447263981293276,0.005432988982647657,0.01556032383814454
107,1.0442252358039545,23.603175679778673,1,0.2824715785751265,5.044208437818641,3.303398672860765,0.4897959232330322,0.9013605713844299,0.9387755393981934,6.446040815614992,0.005422528833150864,0.015565672889351845
108,1.043973814644794,23.723593027953996,1,0.2826498406701373,5.043780046678454,3.3032159102654672,0.4897959232330322,0.9013605713844299,0.9387755393981934,6.4448146442055565,0.005613307002931833,0.015644322149455547
109,1.0437266496191666,23.843212776149173,1,0.28290197840992337,5.0433368924135795,3.303007810843582,0.4897959232330322,0.9013605713844299,0.9387755393981934,6.44358051223008,0.005443559028208256,0.015641002915799618
110,1.0434834322030209,23.962044617038067,1,0.2832312758776795,5.042877144024778,3.30277297854297,0.4897959232330322,0.9013605713844299,0.9387755393981934,6.442336104753954,0.005379358772188425,0.015451173763722181
111,1.0432439278320809,24.080103355123814,1,0.2836344909011589,5.042404504638709,3.3025125590316087,0.4897959232330322,0.9013605713844299,0.9387755393981934,6.441081703794054,0.005287980195134878,0.015390715096145868
112,1.0430080018926542,24.197408066818067,1,0.2841025927305062,5.041961657528497,3.3022299506143393,0.4897959232330322,0.9013605713844299,0.9387755393981934,6.439819945345808,0.005254429765045643,0.015354594681411982
113,1.0427756139324127,24.313980986729447,1,0.2846218810640348,5.04150619272862,3.3019303333664984,0.4897959232330322,0.9013605713844299,0.9387755393981934,6.438555404982503,0.0052573299035429955,0.015328936278820038
114,1.0425467865923725,24.42984623465682,1,0.2851753820773978,5.041041518803704,3.3016200785358523,0.49149659276008606,0.9013605713844299,0.9387755393981934,6.437294054994755,0.005368549842387438,0.015501454938203096
115,1.0423215620784148,24.54502850101632,1,0.285744401973137,5.040571742262038,3.3013061084461968,0.49149659276008606,0.8996598720550537,0.9387755393981934,6.436042645536002,0.005621518008410931,0.016162247862666845
116,1.0420999606938874,24.659551800647602,1,0.2863101117939223,5.040101293876348,3.300995273989158,0.4931972920894623,0.8996598720550537,0.9387755393981934,6.434808066095622,0.005396098829805851,0.015508793760091066
117,1.0418819531867447,24.773438388127854,1,0.28685503960978725,5.039634542129234,3.3006938048225716,0.49149659276008606,0.8996598720550537,0.9387755393981934,6.433596741833595,0.005415529012680054,0.015538753010332584
118,1.0416674528643384,24.886707904702305,1,0.28736435797730975,5.039175428508435,3.3004068705520653,0.49149659276008606,0.8996598720550537,0.9387755393981934,6.432414112561335,0.00540896924212575,0.015557884238660336
119,1.0414563267294799,24.999376800808385,1,0.2878268752493188,5.038727156563179,3.3001382735552123,0.4897959232330322,0.8996598720550537,0.9387755393981934,6.431264231626252,0.005405428819358349,0.015549783129245043
120,1.0412484193916374,25.111458051764224,1,0.2882356673581806,5.038291960768259,3.2998902788812443,0.4897959232330322,0.8996598720550537,0.9387755393981934,6.430149509098376,0.00543619878590107,0.015576723963022232
121,1.041043580656813,25.222961159763944,1,0.2885883195998135,5.037870972944652,3.299663575463032,0.488095223903656,0.8996598720550537,0.9387755393981934,6.429070609923143,0.005623106844723225,0.015746952034533024
122,1.0408416879636415,25.333892414417946,1,0.288886782501483,5.037464194143702,3.299457355790585,0.4897959232330322,0.8996598720550537,0.9387755393981934,6.428026504363033,0.00542475888505578,0.015569563023746014
123,1.04064265769225,25.44425536758954,1,0.2891368786073835,5.037096341786858,3.299269497163521,0.49149659276008606,0.8979591727256775,0.9387755393981934,6.427014656068636,0.005427178926765919,0.015542102977633476
124,1.0404464436105034,25.55405146660932,1,0.2893475247737604,5.036748129756926,3.2990968251520902,0.49149659276008606,0.8979591727256775,0.9387755393981934,6.426031323156372,0.005423558875918388,0.01557498425245285
125,1.0402530248774413,25.66328078317934,1,0.2895297548591794,5.036416177785366,3.2989354376586406,0.49149659276008606,0.8979591727256775,0.9387755393981934,6.42507194015078,0.005581036675721407,0.01575480168685317
126,1.040062388852497,25.77194277331712,1,0.2896956390573453,5.036089269454125,3.298781065383706,0.49149659276008606,0.8979591727256775,0.9387755393981934,6.4241315438659266,0.0054376982152462006,0.015751341357827187
127,1.0398745147793256,25.880037006321775,1,0.2898571981677194,5.035764477139263,3.2986294418155397,0.49149659276008606,0.8979591727256775,0.9387755393981934,6.423205204477521,0.005432298872619867,0.015615302603691816
128,1.0396893632420678,25.98756380762629,1,0.29002540444080926,5.0354425626260255,3.298476654014396,0.49149659276008606,0.8979591727256775,0.9387755393981934,6.422288424328287,0.005441228859126568,0.015576384030282497
129,1.0395068737589797,26.09452477099218,1,0.2902093466483577,5.035127138227693,3.2983194456597182,0.49149659276008606,0.8979591727256775,0.9387755393981934,6.421377471418968,0.005407408811151981,0.015559283550828695
130,1.0393269699602352,26.200923109010674,1,0.2904156175892995,5.034806979942291,3.2981554470442,0.49149659276008606,0.8979591727256775,0.9387755393981934,6.4204696218147905,0.005435218568891287,0.015566473826766014
131,1.0391495694706099,26.306763826227144,1,0.29064795945769695,5.034481149583947,3.297983313255949,0.49149659276008606,0.8979591727256775,0.9387755393981934,6.41956329475027,0.005430549383163452,0.015584103297442198
132,1.0389745945492954,26.412053715100914,1,0.29090717848878017,5.034149457555406,3.297802761160447,0.49149659276008606,0.8979591727256775,0.9387755393981934,6.418658075108476,0.0054143089801073074,0.015666702296584845
133,1.0388019799020716,26.516801190039217,1,0.29119131703945655,5.033812424882228,3.2976145066827525,0.49149659276008606,0.8979591727256775,0.9387755393981934,6.417754629001609,0.005420319270342588,0.01557756308466196
134,1.038631675558237,26.62101598754899,1,0.2914960504840117,5.0334711813598,3.2974201145652473,0.4897959232330322,0.8979591727256775,0.9387755393981934,6.416854528139154,0.005589266773313284,0.01579594099894166
135,1.0384636446527988,26.72470877002067,1,0.291815259449519,5.033132945818227,3.2972217815237337,0.49149659276008606,0.8979591727256775,0.9387755393981934,6.415960006436636,0.005418678745627403,0.015592142939567566
136,1.03829785766093,26.827890676073235,1,0.29214171607692657,5.032795863529712,3.297022079278336,0.49149659276008606,0.8979591727256775,0.9387755393981934,6.415073677125137,0.005410078912973404,0.015535564161837101
137,1.038134285564254,26.930572861501773,1,0.29246781689446427,5.032462631839151,3.296823685743863,0.4897959232330322,0.8979591727256775,0.9387755393981934,6.4141982401447875,0.005396339111030102,0.015592273324728012
138,1.0379728943910895,27.032766071909105,1,0.2927862948271089,5.032134843171252,3.2966291309323217,0.4897959232330322,0.8979591727256775,0.9387755393981934,6.413336207974534,0.005434739403426647,0.015535762999206781
139,1.0378136427247728,27.134480281707987,1,0.29309084866515506,5.031811375900306,3.2964405796444245,0.4897959232330322,0.8979591727256775,0.9387755393981934,6.412489673770094,0.005434548947960138,0.015600183047354221
140,1.037656482524846,27.235724425268486,1,0.29337663930600305,5.031493435719435,3.2962596669019852,0.49149659276008606,0.8979591727256775,0.9387755393981934,6.411660139501003,0.00543181924149394,0.01556725287809968
141,1.0375013624378682,27.336506235613797,1,0.2936406171219268,5.031181753743864,3.2960873953845136,0.49149659276008606,0.8979591727256775,0.9387755393981934,6.410848414540883,0.005438599269837141,0.015588464215397835
142,1.037348232068784,27.43683219529852,1,0.2938816623621914,5.030876561482932,3.295924097727852,0.49149659276008606,0.8979591727256775,0.9387755393981934,6.41005458769094,0.005409219302237034,0.015540763270109892
143,1.0371970456058248,27.53670759390025,1,0.29410053880535986,5.030577615572741,3.2957694609303205,0.49149659276008606,0.8979591727256775,0.9387755393981934,6.409278068613591,0.005416968837380409,0.015954569913446903
144,1.0370477636693445,27.636136677716788,1,0.2942996781348921,5.030284265579043,3.2956226054961406,0.49149659276008606,0.8979591727256775,0.9387755393981934,6.408517688679328,0.005417758598923683,0.01553816394880414
145,1.0369003530389564,27.73512287038959,1,0.29448282708852924,5.0299955545383135,3.2954822083408915,0.49149659276008606,0.8979591727256775,0.9387755393981934,6.40777184668527,0.005406169220805168,0.015479465015232563
146,1.0367547846897494,27.833669038666073,1,0.29465460005573785,5.029710339611612,3.295346655852873,0.4897959232330322,0.8979591727256775,0.9387755393981934,6.407038682036564,0.005385660100728273,0.015513644088059664
147,1.036611031074489,27.931777775562832,1,0.2948199856771254,5.029427419388233,3.2952142118628274,0.4897959232330322,0.8979591727256775,0.9387755393981934,6.406316256897816,0.005397789180278778,0.015527144074440002
148,1.0364690636940446,28.02945167379352,1,0.2949838568823196,5.0291483479239725,3.295083184721496,0.49149659276008606,0.8979591727256775,0.9387755393981934,6.405602729489855,0.0054273782297968864,0.015550293028354645
149,1.0363288517290843,28.126693565283208,1,0.2951505299550308,5.028873237102078,3.294952078359647,0.49149659276008606,0.8979591727256775,0.9387755393981934,6.4048965029618685,0.005459468811750412,0.015657412819564342
150,1.0361903620131008,28.22350670752716,1,0.29532341034486403,5.028597531070471,3.2948197141979834,0.49149659276008606,0.8996598720550537,0.9387755393981934,6.404196337816519,0.005416438914835453,0.015735412016510963
151,1.036053560115203,28.31989490392923,1,0.29550475209047217,5.02832080155874,3.2946853140282384,0.49149659276008606,0.8996598720550537,0.9387755393981934,6.403501420303651,0.005401939153671265,0.015531154349446297
152,1.0359184119517628,28.415862552416936,1,0.295695545107602,5.028042921270553,3.294548538240052,0.49149659276008606,0.8996598720550537,0.9387755393981934,6.4028113840480625,0.0054050288163125515,0.015554282814264297
153,1.035784885256203,28.51141462385969,1,0.2958955315213798,5.02776404732164,3.2944094785593903,0.49149659276008606,0.8996598720550537,0.9387755393981934,6.402126286933653,0.005414879880845547,0.015554564073681831
154,1.035652950397521,28.606556578409325,1,0.2961033399231162,5.027484578582604,3.2942686092031654,0.49149659276008606,0.8996598720550537,0.9387755393981934,6.401446549456032,0.005410169251263142,0.015521354041993618
155,1.0355225803547297,28.70129423322357,1,0.29631671599288284,5.027210965764212,3.294126704437772,0.49149659276008606,0.8996598720550537,0.9387755393981934,6.400772863989527,0.005376200191676617,0.01550699444487691
156,1.0353937499894492,28.79563359866869,1,0.29653282020350935,5.0269471722925765,3.293984733461715,0.49149659276008606,0.8996598720550537,0.9387755393981934,6.4001060864334915,0.005620247218757868,0.015773281920701265
157,1.0352664349895622,28.889580701776232,1,0.29674855887376733,5.026684727224601,3.293843745021321,0.49149659276008606,0.8996598720550537,0.9387755393981934,6.399447122400632,0.005445659160614014,0.015715172979980707
158,1.0351406109162828,28.98314141542551,1,0.296960913907364,5.026424275191459,3.293704754160348,0.49149659276008606,0.8996598720550537,0.9387755393981934,6.398796819533623,0.005412259139120579,0.015542253851890564
159,1.0350162526801838,29.076321309620532,1,0.29716723904130016,5.026166356713901,3.293568642164982,0.49149659276008606,0.8996598720550537,0.9387755393981934,6.398155875865882,0.005445638671517372,0.016007099766284227
160,1.0348933345632017,29.16912553768536,1,0.2973654959109542,5.025914368224309,3.2934360784157644,0.4931972920894623,0.8996598720550537,0.9370748400688171,6.3975247716547194,0.005339439958333969,0.015490774065256119
161,1.0347718306851637,29.261558765686324,1,0.2975544110214659,5.02566610930276,3.293307469888366,0.4931972920894623,0.8996598720550537,0.9370748400688171,6.396903729140213,0.0053122201934456825,0.015413605142384768
162,1.0346517156663924,29.353625148431693,1,0.2977335438946286,5.025421056449692,3.2931829408417697,0.4931972920894623,0.8996598720550537,0.9370748400688171,6.396292701562205,0.005271839909255505,0.015438464935868979
163,1.0345329652053814,29.445328350521965,1,0.29790326623233104,5.025179080287888,3.293062342125048,0.4931972920894623,0.8996598720550537,0.9370748400688171,6.395691389814701,0.005310589913278818,0.015792381949722767
164,1.0344155563667348,29.536671606596038,1,0.2980646609029026,5.0249399124764675,3.292945286776758,0.4931972920894623,0.8996598720550537,0.9370748400688171,6.395099282594049,0.005541748367249966,0.015642412938177586
165,1.0342994675145816,29.62765781151702,1,0.29821935703191405,5.0247031833791675,3.292831206366606,0.49149659276008606,0.8996598720550537,0.9370748400688171,6.394515713998011,0.005412268918007612,0.015974618960171938
166,1.0341846779687331,29.71828962902525,1,0.29836932278743417,5.024468466106418,3.292719420963524,0.4931972920894623,0.8996598720550537,0.9370748400688171,6.393939931374827,0.005398999899625778,0.015518843661993742
167,1.0340711675516565,29.808569606483452,1,0.298516640184618,5.024235322105609,3.292609214789952,0.4931972920894623,0.8996598720550537,0.9370748400688171,6.393371165847559,0.0054214391857385635,0.015582324005663395
168,1.0339589162078295,29.898500283743573,1,0.2986632862862364,5.024003343760115,3.292499909578193,0.49149659276008606,0.8996598720550537,0.9370748400688171,6.392808698320068,0.005423848982900381,0.015562013257294893
169,1.0338479038200776,29.98808428574526,1,0.2988109427231743,5.023772190145055,3.2923909283691724,0.49149659276008606,0.8996598720550537,0.9370748400688171,6.392251914814154,0.0054065086878836155,0.015580202918499708
170,1.0337381102525123,30.07732439097192,1,0.2989608509288607,5.023541613077089,3.292281843908762,0.49149659276008606,0.9013605713844299,0.9370748400688171,6.391700346547103,0.005421118810772896,0.015538474079221487
171,1.0336295155587356,30.16622357102187,1,0.29911372448527535,5.0233114717695795,3.292172407750762,0.49149659276008606,0.9013605713844299,0.9370748400688171,6.391153692049278,0.005637857131659985,0.01574675226584077
172,1.0335221002411537,30.25478499993357,1,0.2992697232342041,5.0230817356396065,3.292062558449661,0.49149659276008606,0.9013605713844299,0.9370748400688171,6.390611820635644,0.005445029120892286,0.015577382873743773
173,1.0334158454469486,30.34301203516514,1,0.29942848706082137,5.022852475991013,3.2919524095569463,0.49149659276008606,0.9013605713844299,0.9370748400688171,6.390074758474704,0.00540291890501976,0.015555504243820906
174,1.0333107330303517,30.43090817493379,1,0.29958922120247133,5.022623848312925,3.2918422202506097,0.49149659276008606,0.9013605713844299,0.9370748400688171,6.389542660154404,0.005422358866780996,0.015533973928540945
175,1.0332067454751985,30.518476998706184,1,0.2997508201527561,5.022409461043699,3.291732353091414,0.49149659276008606,0.9013605713844299,0.9370748400688171,6.389015769878045,0.0055762180127203465,0.015673973131924868
176,1.0331038657280414,30.60572209882661,1,0.29991201413236657,5.0221962705738905,3.2916232244437285,0.49149659276008606,0.9013605713844299,0.9370748400688171,6.388494377138751,0.0054367887787520885,0.015730482060462236
177,1.0330020770194432,30.692647011518424,1,0.30007152089775524,5.021984335411783,3.2915152534476992,0.4897959232330322,0.9013605713844299,0.9370748400688171,6.387978771884569,0.005378688685595989,0.015540502965450287
178,1.0329013627433037,30.77925515484281,1,0.3002281863611584,5.021773873208592,3.2914088151017564,0.4897959232330322,0.9013605713844299,0.9370748400688171,6.387469203824416,0.005438217893242836,0.01557000307366252
179,1.032801706429775,30.865549779791483,1,0.3003810999049374,5.021565055553539,3.2913042021100916,0.4897959232330322,0.9013605713844299,0.9370748400688171,6.38696584971757,0.0054167588241398335,0.015572743024677038
180,1.0327030918043678,30.95153393874056,1,0.30052967402384506,5.021357992814502,3.291201598824651,0.4897959232330322,0.9013605713844299,0.9370748400688171,6.386468791354346,0.005411118734627962,0.015536343678832054
181,1.0326055028926722,31.037210473254667,1,0.3006736825316381,5.02115671757039,3.291101069049261,0.49149659276008606,0.9013605713844299,0.9370748400688171,6.385978005615241,0.005434809252619743,0.015580723062157631
182,1.0325089241185021,31.122582020969276,1,0.3008132564704238,5.02096373922994,3.2910025578606152,0.49149659276008606,0.9013605713844299,0.9370748400688171,6.385493366637786,0.005421839188784361,0.015736381988972425
183,1.032413340354362,31.207651039238613,1,0.3009488415094468,5.020772336505029,3.2909059061055794,0.49149659276008606,0.9013605713844299,0.9370748400688171,6.38501465886446,0.005440908018499613,0.01559253316372633
184,1.0323187369089368,31.2924198416179,1,0.3010811245237401,5.020582375703469,3.290810874996233,0.49149659276008606,0.9013605713844299,0.9370748400688171,6.384541598709901,0.005620287265628576,0.01568522211164236
185,1.0322250994640434,31.3768906421913,1,0.30121093982466,5.020393692402048,3.290717177346421,0.49149659276008606,0.9013605713844299,0.9370748400688171,6.384073861859722,0.005634266883134842,0.015823420602828264
186,1.032132413991656,31.461065602330258,1,0.30133916694539387,5.020206110290912,3.2906245115398227,0.4897959232330322,0.9013605713844299,0.9370748400688171,6.383611112849297,0.005466217640787363,0.015624272637069225
187,1.032040666684475,31.54494687466582,1,0.3014666319018588,5.020019459918561,3.2905325943103403,0.488095223903656,0.9013605713844299,0.9370748400688171,6.383153033582272,0.005441029090434313,0.01559228403493762
188,1.0319498439223145,31.628536639812676,1,0.30159402255115053,5.019833595368778,3.2904411888282477,0.488095223903656,0.9013605713844299,0.9370748400688171,6.382699347810531,0.0054274690337479115,0.015572254080325365
189,1.0318599322782698,31.71183713256545,1,0.3017218262931687,5.019648407239725,3.2903501253545624,0.488095223903656,0.9013605713844299,0.9370748400688171,6.3822498392505445,0.005443708971142769,0.015556614380329847
190,1.0317709185517903,31.794850655734546,1,0.3018502952465908,5.019463830786669,3.2902593127494275,0.488095223903656,0.9013605713844299,0.9370748400688171,6.381804361868264,0.005431869067251682,0.0158160412684083
191,1.0316827898071304,31.877579581319235,1,0.30197944057638154,5.01927984867475,3.2901687402696793,0.488095223903656,0.8996598720550537,0.9370748400688171,6.381362841822114,0.005377389024943113,0.015517304185777903
192,1.0315955333973537,31.960026340151064,1,0.30210905426485457,5.0190964884006695,3.2900784702272357,0.488095223903656,0.8996598720550537,0.9370748400688171,6.380925271500831,0.005442078225314617,0.015566263347864151
193,1.0315091369637353,32.04219340232832,1,0.3022387536745418,5.018913815015461,3.289988623071862,0.488095223903656,0.8996598720550537,0.9370748400688171,6.380491696927364,0.00543574895709753,0.015557913109660149
194,1.0314235884126433,32.12408325158788,1,0.30236804204688217,5.01873192025464,3.2898993572021453,0.488095223903656,0.8996598720550537,0.9370748400688171,6.380062200436919,0.0054584089666605,0.01561569282785058
195,1.0313388758812843,32.20569835716048,1,0.30249637681146957,5.018550909509678,3.2898108462274176,0.488095223903656,0.8996598720550537,0.9370748400688171,6.379636880918634,0.005385818891227245,0.01550750294700265
196,1.0312549877066208,32.287041146619295,1,0.3026232373238438,5.018370888227311,3.2897232564761985,0.4863945543766022,0.8996598720550537,0.9370748400688171,6.379215834011025,0.00540337897837162,0.015623233281075954
197,1.0311719124081387,32.36811398280017,1,0.3027481843637482,5.018191949291398,3.2896367272921916,0.4863945543766022,0.8996598720550537,0.9370748400688171,6.378799134468487,0.005599617026746273,0.01575734093785286
198,1.0310896386875665,32.44891914712725,1,0.30287090526116583,5.018018059357638,3.289551356133728,0.4863945543766022,0.8996598720550537,0.9370748400688171,6.3783868225074745,0.005432158708572388,0.015537913888692856
199,1.031008155440989,32.5294588307323,1,0.30299124064101707,5.01785142641648,3.2894671897797574,0.4863945543766022,0.8996598720550537,0.9370748400688171,6.377978895358329,0.005398859269917011,0.015519552864134312
200,1.0309274517743034,32.60973513373366,1,0.3031091912037293,5.017685945424831,3.289384222141916,0.4863945543766022,0.8996598720550537,0.9370748400688171,6.3775753045689445,0.005387549288570881,0.015709622297436
201,1.030847517013044,32.68975007206669,1,0.3032249053865561,5.017524420715847,3.289302398386177,0.4863945543766022,0.8996598720550537,0.9370748400688171,6.377175958912654,0.0054048290476202965,0.015567214228212833
202,1.0307683407014734,32.76950559043775,1,0.30333865089824497,5.017370882344008,3.2892216243677526,0.4863945543766022,0.8996598720550537,0.9370748400688171,6.376780732124225,0.005415588617324829,0.01551902387291193
203,1.0306899125912332,32.84900357939051,1,0.30345077475792515,5.017218316667385,3.289141779850653,0.4863945543766022,0.8996598720550537,0.9370748400688171,6.3763894741916065,0.0053536598570644855,0.015516313724219799
204,1.0306122226242307,32.92824589417341,1,0.3035616574437862,5.017066645789791,3.2890627336660487,0.48469388484954834,0.8996598720550537,0.9370748400688171,6.376002024615277,0.005385469179600477,0.0155263040214777
205,1.0305352609160834,33.00723437309141,1,0.3036716670026726,5.016915790837389,3.288984358882299,0.48469388484954834,0.8996598720550537,0.9370748400688171,6.375618225936195,0.005392670165747404,0.015499234199523926
206,1.0304590177451391,33.08597085329015,1,0.3037811185127732,5.016765680688978,3.2889065462076053,0.48469388484954834,0.8996598720550537,0.9370748400688171,6.375237935927433,0.005619846750050783,0.015797351021319628
207,1.0303834835488377,33.16445718240242,1,0.3038902432339355,5.016616259177491,3.2888292141914546,0.48469388484954834,0.8996598720550537,0.9370748400688171,6.374861037119331,0.005425109062343836,0.01555847330018878
208,1.030308648925778,33.24269522511126,1,0.30399917029253826,5.0164674900084165,3.2887523152800964,0.48469388484954834,0.8996598720550537,0.9370748400688171,6.374487442740129,0.005399240180850029,0.015490175224840641
209,1.0302345046397212,33.32068686436633,1,0.3041079220377314,5.016319358960371,3.288675837346784,0.48469388484954834,0.8996598720550537,0.9370748400688171,6.3741170986456055,0.005437127780169249,0.015919319819658995
210,1.0301610416216835,33.3984339976442,1,0.3042164224921148,5.0161718732868685,3.28859980088664,0.48469388484954834,0.8996598720550537,0.9370748400688171,6.373749981319491,0.00560400728136301,0.015691282227635384
211,1.0300882509678764,33.47593852919451,1,0.304324516806267,5.016025058581043,3.288524252569757,0.48469388484954834,0.8996598720550537,0.9370748400688171,6.373386092488859,0.005314030218869448,0.015379485208541155
212,1.0300161239335763,33.55320235960574,1,0.30443199847843405,5.015878953656077,3.288449256228006,0.48469388484954834,0.8996598720550537,0.9370748400688171,6.373025451263487,0.0053605991415679455,0.015447724144905806
213,1.0299446519248923,33.63022737422268,1,0.30453864042831474,5.015733604200069,3.2883748825734243,0.48469388484954834,0.8996598720550537,0.9370748400688171,6.3726680849374535,0.005268869921565056,0.015455483924597502
214,1.0298738264910878,33.70701543194604,1,0.30464422586277007,5.015589056064869,3.288301198993926,0.48469388484954834,0.8996598720550537,0.9370748400688171,6.372314019666759,0.005315870046615601,0.015445295255631208
215,1.029803639319463,33.7835683557595,1,0.3047485752211801,5.01544534903694,3.2882282606531104,0.48469388484954834,0.8996598720550537,0.9370748400688171,6.371963272159566,0.005404938943684101,0.01570184202864766
216,1.0297340822333823,33.85988792599945,1,0.30485156625988175,5.015302511823036,3.28815610386281,0.48469388484954834,0.8996598720550537,0.9370748400688171,6.371615843305973,0.005463568028062582,0.01578898075968027
217,1.0296651471925369,33.93597587695879,1,0.3049531454039689,5.015160558784004,3.2880847423420225,0.48469388484954834,0.8996598720550537,0.9370748400688171,6.371271714366692,0.005415609106421471,0.015596813056617975
218,1.0295968262937079,34.01183389695872,1,0.3050533297087743,5.01501948869696,3.288014166574865,0.48469388484954834,0.8996598720550537,0.9370748400688171,6.3709308459791325,0.005437368992716074,0.015575903002172709
219,1.0295291117703465,34.08746363158874,1,0.3051521999736826,5.014879285553801,3.287944346085251,0.48469388484954834,0.8996598720550537,0.9370748400688171,6.3705931798733895,0.005432137753814459,0.015536183025687933
220,1.029461995990121,34.162866689456,1,0.3052498865916601,5.014739921148244,3.287875234104442,0.48469388484954834,0.8996598720550537,0.9370748400688171,6.370258642864688,0.005379070062190294,0.015511974226683378
221,1.029395471450621,34.23804464953771,1,0.3053465504832061,5.014601358995733,3.287806773856833,0.48469388484954834,0.8996598720550537,0.9370748400688171,6.36992715244075,0.005389220081269741,0.01554984413087368
222,1.0293295307742163,34.3129990691156,1,0.30544236187976254,5.014463558993864,3.28773890555291,0.48469388484954834,0.8996598720550537,0.9370748400688171,6.369598623117329,0.005613816902041435,0.015592243056744337
223,1.0292641667032942,34.387731491291525,1,0.3055374797638539,5.0143264821786735,3.2876715731644737,0.48469388484954834,0.8996598720550537,0.9370748400688171,6.369272972703884,0.005429099313914776,0.015574783086776733
224,1.0291993720967207,34.46224345122528,1,0.3056320344643585,5.014190094965488,3.2876047301587072,0.48469388484954834,0.8996598720550537,0.9370748400688171,6.368950127699727,0.00539760896936059,0.015535653103142977
225,1.0291351399277056,34.536536480470396,1,0.3057261153102581,5.014054372372319,3.2875383435635093,0.48469388484954834,0.8996598720550537,0.9387755393981934,6.3686300272114496,0.005568227730691433,0.016106728930026293
226,1.029071463282607,34.61061210907617,1,0.3058197644606997,5.013919299890198,3.287472395995623,0.48469388484954834,0.8996598720550537,0.9387755393981934,6.368312625017011,0.005427319090813398,0.015612143091857433
227,1.0290083353599053,34.68447186543136,1,0.30591297716570864,5.013793542055463,3.287406885568213,0.4829931855201721,0.8996598720550537,0.9387755393981934,6.367997889666102,0.005490979179739952,0.015565634239464998
228,1.0289457494686802,34.75811727410923,1,0.3060057078843757,5.0136713373023625,3.2873418238680814,0.4829931855201721,0.8996598720550537,0.9387755393981934,6.367685802764662,0.00538176903501153,0.015515814069658518
229,1.0288836990263217,34.831549852200084,1,0.3060978809969059,5.013549773949419,3.2872772324207666,0.4829931855201721,0.8996598720550537,0.9387755393981934,6.367376355811169,0.005400829017162323,0.015580333303660154
230,1.0288221775556585,34.90477110476349,1,0.3061894043700524,5.013428868698101,3.2872131382188488,0.4812925159931183,0.8996598720550537,0.9387755393981934,6.367069546108108,0.005480478052049875,0.01560539286583662
231,1.0287611786819715,34.9777825200863,1,0.3062801838161194,5.013308639336084,3.287149568960387,0.4812925159931183,0.8996598720550537,0.9387755393981934,6.366765372348671,0.005629147402942181,0.015818911138921976
232,1.028700696130374,35.050585565395274,1,0.30637013653212286,5.013189101692068,3.2870865486279643,0.4829931855201721,0.8996598720550537,0.9387755393981934,6.366463830472259,0.00544756930321455,0.01561735337600112
233,1.0286407237238182,35.1231816835572,1,0.306459201891742,5.013070267096113,3.2870240939432724,0.4829931855201721,0.8979591727256775,0.9387755393981934,6.366164910299603,0.005457878112792969,0.015650532208383083
234,1.0285812553816593,35.19557229112604,1,0.30654734843371084,5.012952140638357,3.2869622120761073,0.4829931855201721,0.8979591727256775,0.9387755393981934,6.365868593316072,0.0054253689013421535,0.015990588814020157
235,1.0285222851184948,35.267758777892965,1,0.3066345764720094,5.012834720391699,3.2869008997945715,0.4829931855201721,0.8979591727256775,0.9387755393981934,6.365574851792776,0.005448808893561363,0.015593293122947216
236,1.0284638070428973,35.33974250788921,1,0.3067209163626159,5.012717997624283,3.286840144042829,0.4829931855201721,0.8979591727256775,0.9387755393981934,6.365283649245555,0.005432699341326952,0.015587483067065477
237,1.0284058153558133,35.411524821610136,1,0.30680642301823896,5.012601957894691,3.2867799237500583,0.4829931855201721,0.8979591727256775,0.9387755393981934,6.3649949420573,0.005408208817243576,0.015581803862005472
238,1.0283483043485737,35.48310703909287,1,0.3068911676986307,5.012486582814128,3.286720212531578,0.4829931855201721,0.8979591727256775,0.9387755393981934,6.364708681951393,0.005496948026120663,0.015617412980645895
239,1.028291268400691,35.55449046340301,1,0.3069752283726605,5.012371852187959,3.286660981855545,0.4829931855201721,0.8979591727256775,0.9387755393981934,6.364424818917978,0.0054585980251431465,0.015599003061652184
240,1.0282347019776807,35.62567638407246,1,0.30705868002737086,5.012257746220945,3.2866022042233545,0.4829931855201721,0.8979591727256775,0.9387755393981934,6.3641433041682145,0.005487088114023209,0.01591554982587695
241,1.0281785996291135,35.696666080078025,1,0.30714158619306375,5.012144247486942,3.286543855947357,0.4829931855201721,0.8979591727256775,0.9387755393981934,6.3638640927233485,0.0054489788599312305,0.015602132771164179
242,1.0281229559869747,35.76746082204612,1,0.30722399269019646,5.0120313424189415,3.286485919196454,0.4829931855201721,0.8979591727256775,0.9370748400688171,6.363587145326292,0.005404728930443525,0.01563059212639928
243,1.02806776576426,35.83806187349779,1,0.3073059242300284,5.011919022159325,3.2864283831033383,0.4829931855201721,0.8996598720550537,0.9370748400688171,6.363312429479696,0.005579647142440081,0.01572372205555439
244,1.0280130237536702,35.90847049108995,1,0.30738738407407656,5.0118072827089994,3.286371243867595,0.4829931855201721,0.8996598720550537,0.9370748400688171,6.363039919546983,0.0054276492446660995,0.01554164383560419
245,1.0279587248262554,35.97868792394336,1,0.30746835653768134,5.011696124413712,3.2863145039267434,0.4829931855201721,0.8996598720550537,0.9370748400688171,6.362769595983327,0.005378559231758118,0.015599182806909084
246,1.0279048639299455,36.04871541225965,1,0.3075488117651042,5.011585550912438,3.286258170384635,0.4829931855201721,0.8996598720550537,0.9370748400688171,6.362501443874451,0.005465108901262283,0.01560416305437684
247,1.0278514360879916,36.118554185504536,1,0.3076287119500404,5.011475567735471,3.2862022529693258,0.4829931855201721,0.8996598720550537,0.9370748400688171,6.36223545103873,0.005407348740845919,0.015567223075777292
248,1.0277984363974095,36.188205460466484,1,0.3077080180517445,5.011366180772233,3.2861467618324443,0.4829931855201721,0.8996598720550537,0.9370748400688171,6.36197160598544,0.005392998922616243,0.015549073927104473
249,1.0277458600275142,36.25767043948822,1,0.30778669606948483,5.011257394828544,3.286091705497162,0.4829931855201721,0.8996598720550537,0.9370748400688171,6.361709896016306,0.005410848651081324,0.015572262927889824
250,1.027693702218603,36.32695030911872,1,0.3078647220745481,5.011149212462809,3.2860370892163164,0.4829931855201721,0.8996598720550537,0.9370748400688171,6.361450305713754,0.0054115187376737595,0.01555684395134449
251,1.0276419582807659,36.39604623935417,1,0.3079420854316391,5.011041633236744,3.2859829139254453,0.4812925159931183,0.8996598720550537,0.9370748400688171,6.36119281598598,0.005316609982401133,0.015449934173375368
252,1.02759062359276,36.46495938354279,1,0.30801878993164655,5.010934653448158,3.2859291758800864,0.4812925159931183,0.9013605713844299,0.9370748400688171,6.360937403748802,0.005374199245125055,0.015518044121563435
253,1.0275396936008794,36.53369087893152,1,0.30809485286193683,5.010828266341351,3.2858758669671353,0.4812925159931183,0.9013605713844299,0.9370748400688171,6.360684042230599,0.005422648973762989,0.01575767109170556
254,1.0274891638177621,36.60224184774853,1,0.30817030231652925,5.010722462725333,3.285822975589902,0.4829931855201721,0.9013605713844299,0.9370748400688171,6.36043270180286,0.005443088710308075,0.015661542769521475
255,1.0274390298211409,36.67061339865176,1,0.3082451732615919,5.010617231879405,3.2857704879572833,0.4812925159931183,0.9013605713844299,0.9370748400688171,6.36018335117526,0.005420078989118338,0.015530084259808064
256,1.0273892872525643,36.738806628339205,1,0.3083195029977515,5.010512562596146,3.285718389566824,0.4812925159931183,0.9013605713844299,0.9370748400688171,6.359935958758168,0.005390399135649204,0.01564767211675644
257,1.0273399318161496,36.80682262311228,1,0.3083933266894244,5.010408444205291,3.2856666666626926,0.4812925159931183,0.9013605713844299,0.9370748400688171,6.359690493989574,0.005395838990807533,0.015541203785687685
258,1.027290959277399,36.87466246020809,1,0.30846667356645996,5.010304867437979,3.2856153074713137,0.4812925159931183,0.9013605713844299,0.9370748400688171,6.359446928445827,0.005420529283583164,0.015553392935544252
259,1.0272423654620946,36.94232720876376,1,0.3085395642610338,5.01020182502482,3.285564303064388,0.4812925159931183,0.9013605713844299,0.9370748400688171,6.3592052366012926,0.0053764889016747475,0.01554327318444848
260,1.0271941462552538,37.00981793033768,1,0.30861200954847945,5.01010157451939,3.2855136477627678,0.4812925159931183,0.9013605713844299,0.9370748400688171,6.3589653961623265,0.0055887578055262566,0.01569375302642584
261,1.0271462976001144,37.07713567897969,1,0.3086840105453268,5.010002104500527,3.28546333906504,0.4812925159931183,0.9013605713844299,0.9370748400688171,6.35872738796655,0.005280499812215567,0.015380584634840488
262,1.0270988154971263,37.14428150090358,1,0.30875556021249934,5.009903151772808,3.2854133771516314,0.4812925159931183,0.9013605713844299,0.9370748400688171,6.358491195499692,0.005265349987894297,0.015337256249040365
263,1.0270516960029357,37.21125643386548,1,0.3088266458439306,5.0098047164033845,3.285363764069659,0.4812925159931183,0.9013605713844299,0.9370748400688171,6.358256804131005,0.005280171055346727,0.015361756086349487
264,1.0270049352293782,37.27806150638169,1,0.3088972521110104,5.009706798981153,3.285314502739142,0.4812925159931183,0.9013605713844299,0.9370748400688171,6.3580242001986615,0.005253790877759457,0.015395404770970345
265,1.0269585293424925,37.344697736929966,1,0.30896736419193827,5.0096093999513815,3.2852655959341877,0.4812925159931183,0.9013605713844299,0.9370748400688171,6.357793370086044,0.005343668628484011,0.015474893618375063
266,1.0269124745615767,37.41116613326643,1,0.30903697054259044,5.009512519037004,3.2852170453832468,0.4812925159931183,0.9013605713844299,0.9370748400688171,6.3575642994186445,0.005368909332901239,0.01552992407232523
267,1.0268667671582825,37.47746769196257,1,0.30910606495263626,5.009416154820826,3.285168851103782,0.4812925159931183,0.9013605713844299,0.9387755393981934,6.35733697248294,0.005398259032517672,0.015544664114713669
268,1.0268214034557492,37.54360339822572,1,0.30917464766050295,5.009320304533457,3.285121011044067,0.4812925159931183,0.9013605713844299,0.9387755393981934,6.357111371928239,0.005399889312684536,0.015520674176514149
269,1.0267763798277518,37.60957422602096,1,0.3092427254518156,5.009224964058655,3.285073521055641,0.47959184646606445,0.9013605713844299,0.9387755393981934,6.35688747876734,0.005393829196691513,0.015551673248410225
270,1.0267316926978514,37.67538113846786,1,0.30931031081527044,5.009142065783183,3.2850263751713897,0.47959184646606445,0.9013605713844299,0.9387755393981934,6.356665272647903,0.005461758002638817,0.015594663098454475
271,1.026687338538546,37.74102508844888,1,0.3093774203566321,5.009061078382971,3.2849795661232712,0.47789114713668823,0.9013605713844299,0.9387755393981934,6.35644473233072,0.005445619113743305,0.015587463043630123
272,1.026643313870418,37.80650701934155,1,0.3094440727596013,5.008980519363453,3.2849330860054016,0.47789114713668823,0.9013605713844299,0.9387755393981934,6.35622583628728,0.005415899213403463,0.015548013150691986
273,1.0265996152612957,37.87182786577666,1,0.309510286622275,5.00890038313259,3.284886926975595,0.47789114713668823,0.9013605713844299,0.9387755393981934,6.356008563319794,0.00540397921577096,0.015559813007712364
274,1.0265562393254326,37.93698855432896,1,0.30957607848797,5.008820664562196,3.2848410818920577,0.47789114713668823,0.9013605713844299,0.9387755393981934,6.355792893112376,0.005404499359428883,0.015547353308647871
275,1.0265131827227147,38.001990004064986,1,0.3096414613346771,5.00874135925466,3.284795544799937,0.47789114713668823,0.9013605713844299,0.9387755393981934,6.355578806639992,0.005415998864918947,0.015569363720715046
276,1.0264704421578958,38.06683312689873,1,0.3097064436996683,5.008662463683941,3.284750311211084,0.47789114713668823,0.9013605713844299,0.9387755393981934,6.355366286388785,0.00559117691591382,0.015725682023912668
277,1.026428014379849,38.13151882773785,1,0.3097710295099743,5.008583975201878,3.2847053781548343,0.47789114713668823,0.9013605713844299,0.9387755393981934,6.355155316372663,0.0054189590737223625,0.015825141221284866
278,1.0263858961808374,38.1960480044339,1,0.30983521858217666,5.008505891921105,3.284660744012357,0.47789114713668823,0.9013605713844299,0.9387755393981934,6.354945881961688,0.005415068939328194,0.015579322818666697
279,1.0263440843957907,38.26042154757698,1,0.30989900766173006,5.008428212502745,3.2846164081771816,0.47789114713668823,0.9013605713844299,0.9387755393981934,6.354737969563607,0.005432738922536373,0.015584842767566442
280,1.0263025759016002,38.32464034019341,1,0.3099623918051604,5.008350935888402,3.2845723706059915,0.4761904776096344,0.9013605713844299,0.9387755393981934,6.354531566217407,0.005446819122880697,0.01559637300670147
281,1.026261367616421,38.38870525741353,1,0.3100253658754926,5.008274061020479,3.2845286313341657,0.4761904776096344,0.9013605713844299,0.9387755393981934,6.354326659165224,0.005458048079162836,0.015607492998242378
282,1.0262204564989958,38.452617166174875,1,0.3100879259242448,5.008197586592554,3.2844851900293097,0.4761904776096344,0.9013605713844299,0.9387755393981934,6.354123235466175,0.005440348293632269,0.015575073193758726
283,1.0261798395479984,38.51637692501461,1,0.3101500702689468,5.008121510863463,3.284442045644295,0.4761904776096344,0.9013605713844299,0.9387755393981934,6.353921281703855,0.005597556941211224,0.01572915120050311
284,1.0261395138013871,38.579985383987015,1,0.3102118001356332,5.008045831556276,3.2843991962115258,0.4761904776096344,0.9013605713844299,0.9387755393981934,6.3537207838209655,0.005446597933769226,0.01555489283055067
285,1.0260994763357791,38.643443384720364,1,0.310273119810306,5.007970545849121,3.284356638796067,0.4761904776096344,0.9013605713844299,0.9387755393981934,6.353521727093008,0.00543396919965744,0.015568573959171772
286,1.0260597242658278,38.70675176060544,1,0.3103340363199549,5.007895650450577,3.2843143696004526,0.4761904776096344,0.9013605713844299,0.9387755393981934,6.3533240962315025,0.005465618800371885,0.015737012028694153
287,1.0260202547436097,38.76991133708924,1,0.31039455873098243,5.0078211417407426,3.2842723841924144,0.4761904776096344,0.9013605713844299,0.9387755393981934,6.353127875589159,0.005613727029412985,0.01575023215264082
288,1.0259810649580183,38.832922932034215,1,0.3104546972016833,5.007747015950987,3.2842306778111516,0.4761904776096344,0.9013605713844299,0.9387755393981934,6.3529330494268805,0.005434978753328323,0.015636272728443146
289,1.0259421521341663,38.89578735609696,1,0.3105144619500858,5.007673269352293,3.2841892456999924,0.4761904776096344,0.9013605713844299,0.9387755393981934,6.352739602197058,0.005414949264377356,0.015604703221470118
290,1.0259035135328007,38.95850541308148,1,0.3105738622972727,5.00759989842341,3.2841480834138475,0.4761904776096344,0.9013605713844299,0.9387755393981934,6.3525475187992635,0.005440147593617439,0.015567312948405743
291,1.0258651464497315,39.0210779002297,1,0.3106329059215231,5.0075268999758284,3.284107187058045,0.4761904776096344,0.9013605713844299,0.9387755393981934,6.352356784772622,0.0053918189369142056,0.015569023787975311
292,1.0258270482152698,39.083505608424325,1,0.310691598415829,5.007454271220896,3.2840665534289855,0.4761904776096344,0.9030612111091614,0.9387755393981934,6.352167386401611,0.0053976899944245815,0.015734171960502863
293,1.0257892161936848,39.145789322294334,1,0.31074994318833443,5.007382009774442,3.2840261800442243,0.4761904776096344,0.9030612111091614,0.9387755393981934,6.351979310727095,0.005434539169073105,0.015567854046821594
294,1.0257516477826645,39.20792982022846,1,0.31080794169075004,5.007310113603949,3.2839860650671375,0.4761904776096344,0.9030612111091614,0.9404761791229248,6.35179254546923,0.005606897175312042,0.01586068980395794
295,1.0257143404127915,39.26992787431526,1,0.3108655939120476,5.007238580931387,3.2839462071465935,0.4761904776096344,0.9030612111091614,0.9404761791229248,6.3516070788813925,0.0054113492369651794,0.015550973825156689
296,1.025677291547028,39.33178425023728,1,0.3109228990403452,5.007167410110292,3.283906605203094,0.4761904776096344,0.9030612111091614,0.9404761791229248,6.351422899562881,0.005395188927650452,0.015519743785262108
297,1.0256404986802063,39.393499707151385,1,0.31097985617891,5.007096599497798,3.2838672581981174,0.47448980808258057,0.9030612111091614,0.9404761791229248,6.3512399962618185,0.0053977989591658115,0.015514373779296875
298,1.025603959338539,39.45507499758607,1,0.3110364650037966,5.007026147341192,3.283828164922813,0.47448980808258057,0.9030612111091614,0.9404761791229248,6.351058357698333,0.0054009887389838696,0.015521693974733353
299,1.0255676710791288,39.51651086738126,1,0.3110927262690376,5.006956051694681,3.2837893238361477,0.47448980808258057,0.9030612111091614,0.9404761791229248,6.3508779724323245,0.005379670299589634,0.015551554039120674
300,1.0255316314894962,39.577808055687235,1,0.311148642096384,5.006886310376028,3.2837507329725586,0.47448980808258057,0.9030612111091614,0.9404761791229248,6.350698828791274,0.005986272823065519,0.015818110667169094
301,1.0254958381871124,39.638967295028635,1,0.3112042160246211,5.006816920965858,3.283712389926906,0.47448980808258057,0.9030612111091614,0.9404761791229248,6.350520914863042,0.005373029969632626,0.015475844033062458
302,1.02546028881894,39.69998931142901,1,0.3112594528321311,5.006747880845834,3.283674291912127,0.47448980808258057,0.9030612111091614,0.9404761791229248,6.350344218548454,0.00536971865221858,0.015502844005823135
303,1.0254249810609801,39.76087482458251,1,0.31131435817971176,5.006679187266262,3.2836364358743264,0.47448980808258057,0.9030612111091614,0.9404761791229248,6.350168727659791,0.0053858100436627865,0.015487534925341606
304,1.0253899126178292,39.82162454805308,1,0.31136893814405925,5.006610837430204,3.283598818642602,0.4761904776096344,0.9030612111091614,0.9404761791229248,6.349994430045677,0.005442738998681307,0.01558410283178091
305,1.0253550812222387,39.88223918947901,1,0.3114231987229999,5.006542828579795,3.283561437087556,0.4761904776096344,0.9030612111091614,0.9404761791229248,6.3498213137205886,0.005399400368332863,0.015697832219302654
306,1.0253204846346886,39.94271945076175,1,0.31147714539093707,5.006478015258172,3.283524288263363,0.4761904776096344,0.9030612111091614,0.9404761791229248,6.349649366978465,0.005407468881458044,0.015527683775871992
307,1.0252861206429635,40.00306602822207,1,0.3115307827685359,5.006417448264881,3.2834873695129536,0.4761904776096344,0.9030612111091614,0.9404761791229248,6.349478578474181,0.005415208637714386,0.01553330384194851
308,1.0252519870617407,40.06327961271306,1,0.31158411444759065,5.006357197709872,3.283450678523329,0.4761904776096344,0.9030612111091614,0.9404761791229248,6.349308937263086,0.005434819031506777,0.015598272904753685
309,1.0252180817321852,40.12336088968688,1,0.31163714298457096,5.006297261539774,3.2834142133268056,0.4761904776096344,0.9030612111091614,0.9404761791229248,6.349140432796022,0.0053903888911008835,0.015682581812143326
310,1.0251844025215517,40.18331053921949,1,0.3116898700491044,5.006237637857084,3.28337797225273,0.4761904776096344,0.9030612111091614,0.9404761791229248,6.348973054874401,0.005360148847103119,0.015435504727065563
311,1.0251509473227942,40.2431292360037,1,0.31174229669083797,5.006178324873816,3.283341953841472,0.4761904776096344,0.9030612111091614,0.9404761791229248,6.348806793575607,0.005282239988446236,0.015393344685435295
312,1.0251177140541832,40.302817649324346,1,0.31179442367288157,5.006119320855404,3.283306156737325,0.47448980808258057,0.9030612111091614,0.9404761791229248,6.348641639162675,0.00524479104205966,0.015354375820606947
313,1.0250847006589305,40.36237644303123,1,0.311846251814142,5.006060624064356,3.283270579578806,0.47448980808258057,0.9030612111091614,0.9404761791229248,6.348477581993335,0.005276811309158802,0.015354055911302567
314,1.025051905104819,40.42180627552403,1,0.3118977822864325,5.00600223271239,3.2832352209036166,0.47448980808258057,0.9030612111091614,0.9404761791229248,6.34831461244231,0.0052702706307172775,0.015417624730616808
315,1.0250193253838418,40.48110779975993,1,0.31194901682397796,5.005944144927591,3.2832000790817926,0.47448980808258057,0.9030612111091614,0.9404761791229248,6.348152720847431,0.005627206992357969,0.01586156990379095
316,1.0249869595118462,40.54028166329058,1,0.31199995782030454,5.0058863587403675,3.2831651522849143,0.47448980808258057,0.9030612111091614,0.9404761791229248,6.347991897485457,0.005412778817117214,0.015566892921924591
317,1.0249548055281839,40.59932850832883,1,0.31205060830733317,5.005828872088611,3.2831304384929934,0.47448980808258057,0.9030612111091614,0.9404761791229248,6.347832132578434,0.0054028090089559555,0.015558513347059488
318,1.024922861495367,40.65824897184187,1,0.312100971830467,5.00577168283954,3.283095935534522,0.47448980808258057,0.9030612111091614,0.9404761791229248,6.347673416326471,0.0054164789617061615,0.015577592886984348
319,1.02489112549873,40.717043685662325,1,0.31215105224865847,5.00571478882327,3.2830616411503795,0.47448980808258057,0.9030612111091614,0.9404761791229248,6.347515738959159,0.00549748819321394,0.015990380197763443
320,1.0248595956460977,40.77571327660758,1,0.31220085349778365,5.00565818787184,3.283027553069337,0.47448980808258057,0.9030612111091614,0.9404761791229248,6.347359090795589,0.005396869033575058,0.015514944214373827
321,1.0248282700674567,40.83425836659649,1,0.3122503793581373,5.005601877857049,3.2829936690821033,0.47448980808258057,0.9030612111091614,0.9404761791229248,6.347203462302489,0.005365029908716679,0.01550071407109499
322,1.0247971469146355,40.892679572754034,1,0.31229963326267723,5.005545856721251,3.2829599871022563,0.47448980808258057,0.9030612111091614,0.9404761791229248,6.347048844141212,0.005387688986957073,0.015495364088565111
323,1.0247662243609876,40.950977507497356,1,0.3123486181729924,5.005490122496963,3.282926505205496,0.47448980808258057,0.9030612111091614,0.9404761791229248,6.3468952271969945,0.0054197791032493114,0.015586864203214645
324,1.024735500601082,41.00915277859957,1,0.3123973365368468,5.005434673313062,3.282893221642821,0.47448980808258057,0.9030612111091614,0.9404761791229248,6.346742602587134,0.005414208862930536,0.015577193815261126
325,1.0247049738503988,41.06720598923202,1,0.3124457903269288,5.005379507387889,3.282860134827829,0.47448980808258057,0.9030612111091614,0.9404761791229248,6.34659096164853,0.0056677269749343395,0.01610288769006729
326,1.0246746423450308,41.12513773798845,1,0.3124939811474803,5.0053246230114015,3.2828272433023984,0.47448980808258057,0.9030612111091614,0.9404761791229248,6.346440295908153,0.005416548810899258,0.015543623827397823
327,1.0246445043413872,41.18294861889734,1,0.31254191038575846,5.005270995840427,3.2827945456881573,0.47448980808258057,0.9030612111091614,0.9404761791229248,6.346290597042497,0.005374449770897627,0.015509253833442926
328,1.0246145581159072,41.24063922142961,1,0.3125895793800849,5.00521813581768,3.282762040632729,0.47448980808258057,0.9030612111091614,0.9404761791229248,6.34614185683317,0.005404158961027861,0.015526473987847567
329,1.0245848019647759,41.298210130509055,1,0.3126369895760214,5.005165544384592,3.282729726759844,0.47448980808258057,0.9030612111091614,0.9404761791229248,6.34599406712591,0.005416588857769966,0.015590292867273092
330,1.0245552342036444,41.35566192653151,1,0.3126841426465999,5.0051132199301955,3.282697602630952,0.47448980808258057,0.9030612111091614,0.9404761791229248,6.345847219798963,0.005443989299237728,0.015594694297760725
331,1.0245258531673564,41.41299518539673,1,0.31273104056043516,5.00506116080488,3.2826656667234793,0.47448980808258057,0.9030612111091614,0.9404761791229248,6.345701306744849,0.005417098756879568,0.015527383890002966
332,1.024496657209679,41.470210478554336,1,0.31277768559139163,5.0050093653186325,3.282633917427712,0.47448980808258057,0.9030612111091614,0.9404761791229248,6.345556319867,0.005418098997324705,0.01574647193774581
333,1.0244676447030372,41.527308373062894,1,0.3128240802735071,5.004957831748248,3.282602353061097,0.47448980808258057,0.9030612111091614,0.9404761791229248,6.3454122510902105,0.005438249092549086,0.015620802994817495
334,1.0244388140382519,41.58428943165864,1,0.31287022731344755,5.004906558351569,3.282570971896044,0.47448980808258057,0.9030612111091614,0.9404761791229248,6.345269092381768,0.0056078266352415085,0.015684641897678375
335,1.0244101636242864,41.64115421282942,1,0.3129161294786133,5.004855543385791,3.2825397721954346,0.47448980808258057,0.9030612111091614,0.9404761791229248,6.345126835778622,0.0054169888608157635,0.015555932652205229
336,1.02438169188799,41.69790327088856,1,0.31296178948140524,5.004804785126534,3.282508752249325,0.47448980808258057,0.9030612111091614,0.9404761791229248,6.34498547341546,0.005436698906123638,0.015575482975691557
337,1.0243533972738526,41.754537156043895,1,0.3130072098789961,5.004754281884453,3.2824779104066777,0.47448980808258057,0.9030612111091614,0.9404761791229248,6.3448449975488215,0.005576536990702152,0.015775431413203478
338,1.0243252782437593,41.811056414458335,1,0.3130523930037189,5.00470403201694,3.282447245097331,0.47448980808258057,0.9030612111091614,0.9404761791229248,6.344705400573459,0.005402558948844671,0.015563953202217817
339,1.0242973332767518,41.86746158829979,1,0.31309734093283526,5.004654033933397,3.2824167548414342,0.47448980808258057,0.9030612111091614,0.9404761791229248,6.344566675028788,0.005401278845965862,0.015541623812168837
340,1.0242695608687895,41.92375321578039,1,0.31314205549920326,5.004604286093767,3.2823864382458763,0.47448980808258057,0.9030612111091614,0.9404761791229248,6.3444288135950755,0.00539307901635766,0.015542563982307911
341,1.024241959532521,41.97993183118637,1,0.31318653833748566,5.004554787001121,3.2823562939894226,0.47448980808258057,0.9030612111091614,0.9404761791229248,6.344291809080669,0.005424919072538614,0.015584303066134453
342,1.024214527797054,42.03599796490143,1,0.3132307909551429,5.004505535190022,3.2823263207999913,0.47448980808258057,0.9030612111091614,0.9404761791229248,6.344155654403018,0.005423178896307945,0.01687933085486293
343,1.0241872642077303,42.091952143427044,1,0.3132748148142929,5.004456529212891,3.282296517428498,0.47448980808258057,0.9030612111091614,0.9404761791229248,6.344020342566929,0.0058877551928162575,0.015946950297802687
344,1.0241601673259062,42.1477948894033,1,0.31331861140993844,5.004407767626775,3.2822668826238646,0.47448980808258057,0.9030612111091614,0.9404761791229248,6.343885866643704,0.005757955834269524,0.01588749000802636
345,1.0241332357287365,42.203526721633416,1,0.3133621823319383,5.004359248982645,3.2822374151132205,0.47448980808258057,0.9030612111091614,0.9404761791229248,6.343752219754335,0.005406698677688837,0.015556443948298693
346,1.0241064680089582,42.25914815511397,1,0.31340552930190746,5.004310971818687,3.2822081135900723,0.47448980808258057,0.9030612111091614,0.9404761791229248,6.343619395058972,0.005659415852278471,0.01577498111873865
347,1.024079862774682,42.314659701071655,1,0.3134486541811885,5.004262934658402,3.2821789767116716,0.47448980808258057,0.9030612111091614,0.9404761791229248,6.343487385753638,0.005441718734800816,0.015575932804495096
348,1.0240534186491868,42.370061867006285,1,0.31349155895120506,5.004215136013306,3.2821500031051496,0.47448980808258057,0.9030612111091614,0.9404761791229248,6.343356185073933,0.005428869277238846,0.015555643942207098
349,1.024027134270713,42.425355156738476,1,0.31353424567201504,5.004167574389424,3.282121191380584,0.47448980808258057,0.9030612111091614,0.9404761791229248,6.343225786304277,0.005426328629255295,0.015558572951704264
350,1.0240010082922653,42.48054007045977,1,0.3135767164280239,5.004120248296111,3.2820925401481236,0.47448980808258057,0.9030612111091614,0.9404761791229248,6.343096182790486,0.005403078626841307,0.015717171598225832
351,1.0239750393814133,42.535617104782766,1,0.3136189732711883,5.004073156255526,3.282064048035923,0.47448980808258057,0.9030612111091614,0.9404761791229248,6.342967367953103,0.005392980296164751,0.01552672404795885
352,1.0239492262200989,42.59058675278886,1,0.31366101817154907,5.0040262968110785,3.282035713705728,0.47448980808258057,0.9030612111091614,0.9404761791229248,6.34283933529901,0.005410328973084688,0.01555712427943945
353,1.0239235675044454,42.645449504071706,1,0.31370285298283224,5.003979668533549,3.2820075358636998,0.47448980808258057,0.9030612111091614,0.9404761791229248,6.342712078429383,0.005415858700871468,0.015558802988380194
354,1.0238980619445683,42.70020584477558,1,0.31374447942762473,5.003933270023965,3.281979513265003,0.47448980808258057,0.9030612111091614,0.9404761791229248,6.342585591042765,0.0054002488031983376,0.01552960416302085
355,1.023872708264392,42.754856257628326,1,0.3137858991029222,5.003887099913108,3.281951644711954,0.47448980808258057,0.9030612111091614,0.9404761791229248,6.342459866933105,0.005389539059251547,0.015545913949608803
356,1.023847505201466,42.80940122196968,1,0.31382711350331793,5.003841156857911,3.281923929046558,0.47448980808258057,0.9030612111091614,0.9404761791229248,6.342334899983271,0.005615356843918562,0.01595193985849619
357,1.0238224515067889,42.86384121377643,1,0.3138681240563463,5.00379543953564,3.281896365139198,0.47448980808258057,0.9030612111091614,0.9404761791229248,6.342210684155469,0.005406878888607025,0.01573782227933407
358,1.0237975459446287,42.918176705685994,1,0.31390893216290744,5.00374994663706,3.2818689518757216,0.4761904776096344,0.9030612111091614,0.9404761791229248,6.3420872134802915,0.005438948981463909,0.015540414024144411
359,1.0237727872923519,42.972408167020234,1,0.3139495392354589,5.003704676859711,3.281841688145224,0.4761904776096344,0.9030612111091614,0.9404761791229248,6.341964482046189,0.00546601926907897,0.016021670307964087
360,1.0237481743402521,43.026536063811015,1,0.31398994672768654,5.003659628902486,3.281814572830548,0.4761904776096344,0.9030612111091614,0.9404761791229248,6.341842483990991,0.005374948959797621,0.015442625153809786
361,1.0237237058913813,43.08056085882837,1,0.31403015615138213,5.003614801462279,3.2817876048028354,0.4761904776096344,0.9030612111091614,0.9404761791229248,6.341721213496614,0.0053156400099396706,0.015449624974280596
362,1.0236993807613852,43.134483011611785,1,0.3140701690788247,5.003570193233053,3.281760782920674,0.4761904776096344,0.9030612111091614,0.9404761791229248,6.3416006647873555,0.005317269824445248,0.015466623939573765
363,1.0236751977783403,43.18830297850423,1,0.3141099871316068,5.003525802907302,3.281734106033551,0.4761904776096344,0.9030612111091614,0.9404761791229248,6.341480832131693,0.005350559949874878,0.01545736426487565
364,1.0236511557825927,43.24202121268822,1,0.31414961195909213,5.003481629179382,3.2817075729885925,0.4761904776096344,0.9030612111091614,0.9404761791229248,6.341361709846715,0.005366049706935883,0.015514373779296875
365,1.023627253626601,43.29563816422271,1,0.3141890452111992,5.0034376707500225,3.281681182639101,0.4761904776096344,0.9030612111091614,0.9404761791229248,6.341243292304173,0.005398900248110294,0.015571143943816423
366,1.0236034901747808,43.34915428007967,1,0.314228288510768,5.003393926331071,3.28165493385324,0.4761904776096344,0.9030612111091614,0.9404761791229248,6.341125573936719,0.0053916689939796925,0.015529213938862085
367,1.0235798643033502,43.40257000417919,1,0.31426734343037077,5.003350394649649,3.281628825521301,0.4761904776096344,0.9030612111091614,0.9404761791229248,6.341008549243178,0.005417079199105501,0.015550782904028893
368,1.0235563749001808,43.45588577742226,1,0.31430621147722804,5.003308738024101,3.2816028565604145,0.4761904776096344,0.9030612111091614,0.9404761791229248,6.340892212791861,0.005409389268606901,0.015534213278442621
369,1.023533020864649,43.50910203772087,1,0.3143448940881561,5.003270810712849,3.281577025916083,0.4761904776096344,0.9030612111091614,0.9404761791229248,6.340776559221406,0.005420719273388386,0.015586833003908396
370,1.0235098011074866,43.562219220025405,1,0.3143833926345531,5.003233072291336,3.2815513325605306,0.4761904776096344,0.9030612111091614,0.9404761791229248,6.3406615832390925,0.005435658153146505,0.015602233354002237
371,1.0234867145506417,43.61523775634979,1,0.31442170843568573,5.003195521699472,3.28152577548843,0.4761904776096344,0.9030612111091614,0.9404761791229248,6.340547279617004,0.005441358312964439,0.015599493402987719
372,1.0234637601271335,43.66815807579522,1,0.3144598427772348,5.003158157889157,3.2815003537109577,0.4761904776096344,0.9030612111091614,0.9404761791229248,6.3404336431868185,0.00544245820492506,0.01558195287361741
373,1.0234409367809136,43.720980604573064,1,0.3144977969314158,5.003120979820824,3.281475066249346,0.4761904776096344,0.9030612111091614,0.9404761791229248,6.3403206688340665,0.005435958970338106,0.015563113149255514
374,1.0234182434667283,43.77370576602816,1,0.31453557217503575,5.003083986460181,3.281449912129094,0.4761904776096344,0.9030612111091614,0.9387755393981934,6.3402083514928504,0.005420078989118338,0.01556645380333066
375,1.0233956791499832,43.82633398066283,1,0.31457316980253747,5.003047176775712,3.281424890375755,0.4761904776096344,0.9030612111091614,0.9387755393981934,6.3400966861417505,0.005555137991905212,0.015721722040325403
376,1.0233732428066107,43.87886566616223,1,0.3146105911322234,5.003010549737267,3.2814000000128933,0.4761904776096344,0.9030612111091614,0.9387755393981934,6.339985667801413,0.005439278203994036,0.015586973167955875
377,1.0233509334229354,43.93130123742098,1,0.31464783750521397,5.002974104315925,3.2813752400623337,0.4761904776096344,0.9030612111091614,0.9387755393981934,6.339875291533994,0.005490649025887251,0.015634763054549694
378,1.0233287499955488,43.983641106570985,1,0.314684910278019,5.002937839484979,3.2813506095464398,0.4761904776096344,0.9030612111091614,0.9387755393981934,6.339765552444258,0.005417998880147934,0.015558653976768255
379,1.0233066915311786,44.035885683009894,1,0.3147218108106469,5.002901754221821,3.2813261074918056,0.4761904776096344,0.9030612111091614,0.9387755393981934,6.339656445681877,0.005408118944615126,0.01554164383560419
380,1.0232847570465642,44.08803537342959,1,0.3147585404527986,5.00286584751026,3.281301732933563,0.4761904776096344,0.9030612111091614,0.9387755393981934,6.339547966444329,0.0054723783396184444,0.015611383132636547
381,1.0232629455683329,44.14009058184431,1,0.3147951005308027,5.002830118342824,3.2812774849194493,0.4761904776096344,0.9030612111091614,0.9387755393981934,6.339440109979661,0.005439287982881069,0.015594592783600092
382,1.0232412561328768,44.19205170961761,1,0.3148314923375792,5.002794565722654,3.281253362512931,0.4761904776096344,0.9030612111091614,0.9387755393981934,6.33933287158862,0.005424559116363525,0.015750022139400244
383,1.0232196877862334,44.24391915548802,1,0.3148677171271774,5.0027591886646405,3.2812293647948705,0.4761904776096344,0.9030612111091614,0.9387755393981934,6.33922624662562,0.005651907064020634,0.01576600084081292
384,1.0231982395839674,44.295693315593304,1,0.31490377611447545,5.002723986195677,3.2812054908635755,0.47789114713668823,0.9030612111091614,0.9387755393981934,6.339120230498458,0.00565446587279439,0.015586362686008215
385,1.0231769105910535,44.347374583493284,1,0.31493967047965693,5.002688957354043,3.2811817398333205,0.47789114713668823,0.9030612111091614,0.9387755393981934,6.3390148186667785,0.005454438738524914,0.015585653949528933
386,1.023155699881761,44.39896335019161,1,0.31497540137625807,5.002654101188089,3.281158110831752,0.47789114713668823,0.9030612111091614,0.9387755393981934,6.338910006639593,0.005456889048218727,0.015572493895888329
387,1.0231346065395415,44.4504600041569,1,0.31501096994104577,5.002619416754513,3.2811346029967026,0.47789114713668823,0.9030612111091614,0.9387755393981934,6.338805789972296,0.005450868979096413,0.015605702996253967
388,1.0231136296569154,44.50186493134363,1,0.3150463773038139,5.002584903116542,3.2811112154730324,0.47789114713668823,0.9030612111091614,0.9387755393981934,6.338702164263601,0.005420849192887545,0.015562043990939856
389,1.0230927683353643,44.55317851521315,1,0.31508162459537026,5.002550559342381,3.2810879474100423,0.47789114713668823,0.9030612111091614,0.9387755393981934,6.338599125152934,0.005388198886066675,0.01569011202082038
390,1.0230720216852203,44.604401136755165,1,0.3151167129524671,5.002516384504126,3.2810647979598526,0.47789114713668823,0.9030612111091614,0.9387755393981934,6.338496668318529,0.005617266986519098,0.015738032292574644
391,1.02305138882556,44.655533174509735,1,0.3151516435190911,5.002482377677326,3.2810417662769296,0.47789114713668823,0.9030612111091614,0.9387755393981934,6.338394789476485,0.005430768709629774,0.0155638731084764
392,1.0230308688840999,44.70657500458982,1,0.3151864174442384,5.002448537941187,3.281018851518728,0.47789114713668823,0.9030612111091614,0.9387755393981934,6.338293484380708,0.005421578884124756,0.015524643007665873
393,1.02301046099709,44.75752700070413,1,0.3152210358769254,5.002414864379309,3.2809960528472124,0.47789114713668823,0.9030612111091614,0.9387755393981934,6.338192748823624,0.0053972587920725346,0.01551341312006116
394,1.0229901643092154,44.80838953418006,1,0.31525549995962,5.002381356080775,3.280973369430876,0.47789114713668823,0.9030612111091614,0.9387755393981934,6.338092578637318,0.005417189095169306,0.015781250782310963
395,1.0229699779734909,44.85916297398644,1,0.3152898108214574,5.002348012141375,3.280950800446831,0.47789114713668823,0.9030612111091614,0.9387755393981934,6.337992969694846,0.0054167588241398335,0.015531853772699833
396,1.0229499011511645,44.90984768675572,1,0.3153239695725225,5.002314831664669,3.2809283450825717,0.4761904776096344,0.9030612111091614,0.9387755393981934,6.337893917911266,0.00541774882003665,0.015591693110764027
397,1.0229299330116186,44.96044403680552,1,0.3153579773001687,5.002281813762736,3.2809060025370855,0.4761904776096344,0.9030612111091614,0.9387755393981934,6.33779541924422,0.005419248715043068,0.015545442700386047
398,1.0229100727322733,45.01095238615934,1,0.3153918350678865,5.0022489575564855,3.2808837720211663,0.4761904776096344,0.9030612111091614,0.9387755393981934,6.337697469693872,0.00543826911598444,0.015564373228698969
399,1.0228903194984902,45.06137309456649,1,0.31542554391671884,5.002216262175481,3.2808616527569217,0.4761904776096344,0.9030612111091614,0.9387755393981934,6.337600065302205,0.005436249077320099,0.015542923938483
400,1.0228706725034797,45.111706519521306,1,0.315459104868757,5.002183726757374,3.2808396439766234,0.4761904776096344,0.9030612111091614,0.9387755393981934,6.337503202151751,0.005529188085347414,0.0160472490824759
401,1.0228511309482085,45.16195301628196,1,0.31549251893190705,5.002151350447033,3.2808177449211504,0.4761904776096344,0.9030612111091614,0.9387755393981934,6.337406876363971,0.005399748682975769,0.015521993860602379
402,1.0228316940413062,45.21211293788888,1,0.3155257871049589,5.002119132395575,3.2807959548383385,0.4761904776096344,0.9030612111091614,0.9387755393981934,6.337311084097525,0.005375088658183813,0.015505393967032433
403,1.0228123609989774,45.262186635183156,1,0.31555891038201817,5.00208707175948,3.2807742729815343,0.4761904776096344,0.9030612111091614,0.9387755393981934,6.337215821546678,0.00546153774484992,0.01563031179830432
404,1.022793131044912,45.31217445682506,1,0.31559188975556496,5.002055167699887,3.280752698608574,0.4761904776096344,0.9030612111091614,0.9387755393981934,6.337121084940029,0.005415728781372309,0.01572862220928073
405,1.0227740034101982,45.36207674931269,1,0.31562472621772225,5.002023419382253,3.280731230981335,0.4761904776096344,0.9030612111091614,0.9387755393981934,6.33702687053971,0.005362338852137327,0.015468673780560493
406,1.0227549773332354,45.4118938570008,1,0.3156574207596843,5.001991825976316,3.280709869365864,0.4761904776096344,0.9030612111091614,0.9387755393981934,6.336933174641056,0.005430538207292557,0.0155034139752388
407,1.0227360520596491,45.461626122119775,1,0.315689974369603,5.001960386656389,3.280688613033,0.4761904776096344,0.9030612111091614,0.9387755393981934,6.336839993572704,0.0054084789007902145,0.015552324242889881
408,1.022717226842208,45.511273884794605,1,0.31572238802948716,5.00192910060188,3.2806674612593056,0.4761904776096344,0.9030612111091614,0.9387755393981934,6.336747323696973,0.005400008987635374,0.015530094038695097
409,1.022698500940739,45.56083748306367,1,0.31575466271180275,5.001897966997882,3.280646413328099,0.4761904776096344,0.9030612111091614,0.9387755393981934,6.33665516141036,0.005407358985394239,0.01555557269603014
410,1.022679873622049,45.61031725289732,1,0.3157867993764577,5.001866985035741,3.2806254685303604,0.4761904776096344,0.9030612111091614,0.9387755393981934,6.336563503143961,0.00540552893653512,0.015504524111747742
411,1.0226613441598407,45.65971352821588,1,0.31581879896871917,5.001836153913496,3.2806046261653568,0.4761904776096344,0.9030612111091614,0.9387755393981934,6.336472345363702,0.005432669073343277,0.015546604059636593
412,1.0226429118346356,45.70902664090744,1,0.31585066241838744,5.001805472836053,3.280583885540856,0.4761904776096344,0.9030612111091614,0.9387755393981934,6.336381684570222,0.0053993090987205505,0.015872270800173283
413,1.0226245759336945,45.75825692084492,1,0.31588239064028684,5.00177494101514,3.280563245972937,0.4761904776096344,0.9030612111091614,0.9387755393981934,6.336291517298443,0.0053953686729073524,0.01553285401314497
414,1.0226063357509405,45.8074046959029,1,0.31591398453588027,5.001744557669027,3.2805427067854427,0.47448980808258057,0.9030612111091614,0.9387755393981934,6.336201840116841,0.005375639069825411,0.01550731435418129
415,1.022588190586883,45.856470291974006,1,0.3159454449956215,5.00171432202208,3.2805222673091947,0.47448980808258057,0.9030612111091614,0.9387755393981934,6.3361126496265,0.0054398588836193085,0.015601032879203558
416,1.0225701397485425,45.90545403298508,1,0.3159767729015532,5.001684233304237,3.280501926881137,0.47448980808258057,0.9030612111091614,0.9387755393981934,6.336023942460103,0.005596127826720476,0.015725362114608288
417,1.0225521825493766,45.954356240913256,1,0.3160079691296587,5.001654290750504,3.280481684843549,0.47448980808258057,0.9030612111091614,0.9387755393981934,6.335935715280948,0.005467618815600872,0.015621013008058071
418,1.022534318309206,46.00317723580202,1,0.3160390345515648,5.001624493600567,3.2804615405434734,0.47448980808258057,0.9030612111091614,0.9387755393981934,6.335847964782142,0.005452008917927742,0.015595334116369486
419,1.0225165463541424,46.051917335777176,1,0.31606997003535187,5.001594841098551,3.2804414933324146,0.47448980808258057,0.9030612111091614,0.9387755393981934,6.335760687686025,0.005422538612037897,0.015592662617564201
420,1.0224988660165193,46.10057685706298,1,0.31610077644541834,5.001565332492974,3.280421542566346,0.47448980808258057,0.9030612111091614,0.9387755393981934,6.335673880743834,0.005450779106467962,0.015613153111189604
421,1.0224812766348197,46.14915611399814,1,0.31613145464153086,5.00153596703686,3.2804016876059703,0.47448980808258057,0.9030612111091614,0.9387755393981934,6.335587540735604,0.005427378695458174,0.015987609047442675
422,1.0224637775536067,46.197655419051834,1,0.3161620054773334,5.00150674398798,3.280381927817152,0.47448980808258057,0.9030612111091614,0.9387755393981934,6.335501664470213,0.005457899067550898,0.015614733099937439
423,1.0224463681234566,46.24607508283962,1,0.31619242979866624,5.001477662609142,3.280362262571412,0.47448980808258057,0.9030612111091614,0.9387755393981934,6.335416248785514,0.005410089157521725,0.01551202405244112
424,1.0224290477008902,46.29441541413901,1,0.3162227284420505,5.001448722168492,3.2803426912463713,0.47448980808258057,0.9030612111091614,0.9387755393981934,6.335331290548445,0.00560500705614686,0.01571167167276144
425,1.022411815648307,46.34267671990495,1,0.31625290223363023,5.001419921939704,3.280323213226054,0.47448980808258057,0.9030612111091614,0.9387755393981934,6.335246786655007,0.005439928732812405,0.015604123007506132
426,1.0223946713339198,46.39085930528489,1,0.3162829519887489,5.001391261202089,3.2803038279009824,0.47448980808258057,0.9030612111091614,0.9387755393981934,6.335162734030115,0.00543149933218956,0.015629243105649948
427,1.0223776141316883,46.4389634736336,1,0.3163128785121998,5.001362739240543,3.2802845346680716,0.47448980808258057,0.9030612111091614,0.9387755393981934,6.33507912962726,0.005446919240057468,0.015620403457432985
428,1.0223606434212567,46.48698952652769,1,0.3163426825990579,5.001334355345396,3.2802653329303304,0.47448980808258057,0.9030612111091614,0.9387755393981934,6.334995970428026,0.005378939677029848,0.01552117383107543
429,1.0223437585878903,46.5349377637799,1,0.31637236503589583,5.0013061088121615,3.280246222096447,0.47448980808258057,0.9030612111091614,0.9387755393981934,6.33491325344149,0.005425277631729841,0.0158493397757411
430,1.0223269590224136,46.582808483453285,1,0.3164019266021312,5.001277998941242,3.280227201580331,0.47448980808258057,0.9030612111091614,0.9387755393981934,6.3348309757035866,0.005411709193140268,0.015526493079960346
431,1.0223102441211473,46.63060198187514,1,0.3164313680712497,5.001250025037652,3.280208270800697,0.47448980808258057,0.9030612111091614,0.9387755393981934,6.334749134276502,0.005401468835771084,0.015545594040304422
432,1.0222936132858491,46.67831855365093,1,0.31646069021169554,5.0012221864108035,3.2801894291807456,0.47448980808258057,0.9030612111091614,0.9387755393981934,6.334667726248143,0.005410339217633009,0.015537654049694538
433,1.022277065923654,46.72595849167819,1,0.31648989378730297,5.0011944823743635,3.2801706761480016,0.47448980808258057,0.9030612111091614,0.9387755393981934,6.334586748731731,0.005432478617876768,0.015691241715103388
434,1.0222606014470146,46.773522087160345,1,0.3165189795572444,5.00116691224621,3.2801520111342937,0.47448980808258057,0.9013605713844299,0.9387755393981934,6.33450619886553,0.005426809191703796,0.015522844158113003
435,1.0222442192736425,46.821009629620434,1,0.316547948275564,5.001139475348491,3.2801334335758714,0.47448980808258057,0.9013605713844299,0.9387755393981934,6.334426073812687,0.005630716681480408,0.01573209185153246
436,1.0222279188264523,46.86842140691481,1,0.3165768006904405,5.001112171007738,3.2801149429136087,0.47448980808258057,0.9013605713844299,0.9387755393981934,6.334346370761162,0.005564557854086161,0.01572046196088195
437,1.0222116995335022,46.915757705246705,1,0.31660553754336446,5.001084998554996,3.280096538593231,0.47448980808258057,0.9013605713844299,0.9387755393981934,6.334267086923686,0.005409879144281149,0.015563802793622017
438,1.0221955608279407,46.96301880917958,1,0.31663415956841034,5.001057957325963,3.2800782200655183,0.47448980808258057,0.9013605713844299,0.9387755393981934,6.3341882195376975,0.005393479019403458,0.015536292921751738
439,1.0221795021479503,47.010205001650355,1,0.3166626674917534,5.001031046661081,3.2800599867864277,0.47448980808258057,0.9013605713844299,0.9387755393981934,6.334109765865244,0.00540236895903945,0.015525984112173319
440,1.022163522936692,47.057316563982404,1,0.31669106203151653,5.0010042659055545,3.2800418382171155,0.47448980808258057,0.9013605713844299,0.9387755393981934,6.334031723192782,0.0053620897233486176,0.015491354744881392
441,1.0221476226422528,47.10435377589834,1,0.3167193438979613,5.000977614409315,3.2800237738238462,0.47448980808258057,0.9013605713844299,0.9387755393981934,6.333954088830896,0.005394138861447573,0.015609733294695616
442,1.0221318007175912,47.15131691553264,1,0.31674751379396804,5.000951091526909,3.280005793077817,0.47448980808258057,0.9013605713844299,0.9387755393981934,6.333876860113945,0.005550767760723829,0.01565805170685053
443,1.0221160566204865,47.19820625944406,1,0.31677557241569776,5.0009246966173535,3.2799878954549224,0.47448980808258057,0.9013605713844299,0.9387755393981934,6.3338000343996494,0.005389089230448008,0.015530264005064964
444,1.0221003898134842,47.24502208262797,1,0.3168035204533036,5.000898429043957,3.2799700804354983,0.47448980808258057,0.9013605713844299,0.9387755393981934,6.333723609068666,0.005405708681792021,0.015543142799288034
445,1.0220847997638476,47.29176465852851,1,0.3168313585915596,5.000872288174178,3.279952347504101,0.47448980808258057,0.9013605713844299,0.9387755393981934,6.333647581524191,0.0054566278122365475,0.01562297297641635
446,1.0220692859435059,47.33843425905075,1,0.3168590875103049,5.000846273379494,3.279934696149341,0.47448980808258057,0.9013605713844299,0.9387755393981934,6.333571949191602,0.005421978887170553,0.01562759280204773
447,1.0220538478290035,47.38503115457268,1,0.31688670788464557,5.000820384035319,3.279917125863786,0.47448980808258057,0.9013605713844299,0.9387755393981934,6.333496709518159,0.005508039146661758,0.015701983124017715
448,1.0220384849014539,47.43155561395718,1,0.31691422038490985,5.000794619520986,3.2798996361439556,0.47448980808258057,0.9013605713844299,0.9387755393981934,6.333421859972799,0.005402409005910158,0.015882221050560474
449,1.0220231966464863,47.478007904563924,1,0.31694162567640116,5.0007689792197665,3.2798822264903706,0.47448980808258057,0.9013605713844299,0.9387755393981934,6.3333473980459605,0.005591847933828831,0.015718012116849422
450,1.0220079825542023,47.52438829226114,1,0.3169689244190297,5.000743462518924,3.2798648964076444,0.47448980808258057,0.9013605713844299,0.9387755393981934,6.333273321249474,0.005392029881477356,0.015427874866873026
451,1.0219928421191253,47.570697041437285,1,0.31699611726691923,5.000718068809769,3.2798476454045793,0.47448980808258057,0.9013605713844299,0.9387755393981934,6.333199627116445,0.00528980977833271,0.015369434840977192
452,1.021977774840155,47.616934415012594,1,0.3170232048680824,5.000692797487709,3.279830472994249,0.47448980808258057,0.9013605713844299,0.9387755393981934,6.333126313201133,0.005272510927170515,0.0153594259172678
453,1.021962780220521,47.66310067445047,1,0.31705018786423533,5.00066764795228,3.27981337869403,0.47448980808258057,0.9013605713844299,0.9387755393981934,6.333053377078803,0.005331079941242933,0.01548235397785902
454,1.021947857767737,47.70919607976873,1,0.31707706689078713,5.000642619607135,3.279796362025581,0.47448980808258057,0.9013605713844299,0.9387755393981934,6.332980816345528,0.0053953188471496105,0.015540032647550106
455,1.0219330069935566,47.75522088955072,1,0.31710384257700386,5.000617711859999,3.2797794225147694,0.47448980808258057,0.9013605713844299,0.9387755393981934,6.332908628617942,0.0054309191182255745,0.015558453276753426
456,1.0219182274139262,47.80117536095628,1,0.31713051554630756,5.000592924122591,3.2797625596915547,0.47448980808258057,0.9013605713844299,0.9387755393981934,6.332836811532975,0.005432459060102701,0.015550874173641205
457,1.0219035185489451,47.84705974973257,1,0.3171570864166519,5.0005682558105224,3.279745773089846,0.47448980808258057,0.9013605713844299,0.9387755393981934,6.332765362747545,0.005405968986451626,0.015548473224043846
458,1.0218888799228192,47.892874310224826,1,0.31718355580090263,5.000543706343211,3.279729062247357,0.47448980808258057,0.9013605713844299,0.9387755393981934,6.332694279938265,0.005528318230062723,0.01566149201244116
459,1.0218743110638178,47.938619295386985,1,0.31720992430715705,5.000519275143773,3.279712426705487,0.47448980808258057,0.9013605713844299,0.9387755393981934,6.33262356080116,0.005456737708300352,0.01562544284388423
460,1.0218598115042326,47.984294956792226,1,0.3172361925389562,5.000494961638965,3.279695866009229,0.47448980808258057,0.9013605713844299,0.9387755393981934,6.332553203051415,0.0053992499597370625,0.015528453979641199
461,1.0218453807803365,48.029901544643515,1,0.3172623610953671,5.000470765259133,3.2796793797071215,0.47448980808258057,0.9013605713844299,0.9387755393981934,6.332483204423151,0.005405629053711891,0.015556623227894306
462,1.0218310184323407,48.07543930778391,1,0.31728843057094247,5.0004466854382015,3.27966296735124,0.47448980808258057,0.9013605713844299,0.9387755393981934,6.332413562669263,0.005417858716100454,0.015568593051284552
463,1.0218167240043545,48.120908493706956,1,0.3173144015555879,5.000422721613677,3.2796466284972166,0.47448980808258057,0.9013605713844299,0.9387755393981934,6.332344275561252,0.005417538806796074,0.015561902895569801
464,1.0218024970443456,48.166309348566855,1,0.3173402746343824,5.000398873226667,3.2796303627042773,0.47448980808258057,0.9013605713844299,0.9387755393981934,6.332275340889102,0.005424768663942814,0.015752510633319616
465,1.0217883371040988,48.21164211718863,1,0.31736605038740506,5.000375139721894,3.2796141695352707,0.47448980808258057,0.9013605713844299,0.9387755393981934,6.332206756461141,0.005430709104984999,0.015804221853613853
466,1.021774243739179,48.25690704307814,1,0.31739172938961135,5.000351520547711,3.279598048556693,0.47448980808258057,0.9013605713844299,0.9387755393981934,6.3321385201039,0.005381048657000065,0.015496573876589537
467,1.0217602165088897,48.30210436843192,1,0.3174173122107911,5.000328015156097,3.2795819993386774,0.47448980808258057,0.9013605713844299,0.9387755393981934,6.332070629661966,0.005407870281487703,0.015553114004433155
468,1.0217462549762368,48.34723433414705,1,0.3174427994156195,5.000304623002625,3.2795660214549547,0.47448980808258057,0.9013605713844299,0.9387755393981934,6.332003082997774,0.005435097962617874,0.015548912808299065
469,1.0217323587078901,48.392297179830805,1,0.31746819156379197,5.000281343546436,3.279550114482799,0.47448980808258057,0.9013605713844299,0.9387755393981934,6.331935877991434,0.0054516782984137535,0.015616422984749079
470,1.0217185272741456,48.43729314381022,1,0.31749348921021775,5.000258176250157,3.2795342780029415,0.47448980808258057,0.9013605713844299,0.9387755393981934,6.331869012540484,0.005446598865091801,0.015615133102983236
471,1.0217047602488876,48.48222246314157,1,0.3175186929052373,5.000235120579861,3.2795185115994836,0.47448980808258057,0.9013605713844299,0.9387755393981934,6.331802484559688,0.005407189019024372,0.015735892113298178
472,1.0216910572095548,48.527085373619784,1,0.3175438031948266,5.000212176004982,3.279502814859814,0.47448980808258057,0.9013605713844299,0.9387755393981934,6.3317362919807945,0.005449348594993353,0.015615632757544518
473,1.0216774177371013,48.5718821097877,1,0.3175688206207575,5.000189341998287,3.27948718737454,0.47448980808258057,0.9013605713844299,0.9387755393981934,6.331670432752358,0.005442309193313122,0.015790651086717844
474,1.0216638414159633,48.61661290494537,1,0.3175937457206946,5.000166618035802,3.279471628737434,0.47448980808258057,0.9013605713844299,0.9387755393981934,6.331604904839512,0.005430828779935837,0.015584053006023169
475,1.0216503278340214,48.66127799115919,1,0.3176185790282249,5.000144003596819,3.2794561385454126,0.47448980808258057,0.9013605713844299,0.9387755393981934,6.33153970622384,0.005434669088572264,0.01555007416754961
476,1.0216368765825696,48.705877599270906,1,0.31764332107282883,5.000121498163852,3.279440716398519,0.47448980808258057,0.9013605713844299,0.9387755393981934,6.331474834903189,0.005439897999167442,0.015553663019090891
477,1.0216234872562762,48.75041195890676,1,0.31766797237981415,5.000099101222663,3.2794253618999334,0.47448980808258057,0.9013605713844299,0.9387755393981934,6.331410288891571,0.005439497996121645,0.01569053204730153
478,1.0216101594531533,48.79488129848631,1,0.3176925334702388,5.000076812262233,3.2794100746559733,0.47448980808258057,0.9013605713844299,0.9387755393981934,6.331346066218995,0.005414098966866732,0.015575604047626257
479,1.0215968927745218,48.83928584523127,1,0.3177170048608487,5.000054630774783,3.2793948542761013,0.47448980808258057,0.9013605713844299,0.9387755393981934,6.331282164931359,0.0056325760670006275,0.015956029295921326
480,1.0215836868249797,48.88362582517426,1,0.3177413870640511,5.000032556255753,3.2793797003729086,0.47448980808258057,0.9013605713844299,0.9387755393981934,6.331218583090294,0.0054062288254499435,0.015564984176307917
481,1.021570541212366,48.92790146316753,1,0.3177656805879348,5.000010588203784,3.2793646125621,0.47448980808258057,0.9013605713844299,0.9387755393981934,6.331155318773029,0.00539198936894536,0.015536233317106962
482,1.021557455547733,48.97211298289141,1,0.31778988593633745,4.999988726120696,3.2793495904624472,0.47448980808258057,0.9013605713844299,0.9387755393981934,6.331092370072218,0.005420769099146128,0.015562043059617281
483,1.02154442944531,49.01626060686284,1,0.3178140036089497,4.999966969511441,3.279334633695748,0.47448980808258057,0.9013605713844299,0.9387755393981934,6.33102973509577,0.005412118975073099,0.015563232824206352
484,1.021531462522474,49.060344556443795,1,0.3178380341014408,4.9999453178840705,3.2793197418867623,0.47448980808258057,0.9013605713844299,0.9387755393981934,6.330967411966681,0.005377858877182007,0.01548656402155757
485,1.021518554399719,49.10436505184953,1,0.31786197790558535,4.999923770749687,3.279304914663161,0.47448980808258057,0.9013605713844299,0.9387755393981934,6.330905398822854,0.005436528939753771,0.015632702969014645
486,1.0215057047006222,49.14832231215686,1,0.31788583550937266,4.999902327622394,3.279290151655472,0.47448980808258057,0.9013605713844299,0.9387755393981934,6.33084369381693,0.005667197052389383,0.01577713107690215
487,1.0214929130518167,49.19221655531234,1,0.31790960739708674,4.999880988019282,3.279275452497043,0.47448980808258057,0.9013605713844299,0.9387755393981934,6.330782295116133,0.005407028831541538,0.015496213920414448
488,1.02148017908296,49.23604799814034,1,0.3179332940493506,4.999859751460383,3.2792608168240065,0.47448980808258057,0.9013605713844299,0.9387755393981934,6.330721200902121,0.00561031699180603,0.015776201151311398
489,1.021467502426703,49.27981685635109,1,0.3179568959431371,4.99983861746866,3.2792462442752646,0.47448980808258057,0.9013605713844299,0.9387755393981934,6.330660409370842,0.005411279387772083,0.015846190974116325
490,1.0214548827186634,49.32352334454864,1,0.31798041355175505,4.999817585569993,3.279231734492476,0.47448980808258057,0.9013605713844299,0.9387755393981934,6.330599918732417,0.005387408658862114,0.015535613987594843
491,1.021442319597394,49.36716767623875,1,0.31800384734482456,4.999796655293168,3.279217287120048,0.47448980808258057,0.9013605713844299,0.9387755393981934,6.330539727211003,0.00538130896165967,0.015489674173295498
492,1.0214298127043548,49.41075006383671,1,0.31802719778825483,4.999775826169869,3.279202901805129,0.47448980808258057,0.9013605713844299,0.9387755393981934,6.330479833044683,0.0054160188883543015,0.015558433718979359
493,1.021417361683885,49.454270718675076,1,0.3180504653442371,4.99975509773467,3.2791885781975982,0.47448980808258057,0.9013605713844299,0.9387755393981934,6.330420234485345,0.00541751878336072,0.01554789301007986
494,1.0214049661831748,49.49772985101138,1,0.31807365047126035,4.999734469525,3.279174315950042,0.47448980808258057,0.9013605713844299,0.9387755393981934,6.3303609297985215,0.005420499015599489,0.015538024250417948
495,1.0213926258522357,49.54112767003566,1,0.3180967536241526,4.999713941081146,3.2791601147177265,0.47448980808258057,0.9013605713844299,0.9387755393981934,6.330301917263302,0.005605686921626329,0.015745031647384167
496,1.021380340343877,49.58446438387803,1,0.31811977525414303,4.9996935119462025,3.279145974158567,0.47448980808258057,0.9013605713844299,0.9387755393981934,6.330243195172157,0.005412289407104254,0.015532184392213821
497,1.0213681093136744,49.627740199616106,1,0.31814271580893877,4.999673181666056,3.279131893933087,0.47448980808258057,0.9013605713844299,0.9387755393981934,6.330184761830817,0.005402219947427511,0.015536134131252766
498,1.0213559324199462,49.670955323282406,1,0.3181655757328049,4.99965294978935,3.2791178737043793,0.47448980808258057,0.9013605713844299,0.9387755393981934,6.330126615558117,0.005408029071986675,0.015552204102277756
499,1.0213438093237253,49.71410995987168,1,0.3181883554666381,4.999632815867445,3.279103913138069,0.47448980808258057,0.9013605713844299,0.9387755393981934,6.33006875468587,0.005617897026240826,0.015730562154203653
