iteration,loss,lengthscale,outputscale,likelyhood_noise,test_MAE,test_NLL,test_PICP50,test_PICP90,test_PICP95,test_RMSE,it_time_training,it_time
0,1.3703051805496216,3.266211748123169,0.6443967223167419,0.644496738910675,6.558743000030518,3.5611114501953125,0.6139456033706665,0.9591836929321289,0.9829931855201721,8.232848167419434,0.28364000422880054,0.3342838389798999
1,1.34349524974823,3.4540395736694336,0.5983296632766724,0.5982813239097595,6.479092121124268,3.5402557849884033,0.5935373902320862,0.9506802558898926,0.9778911471366882,8.173352241516113,0.006424152757972479,0.019335106946527958
2,1.32013738155365,3.660712242126465,0.5551918745040894,0.5546647310256958,6.404314994812012,3.5213606357574463,0.5748299360275269,0.942176878452301,0.9693877696990967,8.117060661315918,0.006003945134580135,0.018782641272991896
3,1.2994999885559082,3.88376522064209,0.5153199434280396,0.5137515068054199,6.325149059295654,3.502788543701172,0.5544217824935913,0.9268707633018494,0.9642857313156128,8.041945457458496,0.005779326893389225,0.01867576176300645
4,1.28037691116333,4.121312141418457,0.47908735275268555,0.4756966829299927,6.237638473510742,3.4843106269836426,0.5442177057266235,0.9200680255889893,0.9591836929321289,7.94700813293457,0.005786526948213577,0.0186965917237103
5,1.2626969814300537,4.371518611907959,0.4469032287597656,0.44072380661964417,6.151303291320801,3.4666154384613037,0.5340136289596558,0.9098639488220215,0.9557822942733765,7.8413262367248535,0.00585608696565032,0.018536722753196955
6,1.2471891641616821,4.632352352142334,0.41925156116485596,0.40914955735206604,6.064988136291504,3.4504714012145996,0.5221088528633118,0.9047619104385376,0.9472789168357849,7.733715057373047,0.0057927570305764675,0.01861565187573433
7,1.2343934774398804,4.901598930358887,0.39668208360671997,0.38139647245407104,5.9810357093811035,3.436413288116455,0.5085033774375916,0.9013605713844299,0.9370748400688171,7.6306257247924805,0.005774257238954306,0.018566183280199766
8,1.2242344617843628,5.177037239074707,0.37968331575393677,0.3579574227333069,5.9055867195129395,3.4245400428771973,0.49149659276008606,0.8928571343421936,0.930272102355957,7.535902500152588,0.0059040263295173645,0.018679642118513584
9,1.2159591913223267,5.45672082901001,0.3684696555137634,0.3392699956893921,5.835796356201172,3.414428234100342,0.4829931855201721,0.8809523582458496,0.9285714030265808,7.450953483581543,0.005785126704722643,0.018302904907613993
10,1.208414077758789,5.739278316497803,0.36284661293029785,0.3255232870578766,5.769059181213379,3.4052741527557373,0.4761904776096344,0.8724489808082581,0.9251700639724731,7.375250339508057,0.005756187252700329,0.01815878599882126
11,1.2005367279052734,6.024059772491455,0.3622777462005615,0.31653067469596863,5.704726219177246,3.396176815032959,0.4642857015132904,0.8690476417541504,0.9234693646430969,7.306773662567139,0.005926376208662987,0.018466303125023842
12,1.1917426586151123,6.311000823974609,0.3660684823989868,0.31177636981010437,5.643355369567871,3.386336326599121,0.4642857015132904,0.8741496801376343,0.9234693646430969,7.2421650886535645,0.005708777345716953,0.018106636125594378
13,1.181973934173584,6.6003265380859375,0.3735186755657196,0.31056737899780273,5.579237461090088,3.375195264816284,0.47278910875320435,0.8758503198623657,0.9251700639724731,7.177267551422119,0.005748087074607611,0.01811901619657874
14,1.1714246273040771,6.892341136932373,0.3839872181415558,0.312155544757843,5.515968322753906,3.362617254257202,0.47789114713668823,0.8741496801376343,0.9234693646430969,7.108580112457275,0.005911185871809721,0.018237404990941286
15,1.1602725982666016,7.187388896942139,0.39688754081726074,0.31578341126441956,5.455245494842529,3.3490335941314697,0.488095223903656,0.884353756904602,0.9268707633018494,7.034951210021973,0.0057390183210372925,0.014961650129407644
16,1.148673176765442,7.4858622550964355,0.4116467237472534,0.3206869065761566,5.391780853271484,3.3353676795959473,0.49659863114356995,0.8877550959587097,0.9268707633018494,6.958373069763184,0.005006573162972927,0.01433312427252531
17,1.1369503736495972,7.788109302520752,0.4276556968688965,0.3261024057865143,5.327789306640625,3.322593927383423,0.5085033774375916,0.8928571343421936,0.9336734414100647,6.882510185241699,0.004988542757928371,0.014244155026972294
18,1.125655174255371,8.094266891479492,0.44423985481262207,0.3313027024269104,5.262388706207275,3.3112740516662598,0.5136054158210754,0.8945578336715698,0.9370748400688171,6.810301303863525,0.005182841792702675,0.014425923116505146
19,1.1153407096862793,8.404167175292969,0.460671603679657,0.3356547951698303,5.201284885406494,3.301567554473877,0.523809552192688,0.896258533000946,0.9370748400688171,6.743561267852783,0.004993473179638386,0.014130244962871075
20,1.1063297986984253,8.717368125915527,0.4762226939201355,0.3386783003807068,5.147199630737305,3.29339337348938,0.5306122303009033,0.9030612111091614,0.9387755393981934,6.68339204788208,0.005029063206166029,0.014232475310564041
21,1.0986764430999756,9.033227920532227,0.49023574590682983,0.3400852680206299,5.100719451904297,3.2865071296691895,0.5272108912467957,0.9047619104385376,0.9404761791229248,6.630057334899902,0.004991382826119661,0.014228364918380976
22,1.0922290086746216,9.350987434387207,0.5021931529045105,0.3397876024246216,5.063838005065918,3.280625581741333,0.5255101919174194,0.9064626097679138,0.9404761791229248,6.583229064941406,0.005018293391913176,0.014272554311901331
23,1.0867241621017456,9.669836044311523,0.5117602348327637,0.3378761410713196,5.033580780029297,3.2755372524261475,0.5289115905761719,0.9081632494926453,0.9353741407394409,6.542424201965332,0.004971242975443602,0.01418269518762827
24,1.0818989276885986,9.98895263671875,0.5187926292419434,0.33458411693573,5.009049892425537,3.271123170852661,0.5255101919174194,0.9081632494926453,0.9370748400688171,6.50712251663208,0.005004743114113808,0.014294234104454517
25,1.0775648355484009,10.307513236999512,0.5233157873153687,0.33024704456329346,4.989377975463867,3.2673306465148926,0.5306122303009033,0.9064626097679138,0.9370748400688171,6.4767656326293945,0.005246070679277182,0.020030112005770206
26,1.0736225843429565,10.624701499938965,0.525489866733551,0.32526466250419617,4.972726345062256,3.2641336917877197,0.5255101919174194,0.9047619104385376,0.9370748400688171,6.450738906860352,0.005517029669135809,0.014913349878042936
27,1.070038914680481,10.93971061706543,0.5255700349807739,0.3200669288635254,4.958041191101074,3.2615034580230713,0.5221088528633118,0.9030612111091614,0.9353741407394409,6.428394317626953,0.005027273204177618,0.014140176121145487
28,1.0668108463287354,11.251755714416504,0.5238696932792664,0.31508293747901917,4.945594310760498,3.2593812942504883,0.5221088528633118,0.9013605713844299,0.9353741407394409,6.409074306488037,0.004934024065732956,0.013976297341287136
29,1.0639338493347168,11.560091018676758,0.5207287669181824,0.3107118606567383,4.934964656829834,3.25766921043396,0.5221088528633118,0.8996598720550537,0.9336734414100647,6.392139911651611,0.004927373956888914,0.013992777094244957
30,1.0613805055618286,11.864038467407227,0.5164870023727417,0.30729469656944275,4.925673961639404,3.2562360763549805,0.523809552192688,0.8996598720550537,0.9336734414100647,6.3770036697387695,0.004978002980351448,0.014020975679159164
31,1.0590966939926147,12.163003921508789,0.5114642381668091,0.30508944392204285,4.917583465576172,3.2549362182617188,0.5204081535339355,0.8996598720550537,0.9336734414100647,6.363160610198975,0.004962183069437742,0.014176465105265379
32,1.0570096969604492,12.456501007080078,0.5059458017349243,0.304252564907074,4.911050796508789,3.253638982772827,0.5187074542045593,0.8979591727256775,0.9319728016853333,6.350209712982178,0.004965293686836958,0.014032776933163404
33,1.0550469160079956,12.744160652160645,0.5001740455627441,0.30483025312423706,4.905495643615723,3.2522542476654053,0.5170068144798279,0.896258533000946,0.9319728016853333,6.337862014770508,0.00492712389677763,0.013979356735944748
34,1.0531562566757202,13.025734901428223,0.49434447288513184,0.3067600727081299,4.900373935699463,3.2507479190826416,0.5153061151504517,0.896258533000946,0.9336734414100647,6.325945854187012,0.004936323035508394,0.013975786045193672
35,1.0513169765472412,13.301084518432617,0.4886077642440796,0.30988043546676636,4.895583152770996,3.2491390705108643,0.5136054158210754,0.896258533000946,0.9336734414100647,6.314386367797852,0.004951403010636568,0.014041805639863014
36,1.0495401620864868,13.570162773132324,0.4830743074417114,0.3139452636241913,4.891132831573486,3.2474842071533203,0.5187074542045593,0.896258533000946,0.9336734414100647,6.3031907081604,0.004928272683173418,0.01401473581790924
37,1.0478579998016357,13.832999229431152,0.47782188653945923,0.3186425566673279,4.886857509613037,3.245856761932373,0.5204081535339355,0.8979591727256775,0.9336734414100647,6.29241943359375,0.004945992957800627,0.014210524968802929
38,1.0463061332702637,14.089673042297363,0.47290363907814026,0.3236165940761566,4.882714748382568,3.2443230152130127,0.5255101919174194,0.9013605713844299,0.9336734414100647,6.282161712646484,0.004966422915458679,0.014038025867193937
39,1.044908881187439,14.34029769897461,0.4683559536933899,0.32849523425102234,4.878663539886475,3.2429282665252686,0.5255101919174194,0.9030612111091614,0.9387755393981934,6.272511959075928,0.005134821869432926,0.01423516497015953
40,1.043670654296875,14.585001945495605,0.46420517563819885,0.3329215347766876,4.874708652496338,3.241691827774048,0.5272108912467957,0.9030612111091614,0.9387755393981934,6.263556003570557,0.004960543010383844,0.014059646055102348
41,1.0425729751586914,14.823922157287598,0.4604729413986206,0.33658766746520996,4.871069431304932,3.240610361099243,0.523809552192688,0.9030612111091614,0.942176878452301,6.2553510665893555,0.005050532054156065,0.014142844825983047
42,1.0415818691253662,15.057186126708984,0.45717912912368774,0.3392648994922638,4.8674845695495605,3.239668130874634,0.5204081535339355,0.9047619104385376,0.942176878452301,6.247930526733398,0.0050493329763412476,0.014260014984756708
43,1.0406591892242432,15.284917831420898,0.45434385538101196,0.34082525968551636,4.863940238952637,3.238846778869629,0.5204081535339355,0.9047619104385376,0.942176878452301,6.241296291351318,0.004955634009093046,0.014077716041356325
44,1.039771556854248,15.507227897644043,0.45198774337768555,0.3412501811981201,4.860627174377441,3.2381322383880615,0.5187074542045593,0.9064626097679138,0.942176878452301,6.2354207038879395,0.004949373193085194,0.014002657029777765
45,1.0388994216918945,15.72421932220459,0.45013123750686646,0.3406260311603546,4.857294082641602,3.2375175952911377,0.523809552192688,0.9064626097679138,0.942176878452301,6.230250835418701,0.004942523781210184,0.013990286737680435
46,1.038038730621338,15.935982704162598,0.4487931728363037,0.3391280770301819,4.8539276123046875,3.2370011806488037,0.523809552192688,0.9064626097679138,0.9404761791229248,6.22571325302124,0.004937312565743923,0.013992765918374062
47,1.0371978282928467,16.14260482788086,0.44798874855041504,0.33699655532836914,4.850548267364502,3.236579656600952,0.5221088528633118,0.9064626097679138,0.9404761791229248,6.221714496612549,0.0051048519089818,0.014344064053148031
48,1.036392092704773,16.344173431396484,0.44772711396217346,0.3345085680484772,4.847290992736816,3.2362444400787354,0.523809552192688,0.9047619104385376,0.9404761791229248,6.218151569366455,0.004933472722768784,0.01406183559447527
49,1.035634994506836,16.540781021118164,0.44800886511802673,0.33194899559020996,4.844207763671875,3.2359750270843506,0.5204081535339355,0.9013605713844299,0.9404761791229248,6.214913368225098,0.005021973047405481,0.014069006312638521
50,1.034934163093567,16.732528686523438,0.448823481798172,0.3295828104019165,4.841180801391602,3.235741138458252,0.5204081535339355,0.9013605713844299,0.9370748400688171,6.211891174316406,0.004959273152053356,0.014025975950062275
51,1.0342864990234375,16.919538497924805,0.4501468539237976,0.3276313245296478,4.838232517242432,3.235507011413574,0.5204081535339355,0.9013605713844299,0.9370748400688171,6.208984375,0.004950534086674452,0.013983056880533695
52,1.0336824655532837,17.101951599121094,0.4519398808479309,0.32625409960746765,4.835325717926025,3.235236883163452,0.5204081535339355,0.8996598720550537,0.9370748400688171,6.206109523773193,0.005409050267189741,0.01478402130305767
53,1.0331079959869385,17.279930114746094,0.45414799451828003,0.32553786039352417,4.832522869110107,3.2349061965942383,0.5187074542045593,0.8996598720550537,0.9370748400688171,6.203210830688477,0.004995154216885567,0.014092016033828259
54,1.0325510501861572,17.45366096496582,0.4567015767097473,0.32549378275871277,4.82977819442749,3.234504461288452,0.5187074542045593,0.8996598720550537,0.9370748400688171,6.200252532958984,0.005175622180104256,0.014571423176676035
55,1.032006025314331,17.623353958129883,0.4595184326171875,0.3260619640350342,4.827085971832275,3.2340381145477295,0.5170068144798279,0.8996598720550537,0.9387755393981934,6.197230339050293,0.0051000528037548065,0.014441113919019699
56,1.0314741134643555,17.78922462463379,0.4625072479248047,0.3271225392818451,4.8244500160217285,3.2335257530212402,0.5153061151504517,0.9013605713844299,0.9387755393981934,6.194163799285889,0.005056323017925024,0.014175884891301394
57,1.0309617519378662,17.951499938964844,0.4655722379684448,0.32851240038871765,4.821876525878906,3.2329931259155273,0.5136054158210754,0.9030612111091614,0.9387755393981934,6.191089153289795,0.0049775028601288795,0.01403876580297947
58,1.030476450920105,18.110410690307617,0.4686182737350464,0.33004483580589294,4.819371700286865,3.2324671745300293,0.5153061151504517,0.9030612111091614,0.9387755393981934,6.188056945800781,0.004971993155777454,0.014053306076675653
59,1.0300239324569702,18.266170501708984,0.4715559184551239,0.33153119683265686,4.816944599151611,3.2319698333740234,0.5153061151504517,0.9030612111091614,0.9387755393981934,6.185118675231934,0.004967833403497934,0.014041416347026825
60,1.029604434967041,18.418981552124023,0.4743064045906067,0.33280205726623535,4.814670085906982,3.2315149307250977,0.5153061151504517,0.9030612111091614,0.9387755393981934,6.1823248863220215,0.0049401237629354,0.014207834843546152
61,1.0292136669158936,18.56902313232422,0.47680503129959106,0.33372506499290466,4.812617301940918,3.2311110496520996,0.5153061151504517,0.9030612111091614,0.9387755393981934,6.179715156555176,0.004947333130985498,0.014018145855516195
62,1.0288445949554443,18.716459274291992,0.4790040850639343,0.3342183232307434,4.810659408569336,3.2307610511779785,0.5187074542045593,0.9047619104385376,0.9387755393981934,6.1773152351379395,0.0049669332802295685,0.014197665266692638
63,1.0284898281097412,18.861419677734375,0.48087361454963684,0.3342568278312683,4.808807849884033,3.230464220046997,0.5187074542045593,0.9047619104385376,0.9387755393981934,6.175136089324951,0.005129891913384199,0.014364562928676605
64,1.028144121170044,19.004018783569336,0.48240166902542114,0.33387142419815063,4.8070831298828125,3.2302181720733643,0.5187074542045593,0.9047619104385376,0.9387755393981934,6.17317008972168,0.005139581859111786,0.014231764245778322
65,1.0278058052062988,19.144344329833984,0.4835927486419678,0.333141565322876,4.805477142333984,3.2300174236297607,0.5187074542045593,0.9047619104385376,0.9387755393981934,6.171396255493164,0.004966033156961203,0.013997027184814215
66,1.027475357055664,19.282468795776367,0.4844655990600586,0.3321823477745056,4.803991794586182,3.229855537414551,0.5187074542045593,0.9047619104385376,0.9387755393981934,6.169778347015381,0.004964133724570274,0.014025936834514141
67,1.0271553993225098,19.4184513092041,0.4850500822067261,0.3311285674571991,4.8026275634765625,3.2297210693359375,0.5187074542045593,0.9047619104385376,0.9370748400688171,6.16827392578125,0.005055301822721958,0.014145865105092525
68,1.026848316192627,19.552343368530273,0.4853835105895996,0.330117404460907,4.801380157470703,3.2296011447906494,0.5170068144798279,0.9047619104385376,0.9370748400688171,6.166836738586426,0.004981362726539373,0.014032056089490652
69,1.0265545845031738,19.684188842773438,0.48550745844841003,0.32927215099334717,4.8002448081970215,3.229480743408203,0.5153061151504517,0.9047619104385376,0.9370748400688171,6.1654205322265625,0.0049567329697310925,0.01402979576960206
70,1.026273250579834,19.814037322998047,0.4854642450809479,0.3286886215209961,4.799208641052246,3.2293453216552734,0.5136054158210754,0.9047619104385376,0.9370748400688171,6.163985729217529,0.004963792860507965,0.014412833843380213
71,1.0260014533996582,19.941938400268555,0.4852941334247589,0.3284257650375366,4.79826021194458,3.229184150695801,0.511904776096344,0.9047619104385376,0.9353741407394409,6.162503242492676,0.0050394232384860516,0.01424382533878088
72,1.0257365703582764,20.067947387695312,0.48503345251083374,0.32850128412246704,4.797384262084961,3.2289912700653076,0.511904776096344,0.9047619104385376,0.9353741407394409,6.160956859588623,0.005017132963985205,0.014105585869401693
73,1.0254768133163452,20.19212532043457,0.48471346497535706,0.32889190316200256,4.796566009521484,3.228767156600952,0.511904776096344,0.9047619104385376,0.9353741407394409,6.1593427658081055,0.005050332751125097,0.014062847010791302
74,1.0252220630645752,20.31454086303711,0.4843602776527405,0.32953906059265137,4.795787334442139,3.2285172939300537,0.511904776096344,0.9047619104385376,0.9353741407394409,6.157668113708496,0.00504020182415843,0.014056276064366102
75,1.0249732732772827,20.43526268005371,0.4839949905872345,0.33035796880722046,4.795034885406494,3.2282514572143555,0.511904776096344,0.9030612111091614,0.9353741407394409,6.155951499938965,0.00495364423841238,0.014022127259522676
76,1.0247318744659424,20.554359436035156,0.4836350977420807,0.33124956488609314,4.794294834136963,3.227980375289917,0.511904776096344,0.9030612111091614,0.9353741407394409,6.1542181968688965,0.004937642719596624,0.014341653790324926
77,1.0244992971420288,20.67190170288086,0.48329561948776245,0.3321134150028229,4.793557643890381,3.2277143001556396,0.511904776096344,0.9047619104385376,0.9370748400688171,6.152496337890625,0.005016423296183348,0.01406052615493536
78,1.024275541305542,20.78795623779297,0.4829900860786438,0.33286014199256897,4.7928147315979,3.227461814880371,0.511904776096344,0.9047619104385376,0.9370748400688171,6.150814056396484,0.004993603099137545,0.01403092686086893
79,1.0240600109100342,20.90258026123047,0.4827316403388977,0.3334220051765442,4.7920637130737305,3.227228879928589,0.511904776096344,0.9047619104385376,0.9387755393981934,6.149196147918701,0.004938553087413311,0.013984106946736574
80,1.0238511562347412,21.015823364257812,0.4825335144996643,0.33375969529151917,4.79130220413208,3.2270193099975586,0.511904776096344,0.9047619104385376,0.9387755393981934,6.14766263961792,0.004933794029057026,0.014014235697686672
81,1.023647665977478,21.127729415893555,0.48240935802459717,0.3338654935359955,4.79053258895874,3.226835012435913,0.5136054158210754,0.9030612111091614,0.9387755393981934,6.14622688293457,0.005005793180316687,0.014032506383955479
82,1.0234487056732178,21.23833465576172,0.4823727607727051,0.33376145362854004,4.789757251739502,3.226675033569336,0.5136054158210754,0.9030612111091614,0.9370748400688171,6.144893646240234,0.0049999128095805645,0.014040985610336065
83,1.0232537984848022,21.347671508789062,0.48243626952171326,0.3334944248199463,4.788980484008789,3.2265372276306152,0.5136054158210754,0.9030612111091614,0.9353741407394409,6.143660545349121,0.004961033351719379,0.014190755318850279
84,1.0230634212493896,21.455766677856445,0.48261088132858276,0.33312761783599854,4.788206100463867,3.226416826248169,0.5085033774375916,0.9030612111091614,0.9353741407394409,6.142518520355225,0.004946023691445589,0.014004196971654892
85,1.0228779315948486,21.56264305114746,0.4829045534133911,0.3327309489250183,4.7874369621276855,3.2263078689575195,0.5085033774375916,0.9030612111091614,0.9353741407394409,6.141453742980957,0.004946983885020018,0.014202634803950787
86,1.0226976871490479,21.6683292388916,0.4833213686943054,0.3323712646961212,4.786683082580566,3.2262046337127686,0.5085033774375916,0.9030612111091614,0.9353741407394409,6.140448570251465,0.004936292767524719,0.01402049558237195
87,1.0225220918655396,21.772850036621094,0.48386093974113464,0.3321034908294678,4.785976886749268,3.226100206375122,0.5085033774375916,0.9030612111091614,0.9353741407394409,6.139484405517578,0.004951702896505594,0.013976687099784613
88,1.0223510265350342,21.876239776611328,0.48451748490333557,0.33196431398391724,4.785273551940918,3.2259891033172607,0.5068027377128601,0.9030612111091614,0.9353741407394409,6.1385416984558105,0.004928743001073599,0.013938057236373425
89,1.0221832990646362,21.978530883789062,0.4852801561355591,0.331968754529953,4.784570217132568,3.225867986679077,0.5068027377128601,0.9030612111091614,0.9353741407394409,6.1376051902771,0.005268291104584932,0.014305965043604374
90,1.0220186710357666,22.079763412475586,0.486133337020874,0.3321099281311035,4.783873558044434,3.225736141204834,0.5068027377128601,0.9030612111091614,0.9353741407394409,6.136664867401123,0.004937473218888044,0.013948726002126932
91,1.0218571424484253,22.179983139038086,0.48705780506134033,0.33236172795295715,4.783177375793457,3.2255947589874268,0.5068027377128601,0.9030612111091614,0.9353741407394409,6.135710716247559,0.004949322901666164,0.014000055845826864
92,1.0216985940933228,22.279233932495117,0.48803162574768066,0.3326842188835144,4.782472133636475,3.2254467010498047,0.5051020383834839,0.9030612111091614,0.9370748400688171,6.134744167327881,0.004950153175741434,0.014107006136327982
93,1.021543264389038,22.377561569213867,0.4890317916870117,0.33303022384643555,4.781755447387695,3.225295305252075,0.5051020383834839,0.9030612111091614,0.9370748400688171,6.133766174316406,0.005036733113229275,0.014108635950833559
94,1.02139151096344,22.475011825561523,0.4900358319282532,0.33335283398628235,4.781027793884277,3.225145101547241,0.5051020383834839,0.9030612111091614,0.9370748400688171,6.132782459259033,0.004960882943123579,0.013994025997817516
95,1.0212432146072388,22.571626663208008,0.4910229444503784,0.33361193537712097,4.7802910804748535,3.2249999046325684,0.5051020383834839,0.9030612111091614,0.9370748400688171,6.131803035736084,0.0049999430775642395,0.014007195830345154
96,1.0210981369018555,22.66744613647461,0.4919751286506653,0.33377981185913086,4.779549598693848,3.224862575531006,0.5051020383834839,0.9030612111091614,0.9370748400688171,6.1308369636535645,0.005243161227554083,0.014414573088288307
97,1.020956039428711,22.762502670288086,0.49287813901901245,0.3338441252708435,4.77880859375,3.2247352600097656,0.5051020383834839,0.9030612111091614,0.9370748400688171,6.129892349243164,0.005214812234044075,0.01430700533092022
98,1.0208165645599365,22.856822967529297,0.4937216639518738,0.33380866050720215,4.778074741363525,3.2246181964874268,0.5051020383834839,0.9030612111091614,0.9370748400688171,6.128978729248047,0.005016623064875603,0.014017225708812475
99,1.0206797122955322,22.950435638427734,0.4944995045661926,0.33369162678718567,4.777354717254639,3.2245121002197266,0.5051020383834839,0.9030612111091614,0.9370748400688171,6.128098964691162,0.0049812328070402145,0.014032416045665741
100,1.020545244216919,23.04335594177246,0.4952086806297302,0.3335217535495758,4.77666711807251,3.2244155406951904,0.5051020383834839,0.9047619104385376,0.9370748400688171,6.127255439758301,0.004934694152325392,0.013931646943092346
101,1.0204131603240967,23.135602951049805,0.4958495497703552,0.3333335816860199,4.776003837585449,3.224325180053711,0.5051020383834839,0.9047619104385376,0.9370748400688171,6.126448154449463,0.004927393049001694,0.01397696603089571
102,1.020283818244934,23.227190017700195,0.49642449617385864,0.3331618010997772,4.775369167327881,3.2242398262023926,0.5051020383834839,0.9047619104385376,0.9370748400688171,6.125672340393066,0.004933672957122326,0.013977827038615942
103,1.020156979560852,23.318130493164062,0.4969373941421509,0.3330360949039459,4.7747626304626465,3.2241551876068115,0.5051020383834839,0.9047619104385376,0.9370748400688171,6.124922275543213,0.004932833835482597,0.01397318672388792
104,1.0200324058532715,23.408435821533203,0.49739283323287964,0.3329773545265198,4.774184226989746,3.2240705490112305,0.5051020383834839,0.9047619104385376,0.9370748400688171,6.124190330505371,0.004932872951030731,0.014139944687485695
105,1.0199098587036133,23.498119354248047,0.4977957010269165,0.33299505710601807,4.773632049560547,3.223982810974121,0.5034013390541077,0.9047619104385376,0.9370748400688171,6.123469829559326,0.004971674177795649,0.014002967160195112
106,1.019789457321167,23.587196350097656,0.49815064668655396,0.33308693766593933,4.773101329803467,3.223891496658325,0.5034013390541077,0.9047619104385376,0.9370748400688171,6.122753620147705,0.004948804154992104,0.013964357320219278
107,1.019671082496643,23.67568016052246,0.4984623193740845,0.33324018120765686,4.772588729858398,3.2237966060638428,0.5034013390541077,0.9047619104385376,0.9370748400688171,6.122037887573242,0.004988422617316246,0.014163065701723099
108,1.0195544958114624,23.763586044311523,0.49873512983322144,0.33343416452407837,4.772087574005127,3.2236995697021484,0.5034013390541077,0.9047619104385376,0.9370748400688171,6.121317386627197,0.0049245343543589115,0.013929487206041813
109,1.0194398164749146,23.850927352905273,0.49897366762161255,0.33364415168762207,4.7715935707092285,3.2236008644104004,0.5034013390541077,0.9047619104385376,0.9370748400688171,6.120591640472412,0.004939464386552572,0.01398322731256485
110,1.01932692527771,23.93771743774414,0.49918287992477417,0.33384546637535095,4.771103858947754,3.2235023975372314,0.5034013390541077,0.9030612111091614,0.9370748400688171,6.119862079620361,0.004940193146467209,0.013993635773658752
111,1.0192160606384277,24.023971557617188,0.4993683695793152,0.3340170979499817,4.770615577697754,3.2234063148498535,0.5017006993293762,0.9030612111091614,0.9370748400688171,6.119130611419678,0.004953443072736263,0.01416859496384859
112,1.0191071033477783,24.10970115661621,0.49953627586364746,0.33414462208747864,4.770136833190918,3.223313093185425,0.5017006993293762,0.9030612111091614,0.9370748400688171,6.118401050567627,0.004940392915159464,0.013967946637421846
113,1.0189998149871826,24.19491195678711,0.4996936023235321,0.3342219889163971,4.769684791564941,3.223223924636841,0.5017006993293762,0.9030612111091614,0.9370748400688171,6.117676734924316,0.004948902875185013,0.013998095877468586
114,1.0188941955566406,24.27961540222168,0.4998477101325989,0.3342514634132385,4.769232273101807,3.2231390476226807,0.5,0.9030612111091614,0.9370748400688171,6.116963863372803,0.004969093948602676,0.013992856722325087
115,1.0187902450561523,24.363815307617188,0.5000063180923462,0.3342427909374237,4.7687835693359375,3.2230587005615234,0.5,0.9030612111091614,0.9370748400688171,6.116264343261719,0.004936364013701677,0.014164704829454422
116,1.0186874866485596,24.44751739501953,0.5001768469810486,0.33421072363853455,4.768337726593018,3.2229816913604736,0.5,0.9030612111091614,0.9370748400688171,6.115582466125488,0.004999013151973486,0.014051335863769054
117,1.0185868740081787,24.530725479125977,0.5003660321235657,0.3341723680496216,4.767899036407471,3.2229080200195312,0.49829933047294617,0.9030612111091614,0.9370748400688171,6.114920616149902,0.004935532808303833,0.014110594987869263
118,1.0184874534606934,24.613445281982422,0.5005794763565063,0.33414408564567566,4.767466068267822,3.2228357791900635,0.49829933047294617,0.9030612111091614,0.9370748400688171,6.114279270172119,0.004931292962282896,0.013932056725025177
119,1.0183897018432617,24.695682525634766,0.5008215308189392,0.33413898944854736,4.7670416831970215,3.2227652072906494,0.49829933047294617,0.9030612111091614,0.9370748400688171,6.1136579513549805,0.004926603753119707,0.013956986833363771
120,1.0182933807373047,24.777441024780273,0.5010946989059448,0.33416497707366943,4.766624450683594,3.222693920135498,0.49829933047294617,0.9030612111091614,0.9370748400688171,6.113052845001221,0.0049767629243433475,0.01401239586994052
121,1.0181982517242432,24.858728408813477,0.5013996958732605,0.3342238962650299,4.766214370727539,3.222622871398926,0.49829933047294617,0.9030612111091614,0.9370748400688171,6.1124653816223145,0.004948284011334181,0.014175205957144499
122,1.0181047916412354,24.939556121826172,0.5017356276512146,0.33431175351142883,4.765824317932129,3.222551107406616,0.49829933047294617,0.9030612111091614,0.9370748400688171,6.111889839172363,0.004954093135893345,0.01399349607527256
123,1.0180124044418335,25.019927978515625,0.5021002292633057,0.334419846534729,4.765445709228516,3.2224791049957275,0.49829933047294617,0.9030612111091614,0.9353741407394409,6.111324787139893,0.004966072738170624,0.014107175637036562
124,1.0179214477539062,25.0998592376709,0.5024899244308472,0.3345365524291992,4.765068054199219,3.222407102584839,0.49829933047294617,0.9030612111091614,0.9353741407394409,6.110766887664795,0.00494004413485527,0.013985856901854277
125,1.0178316831588745,25.179353713989258,0.5029007196426392,0.33464956283569336,4.764688968658447,3.2223358154296875,0.49829933047294617,0.9030612111091614,0.9353741407394409,6.1102142333984375,0.005046213045716286,0.014095515944063663
126,1.0177431106567383,25.258426666259766,0.5033280253410339,0.3347480893135071,4.764314651489258,3.2222659587860107,0.49829933047294617,0.9030612111091614,0.9353741407394409,6.109664440155029,0.004992963746190071,0.013997236732393503
127,1.0176559686660767,25.33708381652832,0.5037675499916077,0.3348242938518524,4.763950347900391,3.2221972942352295,0.49659863114356995,0.9030612111091614,0.9353741407394409,6.109118461608887,0.004914353601634502,0.013985676690936089
128,1.017569899559021,25.415334701538086,0.5042151212692261,0.3348747491836548,4.763583660125732,3.222130298614502,0.49659863114356995,0.9030612111091614,0.9353741407394409,6.108575344085693,0.0051068030297756195,0.014120686333626509
129,1.0174850225448608,25.49318504333496,0.5046671628952026,0.33490028977394104,4.763214111328125,3.2220656871795654,0.49659863114356995,0.9030612111091614,0.9353741407394409,6.108036041259766,0.0049424138851463795,0.013978137169033289
130,1.0174012184143066,25.57064437866211,0.5051205158233643,0.3349059522151947,4.762845039367676,3.222003221511841,0.49659863114356995,0.9030612111091614,0.9353741407394409,6.10750150680542,0.004927362781018019,0.01597951166331768
131,1.0173187255859375,25.647716522216797,0.5055726170539856,0.3348994851112366,4.762477874755859,3.2219414710998535,0.49659863114356995,0.9030612111091614,0.9353741407394409,6.106973171234131,0.005105231888592243,0.014176884666085243
132,1.0172370672225952,25.724409103393555,0.5060212016105652,0.3348899781703949,4.762112617492676,3.2218809127807617,0.49659863114356995,0.9030612111091614,0.9353741407394409,6.106451511383057,0.004976662807166576,0.014008026104420424
133,1.0171566009521484,25.800729751586914,0.5064646005630493,0.3348861336708069,4.761753559112549,3.2218215465545654,0.49659863114356995,0.9047619104385376,0.9353741407394409,6.10593843460083,0.004955753218382597,0.013993456028401852
134,1.0170772075653076,25.876680374145508,0.5069009065628052,0.33489498496055603,4.761401176452637,3.221762180328369,0.49659863114356995,0.9047619104385376,0.9353741407394409,6.105433940887451,0.005115792155265808,0.014118216000497341
135,1.0169987678527832,25.9522647857666,0.5073285102844238,0.3349205553531647,4.761054992675781,3.221703052520752,0.49659863114356995,0.9047619104385376,0.9353741407394409,6.104938507080078,0.004925702698528767,0.013965365942567587
136,1.0169215202331543,26.027496337890625,0.5077461004257202,0.33496376872062683,4.760716438293457,3.221644163131714,0.4948979616165161,0.9030612111091614,0.9353741407394409,6.104451656341553,0.005117583088576794,0.014173965901136398
137,1.0168449878692627,26.102373123168945,0.5081520676612854,0.33502230048179626,4.7603864669799805,3.221585750579834,0.4948979616165161,0.9030612111091614,0.9353741407394409,6.103973865509033,0.004928153939545155,0.013951326720416546
138,1.0167694091796875,26.176904678344727,0.5085451602935791,0.3350915014743805,4.760060787200928,3.221527099609375,0.4948979616165161,0.9030612111091614,0.9353741407394409,6.103503704071045,0.005054173059761524,0.014277063775807619
139,1.0166950225830078,26.251096725463867,0.5089244842529297,0.33516523241996765,4.759742259979248,3.2214694023132324,0.49659863114356995,0.9030612111091614,0.9353741407394409,6.103039264678955,0.004921513143926859,0.013967887032777071
140,1.0166212320327759,26.324953079223633,0.5092895030975342,0.33523714542388916,4.759426593780518,3.2214126586914062,0.49659863114356995,0.9030612111091614,0.9353741407394409,6.102581024169922,0.00492388429120183,0.013951377011835575
141,1.0165486335754395,26.398481369018555,0.509640097618103,0.33530181646347046,4.759114742279053,3.2213568687438965,0.49659863114356995,0.9030612111091614,0.9353741407394409,6.1021270751953125,0.0049211326986551285,0.013932686764746904
142,1.0164767503738403,26.4716854095459,0.5099766850471497,0.33535560965538025,4.758804798126221,3.2213027477264404,0.49659863114356995,0.9030612111091614,0.9353741407394409,6.101677417755127,0.005106292199343443,0.01412382535636425
143,1.0164059400558472,26.54456901550293,0.5103004574775696,0.33539727330207825,4.758500576019287,3.221249580383301,0.49659863114356995,0.9030612111091614,0.9353741407394409,6.101229667663574,0.005198142025619745,0.014241835102438927
144,1.0163357257843018,26.61713409423828,0.5106127858161926,0.33542779088020325,4.758230209350586,3.2211971282958984,0.49659863114356995,0.9030612111091614,0.9353741407394409,6.100784778594971,0.005050982348620892,0.014298104215413332
145,1.0162665843963623,26.68938446044922,0.5109155774116516,0.335450142621994,4.757979393005371,3.2211458683013916,0.49659863114356995,0.9030612111091614,0.9353741407394409,6.100343227386475,0.004931432660669088,0.013977305963635445
146,1.0161980390548706,26.761327743530273,0.5112109780311584,0.3354685604572296,4.757730007171631,3.221095561981201,0.49659863114356995,0.9030612111091614,0.9353741407394409,6.099904537200928,0.005028503015637398,0.01405745605006814
147,1.0161304473876953,26.83296012878418,0.5115010738372803,0.33548739552497864,4.757481575012207,3.2210447788238525,0.49659863114356995,0.9030612111091614,0.9353741407394409,6.09946870803833,0.005000182893127203,0.014164934866130352
148,1.0160636901855469,26.904287338256836,0.5117879509925842,0.3355106711387634,4.757235050201416,3.220994710922241,0.49659863114356995,0.9030612111091614,0.9353741407394409,6.099037170410156,0.0049560233019292355,0.01395241729915142
149,1.0159975290298462,26.975313186645508,0.5120733976364136,0.3355411887168884,4.756991863250732,3.220944881439209,0.49659863114356995,0.9030612111091614,0.9353741407394409,6.098610877990723,0.005161962006241083,0.014193604700267315
150,1.015932321548462,27.046039581298828,0.5123589038848877,0.3355800211429596,4.756751537322998,3.2208950519561768,0.49659863114356995,0.9030612111091614,0.9336734414100647,6.098189830780029,0.004921603947877884,0.013899706769734621
151,1.0158677101135254,27.116472244262695,0.5126456022262573,0.3356265127658844,4.7565131187438965,3.2208456993103027,0.49659863114356995,0.9030612111091614,0.9336734414100647,6.097774028778076,0.004927642643451691,0.013947885949164629
152,1.0158039331436157,27.18661117553711,0.5129343271255493,0.33567869663238525,4.7562785148620605,3.220796823501587,0.49659863114356995,0.9030612111091614,0.9336734414100647,6.097365856170654,0.004936103709042072,0.014087945688515902
153,1.0157406330108643,27.2564640045166,0.5132254362106323,0.33573347330093384,4.756046295166016,3.22074818611145,0.49659863114356995,0.9030612111091614,0.9336734414100647,6.096962928771973,0.004915344063192606,0.013951976783573627
154,1.0156784057617188,27.326030731201172,0.5135191082954407,0.33578750491142273,4.7558159828186035,3.220700263977051,0.49659863114356995,0.9047619104385376,0.9336734414100647,6.096566200256348,0.0049451738595962524,0.013946326915174723
155,1.0156166553497314,27.39531898498535,0.5138155221939087,0.3358377516269684,4.755587577819824,3.220653772354126,0.49659863114356995,0.9047619104385376,0.9336734414100647,6.0961761474609375,0.005059092305600643,0.014224165119230747
156,1.0155556201934814,27.464330673217773,0.5141146183013916,0.33588212728500366,4.755360126495361,3.2206079959869385,0.49659863114356995,0.9047619104385376,0.9336734414100647,6.095791339874268,0.005062442738562822,0.014140395913273096
157,1.0154951810836792,27.53306770324707,0.5144161581993103,0.3359196186065674,4.755134105682373,3.2205629348754883,0.49659863114356995,0.9047619104385376,0.9336734414100647,6.09541130065918,0.0050131333991885185,0.014036296401172876
158,1.0154355764389038,27.60153579711914,0.5147202014923096,0.3359505832195282,4.754920959472656,3.2205193042755127,0.49659863114356995,0.9047619104385376,0.9336734414100647,6.095034599304199,0.005001703277230263,0.014026337303221226
159,1.0153765678405762,27.669734954833984,0.5150266885757446,0.3359765112400055,4.7547149658203125,3.220475912094116,0.49659863114356995,0.9047619104385376,0.9336734414100647,6.094662666320801,0.004994922783225775,0.014046805910766125
160,1.0153181552886963,27.7376708984375,0.5153352618217468,0.3359995484352112,4.7545084953308105,3.220433473587036,0.49659863114356995,0.9047619104385376,0.9336734414100647,6.094293117523193,0.004926274064928293,0.014288794249296188
161,1.0152602195739746,27.805347442626953,0.5156459212303162,0.33602216839790344,4.754302978515625,3.220391035079956,0.49659863114356995,0.9047619104385376,0.9336734414100647,6.09392786026001,0.004909623879939318,0.013994436711072922
162,1.0152032375335693,27.872764587402344,0.5159581899642944,0.33604657649993896,4.754099369049072,3.2203493118286133,0.49659863114356995,0.9047619104385376,0.9336734414100647,6.093564987182617,0.004930313676595688,0.01394328661262989
163,1.0151466131210327,27.939926147460938,0.5162718296051025,0.3360744118690491,4.753896236419678,3.2203075885772705,0.49659863114356995,0.9047619104385376,0.9336734414100647,6.093205451965332,0.00500901322811842,0.014048235956579447
164,1.0150905847549438,28.0068359375,0.516586184501648,0.33610641956329346,4.753695011138916,3.2202658653259277,0.49659863114356995,0.9047619104385376,0.9336734414100647,6.092849254608154,0.004937794059514999,0.013936167117208242
165,1.0150352716445923,28.073495864868164,0.5169006586074829,0.3361424207687378,4.753495693206787,3.220223903656006,0.49659863114356995,0.9047619104385376,0.9336734414100647,6.092495918273926,0.004908434115350246,0.013941166922450066
166,1.014980435371399,28.139909744262695,0.5172145366668701,0.3361813426017761,4.753297805786133,3.2201831340789795,0.49659863114356995,0.9047619104385376,0.9336734414100647,6.092146873474121,0.004930263385176659,0.013958767056465149
167,1.0149261951446533,28.20608139038086,0.517527163028717,0.3362217843532562,4.753101825714111,3.220142126083374,0.49659863114356995,0.9047619104385376,0.9336734414100647,6.091801643371582,0.00511349318549037,0.014273205306380987
168,1.0148725509643555,28.272010803222656,0.5178378820419312,0.3362619876861572,4.752908229827881,3.220101833343506,0.49659863114356995,0.9047619104385376,0.9336734414100647,6.091460227966309,0.004959202837198973,0.014003525953739882
169,1.0148193836212158,28.337705612182617,0.5181461572647095,0.33630043268203735,4.752716064453125,3.220062017440796,0.49659863114356995,0.9047619104385376,0.9336734414100647,6.091123104095459,0.0050727929919958115,0.01410012599080801
170,1.014766812324524,28.40316390991211,0.518451452255249,0.33633604645729065,4.75252628326416,3.2200229167938232,0.49659863114356995,0.9047619104385376,0.9336734414100647,6.090790271759033,0.005455040372908115,0.014573012012988329
171,1.0147147178649902,28.46839141845703,0.5187535285949707,0.3363683819770813,4.752337455749512,3.219985008239746,0.49659863114356995,0.9047619104385376,0.9336734414100647,6.090461730957031,0.004953204188495874,0.014000707305967808
172,1.0146631002426147,28.533390045166016,0.5190524458885193,0.336397647857666,4.752150535583496,3.219947338104248,0.49659863114356995,0.9047619104385376,0.9336734414100647,6.090136528015137,0.004936893004924059,0.013935266993939877
173,1.0146121978759766,28.59815788269043,0.5193480253219604,0.33642464876174927,4.7519659996032715,3.2199108600616455,0.49659863114356995,0.9047619104385376,0.9336734414100647,6.089814186096191,0.0049660829827189445,0.014135955832898617
174,1.014561653137207,28.662702560424805,0.5196405649185181,0.33645060658454895,4.751781940460205,3.219874143600464,0.49829933047294617,0.9047619104385376,0.9336734414100647,6.08949613571167,0.004960773978382349,0.014109015930444002
175,1.0145115852355957,28.72702407836914,0.5199302434921265,0.33647677302360535,4.751600742340088,3.2198381423950195,0.49659863114356995,0.9047619104385376,0.9336734414100647,6.089179992675781,0.00495883310213685,0.014281103853136301
176,1.0144619941711426,28.791122436523438,0.5202173590660095,0.33650416135787964,4.751419544219971,3.2198023796081543,0.49659863114356995,0.9047619104385376,0.9336734414100647,6.088866710662842,0.004969462752342224,0.013989656697958708
177,1.0144128799438477,28.85500144958496,0.5205021500587463,0.3365335762500763,4.751240253448486,3.219766616821289,0.49659863114356995,0.9047619104385376,0.9336734414100647,6.08855676651001,0.00495860306546092,0.013979636132717133
178,1.01436448097229,28.91866111755371,0.520784854888916,0.3365651071071625,4.751062393188477,3.219731330871582,0.49659863114356995,0.9047619104385376,0.9336734414100647,6.088249206542969,0.005029832944273949,0.014032886829227209
179,1.0143163204193115,28.982107162475586,0.5210657119750977,0.33659860491752625,4.750885486602783,3.219696044921875,0.49659863114356995,0.9047619104385376,0.9336734414100647,6.0879435539245605,0.005009802989661694,0.014113566372543573
180,1.0142686367034912,29.045339584350586,0.521344780921936,0.33663326501846313,4.750710487365723,3.219661235809326,0.49659863114356995,0.9047619104385376,0.9336734414100647,6.08764123916626,0.005026292055845261,0.014383962843567133
181,1.014221429824829,29.10835838317871,0.5216224193572998,0.33666831254959106,4.750535488128662,3.2196261882781982,0.49659863114356995,0.9047619104385376,0.9336734414100647,6.087341785430908,0.005008382722735405,0.014361073728650808
182,1.0141748189926147,29.17116928100586,0.5218985080718994,0.33670276403427124,4.750362873077393,3.219592332839966,0.49659863114356995,0.9047619104385376,0.9336734414100647,6.0870442390441895,0.005011063069105148,0.014022876042872667
183,1.014128565788269,29.23377227783203,0.5221732258796692,0.3367358446121216,4.750190734863281,3.2195582389831543,0.4948979616165161,0.9047619104385376,0.9336734414100647,6.0867509841918945,0.004985802806913853,0.013997896108776331
184,1.014082670211792,29.296167373657227,0.5224468111991882,0.33676713705062866,4.7500200271606445,3.219525098800659,0.4948979616165161,0.9047619104385376,0.9336734414100647,6.086459636688232,0.004926202818751335,0.01392520684748888
185,1.0140371322631836,29.35835838317871,0.5227193236351013,0.33679649233818054,4.749850273132324,3.2194924354553223,0.4948979616165161,0.9047619104385376,0.9336734414100647,6.086172103881836,0.005000582896173,0.014060196001082659
186,1.0139920711517334,29.42034912109375,0.522990882396698,0.3368242681026459,4.749689102172852,3.2194602489471436,0.4948979616165161,0.9047619104385376,0.9336734414100647,6.085887908935547,0.004974473267793655,0.014157925266772509
187,1.0139474868774414,29.48213768005371,0.5232617259025574,0.3368508815765381,4.749545574188232,3.219428539276123,0.4931972920894623,0.9047619104385376,0.9336734414100647,6.085606575012207,0.00493565434589982,0.014008627273142338
188,1.0139033794403076,29.54372787475586,0.5235319137573242,0.3368770480155945,4.74940299987793,3.2193970680236816,0.4931972920894623,0.9047619104385376,0.9336734414100647,6.085328578948975,0.004986213054507971,0.014006206300109625
189,1.013859510421753,29.605121612548828,0.5238015651702881,0.3369034230709076,4.749262809753418,3.2193660736083984,0.4931972920894623,0.9047619104385376,0.9336734414100647,6.085052967071533,0.00494087440893054,0.013950877357274294
190,1.013816237449646,29.666318893432617,0.524070680141449,0.3369304835796356,4.749135494232178,3.2193353176116943,0.4931972920894623,0.9047619104385376,0.9336734414100647,6.084780216217041,0.005022733006626368,0.014070556964725256
191,1.0137733221054077,29.72732162475586,0.5243393778800964,0.33695846796035767,4.7490081787109375,3.2193045616149902,0.4948979616165161,0.9047619104385376,0.9336734414100647,6.084509372711182,0.004937643650919199,0.014148985967040062
192,1.0137306451797485,29.78813362121582,0.5246075391769409,0.3369874060153961,4.74888277053833,3.2192745208740234,0.4948979616165161,0.9047619104385376,0.9336734414100647,6.084240436553955,0.004963153973221779,0.014358623884618282
193,1.0136884450912476,29.848756790161133,0.5248751044273376,0.3370169997215271,4.748757839202881,3.2192442417144775,0.4948979616165161,0.9047619104385376,0.9336734414100647,6.083975315093994,0.005004303064197302,0.014031376224011183
194,1.0136466026306152,29.909189224243164,0.5251418352127075,0.3370468318462372,4.74863338470459,3.21921443939209,0.4948979616165161,0.9047619104385376,0.9336734414100647,6.083711624145508,0.0050331829115748405,0.014061656314879656
195,1.0136051177978516,29.96943473815918,0.5254077315330505,0.3370763957500458,4.748509883880615,3.2191848754882812,0.4948979616165161,0.9047619104385376,0.9336734414100647,6.0834503173828125,0.005006073042750359,0.014019187074154615
196,1.0135639905929565,30.029495239257812,0.5256725549697876,0.3371053636074066,4.748386383056641,3.2191555500030518,0.4948979616165161,0.9047619104385376,0.9336734414100647,6.08319091796875,0.005019193049520254,0.014008197002112865
197,1.0135232210159302,30.089374542236328,0.5259363055229187,0.3371333181858063,4.748264312744141,3.2191267013549805,0.4948979616165161,0.9047619104385376,0.9336734414100647,6.082934379577637,0.004952323157340288,0.013997695874422789
198,1.0134828090667725,30.149070739746094,0.5261987447738647,0.33716025948524475,4.748142242431641,3.2190980911254883,0.4948979616165161,0.9047619104385376,0.9336734414100647,6.082679748535156,0.004999552853405476,0.014253965113312006
199,1.013442873954773,30.20858383178711,0.5264599919319153,0.337186336517334,4.748022079467773,3.2190701961517334,0.4948979616165161,0.9047619104385376,0.9336734414100647,6.082428455352783,0.005082393065094948,0.01424698531627655
200,1.0134031772613525,30.26792335510254,0.5267199277877808,0.3372117280960083,4.747901439666748,3.2190420627593994,0.49659863114356995,0.9047619104385376,0.9336734414100647,6.082178592681885,0.005006752908229828,0.014020916074514389
201,1.0133638381958008,30.32708168029785,0.526978611946106,0.33723682165145874,4.7477827072143555,3.219014883041382,0.49659863114356995,0.9047619104385376,0.9336734414100647,6.081931114196777,0.004997353069484234,0.014025935903191566
202,1.0133248567581177,30.386066436767578,0.5272359848022461,0.33726200461387634,4.747664928436279,3.218987464904785,0.49659863114356995,0.9047619104385376,0.9336734414100647,6.081685543060303,0.005029832944273949,0.014095645863562822
203,1.0132861137390137,30.444875717163086,0.527492105960846,0.3372874855995178,4.747547149658203,3.2189602851867676,0.49659863114356995,0.9047619104385376,0.9336734414100647,6.0814433097839355,0.004992472939193249,0.01400209590792656
204,1.0132478475570679,30.50351333618164,0.5277470350265503,0.3373134434223175,4.747430801391602,3.2189338207244873,0.49659863114356995,0.9047619104385376,0.9336734414100647,6.081202030181885,0.005002633202821016,0.014032165985554457
205,1.0132098197937012,30.561979293823242,0.5280007719993591,0.3373398780822754,4.747315406799316,3.218907356262207,0.49659863114356995,0.9047619104385376,0.9336734414100647,6.080964088439941,0.00499857310205698,0.014088786207139492
206,1.0131721496582031,30.62027359008789,0.5282533764839172,0.33736667037010193,4.747199535369873,3.218881130218506,0.49659863114356995,0.9047619104385376,0.9336734414100647,6.080728054046631,0.004994892980903387,0.014003186021000147
207,1.0131347179412842,30.67840003967285,0.5285047292709351,0.337393581867218,4.747085094451904,3.218855142593384,0.49659863114356995,0.9047619104385376,0.9336734414100647,6.080492973327637,0.005004083272069693,0.01399246696382761
208,1.0130976438522339,30.736358642578125,0.5287549495697021,0.33742034435272217,4.746972560882568,3.218829393386841,0.4948979616165161,0.9047619104385376,0.9336734414100647,6.080260753631592,0.00500172283500433,0.014014316257089376
209,1.0130610466003418,30.79414939880371,0.5290040969848633,0.3374467194080353,4.746860027313232,3.218803644180298,0.4948979616165161,0.9047619104385376,0.9336734414100647,6.0800299644470215,0.005025492049753666,0.014049275778234005
210,1.0130244493484497,30.851776123046875,0.5292520523071289,0.337472528219223,4.7467474937438965,3.218778371810913,0.4948979616165161,0.9047619104385376,0.9336734414100647,6.079801082611084,0.005030412692576647,0.014129514805972576
211,1.0129883289337158,30.90924072265625,0.5294990539550781,0.3374977707862854,4.746635437011719,3.2187533378601074,0.4948979616165161,0.9047619104385376,0.9336734414100647,6.079575061798096,0.0052152411080896854,0.014244413934648037
212,1.0129525661468506,30.966541290283203,0.5297450423240662,0.3375224471092224,4.746524333953857,3.2187283039093018,0.4948979616165161,0.9047619104385376,0.9336734414100647,6.079349994659424,0.005014713387936354,0.014027446042746305
213,1.0129170417785645,31.023679733276367,0.5299900770187378,0.337546706199646,4.746414661407471,3.2187042236328125,0.4948979616165161,0.9047619104385376,0.9336734414100647,6.079126834869385,0.005003022961318493,0.014025456737726927
214,1.0128816366195679,31.080659866333008,0.5302342176437378,0.33757075667381287,4.746304988861084,3.218679904937744,0.4948979616165161,0.9047619104385376,0.9336734414100647,6.0789055824279785,0.005004672799259424,0.014027316123247147
215,1.0128467082977295,31.137481689453125,0.5304775834083557,0.3375947177410126,4.7461957931518555,3.218655824661255,0.4948979616165161,0.9047619104385376,0.9336734414100647,6.078686237335205,0.005018332973122597,0.01402701623737812
216,1.0128118991851807,31.194143295288086,0.5307201743125916,0.33761879801750183,4.746088027954102,3.2186319828033447,0.4948979616165161,0.9047619104385376,0.9336734414100647,6.078469276428223,0.005017812829464674,0.014046386815607548
217,1.01277756690979,31.25065040588379,0.5309619903564453,0.3376430571079254,4.745980262756348,3.2186083793640137,0.4948979616165161,0.9047619104385376,0.9336734414100647,6.078254222869873,0.0053250910714268684,0.014410184230655432
218,1.0127434730529785,31.307003021240234,0.531203031539917,0.33766746520996094,4.745876312255859,3.218585252761841,0.4948979616165161,0.9047619104385376,0.9336734414100647,6.07804012298584,0.004932053852826357,0.013968327082693577
219,1.012709617614746,31.36319923400879,0.5314432978630066,0.337691992521286,4.745780944824219,3.218561887741089,0.4948979616165161,0.9047619104385376,0.9336734414100647,6.077828884124756,0.0049482230097055435,0.01395909721031785
220,1.0126760005950928,31.41924285888672,0.5316827297210693,0.3377164900302887,4.745690822601318,3.218538761138916,0.4948979616165161,0.9047619104385376,0.9336734414100647,6.07761812210083,0.00498218322172761,0.014191705267876387
221,1.0126426219940186,31.475133895874023,0.5319214463233948,0.3377407491207123,4.745600700378418,3.2185163497924805,0.4948979616165161,0.9047619104385376,0.9336734414100647,6.0774102210998535,0.005392460152506828,0.014445582870393991
222,1.012609601020813,31.530874252319336,0.5321593284606934,0.337764710187912,4.745510578155518,3.2184934616088867,0.4948979616165161,0.9047619104385376,0.9336734414100647,6.077203273773193,0.004951032809913158,0.013965297024697065
223,1.012576699256897,31.58646583557129,0.5323963165283203,0.33778828382492065,4.745421886444092,3.2184712886810303,0.4948979616165161,0.9047619104385376,0.9336734414100647,6.076998233795166,0.004918522667139769,0.01393509702757001
224,1.0125441551208496,31.641910552978516,0.5326324105262756,0.3378114104270935,4.745333671569824,3.218449115753174,0.4948979616165161,0.9047619104385376,0.9336734414100647,6.07679557800293,0.004948203917592764,0.0139456270262599
225,1.0125118494033813,31.69720458984375,0.5328676104545593,0.33783429861068726,4.745245456695557,3.2184276580810547,0.4948979616165161,0.9047619104385376,0.9336734414100647,6.076593399047852,0.004925162997096777,0.01391857722774148
226,1.0124797821044922,31.752355575561523,0.5331019163131714,0.33785688877105713,4.745158672332764,3.2184057235717773,0.4948979616165161,0.9047619104385376,0.9336734414100647,6.076394081115723,0.004909582901746035,0.013938536867499352
227,1.0124479532241821,31.807357788085938,0.5333352088928223,0.3378793001174927,4.7450714111328125,3.218384265899658,0.4948979616165161,0.9047619104385376,0.9336734414100647,6.076195240020752,0.005159992258995771,0.014194635208696127
228,1.0124163627624512,31.862215042114258,0.5335676670074463,0.3379017412662506,4.7449846267700195,3.218362808227539,0.4948979616165161,0.9047619104385376,0.9336734414100647,6.075997829437256,0.004946643952280283,0.014015167020261288
229,1.0123850107192993,31.916933059692383,0.5337991118431091,0.33792421221733093,4.744898319244385,3.2183423042297363,0.4948979616165161,0.9047619104385376,0.9336734414100647,6.075802803039551,0.00500896293669939,0.014032996259629726
230,1.0123540163040161,31.971506118774414,0.5340296626091003,0.33794671297073364,4.744813442230225,3.2183210849761963,0.4931972920894623,0.9047619104385376,0.9336734414100647,6.075608730316162,0.004915394354611635,0.013905848376452923
231,1.0123231410980225,32.02593994140625,0.5342592597007751,0.33796927332878113,4.74472713470459,3.2183003425598145,0.4931972920894623,0.9047619104385376,0.9336734414100647,6.075416564941406,0.0049411840736866,0.013976577203720808
232,1.0122926235198975,32.08023452758789,0.5344878435134888,0.3379918336868286,4.744643211364746,3.2182796001434326,0.4931972920894623,0.9047619104385376,0.9336734414100647,6.075225830078125,0.004926113877445459,0.013929226901382208
233,1.0122621059417725,32.13438415527344,0.534715473651886,0.3380143344402313,4.744559288024902,3.218259334564209,0.4931972920894623,0.9047619104385376,0.9336734414100647,6.075036525726318,0.004931334406137466,0.013985367026180029
234,1.0122320652008057,32.18840026855469,0.5349422097206116,0.3380366265773773,4.744475364685059,3.2182390689849854,0.4931972920894623,0.9047619104385376,0.9336734414100647,6.0748491287231445,0.0049490840174257755,0.01411688607186079
235,1.0122020244598389,32.242279052734375,0.5351679921150208,0.33805862069129944,4.744392395019531,3.21821928024292,0.4931972920894623,0.9047619104385376,0.9336734414100647,6.074662685394287,0.004929224029183388,0.014179585967212915
236,1.0121722221374512,32.2960205078125,0.5353928208351135,0.33808037638664246,4.7443084716796875,3.2181994915008545,0.4931972920894623,0.9047619104385376,0.9336734414100647,6.074477195739746,0.004923742730170488,0.013942376710474491
237,1.0121427774429321,32.34962463378906,0.5356167554855347,0.33810189366340637,4.744226932525635,3.218179702758789,0.4931972920894623,0.9047619104385376,0.9336734414100647,6.074294567108154,0.004934513010084629,0.013959676027297974
238,1.0121134519577026,32.40309524536133,0.5358397364616394,0.33812323212623596,4.744144916534424,3.218160390853882,0.4931972920894623,0.9047619104385376,0.9336734414100647,6.074112415313721,0.004957953002303839,0.013983156997710466
239,1.0120844841003418,32.4564323425293,0.5360618829727173,0.3381443917751312,4.744063377380371,3.2181413173675537,0.4931972920894623,0.9047619104385376,0.9336734414100647,6.073931694030762,0.00494250375777483,0.014026597142219543
240,1.012055516242981,32.509639739990234,0.5362831354141235,0.3381654620170593,4.743982315063477,3.2181217670440674,0.4931972920894623,0.9047619104385376,0.9336734414100647,6.0737528800964355,0.00492589408531785,0.01411327626556158
241,1.0120269060134888,32.562713623046875,0.5365035533905029,0.3381865620613098,4.743901252746582,3.2181031703948975,0.4931972920894623,0.9047619104385376,0.9336734414100647,6.073574066162109,0.005095381755381823,0.014150554779917002
242,1.0119984149932861,32.61565399169922,0.5367231965065002,0.3382076323032379,4.743821620941162,3.2180845737457275,0.4931972920894623,0.9047619104385376,0.9336734414100647,6.073397636413574,0.004935743287205696,0.013957117218524218
243,1.0119702816009521,32.66846466064453,0.5369420051574707,0.338228702545166,4.743741512298584,3.2180657386779785,0.4931972920894623,0.9047619104385376,0.9336734414100647,6.073222637176514,0.00495567312464118,0.01396449701860547
244,1.0119423866271973,32.72114944458008,0.5371601581573486,0.33824971318244934,4.743662357330322,3.2180473804473877,0.4931972920894623,0.9047619104385376,0.9336734414100647,6.0730485916137695,0.004934824071824551,0.013932967092841864
245,1.0119144916534424,32.773704528808594,0.5373774766921997,0.3382706642150879,4.743583679199219,3.2180287837982178,0.4931972920894623,0.9047619104385376,0.9336734414100647,6.0728759765625,0.005026333034038544,0.014106075745075941
246,1.0118868350982666,32.82612991333008,0.5375940799713135,0.3382914364337921,4.743505477905273,3.218010902404785,0.4931972920894623,0.9047619104385376,0.9336734414100647,6.072704792022705,0.004968063905835152,0.013977847062051296
247,1.01185941696167,32.8784294128418,0.5378098487854004,0.3383121192455292,4.74342679977417,3.2179927825927734,0.4931972920894623,0.9047619104385376,0.9336734414100647,6.072534561157227,0.0050905621610581875,0.014157374855130911
248,1.0118322372436523,32.930606842041016,0.53802490234375,0.33833253383636475,4.743349075317383,3.21797513961792,0.4931972920894623,0.9047619104385376,0.9336734414100647,6.072365760803223,0.004938802681863308,0.013943267054855824
249,1.0118051767349243,32.9826545715332,0.5382392406463623,0.338352769613266,4.743271827697754,3.2179572582244873,0.4931972920894623,0.9047619104385376,0.9336734414100647,6.072198390960693,0.004903193097561598,0.013935087248682976
250,1.0117783546447754,33.034576416015625,0.5384528636932373,0.3383728265762329,4.743195533752441,3.217940092086792,0.4931972920894623,0.9047619104385376,0.9336734414100647,6.0720319747924805,0.004922532942146063,0.013946136925369501
251,1.011751651763916,33.08638000488281,0.5386656522750854,0.3383927047252655,4.743118762969971,3.2179224491119385,0.4931972920894623,0.9047619104385376,0.9336734414100647,6.071866989135742,0.005090753082185984,0.014314774889498949
252,1.0117251873016357,33.1380615234375,0.5388777852058411,0.3384125232696533,4.743042945861816,3.217905282974243,0.4931972920894623,0.9047619104385376,0.9336734414100647,6.0717034339904785,0.0050201029516756535,0.014046215917915106
253,1.0116989612579346,33.18961715698242,0.5390891432762146,0.338432252407074,4.742967128753662,3.217888116836548,0.4931972920894623,0.9047619104385376,0.9336734414100647,6.071540355682373,0.005011282861232758,0.01407036604359746
254,1.0116727352142334,33.241050720214844,0.539299726486206,0.33845195174217224,4.742892265319824,3.2178714275360107,0.4931972920894623,0.9047619104385376,0.9336734414100647,6.071379661560059,0.004971993155777454,0.014119596220552921
255,1.0116468667984009,33.29236602783203,0.5395095944404602,0.3384716510772705,4.74281644821167,3.2178544998168945,0.4931972920894623,0.9047619104385376,0.9336734414100647,6.071218490600586,0.004936482757329941,0.01424198504537344
256,1.0116209983825684,33.343563079833984,0.539718747138977,0.3384912610054016,4.742741584777832,3.2178380489349365,0.4931972920894623,0.9047619104385376,0.9336734414100647,6.071059703826904,0.004936242941766977,0.013945186976343393
257,1.0115954875946045,33.3946418762207,0.5399271845817566,0.3385108411312103,4.742668151855469,3.2178215980529785,0.4931972920894623,0.9047619104385376,0.9336734414100647,6.070902347564697,0.004923753906041384,0.01395848672837019
258,1.0115702152252197,33.44559860229492,0.5401347875595093,0.3385302424430847,4.742594242095947,3.2178049087524414,0.49149659276008606,0.9047619104385376,0.9336734414100647,6.07074499130249,0.005008363164961338,0.016478978097438812
259,1.011544942855835,33.49644470214844,0.5403416752815247,0.33854958415031433,4.742521286010742,3.2177886962890625,0.49149659276008606,0.9047619104385376,0.9336734414100647,6.070589542388916,0.005393489729613066,0.014497721567749977
260,1.0115199089050293,33.54716873168945,0.5405477285385132,0.338568776845932,4.742447376251221,3.2177727222442627,0.4931972920894623,0.9047619104385376,0.9336734414100647,6.070435047149658,0.004975163843482733,0.014008197002112865
261,1.0114948749542236,33.5977783203125,0.5407531261444092,0.33858776092529297,4.742374897003174,3.217756509780884,0.4931972920894623,0.9047619104385376,0.9336734414100647,6.070281028747559,0.004930032882839441,0.013982626143842936
262,1.0114701986312866,33.64826965332031,0.5409576892852783,0.3386066257953644,4.742302894592285,3.217740774154663,0.4931972920894623,0.9047619104385376,0.9336734414100647,6.07012939453125,0.005080612376332283,0.014086526352912188
263,1.0114456415176392,33.69865036010742,0.5411615371704102,0.33862537145614624,4.7422308921813965,3.2177250385284424,0.4931972920894623,0.9047619104385376,0.9336734414100647,6.069977283477783,0.004927763715386391,0.013954747002571821
264,1.0114212036132812,33.74891662597656,0.5413646101951599,0.33864402770996094,4.742159366607666,3.21770977973938,0.4931972920894623,0.9047619104385376,0.9336734414100647,6.069827556610107,0.005061493255198002,0.014079555869102478
265,1.0113970041275024,33.799072265625,0.5415669679641724,0.33866259455680847,4.742088317871094,3.217694044113159,0.4931972920894623,0.9047619104385376,0.9336734414100647,6.06967830657959,0.004916174337267876,0.013947376981377602
266,1.0113730430603027,33.84911346435547,0.5417685508728027,0.3386811316013336,4.7420172691345215,3.217679023742676,0.4931972920894623,0.9047619104385376,0.9336734414100647,6.0695295333862305,0.005029252730309963,0.01401915680617094
267,1.0113492012023926,33.89904022216797,0.541969358921051,0.338699609041214,4.741946697235107,3.2176637649536133,0.4931972920894623,0.9047619104385376,0.9336734414100647,6.06938362121582,0.004909214098006487,0.014173085801303387
268,1.0113253593444824,33.948856353759766,0.542169451713562,0.3387180268764496,4.741876602172852,3.21764874458313,0.4931972920894623,0.9064626097679138,0.9336734414100647,6.069236755371094,0.004968602675944567,0.014015126042068005
269,1.0113017559051514,33.998565673828125,0.5423688292503357,0.338736355304718,4.741806983947754,3.2176339626312256,0.4931972920894623,0.9064626097679138,0.9336734414100647,6.069092273712158,0.004932044073939323,0.014190416317433119
270,1.0112783908843994,34.048160552978516,0.5425674915313721,0.3387545347213745,4.74173641204834,3.217618703842163,0.4931972920894623,0.9064626097679138,0.9336734414100647,6.068948268890381,0.005198741797357798,0.01424147468060255
271,1.0112550258636475,34.097652435302734,0.5427654981613159,0.338772714138031,4.741668224334717,3.217604160308838,0.4931972920894623,0.9047619104385376,0.9336734414100647,6.06880521774292,0.004925264045596123,0.013967346865683794
272,1.0112320184707642,34.147029876708984,0.5429627895355225,0.33879074454307556,4.7415995597839355,3.2175896167755127,0.4931972920894623,0.9047619104385376,0.9353741407394409,6.068663120269775,0.0051521421410143375,0.014336253982037306
273,1.0112090110778809,34.19630432128906,0.5431593060493469,0.33880865573883057,4.741530895233154,3.2175750732421875,0.4931972920894623,0.9047619104385376,0.9353741407394409,6.068521976470947,0.004984672646969557,0.014289823826402426
274,1.011186122894287,34.24546813964844,0.5433552265167236,0.3388264775276184,4.7414631843566895,3.2175605297088623,0.4931972920894623,0.9047619104385376,0.9353741407394409,6.068382263183594,0.004943702835589647,0.013958986848592758
275,1.0111634731292725,34.29452896118164,0.5435503721237183,0.3388441801071167,4.741394996643066,3.2175464630126953,0.4931972920894623,0.9047619104385376,0.9353741407394409,6.068242073059082,0.004931062925606966,0.013938967138528824
276,1.0111408233642578,34.343482971191406,0.5437449216842651,0.3388617932796478,4.741328239440918,3.2175323963165283,0.4931972920894623,0.9047619104385376,0.9353741407394409,6.0681047439575195,0.005974425934255123,0.015146688092499971
277,1.0111185312271118,34.392330169677734,0.5439387559890747,0.3388793468475342,4.741260528564453,3.2175188064575195,0.4931972920894623,0.9047619104385376,0.9353741407394409,6.067967414855957,0.004976192954927683,0.01401454582810402
278,1.0110962390899658,34.44107437133789,0.5441319346427917,0.33889681100845337,4.7411932945251465,3.2175045013427734,0.4948979616165161,0.9047619104385376,0.9353741407394409,6.067831039428711,0.005050273146480322,0.014698811806738377
279,1.0110740661621094,34.48971176147461,0.5443243980407715,0.338914155960083,4.741127014160156,3.2174909114837646,0.4948979616165161,0.9047619104385376,0.9353741407394409,6.067695140838623,0.005214580800384283,0.014755310956388712
280,1.0110522508621216,34.53824996948242,0.5445162653923035,0.33893147110939026,4.741061687469482,3.2174770832061768,0.4948979616165161,0.9047619104385376,0.9353741407394409,6.06756067276001,0.005429649725556374,0.014779680874198675
281,1.0110304355621338,34.5866813659668,0.5447074174880981,0.33894872665405273,4.740994930267334,3.217463493347168,0.4948979616165161,0.9047619104385376,0.9353741407394409,6.067427635192871,0.005064663011580706,0.014354654122143984
282,1.011008620262146,34.635013580322266,0.5448979735374451,0.33896586298942566,4.740930080413818,3.2174501419067383,0.4948979616165161,0.9047619104385376,0.9353741407394409,6.067295074462891,0.005033822730183601,0.014309645164757967
283,1.0109871625900269,34.68324279785156,0.5450878143310547,0.3389829397201538,4.7408647537231445,3.2174370288848877,0.4931972920894623,0.9047619104385376,0.9353741407394409,6.067162990570068,0.004996052943170071,0.014023605734109879
284,1.0109657049179077,34.73136901855469,0.5452769994735718,0.3389999568462372,4.740799427032471,3.217423677444458,0.4931972920894623,0.9047619104385376,0.9353741407394409,6.067031383514404,0.0051274229772388935,0.014164825901389122
285,1.0109442472457886,34.779396057128906,0.5454655885696411,0.339016854763031,4.740734577178955,3.2174105644226074,0.49149659276008606,0.9047619104385376,0.9353741407394409,6.066901683807373,0.005029143299907446,0.014062365982681513
286,1.0109232664108276,34.82732391357422,0.5456535220146179,0.3390336334705353,4.740670680999756,3.217397451400757,0.4897959232330322,0.9047619104385376,0.9353741407394409,6.0667724609375,0.004943002946674824,0.014314034022390842
287,1.0109021663665771,34.875152587890625,0.5458407402038574,0.3390503525733948,4.740607261657715,3.217384099960327,0.4897959232330322,0.9047619104385376,0.9353741407394409,6.066644668579102,0.0049189431592822075,0.013935957103967667
288,1.0108811855316162,34.922882080078125,0.5460273027420044,0.3390669524669647,4.740543365478516,3.2173714637756348,0.4897959232330322,0.9047619104385376,0.9353741407394409,6.066517353057861,0.005064112134277821,0.014093436300754547
289,1.0108604431152344,34.97051239013672,0.5462132692337036,0.3390834629535675,4.740479469299316,3.2173588275909424,0.4897959232330322,0.9047619104385376,0.9353741407394409,6.066390514373779,0.00495352316647768,0.014092636294662952
290,1.0108399391174316,35.018043518066406,0.5463986396789551,0.3390999436378479,4.740416526794434,3.21734619140625,0.4897959232330322,0.9047619104385376,0.9353741407394409,6.0662641525268555,0.004958312958478928,0.013962897006422281
291,1.010819435119629,35.06547927856445,0.5465832948684692,0.3391163647174835,4.740353584289551,3.2173335552215576,0.4897959232330322,0.9047619104385376,0.9353741407394409,6.066139221191406,0.005098192021250725,0.014116926118731499
292,1.0107990503311157,35.11281967163086,0.5467673540115356,0.33913272619247437,4.740291118621826,3.2173213958740234,0.4897959232330322,0.9047619104385376,0.9353741407394409,6.066015720367432,0.004948083311319351,0.013965717051178217
293,1.010778784751892,35.16006088256836,0.5469507575035095,0.33914899826049805,4.74022912979126,3.217308759689331,0.4897959232330322,0.9047619104385376,0.9353741407394409,6.065891742706299,0.004954253789037466,0.013993876986205578
294,1.010758638381958,35.207210540771484,0.5471335649490356,0.33916521072387695,4.740167140960693,3.217296838760376,0.4897959232330322,0.9047619104385376,0.9353741407394409,6.065769672393799,0.00501997210085392,0.01425976399332285
295,1.010738492012024,35.2542610168457,0.5473155975341797,0.3391813039779663,4.740106105804443,3.2172844409942627,0.4897959232330322,0.9047619104385376,0.9353741407394409,6.065648078918457,0.004941422957926989,0.013957495801150799
296,1.010718584060669,35.30122375488281,0.5474971532821655,0.3391973376274109,4.740044593811035,3.2172725200653076,0.4897959232330322,0.9047619104385376,0.9353741407394409,6.065526485443115,0.00494344299659133,0.014073816128075123
297,1.010698914527893,35.34808349609375,0.5476779937744141,0.3392132818698883,4.739983558654785,3.2172605991363525,0.4897959232330322,0.9047619104385376,0.9353741407394409,6.065406322479248,0.005116331856697798,0.014448932837694883
298,1.0106792449951172,35.39485168457031,0.5478582382202148,0.33922919631004333,4.739922523498535,3.2172489166259766,0.4897959232330322,0.9047619104385376,0.9353741407394409,6.0652875900268555,0.004956704098731279,0.01397324725985527
299,1.0106596946716309,35.441532135009766,0.5480378866195679,0.3392449617385864,4.739861965179443,3.2172367572784424,0.4897959232330322,0.9047619104385376,0.9353741407394409,6.065169334411621,0.004941442981362343,0.013951316941529512
300,1.0106401443481445,35.48811721801758,0.5482168793678284,0.33926066756248474,4.739802360534668,3.2172250747680664,0.4897959232330322,0.9047619104385376,0.9353741407394409,6.065051078796387,0.005020163021981716,0.014212965033948421
301,1.0106208324432373,35.53460693359375,0.5483953952789307,0.3392762839794159,4.739742279052734,3.2172133922576904,0.4897959232330322,0.9047619104385376,0.9353741407394409,6.064933776855469,0.005004012957215309,0.014033776242285967
302,1.0106016397476196,35.58100891113281,0.5485731959342957,0.33929187059402466,4.739682674407959,3.2172019481658936,0.4897959232330322,0.9047619104385376,0.9353741407394409,6.064817428588867,0.005023602861911058,0.014023717027157545
303,1.010582685470581,35.6273193359375,0.5487504005432129,0.33930736780166626,4.739623069763184,3.217190742492676,0.4897959232330322,0.9047619104385376,0.9353741407394409,6.064702033996582,0.005105622112751007,0.014311553910374641
304,1.010563611984253,35.67353820800781,0.5489270687103271,0.33932286500930786,4.739564418792725,3.217179298400879,0.4897959232330322,0.9047619104385376,0.9353741407394409,6.064587593078613,0.005098042078316212,0.014264233876019716
305,1.010544776916504,35.719669342041016,0.5491031408309937,0.3393382132053375,4.739505767822266,3.217168092727661,0.4897959232330322,0.9047619104385376,0.9353741407394409,6.0644731521606445,0.005095703061670065,0.014285235200077295
306,1.0105259418487549,35.765708923339844,0.5492785573005676,0.3393535912036896,4.739447593688965,3.2171568870544434,0.4897959232330322,0.9047619104385376,0.9353741407394409,6.064359664916992,0.005082231946289539,0.01423860527575016
307,1.010507345199585,35.81166076660156,0.5494534373283386,0.3393688201904297,4.739388942718506,3.217146158218384,0.4897959232330322,0.9047619104385376,0.9353741407394409,6.0642476081848145,0.005055602174252272,0.014539702329784632
308,1.010488748550415,35.857521057128906,0.5496277213096619,0.3393840193748474,4.739330768585205,3.217134952545166,0.4897959232330322,0.9047619104385376,0.9353741407394409,6.0641350746154785,0.00506798317655921,0.014231164939701557
309,1.0104703903198242,35.903297424316406,0.5498014688491821,0.3393990993499756,4.7392730712890625,3.2171237468719482,0.4897959232330322,0.9047619104385376,0.9353741407394409,6.064023494720459,0.005083052907139063,0.014262325130403042
310,1.0104520320892334,35.94898223876953,0.5499745607376099,0.3394140899181366,4.739214897155762,3.2171127796173096,0.4897959232330322,0.9047619104385376,0.9353741407394409,6.063912868499756,0.005082563031464815,0.0144469840452075
311,1.0104339122772217,35.99457931518555,0.5501470565795898,0.33942902088165283,4.7391581535339355,3.217102527618408,0.4897959232330322,0.9047619104385376,0.9353741407394409,6.063802719116211,0.004987022839486599,0.014150494709610939
312,1.01041579246521,36.040096282958984,0.5503189563751221,0.3394438922405243,4.739101886749268,3.2170915603637695,0.4897959232330322,0.9047619104385376,0.9353741407394409,6.063694477081299,0.004997743293642998,0.014163485262542963
313,1.0103976726531982,36.08552169799805,0.5504902601242065,0.3394586741924286,4.739044189453125,3.217081069946289,0.4897959232330322,0.9047619104385376,0.9353741407394409,6.0635857582092285,0.004979122895747423,0.014161524828523397
314,1.0103797912597656,36.130859375,0.5506609678268433,0.3394734561443329,4.738988399505615,3.2170705795288086,0.4897959232330322,0.9047619104385376,0.9353741407394409,6.063477993011475,0.004993523005396128,0.014184155035763979
315,1.0103620290756226,36.176116943359375,0.5508311986923218,0.33948814868927,4.7389326095581055,3.2170603275299072,0.4897959232330322,0.9047619104385376,0.9353741407394409,6.063370704650879,0.004983763676136732,0.014186135958880186
316,1.0103442668914795,36.221282958984375,0.5510007739067078,0.33950281143188477,4.738876819610596,3.2170498371124268,0.4897959232330322,0.9047619104385376,0.9353741407394409,6.063263893127441,0.00499581266194582,0.01416675467044115
317,1.0103267431259155,36.2663688659668,0.551169753074646,0.33951741456985474,4.7388200759887695,3.2170393466949463,0.4897959232330322,0.9047619104385376,0.9370748400688171,6.06315803527832,0.005155541934072971,0.014349373988807201
318,1.0103092193603516,36.31136703491211,0.551338255405426,0.33953195810317993,4.738765716552734,3.217028856277466,0.488095223903656,0.9047619104385376,0.9370748400688171,6.063053131103516,0.00500910310074687,0.014189095236361027
319,1.0102916955947876,36.356285095214844,0.5515061616897583,0.33954644203186035,4.738710403442383,3.2170193195343018,0.488095223903656,0.9047619104385376,0.9370748400688171,6.062948226928711,0.004983273334801197,0.01434173434972763
320,1.0102744102478027,36.401119232177734,0.5516734719276428,0.3395608365535736,4.7386555671691895,3.2170088291168213,0.488095223903656,0.9047619104385376,0.9370748400688171,6.062844753265381,0.0050018830224871635,0.01418109517544508
321,1.0102572441101074,36.44586944580078,0.5518401861190796,0.3395751118659973,4.738600254058838,3.216999053955078,0.488095223903656,0.9047619104385376,0.9370748400688171,6.062741279602051,0.0049665928818285465,0.014016775880008936
322,1.010240077972412,36.49053955078125,0.5520064234733582,0.33958932757377625,4.738546371459961,3.216989040374756,0.488095223903656,0.9047619104385376,0.9370748400688171,6.062638759613037,0.004969594068825245,0.013977237045764923
323,1.010223150253296,36.535125732421875,0.552172064781189,0.3396034836769104,4.738492488861084,3.216979503631592,0.488095223903656,0.9047619104385376,0.9370748400688171,6.062536239624023,0.004962262697517872,0.013997816015034914
324,1.0102062225341797,36.57963180541992,0.5523371696472168,0.3396175801753998,4.738439083099365,3.2169694900512695,0.488095223903656,0.9047619104385376,0.9370748400688171,6.062435150146484,0.005032453220337629,0.01403152709826827
325,1.0101892948150635,36.624053955078125,0.5525016784667969,0.3396316170692444,4.738386631011963,3.2169599533081055,0.488095223903656,0.9047619104385376,0.9370748400688171,6.0623345375061035,0.0049409931525588036,0.01426210394129157
326,1.0101726055145264,36.66839599609375,0.5526657104492188,0.3396456241607666,4.738332271575928,3.2169501781463623,0.488095223903656,0.9047619104385376,0.9370748400688171,6.062234401702881,0.004954572767019272,0.013937396928668022
327,1.0101559162139893,36.7126579284668,0.5528292059898376,0.33965957164764404,4.738280296325684,3.2169406414031982,0.488095223903656,0.9047619104385376,0.9370748400688171,6.062134742736816,0.004955074284225702,0.01398230716586113
328,1.0101392269134521,36.756839752197266,0.5529921650886536,0.3396734893321991,4.7382283210754395,3.2169313430786133,0.488095223903656,0.9047619104385376,0.9370748400688171,6.062036514282227,0.004937212914228439,0.013907876797020435
329,1.0101227760314941,36.800941467285156,0.5531545877456665,0.3396873474121094,4.738176345825195,3.216921806335449,0.488095223903656,0.9047619104385376,0.9370748400688171,6.06193733215332,0.004948972724378109,0.01397344609722495
330,1.0101063251495361,36.844966888427734,0.5533164739608765,0.3397011160850525,4.738125324249268,3.216912269592285,0.488095223903656,0.9047619104385376,0.9370748400688171,6.061840057373047,0.005080672912299633,0.014139716047793627
331,1.0100901126861572,36.888912200927734,0.5534778237342834,0.33971482515335083,4.738075256347656,3.2169032096862793,0.488095223903656,0.9047619104385376,0.9370748400688171,6.061742305755615,0.00495103420689702,0.013976897113025188
332,1.0100739002227783,36.932777404785156,0.5536386966705322,0.33972853422164917,4.738025188446045,3.2168941497802734,0.488095223903656,0.9047619104385376,0.9370748400688171,6.061646461486816,0.005099761765450239,0.014093365985900164
333,1.0100579261779785,36.976566314697266,0.553799033164978,0.33974209427833557,4.737974643707275,3.2168848514556885,0.488095223903656,0.9047619104385376,0.9370748400688171,6.061549663543701,0.005052152089774609,0.014050716068595648
334,1.0100418329238892,37.0202751159668,0.5539587736129761,0.339755654335022,4.737925052642822,3.2168757915496826,0.488095223903656,0.9047619104385376,0.9370748400688171,6.061454772949219,0.005068421829491854,0.014056475833058357
335,1.0100258588790894,37.063907623291016,0.5541180968284607,0.3397691249847412,4.737874984741211,3.216866970062256,0.488095223903656,0.9047619104385376,0.9370748400688171,6.061359405517578,0.004897342994809151,0.013906497042626143
336,1.010010004043579,37.10746383666992,0.5542768836021423,0.3397825360298157,4.737825870513916,3.216858148574829,0.488095223903656,0.9047619104385376,0.9370748400688171,6.061265468597412,0.004889933858066797,0.013853797689080238
337,1.0099941492080688,37.150943756103516,0.554435133934021,0.339795857667923,4.737776279449463,3.2168490886688232,0.488095223903656,0.9047619104385376,0.9370748400688171,6.061171054840088,0.004932733252644539,0.013943676836788654
338,1.0099785327911377,37.1943473815918,0.5545928478240967,0.3398091495037079,4.737727642059326,3.2168405055999756,0.488095223903656,0.9047619104385376,0.9370748400688171,6.0610785484313965,0.004937503021210432,0.013952167239040136
339,1.009962797164917,37.237674713134766,0.5547500252723694,0.339822381734848,4.7376790046691895,3.2168314456939697,0.488095223903656,0.9047619104385376,0.9370748400688171,6.060986042022705,0.005092741921544075,0.014289893675595522
340,1.0099472999572754,37.28092575073242,0.5549066662788391,0.3398355543613434,4.737630844116211,3.216822862625122,0.488095223903656,0.9047619104385376,0.9370748400688171,6.060894012451172,0.005025033373385668,0.01401116605848074
341,1.0099318027496338,37.32410430908203,0.5550627708435059,0.33984866738319397,4.737582683563232,3.2168142795562744,0.488095223903656,0.9047619104385376,0.9370748400688171,6.060802936553955,0.0049235643818974495,0.013925737235695124
342,1.0099165439605713,37.36720657348633,0.5552183985710144,0.33986178040504456,4.737534046173096,3.2168056964874268,0.488095223903656,0.9047619104385376,0.9370748400688171,6.06071138381958,0.004939344245940447,0.01397392712533474
343,1.0099012851715088,37.41023254394531,0.55537348985672,0.33987483382225037,4.737485408782959,3.216797113418579,0.488095223903656,0.9047619104385376,0.9370748400688171,6.0606207847595215,0.004928623791784048,0.013929756823927164
344,1.0098860263824463,37.453189849853516,0.5555281043052673,0.3398878276348114,4.737437725067139,3.2167887687683105,0.488095223903656,0.9047619104385376,0.9370748400688171,6.060531139373779,0.004931933246552944,0.013940687291324139
345,1.0098708868026733,37.496070861816406,0.5556821823120117,0.33990076184272766,4.737390995025635,3.216780424118042,0.488095223903656,0.9047619104385376,0.9370748400688171,6.060441970825195,0.0049168942496180534,0.014171845279633999
346,1.0098557472229004,37.53887939453125,0.5558357834815979,0.3399136960506439,4.737344264984131,3.2167720794677734,0.4863945543766022,0.9047619104385376,0.9370748400688171,6.060352802276611,0.004909663926810026,0.01415586518123746
347,1.0098408460617065,37.58161163330078,0.5559888482093811,0.339926540851593,4.737298488616943,3.216763973236084,0.4863945543766022,0.9047619104385376,0.9370748400688171,6.060264587402344,0.004958282690495253,0.013966976664960384
348,1.0098258256912231,37.624271392822266,0.5561414361000061,0.33993932604789734,4.737252712249756,3.2167558670043945,0.4863945543766022,0.9030612111091614,0.9370748400688171,6.060176372528076,0.004959933925420046,0.013962137047201395
349,1.0098111629486084,37.66686248779297,0.5562935471534729,0.3399520218372345,4.737207412719727,3.216747760772705,0.4863945543766022,0.9030612111091614,0.9370748400688171,6.060089588165283,0.004969082772731781,0.013994755689054728
350,1.009796380996704,37.709381103515625,0.5564451217651367,0.3399646282196045,4.737161636352539,3.2167396545410156,0.4863945543766022,0.9030612111091614,0.9370748400688171,6.06000280380249,0.00496459286659956,0.01393756689503789
351,1.009781837463379,37.751827239990234,0.5565962791442871,0.3399772047996521,4.737116813659668,3.2167317867279053,0.4863945543766022,0.9030612111091614,0.9370748400688171,6.059916973114014,0.0050011128187179565,0.014179775025695562
352,1.0097670555114746,37.7942008972168,0.5567469000816345,0.33998972177505493,4.737071514129639,3.2167234420776367,0.4863945543766022,0.9030612111091614,0.9370748400688171,6.059831142425537,0.004975154064595699,0.013997117057442665
353,1.0097525119781494,37.83650588989258,0.5568970441818237,0.34000223875045776,4.737026691436768,3.2167155742645264,0.4863945543766022,0.9030612111091614,0.9370748400688171,6.059745788574219,0.005141621921211481,0.014299605041742325
354,1.0097382068634033,37.87873458862305,0.55704665184021,0.3400146961212158,4.7369818687438965,3.216707944869995,0.4863945543766022,0.9030612111091614,0.9370748400688171,6.059660911560059,0.004953102674335241,0.01393866678699851
355,1.0097237825393677,37.9208984375,0.557195782661438,0.3400271236896515,4.736937999725342,3.216700315475464,0.4863945543766022,0.9030612111091614,0.9370748400688171,6.059576988220215,0.005036043003201485,0.014014685992151499
356,1.0097094774246216,37.962989807128906,0.5573445558547974,0.3400394916534424,4.736894130706787,3.2166924476623535,0.4863945543766022,0.9030612111091614,0.9370748400688171,6.059492588043213,0.004957913886755705,0.0139711769297719
357,1.009695053100586,38.0050163269043,0.557492733001709,0.3400518000125885,4.736850261688232,3.2166848182678223,0.4863945543766022,0.9013605713844299,0.9370748400688171,6.0594096183776855,0.0049609229899942875,0.013943057041615248
358,1.0096811056137085,38.046966552734375,0.5576403737068176,0.34006407856941223,4.7368059158325195,3.216677188873291,0.4863945543766022,0.9013605713844299,0.9370748400688171,6.059326648712158,0.005322479642927647,0.014597252011299133
359,1.0096670389175415,38.08885192871094,0.5577876567840576,0.3400763273239136,4.736763000488281,3.216669797897339,0.4863945543766022,0.9013605713844299,0.9370748400688171,6.059244155883789,0.005093113053590059,0.014482352882623672
360,1.0096529722213745,38.13066864013672,0.5579344034194946,0.34008848667144775,4.736718654632568,3.2166619300842285,0.4863945543766022,0.9013605713844299,0.9370748400688171,6.059162139892578,0.005092102102935314,0.014454933349043131
361,1.009639024734497,38.17241668701172,0.5580806732177734,0.34010058641433716,4.73667573928833,3.2166547775268555,0.4863945543766022,0.9013605713844299,0.9370748400688171,6.059080600738525,0.005050193052738905,0.014226865023374557
362,1.0096251964569092,38.21409606933594,0.558226466178894,0.3401126265525818,4.736632347106934,3.216647148132324,0.4863945543766022,0.9030612111091614,0.9370748400688171,6.059000015258789,0.005056743044406176,0.0142569150775671
363,1.0096113681793213,38.25571060180664,0.5583717823028564,0.34012463688850403,4.7365899085998535,3.216639995574951,0.4863945543766022,0.9030612111091614,0.9370748400688171,6.058919429779053,0.005002083256840706,0.014025106094777584
364,1.0095975399017334,38.2972526550293,0.5585166215896606,0.3401366174221039,4.736547470092773,3.216632604598999,0.4863945543766022,0.9030612111091614,0.9370748400688171,6.058839797973633,0.0049828533083200455,0.01401274697855115
365,1.0095839500427246,38.3387336730957,0.5586610436439514,0.34014853835105896,4.736504554748535,3.216625213623047,0.488095223903656,0.9030612111091614,0.9370748400688171,6.058760166168213,0.005062602926045656,0.014250584878027439
366,1.0095701217651367,38.38014221191406,0.558804988861084,0.34016042947769165,4.736462593078613,3.216618061065674,0.488095223903656,0.9030612111091614,0.9370748400688171,6.058681011199951,0.00498542282730341,0.014012205880135298
367,1.009556770324707,38.421485900878906,0.5589484572410583,0.3401722311973572,4.73642110824585,3.21661114692688,0.488095223903656,0.9030612111091614,0.9370748400688171,6.058602809906006,0.004977013915777206,0.013986076693981886
368,1.0095431804656982,38.462764739990234,0.5590914487838745,0.34018397331237793,4.736381530761719,3.2166037559509277,0.488095223903656,0.9030612111091614,0.9370748400688171,6.058524131774902,0.0052333613857626915,0.014410393312573433
369,1.0095298290252686,38.50397872924805,0.5592340230941772,0.3401957154273987,4.736342906951904,3.216597080230713,0.488095223903656,0.9030612111091614,0.9370748400688171,6.058446407318115,0.005088961683213711,0.014273134060204029
370,1.0095164775848389,38.54512405395508,0.5593761205673218,0.34020742774009705,4.736303806304932,3.21658992767334,0.488095223903656,0.9030612111091614,0.9370748400688171,6.058368682861328,0.005044803023338318,0.014247785322368145
371,1.0095031261444092,38.586204528808594,0.5595178008079529,0.340219110250473,4.736265659332275,3.216583013534546,0.488095223903656,0.9030612111091614,0.9370748400688171,6.058292388916016,0.005047002341598272,0.014243174344301224
372,1.0094900131225586,38.627220153808594,0.5596590042114258,0.3402307629585266,4.736226558685303,3.216576099395752,0.488095223903656,0.9030612111091614,0.9370748400688171,6.058216094970703,0.005057073198258877,0.014217874966561794
373,1.009476900100708,38.66817092895508,0.5597997903823853,0.3402423560619354,4.736188888549805,3.216569662094116,0.488095223903656,0.9030612111091614,0.9370748400688171,6.058140277862549,0.005060493014752865,0.014279525261372328
374,1.0094637870788574,38.70906066894531,0.5599400401115417,0.3402538597583771,4.73615026473999,3.2165627479553223,0.488095223903656,0.9030612111091614,0.9370748400688171,6.0580644607543945,0.005392779596149921,0.014747080858796835
375,1.0094506740570068,38.749881744384766,0.5600798726081848,0.34026530385017395,4.736112594604492,3.216555595397949,0.488095223903656,0.9030612111091614,0.9370748400688171,6.05798864364624,0.0050611128099262714,0.014237714931368828
376,1.0094377994537354,38.79064178466797,0.5602192878723145,0.34027671813964844,4.736074924468994,3.2165493965148926,0.488095223903656,0.9030612111091614,0.9370748400688171,6.057914733886719,0.005057943053543568,0.014249095227569342
377,1.0094248056411743,38.83134078979492,0.5603582262992859,0.34028804302215576,4.736037254333496,3.2165422439575195,0.488095223903656,0.9030612111091614,0.9370748400688171,6.057840347290039,0.005065151955932379,0.014265214093029499
378,1.0094120502471924,38.871971130371094,0.5604967474937439,0.3402993083000183,4.735998630523682,3.216536045074463,0.488095223903656,0.9030612111091614,0.9370748400688171,6.057766437530518,0.005072303116321564,0.01427875505760312
379,1.009399175643921,38.912540435791016,0.5606348514556885,0.34031060338020325,4.7359619140625,3.216529369354248,0.488095223903656,0.9030612111091614,0.9370748400688171,6.057692527770996,0.005049451719969511,0.014256153721362352
380,1.0093865394592285,38.95304489135742,0.5607724189758301,0.3403218984603882,4.73592472076416,3.2165229320526123,0.488095223903656,0.9030612111091614,0.9370748400688171,6.057620048522949,0.0050727021880447865,0.014257014263421297
381,1.0093739032745361,38.993492126464844,0.560909628868103,0.3403331935405731,4.73588752746582,3.2165164947509766,0.488095223903656,0.9030612111091614,0.9370748400688171,6.057547092437744,0.005099781788885593,0.014295223634690046
382,1.0093612670898438,39.03387451171875,0.5610463619232178,0.3403443992137909,4.735850811004639,3.216510057449341,0.488095223903656,0.9030612111091614,0.9370748400688171,6.0574750900268555,0.005059492774307728,0.01420595496892929
383,1.0093486309051514,39.074195861816406,0.5611826777458191,0.3403555452823639,4.735814571380615,3.216503858566284,0.488095223903656,0.9030612111091614,0.9370748400688171,6.057403564453125,0.005030632950365543,0.01415493618696928
384,1.009336233139038,39.11445236206055,0.5613185167312622,0.3403666317462921,4.735777378082275,3.2164974212646484,0.488095223903656,0.9030612111091614,0.9370748400688171,6.057331562042236,0.004976283293217421,0.013988227117806673
385,1.0093238353729248,39.1546516418457,0.5614539384841919,0.34037768840789795,4.735742092132568,3.216491222381592,0.488095223903656,0.9030612111091614,0.9370748400688171,6.057260513305664,0.004946083761751652,0.017776628956198692
386,1.0093114376068115,39.194786071777344,0.5615888833999634,0.3403886556625366,4.7357048988342285,3.216485023498535,0.488095223903656,0.9030612111091614,0.9370748400688171,6.05718994140625,0.005301749799400568,0.014472962822765112
387,1.0092990398406982,39.234859466552734,0.5617234706878662,0.3403995931148529,4.735669136047363,3.2164785861968994,0.488095223903656,0.9030612111091614,0.9370748400688171,6.057119846343994,0.004987882915884256,0.013986886944621801
388,1.009286880493164,39.27487564086914,0.5618575811386108,0.3404104709625244,4.735632419586182,3.21647310256958,0.488095223903656,0.9030612111091614,0.9370748400688171,6.057049751281738,0.004948053974658251,0.013944196980446577
389,1.0092747211456299,39.31482696533203,0.561991274356842,0.3404213488101959,4.735596656799316,3.2164669036865234,0.488095223903656,0.9030612111091614,0.9370748400688171,6.056980133056641,0.00494003389030695,0.013924316968768835
390,1.0092625617980957,39.3547248840332,0.5621245503425598,0.34043213725090027,4.735562801361084,3.216460704803467,0.488095223903656,0.9030612111091614,0.9370748400688171,6.056911468505859,0.004929913207888603,0.013904237188398838
391,1.009250521659851,39.39455795288086,0.5622574687004089,0.3404430150985718,4.735529899597168,3.21645450592041,0.488095223903656,0.9030612111091614,0.9370748400688171,6.056842803955078,0.004934162832796574,0.01394207589328289
392,1.0092384815216064,39.43433380126953,0.5623899102210999,0.3404538333415985,4.735496997833252,3.2164485454559326,0.488095223903656,0.9030612111091614,0.9370748400688171,6.056774139404297,0.004954462870955467,0.014092815108597279
393,1.0092265605926514,39.47404861450195,0.5625219345092773,0.34046459197998047,4.735464572906494,3.216442584991455,0.488095223903656,0.9030612111091614,0.9370748400688171,6.05670690536499,0.005132792051881552,0.014114615973085165
394,1.0092145204544067,39.513702392578125,0.5626535415649414,0.34047529101371765,4.7354326248168945,3.2164368629455566,0.4897959232330322,0.9030612111091614,0.9370748400688171,6.056639194488525,0.0049521429464221,0.014024686068296432
395,1.0092027187347412,39.55330276489258,0.5627847909927368,0.3404858708381653,4.735403537750244,3.216431140899658,0.4897959232330322,0.9030612111091614,0.9370748400688171,6.056571960449219,0.005020853132009506,0.014014407061040401
396,1.0091907978057861,39.59284210205078,0.5629154443740845,0.3404964506626129,4.735376358032227,3.2164251804351807,0.4897959232330322,0.9030612111091614,0.9370748400688171,6.056506156921387,0.004959582816809416,0.013931537047028542
397,1.0091791152954102,39.63232421875,0.563045859336853,0.34050697088241577,4.735350608825684,3.2164196968078613,0.4897959232330322,0.9030612111091614,0.9370748400688171,6.05643892288208,0.004926622845232487,0.013938556890934706
398,1.0091673135757446,39.671749114990234,0.5631757974624634,0.34051746129989624,4.735324382781982,3.216413736343384,0.4897959232330322,0.9030612111091614,0.9370748400688171,6.05637264251709,0.004946552682667971,0.013921636622399092
399,1.0091557502746582,39.71111297607422,0.5633053183555603,0.3405279815196991,4.7352986335754395,3.2164082527160645,0.4897959232330322,0.9030612111091614,0.9370748400688171,6.056307315826416,0.004930354189127684,0.014034217223525047
400,1.0091440677642822,39.75041961669922,0.5634344816207886,0.3405384421348572,4.7352728843688965,3.216402530670166,0.4897959232330322,0.9030612111091614,0.9353741407394409,6.0562424659729,0.004977703094482422,0.014324313960969448
401,1.0091326236724854,39.789669036865234,0.5635631680488586,0.34054890275001526,4.7352471351623535,3.216397285461426,0.4897959232330322,0.9030612111091614,0.9353741407394409,6.056177139282227,0.004952952731400728,0.014248114079236984
402,1.0091211795806885,39.82886505126953,0.5636914372444153,0.3405592739582062,4.735220909118652,3.2163915634155273,0.4897959232330322,0.9030612111091614,0.9353741407394409,6.056112766265869,0.0049398429691791534,0.013957836665213108
403,1.009109616279602,39.86800003051758,0.5638193488121033,0.3405695855617523,4.735195636749268,3.216386079788208,0.4897959232330322,0.9030612111091614,0.9353741407394409,6.056048393249512,0.004930953960865736,0.014045185875147581
404,1.0090982913970947,39.907081604003906,0.5639468431472778,0.3405798673629761,4.735169887542725,3.2163803577423096,0.4897959232330322,0.9030612111091614,0.9353741407394409,6.055984020233154,0.0049443431198596954,0.013950527179986238
405,1.0090868473052979,39.946102142333984,0.5640738606452942,0.34059014916419983,4.735145568847656,3.2163751125335693,0.4897959232330322,0.9030612111091614,0.9353741407394409,6.0559210777282715,0.00521076237782836,0.01422353507950902
406,1.00907564163208,39.985069274902344,0.5642005205154419,0.3406003713607788,4.735119819641113,3.216370105743408,0.4897959232330322,0.9030612111091614,0.9353741407394409,6.055858135223389,0.005071051884442568,0.014065396040678024
407,1.0090644359588623,40.023983001708984,0.564326822757721,0.3406105935573578,4.735095024108887,3.2163643836975098,0.4897959232330322,0.9030612111091614,0.9353741407394409,6.055795192718506,0.005213400814682245,0.014254604931920767
408,1.0090532302856445,40.06283950805664,0.5644527077674866,0.3406207263469696,4.73507022857666,3.2163591384887695,0.4897959232330322,0.9030612111091614,0.9353741407394409,6.055732727050781,0.005030002910643816,0.014208395034074783
409,1.0090420246124268,40.10164260864258,0.5645781755447388,0.3406308591365814,4.735044956207275,3.2163543701171875,0.4897959232330322,0.9030612111091614,0.9353741407394409,6.055670738220215,0.005032842047512531,0.014208035077899694
410,1.009031057357788,40.14038848876953,0.5647032260894775,0.34064093232154846,4.735020637512207,3.216348886489868,0.4897959232330322,0.9030612111091614,0.9353741407394409,6.055608749389648,0.005179041996598244,0.014370144344866276
411,1.0090198516845703,40.1790771484375,0.5648279190063477,0.3406509757041931,4.7349958419799805,3.216343641281128,0.4897959232330322,0.9030612111091614,0.9353741407394409,6.055547714233398,0.004937553778290749,0.013956286944448948
412,1.0090088844299316,40.21771240234375,0.5649521946907043,0.3406609892845154,4.73497200012207,3.2163383960723877,0.4897959232330322,0.9030612111091614,0.9353741407394409,6.055486679077148,0.005032572895288467,0.014165605884045362
413,1.008997917175293,40.25629425048828,0.5650761127471924,0.34067100286483765,4.734947204589844,3.2163333892822266,0.4897959232330322,0.9030612111091614,0.9353741407394409,6.055426120758057,0.004910794086754322,0.013914877083152533
414,1.0089869499206543,40.294822692871094,0.565199613571167,0.34068092703819275,4.734922885894775,3.2163286209106445,0.4897959232330322,0.9030612111091614,0.9353741407394409,6.055365085601807,0.004897324368357658,0.013908127322793007
415,1.0089762210845947,40.33329391479492,0.565322756767273,0.3406907916069031,4.734898567199707,3.2163233757019043,0.4897959232330322,0.9030612111091614,0.9353741407394409,6.055305480957031,0.004891613963991404,0.013868276961147785
416,1.0089653730392456,40.3717155456543,0.5654454827308655,0.3407006561756134,4.734874725341797,3.216318368911743,0.4897959232330322,0.9030612111091614,0.9353741407394409,6.055245876312256,0.0049028838984668255,0.014235674869269133
417,1.0089545249938965,40.41007995605469,0.5655678510665894,0.34071046113967896,4.734850883483887,3.216313600540161,0.4897959232330322,0.9030612111091614,0.9353741407394409,6.055186748504639,0.004987253807485104,0.014185246080160141
418,1.008943796157837,40.448394775390625,0.5656898021697998,0.3407202959060669,4.734827041625977,3.21630859375,0.4897959232330322,0.9030612111091614,0.9353741407394409,6.055127143859863,0.0050046928226947784,0.014176385942846537
419,1.008933186531067,40.486656188964844,0.5658114552497864,0.34073010087013245,4.734803676605225,3.216303586959839,0.4897959232330322,0.9030612111091614,0.9353741407394409,6.055068492889404,0.004971574060618877,0.013980127405375242
420,1.0089225769042969,40.52486038208008,0.5659326314926147,0.34073981642723083,4.7347798347473145,3.216298818588257,0.4897959232330322,0.9030612111091614,0.9353741407394409,6.0550103187561035,0.004974314011633396,0.01408473588526249
421,1.0089119672775269,40.56301498413086,0.5660534501075745,0.3407495319843292,4.7347564697265625,3.216294050216675,0.4897959232330322,0.9030612111091614,0.9353741407394409,6.0549516677856445,0.005034172907471657,0.0142327849753201
422,1.0089013576507568,40.60111618041992,0.5661739110946655,0.34075912833213806,4.7347331047058105,3.2162892818450928,0.4897959232330322,0.9030612111091614,0.9353741407394409,6.05489444732666,0.005034203175455332,0.0143415043130517
423,1.0088908672332764,40.639163970947266,0.5662939548492432,0.3407687544822693,4.734709739685059,3.2162845134735107,0.4897959232330322,0.9030612111091614,0.9353741407394409,6.054836273193359,0.005127252079546452,0.014305434189736843
424,1.008880376815796,40.67715835571289,0.5664136409759521,0.34077832102775574,4.734687328338623,3.2162797451019287,0.4897959232330322,0.9030612111091614,0.9353741407394409,6.054779529571533,0.0049787238240242004,0.014154535718262196
425,1.008870005607605,40.71510696411133,0.5665329098701477,0.34078794717788696,4.734664440155029,3.216275453567505,0.4897959232330322,0.9030612111091614,0.9353741407394409,6.054723262786865,0.004975193180143833,0.014151555020362139
426,1.008859634399414,40.75299835205078,0.5666518211364746,0.3407975137233734,4.7346415519714355,3.2162704467773438,0.4897959232330322,0.9030612111091614,0.9353741407394409,6.054665565490723,0.004976083058863878,0.01416282495483756
427,1.0088493824005127,40.79084396362305,0.5667704343795776,0.3408070206642151,4.734618186950684,3.216265916824341,0.4897959232330322,0.9030612111091614,0.9353741407394409,6.054610252380371,0.004967462737113237,0.014173554722219706
428,1.0088391304016113,40.82863235473633,0.5668885707855225,0.3408164978027344,4.73459529876709,3.216261863708496,0.4897959232330322,0.9030612111091614,0.9353741407394409,6.054553985595703,0.004971683956682682,0.014145506080240011
429,1.0088287591934204,40.86637496948242,0.5670064091682434,0.3408259153366089,4.734572887420654,3.216256856918335,0.4897959232330322,0.9030612111091614,0.9353741407394409,6.054498195648193,0.004978484008461237,0.01419592509046197
430,1.0088186264038086,40.9040641784668,0.5671238303184509,0.3408353328704834,4.734550476074219,3.2162528038024902,0.4897959232330322,0.9030612111091614,0.9353741407394409,6.054443359375,0.005020153243094683,0.014209335204213858
431,1.0088086128234863,40.94169998168945,0.567240834236145,0.34084466099739075,4.7345290184021,3.216248035430908,0.4897959232330322,0.9030612111091614,0.9353741407394409,6.054388523101807,0.004977902863174677,0.014160454738885164
432,1.0087984800338745,40.97929000854492,0.5673575401306152,0.3408539891242981,4.734506130218506,3.2162437438964844,0.4897959232330322,0.9030612111091614,0.9353741407394409,6.054333686828613,0.0049606142565608025,0.01419263519346714
433,1.0087883472442627,41.01682662963867,0.5674737691879272,0.34086328744888306,4.734484672546387,3.2162394523620605,0.4897959232330322,0.9030612111091614,0.9353741407394409,6.054279327392578,0.0049890330992639065,0.014181674923747778
434,1.0087782144546509,41.05431365966797,0.5675897598266602,0.34087255597114563,4.734462261199951,3.2162351608276367,0.4897959232330322,0.9030612111091614,0.9353741407394409,6.054224967956543,0.005006213206797838,0.014180505182594061
435,1.0087683200836182,41.09175109863281,0.5677053332328796,0.3408818244934082,4.734440803527832,3.216230630874634,0.4897959232330322,0.9030612111091614,0.9353741407394409,6.054171085357666,0.004974644165486097,0.01450643315911293
436,1.0087584257125854,41.1291389465332,0.5678205490112305,0.340891033411026,4.734419345855713,3.216226100921631,0.4897959232330322,0.9030612111091614,0.9353741407394409,6.0541181564331055,0.004987282678484917,0.01419216487556696
437,1.0087485313415527,41.166481018066406,0.5679353475570679,0.3409002423286438,4.7343974113464355,3.216222047805786,0.4897959232330322,0.9030612111091614,0.9353741407394409,6.054064750671387,0.00495929317548871,0.014160085003823042
438,1.00873863697052,41.20376968383789,0.5680499076843262,0.3409093916416168,4.734375,3.2162179946899414,0.4897959232330322,0.9030612111091614,0.9353741407394409,6.054011821746826,0.004965412896126509,0.014165694825351238
439,1.0087289810180664,41.24101257324219,0.5681639909744263,0.34091854095458984,4.734354019165039,3.2162134647369385,0.4897959232330322,0.9030612111091614,0.9353741407394409,6.053959369659424,0.004981482867151499,0.014152234885841608
440,1.0087189674377441,41.27820587158203,0.5682777762413025,0.3409276306629181,4.7343316078186035,3.216209650039673,0.4897959232330322,0.9030612111091614,0.9353741407394409,6.0539069175720215,0.004983472637832165,0.013971826992928982
441,1.0087093114852905,41.31534957885742,0.5683911442756653,0.34093669056892395,4.734311580657959,3.21620512008667,0.4897959232330322,0.9030612111091614,0.9353741407394409,6.0538554191589355,0.004974172916263342,0.014203684870153666
442,1.008699655532837,41.35244369506836,0.5685042142868042,0.3409457206726074,4.73429012298584,3.2162015438079834,0.4897959232330322,0.9030612111091614,0.9353741407394409,6.053803443908691,0.005001513287425041,0.014244205318391323
443,1.0086898803710938,41.38949203491211,0.5686169266700745,0.3409546911716461,4.734269142150879,3.2161972522735596,0.4897959232330322,0.9030612111091614,0.9353741407394409,6.0537519454956055,0.004924693610519171,0.014096095692366362
444,1.0086803436279297,41.426490783691406,0.5687292814254761,0.3409636914730072,4.734248161315918,3.216193675994873,0.4897959232330322,0.9030612111091614,0.9353741407394409,6.0537004470825195,0.0050559332594275475,0.014220484998077154
445,1.0086708068847656,41.46343994140625,0.5688413381576538,0.3409726023674011,4.734227180480957,3.216189384460449,0.4897959232330322,0.9030612111091614,0.9353741407394409,6.053649425506592,0.005097192246466875,0.014246704056859016
446,1.0086612701416016,41.500343322753906,0.5689529776573181,0.34098154306411743,4.734206199645996,3.2161855697631836,0.4897959232330322,0.9030612111091614,0.9353741407394409,6.053598880767822,0.005054671783000231,0.014245823957026005
447,1.0086517333984375,41.53719711303711,0.5690643191337585,0.34099042415618896,4.734186172485352,3.216181993484497,0.4897959232330322,0.9030612111091614,0.9336734414100647,6.053548812866211,0.005051183048635721,0.01424775505438447
448,1.0086421966552734,41.57400894165039,0.5691753029823303,0.3409992754459381,4.734165668487549,3.2161777019500732,0.4897959232330322,0.9030612111091614,0.9336734414100647,6.0534987449646,0.005278171040117741,0.01466776104643941
449,1.008632779121399,41.61077117919922,0.5692859292030334,0.3410080373287201,4.734145164489746,3.2161741256713867,0.488095223903656,0.9030612111091614,0.9336734414100647,6.053449630737305,0.005284180864691734,0.01473927078768611
450,1.008623480796814,41.647483825683594,0.5693961977958679,0.34101685881614685,4.734125137329102,3.216170072555542,0.488095223903656,0.9030612111091614,0.9336734414100647,6.053399562835693,0.005172622390091419,0.014174885116517544
451,1.0086140632629395,41.68415451049805,0.5695061683654785,0.3410256505012512,4.734104156494141,3.2161662578582764,0.488095223903656,0.9030612111091614,0.9336734414100647,6.053350448608398,0.005027982871979475,0.014039205852895975
452,1.0086047649383545,41.72077560424805,0.5696157217025757,0.3410344421863556,4.734084129333496,3.21616268157959,0.488095223903656,0.9030612111091614,0.9336734414100647,6.0533013343811035,0.004963033366948366,0.013960147276520729
453,1.0085954666137695,41.757347106933594,0.5697249174118042,0.3410431444644928,4.73406457901001,3.216158628463745,0.488095223903656,0.9030612111091614,0.9336734414100647,6.053253173828125,0.0049711428582668304,0.013977836817502975
454,1.0085861682891846,41.79387664794922,0.5698338150978088,0.3410518169403076,4.734044075012207,3.2161550521850586,0.488095223903656,0.9030612111091614,0.9336734414100647,6.05320405960083,0.005067802034318447,0.014282403979450464
455,1.0085769891738892,41.830360412597656,0.5699423551559448,0.34106045961380005,4.734024524688721,3.216151714324951,0.488095223903656,0.9030612111091614,0.9336734414100647,6.053155422210693,0.004965032916516066,0.014104704838246107
456,1.0085678100585938,41.86679458618164,0.5700505375862122,0.3410690426826477,4.734004497528076,3.2161481380462646,0.488095223903656,0.9030612111091614,0.9336734414100647,6.053108215332031,0.005008712876588106,0.01421748474240303
457,1.008558750152588,41.9031867980957,0.5701583623886108,0.341077595949173,4.733985424041748,3.21614408493042,0.488095223903656,0.9030612111091614,0.9336734414100647,6.053060531616211,0.004998962860554457,0.014174284879118204
458,1.0085495710372925,41.93953323364258,0.5702658891677856,0.34108614921569824,4.7339653968811035,3.2161407470703125,0.488095223903656,0.9030612111091614,0.9336734414100647,6.053012847900391,0.004972553811967373,0.013965736608952284
459,1.0085405111312866,41.975833892822266,0.570372998714447,0.3410946726799011,4.733945846557617,3.216136932373047,0.488095223903656,0.9030612111091614,0.9336734414100647,6.052966594696045,0.0049516730941832066,0.013965947087854147
460,1.0085313320159912,42.012088775634766,0.5704798698425293,0.3411032259464264,4.733926773071289,3.2161335945129395,0.488095223903656,0.9030612111091614,0.9336734414100647,6.052919387817383,0.004962543025612831,0.014206245075911283
461,1.0085225105285645,42.048301696777344,0.5705862641334534,0.34111177921295166,4.733907699584961,3.216130256652832,0.488095223903656,0.9030612111091614,0.9336734414100647,6.052873134613037,0.0049507832154631615,0.01395194698125124
462,1.0085135698318481,42.08446502685547,0.5706924200057983,0.34112027287483215,4.733888626098633,3.2161262035369873,0.4863945543766022,0.9030612111091614,0.9336734414100647,6.052826404571533,0.004946223925799131,0.013919816818088293
463,1.0085046291351318,42.12058639526367,0.5707982182502747,0.34112873673439026,4.733869552612305,3.216123104095459,0.4863945543766022,0.9030612111091614,0.9336734414100647,6.052780628204346,0.004918423015624285,0.013932386878877878
464,1.008495807647705,42.15666580200195,0.5709036588668823,0.3411371409893036,4.733850479125977,3.2161200046539307,0.48469388484954834,0.9030612111091614,0.9336734414100647,6.052734375,0.004923003260046244,0.013915337156504393
465,1.0084868669509888,42.19269561767578,0.5710088014602661,0.34114548563957214,4.733831405639648,3.216116428375244,0.48469388484954834,0.9030612111091614,0.9336734414100647,6.0526885986328125,0.004916023928672075,0.013938596937805414
466,1.0084781646728516,42.22868728637695,0.5711135864257812,0.3411537706851959,4.7338128089904785,3.2161128520965576,0.48469388484954834,0.9030612111091614,0.9336734414100647,6.0526442527771,0.004919703118503094,0.013951467350125313
467,1.0084692239761353,42.26462936401367,0.5712180137634277,0.3411620855331421,4.733794689178467,3.2161097526550293,0.48469388484954834,0.9030612111091614,0.9336734414100647,6.0525994300842285,0.004923613741993904,0.013944856822490692
468,1.008460521697998,42.300533294677734,0.5713222026824951,0.34117037057876587,4.733775615692139,3.216106414794922,0.48469388484954834,0.9030612111091614,0.9336734414100647,6.052554130554199,0.005049142055213451,0.01418526517227292
469,1.0084518194198608,42.336387634277344,0.5714259743690491,0.34117868542671204,4.733757019042969,3.2161030769348145,0.48469388484954834,0.9030612111091614,0.9336734414100647,6.052509784698486,0.0049122837372124195,0.013940797187387943
470,1.0084431171417236,42.3722038269043,0.5715295076370239,0.3411869406700134,4.733738899230957,3.216099977493286,0.48469388484954834,0.9030612111091614,0.9336734414100647,6.052464962005615,0.004916034173220396,0.013915167190134525
471,1.0084344148635864,42.40797424316406,0.5716327428817749,0.3411951959133148,4.733720302581787,3.2160961627960205,0.48469388484954834,0.9030612111091614,0.9336734414100647,6.0524210929870605,0.0049258130602538586,0.013941756915301085
472,1.0084259510040283,42.44369888305664,0.5717355608940125,0.3412034511566162,4.733702182769775,3.2160937786102295,0.48469388484954834,0.9030612111091614,0.9336734414100647,6.052377700805664,0.0049049039371311665,0.013893347699195147
473,1.0084171295166016,42.47938537597656,0.5718381404876709,0.34121155738830566,4.7336835861206055,3.216090440750122,0.4863945543766022,0.9030612111091614,0.9336734414100647,6.052333831787109,0.0052524106577038765,0.0142280338332057
474,1.008408546447754,42.5150260925293,0.5719403624534607,0.3412196934223175,4.73366641998291,3.2160873413085938,0.4863945543766022,0.9030612111091614,0.9336734414100647,6.052290916442871,0.004921493120491505,0.013967636041343212
475,1.0084002017974854,42.550628662109375,0.5720422863960266,0.3412277400493622,4.733648777008057,3.2160844802856445,0.4863945543766022,0.9030612111091614,0.9336734414100647,6.052248001098633,0.004942783620208502,0.013979637064039707
476,1.0083916187286377,42.586181640625,0.5721438527107239,0.34123581647872925,4.733630657196045,3.216081380844116,0.4863945543766022,0.9030612111091614,0.9336734414100647,6.052205562591553,0.004945552907884121,0.014240013901144266
477,1.0083832740783691,42.62169647216797,0.572245180606842,0.3412438929080963,4.733613014221191,3.216078042984009,0.4863945543766022,0.9030612111091614,0.9336734414100647,6.052162170410156,0.004914172925055027,0.013937237206846476
478,1.0083746910095215,42.65717315673828,0.5723461508750916,0.34125202894210815,4.733595371246338,3.2160751819610596,0.4863945543766022,0.9030612111091614,0.9336734414100647,6.052120208740234,0.004959983751177788,0.013943136669695377
479,1.0083662271499634,42.69260025024414,0.5724468231201172,0.34126001596450806,4.733577728271484,3.216071844100952,0.4863945543766022,0.9030612111091614,0.9336734414100647,6.0520782470703125,0.004906022921204567,0.013905616942793131
480,1.0083580017089844,42.727989196777344,0.5725471377372742,0.34126803278923035,4.733560562133789,3.216069221496582,0.4863945543766022,0.9030612111091614,0.9336734414100647,6.052035808563232,0.004936243873089552,0.014037035871297121
481,1.0083496570587158,42.76333999633789,0.5726470947265625,0.34127601981163025,4.7335429191589355,3.216066360473633,0.4863945543766022,0.9030612111091614,0.9336734414100647,6.051994800567627,0.004916303791105747,0.013943666592240334
482,1.0083413124084473,42.798641204833984,0.5727468132972717,0.341283917427063,4.733525276184082,3.2160637378692627,0.4863945543766022,0.9030612111091614,0.9336734414100647,6.051952838897705,0.004897303879261017,0.014192434959113598
483,1.0083329677581787,42.83390808105469,0.5728461742401123,0.3412918150424957,4.733508110046387,3.2160606384277344,0.4863945543766022,0.9030612111091614,0.9336734414100647,6.051912307739258,0.004904293920844793,0.014034725725650787
484,1.0083247423171997,42.8691291809082,0.5729451775550842,0.34129974246025085,4.733491897583008,3.216057538986206,0.4863945543766022,0.9030612111091614,0.9336734414100647,6.051871299743652,0.005516299046576023,0.014778891112655401
485,1.0083165168762207,42.90431213378906,0.5730438232421875,0.341307669878006,4.733473777770996,3.216054916381836,0.4863945543766022,0.9030612111091614,0.9336734414100647,6.051830291748047,0.005030893255025148,0.014315824955701828
486,1.0083084106445312,42.939453125,0.5731422305107117,0.3413155674934387,4.733457565307617,3.2160520553588867,0.4863945543766022,0.9030612111091614,0.9336734414100647,6.0517897605896,0.005009432788938284,0.014295433647930622
487,1.0083001852035522,42.974552154541016,0.5732402801513672,0.3413234055042267,4.733441352844238,3.2160491943359375,0.4863945543766022,0.9030612111091614,0.9336734414100647,6.051750183105469,0.004996343050152063,0.014287753961980343
488,1.0082920789718628,43.009613037109375,0.5733380317687988,0.34133121371269226,4.733424186706543,3.2160465717315674,0.4863945543766022,0.9030612111091614,0.9336734414100647,6.05171012878418,0.005126311909407377,0.014382573775947094
489,1.0082838535308838,43.04463577270508,0.5734354853630066,0.34133896231651306,4.7334065437316895,3.2160439491271973,0.4863945543766022,0.9030612111091614,0.9336734414100647,6.051670074462891,0.005036563146859407,0.014040215872228146
490,1.0082759857177734,43.079612731933594,0.5735325813293457,0.3413466215133667,4.733390808105469,3.216041088104248,0.4863945543766022,0.9030612111091614,0.9336734414100647,6.051630973815918,0.005071183200925589,0.014337393920868635
491,1.008267879486084,43.11455535888672,0.5736293792724609,0.3413543105125427,4.733374118804932,3.216038465499878,0.4863945543766022,0.9030612111091614,0.9336734414100647,6.051591396331787,0.005025162827223539,0.014040865935385227
492,1.008259892463684,43.149452209472656,0.5737258791923523,0.34136202931404114,4.733358383178711,3.216036081314087,0.4863945543766022,0.9030612111091614,0.9336734414100647,6.051552772521973,0.0050391219556331635,0.014316644053906202
493,1.0082519054412842,43.18431091308594,0.5738220810890198,0.34136971831321716,4.733342170715332,3.2160332202911377,0.4863945543766022,0.9030612111091614,0.9336734414100647,6.051513671875,0.005034093279391527,0.014379964210093021
494,1.0082440376281738,43.21913146972656,0.5739179849624634,0.3413774073123932,4.733325958251953,3.2160308361053467,0.4863945543766022,0.9030612111091614,0.9336734414100647,6.0514750480651855,0.005256501026451588,0.014289685059338808
495,1.008236050605774,43.253910064697266,0.5740135908126831,0.3413851261138916,4.733309268951416,3.2160279750823975,0.4863945543766022,0.9030612111091614,0.9336734414100647,6.051436424255371,0.004988152999430895,0.014012865722179413
496,1.008228063583374,43.28865051269531,0.5741089582443237,0.34139278531074524,4.7332940101623535,3.2160255908966064,0.4863945543766022,0.9030612111091614,0.9336734414100647,6.051398754119873,0.005051803309470415,0.01404578611254692
497,1.0082201957702637,43.32335662841797,0.5742039084434509,0.3414003849029541,4.733277320861816,3.2160229682922363,0.4863945543766022,0.9030612111091614,0.9336734414100647,6.051360130310059,0.005008043255656958,0.014006737153977156
498,1.0082123279571533,43.35801696777344,0.5742986798286438,0.3414079248905182,4.733261585235596,3.2160205841064453,0.4863945543766022,0.9030612111091614,0.9336734414100647,6.051323413848877,0.005012292880564928,0.013997317291796207
499,1.0082045793533325,43.392642974853516,0.5743931531906128,0.3414154052734375,4.733246326446533,3.216017961502075,0.4863945543766022,0.9030612111091614,0.9336734414100647,6.051285743713379,0.0050379429012537,0.014046056661754847
