iteration,loss,lengthscale,likelyhood_noise,val_MAE,val_NLL,val_PICP50,val_PICP90,val_PICP95,val_RMSE,it_time_training,it_time
0,1.4280600547790527,3.180610179901123,0.3883901536464691,6.422300338745117,3.559554100036621,0.6263830065727234,0.947234034538269,0.9821276664733887,8.216479301452637,0.22720104595646262,0.26922744791954756
1,1.3825783729553223,3.3497776985168457,0.16222251951694489,6.334005355834961,3.5081307888031006,0.5548936128616333,0.9225531816482544,0.9599999785423279,8.085360527038574,0.0220134099945426,0.03607365908101201
2,1.3522789478302002,3.9679343700408936,0.14353279769420624,5.793885707855225,3.4238052368164062,0.5727659463882446,0.9395744800567627,0.967659592628479,7.454399585723877,0.030133401975035667,0.043866568710654974
3,1.2811081409454346,5.762075424194336,0.14032557606697083,5.59583854675293,3.402848958969116,0.5072340369224548,0.9063829779624939,0.9480851292610168,7.230273246765137,0.020000286865979433,0.033050416968762875
4,1.2524152994155884,8.318000793457031,0.4685158431529999,5.34251070022583,3.374833822250366,0.6323404312133789,0.9651063680648804,0.9855319261550903,6.861473560333252,0.01943275285884738,0.03237502183765173
5,1.2270715236663818,8.033060073852539,0.3059995174407959,5.371695518493652,3.3452415466308594,0.5531914830207825,0.9387233853340149,0.968510627746582,6.909328460693359,0.01960403425619006,0.03263254323974252
6,1.2021554708480835,9.554290771484375,0.30412718653678894,5.2974629402160645,3.3239431381225586,0.5336170196533203,0.9285106658935547,0.9617021083831787,6.7816009521484375,0.01957313623279333,0.031546499114483595
7,1.1796056032180786,17.65842628479004,0.46116557717323303,4.947881698608398,3.2686574459075928,0.5770213007926941,0.9523404240608215,0.9727659821510315,6.227777481079102,0.018365493044257164,0.030421962961554527
8,1.1308865547180176,19.78195571899414,0.38187551498413086,4.914860248565674,3.2469558715820312,0.5344681143760681,0.9387233853340149,0.9634042382240295,6.182872772216797,0.019043047912418842,0.031079467851668596
9,1.115441083908081,23.027179718017578,0.3714817762374878,4.870947360992432,3.237009286880493,0.5208510756492615,0.936170220375061,0.9608510732650757,6.122008800506592,0.018740945030003786,0.030490645673125982
10,1.109368085861206,27.406797409057617,0.3912559151649475,4.834738254547119,3.2306969165802,0.5225532054901123,0.9378723502159119,0.9617021083831787,6.07298469543457,0.019206054974347353,0.031246300786733627
11,1.104537010192871,30.988235473632812,0.4020671546459198,4.818422317504883,3.2282252311706543,0.5191489458084106,0.936170220375061,0.9617021083831787,6.054880142211914,0.01940142596140504,0.031637140084058046
12,1.1021677255630493,34.51321029663086,0.40700215101242065,4.809238433837891,3.2268407344818115,0.5217021107673645,0.9344680905342102,0.9617021083831787,6.047996997833252,0.018945559859275818,0.030513694044202566
13,1.1000497341156006,40.134456634521484,0.41058093309402466,4.803970813751221,3.226435661315918,0.5148935914039612,0.936170220375061,0.9617021083831787,6.050380706787109,0.018973735626786947,0.031018757726997137
14,1.095715045928955,57.237762451171875,0.41239508986473083,4.836380958557129,3.237358808517456,0.5225532054901123,0.9319148659706116,0.957446813583374,6.131387233734131,0.018789774738252163,0.030341658741235733
15,1.0855259895324707,56.4454345703125,0.408540815114975,4.82040548324585,3.2329812049865723,0.516595721244812,0.9302127957344055,0.957446813583374,6.104885101318359,0.018912386149168015,0.030306356959044933
16,1.0840580463409424,61.18915939331055,0.40209510922431946,4.8199543952941895,3.233334541320801,0.515744686126709,0.9310638308525085,0.9565957188606262,6.109752178192139,0.018934929743409157,0.030398861970752478
17,1.0819039344787598,70.31339263916016,0.4048331081867218,4.823030948638916,3.235610246658325,0.5080851316452026,0.9319148659706116,0.9540425539016724,6.123079776763916,0.019002542831003666,0.03043862571939826
18,1.0804756879806519,73.7061996459961,0.4072396159172058,4.821329593658447,3.235257863998413,0.5123404264450073,0.9310638308525085,0.9548935890197754,6.121239185333252,0.018973917700350285,0.03024955466389656
19,1.0801286697387695,86.34754180908203,0.41110873222351074,4.820669651031494,3.2352375984191895,0.5131914615631104,0.9285106658935547,0.9548935890197754,6.123052597045898,0.018929712008684874,0.030225350987166166
20,1.0793323516845703,97.12862396240234,0.4112134873867035,4.823738098144531,3.235661029815674,0.5131914615631104,0.9268085360527039,0.9540425539016724,6.1276535987854,0.01912222197279334,0.03053256869316101
21,1.0789462327957153,106.41492462158203,0.4110933840274811,4.827515125274658,3.2363011837005615,0.5131914615631104,0.9268085360527039,0.9523404240608215,6.1327290534973145,0.019203389063477516,0.0305506051518023
22,1.0788071155548096,111.78079223632812,0.4112686514854431,4.829413414001465,3.236623525619507,0.5114893913269043,0.925957441329956,0.9523404240608215,6.135140419006348,0.01926717394962907,0.030527301132678986
23,1.0787791013717651,114.8984375,0.41152864694595337,4.83025598526001,3.236767053604126,0.5106382966041565,0.925957441329956,0.9514893889427185,6.136187553405762,0.019327367190271616,0.030665256083011627
24,1.0787694454193115,116.79542541503906,0.41155770421028137,4.83058500289917,3.2368030548095703,0.5097872614860535,0.925957441329956,0.9514893889427185,6.1365461349487305,0.019380067940801382,0.03065697615966201
25,1.0787477493286133,124.95447540283203,0.41169074177742004,4.831357955932617,3.236786365509033,0.5097872614860535,0.925957441329956,0.9523404240608215,6.136886119842529,0.019283105619251728,0.030492582824081182
26,1.07859206199646,184.07020568847656,0.4106155335903168,4.819326400756836,3.231813669204712,0.5140425562858582,0.9276595711708069,0.9531915187835693,6.1042914390563965,0.054383459966629744,0.06565425917506218
27,1.0757133960723877,186.61012268066406,0.41027989983558655,4.819700241088867,3.2317585945129395,0.5140425562858582,0.9276595711708069,0.9540425539016724,6.103973865509033,0.03717735316604376,0.04844775702804327
28,1.0756572484970093,198.3458709716797,0.4072345793247223,4.8232855796813965,3.2321019172668457,0.5114893913269043,0.925957441329956,0.9531915187835693,6.108250141143799,0.028886904008686543,0.040269027929753065
29,1.074735164642334,201.93325805664062,0.40712761878967285,4.824905872344971,3.232668876647949,0.5131914615631104,0.9242553114891052,0.9531915187835693,6.111550331115723,0.020268274005502462,0.03168855933472514
30,1.0746954679489136,207.05618286132812,0.4069845974445343,4.82601261138916,3.233002185821533,0.5140425562858582,0.9242553114891052,0.9523404240608215,6.113574028015137,0.02020677411928773,0.03149349521845579
31,1.0746841430664062,213.43675231933594,0.40696561336517334,4.826706409454346,3.2331576347351074,0.5140425562858582,0.9242553114891052,0.9523404240608215,6.1145853996276855,0.020227757282555103,0.03165007522329688
32,1.074675440788269,239.5679168701172,0.40709301829338074,4.828540802001953,3.23348069190979,0.5131914615631104,0.9242553114891052,0.9523404240608215,6.116827011108398,0.020669574849307537,0.032271111849695444
33,1.0746471881866455,271.0274353027344,0.40736833214759827,4.829781532287598,3.2336106300354004,0.5131914615631104,0.9242553114891052,0.9523404240608215,6.117908954620361,0.020552143920212984,0.03205021005123854
34,1.0746228694915771,308.7799987792969,0.407654732465744,4.830700397491455,3.233665704727173,0.5114893913269043,0.925106406211853,0.9523404240608215,6.118520736694336,0.02105824463069439,0.032834517769515514
35,1.074607253074646,344.1114807128906,0.4078294634819031,4.831384181976318,3.2337334156036377,0.5114893913269043,0.925106406211853,0.9531915187835693,6.119116306304932,0.02067128987982869,0.03209262480959296
36,1.0746006965637207,384.1607666015625,0.4079359769821167,4.832064151763916,3.2338356971740723,0.5114893913269043,0.9242553114891052,0.9531915187835693,6.1198835372924805,0.020338097121566534,0.03188668005168438
37,1.074596643447876,431.3697509765625,0.4079655408859253,4.832727909088135,3.233956813812256,0.5114893913269043,0.9242553114891052,0.9531915187835693,6.120751857757568,0.021115196868777275,0.0323942587710917
38,1.0745937824249268,480.8746032714844,0.40803468227386475,4.833254337310791,3.234062671661377,0.5106382966041565,0.9242553114891052,0.9523404240608215,6.121471405029297,0.0208461731672287,0.032393259927630424
39,1.0745923519134521,528.5106201171875,0.4080660343170166,4.83361291885376,3.2341301441192627,0.5106382966041565,0.9234042763710022,0.9514893889427185,6.121949195861816,0.02108194585889578,0.03253105375915766
40,1.0745916366577148,576.4775390625,0.40809890627861023,4.833868026733398,3.2341721057891846,0.5097872614860535,0.9234042763710022,0.9514893889427185,6.122259140014648,0.02130971709266305,0.032731634099036455
41,1.0745912790298462,622.9247436523438,0.4081263244152069,4.834046840667725,3.2341971397399902,0.5097872614860535,0.9234042763710022,0.9514893889427185,6.1224589347839355,0.02111509209498763,0.03256362630054355
42,1.074591040611267,622.9247436523438,0.4081263244152069,4.834046840667725,3.2341971397399902,0.5097872614860535,0.9234042763710022,0.9514893889427185,6.1224589347839355,0.12775475485250354,0.13914668001234531
43,1.074591040611267,622.9247436523438,0.4081263244152069,4.834046840667725,3.2341971397399902,0.5097872614860535,0.9234042763710022,0.9514893889427185,6.1224589347839355,0.12584312725812197,0.1371283014304936
44,1.074591040611267,622.9247436523438,0.4081263244152069,4.834046840667725,3.2341971397399902,0.5097872614860535,0.9234042763710022,0.9514893889427185,6.1224589347839355,0.12437355471774936,0.13545526983216405
45,1.074591040611267,622.9247436523438,0.4081263244152069,4.834046840667725,3.2341971397399902,0.5097872614860535,0.9234042763710022,0.9514893889427185,6.1224589347839355,0.1239952789619565,0.13537683663889766
46,1.074591040611267,622.9247436523438,0.4081263244152069,4.834046840667725,3.2341971397399902,0.5097872614860535,0.9234042763710022,0.9514893889427185,6.1224589347839355,0.12289317883551121,0.13401971384882927
47,1.074591040611267,622.9247436523438,0.4081263244152069,4.834046840667725,3.2341971397399902,0.5097872614860535,0.9234042763710022,0.9514893889427185,6.1224589347839355,0.12492103269323707,0.13613998889923096
48,1.074591040611267,622.9247436523438,0.4081263244152069,4.834046840667725,3.2341971397399902,0.5097872614860535,0.9234042763710022,0.9514893889427185,6.1224589347839355,0.12527221208438277,0.13657885929569602
49,1.074591040611267,622.9247436523438,0.4081263244152069,4.834046840667725,3.2341971397399902,0.5097872614860535,0.9234042763710022,0.9514893889427185,6.1224589347839355,0.12549550225958228,0.13682790519669652
50,1.074591040611267,622.9247436523438,0.4081263244152069,4.834046840667725,3.2341971397399902,0.5097872614860535,0.9234042763710022,0.9514893889427185,6.1224589347839355,0.12845775205641985,0.1399574689567089
51,1.074591040611267,622.9247436523438,0.4081263244152069,4.834046840667725,3.2341971397399902,0.5097872614860535,0.9234042763710022,0.9514893889427185,6.1224589347839355,0.1293947957456112,0.14093025354668498
52,1.074591040611267,622.9247436523438,0.4081263244152069,4.834046840667725,3.2341971397399902,0.5097872614860535,0.9234042763710022,0.9514893889427185,6.1224589347839355,0.13046335009858012,0.14205781184136868
53,1.074591040611267,622.9247436523438,0.4081263244152069,4.834046840667725,3.2341971397399902,0.5097872614860535,0.9234042763710022,0.9514893889427185,6.1224589347839355,0.12991990521550179,0.1416035289876163
54,1.074591040611267,622.9247436523438,0.4081263244152069,4.834046840667725,3.2341971397399902,0.5097872614860535,0.9234042763710022,0.9514893889427185,6.1224589347839355,0.13019003625959158,0.14170918008312583
55,1.074591040611267,622.9247436523438,0.4081263244152069,4.834046840667725,3.2341971397399902,0.5097872614860535,0.9234042763710022,0.9514893889427185,6.1224589347839355,0.13083264883607626,0.14210498379543424
56,1.074591040611267,622.9247436523438,0.4081263244152069,4.834046840667725,3.2341971397399902,0.5097872614860535,0.9234042763710022,0.9514893889427185,6.1224589347839355,0.12623267294839025,0.13748436700552702
57,1.074591040611267,622.9247436523438,0.4081263244152069,4.834046840667725,3.2341971397399902,0.5097872614860535,0.9234042763710022,0.9514893889427185,6.1224589347839355,0.12625869223847985,0.1376952789723873
58,1.074591040611267,622.9247436523438,0.4081263244152069,4.834046840667725,3.2341971397399902,0.5097872614860535,0.9234042763710022,0.9514893889427185,6.1224589347839355,0.1237940639257431,0.13492403225973248
59,1.074591040611267,622.9247436523438,0.4081263244152069,4.834046840667725,3.2341971397399902,0.5097872614860535,0.9234042763710022,0.9514893889427185,6.1224589347839355,0.12232703529298306,0.13346957927569747
60,1.074591040611267,622.9247436523438,0.4081263244152069,4.834046840667725,3.2341971397399902,0.5097872614860535,0.9234042763710022,0.9514893889427185,6.1224589347839355,0.12240982800722122,0.13356568478047848
61,1.074591040611267,622.9247436523438,0.4081263244152069,4.834046840667725,3.2341971397399902,0.5097872614860535,0.9234042763710022,0.9514893889427185,6.1224589347839355,0.12260877387598157,0.13378942292183638
62,1.074591040611267,622.9247436523438,0.4081263244152069,4.834046840667725,3.2341971397399902,0.5097872614860535,0.9234042763710022,0.9514893889427185,6.1224589347839355,0.12426160601899028,0.13582003396004438
63,1.074591040611267,622.9247436523438,0.4081263244152069,4.834046840667725,3.2341971397399902,0.5097872614860535,0.9234042763710022,0.9514893889427185,6.1224589347839355,0.12648163130506873,0.13800037885084748
64,1.074591040611267,622.9247436523438,0.4081263244152069,4.834046840667725,3.2341971397399902,0.5097872614860535,0.9234042763710022,0.9514893889427185,6.1224589347839355,0.1278258292004466,0.13922132411971688
65,1.074591040611267,622.9247436523438,0.4081263244152069,4.834046840667725,3.2341971397399902,0.5097872614860535,0.9234042763710022,0.9514893889427185,6.1224589347839355,0.12887704791501164,0.14024042198434472
66,1.074591040611267,622.9247436523438,0.4081263244152069,4.834046840667725,3.2341971397399902,0.5097872614860535,0.9234042763710022,0.9514893889427185,6.1224589347839355,0.13064610213041306,0.1421421580016613
67,1.074591040611267,622.9247436523438,0.4081263244152069,4.834046840667725,3.2341971397399902,0.5097872614860535,0.9234042763710022,0.9514893889427185,6.1224589347839355,0.1312858541496098,0.14280214300379157
68,1.074591040611267,622.9247436523438,0.4081263244152069,4.834046840667725,3.2341971397399902,0.5097872614860535,0.9234042763710022,0.9514893889427185,6.1224589347839355,0.13272944604977965,0.14435481373220682
69,1.074591040611267,622.9247436523438,0.4081263244152069,4.834046840667725,3.2341971397399902,0.5097872614860535,0.9234042763710022,0.9514893889427185,6.1224589347839355,0.12998194387182593,0.1412847200408578
70,1.074591040611267,622.9247436523438,0.4081263244152069,4.834046840667725,3.2341971397399902,0.5097872614860535,0.9234042763710022,0.9514893889427185,6.1224589347839355,0.12602668395265937,0.13759365398436785
71,1.074591040611267,622.9247436523438,0.4081263244152069,4.834046840667725,3.2341971397399902,0.5097872614860535,0.9234042763710022,0.9514893889427185,6.1224589347839355,0.12771848076954484,0.13901500683277845
72,1.074591040611267,622.9247436523438,0.4081263244152069,4.834046840667725,3.2341971397399902,0.5097872614860535,0.9234042763710022,0.9514893889427185,6.1224589347839355,0.12989566521719098,0.14160559000447392
73,1.074591040611267,622.9247436523438,0.4081263244152069,4.834046840667725,3.2341971397399902,0.5097872614860535,0.9234042763710022,0.9514893889427185,6.1224589347839355,0.13076919317245483,0.1422067377716303
74,1.074591040611267,622.9247436523438,0.4081263244152069,4.834046840667725,3.2341971397399902,0.5097872614860535,0.9234042763710022,0.9514893889427185,6.1224589347839355,0.12823373498395085,0.13988947309553623
75,1.074591040611267,622.9247436523438,0.4081263244152069,4.834046840667725,3.2341971397399902,0.5097872614860535,0.9234042763710022,0.9514893889427185,6.1224589347839355,0.12699470622465014,0.13835450634360313
76,1.074591040611267,622.9247436523438,0.4081263244152069,4.834046840667725,3.2341971397399902,0.5097872614860535,0.9234042763710022,0.9514893889427185,6.1224589347839355,0.12593589769676328,0.13735706871375442
77,1.074591040611267,622.9247436523438,0.4081263244152069,4.834046840667725,3.2341971397399902,0.5097872614860535,0.9234042763710022,0.9514893889427185,6.1224589347839355,0.1288451086729765,0.14009574986994267
78,1.074591040611267,622.9247436523438,0.4081263244152069,4.834046840667725,3.2341971397399902,0.5097872614860535,0.9234042763710022,0.9514893889427185,6.1224589347839355,0.12984477309510112,0.141825120896101
79,1.074591040611267,622.9247436523438,0.4081263244152069,4.834046840667725,3.2341971397399902,0.5097872614860535,0.9234042763710022,0.9514893889427185,6.1224589347839355,0.12765532406046987,0.1390703092329204
80,1.074591040611267,622.9247436523438,0.4081263244152069,4.834046840667725,3.2341971397399902,0.5097872614860535,0.9234042763710022,0.9514893889427185,6.1224589347839355,0.12931046402081847,0.14049988286569715
81,1.074591040611267,622.9247436523438,0.4081263244152069,4.834046840667725,3.2341971397399902,0.5097872614860535,0.9234042763710022,0.9514893889427185,6.1224589347839355,0.12385490396991372,0.13533802097663283
82,1.074591040611267,622.9247436523438,0.4081263244152069,4.834046840667725,3.2341971397399902,0.5097872614860535,0.9234042763710022,0.9514893889427185,6.1224589347839355,0.1252543074078858,0.13640392431989312
83,1.074591040611267,622.9247436523438,0.4081263244152069,4.834046840667725,3.2341971397399902,0.5097872614860535,0.9234042763710022,0.9514893889427185,6.1224589347839355,0.12311126384884119,0.1343257580883801
84,1.074591040611267,622.9247436523438,0.4081263244152069,4.834046840667725,3.2341971397399902,0.5097872614860535,0.9234042763710022,0.9514893889427185,6.1224589347839355,0.12659203121438622,0.13782809535041451
85,1.074591040611267,622.9247436523438,0.4081263244152069,4.834046840667725,3.2341971397399902,0.5097872614860535,0.9234042763710022,0.9514893889427185,6.1224589347839355,0.1313728499226272,0.14289444498717785
86,1.074591040611267,622.9247436523438,0.4081263244152069,4.834046840667725,3.2341971397399902,0.5097872614860535,0.9234042763710022,0.9514893889427185,6.1224589347839355,0.1323652002029121,0.14405153412371874
87,1.074591040611267,622.9247436523438,0.4081263244152069,4.834046840667725,3.2341971397399902,0.5097872614860535,0.9234042763710022,0.9514893889427185,6.1224589347839355,0.1311561232432723,0.14254194404929876
88,1.074591040611267,622.9247436523438,0.4081263244152069,4.834046840667725,3.2341971397399902,0.5097872614860535,0.9234042763710022,0.9514893889427185,6.1224589347839355,0.130683490075171,0.14207697100937366
89,1.074591040611267,622.9247436523438,0.4081263244152069,4.834046840667725,3.2341971397399902,0.5097872614860535,0.9234042763710022,0.9514893889427185,6.1224589347839355,0.13337355805560946,0.14531617518514395
90,1.074591040611267,622.9247436523438,0.4081263244152069,4.834046840667725,3.2341971397399902,0.5097872614860535,0.9234042763710022,0.9514893889427185,6.1224589347839355,0.12956531904637814,0.14094151416793466
91,1.074591040611267,622.9247436523438,0.4081263244152069,4.834046840667725,3.2341971397399902,0.5097872614860535,0.9234042763710022,0.9514893889427185,6.1224589347839355,0.13128962693735957,0.14314473327249289
92,1.074591040611267,622.9247436523438,0.4081263244152069,4.834046840667725,3.2341971397399902,0.5097872614860535,0.9234042763710022,0.9514893889427185,6.1224589347839355,0.1322919731028378,0.14410788705572486
93,1.074591040611267,622.9247436523438,0.4081263244152069,4.834046840667725,3.2341971397399902,0.5097872614860535,0.9234042763710022,0.9514893889427185,6.1224589347839355,0.1287054750137031,0.1400747001171112
94,1.074591040611267,622.9247436523438,0.4081263244152069,4.834046840667725,3.2341971397399902,0.5097872614860535,0.9234042763710022,0.9514893889427185,6.1224589347839355,0.12725340109318495,0.13856256287544966
95,1.074591040611267,622.9247436523438,0.4081263244152069,4.834046840667725,3.2341971397399902,0.5097872614860535,0.9234042763710022,0.9514893889427185,6.1224589347839355,0.12361400621011853,0.13481013802811503
96,1.074591040611267,622.9247436523438,0.4081263244152069,4.834046840667725,3.2341971397399902,0.5097872614860535,0.9234042763710022,0.9514893889427185,6.1224589347839355,0.1265265983529389,0.13789571123197675
97,1.074591040611267,622.9247436523438,0.4081263244152069,4.834046840667725,3.2341971397399902,0.5097872614860535,0.9234042763710022,0.9514893889427185,6.1224589347839355,0.12787008471786976,0.13921571476384997
98,1.074591040611267,622.9247436523438,0.4081263244152069,4.834046840667725,3.2341971397399902,0.5097872614860535,0.9234042763710022,0.9514893889427185,6.1224589347839355,0.12848407309502363,0.14030426228418946
99,1.074591040611267,622.9247436523438,0.4081263244152069,4.834046840667725,3.2341971397399902,0.5097872614860535,0.9234042763710022,0.9514893889427185,6.1224589347839355,0.1295163780450821,0.1408312190324068
100,1.074591040611267,622.9247436523438,0.4081263244152069,4.834046840667725,3.2341971397399902,0.5097872614860535,0.9234042763710022,0.9514893889427185,6.1224589347839355,0.12898189015686512,0.14040307234972715
101,1.074591040611267,622.9247436523438,0.4081263244152069,4.834046840667725,3.2341971397399902,0.5097872614860535,0.9234042763710022,0.9514893889427185,6.1224589347839355,0.12985936272889376,0.1415285118855536
102,1.074591040611267,622.9247436523438,0.4081263244152069,4.834046840667725,3.2341971397399902,0.5097872614860535,0.9234042763710022,0.9514893889427185,6.1224589347839355,0.12949627730995417,0.14088969491422176
103,1.074591040611267,622.9247436523438,0.4081263244152069,4.834046840667725,3.2341971397399902,0.5097872614860535,0.9234042763710022,0.9514893889427185,6.1224589347839355,0.12748560402542353,0.1386712770909071
104,1.074591040611267,622.9247436523438,0.4081263244152069,4.834046840667725,3.2341971397399902,0.5097872614860535,0.9234042763710022,0.9514893889427185,6.1224589347839355,0.12732861330732703,0.13861848739907146
105,1.074591040611267,622.9247436523438,0.4081263244152069,4.834046840667725,3.2341971397399902,0.5097872614860535,0.9234042763710022,0.9514893889427185,6.1224589347839355,0.1259655780158937,0.13740534894168377
106,1.074591040611267,622.9247436523438,0.4081263244152069,4.834046840667725,3.2341971397399902,0.5097872614860535,0.9234042763710022,0.9514893889427185,6.1224589347839355,0.1284889280796051,0.13994122296571732
107,1.074591040611267,622.9247436523438,0.4081263244152069,4.834046840667725,3.2341971397399902,0.5097872614860535,0.9234042763710022,0.9514893889427185,6.1224589347839355,0.13027978222817183,0.14169180113822222
108,1.074591040611267,622.9247436523438,0.4081263244152069,4.834046840667725,3.2341971397399902,0.5097872614860535,0.9234042763710022,0.9514893889427185,6.1224589347839355,0.13118987390771508,0.14259781502187252
109,1.074591040611267,622.9247436523438,0.4081263244152069,4.834046840667725,3.2341971397399902,0.5097872614860535,0.9234042763710022,0.9514893889427185,6.1224589347839355,0.12992720119655132,0.14139116508886218
110,1.074591040611267,622.9247436523438,0.4081263244152069,4.834046840667725,3.2341971397399902,0.5097872614860535,0.9234042763710022,0.9514893889427185,6.1224589347839355,0.13059994066134095,0.14203998679295182
111,1.074591040611267,622.9247436523438,0.4081263244152069,4.834046840667725,3.2341971397399902,0.5097872614860535,0.9234042763710022,0.9514893889427185,6.1224589347839355,0.13027071068063378,0.14157455367967486
112,1.074591040611267,622.9247436523438,0.4081263244152069,4.834046840667725,3.2341971397399902,0.5097872614860535,0.9234042763710022,0.9514893889427185,6.1224589347839355,0.13027346413582563,0.1417556321248412
113,1.074591040611267,622.9247436523438,0.4081263244152069,4.834046840667725,3.2341971397399902,0.5097872614860535,0.9234042763710022,0.9514893889427185,6.1224589347839355,0.1308335568755865,0.14203202817589045
114,1.074591040611267,622.9247436523438,0.4081263244152069,4.834046840667725,3.2341971397399902,0.5097872614860535,0.9234042763710022,0.9514893889427185,6.1224589347839355,0.12974748201668262,0.1411624038591981
115,1.074591040611267,622.9247436523438,0.4081263244152069,4.834046840667725,3.2341971397399902,0.5097872614860535,0.9234042763710022,0.9514893889427185,6.1224589347839355,0.12867124378681183,0.13997875107452273
116,1.074591040611267,622.9247436523438,0.4081263244152069,4.834046840667725,3.2341971397399902,0.5097872614860535,0.9234042763710022,0.9514893889427185,6.1224589347839355,0.12619019160047174,0.13752212468534708
117,1.074591040611267,622.9247436523438,0.4081263244152069,4.834046840667725,3.2341971397399902,0.5097872614860535,0.9234042763710022,0.9514893889427185,6.1224589347839355,0.12652998697012663,0.13773580314591527
118,1.074591040611267,622.9247436523438,0.4081263244152069,4.834046840667725,3.2341971397399902,0.5097872614860535,0.9234042763710022,0.9514893889427185,6.1224589347839355,0.12617711583152413,0.13751063495874405
119,1.074591040611267,622.9247436523438,0.4081263244152069,4.834046840667725,3.2341971397399902,0.5097872614860535,0.9234042763710022,0.9514893889427185,6.1224589347839355,0.12785563012585044,0.13948254473507404
120,1.074591040611267,622.9247436523438,0.4081263244152069,4.834046840667725,3.2341971397399902,0.5097872614860535,0.9234042763710022,0.9514893889427185,6.1224589347839355,0.12814879324287176,0.13943082001060247
121,1.074591040611267,622.9247436523438,0.4081263244152069,4.834046840667725,3.2341971397399902,0.5097872614860535,0.9234042763710022,0.9514893889427185,6.1224589347839355,0.1285716462880373,0.1400841111317277
122,1.074591040611267,622.9247436523438,0.4081263244152069,4.834046840667725,3.2341971397399902,0.5097872614860535,0.9234042763710022,0.9514893889427185,6.1224589347839355,0.12885561026632786,0.14018336217850447
123,1.074591040611267,622.9247436523438,0.4081263244152069,4.834046840667725,3.2341971397399902,0.5097872614860535,0.9234042763710022,0.9514893889427185,6.1224589347839355,0.12996821198612452,0.14169917115941644
124,1.074591040611267,622.9247436523438,0.4081263244152069,4.834046840667725,3.2341971397399902,0.5097872614860535,0.9234042763710022,0.9514893889427185,6.1224589347839355,0.13127814466133714,0.14292371971532702
125,1.074591040611267,622.9247436523438,0.4081263244152069,4.834046840667725,3.2341971397399902,0.5097872614860535,0.9234042763710022,0.9514893889427185,6.1224589347839355,0.13182151317596436,0.1433848710730672
126,1.074591040611267,622.9247436523438,0.4081263244152069,4.834046840667725,3.2341971397399902,0.5097872614860535,0.9234042763710022,0.9514893889427185,6.1224589347839355,0.1308167460374534,0.1423399797640741
127,1.074591040611267,622.9247436523438,0.4081263244152069,4.834046840667725,3.2341971397399902,0.5097872614860535,0.9234042763710022,0.9514893889427185,6.1224589347839355,0.12964829057455063,0.14112830301746726
128,1.074591040611267,622.9247436523438,0.4081263244152069,4.834046840667725,3.2341971397399902,0.5097872614860535,0.9234042763710022,0.9514893889427185,6.1224589347839355,0.12817443860694766,0.13931849459186196
129,1.074591040611267,622.9247436523438,0.4081263244152069,4.834046840667725,3.2341971397399902,0.5097872614860535,0.9234042763710022,0.9514893889427185,6.1224589347839355,0.12751694628968835,0.139092278201133
130,1.074591040611267,622.9247436523438,0.4081263244152069,4.834046840667725,3.2341971397399902,0.5097872614860535,0.9234042763710022,0.9514893889427185,6.1224589347839355,0.1259468630887568,0.13723309710621834
131,1.074591040611267,622.9247436523438,0.4081263244152069,4.834046840667725,3.2341971397399902,0.5097872614860535,0.9234042763710022,0.9514893889427185,6.1224589347839355,0.12941969884559512,0.140831068623811
132,1.074591040611267,622.9247436523438,0.4081263244152069,4.834046840667725,3.2341971397399902,0.5097872614860535,0.9234042763710022,0.9514893889427185,6.1224589347839355,0.12902711937204003,0.1406258111819625
133,1.074591040611267,622.9247436523438,0.4081263244152069,4.834046840667725,3.2341971397399902,0.5097872614860535,0.9234042763710022,0.9514893889427185,6.1224589347839355,0.12616241397336125,0.1372631937265396
134,1.074591040611267,622.9247436523438,0.4081263244152069,4.834046840667725,3.2341971397399902,0.5097872614860535,0.9234042763710022,0.9514893889427185,6.1224589347839355,0.12454447709023952,0.13591213477775455
135,1.074591040611267,622.9247436523438,0.4081263244152069,4.834046840667725,3.2341971397399902,0.5097872614860535,0.9234042763710022,0.9514893889427185,6.1224589347839355,0.12616383517161012,0.137428168207407
136,1.074591040611267,622.9247436523438,0.4081263244152069,4.834046840667725,3.2341971397399902,0.5097872614860535,0.9234042763710022,0.9514893889427185,6.1224589347839355,0.12710091518238187,0.1387461698614061
137,1.074591040611267,622.9247436523438,0.4081263244152069,4.834046840667725,3.2341971397399902,0.5097872614860535,0.9234042763710022,0.9514893889427185,6.1224589347839355,0.12627605395391583,0.13765384489670396
138,1.074591040611267,622.9247436523438,0.4081263244152069,4.834046840667725,3.2341971397399902,0.5097872614860535,0.9234042763710022,0.9514893889427185,6.1224589347839355,0.125978063326329,0.13748748134821653
139,1.074591040611267,622.9247436523438,0.4081263244152069,4.834046840667725,3.2341971397399902,0.5097872614860535,0.9234042763710022,0.9514893889427185,6.1224589347839355,0.12607658607885242,0.13745885621756315
140,1.074591040611267,622.9247436523438,0.4081263244152069,4.834046840667725,3.2341971397399902,0.5097872614860535,0.9234042763710022,0.9514893889427185,6.1224589347839355,0.129115532618016,0.14051550161093473
141,1.074591040611267,622.9247436523438,0.4081263244152069,4.834046840667725,3.2341971397399902,0.5097872614860535,0.9234042763710022,0.9514893889427185,6.1224589347839355,0.1287072147242725,0.14027750678360462
142,1.074591040611267,622.9247436523438,0.4081263244152069,4.834046840667725,3.2341971397399902,0.5097872614860535,0.9234042763710022,0.9514893889427185,6.1224589347839355,0.1275109932757914,0.13921625912189484
143,1.074591040611267,622.9247436523438,0.4081263244152069,4.834046840667725,3.2341971397399902,0.5097872614860535,0.9234042763710022,0.9514893889427185,6.1224589347839355,0.12999940663576126,0.14152571186423302
144,1.074591040611267,622.9247436523438,0.4081263244152069,4.834046840667725,3.2341971397399902,0.5097872614860535,0.9234042763710022,0.9514893889427185,6.1224589347839355,0.129337924066931,0.14085739804431796
145,1.074591040611267,622.9247436523438,0.4081263244152069,4.834046840667725,3.2341971397399902,0.5097872614860535,0.9234042763710022,0.9514893889427185,6.1224589347839355,0.13115587085485458,0.14256107807159424
146,1.074591040611267,622.9247436523438,0.4081263244152069,4.834046840667725,3.2341971397399902,0.5097872614860535,0.9234042763710022,0.9514893889427185,6.1224589347839355,0.126268545165658,0.13766001723706722
147,1.074591040611267,622.9247436523438,0.4081263244152069,4.834046840667725,3.2341971397399902,0.5097872614860535,0.9234042763710022,0.9514893889427185,6.1224589347839355,0.12416024226695299,0.13540041400119662
148,1.074591040611267,622.9247436523438,0.4081263244152069,4.834046840667725,3.2341971397399902,0.5097872614860535,0.9234042763710022,0.9514893889427185,6.1224589347839355,0.12544285925105214,0.13712411699816585
149,1.074591040611267,622.9247436523438,0.4081263244152069,4.834046840667725,3.2341971397399902,0.5097872614860535,0.9234042763710022,0.9514893889427185,6.1224589347839355,0.12319826520979404,0.1344843371771276
150,1.074591040611267,622.9247436523438,0.4081263244152069,4.834046840667725,3.2341971397399902,0.5097872614860535,0.9234042763710022,0.9514893889427185,6.1224589347839355,0.12605649000033736,0.13759297272190452
151,1.074591040611267,622.9247436523438,0.4081263244152069,4.834046840667725,3.2341971397399902,0.5097872614860535,0.9234042763710022,0.9514893889427185,6.1224589347839355,0.12595387501642108,0.13711534487083554
152,1.074591040611267,622.9247436523438,0.4081263244152069,4.834046840667725,3.2341971397399902,0.5097872614860535,0.9234042763710022,0.9514893889427185,6.1224589347839355,0.12629718286916614,0.13763333903625607
153,1.074591040611267,622.9247436523438,0.4081263244152069,4.834046840667725,3.2341971397399902,0.5097872614860535,0.9234042763710022,0.9514893889427185,6.1224589347839355,0.12701105792075396,0.13839629478752613
154,1.074591040611267,622.9247436523438,0.4081263244152069,4.834046840667725,3.2341971397399902,0.5097872614860535,0.9234042763710022,0.9514893889427185,6.1224589347839355,0.12795728305354714,0.13939452124759555
155,1.074591040611267,622.9247436523438,0.4081263244152069,4.834046840667725,3.2341971397399902,0.5097872614860535,0.9234042763710022,0.9514893889427185,6.1224589347839355,0.12761955289170146,0.13908362202346325
156,1.074591040611267,622.9247436523438,0.4081263244152069,4.834046840667725,3.2341971397399902,0.5097872614860535,0.9234042763710022,0.9514893889427185,6.1224589347839355,0.1283566588535905,0.13988888077437878
157,1.074591040611267,622.9247436523438,0.4081263244152069,4.834046840667725,3.2341971397399902,0.5097872614860535,0.9234042763710022,0.9514893889427185,6.1224589347839355,0.12781127588823438,0.13930801302194595
158,1.074591040611267,622.9247436523438,0.4081263244152069,4.834046840667725,3.2341971397399902,0.5097872614860535,0.9234042763710022,0.9514893889427185,6.1224589347839355,0.12834080681204796,0.13991527864709496
159,1.074591040611267,622.9247436523438,0.4081263244152069,4.834046840667725,3.2341971397399902,0.5097872614860535,0.9234042763710022,0.9514893889427185,6.1224589347839355,0.1260533733293414,0.13748035114258528
160,1.074591040611267,622.9247436523438,0.4081263244152069,4.834046840667725,3.2341971397399902,0.5097872614860535,0.9234042763710022,0.9514893889427185,6.1224589347839355,0.12723974930122495,0.13843720825389028
161,1.074591040611267,622.9247436523438,0.4081263244152069,4.834046840667725,3.2341971397399902,0.5097872614860535,0.9234042763710022,0.9514893889427185,6.1224589347839355,0.12449744995683432,0.13625966710969806
162,1.074591040611267,622.9247436523438,0.4081263244152069,4.834046840667725,3.2341971397399902,0.5097872614860535,0.9234042763710022,0.9514893889427185,6.1224589347839355,0.12334631755948067,0.13455885695293546
163,1.074591040611267,622.9247436523438,0.4081263244152069,4.834046840667725,3.2341971397399902,0.5097872614860535,0.9234042763710022,0.9514893889427185,6.1224589347839355,0.12176308315247297,0.1329353959299624
164,1.074591040611267,622.9247436523438,0.4081263244152069,4.834046840667725,3.2341971397399902,0.5097872614860535,0.9234042763710022,0.9514893889427185,6.1224589347839355,0.12388556217774749,0.1351174800656736
165,1.074591040611267,622.9247436523438,0.4081263244152069,4.834046840667725,3.2341971397399902,0.5097872614860535,0.9234042763710022,0.9514893889427185,6.1224589347839355,0.12640633061528206,0.13783900998532772
166,1.074591040611267,622.9247436523438,0.4081263244152069,4.834046840667725,3.2341971397399902,0.5097872614860535,0.9234042763710022,0.9514893889427185,6.1224589347839355,0.12793122278526425,0.1395580149255693
167,1.074591040611267,622.9247436523438,0.4081263244152069,4.834046840667725,3.2341971397399902,0.5097872614860535,0.9234042763710022,0.9514893889427185,6.1224589347839355,0.12805791571736336,0.13946428569033742
168,1.074591040611267,622.9247436523438,0.4081263244152069,4.834046840667725,3.2341971397399902,0.5097872614860535,0.9234042763710022,0.9514893889427185,6.1224589347839355,0.1278283279389143,0.13954851916059852
169,1.074591040611267,622.9247436523438,0.4081263244152069,4.834046840667725,3.2341971397399902,0.5097872614860535,0.9234042763710022,0.9514893889427185,6.1224589347839355,0.1272809160873294,0.13873681984841824
170,1.074591040611267,622.9247436523438,0.4081263244152069,4.834046840667725,3.2341971397399902,0.5097872614860535,0.9234042763710022,0.9514893889427185,6.1224589347839355,0.13047532038763165,0.14234961895272136
171,1.074591040611267,622.9247436523438,0.4081263244152069,4.834046840667725,3.2341971397399902,0.5097872614860535,0.9234042763710022,0.9514893889427185,6.1224589347839355,0.12899102922528982,0.14035821706056595
172,1.074591040611267,622.9247436523438,0.4081263244152069,4.834046840667725,3.2341971397399902,0.5097872614860535,0.9234042763710022,0.9514893889427185,6.1224589347839355,0.1273193978704512,0.13853206066414714
173,1.074591040611267,622.9247436523438,0.4081263244152069,4.834046840667725,3.2341971397399902,0.5097872614860535,0.9234042763710022,0.9514893889427185,6.1224589347839355,0.12482768669724464,0.1361492439173162
174,1.074591040611267,622.9247436523438,0.4081263244152069,4.834046840667725,3.2341971397399902,0.5097872614860535,0.9234042763710022,0.9514893889427185,6.1224589347839355,0.1253358069807291,0.13655411824584007
175,1.074591040611267,622.9247436523438,0.4081263244152069,4.834046840667725,3.2341971397399902,0.5097872614860535,0.9234042763710022,0.9514893889427185,6.1224589347839355,0.12361510889604688,0.13471899973228574
176,1.074591040611267,622.9247436523438,0.4081263244152069,4.834046840667725,3.2341971397399902,0.5097872614860535,0.9234042763710022,0.9514893889427185,6.1224589347839355,0.1255054292269051,0.13684953888878226
177,1.074591040611267,622.9247436523438,0.4081263244152069,4.834046840667725,3.2341971397399902,0.5097872614860535,0.9234042763710022,0.9514893889427185,6.1224589347839355,0.12516530696302652,0.13653310108929873
178,1.074591040611267,622.9247436523438,0.4081263244152069,4.834046840667725,3.2341971397399902,0.5097872614860535,0.9234042763710022,0.9514893889427185,6.1224589347839355,0.12726785615086555,0.13869046699255705
179,1.074591040611267,622.9247436523438,0.4081263244152069,4.834046840667725,3.2341971397399902,0.5097872614860535,0.9234042763710022,0.9514893889427185,6.1224589347839355,0.12607275787740946,0.13786173379048705
180,1.074591040611267,622.9247436523438,0.4081263244152069,4.834046840667725,3.2341971397399902,0.5097872614860535,0.9234042763710022,0.9514893889427185,6.1224589347839355,0.12558955792337656,0.1371107497252524
181,1.074591040611267,622.9247436523438,0.4081263244152069,4.834046840667725,3.2341971397399902,0.5097872614860535,0.9234042763710022,0.9514893889427185,6.1224589347839355,0.12612213985994458,0.13736918894574046
182,1.074591040611267,622.9247436523438,0.4081263244152069,4.834046840667725,3.2341971397399902,0.5097872614860535,0.9234042763710022,0.9514893889427185,6.1224589347839355,0.12662163004279137,0.13801432820037007
183,1.074591040611267,622.9247436523438,0.4081263244152069,4.834046840667725,3.2341971397399902,0.5097872614860535,0.9234042763710022,0.9514893889427185,6.1224589347839355,0.1298478520475328,0.14124184707179666
184,1.074591040611267,622.9247436523438,0.4081263244152069,4.834046840667725,3.2341971397399902,0.5097872614860535,0.9234042763710022,0.9514893889427185,6.1224589347839355,0.1311981319449842,0.1426230538636446
185,1.074591040611267,622.9247436523438,0.4081263244152069,4.834046840667725,3.2341971397399902,0.5097872614860535,0.9234042763710022,0.9514893889427185,6.1224589347839355,0.12848330987617373,0.13992981100454926
186,1.074591040611267,622.9247436523438,0.4081263244152069,4.834046840667725,3.2341971397399902,0.5097872614860535,0.9234042763710022,0.9514893889427185,6.1224589347839355,0.12787467893213034,0.1392324110493064
187,1.074591040611267,622.9247436523438,0.4081263244152069,4.834046840667725,3.2341971397399902,0.5097872614860535,0.9234042763710022,0.9514893889427185,6.1224589347839355,0.12859269371256232,0.13994385907426476
188,1.074591040611267,622.9247436523438,0.4081263244152069,4.834046840667725,3.2341971397399902,0.5097872614860535,0.9234042763710022,0.9514893889427185,6.1224589347839355,0.13056578719988465,0.14211228676140308
189,1.074591040611267,622.9247436523438,0.4081263244152069,4.834046840667725,3.2341971397399902,0.5097872614860535,0.9234042763710022,0.9514893889427185,6.1224589347839355,0.13239847915247083,0.1447067130357027
190,1.074591040611267,622.9247436523438,0.4081263244152069,4.834046840667725,3.2341971397399902,0.5097872614860535,0.9234042763710022,0.9514893889427185,6.1224589347839355,0.13155268458649516,0.14299842482432723
191,1.074591040611267,622.9247436523438,0.4081263244152069,4.834046840667725,3.2341971397399902,0.5097872614860535,0.9234042763710022,0.9514893889427185,6.1224589347839355,0.12788326665759087,0.13931079301983118
192,1.074591040611267,622.9247436523438,0.4081263244152069,4.834046840667725,3.2341971397399902,0.5097872614860535,0.9234042763710022,0.9514893889427185,6.1224589347839355,0.12921564700081944,0.14069397374987602
193,1.074591040611267,622.9247436523438,0.4081263244152069,4.834046840667725,3.2341971397399902,0.5097872614860535,0.9234042763710022,0.9514893889427185,6.1224589347839355,0.12871201802045107,0.13996864389628172
194,1.074591040611267,622.9247436523438,0.4081263244152069,4.834046840667725,3.2341971397399902,0.5097872614860535,0.9234042763710022,0.9514893889427185,6.1224589347839355,0.128282287158072,0.14030516427010298
195,1.074591040611267,622.9247436523438,0.4081263244152069,4.834046840667725,3.2341971397399902,0.5097872614860535,0.9234042763710022,0.9514893889427185,6.1224589347839355,0.1299664550460875,0.14169271383434534
196,1.074591040611267,622.9247436523438,0.4081263244152069,4.834046840667725,3.2341971397399902,0.5097872614860535,0.9234042763710022,0.9514893889427185,6.1224589347839355,0.13012875383719802,0.14148257672786713
197,1.074591040611267,622.9247436523438,0.4081263244152069,4.834046840667725,3.2341971397399902,0.5097872614860535,0.9234042763710022,0.9514893889427185,6.1224589347839355,0.12478551967069507,0.13603327376767993
198,1.074591040611267,622.9247436523438,0.4081263244152069,4.834046840667725,3.2341971397399902,0.5097872614860535,0.9234042763710022,0.9514893889427185,6.1224589347839355,0.1253754673525691,0.13654759200289845
199,1.074591040611267,622.9247436523438,0.4081263244152069,4.834046840667725,3.2341971397399902,0.5097872614860535,0.9234042763710022,0.9514893889427185,6.1224589347839355,0.12549508875235915,0.13680769316852093
200,1.074591040611267,622.9247436523438,0.4081263244152069,4.834046840667725,3.2341971397399902,0.5097872614860535,0.9234042763710022,0.9514893889427185,6.1224589347839355,0.12840674305334687,0.1398024340160191
201,1.074591040611267,622.9247436523438,0.4081263244152069,4.834046840667725,3.2341971397399902,0.5097872614860535,0.9234042763710022,0.9514893889427185,6.1224589347839355,0.12843511393293738,0.13980493508279324
202,1.074591040611267,622.9247436523438,0.4081263244152069,4.834046840667725,3.2341971397399902,0.5097872614860535,0.9234042763710022,0.9514893889427185,6.1224589347839355,0.1303015579469502,0.14228977588936687
203,1.074591040611267,622.9247436523438,0.4081263244152069,4.834046840667725,3.2341971397399902,0.5097872614860535,0.9234042763710022,0.9514893889427185,6.1224589347839355,0.13125395495444536,0.14280787482857704
204,1.074591040611267,622.9247436523438,0.4081263244152069,4.834046840667725,3.2341971397399902,0.5097872614860535,0.9234042763710022,0.9514893889427185,6.1224589347839355,0.13337730383500457,0.14548469707369804
205,1.074591040611267,622.9247436523438,0.4081263244152069,4.834046840667725,3.2341971397399902,0.5097872614860535,0.9234042763710022,0.9514893889427185,6.1224589347839355,0.13003442203626037,0.14159835409373045
206,1.074591040611267,622.9247436523438,0.4081263244152069,4.834046840667725,3.2341971397399902,0.5097872614860535,0.9234042763710022,0.9514893889427185,6.1224589347839355,0.1305298786610365,0.14178465586155653
207,1.074591040611267,622.9247436523438,0.4081263244152069,4.834046840667725,3.2341971397399902,0.5097872614860535,0.9234042763710022,0.9514893889427185,6.1224589347839355,0.12909979978576303,0.14071962982416153
208,1.074591040611267,622.9247436523438,0.4081263244152069,4.834046840667725,3.2341971397399902,0.5097872614860535,0.9234042763710022,0.9514893889427185,6.1224589347839355,0.1269452259875834,0.13832035707309842
209,1.074591040611267,622.9247436523438,0.4081263244152069,4.834046840667725,3.2341971397399902,0.5097872614860535,0.9234042763710022,0.9514893889427185,6.1224589347839355,0.12667485186830163,0.1380840721540153
210,1.074591040611267,622.9247436523438,0.4081263244152069,4.834046840667725,3.2341971397399902,0.5097872614860535,0.9234042763710022,0.9514893889427185,6.1224589347839355,0.12642103573307395,0.1375973979011178
211,1.074591040611267,622.9247436523438,0.4081263244152069,4.834046840667725,3.2341971397399902,0.5097872614860535,0.9234042763710022,0.9514893889427185,6.1224589347839355,0.12576382793486118,0.13712316192686558
212,1.074591040611267,622.9247436523438,0.4081263244152069,4.834046840667725,3.2341971397399902,0.5097872614860535,0.9234042763710022,0.9514893889427185,6.1224589347839355,0.12700420571491122,0.13842363795265555
213,1.074591040611267,622.9247436523438,0.4081263244152069,4.834046840667725,3.2341971397399902,0.5097872614860535,0.9234042763710022,0.9514893889427185,6.1224589347839355,0.1284638037905097,0.13988677272573113
214,1.074591040611267,622.9247436523438,0.4081263244152069,4.834046840667725,3.2341971397399902,0.5097872614860535,0.9234042763710022,0.9514893889427185,6.1224589347839355,0.12708169780671597,0.13885711319744587
215,1.074591040611267,622.9247436523438,0.4081263244152069,4.834046840667725,3.2341971397399902,0.5097872614860535,0.9234042763710022,0.9514893889427185,6.1224589347839355,0.12980142794549465,0.14119263412430882
216,1.074591040611267,622.9247436523438,0.4081263244152069,4.834046840667725,3.2341971397399902,0.5097872614860535,0.9234042763710022,0.9514893889427185,6.1224589347839355,0.12850008299574256,0.13988126069307327
217,1.074591040611267,622.9247436523438,0.4081263244152069,4.834046840667725,3.2341971397399902,0.5097872614860535,0.9234042763710022,0.9514893889427185,6.1224589347839355,0.1273393789306283,0.13877276657149196
218,1.074591040611267,622.9247436523438,0.4081263244152069,4.834046840667725,3.2341971397399902,0.5097872614860535,0.9234042763710022,0.9514893889427185,6.1224589347839355,0.1292540207505226,0.14059172105044127
219,1.074591040611267,622.9247436523438,0.4081263244152069,4.834046840667725,3.2341971397399902,0.5097872614860535,0.9234042763710022,0.9514893889427185,6.1224589347839355,0.1297561270184815,0.14098846120759845
220,1.074591040611267,622.9247436523438,0.4081263244152069,4.834046840667725,3.2341971397399902,0.5097872614860535,0.9234042763710022,0.9514893889427185,6.1224589347839355,0.125685163307935,0.1372896572574973
221,1.074591040611267,622.9247436523438,0.4081263244152069,4.834046840667725,3.2341971397399902,0.5097872614860535,0.9234042763710022,0.9514893889427185,6.1224589347839355,0.12417097110301256,0.1354838851839304
222,1.074591040611267,622.9247436523438,0.4081263244152069,4.834046840667725,3.2341971397399902,0.5097872614860535,0.9234042763710022,0.9514893889427185,6.1224589347839355,0.125548186711967,0.13688166299834847
223,1.074591040611267,622.9247436523438,0.4081263244152069,4.834046840667725,3.2341971397399902,0.5097872614860535,0.9234042763710022,0.9514893889427185,6.1224589347839355,0.12650282587856054,0.13790946686640382
224,1.074591040611267,622.9247436523438,0.4081263244152069,4.834046840667725,3.2341971397399902,0.5097872614860535,0.9234042763710022,0.9514893889427185,6.1224589347839355,0.12704417388886213,0.13850649306550622
225,1.074591040611267,622.9247436523438,0.4081263244152069,4.834046840667725,3.2341971397399902,0.5097872614860535,0.9234042763710022,0.9514893889427185,6.1224589347839355,0.12859711423516273,0.14012398244813085
226,1.074591040611267,622.9247436523438,0.4081263244152069,4.834046840667725,3.2341971397399902,0.5097872614860535,0.9234042763710022,0.9514893889427185,6.1224589347839355,0.1277129272930324,0.13939510891214013
227,1.074591040611267,622.9247436523438,0.4081263244152069,4.834046840667725,3.2341971397399902,0.5097872614860535,0.9234042763710022,0.9514893889427185,6.1224589347839355,0.12960043270140886,0.14109617099165916
228,1.074591040611267,622.9247436523438,0.4081263244152069,4.834046840667725,3.2341971397399902,0.5097872614860535,0.9234042763710022,0.9514893889427185,6.1224589347839355,0.12801457103341818,0.13990108203142881
229,1.074591040611267,622.9247436523438,0.4081263244152069,4.834046840667725,3.2341971397399902,0.5097872614860535,0.9234042763710022,0.9514893889427185,6.1224589347839355,0.12972702784463763,0.14129733014851809
230,1.074591040611267,622.9247436523438,0.4081263244152069,4.834046840667725,3.2341971397399902,0.5097872614860535,0.9234042763710022,0.9514893889427185,6.1224589347839355,0.12945436732843518,0.14075220888480544
231,1.074591040611267,622.9247436523438,0.4081263244152069,4.834046840667725,3.2341971397399902,0.5097872614860535,0.9234042763710022,0.9514893889427185,6.1224589347839355,0.12792983697727323,0.13911779783666134
232,1.074591040611267,622.9247436523438,0.4081263244152069,4.834046840667725,3.2341971397399902,0.5097872614860535,0.9234042763710022,0.9514893889427185,6.1224589347839355,0.12294330215081573,0.1341355531476438
233,1.074591040611267,622.9247436523438,0.4081263244152069,4.834046840667725,3.2341971397399902,0.5097872614860535,0.9234042763710022,0.9514893889427185,6.1224589347839355,0.12427868228405714,0.1357473060488701
234,1.074591040611267,622.9247436523438,0.4081263244152069,4.834046840667725,3.2341971397399902,0.5097872614860535,0.9234042763710022,0.9514893889427185,6.1224589347839355,0.12590941786766052,0.1372943720780313
235,1.074591040611267,622.9247436523438,0.4081263244152069,4.834046840667725,3.2341971397399902,0.5097872614860535,0.9234042763710022,0.9514893889427185,6.1224589347839355,0.12569104274734855,0.13705084891989827
236,1.074591040611267,622.9247436523438,0.4081263244152069,4.834046840667725,3.2341971397399902,0.5097872614860535,0.9234042763710022,0.9514893889427185,6.1224589347839355,0.12493077991530299,0.13628769991919398
237,1.074591040611267,622.9247436523438,0.4081263244152069,4.834046840667725,3.2341971397399902,0.5097872614860535,0.9234042763710022,0.9514893889427185,6.1224589347839355,0.12551299529150128,0.1369142709299922
238,1.074591040611267,622.9247436523438,0.4081263244152069,4.834046840667725,3.2341971397399902,0.5097872614860535,0.9234042763710022,0.9514893889427185,6.1224589347839355,0.12476662406697869,0.13607608992606401
239,1.074591040611267,622.9247436523438,0.4081263244152069,4.834046840667725,3.2341971397399902,0.5097872614860535,0.9234042763710022,0.9514893889427185,6.1224589347839355,0.12970540020614862,0.14137571305036545
240,1.074591040611267,622.9247436523438,0.4081263244152069,4.834046840667725,3.2341971397399902,0.5097872614860535,0.9234042763710022,0.9514893889427185,6.1224589347839355,0.131702973973006,0.1431639576330781
241,1.074591040611267,622.9247436523438,0.4081263244152069,4.834046840667725,3.2341971397399902,0.5097872614860535,0.9234042763710022,0.9514893889427185,6.1224589347839355,0.1304612490348518,0.1419318849220872
242,1.074591040611267,622.9247436523438,0.4081263244152069,4.834046840667725,3.2341971397399902,0.5097872614860535,0.9234042763710022,0.9514893889427185,6.1224589347839355,0.1300327586941421,0.14146861666813493
243,1.074591040611267,622.9247436523438,0.4081263244152069,4.834046840667725,3.2341971397399902,0.5097872614860535,0.9234042763710022,0.9514893889427185,6.1224589347839355,0.13073020800948143,0.14218414993956685
244,1.074591040611267,622.9247436523438,0.4081263244152069,4.834046840667725,3.2341971397399902,0.5097872614860535,0.9234042763710022,0.9514893889427185,6.1224589347839355,0.13039729604497552,0.14184775715693831
245,1.074591040611267,622.9247436523438,0.4081263244152069,4.834046840667725,3.2341971397399902,0.5097872614860535,0.9234042763710022,0.9514893889427185,6.1224589347839355,0.1296967868693173,0.14163867384195328
246,1.074591040611267,622.9247436523438,0.4081263244152069,4.834046840667725,3.2341971397399902,0.5097872614860535,0.9234042763710022,0.9514893889427185,6.1224589347839355,0.13182090176269412,0.1435084897093475
247,1.074591040611267,622.9247436523438,0.4081263244152069,4.834046840667725,3.2341971397399902,0.5097872614860535,0.9234042763710022,0.9514893889427185,6.1224589347839355,0.1326440740376711,0.14487915579229593
248,1.074591040611267,622.9247436523438,0.4081263244152069,4.834046840667725,3.2341971397399902,0.5097872614860535,0.9234042763710022,0.9514893889427185,6.1224589347839355,0.13165798177942634,0.1431562858633697
249,1.074591040611267,622.9247436523438,0.4081263244152069,4.834046840667725,3.2341971397399902,0.5097872614860535,0.9234042763710022,0.9514893889427185,6.1224589347839355,0.12790575111284852,0.1392437731847167
250,1.074591040611267,622.9247436523438,0.4081263244152069,4.834046840667725,3.2341971397399902,0.5097872614860535,0.9234042763710022,0.9514893889427185,6.1224589347839355,0.12590309418737888,0.1371792540885508
251,1.074591040611267,622.9247436523438,0.4081263244152069,4.834046840667725,3.2341971397399902,0.5097872614860535,0.9234042763710022,0.9514893889427185,6.1224589347839355,0.12514996994286776,0.13634520769119263
252,1.074591040611267,622.9247436523438,0.4081263244152069,4.834046840667725,3.2341971397399902,0.5097872614860535,0.9234042763710022,0.9514893889427185,6.1224589347839355,0.12554076593369246,0.13674571923911572
253,1.074591040611267,622.9247436523438,0.4081263244152069,4.834046840667725,3.2341971397399902,0.5097872614860535,0.9234042763710022,0.9514893889427185,6.1224589347839355,0.12707054894417524,0.13841331889852881
254,1.074591040611267,622.9247436523438,0.4081263244152069,4.834046840667725,3.2341971397399902,0.5097872614860535,0.9234042763710022,0.9514893889427185,6.1224589347839355,0.1279234392568469,0.13966456707566977
255,1.074591040611267,622.9247436523438,0.4081263244152069,4.834046840667725,3.2341971397399902,0.5097872614860535,0.9234042763710022,0.9514893889427185,6.1224589347839355,0.12932009901851416,0.14078974816948175
256,1.074591040611267,622.9247436523438,0.4081263244152069,4.834046840667725,3.2341971397399902,0.5097872614860535,0.9234042763710022,0.9514893889427185,6.1224589347839355,0.129381085280329,0.14080020412802696
257,1.074591040611267,622.9247436523438,0.4081263244152069,4.834046840667725,3.2341971397399902,0.5097872614860535,0.9234042763710022,0.9514893889427185,6.1224589347839355,0.1305711199529469,0.14222726598381996
258,1.074591040611267,622.9247436523438,0.4081263244152069,4.834046840667725,3.2341971397399902,0.5097872614860535,0.9234042763710022,0.9514893889427185,6.1224589347839355,0.12841684883460402,0.13995213387534022
259,1.074591040611267,622.9247436523438,0.4081263244152069,4.834046840667725,3.2341971397399902,0.5097872614860535,0.9234042763710022,0.9514893889427185,6.1224589347839355,0.1290065161883831,0.14056416600942612
260,1.074591040611267,622.9247436523438,0.4081263244152069,4.834046840667725,3.2341971397399902,0.5097872614860535,0.9234042763710022,0.9514893889427185,6.1224589347839355,0.12799338065087795,0.13956104684621096
261,1.074591040611267,622.9247436523438,0.4081263244152069,4.834046840667725,3.2341971397399902,0.5097872614860535,0.9234042763710022,0.9514893889427185,6.1224589347839355,0.1276366040110588,0.13892946764826775
262,1.074591040611267,622.9247436523438,0.4081263244152069,4.834046840667725,3.2341971397399902,0.5097872614860535,0.9234042763710022,0.9514893889427185,6.1224589347839355,0.12769145797938108,0.13907263381406665
263,1.074591040611267,622.9247436523438,0.4081263244152069,4.834046840667725,3.2341971397399902,0.5097872614860535,0.9234042763710022,0.9514893889427185,6.1224589347839355,0.1278867213986814,0.1392817059531808
264,1.074591040611267,622.9247436523438,0.4081263244152069,4.834046840667725,3.2341971397399902,0.5097872614860535,0.9234042763710022,0.9514893889427185,6.1224589347839355,0.12508861534297466,0.13624312728643417
265,1.074591040611267,622.9247436523438,0.4081263244152069,4.834046840667725,3.2341971397399902,0.5097872614860535,0.9234042763710022,0.9514893889427185,6.1224589347839355,0.12398670380935073,0.1352948029525578
266,1.074591040611267,622.9247436523438,0.4081263244152069,4.834046840667725,3.2341971397399902,0.5097872614860535,0.9234042763710022,0.9514893889427185,6.1224589347839355,0.12316781980916858,0.13439755281433463
267,1.074591040611267,622.9247436523438,0.4081263244152069,4.834046840667725,3.2341971397399902,0.5097872614860535,0.9234042763710022,0.9514893889427185,6.1224589347839355,0.12557477317750454,0.13691642694175243
268,1.074591040611267,622.9247436523438,0.4081263244152069,4.834046840667725,3.2341971397399902,0.5097872614860535,0.9234042763710022,0.9514893889427185,6.1224589347839355,0.1297589112073183,0.14145490806549788
269,1.074591040611267,622.9247436523438,0.4081263244152069,4.834046840667725,3.2341971397399902,0.5097872614860535,0.9234042763710022,0.9514893889427185,6.1224589347839355,0.1280447873286903,0.1399261220358312
270,1.074591040611267,622.9247436523438,0.4081263244152069,4.834046840667725,3.2341971397399902,0.5097872614860535,0.9234042763710022,0.9514893889427185,6.1224589347839355,0.12594718486070633,0.13719885097816586
271,1.074591040611267,622.9247436523438,0.4081263244152069,4.834046840667725,3.2341971397399902,0.5097872614860535,0.9234042763710022,0.9514893889427185,6.1224589347839355,0.1302234954200685,0.14162342017516494
272,1.074591040611267,622.9247436523438,0.4081263244152069,4.834046840667725,3.2341971397399902,0.5097872614860535,0.9234042763710022,0.9514893889427185,6.1224589347839355,0.1278643161058426,0.1392053896561265
273,1.074591040611267,622.9247436523438,0.4081263244152069,4.834046840667725,3.2341971397399902,0.5097872614860535,0.9234042763710022,0.9514893889427185,6.1224589347839355,0.12849143100902438,0.14047520095482469
274,1.074591040611267,622.9247436523438,0.4081263244152069,4.834046840667725,3.2341971397399902,0.5097872614860535,0.9234042763710022,0.9514893889427185,6.1224589347839355,0.12604629481211305,0.13746694894507527
275,1.074591040611267,622.9247436523438,0.4081263244152069,4.834046840667725,3.2341971397399902,0.5097872614860535,0.9234042763710022,0.9514893889427185,6.1224589347839355,0.12581054400652647,0.1370430300012231
276,1.074591040611267,622.9247436523438,0.4081263244152069,4.834046840667725,3.2341971397399902,0.5097872614860535,0.9234042763710022,0.9514893889427185,6.1224589347839355,0.12593175936490297,0.13742853002622724
277,1.074591040611267,622.9247436523438,0.4081263244152069,4.834046840667725,3.2341971397399902,0.5097872614860535,0.9234042763710022,0.9514893889427185,6.1224589347839355,0.1243601250462234,0.13551765214651823
278,1.074591040611267,622.9247436523438,0.4081263244152069,4.834046840667725,3.2341971397399902,0.5097872614860535,0.9234042763710022,0.9514893889427185,6.1224589347839355,0.12654763227328658,0.1379181044176221
279,1.074591040611267,622.9247436523438,0.4081263244152069,4.834046840667725,3.2341971397399902,0.5097872614860535,0.9234042763710022,0.9514893889427185,6.1224589347839355,0.12659486709162593,0.13790501793846488
280,1.074591040611267,622.9247436523438,0.4081263244152069,4.834046840667725,3.2341971397399902,0.5097872614860535,0.9234042763710022,0.9514893889427185,6.1224589347839355,0.1259913700632751,0.137366799172014
281,1.074591040611267,622.9247436523438,0.4081263244152069,4.834046840667725,3.2341971397399902,0.5097872614860535,0.9234042763710022,0.9514893889427185,6.1224589347839355,0.12721147015690804,0.13848514715209603
282,1.074591040611267,622.9247436523438,0.4081263244152069,4.834046840667725,3.2341971397399902,0.5097872614860535,0.9234042763710022,0.9514893889427185,6.1224589347839355,0.12674455298110843,0.1384849501773715
283,1.074591040611267,622.9247436523438,0.4081263244152069,4.834046840667725,3.2341971397399902,0.5097872614860535,0.9234042763710022,0.9514893889427185,6.1224589347839355,0.1254599131643772,0.13689275085926056
284,1.074591040611267,622.9247436523438,0.4081263244152069,4.834046840667725,3.2341971397399902,0.5097872614860535,0.9234042763710022,0.9514893889427185,6.1224589347839355,0.12634576205164194,0.13767762621864676
285,1.074591040611267,622.9247436523438,0.4081263244152069,4.834046840667725,3.2341971397399902,0.5097872614860535,0.9234042763710022,0.9514893889427185,6.1224589347839355,0.12791417865082622,0.13935229880735278
286,1.074591040611267,622.9247436523438,0.4081263244152069,4.834046840667725,3.2341971397399902,0.5097872614860535,0.9234042763710022,0.9514893889427185,6.1224589347839355,0.127573415171355,0.13914902927353978
287,1.074591040611267,622.9247436523438,0.4081263244152069,4.834046840667725,3.2341971397399902,0.5097872614860535,0.9234042763710022,0.9514893889427185,6.1224589347839355,0.12566438782960176,0.13712156284600496
288,1.074591040611267,622.9247436523438,0.4081263244152069,4.834046840667725,3.2341971397399902,0.5097872614860535,0.9234042763710022,0.9514893889427185,6.1224589347839355,0.12848557718098164,0.13980392226949334
289,1.074591040611267,622.9247436523438,0.4081263244152069,4.834046840667725,3.2341971397399902,0.5097872614860535,0.9234042763710022,0.9514893889427185,6.1224589347839355,0.125547100789845,0.1368449628353119
290,1.074591040611267,622.9247436523438,0.4081263244152069,4.834046840667725,3.2341971397399902,0.5097872614860535,0.9234042763710022,0.9514893889427185,6.1224589347839355,0.12412531301379204,0.13551439717411995
291,1.074591040611267,622.9247436523438,0.4081263244152069,4.834046840667725,3.2341971397399902,0.5097872614860535,0.9234042763710022,0.9514893889427185,6.1224589347839355,0.12861297093331814,0.14053900167346
292,1.074591040611267,622.9247436523438,0.4081263244152069,4.834046840667725,3.2341971397399902,0.5097872614860535,0.9234042763710022,0.9514893889427185,6.1224589347839355,0.12785927671939135,0.1394129917025566
293,1.074591040611267,622.9247436523438,0.4081263244152069,4.834046840667725,3.2341971397399902,0.5097872614860535,0.9234042763710022,0.9514893889427185,6.1224589347839355,0.13153906585648656,0.143134952057153
294,1.074591040611267,622.9247436523438,0.4081263244152069,4.834046840667725,3.2341971397399902,0.5097872614860535,0.9234042763710022,0.9514893889427185,6.1224589347839355,0.13128001522272825,0.14280577329918742
295,1.074591040611267,622.9247436523438,0.4081263244152069,4.834046840667725,3.2341971397399902,0.5097872614860535,0.9234042763710022,0.9514893889427185,6.1224589347839355,0.12959235161542892,0.14102567685768008
296,1.074591040611267,622.9247436523438,0.4081263244152069,4.834046840667725,3.2341971397399902,0.5097872614860535,0.9234042763710022,0.9514893889427185,6.1224589347839355,0.12914088368415833,0.1408049426972866
297,1.074591040611267,622.9247436523438,0.4081263244152069,4.834046840667725,3.2341971397399902,0.5097872614860535,0.9234042763710022,0.9514893889427185,6.1224589347839355,0.12799066863954067,0.13939181808382273
298,1.074591040611267,622.9247436523438,0.4081263244152069,4.834046840667725,3.2341971397399902,0.5097872614860535,0.9234042763710022,0.9514893889427185,6.1224589347839355,0.13030326971784234,0.14176732301712036
299,1.074591040611267,622.9247436523438,0.4081263244152069,4.834046840667725,3.2341971397399902,0.5097872614860535,0.9234042763710022,0.9514893889427185,6.1224589347839355,0.12791102891787887,0.1391961700282991
300,1.074591040611267,622.9247436523438,0.4081263244152069,4.834046840667725,3.2341971397399902,0.5097872614860535,0.9234042763710022,0.9514893889427185,6.1224589347839355,0.12464699242264032,0.13572756620123982
301,1.074591040611267,622.9247436523438,0.4081263244152069,4.834046840667725,3.2341971397399902,0.5097872614860535,0.9234042763710022,0.9514893889427185,6.1224589347839355,0.12463990226387978,0.1358854933641851
302,1.074591040611267,622.9247436523438,0.4081263244152069,4.834046840667725,3.2341971397399902,0.5097872614860535,0.9234042763710022,0.9514893889427185,6.1224589347839355,0.12724582012742758,0.13863982912153006
303,1.074591040611267,622.9247436523438,0.4081263244152069,4.834046840667725,3.2341971397399902,0.5097872614860535,0.9234042763710022,0.9514893889427185,6.1224589347839355,0.128565507940948,0.14000303484499454
304,1.074591040611267,622.9247436523438,0.4081263244152069,4.834046840667725,3.2341971397399902,0.5097872614860535,0.9234042763710022,0.9514893889427185,6.1224589347839355,0.1311159241013229,0.14259194815531373
305,1.074591040611267,622.9247436523438,0.4081263244152069,4.834046840667725,3.2341971397399902,0.5097872614860535,0.9234042763710022,0.9514893889427185,6.1224589347839355,0.13357694912701845,0.14515645010396838
306,1.074591040611267,622.9247436523438,0.4081263244152069,4.834046840667725,3.2341971397399902,0.5097872614860535,0.9234042763710022,0.9514893889427185,6.1224589347839355,0.13208645582199097,0.14402209874242544
307,1.074591040611267,622.9247436523438,0.4081263244152069,4.834046840667725,3.2341971397399902,0.5097872614860535,0.9234042763710022,0.9514893889427185,6.1224589347839355,0.1320214420557022,0.14409054815769196
308,1.074591040611267,622.9247436523438,0.4081263244152069,4.834046840667725,3.2341971397399902,0.5097872614860535,0.9234042763710022,0.9514893889427185,6.1224589347839355,0.1327350432984531,0.1442899750545621
309,1.074591040611267,622.9247436523438,0.4081263244152069,4.834046840667725,3.2341971397399902,0.5097872614860535,0.9234042763710022,0.9514893889427185,6.1224589347839355,0.13279670802876353,0.14459185814484954
310,1.074591040611267,622.9247436523438,0.4081263244152069,4.834046840667725,3.2341971397399902,0.5097872614860535,0.9234042763710022,0.9514893889427185,6.1224589347839355,0.12807038333266973,0.13938005408272147
311,1.074591040611267,622.9247436523438,0.4081263244152069,4.834046840667725,3.2341971397399902,0.5097872614860535,0.9234042763710022,0.9514893889427185,6.1224589347839355,0.12587954383343458,0.13713032705709338
312,1.074591040611267,622.9247436523438,0.4081263244152069,4.834046840667725,3.2341971397399902,0.5097872614860535,0.9234042763710022,0.9514893889427185,6.1224589347839355,0.12504122406244278,0.13647641893476248
313,1.074591040611267,622.9247436523438,0.4081263244152069,4.834046840667725,3.2341971397399902,0.5097872614860535,0.9234042763710022,0.9514893889427185,6.1224589347839355,0.12517459318041801,0.13635824713855982
314,1.074591040611267,622.9247436523438,0.4081263244152069,4.834046840667725,3.2341971397399902,0.5097872614860535,0.9234042763710022,0.9514893889427185,6.1224589347839355,0.12591967405751348,0.13734793476760387
315,1.074591040611267,622.9247436523438,0.4081263244152069,4.834046840667725,3.2341971397399902,0.5097872614860535,0.9234042763710022,0.9514893889427185,6.1224589347839355,0.12874360103160143,0.14096242794767022
316,1.074591040611267,622.9247436523438,0.4081263244152069,4.834046840667725,3.2341971397399902,0.5097872614860535,0.9234042763710022,0.9514893889427185,6.1224589347839355,0.12796073034405708,0.1393925161100924
317,1.074591040611267,622.9247436523438,0.4081263244152069,4.834046840667725,3.2341971397399902,0.5097872614860535,0.9234042763710022,0.9514893889427185,6.1224589347839355,0.13020435394719243,0.14174441993236542
318,1.074591040611267,622.9247436523438,0.4081263244152069,4.834046840667725,3.2341971397399902,0.5097872614860535,0.9234042763710022,0.9514893889427185,6.1224589347839355,0.13074705377221107,0.14239932596683502
319,1.074591040611267,622.9247436523438,0.4081263244152069,4.834046840667725,3.2341971397399902,0.5097872614860535,0.9234042763710022,0.9514893889427185,6.1224589347839355,0.13238687720149755,0.14375309413298965
320,1.074591040611267,622.9247436523438,0.4081263244152069,4.834046840667725,3.2341971397399902,0.5097872614860535,0.9234042763710022,0.9514893889427185,6.1224589347839355,0.12985385116189718,0.14178217109292746
321,1.074591040611267,622.9247436523438,0.4081263244152069,4.834046840667725,3.2341971397399902,0.5097872614860535,0.9234042763710022,0.9514893889427185,6.1224589347839355,0.1285505318082869,0.1402228339575231
322,1.074591040611267,622.9247436523438,0.4081263244152069,4.834046840667725,3.2341971397399902,0.5097872614860535,0.9234042763710022,0.9514893889427185,6.1224589347839355,0.1306065754033625,0.14237213507294655
323,1.074591040611267,622.9247436523438,0.4081263244152069,4.834046840667725,3.2341971397399902,0.5097872614860535,0.9234042763710022,0.9514893889427185,6.1224589347839355,0.1312320358119905,0.14278116123750806
324,1.074591040611267,622.9247436523438,0.4081263244152069,4.834046840667725,3.2341971397399902,0.5097872614860535,0.9234042763710022,0.9514893889427185,6.1224589347839355,0.13027791259810328,0.14174998784437776
325,1.074591040611267,622.9247436523438,0.4081263244152069,4.834046840667725,3.2341971397399902,0.5097872614860535,0.9234042763710022,0.9514893889427185,6.1224589347839355,0.1293246471323073,0.140745738055557
326,1.074591040611267,622.9247436523438,0.4081263244152069,4.834046840667725,3.2341971397399902,0.5097872614860535,0.9234042763710022,0.9514893889427185,6.1224589347839355,0.12874620920047164,0.14011771511286497
327,1.074591040611267,622.9247436523438,0.4081263244152069,4.834046840667725,3.2341971397399902,0.5097872614860535,0.9234042763710022,0.9514893889427185,6.1224589347839355,0.1303799799643457,0.14169498812407255
328,1.074591040611267,622.9247436523438,0.4081263244152069,4.834046840667725,3.2341971397399902,0.5097872614860535,0.9234042763710022,0.9514893889427185,6.1224589347839355,0.1299179159104824,0.1413536355830729
329,1.074591040611267,622.9247436523438,0.4081263244152069,4.834046840667725,3.2341971397399902,0.5097872614860535,0.9234042763710022,0.9514893889427185,6.1224589347839355,0.13249552203342319,0.14391716104000807
330,1.074591040611267,622.9247436523438,0.4081263244152069,4.834046840667725,3.2341971397399902,0.5097872614860535,0.9234042763710022,0.9514893889427185,6.1224589347839355,0.13121424335986376,0.14268009131774306
331,1.074591040611267,622.9247436523438,0.4081263244152069,4.834046840667725,3.2341971397399902,0.5097872614860535,0.9234042763710022,0.9514893889427185,6.1224589347839355,0.12869466980919242,0.14009161479771137
332,1.074591040611267,622.9247436523438,0.4081263244152069,4.834046840667725,3.2341971397399902,0.5097872614860535,0.9234042763710022,0.9514893889427185,6.1224589347839355,0.13059890223667026,0.14200850203633308
333,1.074591040611267,622.9247436523438,0.4081263244152069,4.834046840667725,3.2341971397399902,0.5097872614860535,0.9234042763710022,0.9514893889427185,6.1224589347839355,0.12971386266872287,0.141251714900136
334,1.074591040611267,622.9247436523438,0.4081263244152069,4.834046840667725,3.2341971397399902,0.5097872614860535,0.9234042763710022,0.9514893889427185,6.1224589347839355,0.1271884930320084,0.13859639689326286
335,1.074591040611267,622.9247436523438,0.4081263244152069,4.834046840667725,3.2341971397399902,0.5097872614860535,0.9234042763710022,0.9514893889427185,6.1224589347839355,0.12492453819140792,0.1360287182033062
336,1.074591040611267,622.9247436523438,0.4081263244152069,4.834046840667725,3.2341971397399902,0.5097872614860535,0.9234042763710022,0.9514893889427185,6.1224589347839355,0.12611132394522429,0.1374964159913361
337,1.074591040611267,622.9247436523438,0.4081263244152069,4.834046840667725,3.2341971397399902,0.5097872614860535,0.9234042763710022,0.9514893889427185,6.1224589347839355,0.1292878082022071,0.14064384019002318
338,1.074591040611267,622.9247436523438,0.4081263244152069,4.834046840667725,3.2341971397399902,0.5097872614860535,0.9234042763710022,0.9514893889427185,6.1224589347839355,0.12906939396634698,0.14051769999787211
339,1.074591040611267,622.9247436523438,0.4081263244152069,4.834046840667725,3.2341971397399902,0.5097872614860535,0.9234042763710022,0.9514893889427185,6.1224589347839355,0.13020582497119904,0.1416057450696826
340,1.074591040611267,622.9247436523438,0.4081263244152069,4.834046840667725,3.2341971397399902,0.5097872614860535,0.9234042763710022,0.9514893889427185,6.1224589347839355,0.12845069589093328,0.13979018665850163
341,1.074591040611267,622.9247436523438,0.4081263244152069,4.834046840667725,3.2341971397399902,0.5097872614860535,0.9234042763710022,0.9514893889427185,6.1224589347839355,0.12819557124748826,0.1397285251878202
342,1.074591040611267,622.9247436523438,0.4081263244152069,4.834046840667725,3.2341971397399902,0.5097872614860535,0.9234042763710022,0.9514893889427185,6.1224589347839355,0.13093653274700046,0.1424240511842072
343,1.074591040611267,622.9247436523438,0.4081263244152069,4.834046840667725,3.2341971397399902,0.5097872614860535,0.9234042763710022,0.9514893889427185,6.1224589347839355,0.13026805222034454,0.14184430707246065
344,1.074591040611267,622.9247436523438,0.4081263244152069,4.834046840667725,3.2341971397399902,0.5097872614860535,0.9234042763710022,0.9514893889427185,6.1224589347839355,0.13113981625065207,0.1424935390241444
345,1.074591040611267,622.9247436523438,0.4081263244152069,4.834046840667725,3.2341971397399902,0.5097872614860535,0.9234042763710022,0.9514893889427185,6.1224589347839355,0.13060009758919477,0.14222501683980227
346,1.074591040611267,622.9247436523438,0.4081263244152069,4.834046840667725,3.2341971397399902,0.5097872614860535,0.9234042763710022,0.9514893889427185,6.1224589347839355,0.132609399035573,0.1437673307955265
347,1.074591040611267,622.9247436523438,0.4081263244152069,4.834046840667725,3.2341971397399902,0.5097872614860535,0.9234042763710022,0.9514893889427185,6.1224589347839355,0.12990237306803465,0.14168057590723038
348,1.074591040611267,622.9247436523438,0.4081263244152069,4.834046840667725,3.2341971397399902,0.5097872614860535,0.9234042763710022,0.9514893889427185,6.1224589347839355,0.12951393704861403,0.14097552886232734
349,1.074591040611267,622.9247436523438,0.4081263244152069,4.834046840667725,3.2341971397399902,0.5097872614860535,0.9234042763710022,0.9514893889427185,6.1224589347839355,0.12492093304172158,0.1361671476624906
350,1.074591040611267,622.9247436523438,0.4081263244152069,4.834046840667725,3.2341971397399902,0.5097872614860535,0.9234042763710022,0.9514893889427185,6.1224589347839355,0.12784413807094097,0.13930356688797474
351,1.074591040611267,622.9247436523438,0.4081263244152069,4.834046840667725,3.2341971397399902,0.5097872614860535,0.9234042763710022,0.9514893889427185,6.1224589347839355,0.1266568610444665,0.13865311816334724
352,1.074591040611267,622.9247436523438,0.4081263244152069,4.834046840667725,3.2341971397399902,0.5097872614860535,0.9234042763710022,0.9514893889427185,6.1224589347839355,0.12883787602186203,0.14018752798438072
353,1.074591040611267,622.9247436523438,0.4081263244152069,4.834046840667725,3.2341971397399902,0.5097872614860535,0.9234042763710022,0.9514893889427185,6.1224589347839355,0.12874852400273085,0.14005831209942698
354,1.074591040611267,622.9247436523438,0.4081263244152069,4.834046840667725,3.2341971397399902,0.5097872614860535,0.9234042763710022,0.9514893889427185,6.1224589347839355,0.12916796607896686,0.14061412494629622
355,1.074591040611267,622.9247436523438,0.4081263244152069,4.834046840667725,3.2341971397399902,0.5097872614860535,0.9234042763710022,0.9514893889427185,6.1224589347839355,0.12716942327097058,0.13910764502361417
356,1.074591040611267,622.9247436523438,0.4081263244152069,4.834046840667725,3.2341971397399902,0.5097872614860535,0.9234042763710022,0.9514893889427185,6.1224589347839355,0.12853009207174182,0.14006003690883517
357,1.074591040611267,622.9247436523438,0.4081263244152069,4.834046840667725,3.2341971397399902,0.5097872614860535,0.9234042763710022,0.9514893889427185,6.1224589347839355,0.1301351711153984,0.14173945225775242
358,1.074591040611267,622.9247436523438,0.4081263244152069,4.834046840667725,3.2341971397399902,0.5097872614860535,0.9234042763710022,0.9514893889427185,6.1224589347839355,0.12898907391354442,0.14036942273378372
359,1.074591040611267,622.9247436523438,0.4081263244152069,4.834046840667725,3.2341971397399902,0.5097872614860535,0.9234042763710022,0.9514893889427185,6.1224589347839355,0.12654091697186232,0.13790638698264956
360,1.074591040611267,622.9247436523438,0.4081263244152069,4.834046840667725,3.2341971397399902,0.5097872614860535,0.9234042763710022,0.9514893889427185,6.1224589347839355,0.13010643189772964,0.14145926479250193
361,1.074591040611267,622.9247436523438,0.4081263244152069,4.834046840667725,3.2341971397399902,0.5097872614860535,0.9234042763710022,0.9514893889427185,6.1224589347839355,0.1304159788414836,0.14192091207951307
362,1.074591040611267,622.9247436523438,0.4081263244152069,4.834046840667725,3.2341971397399902,0.5097872614860535,0.9234042763710022,0.9514893889427185,6.1224589347839355,0.13206924311816692,0.14372808393090963
363,1.074591040611267,622.9247436523438,0.4081263244152069,4.834046840667725,3.2341971397399902,0.5097872614860535,0.9234042763710022,0.9514893889427185,6.1224589347839355,0.13199901301413774,0.1435822630301118
364,1.074591040611267,622.9247436523438,0.4081263244152069,4.834046840667725,3.2341971397399902,0.5097872614860535,0.9234042763710022,0.9514893889427185,6.1224589347839355,0.1322954809293151,0.14410756109282374
365,1.074591040611267,622.9247436523438,0.4081263244152069,4.834046840667725,3.2341971397399902,0.5097872614860535,0.9234042763710022,0.9514893889427185,6.1224589347839355,0.12824026634916663,0.13964727008715272
366,1.074591040611267,622.9247436523438,0.4081263244152069,4.834046840667725,3.2341971397399902,0.5097872614860535,0.9234042763710022,0.9514893889427185,6.1224589347839355,0.13081716001033783,0.14230538718402386
367,1.074591040611267,622.9247436523438,0.4081263244152069,4.834046840667725,3.2341971397399902,0.5097872614860535,0.9234042763710022,0.9514893889427185,6.1224589347839355,0.13315658131614327,0.14478496694937348
368,1.074591040611267,622.9247436523438,0.4081263244152069,4.834046840667725,3.2341971397399902,0.5097872614860535,0.9234042763710022,0.9514893889427185,6.1224589347839355,0.12739328993484378,0.13867890881374478
369,1.074591040611267,622.9247436523438,0.4081263244152069,4.834046840667725,3.2341971397399902,0.5097872614860535,0.9234042763710022,0.9514893889427185,6.1224589347839355,0.12576015200465918,0.13696309784427285
370,1.074591040611267,622.9247436523438,0.4081263244152069,4.834046840667725,3.2341971397399902,0.5097872614860535,0.9234042763710022,0.9514893889427185,6.1224589347839355,0.12118432996794581,0.13228707807138562
371,1.074591040611267,622.9247436523438,0.4081263244152069,4.834046840667725,3.2341971397399902,0.5097872614860535,0.9234042763710022,0.9514893889427185,6.1224589347839355,0.12220551213249564,0.13353914581239223
372,1.074591040611267,622.9247436523438,0.4081263244152069,4.834046840667725,3.2341971397399902,0.5097872614860535,0.9234042763710022,0.9514893889427185,6.1224589347839355,0.1252725231461227,0.13672120589762926
373,1.074591040611267,622.9247436523438,0.4081263244152069,4.834046840667725,3.2341971397399902,0.5097872614860535,0.9234042763710022,0.9514893889427185,6.1224589347839355,0.126740463078022,0.13807440921664238
374,1.074591040611267,622.9247436523438,0.4081263244152069,4.834046840667725,3.2341971397399902,0.5097872614860535,0.9234042763710022,0.9514893889427185,6.1224589347839355,0.12948146974667907,0.14096399070695043
375,1.074591040611267,622.9247436523438,0.4081263244152069,4.834046840667725,3.2341971397399902,0.5097872614860535,0.9234042763710022,0.9514893889427185,6.1224589347839355,0.13082880014553666,0.14322670735418797
376,1.074591040611267,622.9247436523438,0.4081263244152069,4.834046840667725,3.2341971397399902,0.5097872614860535,0.9234042763710022,0.9514893889427185,6.1224589347839355,0.13029569713398814,0.1418281700462103
377,1.074591040611267,622.9247436523438,0.4081263244152069,4.834046840667725,3.2341971397399902,0.5097872614860535,0.9234042763710022,0.9514893889427185,6.1224589347839355,0.13202602183446288,0.14355825958773494
378,1.074591040611267,622.9247436523438,0.4081263244152069,4.834046840667725,3.2341971397399902,0.5097872614860535,0.9234042763710022,0.9514893889427185,6.1224589347839355,0.13035715278238058,0.14185276115313172
379,1.074591040611267,622.9247436523438,0.4081263244152069,4.834046840667725,3.2341971397399902,0.5097872614860535,0.9234042763710022,0.9514893889427185,6.1224589347839355,0.13006603717803955,0.14155140426009893
380,1.074591040611267,622.9247436523438,0.4081263244152069,4.834046840667725,3.2341971397399902,0.5097872614860535,0.9234042763710022,0.9514893889427185,6.1224589347839355,0.1302792988717556,0.14188167778775096
381,1.074591040611267,622.9247436523438,0.4081263244152069,4.834046840667725,3.2341971397399902,0.5097872614860535,0.9234042763710022,0.9514893889427185,6.1224589347839355,0.13000904116779566,0.14160581398755312
382,1.074591040611267,622.9247436523438,0.4081263244152069,4.834046840667725,3.2341971397399902,0.5097872614860535,0.9234042763710022,0.9514893889427185,6.1224589347839355,0.1297952849417925,0.14104598527774215
383,1.074591040611267,622.9247436523438,0.4081263244152069,4.834046840667725,3.2341971397399902,0.5097872614860535,0.9234042763710022,0.9514893889427185,6.1224589347839355,0.127926176879555,0.13950985996052623
384,1.074591040611267,622.9247436523438,0.4081263244152069,4.834046840667725,3.2341971397399902,0.5097872614860535,0.9234042763710022,0.9514893889427185,6.1224589347839355,0.12925672670826316,0.14058986073359847
385,1.074591040611267,622.9247436523438,0.4081263244152069,4.834046840667725,3.2341971397399902,0.5097872614860535,0.9234042763710022,0.9514893889427185,6.1224589347839355,0.12777075776830316,0.13940179580822587
386,1.074591040611267,622.9247436523438,0.4081263244152069,4.834046840667725,3.2341971397399902,0.5097872614860535,0.9234042763710022,0.9514893889427185,6.1224589347839355,0.12491815397515893,0.13637800514698029
387,1.074591040611267,622.9247436523438,0.4081263244152069,4.834046840667725,3.2341971397399902,0.5097872614860535,0.9234042763710022,0.9514893889427185,6.1224589347839355,0.12726310594007373,0.13864485686644912
388,1.074591040611267,622.9247436523438,0.4081263244152069,4.834046840667725,3.2341971397399902,0.5097872614860535,0.9234042763710022,0.9514893889427185,6.1224589347839355,0.12473176419734955,0.1358289490453899
389,1.074591040611267,622.9247436523438,0.4081263244152069,4.834046840667725,3.2341971397399902,0.5097872614860535,0.9234042763710022,0.9514893889427185,6.1224589347839355,0.12343455478549004,0.1346389758400619
390,1.074591040611267,622.9247436523438,0.4081263244152069,4.834046840667725,3.2341971397399902,0.5097872614860535,0.9234042763710022,0.9514893889427185,6.1224589347839355,0.12236514408141375,0.13362261839210987
391,1.074591040611267,622.9247436523438,0.4081263244152069,4.834046840667725,3.2341971397399902,0.5097872614860535,0.9234042763710022,0.9514893889427185,6.1224589347839355,0.12657407810911536,0.13796116318553686
392,1.074591040611267,622.9247436523438,0.4081263244152069,4.834046840667725,3.2341971397399902,0.5097872614860535,0.9234042763710022,0.9514893889427185,6.1224589347839355,0.12635468924418092,0.137711841147393
393,1.074591040611267,622.9247436523438,0.4081263244152069,4.834046840667725,3.2341971397399902,0.5097872614860535,0.9234042763710022,0.9514893889427185,6.1224589347839355,0.12723627826198936,0.13860045606270432
394,1.074591040611267,622.9247436523438,0.4081263244152069,4.834046840667725,3.2341971397399902,0.5097872614860535,0.9234042763710022,0.9514893889427185,6.1224589347839355,0.12774392683058977,0.13905210979282856
395,1.074591040611267,622.9247436523438,0.4081263244152069,4.834046840667725,3.2341971397399902,0.5097872614860535,0.9234042763710022,0.9514893889427185,6.1224589347839355,0.13141625793650746,0.14297327399253845
396,1.074591040611267,622.9247436523438,0.4081263244152069,4.834046840667725,3.2341971397399902,0.5097872614860535,0.9234042763710022,0.9514893889427185,6.1224589347839355,0.13043912732973695,0.1418774053454399
397,1.074591040611267,622.9247436523438,0.4081263244152069,4.834046840667725,3.2341971397399902,0.5097872614860535,0.9234042763710022,0.9514893889427185,6.1224589347839355,0.13358861301094294,0.1451081931591034
398,1.074591040611267,622.9247436523438,0.4081263244152069,4.834046840667725,3.2341971397399902,0.5097872614860535,0.9234042763710022,0.9514893889427185,6.1224589347839355,0.13188128266483545,0.14357762271538377
399,1.074591040611267,622.9247436523438,0.4081263244152069,4.834046840667725,3.2341971397399902,0.5097872614860535,0.9234042763710022,0.9514893889427185,6.1224589347839355,0.13159427884966135,0.1433023870922625
400,1.074591040611267,622.9247436523438,0.4081263244152069,4.834046840667725,3.2341971397399902,0.5097872614860535,0.9234042763710022,0.9514893889427185,6.1224589347839355,0.13151818700134754,0.14322664216160774
401,1.074591040611267,622.9247436523438,0.4081263244152069,4.834046840667725,3.2341971397399902,0.5097872614860535,0.9234042763710022,0.9514893889427185,6.1224589347839355,0.12867159023880959,0.14016656205058098
402,1.074591040611267,622.9247436523438,0.4081263244152069,4.834046840667725,3.2341971397399902,0.5097872614860535,0.9234042763710022,0.9514893889427185,6.1224589347839355,0.1256118849851191,0.13698622770607471
403,1.074591040611267,622.9247436523438,0.4081263244152069,4.834046840667725,3.2341971397399902,0.5097872614860535,0.9234042763710022,0.9514893889427185,6.1224589347839355,0.1271786200813949,0.13845469197258353
404,1.074591040611267,622.9247436523438,0.4081263244152069,4.834046840667725,3.2341971397399902,0.5097872614860535,0.9234042763710022,0.9514893889427185,6.1224589347839355,0.1272749649360776,0.13833414763212204
405,1.074591040611267,622.9247436523438,0.4081263244152069,4.834046840667725,3.2341971397399902,0.5097872614860535,0.9234042763710022,0.9514893889427185,6.1224589347839355,0.12754849204793572,0.13895227387547493
406,1.074591040611267,622.9247436523438,0.4081263244152069,4.834046840667725,3.2341971397399902,0.5097872614860535,0.9234042763710022,0.9514893889427185,6.1224589347839355,0.12692908197641373,0.1383277070708573
407,1.074591040611267,622.9247436523438,0.4081263244152069,4.834046840667725,3.2341971397399902,0.5097872614860535,0.9234042763710022,0.9514893889427185,6.1224589347839355,0.1275868797674775,0.13893518690019846
408,1.074591040611267,622.9247436523438,0.4081263244152069,4.834046840667725,3.2341971397399902,0.5097872614860535,0.9234042763710022,0.9514893889427185,6.1224589347839355,0.126424100715667,0.13784438371658325
409,1.074591040611267,622.9247436523438,0.4081263244152069,4.834046840667725,3.2341971397399902,0.5097872614860535,0.9234042763710022,0.9514893889427185,6.1224589347839355,0.1290953140705824,0.1405278230085969
410,1.074591040611267,622.9247436523438,0.4081263244152069,4.834046840667725,3.2341971397399902,0.5097872614860535,0.9234042763710022,0.9514893889427185,6.1224589347839355,0.1306878817267716,0.14214020781219006
411,1.074591040611267,622.9247436523438,0.4081263244152069,4.834046840667725,3.2341971397399902,0.5097872614860535,0.9234042763710022,0.9514893889427185,6.1224589347839355,0.13160210708156228,0.14303079713135958
412,1.074591040611267,622.9247436523438,0.4081263244152069,4.834046840667725,3.2341971397399902,0.5097872614860535,0.9234042763710022,0.9514893889427185,6.1224589347839355,0.1302487412467599,0.14176184497773647
413,1.074591040611267,622.9247436523438,0.4081263244152069,4.834046840667725,3.2341971397399902,0.5097872614860535,0.9234042763710022,0.9514893889427185,6.1224589347839355,0.13358093705028296,0.1451292559504509
414,1.074591040611267,622.9247436523438,0.4081263244152069,4.834046840667725,3.2341971397399902,0.5097872614860535,0.9234042763710022,0.9514893889427185,6.1224589347839355,0.12969176471233368,0.1411191481165588
415,1.074591040611267,622.9247436523438,0.4081263244152069,4.834046840667725,3.2341971397399902,0.5097872614860535,0.9234042763710022,0.9514893889427185,6.1224589347839355,0.12952939793467522,0.14082344435155392
416,1.074591040611267,622.9247436523438,0.4081263244152069,4.834046840667725,3.2341971397399902,0.5097872614860535,0.9234042763710022,0.9514893889427185,6.1224589347839355,0.12945836409926414,0.14103858498856425
417,1.074591040611267,622.9247436523438,0.4081263244152069,4.834046840667725,3.2341971397399902,0.5097872614860535,0.9234042763710022,0.9514893889427185,6.1224589347839355,0.12816536519676447,0.13942942628636956
418,1.074591040611267,622.9247436523438,0.4081263244152069,4.834046840667725,3.2341971397399902,0.5097872614860535,0.9234042763710022,0.9514893889427185,6.1224589347839355,0.1264349459670484,0.13771406887099147
419,1.074591040611267,622.9247436523438,0.4081263244152069,4.834046840667725,3.2341971397399902,0.5097872614860535,0.9234042763710022,0.9514893889427185,6.1224589347839355,0.1259426949545741,0.13704673293977976
420,1.074591040611267,622.9247436523438,0.4081263244152069,4.834046840667725,3.2341971397399902,0.5097872614860535,0.9234042763710022,0.9514893889427185,6.1224589347839355,0.1279236702248454,0.13932048389688134
421,1.074591040611267,622.9247436523438,0.4081263244152069,4.834046840667725,3.2341971397399902,0.5097872614860535,0.9234042763710022,0.9514893889427185,6.1224589347839355,0.12825249833986163,0.13981961831450462
422,1.074591040611267,622.9247436523438,0.4081263244152069,4.834046840667725,3.2341971397399902,0.5097872614860535,0.9234042763710022,0.9514893889427185,6.1224589347839355,0.13146315794438124,0.14303413778543472
423,1.074591040611267,622.9247436523438,0.4081263244152069,4.834046840667725,3.2341971397399902,0.5097872614860535,0.9234042763710022,0.9514893889427185,6.1224589347839355,0.13219449622556567,0.14393457910045981
424,1.074591040611267,622.9247436523438,0.4081263244152069,4.834046840667725,3.2341971397399902,0.5097872614860535,0.9234042763710022,0.9514893889427185,6.1224589347839355,0.13029421772807837,0.14188799494877458
425,1.074591040611267,622.9247436523438,0.4081263244152069,4.834046840667725,3.2341971397399902,0.5097872614860535,0.9234042763710022,0.9514893889427185,6.1224589347839355,0.12979354290291667,0.14113434171304107
426,1.074591040611267,622.9247436523438,0.4081263244152069,4.834046840667725,3.2341971397399902,0.5097872614860535,0.9234042763710022,0.9514893889427185,6.1224589347839355,0.13180538779124618,0.14322359580546618
427,1.074591040611267,622.9247436523438,0.4081263244152069,4.834046840667725,3.2341971397399902,0.5097872614860535,0.9234042763710022,0.9514893889427185,6.1224589347839355,0.1292348620481789,0.1409982950426638
428,1.074591040611267,622.9247436523438,0.4081263244152069,4.834046840667725,3.2341971397399902,0.5097872614860535,0.9234042763710022,0.9514893889427185,6.1224589347839355,0.1267956392839551,0.13794980524107814
429,1.074591040611267,622.9247436523438,0.4081263244152069,4.834046840667725,3.2341971397399902,0.5097872614860535,0.9234042763710022,0.9514893889427185,6.1224589347839355,0.12428552424535155,0.13546912232413888
430,1.074591040611267,622.9247436523438,0.4081263244152069,4.834046840667725,3.2341971397399902,0.5097872614860535,0.9234042763710022,0.9514893889427185,6.1224589347839355,0.12415824783965945,0.1354530737735331
431,1.074591040611267,622.9247436523438,0.4081263244152069,4.834046840667725,3.2341971397399902,0.5097872614860535,0.9234042763710022,0.9514893889427185,6.1224589347839355,0.12694191792979836,0.13816699385643005
432,1.074591040611267,622.9247436523438,0.4081263244152069,4.834046840667725,3.2341971397399902,0.5097872614860535,0.9234042763710022,0.9514893889427185,6.1224589347839355,0.12790694134309888,0.1394256860949099
433,1.074591040611267,622.9247436523438,0.4081263244152069,4.834046840667725,3.2341971397399902,0.5097872614860535,0.9234042763710022,0.9514893889427185,6.1224589347839355,0.13051498075947165,0.14219712372869253
434,1.074591040611267,622.9247436523438,0.4081263244152069,4.834046840667725,3.2341971397399902,0.5097872614860535,0.9234042763710022,0.9514893889427185,6.1224589347839355,0.1314070881344378,0.1429916899651289
435,1.074591040611267,622.9247436523438,0.4081263244152069,4.834046840667725,3.2341971397399902,0.5097872614860535,0.9234042763710022,0.9514893889427185,6.1224589347839355,0.13254427909851074,0.1440433030948043
436,1.074591040611267,622.9247436523438,0.4081263244152069,4.834046840667725,3.2341971397399902,0.5097872614860535,0.9234042763710022,0.9514893889427185,6.1224589347839355,0.13082188135012984,0.14262798009440303
437,1.074591040611267,622.9247436523438,0.4081263244152069,4.834046840667725,3.2341971397399902,0.5097872614860535,0.9234042763710022,0.9514893889427185,6.1224589347839355,0.1307125948369503,0.14251675177365541
438,1.074591040611267,622.9247436523438,0.4081263244152069,4.834046840667725,3.2341971397399902,0.5097872614860535,0.9234042763710022,0.9514893889427185,6.1224589347839355,0.12986318115144968,0.14138068817555904
439,1.074591040611267,622.9247436523438,0.4081263244152069,4.834046840667725,3.2341971397399902,0.5097872614860535,0.9234042763710022,0.9514893889427185,6.1224589347839355,0.12985146092250943,0.1411927998997271
440,1.074591040611267,622.9247436523438,0.4081263244152069,4.834046840667725,3.2341971397399902,0.5097872614860535,0.9234042763710022,0.9514893889427185,6.1224589347839355,0.12705777306109667,0.13852931885048747
441,1.074591040611267,622.9247436523438,0.4081263244152069,4.834046840667725,3.2341971397399902,0.5097872614860535,0.9234042763710022,0.9514893889427185,6.1224589347839355,0.12549296813085675,0.13692055875435472
442,1.074591040611267,622.9247436523438,0.4081263244152069,4.834046840667725,3.2341971397399902,0.5097872614860535,0.9234042763710022,0.9514893889427185,6.1224589347839355,0.12737650703638792,0.13865568116307259
443,1.074591040611267,622.9247436523438,0.4081263244152069,4.834046840667725,3.2341971397399902,0.5097872614860535,0.9234042763710022,0.9514893889427185,6.1224589347839355,0.12988423090428114,0.1413569818250835
444,1.074591040611267,622.9247436523438,0.4081263244152069,4.834046840667725,3.2341971397399902,0.5097872614860535,0.9234042763710022,0.9514893889427185,6.1224589347839355,0.13265436422079802,0.14431271236389875
445,1.074591040611267,622.9247436523438,0.4081263244152069,4.834046840667725,3.2341971397399902,0.5097872614860535,0.9234042763710022,0.9514893889427185,6.1224589347839355,0.13183084409683943,0.1432214779779315
446,1.074591040611267,622.9247436523438,0.4081263244152069,4.834046840667725,3.2341971397399902,0.5097872614860535,0.9234042763710022,0.9514893889427185,6.1224589347839355,0.12812693091109395,0.13995156064629555
447,1.074591040611267,622.9247436523438,0.4081263244152069,4.834046840667725,3.2341971397399902,0.5097872614860535,0.9234042763710022,0.9514893889427185,6.1224589347839355,0.13156181294471025,0.14331257715821266
448,1.074591040611267,622.9247436523438,0.4081263244152069,4.834046840667725,3.2341971397399902,0.5097872614860535,0.9234042763710022,0.9514893889427185,6.1224589347839355,0.12767596589401364,0.13929334376007318
449,1.074591040611267,622.9247436523438,0.4081263244152069,4.834046840667725,3.2341971397399902,0.5097872614860535,0.9234042763710022,0.9514893889427185,6.1224589347839355,0.1270319288596511,0.13821730995550752
450,1.074591040611267,622.9247436523438,0.4081263244152069,4.834046840667725,3.2341971397399902,0.5097872614860535,0.9234042763710022,0.9514893889427185,6.1224589347839355,0.12909347098320723,0.14064526790753007
451,1.074591040611267,622.9247436523438,0.4081263244152069,4.834046840667725,3.2341971397399902,0.5097872614860535,0.9234042763710022,0.9514893889427185,6.1224589347839355,0.13339223200455308,0.1448884392157197
452,1.074591040611267,622.9247436523438,0.4081263244152069,4.834046840667725,3.2341971397399902,0.5097872614860535,0.9234042763710022,0.9514893889427185,6.1224589347839355,0.1288730539381504,0.14032026985660195
453,1.074591040611267,622.9247436523438,0.4081263244152069,4.834046840667725,3.2341971397399902,0.5097872614860535,0.9234042763710022,0.9514893889427185,6.1224589347839355,0.12968136882409453,0.14106008363887668
454,1.074591040611267,622.9247436523438,0.4081263244152069,4.834046840667725,3.2341971397399902,0.5097872614860535,0.9234042763710022,0.9514893889427185,6.1224589347839355,0.12608132511377335,0.13721545180305839
455,1.074591040611267,622.9247436523438,0.4081263244152069,4.834046840667725,3.2341971397399902,0.5097872614860535,0.9234042763710022,0.9514893889427185,6.1224589347839355,0.12902887165546417,0.14047552272677422
456,1.074591040611267,622.9247436523438,0.4081263244152069,4.834046840667725,3.2341971397399902,0.5097872614860535,0.9234042763710022,0.9514893889427185,6.1224589347839355,0.12960180826485157,0.14188517397269607
457,1.074591040611267,622.9247436523438,0.4081263244152069,4.834046840667725,3.2341971397399902,0.5097872614860535,0.9234042763710022,0.9514893889427185,6.1224589347839355,0.13102391688153148,0.1427209870889783
458,1.074591040611267,622.9247436523438,0.4081263244152069,4.834046840667725,3.2341971397399902,0.5097872614860535,0.9234042763710022,0.9514893889427185,6.1224589347839355,0.12975898012518883,0.14128812914714217
459,1.074591040611267,622.9247436523438,0.4081263244152069,4.834046840667725,3.2341971397399902,0.5097872614860535,0.9234042763710022,0.9514893889427185,6.1224589347839355,0.12945230770856142,0.14091274794191122
460,1.074591040611267,622.9247436523438,0.4081263244152069,4.834046840667725,3.2341971397399902,0.5097872614860535,0.9234042763710022,0.9514893889427185,6.1224589347839355,0.12644884502515197,0.1382866450585425
461,1.074591040611267,622.9247436523438,0.4081263244152069,4.834046840667725,3.2341971397399902,0.5097872614860535,0.9234042763710022,0.9514893889427185,6.1224589347839355,0.1284055602736771,0.139822899363935
462,1.074591040611267,622.9247436523438,0.4081263244152069,4.834046840667725,3.2341971397399902,0.5097872614860535,0.9234042763710022,0.9514893889427185,6.1224589347839355,0.12870882311835885,0.1401812070980668
463,1.074591040611267,622.9247436523438,0.4081263244152069,4.834046840667725,3.2341971397399902,0.5097872614860535,0.9234042763710022,0.9514893889427185,6.1224589347839355,0.1262709959410131,0.1376322261057794
464,1.074591040611267,622.9247436523438,0.4081263244152069,4.834046840667725,3.2341971397399902,0.5097872614860535,0.9234042763710022,0.9514893889427185,6.1224589347839355,0.12529062712565064,0.13668258814141154
465,1.074591040611267,622.9247436523438,0.4081263244152069,4.834046840667725,3.2341971397399902,0.5097872614860535,0.9234042763710022,0.9514893889427185,6.1224589347839355,0.1258423300459981,0.1371986730955541
466,1.074591040611267,622.9247436523438,0.4081263244152069,4.834046840667725,3.2341971397399902,0.5097872614860535,0.9234042763710022,0.9514893889427185,6.1224589347839355,0.12677323864772916,0.13812562264502048
467,1.074591040611267,622.9247436523438,0.4081263244152069,4.834046840667725,3.2341971397399902,0.5097872614860535,0.9234042763710022,0.9514893889427185,6.1224589347839355,0.12766553601250052,0.13945311168208718
468,1.074591040611267,622.9247436523438,0.4081263244152069,4.834046840667725,3.2341971397399902,0.5097872614860535,0.9234042763710022,0.9514893889427185,6.1224589347839355,0.12885151896625757,0.14044517930597067
469,1.074591040611267,622.9247436523438,0.4081263244152069,4.834046840667725,3.2341971397399902,0.5097872614860535,0.9234042763710022,0.9514893889427185,6.1224589347839355,0.12967493990436196,0.1411514300853014
470,1.074591040611267,622.9247436523438,0.4081263244152069,4.834046840667725,3.2341971397399902,0.5097872614860535,0.9234042763710022,0.9514893889427185,6.1224589347839355,0.12932792492210865,0.1407720777206123
471,1.074591040611267,622.9247436523438,0.4081263244152069,4.834046840667725,3.2341971397399902,0.5097872614860535,0.9234042763710022,0.9514893889427185,6.1224589347839355,0.13083734409883618,0.14239621115848422
472,1.074591040611267,622.9247436523438,0.4081263244152069,4.834046840667725,3.2341971397399902,0.5097872614860535,0.9234042763710022,0.9514893889427185,6.1224589347839355,0.13199317874386907,0.14362560072913766
473,1.074591040611267,622.9247436523438,0.4081263244152069,4.834046840667725,3.2341971397399902,0.5097872614860535,0.9234042763710022,0.9514893889427185,6.1224589347839355,0.12870499165728688,0.13996914168819785
474,1.074591040611267,622.9247436523438,0.4081263244152069,4.834046840667725,3.2341971397399902,0.5097872614860535,0.9234042763710022,0.9514893889427185,6.1224589347839355,0.1266996469348669,0.13825382478535175
475,1.074591040611267,622.9247436523438,0.4081263244152069,4.834046840667725,3.2341971397399902,0.5097872614860535,0.9234042763710022,0.9514893889427185,6.1224589347839355,0.12428017519414425,0.13540134206414223
476,1.074591040611267,622.9247436523438,0.4081263244152069,4.834046840667725,3.2341971397399902,0.5097872614860535,0.9234042763710022,0.9514893889427185,6.1224589347839355,0.12502598809078336,0.13636872125789523
477,1.074591040611267,622.9247436523438,0.4081263244152069,4.834046840667725,3.2341971397399902,0.5097872614860535,0.9234042763710022,0.9514893889427185,6.1224589347839355,0.12399449711665511,0.13530496787279844
478,1.074591040611267,622.9247436523438,0.4081263244152069,4.834046840667725,3.2341971397399902,0.5097872614860535,0.9234042763710022,0.9514893889427185,6.1224589347839355,0.12350767711177468,0.13497605780139565
479,1.074591040611267,622.9247436523438,0.4081263244152069,4.834046840667725,3.2341971397399902,0.5097872614860535,0.9234042763710022,0.9514893889427185,6.1224589347839355,0.12868270091712475,0.14008827088400722
480,1.074591040611267,622.9247436523438,0.4081263244152069,4.834046840667725,3.2341971397399902,0.5097872614860535,0.9234042763710022,0.9514893889427185,6.1224589347839355,0.12685063621029258,0.13843492977321148
481,1.074591040611267,622.9247436523438,0.4081263244152069,4.834046840667725,3.2341971397399902,0.5097872614860535,0.9234042763710022,0.9514893889427185,6.1224589347839355,0.1333141690120101,0.1450076620094478
482,1.074591040611267,622.9247436523438,0.4081263244152069,4.834046840667725,3.2341971397399902,0.5097872614860535,0.9234042763710022,0.9514893889427185,6.1224589347839355,0.13166858907788992,0.14309421507641673
483,1.074591040611267,622.9247436523438,0.4081263244152069,4.834046840667725,3.2341971397399902,0.5097872614860535,0.9234042763710022,0.9514893889427185,6.1224589347839355,0.13243927201256156,0.14381482126191258
484,1.074591040611267,622.9247436523438,0.4081263244152069,4.834046840667725,3.2341971397399902,0.5097872614860535,0.9234042763710022,0.9514893889427185,6.1224589347839355,0.12923461897298694,0.14107068069279194
485,1.074591040611267,622.9247436523438,0.4081263244152069,4.834046840667725,3.2341971397399902,0.5097872614860535,0.9234042763710022,0.9514893889427185,6.1224589347839355,0.13075508223846555,0.14198820339515805
486,1.074591040611267,622.9247436523438,0.4081263244152069,4.834046840667725,3.2341971397399902,0.5097872614860535,0.9234042763710022,0.9514893889427185,6.1224589347839355,0.13037307793274522,0.1417821291834116
487,1.074591040611267,622.9247436523438,0.4081263244152069,4.834046840667725,3.2341971397399902,0.5097872614860535,0.9234042763710022,0.9514893889427185,6.1224589347839355,0.1267476538196206,0.1378474347293377
488,1.074591040611267,622.9247436523438,0.4081263244152069,4.834046840667725,3.2341971397399902,0.5097872614860535,0.9234042763710022,0.9514893889427185,6.1224589347839355,0.12221829080954194,0.13332945480942726
489,1.074591040611267,622.9247436523438,0.4081263244152069,4.834046840667725,3.2341971397399902,0.5097872614860535,0.9234042763710022,0.9514893889427185,6.1224589347839355,0.1237693470902741,0.13477400736883283
490,1.074591040611267,622.9247436523438,0.4081263244152069,4.834046840667725,3.2341971397399902,0.5097872614860535,0.9234042763710022,0.9514893889427185,6.1224589347839355,0.12257929099723697,0.1338216378353536
491,1.074591040611267,622.9247436523438,0.4081263244152069,4.834046840667725,3.2341971397399902,0.5097872614860535,0.9234042763710022,0.9514893889427185,6.1224589347839355,0.12440440990030766,0.13585002394393086
492,1.074591040611267,622.9247436523438,0.4081263244152069,4.834046840667725,3.2341971397399902,0.5097872614860535,0.9234042763710022,0.9514893889427185,6.1224589347839355,0.1264983327127993,0.13776474073529243
493,1.074591040611267,622.9247436523438,0.4081263244152069,4.834046840667725,3.2341971397399902,0.5097872614860535,0.9234042763710022,0.9514893889427185,6.1224589347839355,0.12842547986656427,0.13988823909312487
494,1.074591040611267,622.9247436523438,0.4081263244152069,4.834046840667725,3.2341971397399902,0.5097872614860535,0.9234042763710022,0.9514893889427185,6.1224589347839355,0.12829337967559695,0.1398798655718565
495,1.074591040611267,622.9247436523438,0.4081263244152069,4.834046840667725,3.2341971397399902,0.5097872614860535,0.9234042763710022,0.9514893889427185,6.1224589347839355,0.13039318332448602,0.1418536501005292
496,1.074591040611267,622.9247436523438,0.4081263244152069,4.834046840667725,3.2341971397399902,0.5097872614860535,0.9234042763710022,0.9514893889427185,6.1224589347839355,0.1308229211717844,0.14250968303531408
497,1.074591040611267,622.9247436523438,0.4081263244152069,4.834046840667725,3.2341971397399902,0.5097872614860535,0.9234042763710022,0.9514893889427185,6.1224589347839355,0.13250573398545384,0.14405767899006605
498,1.074591040611267,622.9247436523438,0.4081263244152069,4.834046840667725,3.2341971397399902,0.5097872614860535,0.9234042763710022,0.9514893889427185,6.1224589347839355,0.13061199989169836,0.14220742788165808
499,1.074591040611267,622.9247436523438,0.4081263244152069,4.834046840667725,3.2341971397399902,0.5097872614860535,0.9234042763710022,0.9514893889427185,6.1224589347839355,0.1299805510789156,0.14130413113161922
