iteration,loss,lengthscale,outputscale,likelyhood_noise,test_MAE,test_NLL,test_PICP50,test_PICP90,test_PICP95,test_RMSE,it_time_training,it_time
0,1.3740577697753906,3.169687509536743,0.5034959316253662,0.41665759682655334,6.282853603363037,3.492079019546509,0.5323129296302795,0.9285714030265808,0.9557822942733765,7.963381767272949,0.2677661064080894,0.3054060242138803
1,1.3223886489868164,3.2586352825164795,0.4436030983924866,0.2998134195804596,6.249547481536865,3.4696452617645264,0.49829933047294617,0.8928571343421936,0.942176878452301,7.840210437774658,0.01789521612226963,0.031017641071230173
2,1.3001923561096191,3.2926528453826904,0.4851802885532379,0.30432483553886414,6.18146276473999,3.4576237201690674,0.5017006993293762,0.8979591727256775,0.954081654548645,7.7640862464904785,0.017364950850605965,0.029410724062472582
3,1.2885680198669434,4.282521724700928,1.012855052947998,0.1654415726661682,5.373724460601807,3.350933074951172,0.5731292366981506,0.9404761791229248,0.9608843326568604,6.901902675628662,0.017448309808969498,0.02936397399753332
4,1.205892562866211,4.9468889236450195,0.9136633276939392,0.16245636343955994,5.1815361976623535,3.3061819076538086,0.5595238208770752,0.9251700639724731,0.9591836929321289,6.656217575073242,0.016239770222455263,0.027359681203961372
5,1.174196481704712,6.0602641105651855,0.5675666332244873,0.2464650720357895,4.998791217803955,3.251054048538208,0.5289115905761719,0.9251700639724731,0.9591836929321289,6.37870979309082,0.016413107980042696,0.027433610055595636
6,1.1396173238754272,7.3553338050842285,0.47166579961776733,0.30292776226997375,4.907764911651611,3.230332851409912,0.523809552192688,0.9319728016853333,0.9642857313156128,6.231536865234375,0.016589576844125986,0.027619039174169302
7,1.122805118560791,11.000006675720215,0.4272393584251404,0.31608355045318604,4.7866058349609375,3.202221632003784,0.4829931855201721,0.9200680255889893,0.9642857313156128,6.041959762573242,0.016587377060204744,0.027544228825718164
8,1.0944578647613525,15.716285705566406,0.38521328568458557,0.4387400150299072,4.75216007232666,3.213884115219116,0.557823121547699,0.9455782175064087,0.9710884094238281,5.98915433883667,0.016695186961442232,0.02752039022743702
9,1.0808357000350952,18.997089385986328,0.48124903440475464,0.37727078795433044,4.715134620666504,3.1964609622955322,0.5221088528633118,0.9336734414100647,0.9642857313156128,5.947218894958496,0.016892094165086746,0.02769325813278556
10,1.0609955787658691,24.15424919128418,0.6011417508125305,0.3525596857070923,4.695742607116699,3.1928482055664062,0.5,0.9268707633018494,0.9642857313156128,5.932435035705566,0.016846726182848215,0.02592255314812064
11,1.0513434410095215,27.537710189819336,0.6707135438919067,0.36315426230430603,4.69695520401001,3.1941657066345215,0.49659863114356995,0.9285714030265808,0.9625850319862366,5.933201789855957,0.013926548883318901,0.023017795756459236
12,1.0485612154006958,30.3104305267334,0.7575330138206482,0.3651566505432129,4.697158336639404,3.1948812007904053,0.49659863114356995,0.9285714030265808,0.9625850319862366,5.935245990753174,0.013792889192700386,0.023238554131239653
13,1.0472338199615479,32.05801010131836,0.8289993405342102,0.3661113977432251,4.69582462310791,3.1947948932647705,0.5017006993293762,0.9285714030265808,0.9625850319862366,5.934243679046631,0.013908619061112404,0.02297304617241025
14,1.0462510585784912,34.182613372802734,0.9416079521179199,0.36629191040992737,4.6893510818481445,3.193779230117798,0.49659863114356995,0.9251700639724731,0.9608843326568604,5.929091453552246,0.014083887916058302,0.023166065104305744
15,1.0448777675628662,35.812171936035156,1.0609344244003296,0.3648921847343445,4.675077438354492,3.191516637802124,0.4948979616165161,0.9268707633018494,0.9591836929321289,5.918717861175537,0.014125056099146605,0.023197403643280268
16,1.0433869361877441,36.94208526611328,1.179924726486206,0.3614875376224518,4.651865482330322,3.187756061553955,0.5034013390541077,0.930272102355957,0.9608843326568604,5.902088642120361,0.014447185210883617,0.023522371891885996
17,1.042065143585205,31.25455093383789,0.6302158832550049,0.3650006651878357,4.6341705322265625,3.182645082473755,0.5085033774375916,0.9319728016853333,0.9642857313156128,5.860151767730713,0.02072368422523141,0.030134008266031742
18,1.0382403135299683,32.72574234008789,0.6871300339698792,0.36173200607299805,4.6202545166015625,3.180609703063965,0.5170068144798279,0.9319728016853333,0.9625850319862366,5.849769592285156,0.02079957304522395,0.02973897196352482
19,1.0371246337890625,36.616981506347656,0.8256224393844604,0.35800981521606445,4.624579906463623,3.181696891784668,0.49829933047294617,0.9336734414100647,0.9608843326568604,5.85841703414917,0.014414444100111723,0.023401812184602022
20,1.0362765789031982,39.32154846191406,0.7739174365997314,0.35629552602767944,4.608938694000244,3.1790661811828613,0.5,0.9319728016853333,0.9591836929321289,5.839772701263428,0.014480683952569962,0.023481172043830156
21,1.0345497131347656,46.97435760498047,0.6563022136688232,0.36105501651763916,4.575659275054932,3.1747639179229736,0.511904776096344,0.9353741407394409,0.9574829936027527,5.8039655685424805,0.014641532208770514,0.023623410146683455
22,1.032856822013855,49.65667724609375,0.6966305375099182,0.3630606532096863,4.58668851852417,3.176058530807495,0.5085033774375916,0.9336734414100647,0.9591836929321289,5.810242176055908,0.01481808116659522,0.0238057691603899
23,1.0322399139404297,52.57101821899414,0.7013028264045715,0.3627637028694153,4.582329273223877,3.1755402088165283,0.5068027377128601,0.9336734414100647,0.9591836929321289,5.80614709854126,0.015246438328176737,0.024245246313512325
24,1.0320310592651367,57.88169479370117,0.6954406499862671,0.3629501163959503,4.575359344482422,3.1746528148651123,0.511904776096344,0.9336734414100647,0.9574829936027527,5.798983573913574,0.015033160336315632,0.024008668027818203
25,1.0317952632904053,62.014835357666016,0.6865683794021606,0.3631483018398285,4.57241678237915,3.1741416454315186,0.5102040767669678,0.9336734414100647,0.9574829936027527,5.794900417327881,0.015104979276657104,0.02404801733791828
26,1.031655192375183,65.44661712646484,0.682950496673584,0.36354121565818787,4.5711140632629395,3.173894166946411,0.5136054158210754,0.9353741407394409,0.9574829936027527,5.7926225662231445,0.015179579146206379,0.024224466178566217
27,1.0315920114517212,66.9637451171875,0.684316098690033,0.3637492060661316,4.570889949798584,3.173868417739868,0.5153061151504517,0.9353741407394409,0.9574829936027527,5.792022228240967,0.01535611692816019,0.024342344608157873
28,1.0315663814544678,71.11560821533203,0.6911939978599548,0.3641711175441742,4.570558547973633,3.1738626956939697,0.5153061151504517,0.9353741407394409,0.9574829936027527,5.79071569442749,0.015811994206160307,0.024781952146440744
29,1.0314676761627197,79.85279083251953,0.7017665505409241,0.36471304297447205,4.5717315673828125,3.173938035964966,0.511904776096344,0.9353741407394409,0.9574829936027527,5.788699150085449,0.015550385229289532,0.024520163889974356
30,1.0311511754989624,104.99195098876953,0.7276048064231873,0.3657032251358032,4.584440231323242,3.1756861209869385,0.5085033774375916,0.9370748400688171,0.9591836929321289,5.792928218841553,0.05580224422737956,0.06485797092318535
31,1.029923677444458,109.49798583984375,0.7284157872200012,0.36572444438934326,4.589470386505127,3.1767196655273438,0.5085033774375916,0.9353741407394409,0.9591836929321289,5.79794454574585,0.035711754113435745,0.044733372051268816
32,1.0298266410827637,112.40413665771484,0.7044190168380737,0.3653906583786011,4.590215682983398,3.1766419410705566,0.5085033774375916,0.9353741407394409,0.9591836929321289,5.797052383422852,0.01586856320500374,0.024836241267621517
33,1.0296499729156494,119.47702026367188,0.6575667262077332,0.36393827199935913,4.587672710418701,3.175976514816284,0.5034013390541077,0.9353741407394409,0.9591836929321289,5.792968273162842,0.016036032233387232,0.0250623500905931
34,1.0294983386993408,120.95394897460938,0.6603778004646301,0.3639868199825287,4.588290214538574,3.176118850708008,0.5051020383834839,0.9353741407394409,0.9591836929321289,5.793612957000732,0.016089210752397776,0.02510995790362358
35,1.0294930934906006,123.36370086669922,0.6636060476303101,0.36413100361824036,4.588076591491699,3.1761276721954346,0.5034013390541077,0.9353741407394409,0.9591836929321289,5.793491840362549,0.016452197916805744,0.025486736092716455
36,1.0294866561889648,128.28997802734375,0.6636053919792175,0.3642970323562622,4.588082313537598,3.1761677265167236,0.5034013390541077,0.9353741407394409,0.9591836929321289,5.793482780456543,0.016302629839628935,0.025274307932704687
37,1.0294771194458008,138.5773468017578,0.6604050993919373,0.36444953083992004,4.587922096252441,3.176175594329834,0.5034013390541077,0.9353741407394409,0.9591836929321289,5.793227672576904,0.016488688066601753,0.025899421889334917
38,1.0294607877731323,150.88787841796875,0.6556733250617981,0.36450865864753723,4.587779998779297,3.176170825958252,0.5034013390541077,0.9353741407394409,0.9591836929321289,5.792929172515869,0.016535117756575346,0.02555840602144599
39,1.029444932937622,168.53843688964844,0.6524734497070312,0.3645537197589874,4.587529182434082,3.176168203353882,0.5034013390541077,0.9353741407394409,0.9591836929321289,5.792524337768555,0.016674526035785675,0.025666293688118458
40,1.0294268131256104,192.11534118652344,0.652621328830719,0.36468055844306946,4.58717679977417,3.176185369491577,0.5034013390541077,0.9353741407394409,0.9591836929321289,5.792098522186279,0.016868494916707277,0.025946831796318293
41,1.029410481452942,219.23033142089844,0.6561951637268066,0.3648430407047272,4.586818218231201,3.1762237548828125,0.5034013390541077,0.9353741407394409,0.9591836929321289,5.791800498962402,0.01721176179125905,0.026423698756843805
42,1.029400110244751,244.87864685058594,0.6599164605140686,0.3649890422821045,4.586591720581055,3.176264524459839,0.5034013390541077,0.9353741407394409,0.9591836929321289,5.791656017303467,0.01700441399589181,0.026021932251751423
43,1.0293954610824585,267.80487060546875,0.6617552042007446,0.36508020758628845,4.58648681640625,3.1762924194335938,0.5034013390541077,0.9353741407394409,0.9591836929321289,5.791597843170166,0.01710672304034233,0.026070181280374527
44,1.0293934345245361,298.00860595703125,0.6621554493904114,0.36515012383461,4.5864362716674805,3.176316261291504,0.5034013390541077,0.9353741407394409,0.9591836929321289,5.791567802429199,0.01728233089670539,0.02628892892971635
45,1.0293912887573242,340.875,0.6609230637550354,0.3651898205280304,4.586433410644531,3.1763319969177246,0.5034013390541077,0.9353741407394409,0.9591836929321289,5.791550159454346,0.01760941930115223,0.026616547256708145
46,1.0293893814086914,389.85595703125,0.6589891910552979,0.3651916980743408,4.586452960968018,3.1763367652893066,0.5034013390541077,0.9353741407394409,0.9591836929321289,5.791533470153809,0.017716268077492714,0.02671204600483179
47,1.0293883085250854,435.99395751953125,0.6577643752098083,0.36519014835357666,4.5864577293396,3.1763393878936768,0.5017006993293762,0.9353741407394409,0.9591836929321289,5.791512489318848,0.017631199210882187,0.026585646905004978
48,1.0293877124786377,485.1429748535156,0.6572839021682739,0.3651970326900482,4.586447238922119,3.1763429641723633,0.5017006993293762,0.9353741407394409,0.9591836929321289,5.7914910316467285,0.017634418793022633,0.026604047045111656
49,1.0293872356414795,550.94189453125,0.6573531627655029,0.3652157187461853,4.586421489715576,3.176349401473999,0.5017006993293762,0.9353741407394409,0.9591836929321289,5.791468620300293,0.017923227045685053,0.026911604683846235
50,1.0293869972229004,630.86083984375,0.6577962636947632,0.36523956060409546,4.586390018463135,3.1763570308685303,0.5017006993293762,0.9353741407394409,0.9591836929321289,5.791448593139648,0.017889757174998522,0.026911695022135973
51,1.0293868780136108,712.468017578125,0.6581370234489441,0.36525967717170715,4.586367130279541,3.176363229751587,0.5017006993293762,0.9353741407394409,0.9591836929321289,5.79143762588501,0.01800015615299344,0.026997433975338936
52,1.0293867588043213,795.6055297851562,0.658255398273468,0.36526960134506226,4.586355209350586,3.1763663291931152,0.5017006993293762,0.9353741407394409,0.9591836929321289,5.791431427001953,0.018383882008492947,0.027572119142860174
53,1.0293866395950317,895.8206176757812,0.6581798791885376,0.3652760982513428,4.58635139465332,3.1763689517974854,0.5017006993293762,0.9353741407394409,0.9591836929321289,5.791428089141846,0.018357492983341217,0.027356801088899374
54,1.0293866395950317,1011.7224731445312,0.658000111579895,0.36527717113494873,4.586348533630371,3.1763689517974854,0.5017006993293762,0.9353741407394409,0.9591836929321289,5.791421413421631,0.01837233267724514,0.027335360646247864
55,1.0293865203857422,1011.7224731445312,0.658000111579895,0.36527717113494873,4.586348533630371,3.1763689517974854,0.5017006993293762,0.9353741407394409,0.9591836929321289,5.791421413421631,0.11063703428953886,0.11964892223477364
56,1.0293865203857422,1011.7224731445312,0.658000111579895,0.36527717113494873,4.586348533630371,3.1763689517974854,0.5017006993293762,0.9353741407394409,0.9591836929321289,5.791421413421631,0.10925745498389006,0.1182822328992188
57,1.0293865203857422,1011.7224731445312,0.658000111579895,0.36527717113494873,4.586348533630371,3.1763689517974854,0.5017006993293762,0.9353741407394409,0.9591836929321289,5.791421413421631,0.10994938900694251,0.11893643671646714
58,1.0293865203857422,1011.7224731445312,0.658000111579895,0.36527717113494873,4.586348533630371,3.1763689517974854,0.5017006993293762,0.9353741407394409,0.9591836929321289,5.791421413421631,0.10950082307681441,0.11852473020553589
59,1.0293865203857422,1011.7224731445312,0.658000111579895,0.36527717113494873,4.586348533630371,3.1763689517974854,0.5017006993293762,0.9353741407394409,0.9591836929321289,5.791421413421631,0.10950196301564574,0.11853306088596582
60,1.0293865203857422,1011.7224731445312,0.658000111579895,0.36527717113494873,4.586348533630371,3.1763689517974854,0.5017006993293762,0.9353741407394409,0.9591836929321289,5.791421413421631,0.11008335836231709,0.1190610770136118
61,1.0293865203857422,1011.7224731445312,0.658000111579895,0.36527717113494873,4.586348533630371,3.1763689517974854,0.5017006993293762,0.9353741407394409,0.9591836929321289,5.791421413421631,0.10917536588385701,0.11819296283647418
62,1.0293865203857422,1011.7224731445312,0.658000111579895,0.36527717113494873,4.586348533630371,3.1763689517974854,0.5017006993293762,0.9353741407394409,0.9591836929321289,5.791421413421631,0.10945292375981808,0.11847246065735817
63,1.0293865203857422,1011.7224731445312,0.658000111579895,0.36527717113494873,4.586348533630371,3.1763689517974854,0.5017006993293762,0.9353741407394409,0.9591836929321289,5.791421413421631,0.10935061424970627,0.11835233215242624
64,1.0293865203857422,1011.7224731445312,0.658000111579895,0.36527717113494873,4.586348533630371,3.1763689517974854,0.5017006993293762,0.9353741407394409,0.9591836929321289,5.791421413421631,0.10908426577225327,0.11807268392294645
65,1.0293865203857422,1011.7224731445312,0.658000111579895,0.36527717113494873,4.586348533630371,3.1763689517974854,0.5017006993293762,0.9353741407394409,0.9591836929321289,5.791421413421631,0.10916915582492948,0.1181550738401711
66,1.0293865203857422,1011.7224731445312,0.658000111579895,0.36527717113494873,4.586348533630371,3.1763689517974854,0.5017006993293762,0.9353741407394409,0.9591836929321289,5.791421413421631,0.1090564769692719,0.11806944385170937
67,1.0293865203857422,1011.7224731445312,0.658000111579895,0.36527717113494873,4.586348533630371,3.1763689517974854,0.5017006993293762,0.9353741407394409,0.9591836929321289,5.791421413421631,0.10922173503786325,0.1182418130338192
68,1.0293865203857422,1011.7224731445312,0.658000111579895,0.36527717113494873,4.586348533630371,3.1763689517974854,0.5017006993293762,0.9353741407394409,0.9591836929321289,5.791421413421631,0.10941763408482075,0.11846322193741798
69,1.0293865203857422,1011.7224731445312,0.658000111579895,0.36527717113494873,4.586348533630371,3.1763689517974854,0.5017006993293762,0.9353741407394409,0.9591836929321289,5.791421413421631,0.10909274639561772,0.11809195438399911
70,1.0293865203857422,1011.7224731445312,0.658000111579895,0.36527717113494873,4.586348533630371,3.1763689517974854,0.5017006993293762,0.9353741407394409,0.9591836929321289,5.791421413421631,0.1093694637529552,0.11834996193647385
71,1.0293865203857422,1011.7224731445312,0.658000111579895,0.36527717113494873,4.586348533630371,3.1763689517974854,0.5017006993293762,0.9353741407394409,0.9591836929321289,5.791421413421631,0.10927994502708316,0.11860445979982615
72,1.0293865203857422,1011.7224731445312,0.658000111579895,0.36527717113494873,4.586348533630371,3.1763689517974854,0.5017006993293762,0.9353741407394409,0.9591836929321289,5.791421413421631,0.10899903671815991,0.11797846481204033
73,1.0293865203857422,1011.7224731445312,0.658000111579895,0.36527717113494873,4.586348533630371,3.1763689517974854,0.5017006993293762,0.9353741407394409,0.9591836929321289,5.791421413421631,0.10914177587255836,0.11813745368272066
74,1.0293865203857422,1011.7224731445312,0.658000111579895,0.36527717113494873,4.586348533630371,3.1763689517974854,0.5017006993293762,0.9353741407394409,0.9591836929321289,5.791421413421631,0.10967466235160828,0.11871828930452466
75,1.0293865203857422,1011.7224731445312,0.658000111579895,0.36527717113494873,4.586348533630371,3.1763689517974854,0.5017006993293762,0.9353741407394409,0.9591836929321289,5.791421413421631,0.10944871278479695,0.11843297071754932
76,1.0293865203857422,1011.7224731445312,0.658000111579895,0.36527717113494873,4.586348533630371,3.1763689517974854,0.5017006993293762,0.9353741407394409,0.9591836929321289,5.791421413421631,0.10945226298645139,0.1186065599322319
77,1.0293865203857422,1011.7224731445312,0.658000111579895,0.36527717113494873,4.586348533630371,3.1763689517974854,0.5017006993293762,0.9353741407394409,0.9591836929321289,5.791421413421631,0.10949727287515998,0.11851219087839127
78,1.0293865203857422,1011.7224731445312,0.658000111579895,0.36527717113494873,4.586348533630371,3.1763689517974854,0.5017006993293762,0.9353741407394409,0.9591836929321289,5.791421413421631,0.10911977617070079,0.11833857232704759
79,1.0293865203857422,1011.7224731445312,0.658000111579895,0.36527717113494873,4.586348533630371,3.1763689517974854,0.5017006993293762,0.9353741407394409,0.9591836929321289,5.791421413421631,0.10938299354165792,0.11839643074199557
80,1.0293865203857422,1011.7224731445312,0.658000111579895,0.36527717113494873,4.586348533630371,3.1763689517974854,0.5017006993293762,0.9353741407394409,0.9591836929321289,5.791421413421631,0.11562587413936853,0.12496395921334624
81,1.0293865203857422,1011.7224731445312,0.658000111579895,0.36527717113494873,4.586348533630371,3.1763689517974854,0.5017006993293762,0.9353741407394409,0.9591836929321289,5.791421413421631,0.10957320313900709,0.11858892114832997
82,1.0293865203857422,1011.7224731445312,0.658000111579895,0.36527717113494873,4.586348533630371,3.1763689517974854,0.5017006993293762,0.9353741407394409,0.9591836929321289,5.791421413421631,0.10999769903719425,0.11925860540941358
83,1.0293865203857422,1011.7224731445312,0.658000111579895,0.36527717113494873,4.586348533630371,3.1763689517974854,0.5017006993293762,0.9353741407394409,0.9591836929321289,5.791421413421631,0.11082180170342326,0.12020181678235531
84,1.0293865203857422,1011.7224731445312,0.658000111579895,0.36527717113494873,4.586348533630371,3.1763689517974854,0.5017006993293762,0.9353741407394409,0.9591836929321289,5.791421413421631,0.10959172202274203,0.1186073599383235
85,1.0293865203857422,1011.7224731445312,0.658000111579895,0.36527717113494873,4.586348533630371,3.1763689517974854,0.5017006993293762,0.9353741407394409,0.9591836929321289,5.791421413421631,0.10965592181310058,0.11869118874892592
86,1.0293865203857422,1011.7224731445312,0.658000111579895,0.36527717113494873,4.586348533630371,3.1763689517974854,0.5017006993293762,0.9353741407394409,0.9591836929321289,5.791421413421631,0.11039139609783888,0.11946823308244348
87,1.0293865203857422,1011.7224731445312,0.658000111579895,0.36527717113494873,4.586348533630371,3.1763689517974854,0.5017006993293762,0.9353741407394409,0.9591836929321289,5.791421413421631,0.10972717078402638,0.11870498862117529
88,1.0293865203857422,1011.7224731445312,0.658000111579895,0.36527717113494873,4.586348533630371,3.1763689517974854,0.5017006993293762,0.9353741407394409,0.9591836929321289,5.791421413421631,0.11029757698997855,0.11928706523030996
89,1.0293865203857422,1011.7224731445312,0.658000111579895,0.36527717113494873,4.586348533630371,3.1763689517974854,0.5017006993293762,0.9353741407394409,0.9591836929321289,5.791421413421631,0.10942775383591652,0.11851077107712626
90,1.0293865203857422,1011.7224731445312,0.658000111579895,0.36527717113494873,4.586348533630371,3.1763689517974854,0.5017006993293762,0.9353741407394409,0.9591836929321289,5.791421413421631,0.10898413695394993,0.11794605478644371
91,1.0293865203857422,1011.7224731445312,0.658000111579895,0.36527717113494873,4.586348533630371,3.1763689517974854,0.5017006993293762,0.9353741407394409,0.9591836929321289,5.791421413421631,0.1099660200998187,0.1190838972106576
92,1.0293865203857422,1011.7224731445312,0.658000111579895,0.36527717113494873,4.586348533630371,3.1763689517974854,0.5017006993293762,0.9353741407394409,0.9591836929321289,5.791421413421631,0.110301046166569,0.11931962426751852
93,1.0293865203857422,1011.7224731445312,0.658000111579895,0.36527717113494873,4.586348533630371,3.1763689517974854,0.5017006993293762,0.9353741407394409,0.9591836929321289,5.791421413421631,0.11024365713819861,0.11924353521317244
94,1.0293865203857422,1011.7224731445312,0.658000111579895,0.36527717113494873,4.586348533630371,3.1763689517974854,0.5017006993293762,0.9353741407394409,0.9591836929321289,5.791421413421631,0.11030719615519047,0.11928391410037875
95,1.0293865203857422,1011.7224731445312,0.658000111579895,0.36527717113494873,4.586348533630371,3.1763689517974854,0.5017006993293762,0.9353741407394409,0.9591836929321289,5.791421413421631,0.11063138395547867,0.11963715078309178
96,1.0293865203857422,1011.7224731445312,0.658000111579895,0.36527717113494873,4.586348533630371,3.1763689517974854,0.5017006993293762,0.9353741407394409,0.9591836929321289,5.791421413421631,0.11033315630629659,0.119355624075979
97,1.0293865203857422,1011.7224731445312,0.658000111579895,0.36527717113494873,4.586348533630371,3.1763689517974854,0.5017006993293762,0.9353741407394409,0.9591836929321289,5.791421413421631,0.1101289582438767,0.1190862562507391
98,1.0293865203857422,1011.7224731445312,0.658000111579895,0.36527717113494873,4.586348533630371,3.1763689517974854,0.5017006993293762,0.9353741407394409,0.9591836929321289,5.791421413421631,0.11024037702009082,0.11927524488419294
99,1.0293865203857422,1011.7224731445312,0.658000111579895,0.36527717113494873,4.586348533630371,3.1763689517974854,0.5017006993293762,0.9353741407394409,0.9591836929321289,5.791421413421631,0.11086434219032526,0.11986774997785687
100,1.0293865203857422,1011.7224731445312,0.658000111579895,0.36527717113494873,4.586348533630371,3.1763689517974854,0.5017006993293762,0.9353741407394409,0.9591836929321289,5.791421413421631,0.1099925790913403,0.11900698719546199
101,1.0293865203857422,1011.7224731445312,0.658000111579895,0.36527717113494873,4.586348533630371,3.1763689517974854,0.5017006993293762,0.9353741407394409,0.9591836929321289,5.791421413421631,0.11012798827141523,0.119123216252774
102,1.0293865203857422,1011.7224731445312,0.658000111579895,0.36527717113494873,4.586348533630371,3.1763689517974854,0.5017006993293762,0.9353741407394409,0.9591836929321289,5.791421413421631,0.11012455774471164,0.1191463558934629
103,1.0293865203857422,1011.7224731445312,0.658000111579895,0.36527717113494873,4.586348533630371,3.1763689517974854,0.5017006993293762,0.9353741407394409,0.9591836929321289,5.791421413421631,0.10995511896908283,0.11894708685576916
104,1.0293865203857422,1011.7224731445312,0.658000111579895,0.36527717113494873,4.586348533630371,3.1763689517974854,0.5017006993293762,0.9353741407394409,0.9591836929321289,5.791421413421631,0.11014475813135505,0.11914208624511957
105,1.0293865203857422,1011.7224731445312,0.658000111579895,0.36527717113494873,4.586348533630371,3.1763689517974854,0.5017006993293762,0.9353741407394409,0.9591836929321289,5.791421413421631,0.1103283567354083,0.11947587272152305
106,1.0293865203857422,1011.7224731445312,0.658000111579895,0.36527717113494873,4.586348533630371,3.1763689517974854,0.5017006993293762,0.9353741407394409,0.9591836929321289,5.791421413421631,0.10996603919193149,0.11895721731707454
107,1.0293865203857422,1011.7224731445312,0.658000111579895,0.36527717113494873,4.586348533630371,3.1763689517974854,0.5017006993293762,0.9353741407394409,0.9591836929321289,5.791421413421631,0.11022867681458592,0.11924653500318527
108,1.0293865203857422,1011.7224731445312,0.658000111579895,0.36527717113494873,4.586348533630371,3.1763689517974854,0.5017006993293762,0.9353741407394409,0.9591836929321289,5.791421413421631,0.1100517581216991,0.11906814621761441
109,1.0293865203857422,1011.7224731445312,0.658000111579895,0.36527717113494873,4.586348533630371,3.1763689517974854,0.5017006993293762,0.9353741407394409,0.9591836929321289,5.791421413421631,0.10936462366953492,0.11838662205263972
110,1.0293865203857422,1011.7224731445312,0.658000111579895,0.36527717113494873,4.586348533630371,3.1763689517974854,0.5017006993293762,0.9353741407394409,0.9591836929321289,5.791421413421631,0.10932403430342674,0.11834209226071835
111,1.0293865203857422,1011.7224731445312,0.658000111579895,0.36527717113494873,4.586348533630371,3.1763689517974854,0.5017006993293762,0.9353741407394409,0.9591836929321289,5.791421413421631,0.10927542485296726,0.11826257314532995
112,1.0293865203857422,1011.7224731445312,0.658000111579895,0.36527717113494873,4.586348533630371,3.1763689517974854,0.5017006993293762,0.9353741407394409,0.9591836929321289,5.791421413421631,0.10904858633875847,0.11807657405734062
113,1.0293865203857422,1011.7224731445312,0.658000111579895,0.36527717113494873,4.586348533630371,3.1763689517974854,0.5017006993293762,0.9353741407394409,0.9591836929321289,5.791421413421631,0.10985237127169967,0.11883962899446487
114,1.0293865203857422,1011.7224731445312,0.658000111579895,0.36527717113494873,4.586348533630371,3.1763689517974854,0.5017006993293762,0.9353741407394409,0.9591836929321289,5.791421413421631,0.10927369492128491,0.118468111846596
115,1.0293865203857422,1011.7224731445312,0.658000111579895,0.36527717113494873,4.586348533630371,3.1763689517974854,0.5017006993293762,0.9353741407394409,0.9591836929321289,5.791421413421631,0.10906662559136748,0.1180442338809371
116,1.0293865203857422,1011.7224731445312,0.658000111579895,0.36527717113494873,4.586348533630371,3.1763689517974854,0.5017006993293762,0.9353741407394409,0.9591836929321289,5.791421413421631,0.11196178290992975,0.12106725992634892
117,1.0293865203857422,1011.7224731445312,0.658000111579895,0.36527717113494873,4.586348533630371,3.1763689517974854,0.5017006993293762,0.9353741407394409,0.9591836929321289,5.791421413421631,0.10904651693999767,0.11804502503946424
118,1.0293865203857422,1011.7224731445312,0.658000111579895,0.36527717113494873,4.586348533630371,3.1763689517974854,0.5017006993293762,0.9353741407394409,0.9591836929321289,5.791421413421631,0.10920739499852061,0.11818085331469774
119,1.0293865203857422,1011.7224731445312,0.658000111579895,0.36527717113494873,4.586348533630371,3.1763689517974854,0.5017006993293762,0.9353741407394409,0.9591836929321289,5.791421413421631,0.10934993391856551,0.1183327417820692
120,1.0293865203857422,1011.7224731445312,0.658000111579895,0.36527717113494873,4.586348533630371,3.1763689517974854,0.5017006993293762,0.9353741407394409,0.9591836929321289,5.791421413421631,0.10898371832445264,0.1179607561789453
121,1.0293865203857422,1011.7224731445312,0.658000111579895,0.36527717113494873,4.586348533630371,3.1763689517974854,0.5017006993293762,0.9353741407394409,0.9591836929321289,5.791421413421631,0.10931137483567,0.11829452309757471
122,1.0293865203857422,1011.7224731445312,0.658000111579895,0.36527717113494873,4.586348533630371,3.1763689517974854,0.5017006993293762,0.9353741407394409,0.9591836929321289,5.791421413421631,0.11081809224560857,0.1200015190988779
123,1.0293865203857422,1011.7224731445312,0.658000111579895,0.36527717113494873,4.586348533630371,3.1763689517974854,0.5017006993293762,0.9353741407394409,0.9591836929321289,5.791421413421631,0.11070610396564007,0.11986216995865107
124,1.0293865203857422,1011.7224731445312,0.658000111579895,0.36527717113494873,4.586348533630371,3.1763689517974854,0.5017006993293762,0.9353741407394409,0.9591836929321289,5.791421413421631,0.10980631085112691,0.11882660770788789
125,1.0293865203857422,1011.7224731445312,0.658000111579895,0.36527717113494873,4.586348533630371,3.1763689517974854,0.5017006993293762,0.9353741407394409,0.9591836929321289,5.791421413421631,0.10958803305402398,0.1185599509626627
126,1.0293865203857422,1011.7224731445312,0.658000111579895,0.36527717113494873,4.586348533630371,3.1763689517974854,0.5017006993293762,0.9353741407394409,0.9591836929321289,5.791421413421631,0.1091304961591959,0.11815949296578765
127,1.0293865203857422,1011.7224731445312,0.658000111579895,0.36527717113494873,4.586348533630371,3.1763689517974854,0.5017006993293762,0.9353741407394409,0.9591836929321289,5.791421413421631,0.10928183421492577,0.11822671303525567
128,1.0293865203857422,1011.7224731445312,0.658000111579895,0.36527717113494873,4.586348533630371,3.1763689517974854,0.5017006993293762,0.9353741407394409,0.9591836929321289,5.791421413421631,0.10944651393219829,0.11843673093244433
129,1.0293865203857422,1011.7224731445312,0.658000111579895,0.36527717113494873,4.586348533630371,3.1763689517974854,0.5017006993293762,0.9353741407394409,0.9591836929321289,5.791421413421631,0.10928144538775086,0.11832767305895686
130,1.0293865203857422,1011.7224731445312,0.658000111579895,0.36527717113494873,4.586348533630371,3.1763689517974854,0.5017006993293762,0.9353741407394409,0.9591836929321289,5.791421413421631,0.10956127289682627,0.11858737096190453
131,1.0293865203857422,1011.7224731445312,0.658000111579895,0.36527717113494873,4.586348533630371,3.1763689517974854,0.5017006993293762,0.9353741407394409,0.9591836929321289,5.791421413421631,0.10930952522903681,0.11834015185013413
132,1.0293865203857422,1011.7224731445312,0.658000111579895,0.36527717113494873,4.586348533630371,3.1763689517974854,0.5017006993293762,0.9353741407394409,0.9591836929321289,5.791421413421631,0.10936236521229148,0.11836331197991967
133,1.0293865203857422,1011.7224731445312,0.658000111579895,0.36527717113494873,4.586348533630371,3.1763689517974854,0.5017006993293762,0.9353741407394409,0.9591836929321289,5.791421413421631,0.10895675700157881,0.11793011473491788
134,1.0293865203857422,1011.7224731445312,0.658000111579895,0.36527717113494873,4.586348533630371,3.1763689517974854,0.5017006993293762,0.9353741407394409,0.9591836929321289,5.791421413421631,0.1095225028693676,0.11858214065432549
135,1.0293865203857422,1011.7224731445312,0.658000111579895,0.36527717113494873,4.586348533630371,3.1763689517974854,0.5017006993293762,0.9353741407394409,0.9591836929321289,5.791421413421631,0.10924021480605006,0.11829148279502988
136,1.0293865203857422,1011.7224731445312,0.658000111579895,0.36527717113494873,4.586348533630371,3.1763689517974854,0.5017006993293762,0.9353741407394409,0.9591836929321289,5.791421413421631,0.10910608619451523,0.11807844415307045
137,1.0293865203857422,1011.7224731445312,0.658000111579895,0.36527717113494873,4.586348533630371,3.1763689517974854,0.5017006993293762,0.9353741407394409,0.9591836929321289,5.791421413421631,0.10928223514929414,0.1182759627699852
138,1.0293865203857422,1011.7224731445312,0.658000111579895,0.36527717113494873,4.586348533630371,3.1763689517974854,0.5017006993293762,0.9353741407394409,0.9591836929321289,5.791421413421631,0.10882957838475704,0.11777319712564349
139,1.0293865203857422,1011.7224731445312,0.658000111579895,0.36527717113494873,4.586348533630371,3.1763689517974854,0.5017006993293762,0.9353741407394409,0.9591836929321289,5.791421413421631,0.10942907398566604,0.1183806718327105
140,1.0293865203857422,1011.7224731445312,0.658000111579895,0.36527717113494873,4.586348533630371,3.1763689517974854,0.5017006993293762,0.9353741407394409,0.9591836929321289,5.791421413421631,0.10957771260291338,0.11859950982034206
141,1.0293865203857422,1011.7224731445312,0.658000111579895,0.36527717113494873,4.586348533630371,3.1763689517974854,0.5017006993293762,0.9353741407394409,0.9591836929321289,5.791421413421631,0.10961167188361287,0.11862521013244987
142,1.0293865203857422,1011.7224731445312,0.658000111579895,0.36527717113494873,4.586348533630371,3.1763689517974854,0.5017006993293762,0.9353741407394409,0.9591836929321289,5.791421413421631,0.10920331627130508,0.11819015396758914
143,1.0293865203857422,1011.7224731445312,0.658000111579895,0.36527717113494873,4.586348533630371,3.1763689517974854,0.5017006993293762,0.9353741407394409,0.9591836929321289,5.791421413421631,0.10936397407203913,0.11841593077406287
144,1.0293865203857422,1011.7224731445312,0.658000111579895,0.36527717113494873,4.586348533630371,3.1763689517974854,0.5017006993293762,0.9353741407394409,0.9591836929321289,5.791421413421631,0.10907796677201986,0.11807477520778775
145,1.0293865203857422,1011.7224731445312,0.658000111579895,0.36527717113494873,4.586348533630371,3.1763689517974854,0.5017006993293762,0.9353741407394409,0.9591836929321289,5.791421413421631,0.10899088717997074,0.11799231544137001
146,1.0293865203857422,1011.7224731445312,0.658000111579895,0.36527717113494873,4.586348533630371,3.1763689517974854,0.5017006993293762,0.9353741407394409,0.9591836929321289,5.791421413421631,0.11123736901208758,0.12028514640405774
147,1.0293865203857422,1011.7224731445312,0.658000111579895,0.36527717113494873,4.586348533630371,3.1763689517974854,0.5017006993293762,0.9353741407394409,0.9591836929321289,5.791421413421631,0.10901509691029787,0.11802635388448834
148,1.0293865203857422,1011.7224731445312,0.658000111579895,0.36527717113494873,4.586348533630371,3.1763689517974854,0.5017006993293762,0.9353741407394409,0.9591836929321289,5.791421413421631,0.10905743716284633,0.11806507408618927
149,1.0293865203857422,1011.7224731445312,0.658000111579895,0.36527717113494873,4.586348533630371,3.1763689517974854,0.5017006993293762,0.9353741407394409,0.9591836929321289,5.791421413421631,0.1089549669995904,0.11794261494651437
150,1.0293865203857422,1011.7224731445312,0.658000111579895,0.36527717113494873,4.586348533630371,3.1763689517974854,0.5017006993293762,0.9353741407394409,0.9591836929321289,5.791421413421631,0.1091917660087347,0.11821201303973794
151,1.0293865203857422,1011.7224731445312,0.658000111579895,0.36527717113494873,4.586348533630371,3.1763689517974854,0.5017006993293762,0.9353741407394409,0.9591836929321289,5.791421413421631,0.10912661626935005,0.11810080427676439
152,1.0293865203857422,1011.7224731445312,0.658000111579895,0.36527717113494873,4.586348533630371,3.1763689517974854,0.5017006993293762,0.9353741407394409,0.9591836929321289,5.791421413421631,0.10922170523554087,0.11821682332083583
153,1.0293865203857422,1011.7224731445312,0.658000111579895,0.36527717113494873,4.586348533630371,3.1763689517974854,0.5017006993293762,0.9353741407394409,0.9591836929321289,5.791421413421631,0.10885565774515271,0.11783877573907375
154,1.0293865203857422,1011.7224731445312,0.658000111579895,0.36527717113494873,4.586348533630371,3.1763689517974854,0.5017006993293762,0.9353741407394409,0.9591836929321289,5.791421413421631,0.10989145003259182,0.1190390670672059
155,1.0293865203857422,1011.7224731445312,0.658000111579895,0.36527717113494873,4.586348533630371,3.1763689517974854,0.5017006993293762,0.9353741407394409,0.9591836929321289,5.791421413421631,0.11031645582988858,0.11948005296289921
156,1.0293865203857422,1011.7224731445312,0.658000111579895,0.36527717113494873,4.586348533630371,3.1763689517974854,0.5017006993293762,0.9353741407394409,0.9591836929321289,5.791421413421631,0.1097196307964623,0.11876165913417935
157,1.0293865203857422,1011.7224731445312,0.658000111579895,0.36527717113494873,4.586348533630371,3.1763689517974854,0.5017006993293762,0.9353741407394409,0.9591836929321289,5.791421413421631,0.10955773293972015,0.11853744089603424
158,1.0293865203857422,1011.7224731445312,0.658000111579895,0.36527717113494873,4.586348533630371,3.1763689517974854,0.5017006993293762,0.9353741407394409,0.9591836929321289,5.791421413421631,0.10965710179880261,0.11875323904678226
159,1.0293865203857422,1011.7224731445312,0.658000111579895,0.36527717113494873,4.586348533630371,3.1763689517974854,0.5017006993293762,0.9353741407394409,0.9591836929321289,5.791421413421631,0.10964707192033529,0.11865082988515496
160,1.0293865203857422,1011.7224731445312,0.658000111579895,0.36527717113494873,4.586348533630371,3.1763689517974854,0.5017006993293762,0.9353741407394409,0.9591836929321289,5.791421413421631,0.10885532759130001,0.11783571587875485
161,1.0293865203857422,1011.7224731445312,0.658000111579895,0.36527717113494873,4.586348533630371,3.1763689517974854,0.5017006993293762,0.9353741407394409,0.9591836929321289,5.791421413421631,0.11110744113102555,0.12039011623710394
162,1.0293865203857422,1011.7224731445312,0.658000111579895,0.36527717113494873,4.586348533630371,3.1763689517974854,0.5017006993293762,0.9353741407394409,0.9591836929321289,5.791421413421631,0.1105628740042448,0.11957530165091157
163,1.0293865203857422,1011.7224731445312,0.658000111579895,0.36527717113494873,4.586348533630371,3.1763689517974854,0.5017006993293762,0.9353741407394409,0.9591836929321289,5.791421413421631,0.10969431092962623,0.11873928876593709
164,1.0293865203857422,1011.7224731445312,0.658000111579895,0.36527717113494873,4.586348533630371,3.1763689517974854,0.5017006993293762,0.9353741407394409,0.9591836929321289,5.791421413421631,0.1096275020390749,0.11933639366179705
165,1.0293865203857422,1011.7224731445312,0.658000111579895,0.36527717113494873,4.586348533630371,3.1763689517974854,0.5017006993293762,0.9353741407394409,0.9591836929321289,5.791421413421631,0.10938300425186753,0.11861523007974029
166,1.0293865203857422,1011.7224731445312,0.658000111579895,0.36527717113494873,4.586348533630371,3.1763689517974854,0.5017006993293762,0.9353741407394409,0.9591836929321289,5.791421413421631,0.10922929598018527,0.11823282390832901
167,1.0293865203857422,1011.7224731445312,0.658000111579895,0.36527717113494873,4.586348533630371,3.1763689517974854,0.5017006993293762,0.9353741407394409,0.9591836929321289,5.791421413421631,0.10928758513182402,0.11848750105127692
168,1.0293865203857422,1011.7224731445312,0.658000111579895,0.36527717113494873,4.586348533630371,3.1763689517974854,0.5017006993293762,0.9353741407394409,0.9591836929321289,5.791421413421631,0.10958135221153498,0.11859877035021782
169,1.0293865203857422,1011.7224731445312,0.658000111579895,0.36527717113494873,4.586348533630371,3.1763689517974854,0.5017006993293762,0.9353741407394409,0.9591836929321289,5.791421413421631,0.10917277494445443,0.11814531404525042
170,1.0293865203857422,1011.7224731445312,0.658000111579895,0.36527717113494873,4.586348533630371,3.1763689517974854,0.5017006993293762,0.9353741407394409,0.9591836929321289,5.791421413421631,0.10919867502525449,0.1181855727918446
171,1.0293865203857422,1011.7224731445312,0.658000111579895,0.36527717113494873,4.586348533630371,3.1763689517974854,0.5017006993293762,0.9353741407394409,0.9591836929321289,5.791421413421631,0.10944196395576,0.11839477205649018
172,1.0293865203857422,1011.7224731445312,0.658000111579895,0.36527717113494873,4.586348533630371,3.1763689517974854,0.5017006993293762,0.9353741407394409,0.9591836929321289,5.791421413421631,0.1090702572837472,0.11807030532509089
173,1.0293865203857422,1011.7224731445312,0.658000111579895,0.36527717113494873,4.586348533630371,3.1763689517974854,0.5017006993293762,0.9353741407394409,0.9591836929321289,5.791421413421631,0.10997567884624004,0.11904275603592396
174,1.0293865203857422,1011.7224731445312,0.658000111579895,0.36527717113494873,4.586348533630371,3.1763689517974854,0.5017006993293762,0.9353741407394409,0.9591836929321289,5.791421413421631,0.10921660531312227,0.11823550332337618
175,1.0293865203857422,1011.7224731445312,0.658000111579895,0.36527717113494873,4.586348533630371,3.1763689517974854,0.5017006993293762,0.9353741407394409,0.9591836929321289,5.791421413421631,0.10925233503803611,0.1182457129471004
176,1.0293865203857422,1011.7224731445312,0.658000111579895,0.36527717113494873,4.586348533630371,3.1763689517974854,0.5017006993293762,0.9353741407394409,0.9591836929321289,5.791421413421631,0.10951448185369372,0.11854407982900739
177,1.0293865203857422,1011.7224731445312,0.658000111579895,0.36527717113494873,4.586348533630371,3.1763689517974854,0.5017006993293762,0.9353741407394409,0.9591836929321289,5.791421413421631,0.10937933437526226,0.11834257235750556
178,1.0293865203857422,1011.7224731445312,0.658000111579895,0.36527717113494873,4.586348533630371,3.1763689517974854,0.5017006993293762,0.9353741407394409,0.9591836929321289,5.791421413421631,0.10950882313773036,0.11861104983836412
179,1.0293865203857422,1011.7224731445312,0.658000111579895,0.36527717113494873,4.586348533630371,3.1763689517974854,0.5017006993293762,0.9353741407394409,0.9591836929321289,5.791421413421631,0.10967500181868672,0.11865978967398405
180,1.0293865203857422,1011.7224731445312,0.658000111579895,0.36527717113494873,4.586348533630371,3.1763689517974854,0.5017006993293762,0.9353741407394409,0.9591836929321289,5.791421413421631,0.10935385385528207,0.11834137188270688
181,1.0293865203857422,1011.7224731445312,0.658000111579895,0.36527717113494873,4.586348533630371,3.1763689517974854,0.5017006993293762,0.9353741407394409,0.9591836929321289,5.791421413421631,0.10911969561129808,0.11814256384968758
182,1.0293865203857422,1011.7224731445312,0.658000111579895,0.36527717113494873,4.586348533630371,3.1763689517974854,0.5017006993293762,0.9353741407394409,0.9591836929321289,5.791421413421631,0.10924377478659153,0.11823766306042671
183,1.0293865203857422,1011.7224731445312,0.658000111579895,0.36527717113494873,4.586348533630371,3.1763689517974854,0.5017006993293762,0.9353741407394409,0.9591836929321289,5.791421413421631,0.10912426607683301,0.11810308415442705
184,1.0293865203857422,1011.7224731445312,0.658000111579895,0.36527717113494873,4.586348533630371,3.1763689517974854,0.5017006993293762,0.9353741407394409,0.9591836929321289,5.791421413421631,0.10944690322503448,0.11862989002838731
185,1.0293865203857422,1011.7224731445312,0.658000111579895,0.36527717113494873,4.586348533630371,3.1763689517974854,0.5017006993293762,0.9353741407394409,0.9591836929321289,5.791421413421631,0.10905623668804765,0.11803454486653209
186,1.0293865203857422,1011.7224731445312,0.658000111579895,0.36527717113494873,4.586348533630371,3.1763689517974854,0.5017006993293762,0.9353741407394409,0.9591836929321289,5.791421413421631,0.10932033509016037,0.11834316281601787
187,1.0293865203857422,1011.7224731445312,0.658000111579895,0.36527717113494873,4.586348533630371,3.1763689517974854,0.5017006993293762,0.9353741407394409,0.9591836929321289,5.791421413421631,0.1093777441419661,0.1184135521762073
188,1.0293865203857422,1011.7224731445312,0.658000111579895,0.36527717113494873,4.586348533630371,3.1763689517974854,0.5017006993293762,0.9353741407394409,0.9591836929321289,5.791421413421631,0.10927104484289885,0.11828315304592252
189,1.0293865203857422,1011.7224731445312,0.658000111579895,0.36527717113494873,4.586348533630371,3.1763689517974854,0.5017006993293762,0.9353741407394409,0.9591836929321289,5.791421413421631,0.1092428551055491,0.11827721307054162
190,1.0293865203857422,1011.7224731445312,0.658000111579895,0.36527717113494873,4.586348533630371,3.1763689517974854,0.5017006993293762,0.9353741407394409,0.9591836929321289,5.791421413421631,0.10904752602800727,0.1180551340803504
191,1.0293865203857422,1011.7224731445312,0.658000111579895,0.36527717113494873,4.586348533630371,3.1763689517974854,0.5017006993293762,0.9353741407394409,0.9591836929321289,5.791421413421631,0.10915805632248521,0.1181549341417849
192,1.0293865203857422,1011.7224731445312,0.658000111579895,0.36527717113494873,4.586348533630371,3.1763689517974854,0.5017006993293762,0.9353741407394409,0.9591836929321289,5.791421413421631,0.10905893612653017,0.11807469418272376
193,1.0293865203857422,1011.7224731445312,0.658000111579895,0.36527717113494873,4.586348533630371,3.1763689517974854,0.5017006993293762,0.9353741407394409,0.9591836929321289,5.791421413421631,0.10908595565706491,0.11808156408369541
194,1.0293865203857422,1011.7224731445312,0.658000111579895,0.36527717113494873,4.586348533630371,3.1763689517974854,0.5017006993293762,0.9353741407394409,0.9591836929321289,5.791421413421631,0.1089325281791389,0.1179294059984386
195,1.0293865203857422,1011.7224731445312,0.658000111579895,0.36527717113494873,4.586348533630371,3.1763689517974854,0.5017006993293762,0.9353741407394409,0.9591836929321289,5.791421413421631,0.10944122401997447,0.11844817129895091
196,1.0293865203857422,1011.7224731445312,0.658000111579895,0.36527717113494873,4.586348533630371,3.1763689517974854,0.5017006993293762,0.9353741407394409,0.9591836929321289,5.791421413421631,0.10924520529806614,0.11825345223769546
197,1.0293865203857422,1011.7224731445312,0.658000111579895,0.36527717113494873,4.586348533630371,3.1763689517974854,0.5017006993293762,0.9353741407394409,0.9591836929321289,5.791421413421631,0.10929980501532555,0.11830757325515151
198,1.0293865203857422,1011.7224731445312,0.658000111579895,0.36527717113494873,4.586348533630371,3.1763689517974854,0.5017006993293762,0.9353741407394409,0.9591836929321289,5.791421413421631,0.10971028078347445,0.11870525917038321
199,1.0293865203857422,1011.7224731445312,0.658000111579895,0.36527717113494873,4.586348533630371,3.1763689517974854,0.5017006993293762,0.9353741407394409,0.9591836929321289,5.791421413421631,0.10915500530973077,0.11813092324882746
200,1.0293865203857422,1011.7224731445312,0.658000111579895,0.36527717113494873,4.586348533630371,3.1763689517974854,0.5017006993293762,0.9353741407394409,0.9591836929321289,5.791421413421631,0.10952338296920061,0.11853288114070892
201,1.0293865203857422,1011.7224731445312,0.658000111579895,0.36527717113494873,4.586348533630371,3.1763689517974854,0.5017006993293762,0.9353741407394409,0.9591836929321289,5.791421413421631,0.10907570598646998,0.11805398389697075
202,1.0293865203857422,1011.7224731445312,0.658000111579895,0.36527717113494873,4.586348533630371,3.1763689517974854,0.5017006993293762,0.9353741407394409,0.9591836929321289,5.791421413421631,0.10897739790380001,0.11795220570638776
203,1.0293865203857422,1011.7224731445312,0.658000111579895,0.36527717113494873,4.586348533630371,3.1763689517974854,0.5017006993293762,0.9353741407394409,0.9591836929321289,5.791421413421631,0.1097658108919859,0.1187669881619513
204,1.0293865203857422,1011.7224731445312,0.658000111579895,0.36527717113494873,4.586348533630371,3.1763689517974854,0.5017006993293762,0.9353741407394409,0.9591836929321289,5.791421413421631,0.11354280123487115,0.12285141600295901
205,1.0293865203857422,1011.7224731445312,0.658000111579895,0.36527717113494873,4.586348533630371,3.1763689517974854,0.5017006993293762,0.9353741407394409,0.9591836929321289,5.791421413421631,0.1095154327340424,0.11850642086938024
206,1.0293865203857422,1011.7224731445312,0.658000111579895,0.36527717113494873,4.586348533630371,3.1763689517974854,0.5017006993293762,0.9353741407394409,0.9591836929321289,5.791421413421631,0.10964759206399322,0.11866544000804424
207,1.0293865203857422,1011.7224731445312,0.658000111579895,0.36527717113494873,4.586348533630371,3.1763689517974854,0.5017006993293762,0.9353741407394409,0.9591836929321289,5.791421413421631,0.10926662478595972,0.11827842192724347
208,1.0293865203857422,1011.7224731445312,0.658000111579895,0.36527717113494873,4.586348533630371,3.1763689517974854,0.5017006993293762,0.9353741407394409,0.9591836929321289,5.791421413421631,0.10939654428511858,0.11838511191308498
209,1.0293865203857422,1011.7224731445312,0.658000111579895,0.36527717113494873,4.586348533630371,3.1763689517974854,0.5017006993293762,0.9353741407394409,0.9591836929321289,5.791421413421631,0.10919361608102918,0.11821949295699596
210,1.0293865203857422,1011.7224731445312,0.658000111579895,0.36527717113494873,4.586348533630371,3.1763689517974854,0.5017006993293762,0.9353741407394409,0.9591836929321289,5.791421413421631,0.10955274198204279,0.11853983998298645
211,1.0293865203857422,1011.7224731445312,0.658000111579895,0.36527717113494873,4.586348533630371,3.1763689517974854,0.5017006993293762,0.9353741407394409,0.9591836929321289,5.791421413421631,0.10936886398121715,0.1183555219322443
212,1.0293865203857422,1011.7224731445312,0.658000111579895,0.36527717113494873,4.586348533630371,3.1763689517974854,0.5017006993293762,0.9353741407394409,0.9591836929321289,5.791421413421631,0.10937667405232787,0.11838301178067923
213,1.0293865203857422,1011.7224731445312,0.658000111579895,0.36527717113494873,4.586348533630371,3.1763689517974854,0.5017006993293762,0.9353741407394409,0.9591836929321289,5.791421413421631,0.1091680359095335,0.11835416173562407
214,1.0293865203857422,1011.7224731445312,0.658000111579895,0.36527717113494873,4.586348533630371,3.1763689517974854,0.5017006993293762,0.9353741407394409,0.9591836929321289,5.791421413421631,0.10896776709705591,0.11793717509135604
215,1.0293865203857422,1011.7224731445312,0.658000111579895,0.36527717113494873,4.586348533630371,3.1763689517974854,0.5017006993293762,0.9353741407394409,0.9591836929321289,5.791421413421631,0.10928046517074108,0.11839957209303975
216,1.0293865203857422,1011.7224731445312,0.658000111579895,0.36527717113494873,4.586348533630371,3.1763689517974854,0.5017006993293762,0.9353741407394409,0.9591836929321289,5.791421413421631,0.10939493402838707,0.1184340720064938
217,1.0293865203857422,1011.7224731445312,0.658000111579895,0.36527717113494873,4.586348533630371,3.1763689517974854,0.5017006993293762,0.9353741407394409,0.9591836929321289,5.791421413421631,0.10954497288912535,0.11851886101067066
218,1.0293865203857422,1011.7224731445312,0.658000111579895,0.36527717113494873,4.586348533630371,3.1763689517974854,0.5017006993293762,0.9353741407394409,0.9591836929321289,5.791421413421631,0.10918211610987782,0.11818634392693639
219,1.0293865203857422,1011.7224731445312,0.658000111579895,0.36527717113494873,4.586348533630371,3.1763689517974854,0.5017006993293762,0.9353741407394409,0.9591836929321289,5.791421413421631,0.10921328514814377,0.11855188012123108
220,1.0293865203857422,1011.7224731445312,0.658000111579895,0.36527717113494873,4.586348533630371,3.1763689517974854,0.5017006993293762,0.9353741407394409,0.9591836929321289,5.791421413421631,0.109109025914222,0.1183598218485713
221,1.0293865203857422,1011.7224731445312,0.658000111579895,0.36527717113494873,4.586348533630371,3.1763689517974854,0.5017006993293762,0.9353741407394409,0.9591836929321289,5.791421413421631,0.1092191650532186,0.11870401911437511
222,1.0293865203857422,1011.7224731445312,0.658000111579895,0.36527717113494873,4.586348533630371,3.1763689517974854,0.5017006993293762,0.9353741407394409,0.9591836929321289,5.791421413421631,0.10949663305655122,0.11848019110038877
223,1.0293865203857422,1011.7224731445312,0.658000111579895,0.36527717113494873,4.586348533630371,3.1763689517974854,0.5017006993293762,0.9353741407394409,0.9591836929321289,5.791421413421631,0.10961583210155368,0.11859010020270944
224,1.0293865203857422,1011.7224731445312,0.658000111579895,0.36527717113494873,4.586348533630371,3.1763689517974854,0.5017006993293762,0.9353741407394409,0.9591836929321289,5.791421413421631,0.10932294419035316,0.11834501195698977
225,1.0293865203857422,1011.7224731445312,0.658000111579895,0.36527717113494873,4.586348533630371,3.1763689517974854,0.5017006993293762,0.9353741407394409,0.9591836929321289,5.791421413421631,0.1093519739806652,0.11834682198241353
226,1.0293865203857422,1011.7224731445312,0.658000111579895,0.36527717113494873,4.586348533630371,3.1763689517974854,0.5017006993293762,0.9353741407394409,0.9591836929321289,5.791421413421631,0.1097223018296063,0.11876544915139675
227,1.0293865203857422,1011.7224731445312,0.658000111579895,0.36527717113494873,4.586348533630371,3.1763689517974854,0.5017006993293762,0.9353741407394409,0.9591836929321289,5.791421413421631,0.1087265987880528,0.11771580670028925
228,1.0293865203857422,1011.7224731445312,0.658000111579895,0.36527717113494873,4.586348533630371,3.1763689517974854,0.5017006993293762,0.9353741407394409,0.9591836929321289,5.791421413421631,0.10848539089784026,0.11746062897145748
229,1.0293865203857422,1011.7224731445312,0.658000111579895,0.36527717113494873,4.586348533630371,3.1763689517974854,0.5017006993293762,0.9353741407394409,0.9591836929321289,5.791421413421631,0.1087587890215218,0.11773562664166093
230,1.0293865203857422,1011.7224731445312,0.658000111579895,0.36527717113494873,4.586348533630371,3.1763689517974854,0.5017006993293762,0.9353741407394409,0.9591836929321289,5.791421413421631,0.10948054306209087,0.11850700108334422
231,1.0293865203857422,1011.7224731445312,0.658000111579895,0.36527717113494873,4.586348533630371,3.1763689517974854,0.5017006993293762,0.9353741407394409,0.9591836929321289,5.791421413421631,0.10896973730996251,0.11792844533920288
232,1.0293865203857422,1011.7224731445312,0.658000111579895,0.36527717113494873,4.586348533630371,3.1763689517974854,0.5017006993293762,0.9353741407394409,0.9591836929321289,5.791421413421631,0.10906461579725146,0.1180324237793684
233,1.0293865203857422,1011.7224731445312,0.658000111579895,0.36527717113494873,4.586348533630371,3.1763689517974854,0.5017006993293762,0.9353741407394409,0.9591836929321289,5.791421413421631,0.10928112408146262,0.11829570215195417
234,1.0293865203857422,1011.7224731445312,0.658000111579895,0.36527717113494873,4.586348533630371,3.1763689517974854,0.5017006993293762,0.9353741407394409,0.9591836929321289,5.791421413421631,0.10898932674899697,0.1180603438988328
235,1.0293865203857422,1011.7224731445312,0.658000111579895,0.36527717113494873,4.586348533630371,3.1763689517974854,0.5017006993293762,0.9353741407394409,0.9591836929321289,5.791421413421631,0.10925394482910633,0.11824307311326265
236,1.0293865203857422,1011.7224731445312,0.658000111579895,0.36527717113494873,4.586348533630371,3.1763689517974854,0.5017006993293762,0.9353741407394409,0.9591836929321289,5.791421413421631,0.10913572600111365,0.11813604412600398
237,1.0293865203857422,1011.7224731445312,0.658000111579895,0.36527717113494873,4.586348533630371,3.1763689517974854,0.5017006993293762,0.9353741407394409,0.9591836929321289,5.791421413421631,0.10883669788017869,0.11784160602837801
238,1.0293865203857422,1011.7224731445312,0.658000111579895,0.36527717113494873,4.586348533630371,3.1763689517974854,0.5017006993293762,0.9353741407394409,0.9591836929321289,5.791421413421631,0.10905374586582184,0.11800687480717897
239,1.0293865203857422,1011.7224731445312,0.658000111579895,0.36527717113494873,4.586348533630371,3.1763689517974854,0.5017006993293762,0.9353741407394409,0.9591836929321289,5.791421413421631,0.1092742751352489,0.11834859196096659
240,1.0293865203857422,1011.7224731445312,0.658000111579895,0.36527717113494873,4.586348533630371,3.1763689517974854,0.5017006993293762,0.9353741407394409,0.9591836929321289,5.791421413421631,0.10957729211077094,0.11858204007148743
241,1.0293865203857422,1011.7224731445312,0.658000111579895,0.36527717113494873,4.586348533630371,3.1763689517974854,0.5017006993293762,0.9353741407394409,0.9591836929321289,5.791421413421631,0.11006975919008255,0.11906778626143932
242,1.0293865203857422,1011.7224731445312,0.658000111579895,0.36527717113494873,4.586348533630371,3.1763689517974854,0.5017006993293762,0.9353741407394409,0.9591836929321289,5.791421413421631,0.11039218632504344,0.11937278416007757
243,1.0293865203857422,1011.7224731445312,0.658000111579895,0.36527717113494873,4.586348533630371,3.1763689517974854,0.5017006993293762,0.9353741407394409,0.9591836929321289,5.791421413421631,0.10927025508135557,0.11827093316242099
244,1.0293865203857422,1011.7224731445312,0.658000111579895,0.36527717113494873,4.586348533630371,3.1763689517974854,0.5017006993293762,0.9353741407394409,0.9591836929321289,5.791421413421631,0.10946158273145556,0.11876587802544236
245,1.0293865203857422,1011.7224731445312,0.658000111579895,0.36527717113494873,4.586348533630371,3.1763689517974854,0.5017006993293762,0.9353741407394409,0.9591836929321289,5.791421413421631,0.10928808432072401,0.11832162225618958
246,1.0293865203857422,1011.7224731445312,0.658000111579895,0.36527717113494873,4.586348533630371,3.1763689517974854,0.5017006993293762,0.9353741407394409,0.9591836929321289,5.791421413421631,0.1093735839240253,0.11835214216262102
247,1.0293865203857422,1011.7224731445312,0.658000111579895,0.36527717113494873,4.586348533630371,3.1763689517974854,0.5017006993293762,0.9353741407394409,0.9591836929321289,5.791421413421631,0.10904900589957833,0.11804938409477472
248,1.0293865203857422,1011.7224731445312,0.658000111579895,0.36527717113494873,4.586348533630371,3.1763689517974854,0.5017006993293762,0.9353741407394409,0.9591836929321289,5.791421413421631,0.10916039627045393,0.11844775127246976
249,1.0293865203857422,1011.7224731445312,0.658000111579895,0.36527717113494873,4.586348533630371,3.1763689517974854,0.5017006993293762,0.9353741407394409,0.9591836929321289,5.791421413421631,0.10927851498126984,0.11840430181473494
250,1.0293865203857422,1011.7224731445312,0.658000111579895,0.36527717113494873,4.586348533630371,3.1763689517974854,0.5017006993293762,0.9353741407394409,0.9591836929321289,5.791421413421631,0.10925888502970338,0.11822946276515722
251,1.0293865203857422,1011.7224731445312,0.658000111579895,0.36527717113494873,4.586348533630371,3.1763689517974854,0.5017006993293762,0.9353741407394409,0.9591836929321289,5.791421413421631,0.10918130585923791,0.11818574322387576
252,1.0293865203857422,1011.7224731445312,0.658000111579895,0.36527717113494873,4.586348533630371,3.1763689517974854,0.5017006993293762,0.9353741407394409,0.9591836929321289,5.791421413421631,0.10950316302478313,0.11849057115614414
253,1.0293865203857422,1011.7224731445312,0.658000111579895,0.36527717113494873,4.586348533630371,3.1763689517974854,0.5017006993293762,0.9353741407394409,0.9591836929321289,5.791421413421631,0.11030723620206118,0.11934705404564738
254,1.0293865203857422,1011.7224731445312,0.658000111579895,0.36527717113494873,4.586348533630371,3.1763689517974854,0.5017006993293762,0.9353741407394409,0.9591836929321289,5.791421413421631,0.11001591803506017,0.11950510181486607
255,1.0293865203857422,1011.7224731445312,0.658000111579895,0.36527717113494873,4.586348533630371,3.1763689517974854,0.5017006993293762,0.9353741407394409,0.9591836929321289,5.791421413421631,0.1090929158963263,0.11809212388470769
256,1.0293865203857422,1011.7224731445312,0.658000111579895,0.36527717113494873,4.586348533630371,3.1763689517974854,0.5017006993293762,0.9353741407394409,0.9591836929321289,5.791421413421631,0.1090430561453104,0.11817911313846707
257,1.0293865203857422,1011.7224731445312,0.658000111579895,0.36527717113494873,4.586348533630371,3.1763689517974854,0.5017006993293762,0.9353741407394409,0.9591836929321289,5.791421413421631,0.10907706571742892,0.11807631375268102
258,1.0293865203857422,1011.7224731445312,0.658000111579895,0.36527717113494873,4.586348533630371,3.1763689517974854,0.5017006993293762,0.9353741407394409,0.9591836929321289,5.791421413421631,0.10940119437873363,0.11839945195242763
259,1.0293865203857422,1011.7224731445312,0.658000111579895,0.36527717113494873,4.586348533630371,3.1763689517974854,0.5017006993293762,0.9353741407394409,0.9591836929321289,5.791421413421631,0.10935306502506137,0.11832882277667522
260,1.0293865203857422,1011.7224731445312,0.658000111579895,0.36527717113494873,4.586348533630371,3.1763689517974854,0.5017006993293762,0.9353741407394409,0.9591836929321289,5.791421413421631,0.10901939729228616,0.11796609498560429
261,1.0293865203857422,1011.7224731445312,0.658000111579895,0.36527717113494873,4.586348533630371,3.1763689517974854,0.5017006993293762,0.9353741407394409,0.9591836929321289,5.791421413421631,0.10936129419133067,0.11848931107670069
262,1.0293865203857422,1011.7224731445312,0.658000111579895,0.36527717113494873,4.586348533630371,3.1763689517974854,0.5017006993293762,0.9353741407394409,0.9591836929321289,5.791421413421631,0.1092087160795927,0.11820497317239642
263,1.0293865203857422,1011.7224731445312,0.658000111579895,0.36527717113494873,4.586348533630371,3.1763689517974854,0.5017006993293762,0.9353741407394409,0.9591836929321289,5.791421413421631,0.10923302499577403,0.11823560297489166
264,1.0293865203857422,1011.7224731445312,0.658000111579895,0.36527717113494873,4.586348533630371,3.1763689517974854,0.5017006993293762,0.9353741407394409,0.9591836929321289,5.791421413421631,0.1088848877698183,0.1180723337456584
265,1.0293865203857422,1011.7224731445312,0.658000111579895,0.36527717113494873,4.586348533630371,3.1763689517974854,0.5017006993293762,0.9353741407394409,0.9591836929321289,5.791421413421631,0.1089312769472599,0.11804330395534635
266,1.0293865203857422,1011.7224731445312,0.658000111579895,0.36527717113494873,4.586348533630371,3.1763689517974854,0.5017006993293762,0.9353741407394409,0.9591836929321289,5.791421413421631,0.10919987503439188,0.11873888922855258
267,1.0293865203857422,1011.7224731445312,0.658000111579895,0.36527717113494873,4.586348533630371,3.1763689517974854,0.5017006993293762,0.9353741407394409,0.9591836929321289,5.791421413421631,0.10920410510152578,0.11818747268989682
268,1.0293865203857422,1011.7224731445312,0.658000111579895,0.36527717113494873,4.586348533630371,3.1763689517974854,0.5017006993293762,0.9353741407394409,0.9591836929321289,5.791421413421631,0.10908429604023695,0.1181140742264688
269,1.0293865203857422,1011.7224731445312,0.658000111579895,0.36527717113494873,4.586348533630371,3.1763689517974854,0.5017006993293762,0.9353741407394409,0.9591836929321289,5.791421413421631,0.1090815169736743,0.11804974498227239
270,1.0293865203857422,1011.7224731445312,0.658000111579895,0.36527717113494873,4.586348533630371,3.1763689517974854,0.5017006993293762,0.9353741407394409,0.9591836929321289,5.791421413421631,0.10906253615394235,0.11807415401563048
271,1.0293865203857422,1011.7224731445312,0.658000111579895,0.36527717113494873,4.586348533630371,3.1763689517974854,0.5017006993293762,0.9353741407394409,0.9591836929321289,5.791421413421631,0.10900079598650336,0.11796793481335044
272,1.0293865203857422,1011.7224731445312,0.658000111579895,0.36527717113494873,4.586348533630371,3.1763689517974854,0.5017006993293762,0.9353741407394409,0.9591836929321289,5.791421413421631,0.10891878698021173,0.11789759527891874
273,1.0293865203857422,1011.7224731445312,0.658000111579895,0.36527717113494873,4.586348533630371,3.1763689517974854,0.5017006993293762,0.9353741407394409,0.9591836929321289,5.791421413421631,0.10920286597684026,0.11826156312599778
274,1.0293865203857422,1011.7224731445312,0.658000111579895,0.36527717113494873,4.586348533630371,3.1763689517974854,0.5017006993293762,0.9353741407394409,0.9591836929321289,5.791421413421631,0.10899906698614359,0.1179810450412333
275,1.0293865203857422,1011.7224731445312,0.658000111579895,0.36527717113494873,4.586348533630371,3.1763689517974854,0.5017006993293762,0.9353741407394409,0.9591836929321289,5.791421413421631,0.10894996719434857,0.11794191505759954
276,1.0293865203857422,1011.7224731445312,0.658000111579895,0.36527717113494873,4.586348533630371,3.1763689517974854,0.5017006993293762,0.9353741407394409,0.9591836929321289,5.791421413421631,0.10897502675652504,0.11795124504715204
277,1.0293865203857422,1011.7224731445312,0.658000111579895,0.36527717113494873,4.586348533630371,3.1763689517974854,0.5017006993293762,0.9353741407394409,0.9591836929321289,5.791421413421631,0.10988019965589046,0.1190026868134737
278,1.0293865203857422,1011.7224731445312,0.658000111579895,0.36527717113494873,4.586348533630371,3.1763689517974854,0.5017006993293762,0.9353741407394409,0.9591836929321289,5.791421413421631,0.10923417517915368,0.11825013207271695
279,1.0293865203857422,1011.7224731445312,0.658000111579895,0.36527717113494873,4.586348533630371,3.1763689517974854,0.5017006993293762,0.9353741407394409,0.9591836929321289,5.791421413421631,0.1089025977998972,0.11791073577478528
280,1.0293865203857422,1011.7224731445312,0.658000111579895,0.36527717113494873,4.586348533630371,3.1763689517974854,0.5017006993293762,0.9353741407394409,0.9591836929321289,5.791421413421631,0.10911965603008866,0.1181150539778173
281,1.0293865203857422,1011.7224731445312,0.658000111579895,0.36527717113494873,4.586348533630371,3.1763689517974854,0.5017006993293762,0.9353741407394409,0.9591836929321289,5.791421413421631,0.10932437470182776,0.1182799730449915
282,1.0293865203857422,1011.7224731445312,0.658000111579895,0.36527717113494873,4.586348533630371,3.1763689517974854,0.5017006993293762,0.9353741407394409,0.9591836929321289,5.791421413421631,0.10946722282096744,0.11845109099522233
283,1.0293865203857422,1011.7224731445312,0.658000111579895,0.36527717113494873,4.586348533630371,3.1763689517974854,0.5017006993293762,0.9353741407394409,0.9591836929321289,5.791421413421631,0.10940514411777258,0.11837250180542469
284,1.0293865203857422,1011.7224731445312,0.658000111579895,0.36527717113494873,4.586348533630371,3.1763689517974854,0.5017006993293762,0.9353741407394409,0.9591836929321289,5.791421413421631,0.11091833095997572,0.12000434892252088
285,1.0293865203857422,1011.7224731445312,0.658000111579895,0.36527717113494873,4.586348533630371,3.1763689517974854,0.5017006993293762,0.9353741407394409,0.9591836929321289,5.791421413421631,0.1096967407502234,0.11869102902710438
286,1.0293865203857422,1011.7224731445312,0.658000111579895,0.36527717113494873,4.586348533630371,3.1763689517974854,0.5017006993293762,0.9353741407394409,0.9591836929321289,5.791421413421631,0.10893599828705192,0.11789893638342619
287,1.0293865203857422,1011.7224731445312,0.658000111579895,0.36527717113494873,4.586348533630371,3.1763689517974854,0.5017006993293762,0.9353741407394409,0.9591836929321289,5.791421413421631,0.10919592576101422,0.11819366412237287
288,1.0293865203857422,1011.7224731445312,0.658000111579895,0.36527717113494873,4.586348533630371,3.1763689517974854,0.5017006993293762,0.9353741407394409,0.9591836929321289,5.791421413421631,0.10916673485189676,0.11818547314032912
289,1.0293865203857422,1011.7224731445312,0.658000111579895,0.36527717113494873,4.586348533630371,3.1763689517974854,0.5017006993293762,0.9353741407394409,0.9591836929321289,5.791421413421631,0.10927358502522111,0.11823749309405684
290,1.0293865203857422,1011.7224731445312,0.658000111579895,0.36527717113494873,4.586348533630371,3.1763689517974854,0.5017006993293762,0.9353741407394409,0.9591836929321289,5.791421413421631,0.10930549493059516,0.11833531176671386
291,1.0293865203857422,1011.7224731445312,0.658000111579895,0.36527717113494873,4.586348533630371,3.1763689517974854,0.5017006993293762,0.9353741407394409,0.9591836929321289,5.791421413421631,0.1091441959142685,0.11812452366575599
292,1.0293865203857422,1011.7224731445312,0.658000111579895,0.36527717113494873,4.586348533630371,3.1763689517974854,0.5017006993293762,0.9353741407394409,0.9591836929321289,5.791421413421631,0.10869858879595995,0.11766863660886884
293,1.0293865203857422,1011.7224731445312,0.658000111579895,0.36527717113494873,4.586348533630371,3.1763689517974854,0.5017006993293762,0.9353741407394409,0.9591836929321289,5.791421413421631,0.10920678498223424,0.11819341266527772
294,1.0293865203857422,1011.7224731445312,0.658000111579895,0.36527717113494873,4.586348533630371,3.1763689517974854,0.5017006993293762,0.9353741407394409,0.9591836929321289,5.791421413421631,0.10896495683118701,0.11793172499164939
295,1.0293865203857422,1011.7224731445312,0.658000111579895,0.36527717113494873,4.586348533630371,3.1763689517974854,0.5017006993293762,0.9353741407394409,0.9591836929321289,5.791421413421631,0.10910963593050838,0.11807156400755048
296,1.0293865203857422,1011.7224731445312,0.658000111579895,0.36527717113494873,4.586348533630371,3.1763689517974854,0.5017006993293762,0.9353741407394409,0.9591836929321289,5.791421413421631,0.10912814596667886,0.11811706377193332
297,1.0293865203857422,1011.7224731445312,0.658000111579895,0.36527717113494873,4.586348533630371,3.1763689517974854,0.5017006993293762,0.9353741407394409,0.9591836929321289,5.791421413421631,0.10903776716440916,0.11807570420205593
298,1.0293865203857422,1011.7224731445312,0.658000111579895,0.36527717113494873,4.586348533630371,3.1763689517974854,0.5017006993293762,0.9353741407394409,0.9591836929321289,5.791421413421631,0.10885575832799077,0.11782605713233352
299,1.0293865203857422,1011.7224731445312,0.658000111579895,0.36527717113494873,4.586348533630371,3.1763689517974854,0.5017006993293762,0.9353741407394409,0.9591836929321289,5.791421413421631,0.10927318455651402,0.11824620282277465
300,1.0293865203857422,1011.7224731445312,0.658000111579895,0.36527717113494873,4.586348533630371,3.1763689517974854,0.5017006993293762,0.9353741407394409,0.9591836929321289,5.791421413421631,0.10921591520309448,0.11821477301418781
301,1.0293865203857422,1011.7224731445312,0.658000111579895,0.36527717113494873,4.586348533630371,3.1763689517974854,0.5017006993293762,0.9353741407394409,0.9591836929321289,5.791421413421631,0.10932688508182764,0.11832330329343677
302,1.0293865203857422,1011.7224731445312,0.658000111579895,0.36527717113494873,4.586348533630371,3.1763689517974854,0.5017006993293762,0.9353741407394409,0.9591836929321289,5.791421413421631,0.10940791387110949,0.11839383188635111
303,1.0293865203857422,1011.7224731445312,0.658000111579895,0.36527717113494873,4.586348533630371,3.1763689517974854,0.5017006993293762,0.9353741407394409,0.9591836929321289,5.791421413421631,0.10912833595648408,0.11810260405763984
304,1.0293865203857422,1011.7224731445312,0.658000111579895,0.36527717113494873,4.586348533630371,3.1763689517974854,0.5017006993293762,0.9353741407394409,0.9591836929321289,5.791421413421631,0.10925554484128952,0.1182363131083548
305,1.0293865203857422,1011.7224731445312,0.658000111579895,0.36527717113494873,4.586348533630371,3.1763689517974854,0.5017006993293762,0.9353741407394409,0.9591836929321289,5.791421413421631,0.10932079469785094,0.11833260301500559
306,1.0293865203857422,1011.7224731445312,0.658000111579895,0.36527717113494873,4.586348533630371,3.1763689517974854,0.5017006993293762,0.9353741407394409,0.9591836929321289,5.791421413421631,0.11056115524843335,0.11958081182092428
307,1.0293865203857422,1011.7224731445312,0.658000111579895,0.36527717113494873,4.586348533630371,3.1763689517974854,0.5017006993293762,0.9353741407394409,0.9591836929321289,5.791421413421631,0.10987723991274834,0.11879418883472681
308,1.0293865203857422,1011.7224731445312,0.658000111579895,0.36527717113494873,4.586348533630371,3.1763689517974854,0.5017006993293762,0.9353741407394409,0.9591836929321289,5.791421413421631,0.11038031615316868,0.11934727523475885
309,1.0293865203857422,1011.7224731445312,0.658000111579895,0.36527717113494873,4.586348533630371,3.1763689517974854,0.5017006993293762,0.9353741407394409,0.9591836929321289,5.791421413421631,0.10980162071064115,0.11877193907275796
310,1.0293865203857422,1011.7224731445312,0.658000111579895,0.36527717113494873,4.586348533630371,3.1763689517974854,0.5017006993293762,0.9353741407394409,0.9591836929321289,5.791421413421631,0.11048661498352885,0.11948585277423263
311,1.0293865203857422,1011.7224731445312,0.658000111579895,0.36527717113494873,4.586348533630371,3.1763689517974854,0.5017006993293762,0.9353741407394409,0.9591836929321289,5.791421413421631,0.11014319816604257,0.11917969584465027
312,1.0293865203857422,1011.7224731445312,0.658000111579895,0.36527717113494873,4.586348533630371,3.1763689517974854,0.5017006993293762,0.9353741407394409,0.9591836929321289,5.791421413421631,0.10993897914886475,0.11914184503257275
313,1.0293865203857422,1011.7224731445312,0.658000111579895,0.36527717113494873,4.586348533630371,3.1763689517974854,0.5017006993293762,0.9353741407394409,0.9591836929321289,5.791421413421631,0.11015925696119666,0.11915047513321042
314,1.0293865203857422,1011.7224731445312,0.658000111579895,0.36527717113494873,4.586348533630371,3.1763689517974854,0.5017006993293762,0.9353741407394409,0.9591836929321289,5.791421413421631,0.11012001801282167,0.11911853635683656
315,1.0293865203857422,1011.7224731445312,0.658000111579895,0.36527717113494873,4.586348533630371,3.1763689517974854,0.5017006993293762,0.9353741407394409,0.9591836929321289,5.791421413421631,0.10955278156325221,0.11853003967553377
316,1.0293865203857422,1011.7224731445312,0.658000111579895,0.36527717113494873,4.586348533630371,3.1763689517974854,0.5017006993293762,0.9353741407394409,0.9591836929321289,5.791421413421631,0.1100535779260099,0.11910533579066396
317,1.0293865203857422,1011.7224731445312,0.658000111579895,0.36527717113494873,4.586348533630371,3.1763689517974854,0.5017006993293762,0.9353741407394409,0.9591836929321289,5.791421413421631,0.10902645625174046,0.11801507417112589
318,1.0293865203857422,1011.7224731445312,0.658000111579895,0.36527717113494873,4.586348533630371,3.1763689517974854,0.5017006993293762,0.9353741407394409,0.9591836929321289,5.791421413421631,0.1092226947657764,0.11823661299422383
319,1.0293865203857422,1011.7224731445312,0.658000111579895,0.36527717113494873,4.586348533630371,3.1763689517974854,0.5017006993293762,0.9353741407394409,0.9591836929321289,5.791421413421631,0.1089293472468853,0.11789559526368976
320,1.0293865203857422,1011.7224731445312,0.658000111579895,0.36527717113494873,4.586348533630371,3.1763689517974854,0.5017006993293762,0.9353741407394409,0.9591836929321289,5.791421413421631,0.10982726980000734,0.11882930807769299
321,1.0293865203857422,1011.7224731445312,0.658000111579895,0.36527717113494873,4.586348533630371,3.1763689517974854,0.5017006993293762,0.9353741407394409,0.9591836929321289,5.791421413421631,0.10915239481255412,0.11811947310343385
322,1.0293865203857422,1011.7224731445312,0.658000111579895,0.36527717113494873,4.586348533630371,3.1763689517974854,0.5017006993293762,0.9353741407394409,0.9591836929321289,5.791421413421631,0.10988376941531897,0.11885316809639335
323,1.0293865203857422,1011.7224731445312,0.658000111579895,0.36527717113494873,4.586348533630371,3.1763689517974854,0.5017006993293762,0.9353741407394409,0.9591836929321289,5.791421413421631,0.10916008520871401,0.118167863227427
324,1.0293865203857422,1011.7224731445312,0.658000111579895,0.36527717113494873,4.586348533630371,3.1763689517974854,0.5017006993293762,0.9353741407394409,0.9591836929321289,5.791421413421631,0.1098972000181675,0.118928377982229
325,1.0293865203857422,1011.7224731445312,0.658000111579895,0.36527717113494873,4.586348533630371,3.1763689517974854,0.5017006993293762,0.9353741407394409,0.9591836929321289,5.791421413421631,0.10948788421228528,0.11846587201580405
326,1.0293865203857422,1011.7224731445312,0.658000111579895,0.36527717113494873,4.586348533630371,3.1763689517974854,0.5017006993293762,0.9353741407394409,0.9591836929321289,5.791421413421631,0.10955345211550593,0.11855950998142362
327,1.0293865203857422,1011.7224731445312,0.658000111579895,0.36527717113494873,4.586348533630371,3.1763689517974854,0.5017006993293762,0.9353741407394409,0.9591836929321289,5.791421413421631,0.10911512607708573,0.1180777340196073
328,1.0293865203857422,1011.7224731445312,0.658000111579895,0.36527717113494873,4.586348533630371,3.1763689517974854,0.5017006993293762,0.9353741407394409,0.9591836929321289,5.791421413421631,0.1089696572162211,0.11798302503302693
329,1.0293865203857422,1011.7224731445312,0.658000111579895,0.36527717113494873,4.586348533630371,3.1763689517974854,0.5017006993293762,0.9353741407394409,0.9591836929321289,5.791421413421631,0.10924313496798277,0.11820395290851593
330,1.0293865203857422,1011.7224731445312,0.658000111579895,0.36527717113494873,4.586348533630371,3.1763689517974854,0.5017006993293762,0.9353741407394409,0.9591836929321289,5.791421413421631,0.10894528729841113,0.1179091352969408
331,1.0293865203857422,1011.7224731445312,0.658000111579895,0.36527717113494873,4.586348533630371,3.1763689517974854,0.5017006993293762,0.9353741407394409,0.9591836929321289,5.791421413421631,0.10921559482812881,0.1181918540969491
332,1.0293865203857422,1011.7224731445312,0.658000111579895,0.36527717113494873,4.586348533630371,3.1763689517974854,0.5017006993293762,0.9353741407394409,0.9591836929321289,5.791421413421631,0.10954983159899712,0.1185447396710515
333,1.0293865203857422,1011.7224731445312,0.658000111579895,0.36527717113494873,4.586348533630371,3.1763689517974854,0.5017006993293762,0.9353741407394409,0.9591836929321289,5.791421413421631,0.1095049032010138,0.11853898130357265
334,1.0293865203857422,1011.7224731445312,0.658000111579895,0.36527717113494873,4.586348533630371,3.1763689517974854,0.5017006993293762,0.9353741407394409,0.9591836929321289,5.791421413421631,0.10879353899508715,0.11774463672190905
335,1.0293865203857422,1011.7224731445312,0.658000111579895,0.36527717113494873,4.586348533630371,3.1763689517974854,0.5017006993293762,0.9353741407394409,0.9591836929321289,5.791421413421631,0.10931329382583499,0.11827762192115188
336,1.0293865203857422,1011.7224731445312,0.658000111579895,0.36527717113494873,4.586348533630371,3.1763689517974854,0.5017006993293762,0.9353741407394409,0.9591836929321289,5.791421413421631,0.10911808628588915,0.11813760409131646
337,1.0293865203857422,1011.7224731445312,0.658000111579895,0.36527717113494873,4.586348533630371,3.1763689517974854,0.5017006993293762,0.9353741407394409,0.9591836929321289,5.791421413421631,0.10913878632709384,0.11811744421720505
338,1.0293865203857422,1011.7224731445312,0.658000111579895,0.36527717113494873,4.586348533630371,3.1763689517974854,0.5017006993293762,0.9353741407394409,0.9591836929321289,5.791421413421631,0.10945622297003865,0.11846659099683166
339,1.0293865203857422,1011.7224731445312,0.658000111579895,0.36527717113494873,4.586348533630371,3.1763689517974854,0.5017006993293762,0.9353741407394409,0.9591836929321289,5.791421413421631,0.10954181291162968,0.11850033095106483
340,1.0293865203857422,1011.7224731445312,0.658000111579895,0.36527717113494873,4.586348533630371,3.1763689517974854,0.5017006993293762,0.9353741407394409,0.9591836929321289,5.791421413421631,0.10886003775522113,0.11782899592071772
341,1.0293865203857422,1011.7224731445312,0.658000111579895,0.36527717113494873,4.586348533630371,3.1763689517974854,0.5017006993293762,0.9353741407394409,0.9591836929321289,5.791421413421631,0.10922377509996295,0.11821470316499472
342,1.0293865203857422,1011.7224731445312,0.658000111579895,0.36527717113494873,4.586348533630371,3.1763689517974854,0.5017006993293762,0.9353741407394409,0.9591836929321289,5.791421413421631,0.11012905789539218,0.11934180418029428
343,1.0293865203857422,1011.7224731445312,0.658000111579895,0.36527717113494873,4.586348533630371,3.1763689517974854,0.5017006993293762,0.9353741407394409,0.9591836929321289,5.791421413421631,0.11329385312274098,0.12252157926559448
344,1.0293865203857422,1011.7224731445312,0.658000111579895,0.36527717113494873,4.586348533630371,3.1763689517974854,0.5017006993293762,0.9353741407394409,0.9591836929321289,5.791421413421631,0.10912011563777924,0.11810862366110086
345,1.0293865203857422,1011.7224731445312,0.658000111579895,0.36527717113494873,4.586348533630371,3.1763689517974854,0.5017006993293762,0.9353741407394409,0.9591836929321289,5.791421413421631,0.10947413416579366,0.11845323210582137
346,1.0293865203857422,1011.7224731445312,0.658000111579895,0.36527717113494873,4.586348533630371,3.1763689517974854,0.5017006993293762,0.9353741407394409,0.9591836929321289,5.791421413421631,0.10928730480372906,0.1182410828769207
347,1.0293865203857422,1011.7224731445312,0.658000111579895,0.36527717113494873,4.586348533630371,3.1763689517974854,0.5017006993293762,0.9353741407394409,0.9591836929321289,5.791421413421631,0.10938325384631753,0.11836862191557884
348,1.0293865203857422,1011.7224731445312,0.658000111579895,0.36527717113494873,4.586348533630371,3.1763689517974854,0.5017006993293762,0.9353741407394409,0.9591836929321289,5.791421413421631,0.10918596573174,0.11806641472503543
349,1.0293865203857422,1011.7224731445312,0.658000111579895,0.36527717113494873,4.586348533630371,3.1763689517974854,0.5017006993293762,0.9353741407394409,0.9591836929321289,5.791421413421631,0.1094189127907157,0.11839120090007782
350,1.0293865203857422,1011.7224731445312,0.658000111579895,0.36527717113494873,4.586348533630371,3.1763689517974854,0.5017006993293762,0.9353741407394409,0.9591836929321289,5.791421413421631,0.10906293615698814,0.11805260414257646
351,1.0293865203857422,1011.7224731445312,0.658000111579895,0.36527717113494873,4.586348533630371,3.1763689517974854,0.5017006993293762,0.9353741407394409,0.9591836929321289,5.791421413421631,0.10996569972485304,0.11892257770523429
352,1.0293865203857422,1011.7224731445312,0.658000111579895,0.36527717113494873,4.586348533630371,3.1763689517974854,0.5017006993293762,0.9353741407394409,0.9591836929321289,5.791421413421631,0.11028293613344431,0.11932477401569486
353,1.0293865203857422,1011.7224731445312,0.658000111579895,0.36527717113494873,4.586348533630371,3.1763689517974854,0.5017006993293762,0.9353741407394409,0.9591836929321289,5.791421413421631,0.10937755415216088,0.11835168208926916
354,1.0293865203857422,1011.7224731445312,0.658000111579895,0.36527717113494873,4.586348533630371,3.1763689517974854,0.5017006993293762,0.9353741407394409,0.9591836929321289,5.791421413421631,0.10908640595152974,0.11808001389726996
355,1.0293865203857422,1011.7224731445312,0.658000111579895,0.36527717113494873,4.586348533630371,3.1763689517974854,0.5017006993293762,0.9353741407394409,0.9591836929321289,5.791421413421631,0.10898439725860953,0.11807516403496265
356,1.0293865203857422,1011.7224731445312,0.658000111579895,0.36527717113494873,4.586348533630371,3.1763689517974854,0.5017006993293762,0.9353741407394409,0.9591836929321289,5.791421413421631,0.10905530583113432,0.11804316472262144
357,1.0293865203857422,1011.7224731445312,0.658000111579895,0.36527717113494873,4.586348533630371,3.1763689517974854,0.5017006993293762,0.9353741407394409,0.9591836929321289,5.791421413421631,0.10894714714959264,0.11806622426956892
358,1.0293865203857422,1011.7224731445312,0.658000111579895,0.36527717113494873,4.586348533630371,3.1763689517974854,0.5017006993293762,0.9353741407394409,0.9591836929321289,5.791421413421631,0.109061976429075,0.11804011510685086
359,1.0293865203857422,1011.7224731445312,0.658000111579895,0.36527717113494873,4.586348533630371,3.1763689517974854,0.5017006993293762,0.9353741407394409,0.9591836929321289,5.791421413421631,0.10910832602530718,0.1181040839292109
360,1.0293865203857422,1011.7224731445312,0.658000111579895,0.36527717113494873,4.586348533630371,3.1763689517974854,0.5017006993293762,0.9353741407394409,0.9591836929321289,5.791421413421631,0.10912183579057455,0.11816362384706736
361,1.0293865203857422,1011.7224731445312,0.658000111579895,0.36527717113494873,4.586348533630371,3.1763689517974854,0.5017006993293762,0.9353741407394409,0.9591836929321289,5.791421413421631,0.10909438598901033,0.11806690413504839
362,1.0293865203857422,1011.7224731445312,0.658000111579895,0.36527717113494873,4.586348533630371,3.1763689517974854,0.5017006993293762,0.9353741407394409,0.9591836929321289,5.791421413421631,0.10921667609363794,0.1182058141566813
363,1.0293865203857422,1011.7224731445312,0.658000111579895,0.36527717113494873,4.586348533630371,3.1763689517974854,0.5017006993293762,0.9353741407394409,0.9591836929321289,5.791421413421631,0.10912766633555293,0.11808271426707506
364,1.0293865203857422,1011.7224731445312,0.658000111579895,0.36527717113494873,4.586348533630371,3.1763689517974854,0.5017006993293762,0.9353741407394409,0.9591836929321289,5.791421413421631,0.10967081179842353,0.1186485099606216
365,1.0293865203857422,1011.7224731445312,0.658000111579895,0.36527717113494873,4.586348533630371,3.1763689517974854,0.5017006993293762,0.9353741407394409,0.9591836929321289,5.791421413421631,0.1089144367724657,0.11793028470128775
366,1.0293865203857422,1011.7224731445312,0.658000111579895,0.36527717113494873,4.586348533630371,3.1763689517974854,0.5017006993293762,0.9353741407394409,0.9591836929321289,5.791421413421631,0.10907850600779057,0.11806176416575909
367,1.0293865203857422,1011.7224731445312,0.658000111579895,0.36527717113494873,4.586348533630371,3.1763689517974854,0.5017006993293762,0.9353741407394409,0.9591836929321289,5.791421413421631,0.10894547728821635,0.11791027523577213
368,1.0293865203857422,1011.7224731445312,0.658000111579895,0.36527717113494873,4.586348533630371,3.1763689517974854,0.5017006993293762,0.9353741407394409,0.9591836929321289,5.791421413421631,0.1092355246655643,0.11822315258905292
369,1.0293865203857422,1011.7224731445312,0.658000111579895,0.36527717113494873,4.586348533630371,3.1763689517974854,0.5017006993293762,0.9353741407394409,0.9591836929321289,5.791421413421631,0.10926134465262294,0.11823782278224826
370,1.0293865203857422,1011.7224731445312,0.658000111579895,0.36527717113494873,4.586348533630371,3.1763689517974854,0.5017006993293762,0.9353741407394409,0.9591836929321289,5.791421413421631,0.10950301308184862,0.11857387982308865
371,1.0293865203857422,1011.7224731445312,0.658000111579895,0.36527717113494873,4.586348533630371,3.1763689517974854,0.5017006993293762,0.9353741407394409,0.9591836929321289,5.791421413421631,0.10865228995680809,0.11758879804983735
372,1.0293865203857422,1011.7224731445312,0.658000111579895,0.36527717113494873,4.586348533630371,3.1763689517974854,0.5017006993293762,0.9353741407394409,0.9591836929321289,5.791421413421631,0.10926113510504365,0.11841777199879289
373,1.0293865203857422,1011.7224731445312,0.658000111579895,0.36527717113494873,4.586348533630371,3.1763689517974854,0.5017006993293762,0.9353741407394409,0.9591836929321289,5.791421413421631,0.1090873358771205,0.11805840395390987
374,1.0293865203857422,1011.7224731445312,0.658000111579895,0.36527717113494873,4.586348533630371,3.1763689517974854,0.5017006993293762,0.9353741407394409,0.9591836929321289,5.791421413421631,0.10937076387926936,0.11835717223584652
375,1.0293865203857422,1011.7224731445312,0.658000111579895,0.36527717113494873,4.586348533630371,3.1763689517974854,0.5017006993293762,0.9353741407394409,0.9591836929321289,5.791421413421631,0.10933313379064202,0.11829879274591804
376,1.0293865203857422,1011.7224731445312,0.658000111579895,0.36527717113494873,4.586348533630371,3.1763689517974854,0.5017006993293762,0.9353741407394409,0.9591836929321289,5.791421413421631,0.10873103886842728,0.11784401629120111
377,1.0293865203857422,1011.7224731445312,0.658000111579895,0.36527717113494873,4.586348533630371,3.1763689517974854,0.5017006993293762,0.9353741407394409,0.9591836929321289,5.791421413421631,0.10885549895465374,0.1178237865678966
378,1.0293865203857422,1011.7224731445312,0.658000111579895,0.36527717113494873,4.586348533630371,3.1763689517974854,0.5017006993293762,0.9353741407394409,0.9591836929321289,5.791421413421631,0.10910340677946806,0.1180700147524476
379,1.0293865203857422,1011.7224731445312,0.658000111579895,0.36527717113494873,4.586348533630371,3.1763689517974854,0.5017006993293762,0.9353741407394409,0.9591836929321289,5.791421413421631,0.1093052146025002,0.11826453264802694
380,1.0293865203857422,1011.7224731445312,0.658000111579895,0.36527717113494873,4.586348533630371,3.1763689517974854,0.5017006993293762,0.9353741407394409,0.9591836929321289,5.791421413421631,0.10937269404530525,0.11835885187610984
381,1.0293865203857422,1011.7224731445312,0.658000111579895,0.36527717113494873,4.586348533630371,3.1763689517974854,0.5017006993293762,0.9353741407394409,0.9591836929321289,5.791421413421631,0.10899748699739575,0.11795882508158684
382,1.0293865203857422,1011.7224731445312,0.658000111579895,0.36527717113494873,4.586348533630371,3.1763689517974854,0.5017006993293762,0.9353741407394409,0.9591836929321289,5.791421413421631,0.10916611505672336,0.11830492177978158
383,1.0293865203857422,1011.7224731445312,0.658000111579895,0.36527717113494873,4.586348533630371,3.1763689517974854,0.5017006993293762,0.9353741407394409,0.9591836929321289,5.791421413421631,0.10897081764414907,0.11794226570054889
384,1.0293865203857422,1011.7224731445312,0.658000111579895,0.36527717113494873,4.586348533630371,3.1763689517974854,0.5017006993293762,0.9353741407394409,0.9591836929321289,5.791421413421631,0.10896967677399516,0.118125113658607
385,1.0293865203857422,1011.7224731445312,0.658000111579895,0.36527717113494873,4.586348533630371,3.1763689517974854,0.5017006993293762,0.9353741407394409,0.9591836929321289,5.791421413421631,0.10943938372656703,0.11842296179383993
386,1.0293865203857422,1011.7224731445312,0.658000111579895,0.36527717113494873,4.586348533630371,3.1763689517974854,0.5017006993293762,0.9353741407394409,0.9591836929321289,5.791421413421631,0.10981673002243042,0.1188868572935462
387,1.0293865203857422,1011.7224731445312,0.658000111579895,0.36527717113494873,4.586348533630371,3.1763689517974854,0.5017006993293762,0.9353741407394409,0.9591836929321289,5.791421413421631,0.10924514476209879,0.11822252301499248
388,1.0293865203857422,1011.7224731445312,0.658000111579895,0.36527717113494873,4.586348533630371,3.1763689517974854,0.5017006993293762,0.9353741407394409,0.9591836929321289,5.791421413421631,0.11046546511352062,0.11947387317195535
389,1.0293865203857422,1011.7224731445312,0.658000111579895,0.36527717113494873,4.586348533630371,3.1763689517974854,0.5017006993293762,0.9353741407394409,0.9591836929321289,5.791421413421631,0.11037888610735536,0.119386353995651
390,1.0293865203857422,1011.7224731445312,0.658000111579895,0.36527717113494873,4.586348533630371,3.1763689517974854,0.5017006993293762,0.9353741407394409,0.9591836929321289,5.791421413421631,0.11020718701183796,0.11922405520454049
391,1.0293865203857422,1011.7224731445312,0.658000111579895,0.36527717113494873,4.586348533630371,3.1763689517974854,0.5017006993293762,0.9353741407394409,0.9591836929321289,5.791421413421631,0.10952503327280283,0.11850317101925611
392,1.0293865203857422,1011.7224731445312,0.658000111579895,0.36527717113494873,4.586348533630371,3.1763689517974854,0.5017006993293762,0.9353741407394409,0.9591836929321289,5.791421413421631,0.110538424924016,0.11954289255663753
393,1.0293865203857422,1011.7224731445312,0.658000111579895,0.36527717113494873,4.586348533630371,3.1763689517974854,0.5017006993293762,0.9353741407394409,0.9591836929321289,5.791421413421631,0.11030639708042145,0.11969082104042172
394,1.0293865203857422,1011.7224731445312,0.658000111579895,0.36527717113494873,4.586348533630371,3.1763689517974854,0.5017006993293762,0.9353741407394409,0.9591836929321289,5.791421413421631,0.11020322795957327,0.11927644489333034
395,1.0293865203857422,1011.7224731445312,0.658000111579895,0.36527717113494873,4.586348533630371,3.1763689517974854,0.5017006993293762,0.9353741407394409,0.9591836929321289,5.791421413421631,0.10933133400976658,0.11833897233009338
396,1.0293865203857422,1011.7224731445312,0.658000111579895,0.36527717113494873,4.586348533630371,3.1763689517974854,0.5017006993293762,0.9353741407394409,0.9591836929321289,5.791421413421631,0.10940560419112444,0.11842610221356153
397,1.0293865203857422,1011.7224731445312,0.658000111579895,0.36527717113494873,4.586348533630371,3.1763689517974854,0.5017006993293762,0.9353741407394409,0.9591836929321289,5.791421413421631,0.10928929410874844,0.1182499029673636
398,1.0293865203857422,1011.7224731445312,0.658000111579895,0.36527717113494873,4.586348533630371,3.1763689517974854,0.5017006993293762,0.9353741407394409,0.9591836929321289,5.791421413421631,0.10939749423414469,0.11839092196896672
399,1.0293865203857422,1011.7224731445312,0.658000111579895,0.36527717113494873,4.586348533630371,3.1763689517974854,0.5017006993293762,0.9353741407394409,0.9591836929321289,5.791421413421631,0.10940089402720332,0.11843195091933012
400,1.0293865203857422,1011.7224731445312,0.658000111579895,0.36527717113494873,4.586348533630371,3.1763689517974854,0.5017006993293762,0.9353741407394409,0.9591836929321289,5.791421413421631,0.10929542500525713,0.11835978226736188
401,1.0293865203857422,1011.7224731445312,0.658000111579895,0.36527717113494873,4.586348533630371,3.1763689517974854,0.5017006993293762,0.9353741407394409,0.9591836929321289,5.791421413421631,0.10923118516802788,0.11825268296524882
402,1.0293865203857422,1011.7224731445312,0.658000111579895,0.36527717113494873,4.586348533630371,3.1763689517974854,0.5017006993293762,0.9353741407394409,0.9591836929321289,5.791421413421631,0.10895824804902077,0.11795766605064273
403,1.0293865203857422,1011.7224731445312,0.658000111579895,0.36527717113494873,4.586348533630371,3.1763689517974854,0.5017006993293762,0.9353741407394409,0.9591836929321289,5.791421413421631,0.10889283800497651,0.11786987632513046
404,1.0293865203857422,1011.7224731445312,0.658000111579895,0.36527717113494873,4.586348533630371,3.1763689517974854,0.5017006993293762,0.9353741407394409,0.9591836929321289,5.791421413421631,0.10924519505351782,0.11825962224975228
405,1.0293865203857422,1011.7224731445312,0.658000111579895,0.36527717113494873,4.586348533630371,3.1763689517974854,0.5017006993293762,0.9353741407394409,0.9591836929321289,5.791421413421631,0.10883933817967772,0.1178160272538662
406,1.0293865203857422,1011.7224731445312,0.658000111579895,0.36527717113494873,4.586348533630371,3.1763689517974854,0.5017006993293762,0.9353741407394409,0.9591836929321289,5.791421413421631,0.10908733680844307,0.11805165512487292
407,1.0293865203857422,1011.7224731445312,0.658000111579895,0.36527717113494873,4.586348533630371,3.1763689517974854,0.5017006993293762,0.9353741407394409,0.9591836929321289,5.791421413421631,0.11005416885018349,0.11913960613310337
408,1.0293865203857422,1011.7224731445312,0.658000111579895,0.36527717113494873,4.586348533630371,3.1763689517974854,0.5017006993293762,0.9353741407394409,0.9591836929321289,5.791421413421631,0.10933354403823614,0.1183032519184053
409,1.0293865203857422,1011.7224731445312,0.658000111579895,0.36527717113494873,4.586348533630371,3.1763689517974854,0.5017006993293762,0.9353741407394409,0.9591836929321289,5.791421413421631,0.10928532481193542,0.11828029295429587
410,1.0293865203857422,1011.7224731445312,0.658000111579895,0.36527717113494873,4.586348533630371,3.1763689517974854,0.5017006993293762,0.9353741407394409,0.9591836929321289,5.791421413421631,0.1095957919023931,0.11859075957909226
411,1.0293865203857422,1011.7224731445312,0.658000111579895,0.36527717113494873,4.586348533630371,3.1763689517974854,0.5017006993293762,0.9353741407394409,0.9591836929321289,5.791421413421631,0.10949660278856754,0.11851167073473334
412,1.0293865203857422,1011.7224731445312,0.658000111579895,0.36527717113494873,4.586348533630371,3.1763689517974854,0.5017006993293762,0.9353741407394409,0.9591836929321289,5.791421413421631,0.10918441507965326,0.11816120333969593
413,1.0293865203857422,1011.7224731445312,0.658000111579895,0.36527717113494873,4.586348533630371,3.1763689517974854,0.5017006993293762,0.9353741407394409,0.9591836929321289,5.791421413421631,0.10970226116478443,0.11870976909995079
414,1.0293865203857422,1011.7224731445312,0.658000111579895,0.36527717113494873,4.586348533630371,3.1763689517974854,0.5017006993293762,0.9353741407394409,0.9591836929321289,5.791421413421631,0.1089715282432735,0.11798055516555905
415,1.0293865203857422,1011.7224731445312,0.658000111579895,0.36527717113494873,4.586348533630371,3.1763689517974854,0.5017006993293762,0.9353741407394409,0.9591836929321289,5.791421413421631,0.10951748210936785,0.11847235076129436
416,1.0293865203857422,1011.7224731445312,0.658000111579895,0.36527717113494873,4.586348533630371,3.1763689517974854,0.5017006993293762,0.9353741407394409,0.9591836929321289,5.791421413421631,0.11050628498196602,0.11955482186749578
417,1.0293865203857422,1011.7224731445312,0.658000111579895,0.36527717113494873,4.586348533630371,3.1763689517974854,0.5017006993293762,0.9353741407394409,0.9591836929321289,5.791421413421631,0.1100380583666265,0.1190276462584734
418,1.0293865203857422,1011.7224731445312,0.658000111579895,0.36527717113494873,4.586348533630371,3.1763689517974854,0.5017006993293762,0.9353741407394409,0.9591836929321289,5.791421413421631,0.10989198973402381,0.11885523796081543
419,1.0293865203857422,1011.7224731445312,0.658000111579895,0.36527717113494873,4.586348533630371,3.1763689517974854,0.5017006993293762,0.9353741407394409,0.9591836929321289,5.791421413421631,0.11178121482953429,0.12078514276072383
420,1.0293865203857422,1011.7224731445312,0.658000111579895,0.36527717113494873,4.586348533630371,3.1763689517974854,0.5017006993293762,0.9353741407394409,0.9591836929321289,5.791421413421631,0.10919921612367034,0.11821217322722077
421,1.0293865203857422,1011.7224731445312,0.658000111579895,0.36527717113494873,4.586348533630371,3.1763689517974854,0.5017006993293762,0.9353741407394409,0.9591836929321289,5.791421413421631,0.1093795639462769,0.11835873173549771
422,1.0293865203857422,1011.7224731445312,0.658000111579895,0.36527717113494873,4.586348533630371,3.1763689517974854,0.5017006993293762,0.9353741407394409,0.9591836929321289,5.791421413421631,0.1093429340980947,0.11834060214459896
423,1.0293865203857422,1011.7224731445312,0.658000111579895,0.36527717113494873,4.586348533630371,3.1763689517974854,0.5017006993293762,0.9353741407394409,0.9591836929321289,5.791421413421631,0.1105003752745688,0.11949304305016994
424,1.0293865203857422,1011.7224731445312,0.658000111579895,0.36527717113494873,4.586348533630371,3.1763689517974854,0.5017006993293762,0.9353741407394409,0.9591836929321289,5.791421413421631,0.10909134615212679,0.11826592218130827
425,1.0293865203857422,1011.7224731445312,0.658000111579895,0.36527717113494873,4.586348533630371,3.1763689517974854,0.5017006993293762,0.9353741407394409,0.9591836929321289,5.791421413421631,0.10892482800409198,0.11793383629992604
426,1.0293865203857422,1011.7224731445312,0.658000111579895,0.36527717113494873,4.586348533630371,3.1763689517974854,0.5017006993293762,0.9353741407394409,0.9591836929321289,5.791421413421631,0.10933811403810978,0.11831686180084944
427,1.0293865203857422,1011.7224731445312,0.658000111579895,0.36527717113494873,4.586348533630371,3.1763689517974854,0.5017006993293762,0.9353741407394409,0.9591836929321289,5.791421413421631,0.10903672687709332,0.11798132490366697
428,1.0293865203857422,1011.7224731445312,0.658000111579895,0.36527717113494873,4.586348533630371,3.1763689517974854,0.5017006993293762,0.9353741407394409,0.9591836929321289,5.791421413421631,0.10927577503025532,0.11825823318213224
429,1.0293865203857422,1011.7224731445312,0.658000111579895,0.36527717113494873,4.586348533630371,3.1763689517974854,0.5017006993293762,0.9353741407394409,0.9591836929321289,5.791421413421631,0.10992454970255494,0.11896411702036858
430,1.0293865203857422,1011.7224731445312,0.658000111579895,0.36527717113494873,4.586348533630371,3.1763689517974854,0.5017006993293762,0.9353741407394409,0.9591836929321289,5.791421413421631,0.10985958110541105,0.11895793816074729
431,1.0293865203857422,1011.7224731445312,0.658000111579895,0.36527717113494873,4.586348533630371,3.1763689517974854,0.5017006993293762,0.9353741407394409,0.9591836929321289,5.791421413421631,0.10928640468046069,0.11827361304312944
432,1.0293865203857422,1011.7224731445312,0.658000111579895,0.36527717113494873,4.586348533630371,3.1763689517974854,0.5017006993293762,0.9353741407394409,0.9591836929321289,5.791421413421631,0.10904124705120921,0.11800875514745712
433,1.0293865203857422,1011.7224731445312,0.658000111579895,0.36527717113494873,4.586348533630371,3.1763689517974854,0.5017006993293762,0.9353741407394409,0.9591836929321289,5.791421413421631,0.10923169506713748,0.11819186294451356
434,1.0293865203857422,1011.7224731445312,0.658000111579895,0.36527717113494873,4.586348533630371,3.1763689517974854,0.5017006993293762,0.9353741407394409,0.9591836929321289,5.791421413421631,0.10939106298610568,0.11834955215454102
435,1.0293865203857422,1011.7224731445312,0.658000111579895,0.36527717113494873,4.586348533630371,3.1763689517974854,0.5017006993293762,0.9353741407394409,0.9591836929321289,5.791421413421631,0.10898633673787117,0.11797892488539219
436,1.0293865203857422,1011.7224731445312,0.658000111579895,0.36527717113494873,4.586348533630371,3.1763689517974854,0.5017006993293762,0.9353741407394409,0.9591836929321289,5.791421413421631,0.10911431582644582,0.11805998394265771
437,1.0293865203857422,1011.7224731445312,0.658000111579895,0.36527717113494873,4.586348533630371,3.1763689517974854,0.5017006993293762,0.9353741407394409,0.9591836929321289,5.791421413421631,0.10929911490529776,0.11831551184877753
438,1.0293865203857422,1011.7224731445312,0.658000111579895,0.36527717113494873,4.586348533630371,3.1763689517974854,0.5017006993293762,0.9353741407394409,0.9591836929321289,5.791421413421631,0.10905958665534854,0.11811686400324106
439,1.0293865203857422,1011.7224731445312,0.658000111579895,0.36527717113494873,4.586348533630371,3.1763689517974854,0.5017006993293762,0.9353741407394409,0.9591836929321289,5.791421413421631,0.10884506767615676,0.11782959569245577
440,1.0293865203857422,1011.7224731445312,0.658000111579895,0.36527717113494873,4.586348533630371,3.1763689517974854,0.5017006993293762,0.9353741407394409,0.9591836929321289,5.791421413421631,0.10917002521455288,0.11815932299941778
441,1.0293865203857422,1011.7224731445312,0.658000111579895,0.36527717113494873,4.586348533630371,3.1763689517974854,0.5017006993293762,0.9353741407394409,0.9591836929321289,5.791421413421631,0.10897232824936509,0.11793210590258241
442,1.0293865203857422,1011.7224731445312,0.658000111579895,0.36527717113494873,4.586348533630371,3.1763689517974854,0.5017006993293762,0.9353741407394409,0.9591836929321289,5.791421413421631,0.11007547937333584,0.1190712172538042
443,1.0293865203857422,1011.7224731445312,0.658000111579895,0.36527717113494873,4.586348533630371,3.1763689517974854,0.5017006993293762,0.9353741407394409,0.9591836929321289,5.791421413421631,0.10932140424847603,0.11839121207594872
444,1.0293865203857422,1011.7224731445312,0.658000111579895,0.36527717113494873,4.586348533630371,3.1763689517974854,0.5017006993293762,0.9353741407394409,0.9591836929321289,5.791421413421631,0.10888996813446283,0.11792093608528376
445,1.0293865203857422,1011.7224731445312,0.658000111579895,0.36527717113494873,4.586348533630371,3.1763689517974854,0.5017006993293762,0.9353741407394409,0.9591836929321289,5.791421413421631,0.10926340380683541,0.11825694190338254
446,1.0293865203857422,1011.7224731445312,0.658000111579895,0.36527717113494873,4.586348533630371,3.1763689517974854,0.5017006993293762,0.9353741407394409,0.9591836929321289,5.791421413421631,0.1092197853140533,0.11824269313365221
447,1.0293865203857422,1011.7224731445312,0.658000111579895,0.36527717113494873,4.586348533630371,3.1763689517974854,0.5017006993293762,0.9353741407394409,0.9591836929321289,5.791421413421631,0.10891250800341368,0.11787041556090117
448,1.0293865203857422,1011.7224731445312,0.658000111579895,0.36527717113494873,4.586348533630371,3.1763689517974854,0.5017006993293762,0.9353741407394409,0.9591836929321289,5.791421413421631,0.10917630512267351,0.11833623191341758
449,1.0293865203857422,1011.7224731445312,0.658000111579895,0.36527717113494873,4.586348533630371,3.1763689517974854,0.5017006993293762,0.9353741407394409,0.9591836929321289,5.791421413421631,0.10924366489052773,0.11832108302041888
450,1.0293865203857422,1011.7224731445312,0.658000111579895,0.36527717113494873,4.586348533630371,3.1763689517974854,0.5017006993293762,0.9353741407394409,0.9591836929321289,5.791421413421631,0.11073088319972157,0.11977572087198496
451,1.0293865203857422,1011.7224731445312,0.658000111579895,0.36527717113494873,4.586348533630371,3.1763689517974854,0.5017006993293762,0.9353741407394409,0.9591836929321289,5.791421413421631,0.10944868298247457,0.1184436809271574
452,1.0293865203857422,1011.7224731445312,0.658000111579895,0.36527717113494873,4.586348533630371,3.1763689517974854,0.5017006993293762,0.9353741407394409,0.9591836929321289,5.791421413421631,0.10942284390330315,0.1186087797395885
453,1.0293865203857422,1011.7224731445312,0.658000111579895,0.36527717113494873,4.586348533630371,3.1763689517974854,0.5017006993293762,0.9353741407394409,0.9591836929321289,5.791421413421631,0.10911447601392865,0.11822212301194668
454,1.0293865203857422,1011.7224731445312,0.658000111579895,0.36527717113494873,4.586348533630371,3.1763689517974854,0.5017006993293762,0.9353741407394409,0.9591836929321289,5.791421413421631,0.1092284950427711,0.118205142673105
455,1.0293865203857422,1011.7224731445312,0.658000111579895,0.36527717113494873,4.586348533630371,3.1763689517974854,0.5017006993293762,0.9353741407394409,0.9591836929321289,5.791421413421631,0.10933253401890397,0.11833063187077641
456,1.0293865203857422,1011.7224731445312,0.658000111579895,0.36527717113494873,4.586348533630371,3.1763689517974854,0.5017006993293762,0.9353741407394409,0.9591836929321289,5.791421413421631,0.1105436747893691,0.11956228176131845
457,1.0293865203857422,1011.7224731445312,0.658000111579895,0.36527717113494873,4.586348533630371,3.1763689517974854,0.5017006993293762,0.9353741407394409,0.9591836929321289,5.791421413421631,0.10922140488401055,0.11816370394080877
458,1.0293865203857422,1011.7224731445312,0.658000111579895,0.36527717113494873,4.586348533630371,3.1763689517974854,0.5017006993293762,0.9353741407394409,0.9591836929321289,5.791421413421631,0.11028682580217719,0.1194859528914094
459,1.0293865203857422,1011.7224731445312,0.658000111579895,0.36527717113494873,4.586348533630371,3.1763689517974854,0.5017006993293762,0.9353741407394409,0.9591836929321289,5.791421413421631,0.11002106871455908,0.11900423699989915
460,1.0293865203857422,1011.7224731445312,0.658000111579895,0.36527717113494873,4.586348533630371,3.1763689517974854,0.5017006993293762,0.9353741407394409,0.9591836929321289,5.791421413421631,0.11012914823368192,0.11914821621030569
461,1.0293865203857422,1011.7224731445312,0.658000111579895,0.36527717113494873,4.586348533630371,3.1763689517974854,0.5017006993293762,0.9353741407394409,0.9591836929321289,5.791421413421631,0.11047519603744149,0.11947696376591921
462,1.0293865203857422,1011.7224731445312,0.658000111579895,0.36527717113494873,4.586348533630371,3.1763689517974854,0.5017006993293762,0.9353741407394409,0.9591836929321289,5.791421413421631,0.11017336696386337,0.11917020520195365
463,1.0293865203857422,1011.7224731445312,0.658000111579895,0.36527717113494873,4.586348533630371,3.1763689517974854,0.5017006993293762,0.9353741407394409,0.9591836929321289,5.791421413421631,0.11036004591733217,0.11934141395613551
464,1.0293865203857422,1011.7224731445312,0.658000111579895,0.36527717113494873,4.586348533630371,3.1763689517974854,0.5017006993293762,0.9353741407394409,0.9591836929321289,5.791421413421631,0.10929357493296266,0.11829902278259397
465,1.0293865203857422,1011.7224731445312,0.658000111579895,0.36527717113494873,4.586348533630371,3.1763689517974854,0.5017006993293762,0.9353741407394409,0.9591836929321289,5.791421413421631,0.10930519411340356,0.11828425200656056
466,1.0293865203857422,1011.7224731445312,0.658000111579895,0.36527717113494873,4.586348533630371,3.1763689517974854,0.5017006993293762,0.9353741407394409,0.9591836929321289,5.791421413421631,0.10914781596511602,0.11815243400633335
467,1.0293865203857422,1011.7224731445312,0.658000111579895,0.36527717113494873,4.586348533630371,3.1763689517974854,0.5017006993293762,0.9353741407394409,0.9591836929321289,5.791421413421631,0.10951517289504409,0.11849550111219287
468,1.0293865203857422,1011.7224731445312,0.658000111579895,0.36527717113494873,4.586348533630371,3.1763689517974854,0.5017006993293762,0.9353741407394409,0.9591836929321289,5.791421413421631,0.11050036503002048,0.11950868321582675
469,1.0293865203857422,1011.7224731445312,0.658000111579895,0.36527717113494873,4.586348533630371,3.1763689517974854,0.5017006993293762,0.9353741407394409,0.9591836929321289,5.791421413421631,0.11008413834497333,0.11907846620306373
470,1.0293865203857422,1011.7224731445312,0.658000111579895,0.36527717113494873,4.586348533630371,3.1763689517974854,0.5017006993293762,0.9353741407394409,0.9591836929321289,5.791421413421631,0.10912967519834638,0.11810197401791811
471,1.0293865203857422,1011.7224731445312,0.658000111579895,0.36527717113494873,4.586348533630371,3.1763689517974854,0.5017006993293762,0.9353741407394409,0.9591836929321289,5.791421413421631,0.1094013936817646,0.11847831076011062
472,1.0293865203857422,1011.7224731445312,0.658000111579895,0.36527717113494873,4.586348533630371,3.1763689517974854,0.5017006993293762,0.9353741407394409,0.9591836929321289,5.791421413421631,0.10934717394411564,0.11859889980405569
473,1.0293865203857422,1011.7224731445312,0.658000111579895,0.36527717113494873,4.586348533630371,3.1763689517974854,0.5017006993293762,0.9353741407394409,0.9591836929321289,5.791421413421631,0.10942480294033885,0.11860560020431876
474,1.0293865203857422,1011.7224731445312,0.658000111579895,0.36527717113494873,4.586348533630371,3.1763689517974854,0.5017006993293762,0.9353741407394409,0.9591836929321289,5.791421413421631,0.10891492804512382,0.11806306522339582
475,1.0293865203857422,1011.7224731445312,0.658000111579895,0.36527717113494873,4.586348533630371,3.1763689517974854,0.5017006993293762,0.9353741407394409,0.9591836929321289,5.791421413421631,0.10902193700894713,0.11800158489495516
476,1.0293865203857422,1011.7224731445312,0.658000111579895,0.36527717113494873,4.586348533630371,3.1763689517974854,0.5017006993293762,0.9353741407394409,0.9591836929321289,5.791421413421631,0.10901331715285778,0.11799688497558236
477,1.0293865203857422,1011.7224731445312,0.658000111579895,0.36527717113494873,4.586348533630371,3.1763689517974854,0.5017006993293762,0.9353741407394409,0.9591836929321289,5.791421413421631,0.10930378502234817,0.11819602269679308
478,1.0293865203857422,1011.7224731445312,0.658000111579895,0.36527717113494873,4.586348533630371,3.1763689517974854,0.5017006993293762,0.9353741407394409,0.9591836929321289,5.791421413421631,0.10944397328421474,0.11850996129214764
479,1.0293865203857422,1011.7224731445312,0.658000111579895,0.36527717113494873,4.586348533630371,3.1763689517974854,0.5017006993293762,0.9353741407394409,0.9591836929321289,5.791421413421631,0.10914504621177912,0.11815071385353804
480,1.0293865203857422,1011.7224731445312,0.658000111579895,0.36527717113494873,4.586348533630371,3.1763689517974854,0.5017006993293762,0.9353741407394409,0.9591836929321289,5.791421413421631,0.10928647499531507,0.11830274295061827
481,1.0293865203857422,1011.7224731445312,0.658000111579895,0.36527717113494873,4.586348533630371,3.1763689517974854,0.5017006993293762,0.9353741407394409,0.9591836929321289,5.791421413421631,0.10922538489103317,0.11830671224743128
482,1.0293865203857422,1011.7224731445312,0.658000111579895,0.36527717113494873,4.586348533630371,3.1763689517974854,0.5017006993293762,0.9353741407394409,0.9591836929321289,5.791421413421631,0.10929562477394938,0.11830661306157708
483,1.0293865203857422,1011.7224731445312,0.658000111579895,0.36527717113494873,4.586348533630371,3.1763689517974854,0.5017006993293762,0.9353741407394409,0.9591836929321289,5.791421413421631,0.10897463699802756,0.11797738494351506
484,1.0293865203857422,1011.7224731445312,0.658000111579895,0.36527717113494873,4.586348533630371,3.1763689517974854,0.5017006993293762,0.9353741407394409,0.9591836929321289,5.791421413421631,0.10911622596904635,0.11812011385336518
485,1.0293865203857422,1011.7224731445312,0.658000111579895,0.36527717113494873,4.586348533630371,3.1763689517974854,0.5017006993293762,0.9353741407394409,0.9591836929321289,5.791421413421631,0.10908636683598161,0.1180553250014782
486,1.0293865203857422,1011.7224731445312,0.658000111579895,0.36527717113494873,4.586348533630371,3.1763689517974854,0.5017006993293762,0.9353741407394409,0.9591836929321289,5.791421413421631,0.10915116500109434,0.11839909059926867
487,1.0293865203857422,1011.7224731445312,0.658000111579895,0.36527717113494873,4.586348533630371,3.1763689517974854,0.5017006993293762,0.9353741407394409,0.9591836929321289,5.791421413421631,0.10887330817058682,0.11783671611919999
488,1.0293865203857422,1011.7224731445312,0.658000111579895,0.36527717113494873,4.586348533630371,3.1763689517974854,0.5017006993293762,0.9353741407394409,0.9591836929321289,5.791421413421631,0.10929333511739969,0.11844777222722769
489,1.0293865203857422,1011.7224731445312,0.658000111579895,0.36527717113494873,4.586348533630371,3.1763689517974854,0.5017006993293762,0.9353741407394409,0.9591836929321289,5.791421413421631,0.10906027629971504,0.11801804509013891
490,1.0293865203857422,1011.7224731445312,0.658000111579895,0.36527717113494873,4.586348533630371,3.1763689517974854,0.5017006993293762,0.9353741407394409,0.9591836929321289,5.791421413421631,0.10894393781200051,0.11793563608080149
491,1.0293865203857422,1011.7224731445312,0.658000111579895,0.36527717113494873,4.586348533630371,3.1763689517974854,0.5017006993293762,0.9353741407394409,0.9591836929321289,5.791421413421631,0.10915683582425117,0.1183198718354106
492,1.0293865203857422,1011.7224731445312,0.658000111579895,0.36527717113494873,4.586348533630371,3.1763689517974854,0.5017006993293762,0.9353741407394409,0.9591836929321289,5.791421413421631,0.10932461498305202,0.11846938170492649
493,1.0293865203857422,1011.7224731445312,0.658000111579895,0.36527717113494873,4.586348533630371,3.1763689517974854,0.5017006993293762,0.9353741407394409,0.9591836929321289,5.791421413421631,0.10956534184515476,0.11855157976970077
494,1.0293865203857422,1011.7224731445312,0.658000111579895,0.36527717113494873,4.586348533630371,3.1763689517974854,0.5017006993293762,0.9353741407394409,0.9591836929321289,5.791421413421631,0.10931958397850394,0.11827797209843993
495,1.0293865203857422,1011.7224731445312,0.658000111579895,0.36527717113494873,4.586348533630371,3.1763689517974854,0.5017006993293762,0.9353741407394409,0.9591836929321289,5.791421413421631,0.10909143602475524,0.11804916523396969
496,1.0293865203857422,1011.7224731445312,0.658000111579895,0.36527717113494873,4.586348533630371,3.1763689517974854,0.5017006993293762,0.9353741407394409,0.9591836929321289,5.791421413421631,0.11001222906634212,0.11902045598253608
497,1.0293865203857422,1011.7224731445312,0.658000111579895,0.36527717113494873,4.586348533630371,3.1763689517974854,0.5017006993293762,0.9353741407394409,0.9591836929321289,5.791421413421631,0.1093030646443367,0.11828824272379279
498,1.0293865203857422,1011.7224731445312,0.658000111579895,0.36527717113494873,4.586348533630371,3.1763689517974854,0.5017006993293762,0.9353741407394409,0.9591836929321289,5.791421413421631,0.11043445579707623,0.11944267293438315
499,1.0293865203857422,1011.7224731445312,0.658000111579895,0.36527717113494873,4.586348533630371,3.1763689517974854,0.5017006993293762,0.9353741407394409,0.9591836929321289,5.791421413421631,0.11043160501867533,0.11944260308519006
