iteration,loss,lengthscale,outputscale,likelyhood_noise,test_MAE,test_NLL,test_PICP50,test_PICP90,test_PICP95,test_RMSE,it_time_training,it_time
0,1.3983182907104492,3.266273260116577,0.6443967223167419,0.644496738910675,6.484214782714844,3.5589566230773926,0.6122449040412903,0.9574829936027527,0.9846938848495483,8.209319114685059,0.2810962009243667,0.3323206026107073
1,1.3777967691421509,3.455263137817383,0.5985009670257568,0.5983923673629761,6.352383136749268,3.5337183475494385,0.6088435649871826,0.9455782175064087,0.9846938848495483,8.101242065429688,0.006389611400663853,0.019371670205146074
2,1.3607099056243896,3.6631734371185303,0.5559693574905396,0.555127739906311,6.234598159790039,3.507612466812134,0.5986394286155701,0.9404761791229248,0.9778911471366882,7.970251560211182,0.0061341021209955215,0.01883562421426177
3,1.3443487882614136,3.8868701457977295,0.5174310207366943,0.5149710178375244,6.118826866149902,3.4818594455718994,0.5867347121238708,0.9285714030265808,0.976190447807312,7.8302812576293945,0.005862335208803415,0.018684654962271452
4,1.3291513919830322,4.1240057945251465,0.48371562361717224,0.4783199727535248,6.004469871520996,3.45782208442688,0.5680271983146667,0.9251700639724731,0.9727891087532043,7.694281578063965,0.005798405036330223,0.01862877607345581
5,1.3162177801132202,4.372292518615723,0.455920934677124,0.44576969742774963,5.893713474273682,3.436049461364746,0.5646258592605591,0.9149659872055054,0.9642857313156128,7.565563201904297,0.005923474207520485,0.018667215015739202
6,1.305707335472107,4.629349708557129,0.4351958632469177,0.4181066155433655,5.782673358917236,3.416302442550659,0.5493197441101074,0.9115646481513977,0.9591836929321289,7.441521644592285,0.00577059481292963,0.018347417004406452
7,1.2967935800552368,4.893028736114502,0.42217934131622314,0.39611801505088806,5.671189308166504,3.3980071544647217,0.5493197441101074,0.9030612111091614,0.9557822942733765,7.319546222686768,0.005806465167552233,0.018150618765503168
8,1.2883371114730835,5.161924839019775,0.4166019856929779,0.38022878766059875,5.560394763946533,3.3807618618011475,0.5408163070678711,0.9064626097679138,0.9523809552192688,7.200089931488037,0.005741915665566921,0.01825972879305482
9,1.2795116901397705,5.4355363845825195,0.41750413179397583,0.37024277448654175,5.4556050300598145,3.364502191543579,0.5442177057266235,0.8996598720550537,0.9523809552192688,7.085455417633057,0.005779175087809563,0.01834770804271102
10,1.2699573040008545,5.713952541351318,0.4237212538719177,0.36542534828186035,5.364382743835449,3.3494105339050293,0.5493197441101074,0.9064626097679138,0.954081654548645,6.977964878082275,0.0058205449022352695,0.022373637184500694
11,1.259673833847046,5.997466564178467,0.4341734051704407,0.3647772967815399,5.288856029510498,3.3357865810394287,0.5493197441101074,0.9098639488220215,0.9557822942733765,6.87933874130249,0.006210572086274624,0.018264329060912132
12,1.2488644123077393,6.286319255828857,0.4479188323020935,0.367241770029068,5.23063850402832,3.323873281478882,0.5442177057266235,0.9166666865348816,0.9591836929321289,6.790444850921631,0.005710765719413757,0.017839891836047173
13,1.2378560304641724,6.580592155456543,0.4641035795211792,0.37177446484565735,5.180685043334961,3.3136556148529053,0.5544217824935913,0.9217687249183655,0.9625850319862366,6.710738658905029,0.006013263948261738,0.01816475996747613
14,1.2270176410675049,6.880213260650635,0.4819016456604004,0.3773408830165863,5.13510799407959,3.3048362731933594,0.5663265585899353,0.9285714030265808,0.9642857313156128,6.638406753540039,0.005852094851434231,0.018123500049114227
15,1.216639518737793,7.185008525848389,0.5004802942276001,0.382916122674942,5.091454029083252,3.297039747238159,0.5731292366981506,0.9285714030265808,0.9642857313156128,6.5718231201171875,0.005061861127614975,0.01458812691271305
16,1.2068763971328735,7.494710922241211,0.5189924836158752,0.38753724098205566,5.04506254196167,3.290005922317505,0.5884353518486023,0.9353741407394409,0.9659863710403442,6.510852336883545,0.005136180203408003,0.014825775288045406
17,1.1977860927581787,7.808887004852295,0.5365973711013794,0.3904134929180145,4.999439716339111,3.283560276031494,0.5901360511779785,0.9370748400688171,0.9693877696990967,6.456334590911865,0.005038370843976736,0.014516477007418871
18,1.1893792152404785,8.12686824798584,0.5525076389312744,0.391042560338974,4.962006568908691,3.2775070667266846,0.5884353518486023,0.9353741407394409,0.9693877696990967,6.408691883087158,0.005125400144606829,0.014637927059084177
19,1.1816424131393433,8.447786331176758,0.5660560131072998,0.38926830887794495,4.928523063659668,3.271669864654541,0.5884353518486023,0.9353741407394409,0.9676870703697205,6.3676605224609375,0.005241729784756899,0.014730675611644983
20,1.1745550632476807,8.770663261413574,0.5767565965652466,0.38526076078414917,4.8983564376831055,3.265984058380127,0.5833333134651184,0.9353741407394409,0.9659863710403442,6.332765579223633,0.005156380124390125,0.014671505894511938
21,1.1681052446365356,9.094468116760254,0.5843437910079956,0.3794441819190979,4.873379230499268,3.2604928016662598,0.5884353518486023,0.9319728016853333,0.9642857313156128,6.30340576171875,0.005168549716472626,0.014556507114320993
22,1.1622906923294067,9.418158531188965,0.5887792110443115,0.37241390347480774,4.853327751159668,3.2552995681762695,0.5799319744110107,0.9319728016853333,0.9642857313156128,6.278787612915039,0.005230308976024389,0.0146946357563138
23,1.1571170091629028,9.740691184997559,0.590229868888855,0.3648623824119568,4.83693265914917,3.2505292892456055,0.5714285969734192,0.930272102355957,0.9642857313156128,6.258016109466553,0.005377558991312981,0.014758615754544735
24,1.1525936126708984,10.06104564666748,0.589023768901825,0.35752007365226746,4.826173782348633,3.2462971210479736,0.569727897644043,0.9251700639724731,0.9625850319862366,6.240211486816406,0.005131930112838745,0.014850264880806208
25,1.1487131118774414,10.378249168395996,0.5855947732925415,0.35109931230545044,4.817148685455322,3.242673397064209,0.5629251599311829,0.9234693646430969,0.9608843326568604,6.224605083465576,0.005089909769594669,0.014447747729718685
26,1.145423412322998,10.691411018371582,0.5804276466369629,0.3462313115596771,4.808852195739746,3.23966908454895,0.5612244606018066,0.9217687249183655,0.9591836929321289,6.210580348968506,0.005199499893933535,0.014433278236538172
27,1.142612099647522,10.999763488769531,0.5740072727203369,0.3433993458747864,4.8031721115112305,3.2372355461120605,0.5629251599311829,0.918367326259613,0.9574829936027527,6.197704792022705,0.005061711184680462,0.01438990794122219
28,1.140122652053833,11.30269718170166,0.5667784214019775,0.3428840637207031,4.798921585083008,3.2352983951568604,0.5646258592605591,0.9149659872055054,0.9557822942733765,6.185721397399902,0.005039241164922714,0.014196920208632946
29,1.1377990245819092,11.599787712097168,0.5591181516647339,0.34474095702171326,4.794907569885254,3.2337868213653564,0.5663265585899353,0.9166666865348816,0.954081654548645,6.17451810836792,0.004974081180989742,0.01419387012720108
30,1.1355369091033936,11.890796661376953,0.5513229966163635,0.3488127291202545,4.791951656341553,3.2326571941375732,0.569727897644043,0.9166666865348816,0.9557822942733765,6.164079666137695,0.004963661078363657,0.01420722994953394
31,1.133309006690979,12.175641059875488,0.5436105132102966,0.3547607660293579,4.790194511413574,3.2318882942199707,0.5714285969734192,0.9166666865348816,0.9557822942733765,6.154430866241455,0.005139020271599293,0.014364697970449924
32,1.1311583518981934,12.45436954498291,0.5361313223838806,0.3620994985103607,4.788595199584961,3.2314603328704834,0.569727897644043,0.918367326259613,0.9557822942733765,6.14558219909668,0.005031270906329155,0.014052360784262419
33,1.1291618347167969,12.727104187011719,0.528985857963562,0.3702291250228882,4.786981105804443,3.2313239574432373,0.5731292366981506,0.9217687249183655,0.9591836929321289,6.137497901916504,0.0050646597519516945,0.014551796950399876
34,1.1273880004882812,12.994010925292969,0.522243082523346,0.37847569584846497,4.785148620605469,3.231388807296753,0.5765306353569031,0.9268707633018494,0.9608843326568604,6.1300811767578125,0.004995411261916161,0.014166479930281639
35,1.1258647441864014,13.255264282226562,0.5159554481506348,0.38614797592163086,4.782949447631836,3.2315211296081543,0.5782312750816345,0.9319728016853333,0.9608843326568604,6.123183727264404,0.004955371841788292,0.01401010062545538
36,1.1245678663253784,13.511017799377441,0.5101701617240906,0.39261260628700256,4.780401706695557,3.2315680980682373,0.581632673740387,0.9336734414100647,0.9625850319862366,6.116637706756592,0.005069691222161055,0.014142420142889023
37,1.123433232307434,13.761404037475586,0.5049362778663635,0.3973745107650757,4.777480125427246,3.2313904762268066,0.5833333134651184,0.9336734414100647,0.9625850319862366,6.110289573669434,0.005028971005231142,0.014078001026064157
38,1.122381329536438,14.006523132324219,0.5003072619438171,0.40014123916625977,4.774084568023682,3.2308926582336426,0.5833333134651184,0.9336734414100647,0.9642857313156128,6.104025840759277,0.005165530368685722,0.014278150163590908
39,1.1213462352752686,14.246448516845703,0.49634167551994324,0.4008522927761078,4.770341396331787,3.2300407886505127,0.581632673740387,0.9336734414100647,0.9642857313156128,6.097795486450195,0.005082909949123859,0.014399277977645397
40,1.120293140411377,14.481233596801758,0.4931008815765381,0.3996705710887909,4.7662787437438965,3.228865385055542,0.581632673740387,0.9336734414100647,0.9625850319862366,6.0916008949279785,0.005035840906202793,0.014119809959083796
41,1.1192233562469482,14.710918426513672,0.4906459450721741,0.39694324135780334,4.7620110511779785,3.227447986602783,0.581632673740387,0.9319728016853333,0.9625850319862366,6.085487365722656,0.004940222017467022,0.014078351203352213
42,1.1181640625,14.935542106628418,0.48903244733810425,0.39314574003219604,4.757657051086426,3.225898265838623,0.5799319744110107,0.9319728016853333,0.9625850319862366,6.0795183181762695,0.0053600589744746685,0.01442445907741785
43,1.117151141166687,15.155149459838867,0.48830458521842957,0.38881930708885193,4.75342321395874,3.224332332611084,0.5799319744110107,0.9319728016853333,0.9625850319862366,6.073755741119385,0.005050721112638712,0.014041241724044085
44,1.1162128448486328,15.369799613952637,0.48848727345466614,0.38450905680656433,4.749521255493164,3.222848892211914,0.5731292366981506,0.930272102355957,0.9625850319862366,6.0682477951049805,0.004953782074153423,0.014074370730668306
45,1.1153581142425537,15.579578399658203,0.489579439163208,0.38070544600486755,4.745854377746582,3.2215218544006348,0.569727897644043,0.930272102355957,0.9608843326568604,6.063023567199707,0.004998951219022274,0.014086311217397451
46,1.114574670791626,15.784600257873535,0.49154675006866455,0.37779444456100464,4.742611408233643,3.2203943729400635,0.569727897644043,0.9251700639724731,0.9608843326568604,6.058090686798096,0.004928281996399164,0.01400369219481945
47,1.113837718963623,15.985017776489258,0.4943179488182068,0.37602126598358154,4.739570617675781,3.219482898712158,0.5714285969734192,0.9251700639724731,0.9608843326568604,6.05344295501709,0.004936821758747101,0.014010210987180471
48,1.1131224632263184,16.18102264404297,0.49778419733047485,0.3754730522632599,4.736696243286133,3.2187869548797607,0.5714285969734192,0.9251700639724731,0.9608843326568604,6.049064636230469,0.005249349866062403,0.014311780221760273
49,1.11241614818573,16.37283706665039,0.5018024444580078,0.3760822117328644,4.733983516693115,3.218294143676758,0.5731292366981506,0.9251700639724731,0.9608843326568604,6.044941425323486,0.004947401117533445,0.014011600986123085
50,1.1117217540740967,16.560710906982422,0.5062037706375122,0.37764719128608704,4.731352806091309,3.2179813385009766,0.5714285969734192,0.9251700639724731,0.9608843326568604,6.041058540344238,0.004990370944142342,0.01402338221669197
51,1.1110553741455078,16.744905471801758,0.5108035206794739,0.3798670470714569,4.728790283203125,3.2178149223327637,0.5731292366981506,0.9251700639724731,0.9608843326568604,6.037410736083984,0.00549972802400589,0.01456303708255291
52,1.1104340553283691,16.925674438476562,0.5154147148132324,0.38238394260406494,4.726299285888672,3.2177467346191406,0.5782312750816345,0.9251700639724731,0.9608843326568604,6.03399658203125,0.004928451031446457,0.013973820954561234
53,1.1098681688308716,17.103256225585938,0.5198609232902527,0.3848307132720947,4.723944187164307,3.217719554901123,0.5799319744110107,0.9251700639724731,0.9608843326568604,6.030820846557617,0.004940961953252554,0.014014562126249075
54,1.109355092048645,17.277854919433594,0.5239888429641724,0.38687875866889954,4.7217230796813965,3.217674970626831,0.5782312750816345,0.9251700639724731,0.9608843326568604,6.027894020080566,0.00494479201734066,0.014018110930919647
55,1.1088814735412598,17.44963836669922,0.5276777744293213,0.3882797062397003,4.7196736335754395,3.217562437057495,0.5782312750816345,0.9251700639724731,0.9608843326568604,6.025224208831787,0.004906252026557922,0.013934342190623283
56,1.1084295511245728,17.618736267089844,0.5308466553688049,0.3888947367668152,4.71787691116333,3.2173502445220947,0.5782312750816345,0.9251700639724731,0.9608843326568604,6.022820472717285,0.004958740901201963,0.014069430995732546
57,1.1079835891723633,17.785234451293945,0.5334562659263611,0.3887070417404175,4.716341018676758,3.2170305252075195,0.5799319744110107,0.9251700639724731,0.9608843326568604,6.020686149597168,0.004994481336325407,0.014052171260118484
58,1.107537031173706,17.949186325073242,0.5355084538459778,0.3878154754638672,4.715054035186768,3.216620922088623,0.5799319744110107,0.9251700639724731,0.9608843326568604,6.018815994262695,0.004948432091623545,0.01411711098626256
59,1.107090711593628,18.110614776611328,0.5370408892631531,0.38641250133514404,4.714007377624512,3.216156005859375,0.5799319744110107,0.9251700639724731,0.9608843326568604,6.017195224761963,0.00491804163902998,0.01396673172712326
60,1.1066532135009766,18.269521713256836,0.5381194353103638,0.38475075364112854,4.713177680969238,3.2156808376312256,0.5799319744110107,0.9251700639724731,0.9608843326568604,6.015798568725586,0.004936691839247942,0.014054641127586365
61,1.1062325239181519,18.4258975982666,0.5388283729553223,0.38310369849205017,4.712529182434082,3.215237617492676,0.5748299360275269,0.9251700639724731,0.9608843326568604,6.014591217041016,0.00494017219170928,0.014044980984181166
62,1.1058342456817627,18.57973861694336,0.5392600297927856,0.3817264437675476,4.712021827697754,3.2148630619049072,0.5748299360275269,0.9251700639724731,0.9608843326568604,6.01353120803833,0.005084129981696606,0.014120719861239195
63,1.10545814037323,18.731035232543945,0.539505124092102,0.38082098960876465,4.711604595184326,3.21457839012146,0.5731292366981506,0.9251700639724731,0.9608843326568604,6.012577056884766,0.0050077009946107864,0.014057430904358625
64,1.1050999164581299,18.879804611206055,0.5396445989608765,0.3805113434791565,4.711223125457764,3.2143945693969727,0.5731292366981506,0.9251700639724731,0.9608843326568604,6.01168966293335,0.00490944180637598,0.013960542157292366
65,1.104753851890564,19.026079177856445,0.5397441387176514,0.38083040714263916,4.710855007171631,3.214308023452759,0.5731292366981506,0.9251700639724731,0.9608843326568604,6.010833263397217,0.004884781781584024,0.013933971989899874
66,1.1044162511825562,19.16990852355957,0.539851725101471,0.3817206025123596,4.710443019866943,3.214306354522705,0.5731292366981506,0.9251700639724731,0.9608843326568604,6.009981632232666,0.004890632815659046,0.013940142001956701
67,1.104086995124817,19.311368942260742,0.5399973392486572,0.38304680585861206,4.709961414337158,3.214367628097534,0.5714285969734192,0.9251700639724731,0.9608843326568604,6.00911283493042,0.004906282294541597,0.014019670896232128
68,1.1037687063217163,19.450546264648438,0.5401962399482727,0.38461920619010925,4.7093963623046875,3.2144644260406494,0.5731292366981506,0.9251700639724731,0.9608843326568604,6.008215427398682,0.005016210954636335,0.014270098879933357
69,1.1034642457962036,19.587541580200195,0.5404520630836487,0.3862234354019165,4.708742618560791,3.214564085006714,0.5731292366981506,0.9251700639724731,0.9608843326568604,6.007281303405762,0.005023831967264414,0.014068870805203915
70,1.1031743288040161,19.722450256347656,0.5407621264457703,0.38765233755111694,4.708038806915283,3.2146337032318115,0.5731292366981506,0.9251700639724731,0.9608843326568604,6.006305694580078,0.004956361837685108,0.014011191204190254
71,1.1028976440429688,19.85537338256836,0.5411209464073181,0.3887360692024231,4.707347869873047,3.2146458625793457,0.5714285969734192,0.9251700639724731,0.9608843326568604,6.005288600921631,0.004929292015731335,0.013976622372865677
72,1.1026302576065063,19.986398696899414,0.5415239930152893,0.3893650472164154,4.706585884094238,3.2145822048187256,0.5714285969734192,0.9251700639724731,0.9608843326568604,6.004235744476318,0.004918221849948168,0.013991501182317734
73,1.1023684740066528,20.1156063079834,0.5419695377349854,0.3895026743412018,4.7057671546936035,3.214434862136841,0.569727897644043,0.9251700639724731,0.9608843326568604,6.003151893615723,0.004941810853779316,0.013997901231050491
74,1.1021099090576172,20.243064880371094,0.5424596071243286,0.3891857862472534,4.704911708831787,3.2142131328582764,0.569727897644043,0.9251700639724731,0.9608843326568604,6.002045154571533,0.004950421862304211,0.014078831300139427
75,1.1018544435501099,20.368837356567383,0.5429987907409668,0.38851398229599,4.7040324211120605,3.213933229446411,0.569727897644043,0.9251700639724731,0.9591836929321289,6.000925540924072,0.005049560219049454,0.014115050435066223
76,1.1016038656234741,20.492979049682617,0.5435930490493774,0.3876296877861023,4.7031426429748535,3.21362042427063,0.569727897644043,0.9251700639724731,0.9591836929321289,5.99979829788208,0.004935661796480417,0.013966442085802555
77,1.1013603210449219,20.615541458129883,0.5442468523979187,0.38669347763061523,4.702254295349121,3.213300943374634,0.569727897644043,0.9268707633018494,0.9591836929321289,5.9986701011657715,0.004968082066625357,0.01435554912313819
78,1.101124882698059,20.736581802368164,0.5449609756469727,0.3858581483364105,4.701415061950684,3.2129993438720703,0.569727897644043,0.9268707633018494,0.9591836929321289,5.997546672821045,0.004939462058246136,0.013982471078634262
79,1.1008975505828857,20.856155395507812,0.5457302331924438,0.3852463662624359,4.700582504272461,3.2127339839935303,0.5680271983146667,0.9268707633018494,0.9591836929321289,5.996432781219482,0.00545624690130353,0.014734455849975348
80,1.1006770133972168,20.974327087402344,0.5465422868728638,0.38493430614471436,4.6997857093811035,3.2125155925750732,0.5680271983146667,0.9268707633018494,0.9591836929321289,5.995332717895508,0.004991721361875534,0.014061791356652975
81,1.1004619598388672,21.09116554260254,0.5473777055740356,0.3849441409111023,4.69901704788208,3.2123491764068604,0.5680271983146667,0.9268707633018494,0.9591836929321289,5.994253158569336,0.005042060744017363,0.014105279929935932
82,1.1002511978149414,21.206748962402344,0.5482115745544434,0.3852449953556061,4.69826602935791,3.2122304439544678,0.5680271983146667,0.9268707633018494,0.9591836929321289,5.993202209472656,0.004949171096086502,0.01401002099737525
83,1.1000452041625977,21.321151733398438,0.5490154027938843,0.3857627213001251,4.697537899017334,3.2121503353118896,0.5680271983146667,0.9268707633018494,0.9591836929321289,5.992189884185791,0.004967800807207823,0.01422702893614769
84,1.0998444557189941,21.434450149536133,0.5497611165046692,0.3863953649997711,4.696839809417725,3.212094783782959,0.5680271983146667,0.9268707633018494,0.9591836929321289,5.99122428894043,0.0049112718552351,0.013948732055723667
85,1.09964919090271,21.54671287536621,0.5504240989685059,0.387032151222229,4.696176528930664,3.2120485305786133,0.5680271983146667,0.9268707633018494,0.9591836929321289,5.990317344665527,0.004927660804241896,0.013983490876853466
86,1.0994596481323242,21.65799903869629,0.5509861707687378,0.38757258653640747,4.695554733276367,3.2119967937469482,0.5680271983146667,0.9268707633018494,0.9591836929321289,5.989474296569824,0.005388678051531315,0.014423497952520847
87,1.0992752313613892,21.768360137939453,0.5514383912086487,0.3879425823688507,4.694980621337891,3.2119288444519043,0.5680271983146667,0.9268707633018494,0.9591836929321289,5.9887003898620605,0.004934471100568771,0.01398855121806264
88,1.0990945100784302,21.87782859802246,0.5517818331718445,0.38810470700263977,4.694457054138184,3.2118380069732666,0.5680271983146667,0.9268707633018494,0.9591836929321289,5.987997055053711,0.004926491994410753,0.013972111977636814
89,1.09891676902771,21.986433029174805,0.5520275831222534,0.38806161284446716,4.6939873695373535,3.2117249965667725,0.5680271983146667,0.9268707633018494,0.9591836929321289,5.987361907958984,0.004907022230327129,0.013969951774924994
90,1.0987417697906494,22.094181060791016,0.5521953701972961,0.3878525495529175,4.693567752838135,3.2115941047668457,0.5680271983146667,0.9268707633018494,0.9591836929321289,5.986789703369141,0.004913742188364267,0.013959442265331745
91,1.0985697507858276,22.201078414916992,0.5523110628128052,0.3875431716442108,4.6931939125061035,3.211455821990967,0.5663265585899353,0.9268707633018494,0.9591836929321289,5.986271381378174,0.004932660609483719,0.01398749090731144
92,1.0984011888504028,22.307125091552734,0.5524038076400757,0.38721224665641785,4.692859649658203,3.2113213539123535,0.5663265585899353,0.9268707633018494,0.9591836929321289,5.985795974731445,0.005127380136400461,0.014167350251227617
93,1.0982365608215332,22.41231918334961,0.5525028705596924,0.3869362771511078,4.692554473876953,3.211199998855591,0.5663265585899353,0.9268707633018494,0.9591836929321289,5.985353946685791,0.005008700769394636,0.014053060673177242
94,1.0980757474899292,22.516660690307617,0.5526344776153564,0.3867764472961426,4.6922712326049805,3.2111003398895264,0.5663265585899353,0.9268707633018494,0.9591836929321289,5.9849324226379395,0.0049118222668766975,0.01394665241241455
95,1.0979185104370117,22.620153427124023,0.5528194308280945,0.3867686092853546,4.692000865936279,3.2110257148742676,0.5663265585899353,0.9268707633018494,0.9591836929321289,5.984523296356201,0.005051580723375082,0.014166649896651506
96,1.097764253616333,22.722808837890625,0.5530720949172974,0.3869185745716095,4.691732406616211,3.210975170135498,0.5663265585899353,0.9268707633018494,0.9591836929321289,5.984116554260254,0.005051271058619022,0.0141100799664855
97,1.097612738609314,22.82464027404785,0.5533996224403381,0.3872032165527344,4.691457748413086,3.2109453678131104,0.5663265585899353,0.9268707633018494,0.9591836929321289,5.983707427978516,0.00503862090408802,0.014166729990392923
98,1.0974640846252441,22.925674438476562,0.553802490234375,0.3875764310359955,4.691171169281006,3.210928440093994,0.5646258592605591,0.9268707633018494,0.9591836929321289,5.983292579650879,0.00504330126568675,0.014087250921875238
99,1.0973180532455444,23.025930404663086,0.5542758107185364,0.38797900080680847,4.6908698081970215,3.2109158039093018,0.5646258592605591,0.9268707633018494,0.9591836929321289,5.982869625091553,0.005028941202908754,0.014090701006352901
100,1.0971750020980835,23.12543487548828,0.5548111796379089,0.38834983110427856,4.690550327301025,3.210897207260132,0.5663265585899353,0.9268707633018494,0.9591836929321289,5.982438087463379,0.005021730903536081,0.014074740931391716
101,1.0970346927642822,23.224220275878906,0.5553979873657227,0.3886371850967407,4.690218448638916,3.2108659744262695,0.5663265585899353,0.9268707633018494,0.9608843326568604,5.981998920440674,0.004928702022880316,0.01397035177797079
102,1.0968971252441406,23.322307586669922,0.5560252666473389,0.38880741596221924,4.689874172210693,3.2108161449432373,0.5663265585899353,0.9268707633018494,0.9608843326568604,5.98155403137207,0.005033000838011503,0.01408899063244462
103,1.096761703491211,23.41971778869629,0.5566827654838562,0.388849675655365,4.689526081085205,3.210747003555298,0.5646258592605591,0.9268707633018494,0.9608843326568604,5.981103897094727,0.0051168398931622505,0.014492118265479803
104,1.096628189086914,23.5164737701416,0.5573614835739136,0.3887762725353241,4.689168453216553,3.210660219192505,0.5646258592605591,0.9251700639724731,0.9608843326568604,5.980651378631592,0.005021480843424797,0.014148729853332043
105,1.0964970588684082,23.612590789794922,0.5580536723136902,0.38861867785453796,4.6888017654418945,3.2105603218078613,0.5646258592605591,0.9251700639724731,0.9608843326568604,5.980197906494141,0.005138559732586145,0.014267928898334503
106,1.0963678359985352,23.70808219909668,0.5587525367736816,0.3884204626083374,4.68842887878418,3.2104549407958984,0.5646258592605591,0.9251700639724731,0.9608843326568604,5.979743003845215,0.005026150960475206,0.014087761286646128
107,1.0962409973144531,23.802961349487305,0.559451699256897,0.38822829723358154,4.688053131103516,3.210350513458252,0.5629251599311829,0.9251700639724731,0.9608843326568604,5.97929048538208,0.00502883130684495,0.014079621061682701
108,1.096116304397583,23.897245407104492,0.5601444840431213,0.3880835175514221,4.687677383422852,3.210253953933716,0.5629251599311829,0.9251700639724731,0.9608843326568604,5.978841304779053,0.005033641122281551,0.014087550807744265
109,1.0959937572479248,23.990947723388672,0.5608235597610474,0.3880147933959961,4.687304973602295,3.2101690769195557,0.5629251599311829,0.9251700639724731,0.9608843326568604,5.978396415710449,0.004929821006953716,0.01420931937173009
110,1.0958733558654785,24.084089279174805,0.5614811182022095,0.3880339562892914,4.686936378479004,3.2100987434387207,0.5629251599311829,0.9251700639724731,0.9608843326568604,5.977960109710693,0.004926801659166813,0.013977100607007742
111,1.095754623413086,24.176681518554688,0.5621085166931152,0.388135701417923,4.686577796936035,3.2100419998168945,0.5629251599311829,0.9251700639724731,0.9608843326568604,5.97753381729126,0.005052380729466677,0.014125379733741283
112,1.0956377983093262,24.268749237060547,0.5626975297927856,0.3882997930049896,4.686229228973389,3.209995746612549,0.5646258592605591,0.9251700639724731,0.9608843326568604,5.977118968963623,0.005120511166751385,0.01416336139664054
113,1.0955226421356201,24.360307693481445,0.5632408857345581,0.3884965181350708,4.6858930587768555,3.2099568843841553,0.5646258592605591,0.9251700639724731,0.9608843326568604,5.976720809936523,0.004915961995720863,0.013982290867716074
114,1.0954095125198364,24.45137596130371,0.5637332201004028,0.3886931538581848,4.685571193695068,3.2099199295043945,0.5646258592605591,0.9251700639724731,0.9608843326568604,5.976338863372803,0.004927411675453186,0.013976322021335363
115,1.095297932624817,24.54196548461914,0.5641720294952393,0.3888605535030365,4.685263633728027,3.209881067276001,0.5646258592605591,0.9251700639724731,0.9608843326568604,5.975976467132568,0.004940961021929979,0.01398319099098444
116,1.0951881408691406,24.63209342956543,0.5645580291748047,0.3889787495136261,4.684970378875732,3.2098374366760254,0.5646258592605591,0.9251700639724731,0.9608843326568604,5.975632190704346,0.004913441836833954,0.013962281867861748
117,1.095079779624939,24.72176170349121,0.5648952722549438,0.3890397846698761,4.684688091278076,3.209786891937256,0.5646258592605591,0.9251700639724731,0.9608843326568604,5.975305080413818,0.004966051783412695,0.014023281633853912
118,1.094973087310791,24.810977935791016,0.5651909112930298,0.3890482783317566,4.684417724609375,3.209730863571167,0.5646258592605591,0.9251700639724731,0.9608843326568604,5.974993705749512,0.005231909919530153,0.014295609202235937
119,1.0948678255081177,24.899747848510742,0.5654542446136475,0.3890194296836853,4.684174060821533,3.2096710205078125,0.5646258592605591,0.9251700639724731,0.9608843326568604,5.97469425201416,0.004911771975457668,0.013955292291939259
120,1.0947641134262085,24.98807144165039,0.565696120262146,0.38897496461868286,4.683945655822754,3.2096104621887207,0.5612244606018066,0.9251700639724731,0.9608843326568604,5.974404811859131,0.0049200719222426414,0.0144099579192698
121,1.0946617126464844,25.075946807861328,0.5659275054931641,0.3889380097389221,4.683719635009766,3.209552049636841,0.5629251599311829,0.9251700639724731,0.9608843326568604,5.974121570587158,0.004895082209259272,0.013950412161648273
122,1.0945611000061035,25.163375854492188,0.5661584734916687,0.38892820477485657,4.683492660522461,3.2094974517822266,0.5629251599311829,0.9251700639724731,0.9608843326568604,5.973841190338135,0.004903762135654688,0.013931652065366507
123,1.0944615602493286,25.2503604888916,0.5663974285125732,0.3889578878879547,4.683262825012207,3.209449529647827,0.5629251599311829,0.9251700639724731,0.9608843326568604,5.973560810089111,0.00494941184297204,0.01401941105723381
124,1.0943635702133179,25.3369083404541,0.5666506290435791,0.3890302777290344,4.6830291748046875,3.2094082832336426,0.5629251599311829,0.9251700639724731,0.9608843326568604,5.973280906677246,0.004915932193398476,0.013974972069263458
125,1.0942668914794922,25.423023223876953,0.5669217705726624,0.3891390264034271,4.682790756225586,3.2093722820281982,0.5629251599311829,0.9234693646430969,0.9608843326568604,5.972999095916748,0.0050843097269535065,0.014252988621592522
126,1.094171404838562,25.508710861206055,0.5672123432159424,0.3892706334590912,4.682547569274902,3.2093393802642822,0.5629251599311829,0.9234693646430969,0.9608843326568604,5.972715377807617,0.005052261054515839,0.014195379801094532
127,1.094077229499817,25.593984603881836,0.5675219893455505,0.38940760493278503,4.682301998138428,3.2093071937561035,0.5629251599311829,0.9234693646430969,0.9608843326568604,5.972431659698486,0.005023750942200422,0.014216909185051918
128,1.0939842462539673,25.678848266601562,0.5678489804267883,0.3895321786403656,4.682065010070801,3.2092738151550293,0.5629251599311829,0.9234693646430969,0.9608843326568604,5.972147464752197,0.005051581189036369,0.014107550960034132
129,1.0938925743103027,25.763317108154297,0.5681911110877991,0.38963043689727783,4.681827545166016,3.2092363834381104,0.5629251599311829,0.9234693646430969,0.9608843326568604,5.971863746643066,0.005169849842786789,0.014214169699698687
130,1.0938022136688232,25.847396850585938,0.5685458183288574,0.38969457149505615,4.681588172912598,3.2091944217681885,0.5629251599311829,0.9234693646430969,0.9608843326568604,5.971581935882568,0.0050317710265517235,0.014077111147344112
131,1.0937126874923706,25.931093215942383,0.568910539150238,0.38972410559654236,4.681361198425293,3.2091481685638428,0.5629251599311829,0.9234693646430969,0.9608843326568604,5.971303939819336,0.00504507077857852,0.014109470881521702
132,1.093624472618103,26.01441764831543,0.5692834258079529,0.38972562551498413,4.681147575378418,3.2090978622436523,0.5629251599311829,0.9234693646430969,0.9608843326568604,5.971027374267578,0.005050810985267162,0.014076110906898975
133,1.0935373306274414,26.09737205505371,0.5696624517440796,0.3897106647491455,4.680936336517334,3.2090461254119873,0.5629251599311829,0.9234693646430969,0.9608843326568604,5.970755100250244,0.005020350683480501,0.01410205103456974
134,1.0934512615203857,26.17996597290039,0.5700461864471436,0.38969311118125916,4.680738925933838,3.2089948654174805,0.5612244606018066,0.9234693646430969,0.9608843326568604,5.970487117767334,0.005022980738431215,0.014053940773010254
135,1.0933661460876465,26.2622013092041,0.570432722568512,0.3896860182285309,4.680542469024658,3.2089455127716064,0.5612244606018066,0.9234693646430969,0.9608843326568604,5.970224380493164,0.005221058614552021,0.014381838031113148
136,1.0932822227478027,26.344085693359375,0.5708202123641968,0.38969892263412476,4.680347442626953,3.2089004516601562,0.5612244606018066,0.9234693646430969,0.9608843326568604,5.969965934753418,0.005006201099604368,0.014115460216999054
137,1.0931992530822754,26.42562484741211,0.5712066292762756,0.3897364139556885,4.6801557540893555,3.208859443664551,0.5595238208770752,0.9234693646430969,0.9608843326568604,5.9697136878967285,0.005042800679802895,0.014625025913119316
138,1.0931172370910645,26.506820678710938,0.5715895295143127,0.3897974193096161,4.67996883392334,3.2088229656219482,0.5595238208770752,0.9234693646430969,0.9608843326568604,5.969466686248779,0.00507735088467598,0.014138199854642153
139,1.09303617477417,26.58768653869629,0.5719664692878723,0.3898759186267853,4.679786205291748,3.2087903022766113,0.5595238208770752,0.9234693646430969,0.9608843326568604,5.969227313995361,0.005043711047619581,0.014116851147264242
140,1.092956304550171,26.66822052001953,0.5723353624343872,0.38996291160583496,4.6796112060546875,3.2087600231170654,0.5595238208770752,0.9234693646430969,0.9608843326568604,5.968995094299316,0.005038741044700146,0.014108899980783463
141,1.0928770303726196,26.74843406677246,0.5726945400238037,0.39004847407341003,4.679441452026367,3.2087302207946777,0.5595238208770752,0.9234693646430969,0.9608843326568604,5.9687700271606445,0.005085901357233524,0.01415166025981307
142,1.0927988290786743,26.828330993652344,0.5730431079864502,0.3901240825653076,4.6792802810668945,3.20870041847229,0.5595238208770752,0.9234693646430969,0.9608843326568604,5.9685540199279785,0.005055021028965712,0.014109150972217321
143,1.092721700668335,26.907913208007812,0.5733811259269714,0.390184223651886,4.679123878479004,3.2086691856384277,0.5595238208770752,0.9234693646430969,0.9608843326568604,5.968344688415527,0.005039320793002844,0.014089420903474092
144,1.0926451683044434,26.987184524536133,0.5737093687057495,0.3902274966239929,4.6789727210998535,3.208636522293091,0.5595238208770752,0.9234693646430969,0.9608843326568604,5.968142032623291,0.005067041143774986,0.014124511275440454
145,1.0925695896148682,27.066150665283203,0.5740295648574829,0.39025643467903137,4.6788249015808105,3.2086024284362793,0.5595238208770752,0.9234693646430969,0.9608843326568604,5.967944622039795,0.00503308093175292,0.014350608922541142
146,1.0924947261810303,27.144811630249023,0.5743438601493835,0.39027655124664307,4.678679466247559,3.2085676193237305,0.5595238208770752,0.9234693646430969,0.9608843326568604,5.9677510261535645,0.005047870799899101,0.014099800027906895
147,1.0924209356307983,27.223167419433594,0.5746546387672424,0.39029479026794434,4.678534030914307,3.2085330486297607,0.5595238208770752,0.9234693646430969,0.9608843326568604,5.967560768127441,0.005048420745879412,0.014123280998319387
148,1.0923478603363037,27.30122184753418,0.5749641060829163,0.3903178870677948,4.6783881187438965,3.2085001468658447,0.5595238208770752,0.9234693646430969,0.9608843326568604,5.967372894287109,0.005023401230573654,0.014055801089853048
149,1.092275619506836,27.378976821899414,0.5752741098403931,0.3903507590293884,4.6782402992248535,3.208467960357666,0.5595238208770752,0.9234693646430969,0.9608843326568604,5.9671854972839355,0.005034861154854298,0.014099181164056063
150,1.0922040939331055,27.456436157226562,0.5755857229232788,0.39039555191993713,4.678089618682861,3.2084383964538574,0.5595238208770752,0.9234693646430969,0.9608843326568604,5.96699857711792,0.005080430768430233,0.014130441006273031
151,1.0921335220336914,27.533599853515625,0.575899600982666,0.3904512822628021,4.6779375076293945,3.2084097862243652,0.5595238208770752,0.9234693646430969,0.9608843326568604,5.9668121337890625,0.00506037101149559,0.01434758910909295
152,1.0920634269714355,27.610475540161133,0.5762153267860413,0.39051443338394165,4.677781581878662,3.208383083343506,0.5595238208770752,0.9234693646430969,0.9608843326568604,5.966626167297363,0.0050122421234846115,0.01404658192768693
153,1.091994285583496,27.68706512451172,0.5765324234962463,0.3905799388885498,4.677624702453613,3.2083563804626465,0.557823121547699,0.9234693646430969,0.9608843326568604,5.966440677642822,0.005028841085731983,0.014094571117311716
154,1.0919257402420044,27.763376235961914,0.5768498182296753,0.39064231514930725,4.677467346191406,3.208329677581787,0.557823121547699,0.9234693646430969,0.9608843326568604,5.966256141662598,0.005016711074858904,0.014077510219067335
155,1.09185791015625,27.83940887451172,0.5771664381027222,0.39069727063179016,4.677309989929199,3.2083022594451904,0.557823121547699,0.9234693646430969,0.9608843326568604,5.9660725593566895,0.005030081141740084,0.014084251131862402
156,1.0917909145355225,27.915170669555664,0.5774813890457153,0.39074236154556274,4.677152633666992,3.2082736492156982,0.5561224222183228,0.9234693646430969,0.9608843326568604,5.9658918380737305,0.005047271028161049,0.014347789343446493
157,1.0917245149612427,27.990663528442383,0.5777937769889832,0.39077746868133545,4.67699670791626,3.2082436084747314,0.5561224222183228,0.9234693646430969,0.9608843326568604,5.965713024139404,0.005054660141468048,0.014139669947326183
158,1.0916588306427002,28.065893173217773,0.578103244304657,0.39080479741096497,4.6768412590026855,3.2082130908966064,0.5544217824935913,0.9234693646430969,0.9608843326568604,5.965537071228027,0.005000991281121969,0.014117850922048092
159,1.0915937423706055,28.14086151123047,0.5784094333648682,0.39082804322242737,4.676687717437744,3.2081820964813232,0.5544217824935913,0.9234693646430969,0.9608843326568604,5.9653639793396,0.004946912173181772,0.014035581145435572
160,1.091529369354248,28.2155704498291,0.5787122845649719,0.3908514380455017,4.676535606384277,3.2081520557403564,0.5527210831642151,0.9234693646430969,0.9608843326568604,5.9651923179626465,0.004909242037683725,0.013977220747619867
161,1.091465711593628,28.290027618408203,0.5790117979049683,0.390878826379776,4.676385402679443,3.208122968673706,0.5527210831642151,0.9234693646430969,0.9608843326568604,5.965025424957275,0.004913151729851961,0.013962211553007364
162,1.091402530670166,28.364229202270508,0.5793078541755676,0.3909127414226532,4.676248550415039,3.2080953121185303,0.5527210831642151,0.9234693646430969,0.9608843326568604,5.964860916137695,0.004942061845213175,0.01419825991615653
163,1.091340184211731,28.43818473815918,0.5796005725860596,0.3909538686275482,4.676112651824951,3.208069324493408,0.5527210831642151,0.9234693646430969,0.9608843326568604,5.9646992683410645,0.004944341257214546,0.014292968902736902
164,1.0912781953811646,28.511892318725586,0.5798898935317993,0.39100125432014465,4.6759796142578125,3.2080442905426025,0.5527210831642151,0.9234693646430969,0.9608843326568604,5.964540958404541,0.004898872226476669,0.01398514211177826
165,1.091217041015625,28.585357666015625,0.5801758170127869,0.3910524249076843,4.67584753036499,3.2080204486846924,0.5527210831642151,0.9234693646430969,0.9608843326568604,5.964386463165283,0.004997471813112497,0.014076030813157558
166,1.091156244277954,28.65858268737793,0.5804582238197327,0.3911043405532837,4.675717353820801,3.2079975605010986,0.5527210831642151,0.9234693646430969,0.9608843326568604,5.964234828948975,0.004904341883957386,0.013949822168797255
167,1.0910964012145996,28.7315731048584,0.5807374715805054,0.39115405082702637,4.675589561462402,3.207974672317505,0.5527210831642151,0.9234693646430969,0.9608843326568604,5.964087009429932,0.004911781754344702,0.013986421748995781
168,1.0910367965698242,28.8043270111084,0.5810137391090393,0.39119935035705566,4.675463676452637,3.207951545715332,0.5527210831642151,0.9234693646430969,0.9608843326568604,5.963942050933838,0.0049272021278738976,0.013993341941386461
169,1.0909779071807861,28.876850128173828,0.5812877416610718,0.39123931527137756,4.675339698791504,3.20792818069458,0.5527210831642151,0.9234693646430969,0.9608843326568604,5.963799953460693,0.004950030706822872,0.014181909617036581
170,1.0909194946289062,28.949142456054688,0.5815602540969849,0.39127442240715027,4.675217628479004,3.207904577255249,0.5527210831642151,0.9234693646430969,0.9608843326568604,5.963660717010498,0.005088340025395155,0.014357038773596287
171,1.0908615589141846,29.021207809448242,0.5818319320678711,0.3913061320781708,4.6750969886779785,3.2078804969787598,0.5527210831642151,0.9234693646430969,0.9608843326568604,5.963523864746094,0.004934861324727535,0.01397211104631424
172,1.0908043384552002,29.093046188354492,0.5821036696434021,0.391336590051651,4.674976348876953,3.207857370376587,0.5510203838348389,0.9234693646430969,0.9608843326568604,5.9633893966674805,0.004965551663190126,0.014032971579581499
173,1.090747594833374,29.164661407470703,0.5823761224746704,0.39136803150177,4.674857139587402,3.207833766937256,0.5527210831642151,0.9234693646430969,0.9608843326568604,5.963255882263184,0.004923011176288128,0.013979981187731028
174,1.090691328048706,29.236055374145508,0.5826499462127686,0.39140206575393677,4.674736976623535,3.2078115940093994,0.5527210831642151,0.9234693646430969,0.9608843326568604,5.9631242752075195,0.004892151802778244,0.01391412178054452
175,1.0906355381011963,29.307228088378906,0.5829250812530518,0.3914393484592438,4.674617290496826,3.207789897918701,0.5527210831642151,0.9234693646430969,0.9608843326568604,5.962993621826172,0.005034280940890312,0.014082670211791992
176,1.0905804634094238,29.37818145751953,0.5832017660140991,0.3914797604084015,4.674497127532959,3.2077691555023193,0.5527210831642151,0.9234693646430969,0.9608843326568604,5.962864398956299,0.0051652598194777966,0.014140009880065918
177,1.0905256271362305,29.44891929626465,0.5834795236587524,0.3915221393108368,4.674376487731934,3.2077481746673584,0.5527210831642151,0.9234693646430969,0.9608843326568604,5.962736129760742,0.0049371421337127686,0.01438425900414586
178,1.0904713869094849,29.519445419311523,0.5837580561637878,0.39156481623649597,4.6742634773254395,3.2077279090881348,0.5527210831642151,0.9234693646430969,0.9608843326568604,5.962608814239502,0.004899802152067423,0.013939692173153162
179,1.0904176235198975,29.589763641357422,0.5840367078781128,0.39160624146461487,4.674156188964844,3.207707166671753,0.5527210831642151,0.9234693646430969,0.9608843326568604,5.9624834060668945,0.004928002133965492,0.01397700235247612
180,1.0903644561767578,29.659870147705078,0.5843149423599243,0.3916451632976532,4.674049377441406,3.2076873779296875,0.5527210831642151,0.9234693646430969,0.9608843326568604,5.962359428405762,0.0049344017170369625,0.013984972145408392
181,1.0903115272521973,29.729772567749023,0.584592342376709,0.39168092608451843,4.673943519592285,3.2076663970947266,0.5510203838348389,0.9234693646430969,0.9608843326568604,5.962238311767578,0.005061340052634478,0.014112390112131834
182,1.090259313583374,29.799470901489258,0.5848684310913086,0.3917137384414673,4.673837661743164,3.207645893096924,0.5510203838348389,0.9234693646430969,0.9608843326568604,5.962117671966553,0.00492734182626009,0.013977131806313992
183,1.0902073383331299,29.868968963623047,0.5851429104804993,0.3917444348335266,4.673731803894043,3.207625389099121,0.5510203838348389,0.9251700639724731,0.9608843326568604,5.96199893951416,0.004912291653454304,0.014046021737158298
184,1.0901559591293335,29.93826675415039,0.5854156017303467,0.3917742967605591,4.673628807067871,3.2076051235198975,0.5510203838348389,0.9251700639724731,0.9608843326568604,5.961882591247559,0.005288159009069204,0.014798535965383053
185,1.0901049375534058,30.007368087768555,0.5856863260269165,0.39180469512939453,4.673525810241699,3.207584857940674,0.5510203838348389,0.9251700639724731,0.9608843326568604,5.961767673492432,0.004942881874740124,0.014018472284078598
186,1.0900543928146362,30.07627296447754,0.5859551429748535,0.39183661341667175,4.673423767089844,3.2075653076171875,0.5510203838348389,0.9251700639724731,0.9608843326568604,5.961655139923096,0.004930592142045498,0.013960462063550949
187,1.0900042057037354,30.144983291625977,0.5862219333648682,0.39187052845954895,4.673323631286621,3.2075467109680176,0.5510203838348389,0.9251700639724731,0.9608843326568604,5.961545467376709,0.004950870759785175,0.014015201013535261
188,1.0899546146392822,30.213502883911133,0.5864866971969604,0.39190641045570374,4.67322301864624,3.2075283527374268,0.5527210831642151,0.9251700639724731,0.9608843326568604,5.961435794830322,0.004934421740472317,0.014002651907503605
189,1.0899053812026978,30.281831741333008,0.5867493748664856,0.39194369316101074,4.673123359680176,3.207510471343994,0.5527210831642151,0.9251700639724731,0.9608843326568604,5.961328506469727,0.00492579210549593,0.013992041815072298
190,1.0898563861846924,30.349973678588867,0.5870099663734436,0.39198148250579834,4.673025608062744,3.2074930667877197,0.5527210831642151,0.9251700639724731,0.9608843326568604,5.961223125457764,0.0049153720028698444,0.014128040987998247
191,1.0898079872131348,30.41792869567871,0.5872686505317688,0.39201870560646057,4.6729278564453125,3.207475423812866,0.5510203838348389,0.9251700639724731,0.9608843326568604,5.961119651794434,0.004919551778584719,0.014236608985811472
192,1.0897600650787354,30.48569679260254,0.5875254273414612,0.39205458760261536,4.6728315353393555,3.20745849609375,0.5510203838348389,0.9251700639724731,0.9608843326568604,5.961018085479736,0.00493756216019392,0.013991422019898891
193,1.089712381362915,30.553281784057617,0.5877805948257446,0.3920886814594269,4.67273473739624,3.2074413299560547,0.5527210831642151,0.9251700639724731,0.9608843326568604,5.9609174728393555,0.005004091188311577,0.014057260937988758
194,1.0896649360656738,30.62068748474121,0.5880342721939087,0.3921211063861847,4.672638893127441,3.2074239253997803,0.5527210831642151,0.9251700639724731,0.9608843326568604,5.960817813873291,0.004908381961286068,0.013980861753225327
195,1.0896180868148804,30.687910079956055,0.588286817073822,0.3921523094177246,4.672544002532959,3.207406520843506,0.5527210831642151,0.9251700639724731,0.9608843326568604,5.960720539093018,0.004920471925288439,0.013988892082124949
196,1.0895715951919556,30.754955291748047,0.5885383486747742,0.392182856798172,4.672449588775635,3.2073895931243896,0.5527210831642151,0.9251700639724731,0.9608843326568604,5.960623741149902,0.00489997211843729,0.013943771831691265
197,1.0895254611968994,30.821823120117188,0.5887892246246338,0.39221349358558655,4.672355651855469,3.2073729038238525,0.5527210831642151,0.9251700639724731,0.9608843326568604,5.960528373718262,0.0049793110229074955,0.014234318863600492
198,1.0894798040390015,30.88851547241211,0.5890395641326904,0.3922448456287384,4.672265529632568,3.2073566913604736,0.5527210831642151,0.9251700639724731,0.9608843326568604,5.960434436798096,0.004932862240821123,0.014339999295771122
199,1.0894343852996826,30.95503044128418,0.5892894864082336,0.3922770917415619,4.672177314758301,3.2073404788970947,0.5510203838348389,0.9251700639724731,0.9608843326568604,5.960341453552246,0.004922661930322647,0.014005091041326523
200,1.0893893241882324,31.021373748779297,0.5895390510559082,0.39231017231941223,4.672087669372559,3.207324266433716,0.5510203838348389,0.9251700639724731,0.9608843326568604,5.9602484703063965,0.0049319020472466946,0.013993541710078716
201,1.0893447399139404,31.08754539489746,0.5897880792617798,0.39234375953674316,4.671998977661133,3.207308530807495,0.5510203838348389,0.9251700639724731,0.9608843326568604,5.96015739440918,0.004904772154986858,0.013954361900687218
202,1.0893003940582275,31.153547286987305,0.5900365114212036,0.3923773467540741,4.671910762786865,3.2072932720184326,0.5493197441101074,0.9251700639724731,0.9608843326568604,5.9600677490234375,0.0049332519993186,0.01415439136326313
203,1.0892564058303833,31.219379425048828,0.5902842283248901,0.3924103081226349,4.671823501586914,3.20727801322937,0.5476190447807312,0.9251700639724731,0.9608843326568604,5.959979057312012,0.005138700362294912,0.01425550039857626
204,1.0892128944396973,31.285045623779297,0.5905311107635498,0.39244237542152405,4.671735763549805,3.2072629928588867,0.5476190447807312,0.9251700639724731,0.9608843326568604,5.959890842437744,0.005518306978046894,0.015093892812728882
205,1.0891696214675903,31.35054588317871,0.5907770395278931,0.3924733102321625,4.671648979187012,3.207247495651245,0.5476190447807312,0.9251700639724731,0.9608843326568604,5.959804534912109,0.005515236873179674,0.01481112465262413
206,1.0891265869140625,31.41588020324707,0.5910220146179199,0.3925032913684845,4.671562671661377,3.207232713699341,0.545918345451355,0.9251700639724731,0.9608843326568604,5.959719657897949,0.005082331132143736,0.014352779369801283
207,1.0890839099884033,31.481054306030273,0.5912659764289856,0.3925326466560364,4.671477317810059,3.2072176933288574,0.545918345451355,0.9251700639724731,0.9608843326568604,5.9596357345581055,0.005025510210543871,0.014179529156535864
208,1.0890417098999023,31.546066284179688,0.5915088653564453,0.39256179332733154,4.671391487121582,3.207202672958374,0.545918345451355,0.9251700639724731,0.9608843326568604,5.959552764892578,0.005362598225474358,0.01477460516616702
209,1.0889997482299805,31.610918045043945,0.5917508006095886,0.39259111881256104,4.671307563781738,3.207188606262207,0.545918345451355,0.9251700639724731,0.9608843326568604,5.959471702575684,0.005284818820655346,0.014637545682489872
210,1.0889580249786377,31.675607681274414,0.5919917821884155,0.3926209807395935,4.671223163604736,3.207174062728882,0.545918345451355,0.9251700639724731,0.9608843326568604,5.959392070770264,0.004918291699141264,0.014227519743144512
211,1.0889167785644531,31.740142822265625,0.592231810092926,0.39265137910842896,4.671139717102051,3.207160472869873,0.5476190447807312,0.9251700639724731,0.9608843326568604,5.959312915802002,0.005037290975451469,0.014131140895187855
212,1.088875651359558,31.804519653320312,0.5924710035324097,0.3926822245121002,4.671057224273682,3.207146167755127,0.5476190447807312,0.9251700639724731,0.9608843326568604,5.959235191345215,0.005060911178588867,0.014347059186547995
213,1.0888350009918213,31.86874008178711,0.5927093029022217,0.3927132487297058,4.670974254608154,3.2071332931518555,0.5476190447807312,0.9251700639724731,0.9608843326568604,5.959157943725586,0.004948192276060581,0.014092791359871626
214,1.088794469833374,31.93280792236328,0.5929467678070068,0.3927440941333771,4.670892238616943,3.2071197032928467,0.5476190447807312,0.9251700639724731,0.9608843326568604,5.95908260345459,0.005068500991910696,0.014184140134602785
215,1.088754415512085,31.996721267700195,0.5931833982467651,0.3927744925022125,4.670810699462891,3.207106351852417,0.5476190447807312,0.9251700639724731,0.9608843326568604,5.959008693695068,0.00496293231844902,0.014156711287796497
216,1.0887147188186646,32.06048583984375,0.5934193134307861,0.39280423521995544,4.670729637145996,3.2070932388305664,0.5476190447807312,0.9251700639724731,0.9608843326568604,5.958934783935547,0.005165399983525276,0.014409747906029224
217,1.0886750221252441,32.12409210205078,0.5936543345451355,0.39283329248428345,4.670650482177734,3.207080602645874,0.5476190447807312,0.9251700639724731,0.9608843326568604,5.958862781524658,0.005063541233539581,0.014173919800668955
218,1.088635802268982,32.18755340576172,0.5938888192176819,0.3928617238998413,4.670570373535156,3.2070674896240234,0.5476190447807312,0.9251700639724731,0.9608843326568604,5.958791732788086,0.004988321103155613,0.014136530924588442
219,1.0885968208312988,32.2508659362793,0.5941226482391357,0.3928898572921753,4.670490741729736,3.207054615020752,0.5476190447807312,0.9251700639724731,0.9608843326568604,5.958720684051514,0.0050787911750376225,0.014172730036079884
220,1.0885581970214844,32.314029693603516,0.5943558812141418,0.3929178714752197,4.670411586761475,3.2070422172546387,0.5476190447807312,0.9251700639724731,0.9591836929321289,5.958651542663574,0.005067680962383747,0.01422670017927885
221,1.088519811630249,32.37704849243164,0.5945886373519897,0.39294594526290894,4.670331954956055,3.207029342651367,0.5476190447807312,0.9251700639724731,0.9591836929321289,5.958582401275635,0.00523936003446579,0.014380068983882666
222,1.0884816646575928,32.439918518066406,0.5948206782341003,0.39297422766685486,4.670253753662109,3.207017421722412,0.5476190447807312,0.9251700639724731,0.9591836929321289,5.958514213562012,0.0051864199340343475,0.014369698707014322
223,1.0884437561035156,32.50264358520508,0.595052182674408,0.39300277829170227,4.670175552368164,3.207005023956299,0.5476190447807312,0.9251700639724731,0.9591836929321289,5.958447456359863,0.005100860260426998,0.014318958856165409
224,1.0884063243865967,32.565223693847656,0.595283031463623,0.39303135871887207,4.670097351074219,3.2069931030273438,0.5476190447807312,0.9251700639724731,0.9591836929321289,5.958381175994873,0.0049698809161782265,0.014132349751889706
225,1.0883688926696777,32.62766647338867,0.5955132246017456,0.3930598199367523,4.670019626617432,3.2069814205169678,0.5476190447807312,0.9251700639724731,0.9591836929321289,5.958316326141357,0.004957611672580242,0.014140450861304998
226,1.088331937789917,32.689964294433594,0.5957425236701965,0.3930880129337311,4.669942855834961,3.206969738006592,0.5476190447807312,0.9251700639724731,0.9591836929321289,5.958251476287842,0.004998321179300547,0.014045481104403734
227,1.0882951021194458,32.75212097167969,0.5959711074829102,0.3931158185005188,4.66986608505249,3.206958055496216,0.5476190447807312,0.9251700639724731,0.9591836929321289,5.958188533782959,0.005152119789272547,0.014132121112197638
228,1.0882585048675537,32.81414031982422,0.5961987376213074,0.3931432068347931,4.669788837432861,3.206946849822998,0.5476190447807312,0.9251700639724731,0.9591836929321289,5.958125114440918,0.0049688019789755344,0.014046031050384045
229,1.0882223844528198,32.876014709472656,0.5964255332946777,0.39317023754119873,4.669713973999023,3.206935405731201,0.5476190447807312,0.9251700639724731,0.9591836929321289,5.95806360244751,0.004944390617311001,0.014039720874279737
230,1.088186264038086,32.93775939941406,0.5966514945030212,0.3931969702243805,4.669638633728027,3.2069244384765625,0.5476190447807312,0.9251700639724731,0.9591836929321289,5.958003044128418,0.004938940983265638,0.014036571141332388
231,1.0881505012512207,32.999359130859375,0.5968766212463379,0.3932235836982727,4.669563293457031,3.2069129943847656,0.5476190447807312,0.9251700639724731,0.9591836929321289,5.957942485809326,0.0050452412106096745,0.014405099209398031
232,1.0881149768829346,33.060829162597656,0.5971008539199829,0.3932502567768097,4.66948938369751,3.206902027130127,0.5476190447807312,0.9251700639724731,0.9591836929321289,5.957883358001709,0.004993890877813101,0.014308368787169456
233,1.0880796909332275,33.12215805053711,0.5973243713378906,0.39327698945999146,4.66941499710083,3.2068910598754883,0.5476190447807312,0.9251700639724731,0.9591836929321289,5.95782470703125,0.004979011137038469,0.014143660198897123
234,1.0880446434020996,33.1833610534668,0.5975469946861267,0.393303781747818,4.66934061050415,3.2068803310394287,0.5476190447807312,0.9251700639724731,0.9591836929321289,5.957767486572266,0.004986091982573271,0.01407439075410366
235,1.0880098342895508,33.244422912597656,0.5977689623832703,0.3933306038379669,4.669267654418945,3.2068698406219482,0.5476190447807312,0.9251700639724731,0.9591836929321289,5.957709789276123,0.0049570719711482525,0.01403630105778575
236,1.087975263595581,33.30535888671875,0.5979901552200317,0.3933572769165039,4.669194221496582,3.206859588623047,0.5476190447807312,0.9251700639724731,0.9591836929321289,5.957653999328613,0.005288878921419382,0.014394417870789766
237,1.0879409313201904,33.36615753173828,0.5982106328010559,0.39338377118110657,4.669121265411377,3.2068493366241455,0.5476190447807312,0.9251700639724731,0.9591836929321289,5.95759916305542,0.005089180078357458,0.01411768002435565
238,1.087906837463379,33.42682647705078,0.5984305143356323,0.3934100568294525,4.669049263000488,3.206838846206665,0.5476190447807312,0.9251700639724731,0.9591836929321289,5.957543849945068,0.005196249578148127,0.014327618759125471
239,1.087873101234436,33.48736572265625,0.5986497402191162,0.3934359848499298,4.668978691101074,3.206829309463501,0.5476190447807312,0.9251700639724731,0.9591836929321289,5.95749044418335,0.0051102712750434875,0.014200750272721052
240,1.0878393650054932,33.54777908325195,0.5988683104515076,0.3934617042541504,4.668906211853027,3.2068190574645996,0.5476190447807312,0.9251700639724731,0.9591836929321289,5.957437992095947,0.005091340746730566,0.014717865735292435
241,1.0878058671951294,33.60805892944336,0.5990862846374512,0.39348718523979187,4.668835163116455,3.2068090438842773,0.5476190447807312,0.9251700639724731,0.9591836929321289,5.9573845863342285,0.0050361608155071735,0.014426747802644968
242,1.0877727270126343,33.668216705322266,0.599303662776947,0.393512487411499,4.668764114379883,3.206799268722534,0.5476190447807312,0.9251700639724731,0.9591836929321289,5.957333087921143,0.005177040118724108,0.014418859034776688
243,1.0877397060394287,33.72824478149414,0.5995205640792847,0.3935377299785614,4.668694019317627,3.206789493560791,0.5476190447807312,0.9251700639724731,0.9591836929321289,5.957282066345215,0.005064370110630989,0.014487697277218103
244,1.0877069234848022,33.78814697265625,0.5997368097305298,0.3935628831386566,4.668622970581055,3.206779956817627,0.5476190447807312,0.9251700639724731,0.9591836929321289,5.9572319984436035,0.0050959112122654915,0.014177401084452868
245,1.0876743793487549,33.847923278808594,0.5999525785446167,0.39358803629875183,4.668553829193115,3.206770181655884,0.5476190447807312,0.9251700639724731,0.9591836929321289,5.95718240737915,0.005026881117373705,0.01429323898628354
246,1.0876420736312866,33.90757369995117,0.6001677513122559,0.39361312985420227,4.668484210968018,3.206761360168457,0.5476190447807312,0.9251700639724731,0.9591836929321289,5.9571332931518555,0.005068200174719095,0.014358107931911945
247,1.087609887123108,33.96710205078125,0.6003823280334473,0.39363816380500793,4.668415069580078,3.206752300262451,0.5476190447807312,0.9251700639724731,0.9591836929321289,5.957084655761719,0.005027511157095432,0.01411949098110199
248,1.0875780582427979,34.026512145996094,0.6005963683128357,0.3936630189418793,4.668345928192139,3.206743001937866,0.5476190447807312,0.9251700639724731,0.9591836929321289,5.957036972045898,0.005131640005856752,0.014470047317445278
249,1.0875462293624878,34.085792541503906,0.6008096933364868,0.39368778467178345,4.668277263641357,3.2067339420318604,0.5476190447807312,0.9251700639724731,0.9591836929321289,5.956989765167236,0.005066339857876301,0.014157359953969717
250,1.0875147581100464,34.144954681396484,0.601022481918335,0.39371228218078613,4.668209552764893,3.2067251205444336,0.5476190447807312,0.9251700639724731,0.9591836929321289,5.956943988800049,0.00518885999917984,0.014259240124374628
251,1.087483525276184,34.20399475097656,0.6012345552444458,0.3937365412712097,4.668142318725586,3.2067160606384277,0.5476190447807312,0.9251700639724731,0.9591836929321289,5.956897735595703,0.005138849839568138,0.014303089119493961
252,1.0874522924423218,34.262916564941406,0.6014460325241089,0.393760621547699,4.668074131011963,3.206707715988159,0.5476190447807312,0.9251700639724731,0.9591836929321289,5.956852436065674,0.00520480889827013,0.014343437738716602
253,1.0874214172363281,34.321720123291016,0.6016567945480347,0.3937845230102539,4.6680073738098145,3.2066988945007324,0.5476190447807312,0.9251700639724731,0.9608843326568604,5.956808090209961,0.005165699869394302,0.014458746649324894
254,1.087390661239624,34.380401611328125,0.6018670797348022,0.39380839467048645,4.667941093444824,3.2066903114318848,0.5476190447807312,0.9251700639724731,0.9608843326568604,5.9567646980285645,0.0051072100177407265,0.014190460089594126
255,1.087360143661499,34.43896484375,0.6020767092704773,0.39383217692375183,4.667873859405518,3.206681728363037,0.5476190447807312,0.9251700639724731,0.9608843326568604,5.956720352172852,0.005112250801175833,0.014241199940443039
256,1.0873297452926636,34.497413635253906,0.6022857427597046,0.3938559591770172,4.6678080558776855,3.2066736221313477,0.5476190447807312,0.9251700639724731,0.9608843326568604,5.95667839050293,0.005059861112385988,0.014388719107955694
257,1.0872995853424072,34.55574417114258,0.6024942398071289,0.3938797116279602,4.667742729187012,3.206665277481079,0.5476190447807312,0.9251700639724731,0.9608843326568604,5.956636905670166,0.005148509982973337,0.014775105752050877
258,1.0872697830200195,34.61396026611328,0.6027021408081055,0.39390334486961365,4.667677402496338,3.2066571712493896,0.5476190447807312,0.9251700639724731,0.9608843326568604,5.956594467163086,0.005126759875565767,0.014285648707300425
259,1.0872399806976318,34.67205810546875,0.602909505367279,0.39392682909965515,4.667612075805664,3.2066490650177,0.5476190447807312,0.9251700639724731,0.9608843326568604,5.956553936004639,0.004989952314645052,0.014269209932535887
260,1.0872104167938232,34.730045318603516,0.6031162738800049,0.39395013451576233,4.667547702789307,3.2066409587860107,0.5476190447807312,0.9251700639724731,0.9608843326568604,5.956512928009033,0.005121700000017881,0.014329358004033566
261,1.0871809720993042,34.78791427612305,0.603322446346283,0.39397332072257996,4.667482852935791,3.2066330909729004,0.5476190447807312,0.9251700639724731,0.9608843326568604,5.956473350524902,0.00499099213629961,0.014285319950431585
262,1.0871517658233643,34.84567642211914,0.6035281419754028,0.39399632811546326,4.667418956756592,3.2066256999969482,0.5476190447807312,0.9251700639724731,0.9608843326568604,5.95643424987793,0.005045050755143166,0.014111269731074572
263,1.0871225595474243,34.9033203125,0.603733241558075,0.3940191864967346,4.667355060577393,3.206617593765259,0.5476190447807312,0.9251700639724731,0.9608843326568604,5.956395626068115,0.005234070122241974,0.014474787749350071
264,1.0870938301086426,34.960853576660156,0.6039378046989441,0.39404183626174927,4.667291164398193,3.2066099643707275,0.5476190447807312,0.9251700639724731,0.9608843326568604,5.956357002258301,0.005085540935397148,0.01448489772155881
265,1.0870651006698608,35.01827621459961,0.6041418313980103,0.39406439661979675,4.667228698730469,3.2066025733947754,0.5476190447807312,0.9251700639724731,0.9608843326568604,5.956319332122803,0.005323919001966715,0.014690706972032785
266,1.0870366096496582,35.075584411621094,0.6043453216552734,0.3940868675708771,4.667165279388428,3.2065951824188232,0.5476190447807312,0.9251700639724731,0.9608843326568604,5.956282138824463,0.005138299893587828,0.014579907059669495
267,1.0870082378387451,35.13278579711914,0.6045483350753784,0.394109308719635,4.667102813720703,3.206587791442871,0.5476190447807312,0.9251700639724731,0.9608843326568604,5.956245422363281,0.00523562915623188,0.014596047345548868
268,1.0869802236557007,35.189876556396484,0.6047507524490356,0.3941316604614258,4.6670403480529785,3.206580400466919,0.5476190447807312,0.9251700639724731,0.9608843326568604,5.9562087059021,0.005058730952441692,0.014146469999104738
269,1.0869519710540771,35.24686050415039,0.6049526929855347,0.39415398240089417,4.666978359222412,3.206573247909546,0.5476190447807312,0.9251700639724731,0.9608843326568604,5.956173896789551,0.005084980744868517,0.014168549794703722
270,1.0869243144989014,35.303733825683594,0.6051540374755859,0.394176185131073,4.666916370391846,3.206566095352173,0.5476190447807312,0.9251700639724731,0.9608843326568604,5.9561381340026855,0.005308479070663452,0.014445187989622355
271,1.0868966579437256,35.36050033569336,0.6053548455238342,0.3941982388496399,4.666855335235596,3.2065587043762207,0.5476190447807312,0.9251700639724731,0.9608843326568604,5.9561028480529785,0.0053098080679774284,0.014415917918086052
272,1.0868691205978394,35.41715621948242,0.6055550575256348,0.39422014355659485,4.666794300079346,3.206552028656006,0.5476190447807312,0.9251700639724731,0.9608843326568604,5.956068992614746,0.005221789702773094,0.014503977727144957
273,1.0868418216705322,35.47370910644531,0.6057546734809875,0.3942418694496155,4.6667351722717285,3.206545114517212,0.5476190447807312,0.9251700639724731,0.9608843326568604,5.9560346603393555,0.00509727094322443,0.014801835175603628
274,1.0868146419525146,35.530155181884766,0.6059538125991821,0.39426350593566895,4.6666765213012695,3.206537961959839,0.5476190447807312,0.9251700639724731,0.9608843326568604,5.956001281738281,0.006169943138957024,0.016018726397305727
275,1.086787462234497,35.586490631103516,0.6061524152755737,0.39428505301475525,4.666618824005127,3.206531286239624,0.5476190447807312,0.9251700639724731,0.9608843326568604,5.955968379974365,0.00527545902878046,0.014579266775399446
276,1.0867606401443481,35.64272689819336,0.6063504815101624,0.394306480884552,4.666561126708984,3.206524610519409,0.5476190447807312,0.9251700639724731,0.9608843326568604,5.955936431884766,0.005395487882196903,0.014801114797592163
277,1.0867340564727783,35.698856353759766,0.606548011302948,0.3943277895450592,4.66650390625,3.2065179347991943,0.5476190447807312,0.9234693646430969,0.9608843326568604,5.955904483795166,0.005296028684824705,0.01445321785286069
278,1.086707353591919,35.7548828125,0.6067450642585754,0.39434903860092163,4.666446685791016,3.2065114974975586,0.5476190447807312,0.9234693646430969,0.9608843326568604,5.955872535705566,0.005613266956061125,0.015188583172857761
279,1.0866810083389282,35.81080627441406,0.6069415807723999,0.39437025785446167,4.6663899421691895,3.206505298614502,0.5476190447807312,0.9234693646430969,0.9608843326568604,5.955842018127441,0.0054094078950583935,0.014487307984381914
280,1.0866549015045166,35.86662673950195,0.6071375608444214,0.39439138770103455,4.666333198547363,3.206498622894287,0.5476190447807312,0.9234693646430969,0.9608843326568604,5.955811500549316,0.005208538845181465,0.014412308111786842
281,1.0866286754608154,35.92234420776367,0.6073331832885742,0.39441239833831787,4.6662774085998535,3.2064924240112305,0.5476190447807312,0.9234693646430969,0.9608843326568604,5.955780982971191,0.005140929948538542,0.014681786298751831
282,1.0866026878356934,35.97795867919922,0.6075282096862793,0.39443328976631165,4.666220664978027,3.2064859867095947,0.5476190447807312,0.9234693646430969,0.9625850319862366,5.955751419067383,0.005238089244812727,0.014627765864133835
283,1.0865769386291504,36.03347396850586,0.6077227592468262,0.3944540023803711,4.666171550750732,3.206479787826538,0.5476190447807312,0.9234693646430969,0.9625850319862366,5.955721378326416,0.005131459794938564,0.014578047208487988
284,1.0865514278411865,36.08888626098633,0.6079168319702148,0.3944746255874634,4.666123867034912,3.2064735889434814,0.5476190447807312,0.9234693646430969,0.9625850319862366,5.955692768096924,0.005279709119349718,0.01465379586443305
285,1.0865259170532227,36.14419937133789,0.6081104278564453,0.3944950997829437,4.666075229644775,3.206467628479004,0.5476190447807312,0.9234693646430969,0.9625850319862366,5.955663681030273,0.005133891012519598,0.014474257826805115
286,1.0865005254745483,36.19941329956055,0.6083034873008728,0.3945154547691345,4.666028022766113,3.2064619064331055,0.5476190447807312,0.9234693646430969,0.9625850319862366,5.955636024475098,0.005081370938569307,0.014458348043262959
287,1.0864753723144531,36.25452423095703,0.6084961295127869,0.39453575015068054,4.665979862213135,3.206455945968628,0.5476190447807312,0.9234693646430969,0.9625850319862366,5.955608367919922,0.005379538983106613,0.01485430495813489
288,1.0864500999450684,36.309539794921875,0.6086883544921875,0.3945559561252594,4.665931224822998,3.2064499855041504,0.5476190447807312,0.9234693646430969,0.9625850319862366,5.955580711364746,0.0051383208483457565,0.014455127995461226
289,1.0864254236221313,36.36445617675781,0.6088799834251404,0.3945761024951935,4.6658854484558105,3.206444025039673,0.5476190447807312,0.9234693646430969,0.9625850319862366,5.955554008483887,0.005161120090633631,0.014563888311386108
290,1.0864006280899048,36.419273376464844,0.6090711951255798,0.3945961594581604,4.66583776473999,3.2064383029937744,0.5476190447807312,0.9234693646430969,0.9625850319862366,5.955526828765869,0.004951871000230312,0.013988821301609278
291,1.0863759517669678,36.473995208740234,0.6092619895935059,0.3946162164211273,4.6657915115356445,3.206432819366455,0.5476190447807312,0.9234693646430969,0.9625850319862366,5.955500602722168,0.005038921255618334,0.014094959944486618
292,1.0863513946533203,36.52861785888672,0.6094522476196289,0.3946361243724823,4.665744304656982,3.2064268589019775,0.5476190447807312,0.9234693646430969,0.9625850319862366,5.955474376678467,0.0050329710356891155,0.01409390103071928
293,1.086327075958252,36.58314895629883,0.6096420288085938,0.3946559429168701,4.665698528289795,3.206421375274658,0.5476190447807312,0.9234693646430969,0.9625850319862366,5.95544958114624,0.005079370923340321,0.014174879994243383
294,1.0863028764724731,36.63758087158203,0.6098313331604004,0.394675612449646,4.665652751922607,3.206415891647339,0.5476190447807312,0.9234693646430969,0.9625850319862366,5.9554243087768555,0.004999870900064707,0.014013880863785744
295,1.0862786769866943,36.691917419433594,0.6100201606750488,0.3946951925754547,4.6656060218811035,3.2064104080200195,0.5493197441101074,0.9234693646430969,0.9625850319862366,5.955399990081787,0.00501523120328784,0.014060860965400934
296,1.086254596710205,36.74615478515625,0.6102085113525391,0.3947145938873291,4.665561199188232,3.2064054012298584,0.5493197441101074,0.9234693646430969,0.9625850319862366,5.9553751945495605,0.004995620809495449,0.014046891126781702
297,1.086230993270874,36.8003044128418,0.6103963851928711,0.3947339653968811,4.665515899658203,3.20639967918396,0.5493197441101074,0.9234693646430969,0.9625850319862366,5.955350875854492,0.004998172167688608,0.014077451080083847
298,1.0862071514129639,36.85435485839844,0.6105838418006897,0.39475324749946594,4.665475368499756,3.2063944339752197,0.5493197441101074,0.9234693646430969,0.9625850319862366,5.955327033996582,0.005014190915971994,0.014060241170227528
299,1.0861835479736328,36.9083137512207,0.6107708215713501,0.3947724401950836,4.665436744689941,3.2063891887664795,0.5493197441101074,0.9234693646430969,0.9625850319862366,5.95530366897583,0.0050875102169811726,0.014280489180237055
300,1.0861601829528809,36.96217727661133,0.6109573245048523,0.3947916030883789,4.665398120880127,3.2063839435577393,0.5493197441101074,0.9234693646430969,0.9625850319862366,5.955280780792236,0.004993540700525045,0.014052351005375385
301,1.0861369371414185,37.015953063964844,0.6111434102058411,0.39481067657470703,4.6653594970703125,3.206378936767578,0.5493197441101074,0.9234693646430969,0.9625850319862366,5.955257892608643,0.005031021311879158,0.014080631081014872
302,1.086113691329956,37.06962966918945,0.6113289594650269,0.3948296308517456,4.665321350097656,3.206373929977417,0.5493197441101074,0.9234693646430969,0.9625850319862366,5.955235958099365,0.0050252522341907024,0.01422061026096344
303,1.0860905647277832,37.12321853637695,0.611514151096344,0.394848495721817,4.665283203125,3.206368923187256,0.5493197441101074,0.9234693646430969,0.9625850319862366,5.95521354675293,0.005021702032536268,0.014083670917898417
304,1.0860676765441895,37.17671585083008,0.6116988062858582,0.39486730098724365,4.665245056152344,3.206364154815674,0.5493197441101074,0.9234693646430969,0.9625850319862366,5.9551920890808105,0.005018881056457758,0.014045801013708115
305,1.0860447883605957,37.23011779785156,0.6118830442428589,0.39488595724105835,4.6652069091796875,3.2063591480255127,0.5493197441101074,0.9234693646430969,0.9625850319862366,5.955170631408691,0.005011421162635088,0.01406812109053135
306,1.086022138595581,37.28343200683594,0.6120668649673462,0.39490455389022827,4.6651692390441895,3.2063541412353516,0.5493197441101074,0.9234693646430969,0.9625850319862366,5.955149173736572,0.004996160976588726,0.014106111135333776
307,1.0859997272491455,37.3366584777832,0.6122502684593201,0.39492306113243103,4.665131568908691,3.2063493728637695,0.5493197441101074,0.9234693646430969,0.9625850319862366,5.9551286697387695,0.005103180184960365,0.014494607225060463
308,1.0859771966934204,37.389793395996094,0.612433135509491,0.3949414789676666,4.66509485244751,3.2063448429107666,0.5493197441101074,0.9234693646430969,0.9625850319862366,5.955108642578125,0.005048420745879412,0.014265988953411579
309,1.0859547853469849,37.44283676147461,0.6126156449317932,0.3949597477912903,4.665057182312012,3.2063400745391846,0.5493197441101074,0.9234693646430969,0.9625850319862366,5.955087661743164,0.009310307912528515,0.018633585888892412
310,1.085932731628418,37.495792388916016,0.6127976775169373,0.39497795701026917,4.665019989013672,3.2063353061676025,0.5493197441101074,0.9234693646430969,0.9625850319862366,5.9550676345825195,0.00506068067625165,0.014552516862750053
311,1.0859105587005615,37.54865646362305,0.6129792928695679,0.3949960768222809,4.664983749389648,3.2063307762145996,0.5493197441101074,0.9234693646430969,0.9625850319862366,5.955048561096191,0.005032440647482872,0.014191369991749525
312,1.0858886241912842,37.601436614990234,0.6131604313850403,0.3950141966342926,4.664947032928467,3.2063262462615967,0.5493197441101074,0.9234693646430969,0.9625850319862366,5.955029010772705,0.004976531956344843,0.014043122064322233
313,1.0858666896820068,37.65412902832031,0.6133411526679993,0.39503222703933716,4.664910316467285,3.206321954727173,0.5510203838348389,0.9234693646430969,0.9625850319862366,5.955010414123535,0.005157310049980879,0.014244310092180967
314,1.085844874382019,37.706729888916016,0.6135214567184448,0.39505019783973694,4.664874076843262,3.206317186355591,0.5510203838348389,0.9234693646430969,0.9625850319862366,5.954991817474365,0.00502315117046237,0.0140870101749897
315,1.0858232975006104,37.759246826171875,0.613701343536377,0.39506810903549194,4.664840221405029,3.206312894821167,0.5510203838348389,0.9234693646430969,0.9625850319862366,5.954973220825195,0.004942062310874462,0.014368169009685516
316,1.0858018398284912,37.811676025390625,0.6138807535171509,0.39508581161499023,4.66480827331543,3.206308603286743,0.5510203838348389,0.9217687249183655,0.9625850319862366,5.954955101013184,0.004918321967124939,0.013993280939757824
317,1.085780382156372,37.864017486572266,0.6140597462654114,0.39510348439216614,4.664776802062988,3.2063045501708984,0.5510203838348389,0.9217687249183655,0.9625850319862366,5.954936981201172,0.005060840863734484,0.014125450979918242
318,1.085758924484253,37.91627502441406,0.6142383217811584,0.3951210379600525,4.664745330810547,3.2062997817993164,0.5510203838348389,0.9217687249183655,0.9625850319862366,5.95491886138916,0.004930931609123945,0.014029430691152811
319,1.085737943649292,37.96844482421875,0.6144164800643921,0.3951384723186493,4.664713382720947,3.206295967102051,0.5510203838348389,0.9217687249183655,0.9625850319862366,5.954901695251465,0.005029170773923397,0.014088820666074753
320,1.085716724395752,38.020530700683594,0.6145942807197571,0.3951558470726013,4.6646833419799805,3.206291675567627,0.5510203838348389,0.9217687249183655,0.9625850319862366,5.9548845291137695,0.005075910594314337,0.014158839825540781
321,1.0856958627700806,38.07252883911133,0.6147716045379639,0.39517319202423096,4.664651393890381,3.2062876224517822,0.5510203838348389,0.9217687249183655,0.9625850319862366,5.954868316650391,0.005019871052354574,0.014487268403172493
322,1.0856748819351196,38.124446868896484,0.614948570728302,0.3951904773712158,4.664620399475098,3.2062833309173584,0.5510203838348389,0.9217687249183655,0.9625850319862366,5.9548516273498535,0.004938981961458921,0.014466387685388327
323,1.0856542587280273,38.17627716064453,0.6151251196861267,0.39520782232284546,4.664589881896973,3.2062792778015137,0.5510203838348389,0.9217687249183655,0.9625850319862366,5.954835414886475,0.0049562412314116955,0.014059660956263542
324,1.085633635520935,38.22802734375,0.6153011918067932,0.3952251076698303,4.664559364318848,3.206275701522827,0.5510203838348389,0.9217687249183655,0.9625850319862366,5.954819679260254,0.005078581161797047,0.014485037885606289
325,1.0856128931045532,38.279693603515625,0.6154769659042358,0.39524218440055847,4.6645283699035645,3.2062716484069824,0.5510203838348389,0.9217687249183655,0.9625850319862366,5.954803943634033,0.0049336920492351055,0.014111001044511795
326,1.08559250831604,38.331275939941406,0.615652322769165,0.3952591121196747,4.6644978523254395,3.2062675952911377,0.5510203838348389,0.9217687249183655,0.9625850319862366,5.9547882080078125,0.004907121881842613,0.01400502072647214
327,1.0855722427368164,38.382774353027344,0.6158271431922913,0.39527595043182373,4.664467811584473,3.206263780593872,0.5510203838348389,0.9217687249183655,0.9625850319862366,5.95477294921875,0.004934550728648901,0.014017040841281414
328,1.0855519771575928,38.43418884277344,0.6160016655921936,0.39529263973236084,4.664437770843506,3.2062597274780273,0.5510203838348389,0.9217687249183655,0.9625850319862366,5.954757213592529,0.005031420849263668,0.014230930246412754
329,1.0855318307876587,38.48552703857422,0.6161757111549377,0.3953092694282532,4.664407730102539,3.206256151199341,0.5510203838348389,0.9217687249183655,0.9625850319862366,5.954743385314941,0.005119071342051029,0.014354359358549118
330,1.0855119228363037,38.53677749633789,0.6163493990898132,0.3953258693218231,4.664377689361572,3.206252336502075,0.5510203838348389,0.9217687249183655,0.9625850319862366,5.954728126525879,0.005111261270940304,0.014493628405034542
331,1.0854918956756592,38.58795166015625,0.6165226697921753,0.39534246921539307,4.664348125457764,3.2062487602233887,0.5510203838348389,0.9217687249183655,0.9625850319862366,5.954713821411133,0.005021882243454456,0.014079631306231022
332,1.0854721069335938,38.639041900634766,0.6166955232620239,0.395359069108963,4.664318084716797,3.206244945526123,0.5510203838348389,0.9217687249183655,0.9625850319862366,5.954699993133545,0.005038490053266287,0.014239299111068249
333,1.0854523181915283,38.6900520324707,0.6168680191040039,0.39537566900253296,4.6642889976501465,3.2062416076660156,0.5510203838348389,0.9217687249183655,0.9625850319862366,5.954686164855957,0.005332078784704208,0.014419418759644032
334,1.085432767868042,38.74098205566406,0.6170400977134705,0.3953920900821686,4.66425895690918,3.20623779296875,0.5510203838348389,0.9217687249183655,0.9625850319862366,5.954672336578369,0.00504246074706316,0.014421068131923676
335,1.0854130983352661,38.791831970214844,0.6172118186950684,0.39540842175483704,4.664230823516846,3.2062344551086426,0.5510203838348389,0.9217687249183655,0.9625850319862366,5.954659461975098,0.005088380072265863,0.01413666969165206
336,1.0853936672210693,38.84260177612305,0.6173830628395081,0.39542460441589355,4.664201736450195,3.206230878829956,0.5510203838348389,0.9217687249183655,0.9625850319862366,5.954646110534668,0.005099039990454912,0.014165459666401148
337,1.085374355316162,38.89329147338867,0.6175540089607239,0.3954407274723053,4.6641716957092285,3.2062273025512695,0.5510203838348389,0.9217687249183655,0.9625850319862366,5.954632759094238,0.005012420937418938,0.014220879878848791
338,1.0853551626205444,38.943904876708984,0.6177245378494263,0.39545682072639465,4.6641435623168945,3.206224203109741,0.5510203838348389,0.9217687249183655,0.9625850319862366,5.954619884490967,0.0049468218348920345,0.014017450623214245
339,1.0853359699249268,38.99443817138672,0.6178945899009705,0.39547282457351685,4.664114475250244,3.2062206268310547,0.5510203838348389,0.9217687249183655,0.9625850319862366,5.9546074867248535,0.004942161962389946,0.014032862149178982
340,1.0853168964385986,39.044891357421875,0.618064284324646,0.3954887390136719,4.664085865020752,3.206217050552368,0.5510203838348389,0.9217687249183655,0.9625850319862366,5.954596042633057,0.004944971762597561,0.014055381063371897
341,1.08529794216156,39.095272064208984,0.6182336211204529,0.3955046534538269,4.664058208465576,3.20621395111084,0.5527210831642151,0.9217687249183655,0.9625850319862366,5.954583644866943,0.0052621192298829556,0.014543457422405481
342,1.085279107093811,39.14556884765625,0.6184025406837463,0.39552047848701477,4.664035320281982,3.2062106132507324,0.5527210831642151,0.9217687249183655,0.9625850319862366,5.954570770263672,0.004913671873509884,0.014066850766539574
343,1.0852603912353516,39.1957893371582,0.6185711026191711,0.39553624391555786,4.664010524749756,3.206207275390625,0.5527210831642151,0.9217687249183655,0.9625850319862366,5.954559326171875,0.00492241233587265,0.01413238001987338
344,1.0852415561676025,39.245933532714844,0.6187392473220825,0.3955519497394562,4.66398811340332,3.206204414367676,0.5527210831642151,0.9217687249183655,0.9625850319862366,5.95454740524292,0.004923871252685785,0.013972131069749594
345,1.0852229595184326,39.29600143432617,0.6189069747924805,0.39556753635406494,4.663964748382568,3.2062008380889893,0.5527210831642151,0.9217687249183655,0.9625850319862366,5.9545369148254395,0.00503285089507699,0.01410273090004921
346,1.0852046012878418,39.34599304199219,0.6190744042396545,0.39558306336402893,4.663941860198975,3.20619797706604,0.5527210831642151,0.9217687249183655,0.9625850319862366,5.954525470733643,0.005153430160135031,0.01447824714705348
347,1.0851861238479614,39.39590835571289,0.6192414164543152,0.39559847116470337,4.663918972015381,3.2061946392059326,0.5527210831642151,0.9217687249183655,0.9625850319862366,5.954514980316162,0.005104690324515104,0.014480727259069681
348,1.0851677656173706,39.44574737548828,0.6194080114364624,0.3956138789653778,4.663896083831787,3.2061917781829834,0.5527210831642151,0.9217687249183655,0.9625850319862366,5.954503536224365,0.005018420983105898,0.014116010162979364
349,1.0851495265960693,39.49551010131836,0.6195743083953857,0.3956291973590851,4.663873195648193,3.206188917160034,0.5527210831642151,0.9217687249183655,0.9625850319862366,5.954493999481201,0.005009871907532215,0.01405487209558487
350,1.0851314067840576,39.54520034790039,0.6197402477264404,0.3956444561481476,4.663851261138916,3.2061855792999268,0.5527210831642151,0.9217687249183655,0.9625850319862366,5.954483509063721,0.005425917915999889,0.014494367875158787
351,1.085113286972046,39.59481430053711,0.6199057698249817,0.39565974473953247,4.663827419281006,3.2061824798583984,0.5527210831642151,0.9217687249183655,0.9625850319862366,5.954472541809082,0.004937052261084318,0.013989792205393314
352,1.0850954055786133,39.644351959228516,0.6200709939002991,0.3956749141216278,4.663805961608887,3.20617938041687,0.5527210831642151,0.9217687249183655,0.9625850319862366,5.954463005065918,0.005121809896081686,0.01417824998497963
353,1.0850775241851807,39.693817138671875,0.620235800743103,0.39569002389907837,4.663783073425293,3.2061767578125,0.5527210831642151,0.9217687249183655,0.9625850319862366,5.954453945159912,0.00490281218662858,0.013953221961855888
354,1.085059642791748,39.74320602416992,0.6204002499580383,0.3957050144672394,4.663761138916016,3.206173896789551,0.5527210831642151,0.9217687249183655,0.9625850319862366,5.954443454742432,0.004955730866640806,0.014194349758327007
355,1.0850417613983154,39.79252243041992,0.620564341545105,0.3957199156284332,4.66373872756958,3.2061710357666016,0.5527210831642151,0.9217687249183655,0.9625850319862366,5.954434871673584,0.0049167717806994915,0.013977602124214172
356,1.085024356842041,39.841766357421875,0.6207280158996582,0.3957347869873047,4.6637163162231445,3.2061679363250732,0.5527210831642151,0.9217687249183655,0.9625850319862366,5.95442533493042,0.0051275696605443954,0.01416194997727871
357,1.0850067138671875,39.890933990478516,0.6208914518356323,0.39574965834617615,4.663694858551025,3.206165075302124,0.5527210831642151,0.9217687249183655,0.9625850319862366,5.954416275024414,0.005008521024137735,0.014081400819122791
358,1.084989309310913,39.940032958984375,0.6210544109344482,0.39576444029808044,4.663673400878906,3.206162691116333,0.5527210831642151,0.9217687249183655,0.9625850319862366,5.954407215118408,0.005033460911363363,0.014088541269302368
359,1.0849719047546387,39.98905944824219,0.6212169528007507,0.3957791328430176,4.663651466369629,3.206159830093384,0.5527210831642151,0.9217687249183655,0.9625850319862366,5.954398155212402,0.0050217509269714355,0.014083740767091513
360,1.0849545001983643,40.03800964355469,0.6213792562484741,0.39579373598098755,4.663629531860352,3.2061572074890137,0.5527210831642151,0.9217687249183655,0.9625850319862366,5.954389572143555,0.005061300937086344,0.014098191168159246
361,1.084937334060669,40.08688735961914,0.6215411424636841,0.39580830931663513,4.663608074188232,3.2061545848846436,0.5527210831642151,0.9217687249183655,0.9625850319862366,5.954380989074707,0.005044379737228155,0.014265988953411579
362,1.084920048713684,40.13569641113281,0.6217026114463806,0.39582276344299316,4.663586139678955,3.2061519622802734,0.5527210831642151,0.9217687249183655,0.9625850319862366,5.954373359680176,0.005064771044999361,0.01411579130217433
363,1.0849031209945679,40.18443298339844,0.6218637824058533,0.3958372473716736,4.663565158843994,3.2061493396759033,0.5527210831642151,0.9217687249183655,0.9625850319862366,5.954365253448486,0.005027031060308218,0.014097010716795921
364,1.084886074066162,40.233097076416016,0.6220245957374573,0.39585167169570923,4.663543701171875,3.206146478652954,0.5527210831642151,0.9217687249183655,0.9625850319862366,5.954356670379639,0.005039670970290899,0.01409944100305438
365,1.084869146347046,40.28169250488281,0.6221850514411926,0.3958660662174225,4.663522720336914,3.206143856048584,0.5527210831642151,0.9217687249183655,0.9625850319862366,5.954349040985107,0.005022201221436262,0.014054201077669859
366,1.0848523378372192,40.3302116394043,0.6223450899124146,0.3958803713321686,4.663501739501953,3.206141233444214,0.5527210831642151,0.9217687249183655,0.9625850319862366,5.954341888427734,0.004946090746670961,0.01405100105330348
367,1.0848355293273926,40.378665924072266,0.6225047707557678,0.3958945870399475,4.663480281829834,3.206139087677002,0.5527210831642151,0.9217687249183655,0.9625850319862366,5.954334259033203,0.005108680110424757,0.014686406124383211
368,1.0848188400268555,40.42704772949219,0.6226641535758972,0.39590877294540405,4.663459777832031,3.2061362266540527,0.5527210831642151,0.9217687249183655,0.9625850319862366,5.95432710647583,0.005012290086597204,0.014055599924176931
369,1.084802269935608,40.47536087036133,0.6228231191635132,0.39592280983924866,4.66343879699707,3.206134080886841,0.5527210831642151,0.9217687249183655,0.9625850319862366,5.954319953918457,0.004900211934000254,0.013946571853011847
370,1.0847856998443604,40.52360153198242,0.6229817867279053,0.3959367871284485,4.663418292999268,3.2061314582824707,0.5527210831642151,0.9217687249183655,0.9625850319862366,5.954312801361084,0.004957851953804493,0.014061760623008013
371,1.0847692489624023,40.57177734375,0.6231400966644287,0.3959507644176483,4.663397312164307,3.2061290740966797,0.5527210831642151,0.9217687249183655,0.9625850319862366,5.954305648803711,0.005447607021778822,0.01459870720282197
372,1.0847527980804443,40.61988067626953,0.6232980489730835,0.39596474170684814,4.663376808166504,3.2061266899108887,0.5527210831642151,0.9217687249183655,0.9625850319862366,5.954299449920654,0.005053211003541946,0.014154660049825907
373,1.0847365856170654,40.66791534423828,0.6234556436538696,0.3959786295890808,4.663355827331543,3.2061245441436768,0.5527210831642151,0.9217687249183655,0.9625850319862366,5.9542927742004395,0.005039789713919163,0.014301558956503868
374,1.0847203731536865,40.71588134765625,0.6236129403114319,0.3959924578666687,4.663335800170898,3.206122398376465,0.5527210831642151,0.9217687249183655,0.9625850319862366,5.954287052154541,0.005010771099478006,0.014075800776481628
375,1.0847041606903076,40.76377868652344,0.6237698793411255,0.3960062265396118,4.663315773010254,3.2061197757720947,0.5527210831642151,0.9217687249183655,0.9625850319862366,5.954280853271484,0.005021312274038792,0.014044521376490593
376,1.0846880674362183,40.811607360839844,0.6239264607429504,0.39601996541023254,4.663295269012451,3.206117630004883,0.5527210831642151,0.9217687249183655,0.9625850319862366,5.954274654388428,0.005455417092889547,0.014514646958559752
377,1.084672212600708,40.859371185302734,0.6240826845169067,0.3960335850715637,4.663275241851807,3.206115245819092,0.5527210831642151,0.9217687249183655,0.9625850319862366,5.954268932342529,0.005030861124396324,0.014098950196057558
378,1.084656000137329,40.907066345214844,0.6242386102676392,0.39604708552360535,4.663254737854004,3.206113338470459,0.5527210831642151,0.9217687249183655,0.9625850319862366,5.9542622566223145,0.0050277006812393665,0.014139019884169102
379,1.0846402645111084,40.95469284057617,0.6243941187858582,0.3960605263710022,4.663235187530518,3.206110954284668,0.5527210831642151,0.9217687249183655,0.9625850319862366,5.954256534576416,0.005010751076042652,0.014084861148148775
380,1.0846245288848877,41.00225067138672,0.6245493292808533,0.39607399702072144,4.663215160369873,3.206108570098877,0.5527210831642151,0.9217687249183655,0.9625850319862366,5.954251289367676,0.005029340740293264,0.014084390830248594
381,1.0846086740493774,41.04974365234375,0.6247041821479797,0.39608752727508545,4.663195610046387,3.2061069011688232,0.5527210831642151,0.9217687249183655,0.9625850319862366,5.9542460441589355,0.005113270133733749,0.014338728040456772
382,1.0845930576324463,41.097171783447266,0.6248587369918823,0.39610087871551514,4.663175582885742,3.206104278564453,0.5527210831642151,0.9217687249183655,0.9625850319862366,5.954240798950195,0.005062740761786699,0.014096761122345924
383,1.0845775604248047,41.14453125,0.6250129342079163,0.3961142301559448,4.663156509399414,3.2061023712158203,0.5527210831642151,0.9217687249183655,0.9625850319862366,5.954235553741455,0.005032810848206282,0.014080490916967392
384,1.0845619440078735,41.19182205200195,0.6251667737960815,0.39612749218940735,4.663137435913086,3.2061002254486084,0.5527210831642151,0.9217687249183655,0.9625850319862366,5.954229831695557,0.005020560696721077,0.014117350801825523
385,1.0845465660095215,41.239051818847656,0.6253202557563782,0.3961406946182251,4.663119316101074,3.2060980796813965,0.5527210831642151,0.9217687249183655,0.9625850319862366,5.954225063323975,0.005043941084295511,0.014098061248660088
386,1.0845310688018799,41.28621292114258,0.6254734992980957,0.39615383744239807,4.663100719451904,3.2060961723327637,0.5527210831642151,0.9217687249183655,0.9625850319862366,5.954220771789551,0.004954771138727665,0.014036610722541809
387,1.0845158100128174,41.33331298828125,0.6256263256072998,0.39616692066192627,4.663081169128418,3.2060940265655518,0.5527210831642151,0.9217687249183655,0.9625850319862366,5.954216003417969,0.004931712057441473,0.01399714220315218
388,1.0845005512237549,41.380340576171875,0.62577885389328,0.3961799740791321,4.663063049316406,3.206092357635498,0.5527210831642151,0.9217687249183655,0.9625850319862366,5.954211711883545,0.004977962002158165,0.014033221174031496
389,1.0844852924346924,41.42730712890625,0.6259309649467468,0.3961929976940155,4.663043975830078,3.206090211868286,0.5527210831642151,0.9217687249183655,0.9625850319862366,5.954207420349121,0.005031741224229336,0.014092741068452597
390,1.084470272064209,41.47420883178711,0.6260828375816345,0.39620599150657654,4.663026332855225,3.2060883045196533,0.5527210831642151,0.9217687249183655,0.9625850319862366,5.9542036056518555,0.0050485809333622456,0.014121629763394594
391,1.0844552516937256,41.52104568481445,0.6262343525886536,0.3962189555168152,4.6630072593688965,3.2060866355895996,0.5527210831642151,0.9217687249183655,0.9625850319862366,5.954199314117432,0.005029570776969194,0.014067530632019043
392,1.0844401121139526,41.56781768798828,0.626385509967804,0.3962318003177643,4.662988662719727,3.2060844898223877,0.5527210831642151,0.9217687249183655,0.9625850319862366,5.95419454574585,0.004922861699014902,0.013955611735582352
393,1.0844253301620483,41.614524841308594,0.6265364289283752,0.3962445855140686,4.662971019744873,3.206082820892334,0.5527210831642151,0.9217687249183655,0.9625850319862366,5.954190731048584,0.00503730121999979,0.014456948265433311
394,1.0844104290008545,41.661170959472656,0.6266869306564331,0.3962572515010834,4.662952423095703,3.206080913543701,0.5527210831642151,0.9217687249183655,0.9625850319862366,5.954186916351318,0.005019041709601879,0.014062900561839342
395,1.0843956470489502,41.7077522277832,0.6268371343612671,0.396269828081131,4.662934303283691,3.2060790061950684,0.5527210831642151,0.9217687249183655,0.9625850319862366,5.954183578491211,0.00504467124119401,0.014146031346172094
396,1.084380865097046,41.754268646240234,0.6269869804382324,0.396282434463501,4.66291618347168,3.2060770988464355,0.5527210831642151,0.9217687249183655,0.9625850319862366,5.954179286956787,0.005035661160945892,0.014091971330344677
397,1.0843660831451416,41.800724029541016,0.6271365880966187,0.3962950110435486,4.662898540496826,3.206075668334961,0.5527210831642151,0.9217687249183655,0.9625850319862366,5.954176902770996,0.005024062003940344,0.014093291014432907
398,1.0843515396118164,41.84711456298828,0.6272857785224915,0.3963075876235962,4.6628804206848145,3.20607328414917,0.5527210831642151,0.9217687249183655,0.9625850319862366,5.9541730880737305,0.004940022248774767,0.014003861229866743
399,1.0843371152877808,41.8934440612793,0.6274347305297852,0.3963201642036438,4.662862777709961,3.2060718536376953,0.5527210831642151,0.9217687249183655,0.9625850319862366,5.954169750213623,0.0050054509192705154,0.01422546012327075
400,1.0843226909637451,41.9397087097168,0.6275833249092102,0.396332710981369,4.662844657897949,3.2060699462890625,0.5527210831642151,0.9217687249183655,0.9625850319862366,5.954166412353516,0.004995591938495636,0.014050371944904327
401,1.08430814743042,41.98591232299805,0.6277315616607666,0.3963451683521271,4.662827014923096,3.206068277359009,0.5527210831642151,0.9217687249183655,0.9625850319862366,5.954163551330566,0.005032101180404425,0.014073861297219992
402,1.0842938423156738,42.03205108642578,0.6278795003890991,0.39635753631591797,4.6628098487854,3.206066608428955,0.5527210831642151,0.9217687249183655,0.9625850319862366,5.954160213470459,0.005005431827157736,0.01404133066534996
403,1.0842795372009277,42.07813262939453,0.6280271410942078,0.3963697552680969,4.662792205810547,3.2060651779174805,0.5527210831642151,0.9217687249183655,0.9625850319862366,5.954157829284668,0.005096611101180315,0.014145451132208109
404,1.0842653512954712,42.124149322509766,0.6281744837760925,0.3963819146156311,4.662774562835693,3.2060632705688477,0.5527210831642151,0.9217687249183655,0.9625850319862366,5.954154968261719,0.005037270952016115,0.014089199714362621
405,1.0842511653900146,42.17010498046875,0.6283215284347534,0.3963940143585205,4.66275691986084,3.206061840057373,0.5527210831642151,0.9217687249183655,0.9625850319862366,5.954152584075928,0.005042990203946829,0.014102570246905088
406,1.0842370986938477,42.21600341796875,0.6284681558609009,0.3964060842990875,4.662740230560303,3.2060604095458984,0.5527210831642151,0.9217687249183655,0.9625850319862366,5.954150199890137,0.005029340740293264,0.014102319721132517
407,1.0842230319976807,42.261837005615234,0.6286145448684692,0.3964182138442993,4.662722587585449,3.2060585021972656,0.5527210831642151,0.9217687249183655,0.9625850319862366,5.954146862030029,0.005024411249905825,0.014095840975642204
408,1.0842089653015137,42.30760955810547,0.6287606954574585,0.3964303433895111,4.662705421447754,3.206056833267212,0.5527210831642151,0.9217687249183655,0.9625850319862366,5.9541449546813965,0.0050053405575454235,0.01403625076636672
409,1.0841950178146362,42.35332107543945,0.6289064288139343,0.3964424431324005,4.662688732147217,3.206055164337158,0.5527210831642151,0.9217687249183655,0.9625850319862366,5.954143047332764,0.005060211289674044,0.014160921331495047
410,1.084181308746338,42.39897537231445,0.629051923751831,0.39645448327064514,4.662672996520996,3.2060537338256836,0.5527210831642151,0.9217687249183655,0.9625850319862366,5.954140663146973,0.005048580002039671,0.014331577811390162
411,1.084167242050171,42.4445686340332,0.6291970014572144,0.3964664340019226,4.662658214569092,3.206052303314209,0.5527210831642151,0.9217687249183655,0.9625850319862366,5.95413875579834,0.005041871219873428,0.014198140241205692
412,1.084153652191162,42.49009704589844,0.6293418407440186,0.3964783251285553,4.6626434326171875,3.206050395965576,0.5527210831642151,0.9217687249183655,0.9625850319862366,5.954136848449707,0.00506375078111887,0.01414103014394641
413,1.0841399431228638,42.53556823730469,0.6294863820075989,0.3964901566505432,4.6626296043396,3.2060492038726807,0.5527210831642151,0.9217687249183655,0.9625850319862366,5.954135417938232,0.005071151070296764,0.014114341232925653
414,1.0841262340545654,42.58098220825195,0.6296305656433105,0.3965018689632416,4.662614822387695,3.206047773361206,0.5527210831642151,0.9217687249183655,0.9625850319862366,5.954133033752441,0.00507184024900198,0.014179380144923925
415,1.0841126441955566,42.626338958740234,0.6297745108604431,0.39651358127593994,4.662604331970215,3.2060463428497314,0.5527210831642151,0.9217687249183655,0.9625850319862366,5.954131603240967,0.005082280840724707,0.014151690062135458
416,1.0840990543365479,42.671630859375,0.6299181580543518,0.39652517437934875,4.662596225738525,3.206044912338257,0.5527210831642151,0.9217687249183655,0.9625850319862366,5.954130172729492,0.005070190876722336,0.014469207730144262
417,1.0840855836868286,42.71686553955078,0.6300615072250366,0.39653682708740234,4.662586212158203,3.2060434818267822,0.5527210831642151,0.9217687249183655,0.9625850319862366,5.954129219055176,0.005002632271498442,0.014062460977584124
418,1.084072232246399,42.76203918457031,0.6302044987678528,0.39654847979545593,4.662576675415039,3.206042528152466,0.5527210831642151,0.9217687249183655,0.9625850319862366,5.954127788543701,0.005043621174991131,0.014213069807738066
419,1.0840588808059692,42.807159423828125,0.6303472518920898,0.39656007289886475,4.662568092346191,3.206040620803833,0.5527210831642151,0.9217687249183655,0.9625850319862366,5.954126358032227,0.005041070282459259,0.014100080356001854
420,1.0840455293655396,42.85221862792969,0.6304896473884583,0.39657169580459595,4.662558555603027,3.2060394287109375,0.5527210831642151,0.9217687249183655,0.9625850319862366,5.954124450683594,0.005072201136499643,0.014277679845690727
421,1.084032416343689,42.897220611572266,0.6306318044662476,0.39658322930336,4.662550449371338,3.206037759780884,0.5527210831642151,0.9217687249183655,0.9625850319862366,5.9541239738464355,0.005046940874308348,0.014097091276198626
422,1.0840190649032593,42.942161560058594,0.6307735443115234,0.39659470319747925,4.662540435791016,3.2060365676879883,0.5527210831642151,0.9217687249183655,0.9625850319862366,5.954123020172119,0.005070431157946587,0.014113230165094137
423,1.0840058326721191,42.98704528808594,0.6309150457382202,0.3966059982776642,4.662531852722168,3.206035614013672,0.5527210831642151,0.9217687249183655,0.9625850319862366,5.954122066497803,0.005050609819591045,0.014275338966399431
424,1.083992838859558,43.0318717956543,0.6310563087463379,0.39661723375320435,4.662522315979004,3.206033706665039,0.5527210831642151,0.9217687249183655,0.9625850319862366,5.954120635986328,0.005026640836149454,0.014279519207775593
425,1.083979845046997,43.07664108276367,0.6311970949172974,0.39662840962409973,4.662513732910156,3.2060325145721436,0.5527210831642151,0.9217687249183655,0.9625850319862366,5.95412015914917,0.005069180857390165,0.01411958085373044
426,1.0839667320251465,43.12135696411133,0.6313377618789673,0.3966396749019623,4.662504196166992,3.206031322479248,0.5527210831642151,0.9217687249183655,0.9625850319862366,5.9541192054748535,0.005011971108615398,0.014207570347934961
427,1.083953857421875,43.166011810302734,0.6314780712127686,0.39665091037750244,4.662496089935303,3.2060303688049316,0.5527210831642151,0.9217687249183655,0.9625850319862366,5.954118251800537,0.005055350251495838,0.014126929920166731
428,1.0839409828186035,43.210609436035156,0.6316180229187012,0.3966620862483978,4.662487030029297,3.206028699874878,0.5527210831642151,0.9217687249183655,0.9625850319862366,5.954117774963379,0.00507804099470377,0.014132409822195768
429,1.083928108215332,43.255149841308594,0.6317577362060547,0.3966732919216156,4.662478446960449,3.2060275077819824,0.5527210831642151,0.9217687249183655,0.9625850319862366,5.954117774963379,0.005025261081755161,0.01409834111109376
430,1.0839154720306396,43.29963684082031,0.6318971514701843,0.3966844379901886,4.662469863891602,3.206026554107666,0.5527210831642151,0.9217687249183655,0.9625850319862366,5.954117774963379,0.005021801218390465,0.014061200898140669
431,1.0839025974273682,43.34406661987305,0.6320362091064453,0.3966955244541168,4.662461280822754,3.2060251235961914,0.5527210831642151,0.9217687249183655,0.9625850319862366,5.954116344451904,0.005042060744017363,0.014120650012046099
432,1.0838899612426758,43.3884391784668,0.6321749687194824,0.39670655131340027,4.662452220916748,3.206023931503296,0.5527210831642151,0.9217687249183655,0.9625850319862366,5.954116344451904,0.005038611125200987,0.014090980868786573
433,1.0838772058486938,43.43275451660156,0.6323134899139404,0.39671751856803894,4.662444114685059,3.2060229778289795,0.5527210831642151,0.9217687249183655,0.9625850319862366,5.954116344451904,0.005017431452870369,0.014069711323827505
434,1.083864688873291,43.47701644897461,0.6324517130851746,0.39672839641571045,4.662435531616211,3.206021785736084,0.5527210831642151,0.9217687249183655,0.9625850319862366,5.954116344451904,0.005028620827943087,0.014078450854867697
435,1.0838520526885986,43.52122116088867,0.6325896978378296,0.3967392146587372,4.662426948547363,3.2060205936431885,0.5527210831642151,0.9217687249183655,0.9625850319862366,5.954116344451904,0.005245028994977474,0.014375369064509869
436,1.083839774131775,43.565372467041016,0.632727324962616,0.3967500627040863,4.662418365478516,3.206019401550293,0.5527210831642151,0.9217687249183655,0.9625850319862366,5.954116344451904,0.00503276102244854,0.014070170931518078
437,1.083827257156372,43.609466552734375,0.6328647136688232,0.3967609107494354,4.662410259246826,3.2060184478759766,0.5527210831642151,0.9217687249183655,0.9625850319862366,5.954116344451904,0.005052229855209589,0.014094579964876175
438,1.0838148593902588,43.653507232666016,0.6330017447471619,0.39677172899246216,4.6624016761779785,3.206017255783081,0.5527210831642151,0.9217687249183655,0.9625850319862366,5.954117774963379,0.005071799736469984,0.01428407896310091
439,1.0838024616241455,43.69749069213867,0.6331385970115662,0.39678245782852173,4.662393093109131,3.2060163021087646,0.5527210831642151,0.9217687249183655,0.9625850319862366,5.954116344451904,0.004959750920534134,0.01407693000510335
440,1.0837903022766113,43.74142074584961,0.6332750916481018,0.3967931866645813,4.662384986877441,3.206015110015869,0.5544217824935913,0.9217687249183655,0.9625850319862366,5.954117774963379,0.005022380966693163,0.014076740946620703
441,1.0837781429290771,43.78529739379883,0.6334113478660583,0.3968038260936737,4.66237735748291,3.2060139179229736,0.5544217824935913,0.9217687249183655,0.9625850319862366,5.954117774963379,0.00529714860022068,0.01449300767853856
442,1.083765983581543,43.82911682128906,0.6335472464561462,0.3968144655227661,4.662368297576904,3.2060129642486572,0.5544217824935913,0.9217687249183655,0.9625850319862366,5.954118728637695,0.005034521222114563,0.014075551182031631
443,1.0837538242340088,43.872886657714844,0.633682906627655,0.39682504534721375,4.662360191345215,3.206012010574341,0.5544217824935913,0.9217687249183655,0.9625850319862366,5.954118728637695,0.0050207809545099735,0.014269428793340921
444,1.0837416648864746,43.91659927368164,0.6338182091712952,0.3968355655670166,4.662352085113525,3.2060110569000244,0.5544217824935913,0.9217687249183655,0.9625850319862366,5.95412015914917,0.005014740861952305,0.014045810792595148
445,1.08372962474823,43.96025466918945,0.633953332901001,0.3968460261821747,4.662343978881836,3.206009864807129,0.5544217824935913,0.9217687249183655,0.9625850319862366,5.95412015914917,0.00508143100887537,0.01415485143661499
446,1.0837175846099854,44.00386428833008,0.6340880393981934,0.396856427192688,4.6623358726501465,3.2060089111328125,0.5544217824935913,0.9217687249183655,0.9625850319862366,5.954120635986328,0.00492381164804101,0.013998971786350012
447,1.0837056636810303,44.04741668701172,0.6342225074768066,0.3968667685985565,4.662328243255615,3.206007719039917,0.5544217824935913,0.9217687249183655,0.9625850319862366,5.9541215896606445,0.005045501049607992,0.014088490977883339
448,1.0836937427520752,44.09091567993164,0.6343567371368408,0.3968770503997803,4.662320137023926,3.2060070037841797,0.5544217824935913,0.9217687249183655,0.9625850319862366,5.954122543334961,0.005043801385909319,0.014079871121793985
449,1.0836820602416992,44.13435745239258,0.6344906687736511,0.3968874216079712,4.662311553955078,3.2060060501098633,0.5544217824935913,0.9217687249183655,0.9625850319862366,5.954123497009277,0.0049377018585801125,0.01419009966775775
450,1.0836701393127441,44.17774963378906,0.6346243023872375,0.3968978524208069,4.662303447723389,3.206005096435547,0.5544217824935913,0.9217687249183655,0.9625850319862366,5.954124450683594,0.004997950978577137,0.014059540815651417
451,1.0836584568023682,44.221092224121094,0.6347576975822449,0.3969082534313202,4.662295818328857,3.2060041427612305,0.5544217824935913,0.9217687249183655,0.9625850319862366,5.954124927520752,0.005018961150199175,0.01405792124569416
452,1.0836466550827026,44.26437759399414,0.6348907947540283,0.3969185948371887,4.662287712097168,3.206003427505493,0.5544217824935913,0.9217687249183655,0.9625850319862366,5.954126834869385,0.005028701853007078,0.014067430980503559
453,1.0836349725723267,44.307613372802734,0.6350235939025879,0.3969287574291229,4.662281036376953,3.2060024738311768,0.5544217824935913,0.9217687249183655,0.9625850319862366,5.954128265380859,0.005026731640100479,0.014074640814214945
454,1.0836231708526611,44.35079574584961,0.6351560950279236,0.39693883061408997,4.6622724533081055,3.2060012817382812,0.5561224222183228,0.9217687249183655,0.9625850319862366,5.954129219055176,0.005507276859134436,0.014549387153238058
455,1.0836116075515747,44.393924713134766,0.635288417339325,0.39694878458976746,4.662264823913574,3.206000328063965,0.5561224222183228,0.9217687249183655,0.9625850319862366,5.954130172729492,0.004959261044859886,0.014052881393581629
456,1.0836001634597778,44.43700408935547,0.6354204416275024,0.39695873856544495,4.662256240844727,3.2059996128082275,0.5561224222183228,0.9217687249183655,0.9625850319862366,5.954131603240967,0.004892381839454174,0.013939782045781612
457,1.083588719367981,44.48002624511719,0.6355521082878113,0.3969687819480896,4.6622490882873535,3.205998659133911,0.5561224222183228,0.9217687249183655,0.9625850319862366,5.954133033752441,0.005005241371691227,0.01407587993890047
458,1.0835771560668945,44.52300262451172,0.6356835961341858,0.39697888493537903,4.662241458892822,3.205998182296753,0.5561224222183228,0.9217687249183655,0.9625850319862366,5.954134941101074,0.005022700875997543,0.014081590808928013
459,1.0835657119750977,44.56592559814453,0.6358147859573364,0.39698901772499084,4.662234306335449,3.2059972286224365,0.5561224222183228,0.9217687249183655,0.9625850319862366,5.954136848449707,0.0050136917270720005,0.014076991006731987
460,1.0835545063018799,44.60879898071289,0.635945737361908,0.3969990611076355,4.66222620010376,3.205996036529541,0.5561224222183228,0.9217687249183655,0.9625850319862366,5.954137325286865,0.005232528783380985,0.01426040893420577
461,1.083543062210083,44.651615142822266,0.6360764503479004,0.397009015083313,4.6622185707092285,3.205995559692383,0.5561224222183228,0.9217687249183655,0.9625850319862366,5.954139232635498,0.005384598392993212,0.01444992795586586
462,1.0835318565368652,44.69438552856445,0.636206865310669,0.3970188498497009,4.6622114181518555,3.2059948444366455,0.5561224222183228,0.9217687249183655,0.9625850319862366,5.954141616821289,0.00501406192779541,0.014043730683624744
463,1.0835206508636475,44.73710632324219,0.6363369822502136,0.3970285952091217,4.662203788757324,3.205993890762329,0.5561224222183228,0.9217687249183655,0.9625850319862366,5.9541425704956055,0.005019651260226965,0.014085011091083288
464,1.0835094451904297,44.7797737121582,0.6364668607711792,0.3970382809638977,4.662197113037109,3.2059929370880127,0.5561224222183228,0.9217687249183655,0.9625850319862366,5.954144477844238,0.00503908097743988,0.01406807079911232
465,1.083498239517212,44.8223876953125,0.6365963816642761,0.3970479369163513,4.66218900680542,3.2059924602508545,0.5561224222183228,0.9217687249183655,0.9625850319862366,5.9541473388671875,0.005025650840252638,0.014074790757149458
466,1.0834870338439941,44.86495590209961,0.6367257833480835,0.3970576524734497,4.662181854248047,3.205991744995117,0.5561224222183228,0.9217687249183655,0.9625850319862366,5.954148292541504,0.004962541628628969,0.01401393162086606
467,1.0834760665893555,44.907474517822266,0.636854887008667,0.3970673978328705,4.662174224853516,3.205990791320801,0.5561224222183228,0.9217687249183655,0.9625850319862366,5.954150199890137,0.005124830175191164,0.014213410206139088
468,1.0834649801254272,44.9499397277832,0.6369837522506714,0.39707717299461365,4.662167072296143,3.2059903144836426,0.5561224222183228,0.9217687249183655,0.9625850319862366,5.954152584075928,0.005349957849830389,0.01437364798039198
469,1.0834541320800781,44.99235534667969,0.6371122598648071,0.39708688855171204,4.6621599197387695,3.2059895992279053,0.5561224222183228,0.9217687249183655,0.9625850319862366,5.9541544914245605,0.0049942308105528355,0.014148009940981865
470,1.0834431648254395,45.03472137451172,0.6372405290603638,0.39709651470184326,4.6621527671813965,3.205988645553589,0.5561224222183228,0.9217687249183655,0.9625850319862366,5.954156875610352,0.005017880816012621,0.014058990869671106
471,1.0834321975708008,45.0770378112793,0.6373685598373413,0.3971060812473297,4.662145137786865,3.2059879302978516,0.5561224222183228,0.9217687249183655,0.9625850319862366,5.954158782958984,0.005022571422159672,0.014124770183116198
472,1.083421230316162,45.119300842285156,0.637496292591095,0.397115558385849,4.66213846206665,3.2059874534606934,0.5561224222183228,0.9217687249183655,0.9625850319862366,5.954161167144775,0.004996060859411955,0.014008600730448961
473,1.083410620689392,45.161521911621094,0.63762366771698,0.3971250355243683,4.662130355834961,3.205986499786377,0.5561224222183228,0.9217687249183655,0.9625850319862366,5.954163551330566,0.004936191253364086,0.01401209132745862
474,1.083399772644043,45.20368957519531,0.6377508640289307,0.3971344232559204,4.662123680114746,3.205986261367798,0.5561224222183228,0.9217687249183655,0.9625850319862366,5.954165935516357,0.005154930055141449,0.014204229693859816
475,1.0833890438079834,45.24580764770508,0.6378777623176575,0.3971438407897949,4.662117004394531,3.2059850692749023,0.5561224222183228,0.9217687249183655,0.9625850319862366,5.95416784286499,0.005179768893867731,0.014239679090678692
476,1.0833783149719238,45.287879943847656,0.63800448179245,0.3971533179283142,4.662109851837158,3.2059848308563232,0.5561224222183228,0.9217687249183655,0.9625850319862366,5.954170227050781,0.005014350637793541,0.01405076077207923
477,1.0833675861358643,45.329898834228516,0.6381308436393738,0.39716270565986633,4.662102699279785,3.205984354019165,0.5561224222183228,0.9217687249183655,0.9625850319862366,5.9541730880737305,0.005068601109087467,0.014133141376078129
478,1.0833570957183838,45.37187576293945,0.6382569670677185,0.39717206358909607,4.662095546722412,3.2059834003448486,0.5561224222183228,0.9217687249183655,0.9625850319862366,5.954176425933838,0.0050125508569180965,0.014044580981135368
479,1.0833463668823242,45.41379928588867,0.6383827924728394,0.39718136191368103,4.662088394165039,3.2059826850891113,0.5561224222183228,0.9217687249183655,0.9625850319862366,5.954178333282471,0.005035701207816601,0.014255179092288017
480,1.0833358764648438,45.45568084716797,0.6385084390640259,0.39719054102897644,4.662082195281982,3.205981969833374,0.5561224222183228,0.9217687249183655,0.9625850319862366,5.9541802406311035,0.004963800776749849,0.014014620799571276
481,1.0833252668380737,45.49750518798828,0.6386337876319885,0.39719969034194946,4.662074565887451,3.205981492996216,0.5561224222183228,0.9217687249183655,0.9625850319862366,5.954183101654053,0.005184719804674387,0.014238468836992979
482,1.0833148956298828,45.539283752441406,0.6387589573860168,0.3972088396549225,4.662067413330078,3.2059807777404785,0.5561224222183228,0.9217687249183655,0.9625850319862366,5.954185485839844,0.005285708699375391,0.014330288860946894
483,1.0833044052124023,45.581016540527344,0.6388838291168213,0.3972180187702179,4.662060737609863,3.205980062484741,0.5561224222183228,0.9217687249183655,0.9625850319862366,5.954187870025635,0.004932041745632887,0.013970911968499422
484,1.083294153213501,45.622703552246094,0.6390084624290466,0.39722728729248047,4.66205358505249,3.205979585647583,0.5561224222183228,0.9217687249183655,0.9625850319862366,5.9541916847229,0.005001091863960028,0.014038121793419123
485,1.0832836627960205,45.66434097290039,0.6391327977180481,0.39723649621009827,4.662047386169434,3.205979347229004,0.5561224222183228,0.9217687249183655,0.9625850319862366,5.95419454574585,0.0050195613875985146,0.014086411334574223
486,1.0832734107971191,45.70592498779297,0.6392568945884705,0.3972455859184265,4.6620402336120605,3.2059788703918457,0.5561224222183228,0.9217687249183655,0.9625850319862366,5.954196929931641,0.0050098709762096405,0.0140585508197546
487,1.0832630395889282,45.74747085571289,0.6393807530403137,0.39725461602211,4.662033557891846,3.2059783935546875,0.5561224222183228,0.9217687249183655,0.9625850319862366,5.95419979095459,0.005026141181588173,0.014082751236855984
488,1.0832529067993164,45.78896713256836,0.6395043730735779,0.3972635865211487,4.662027359008789,3.205977439880371,0.5561224222183228,0.9217687249183655,0.9625850319862366,5.9542036056518555,0.005184488836675882,0.014217759016901255
489,1.083242654800415,45.830413818359375,0.6396277546882629,0.397272527217865,4.662020683288574,3.205976963043213,0.5561224222183228,0.9217687249183655,0.9625850319862366,5.954206466674805,0.005387329030781984,0.014414358884096146
490,1.0832324028015137,45.8718147277832,0.6397508382797241,0.3972814977169037,4.662013530731201,3.205976724624634,0.5561224222183228,0.9217687249183655,0.9625850319862366,5.954208850860596,0.005017390940338373,0.014063701033592224
491,1.0832222700119019,45.913169860839844,0.6398736238479614,0.3972904086112976,4.6620073318481445,3.2059760093688965,0.5561224222183228,0.9217687249183655,0.9625850319862366,5.954212188720703,0.005004391074180603,0.014054920990020037
492,1.0832122564315796,45.95447540283203,0.6399961709976196,0.3972993493080139,4.6620001792907715,3.2059755325317383,0.5561224222183228,0.9217687249183655,0.9625850319862366,5.954215049743652,0.005049830302596092,0.014116609934717417
493,1.0832021236419678,45.99573516845703,0.6401185393333435,0.39730826020240784,4.661994457244873,3.205975294113159,0.5561224222183228,0.9217687249183655,0.9625850319862366,5.95421838760376,0.005023480858653784,0.01404261076822877
494,1.0831921100616455,46.03695297241211,0.6402406096458435,0.3973170518875122,4.661988258361816,3.205974578857422,0.5561224222183228,0.9217687249183655,0.9625850319862366,5.954221725463867,0.004999510943889618,0.014043510891497135
495,1.0831820964813232,46.078121185302734,0.6403624415397644,0.3973258435726166,4.661981105804443,3.2059738636016846,0.5561224222183228,0.9217687249183655,0.9625850319862366,5.954224586486816,0.0052038999274373055,0.014237510040402412
496,1.0831722021102905,46.119239807128906,0.6404840350151062,0.39733463525772095,4.6619744300842285,3.2059736251831055,0.5561224222183228,0.9217687249183655,0.9625850319862366,5.954227924346924,0.0053683980368077755,0.01439681788906455
497,1.0831623077392578,46.160316467285156,0.6406053900718689,0.3973434269428253,4.661968231201172,3.2059731483459473,0.5561224222183228,0.9217687249183655,0.9625850319862366,5.954230785369873,0.005021871067583561,0.01417204039171338
498,1.083152413368225,46.20134735107422,0.6407265067100525,0.39735209941864014,4.661960601806641,3.20597243309021,0.5561224222183228,0.9217687249183655,0.9625850319862366,5.9542341232299805,0.00501653179526329,0.014059480745345354
499,1.0831425189971924,46.242332458496094,0.6408473253250122,0.39736077189445496,4.661954879760742,3.2059719562530518,0.5561224222183228,0.9217687249183655,0.9625850319862366,5.954237937927246,0.005012540612369776,0.014065870549529791
