iteration,loss,lengthscale,outputscale,likelyhood_noise,test_MAE,test_NLL,test_PICP50,test_PICP90,test_PICP95,test_RMSE,it_time_training,it_time
0,1.4203505066603577,3.2661365258581494,1,0.6444966661028406,5.900970723590774,3.559444430961688,0.6955782175064087,0.9829931855201721,0.9931972622871399,7.530101413614023,0.6485910722985864,0.6957518868148327
1,1.4025979288545851,3.454375655601009,1,0.5982672922882688,5.788761749649313,3.5323188642943593,0.6989796161651611,0.9795918464660645,0.9914966225624084,7.387245390950579,0.005868894979357719,0.016307448968291283
2,1.3857978807306048,3.661334293762542,1,0.5545801700762332,5.702840296415012,3.506081189257808,0.7006802558898926,0.9778911471366882,0.9914966225624084,7.27418621508807,0.005330970510840416,0.015348338522017002
3,1.3682214065075597,3.884516555822501,1,0.5134526002677805,5.6315613543115886,3.4803590757943894,0.680272102355957,0.9778911471366882,0.9897959232330322,7.17762673060459,0.005171973258256912,0.015174349769949913
4,1.3501987469532457,4.122237878019801,1,0.4749004060887817,5.568223468904914,3.455281074328077,0.6632652878761292,0.976190447807312,0.9897959232330322,7.092877880793123,0.005078972317278385,0.01503681018948555
5,1.3323469256820883,4.373143557578317,1,0.4389411968998306,5.514181698423194,3.431142730667597,0.6496598720550537,0.9693877696990967,0.9829931855201721,7.016912822872943,0.005076332949101925,0.015055201016366482
6,1.3148602771359286,4.636006271544691,1,0.4055974811849431,5.456982108371025,3.408454845694564,0.6411564350128174,0.9642857313156128,0.9846938848495483,6.949002241607042,0.005072052590548992,0.015015671961009502
7,1.2978014502235224,4.9095868862536705,1,0.37490383494167856,5.4056337773171945,3.3878557078329323,0.6224489808082581,0.9608843326568604,0.9829931855201721,6.8902162866306815,0.005049672909080982,0.014972291886806488
8,1.2814300141540678,5.19250541736155,1,0.34691823319899656,5.360120561502745,3.3697627578935,0.6122449040412903,0.9523809552192688,0.9778911471366882,6.839953831113211,0.005068802274763584,0.014908871613442898
9,1.2661322383196627,5.483201176756405,1,0.3217299363742428,5.315867105545837,3.354131442473794,0.5901360511779785,0.9455782175064087,0.9727891087532043,6.794431568264504,0.005190561525523663,0.014932582154870033
10,1.252126247018662,5.780031795096714,1,0.29945429662931466,5.2713049973002635,3.3405691205249632,0.5799319744110107,0.9404761791229248,0.9710884094238281,6.748784294914632,0.0051725925877690315,0.014950922690331936
11,1.2393333460619855,6.081396026494153,1,0.28021307984334426,5.227922347734996,3.3285870683888152,0.5663265585899353,0.9370748400688171,0.9574829936027527,6.69947978735956,0.005157291889190674,0.014983130618929863
12,1.2275077684219586,6.385721395345967,1,0.26410701232284606,5.189766233833162,3.317650729684363,0.5663265585899353,0.9285714030265808,0.9574829936027527,6.644389557634057,0.005173191428184509,0.014982121996581554
13,1.2163821333775335,6.691385571589543,1,0.251186193884529,5.151246518325632,3.3071381673574463,0.545918345451355,0.9234693646430969,0.954081654548645,6.582151558332053,0.005171583034098148,0.014981141313910484
14,1.2057075363226073,6.996762418580463,1,0.24142681066020344,5.10555220682138,3.29646640345757,0.5442177057266235,0.918367326259613,0.9506802558898926,6.512650042282594,0.005321620963513851,0.015104600228369236
15,1.1952874584811461,7.300442991405616,1,0.23472521030987037,5.059468799905724,3.2854728762009033,0.5391156673431396,0.9115646481513977,0.9489796161651611,6.438590380755966,0.005152331665158272,0.01491321250796318
16,1.18508096774287,7.601426854920106,1,0.23091407607965472,5.010111504803705,3.274565476863859,0.5255101919174194,0.9081632494926453,0.9523809552192688,6.36524548344938,0.005148822441697121,0.014982121996581554
17,1.1753155003628106,7.899077394340717,1,0.2297925797174689,4.959360453702849,3.264206007874072,0.5306122303009033,0.9064626097679138,0.9489796161651611,6.296719097465675,0.005173082463443279,0.014956711791455746
18,1.1663339287968306,8.193011075452086,1,0.23114954931327766,4.9100625506264315,3.2545905116629483,0.5306122303009033,0.9115646481513977,0.954081654548645,6.23433118429966,0.005135303363204002,0.014886482618749142
19,1.1582957521754527,8.4830832040412,1,0.23477128462358943,4.867114403738435,3.2457887191876806,0.5391156673431396,0.9132652878761292,0.954081654548645,6.178145509002935,0.005183052271604538,0.014874743297696114
20,1.1511289114356278,8.769387526205238,1,0.2404404296958981,4.828987723469347,3.2377819642725045,0.545918345451355,0.9132652878761292,0.9574829936027527,6.127508704917896,0.005131262354552746,0.014855603687465191
21,1.144666742044474,9.052219689277248,1,0.24792993610847255,4.792426336774584,3.2305152057085182,0.5425170063972473,0.9200680255889893,0.9574829936027527,6.081314096458984,0.005155062302947044,0.014854651875793934
22,1.1387650895457555,9.332015615903316,1,0.25699312033515764,4.7588037294961,3.2239846733395128,0.5442177057266235,0.9234693646430969,0.9574829936027527,6.038626136980542,0.005148071795701981,0.014901472255587578
23,1.1333494065395548,9.609278596964183,1,0.2673510628539839,4.727067782531299,3.2182424667900045,0.5527210831642151,0.9319728016853333,0.9591836929321289,5.99896507419964,0.0051292115822434425,0.014834742993116379
24,1.1284099436959363,9.884508348596517,1,0.2786799317007849,4.696361140548481,3.213346863791753,0.5595238208770752,0.9370748400688171,0.9591836929321289,5.962213898255533,0.005163722671568394,0.014860003255307674
25,1.123971965061084,10.1581423854196,1,0.29060230999596354,4.668108913299,3.209313372932598,0.5646258592605591,0.9404761791229248,0.9625850319862366,5.928417222283854,0.005140852183103561,0.015016230754554272
26,1.120060299899341,10.430514806022579,1,0.3026873469374394,4.64171540231812,3.2060870989871595,0.5782312750816345,0.9438775777816772,0.9693877696990967,5.897621492315505,0.005153163336217403,0.014839483425021172
27,1.1166707772132793,10.701833239433725,1,0.3144638382025188,4.6170645320878165,3.203538910418322,0.5850340127944946,0.9489796161651611,0.9727891087532043,5.869792851827724,0.005147523246705532,0.014858793467283249
28,1.1137562592204233,10.972172135503659,1,0.32544772224095,4.594493843245226,3.2014816093259064,0.5884353518486023,0.9489796161651611,0.9744898080825806,5.84480144488828,0.005109743215143681,0.014861392788589
29,1.1112293151976707,11.241479285180185,1,0.33518120229645854,4.573919673642984,3.199698980062726,0.5918367505073547,0.9506802558898926,0.9744898080825806,5.822445329326615,0.005017483606934547,0.014796813018620014
30,1.1089779100100672,11.509591801351203,1,0.3432762644077106,4.555499351863871,3.1979790069167007,0.5969387888908386,0.9506802558898926,0.9744898080825806,5.80248679326987,0.005089513026177883,0.01486585196107626
31,1.106887018696093,11.776257523450369,1,0.3494530408613112,4.539328154453584,3.1961431668798137,0.5986394286155701,0.954081654548645,0.9744898080825806,5.784682539106792,0.005026874132454395,0.014799823984503746
32,1.1048588331380977,12.041158006988478,1,0.3535647604092473,4.5247365582563335,3.1940663097498723,0.5969387888908386,0.954081654548645,0.9744898080825806,5.768800723600832,0.005031423643231392,0.014795303344726562
33,1.1028265161257027,12.303930013921796,1,0.3556053263229607,4.511665967382857,3.1916851420663477,0.5986394286155701,0.9523809552192688,0.976190447807312,5.754626455704544,0.005027313716709614,0.014767823740839958
34,1.1007596618030677,12.564183613919024,1,0.3557005636628039,4.499695056947561,3.1889963681624236,0.5969387888908386,0.954081654548645,0.976190447807312,5.741960850989263,0.00500592403113842,0.014779284596443176
35,1.098662265673862,12.821516348508515,1,0.3540876082477915,4.488728251859006,3.1860472416262677,0.5952380895614624,0.9523809552192688,0.976190447807312,5.730618276650629,0.005012393929064274,0.014782753773033619
36,1.0965653713435617,13.075524087330976,1,0.3510879006627012,4.478837985330705,3.182921611962102,0.5884353518486023,0.9523809552192688,0.976190447807312,5.720424248162005,0.005020353943109512,0.014833402819931507
37,1.0945167120973518,13.325809988942797,1,0.3470783305020753,4.469902981327448,3.1797240794904336,0.5884353518486023,0.9523809552192688,0.976190447807312,5.711214384412784,0.005029723048210144,0.014875692315399647
38,1.0925691761560348,13.571993247487365,1,0.3424633488715462,4.461574943287363,3.1765642623285144,0.5884353518486023,0.9523809552192688,0.9744898080825806,5.702833862182799,0.005016464740037918,0.014812644571065903
39,1.0907694684203784,13.813719045574839,1,0.3376492675596403,4.453703013970619,3.173542825013675,0.5799319744110107,0.9489796161651611,0.9710884094238281,5.695137018322888,0.005024143494665623,0.014849643222987652
40,1.089148307352133,14.050670424647382,1,0.33302100311822774,4.446195491037728,3.1707408168130735,0.5799319744110107,0.9472789168357849,0.9710884094238281,5.687987507608537,0.005126013420522213,0.014957361854612827
41,1.0877137788084004,14.28258179345057,1,0.3289213274635377,4.439004558586887,3.1682137056497077,0.5731292366981506,0.9455782175064087,0.9710884094238281,5.681259888562162,0.005026163533329964,0.014851713553071022
42,1.086449555845459,14.509252758261256,1,0.325633071265916,4.432037377727862,3.1659908731699353,0.5714285969734192,0.9455782175064087,0.9693877696990967,5.674843183280742,0.0050119636580348015,0.014826294034719467
43,1.0853190198317049,14.7305601592437,1,0.32336526838404545,4.425247960317567,3.164080096627758,0.5731292366981506,0.9455782175064087,0.9693877696990967,5.668645978842747,0.0050119441002607346,0.014855503104627132
44,1.0842747271501447,14.946465917810604,1,0.3222444211625039,4.418605567051838,3.1624750254352954,0.5731292366981506,0.9455782175064087,0.9676870703697205,5.662601616027858,0.00500862393528223,0.014836523681879044
45,1.0832706953622073,15.157018713416559,1,0.3223116221361255,4.412197482287492,3.1611626455731043,0.5714285969734192,0.9472789168357849,0.9676870703697205,5.656671584299396,0.005042643286287785,0.01486683264374733
46,1.0822736805108653,15.362348556819601,1,0.3235253768257645,4.405990742380822,3.1601279226647048,0.5714285969734192,0.9472789168357849,0.9693877696990967,5.650845661765028,0.005006842315196991,0.014823962934315205
47,1.0812698527835272,15.56265469159856,1,0.32576918816197153,4.400352036656727,3.1593542620384967,0.5714285969734192,0.9472789168357849,0.9693877696990967,5.645138351684104,0.005033223889768124,0.014874773100018501
48,1.0802650521348887,15.758188486316584,1,0.32886274715843683,4.395362059989453,3.158820391683403,0.5731292366981506,0.9472789168357849,0.9693877696990967,5.639582253768037,0.005018672905862331,0.014843412674963474
49,1.0792792169941294,15.949233711348148,1,0.3325759220194954,4.390542497594756,3.1584957864252035,0.5731292366981506,0.9472789168357849,0.9710884094238281,5.634219742145025,0.0050198836252093315,0.014870231971144676
50,1.0783374826106242,16.136086698850416,1,0.33664522624282245,4.385892076928948,3.1583372107833863,0.5731292366981506,0.9472789168357849,0.9710884094238281,5.629094550706542,0.005007034167647362,0.014826023019850254
51,1.0774611584746632,16.319038470348694,1,0.34079259461556927,4.381474420273789,3.158288362469131,0.5765306353569031,0.9472789168357849,0.9710884094238281,5.624244662687037,0.005012803710997105,0.014875583350658417
52,1.0766613075695037,16.49836021986954,1,0.3447458961527492,4.377652023769117,3.1582833612750014,0.581632673740387,0.9472789168357849,0.9744898080825806,5.61969742382092,0.005006823688745499,0.014871131628751755
53,1.0759363980522472,16.67429280106639,1,0.34825983193322996,4.374101248146335,3.1582534851281308,0.5850340127944946,0.9472789168357849,0.9744898080825806,5.615467206657391,0.005021124146878719,0.014870302751660347
54,1.0752740372430454,16.847040252397296,1,0.351135124408963,4.370714433817964,3.1581355577638077,0.5884353518486023,0.9472789168357849,0.9744898080825806,5.611555388941507,0.005093362182378769,0.01487815286964178
55,1.0746556029391536,17.016766982559343,1,0.3532336326821321,4.3675865192465295,3.157879997843276,0.5918367505073547,0.9472789168357849,0.9744898080825806,5.607951995323263,0.005065512843430042,0.01492738164961338
56,1.074061953960865,17.18359803172189,1,0.35448742693084834,4.364634953127011,3.1574567688098005,0.5918367505073547,0.9472789168357849,0.9744898080825806,5.604638176512037,0.005001594312489033,0.014823894016444683
57,1.073478408714677,17.347621779031904,1,0.3549008014955669,4.361845434842369,3.1568581399471185,0.5884353518486023,0.9472789168357849,0.9744898080825806,5.601588781104549,0.005049693398177624,0.01488421205431223
58,1.07289770145979,17.508894520875177,1,0.3545453481278306,4.359208458162737,3.1560979994944742,0.5850340127944946,0.9472789168357849,0.9744898080825806,5.598774546369774,0.005028443410992622,0.014834542758762836
59,1.0723204076531068,17.667446436044777,1,0.3535491771009539,4.356688298749844,3.155208194641366,0.5833333134651184,0.9472789168357849,0.9727891087532043,5.596163771063778,0.005016154609620571,0.014863913878798485
60,1.0717531037698678,17.823288534424453,1,0.35208194959499883,4.354275511693868,3.154232862821731,0.581632673740387,0.9472789168357849,0.9727891087532043,5.5937236079710395,0.005017084069550037,0.014830352738499641
61,1.0712050980740369,17.976420223735442,1,0.35033755993469,4.351959818703652,3.1532219277401654,0.5799319744110107,0.9455782175064087,0.9727891087532043,5.591421243949366,0.0050264038145542145,0.014870652928948402
62,1.070684842398924,18.12683711261387,1,0.3485162063918062,4.34973028759195,3.1522248913635607,0.5765306353569031,0.9455782175064087,0.9727891087532043,5.589225204398424,0.004999443888664246,0.014818692579865456
63,1.0701970964030625,18.274538607025512,1,0.34680736523621153,4.347575705423593,3.151285809393735,0.5748299360275269,0.9455782175064087,0.9727891087532043,5.587106868303053,0.005044793710112572,0.014879683032631874
64,1.0697416018552182,18.419534780819394,1,0.34537492999488595,4.345491394713324,3.150439950517226,0.5782312750816345,0.9455782175064087,0.9727891087532043,5.58504208410802,0.005009674467146397,0.014856022782623768
65,1.069313516877671,18.561851955643807,1,0.34434551612608444,4.3434678191232425,3.149712190999118,0.5782312750816345,0.9455782175064087,0.9727891087532043,5.583012617534442,0.005024882964789867,0.01486523263156414
66,1.068905293039605,18.70153645815069,1,0.34380063696289986,4.341489907882686,3.149116801730974,0.5782312750816345,0.9455782175064087,0.9727891087532043,5.5810071037917295,0.005035553127527237,0.014867632649838924
67,1.0685092279813708,18.83865616335881,1,0.34377311543856776,4.339551564681068,3.14865806717628,0.5782312750816345,0.9455782175064087,0.9727891087532043,5.5790212429772,0.0050236936658620834,0.014877392910420895
68,1.0681197560111726,18.973299677011106,1,0.34424773397647684,4.337648998033258,3.1483312035805,0.5782312750816345,0.9455782175064087,0.9727891087532043,5.577057144268265,0.005000883713364601,0.01479544397443533
69,1.0677347168415936,19.105573312195457,1,0.34516579642490586,4.335780749441235,3.148123281810442,0.5782312750816345,0.9455782175064087,0.9727891087532043,5.575121928129731,0.005004524253308773,0.014863752759993076
70,1.067355289905507,19.23559630671257,1,0.34643302231037454,4.333947481982613,3.1480141749621615,0.581632673740387,0.9455782175064087,0.9727891087532043,5.5732258618242945,0.005027763545513153,0.014882742427289486
71,1.0669848023762598,19.363494939183536,1,0.3479300133725311,4.33215158182646,3.1479777797325084,0.581632673740387,0.9455782175064087,0.9727891087532043,5.571380379517533,0.005054623819887638,0.015018651261925697
72,1.0666269977271865,19.489396291143986,1,0.3495243910081982,4.330410301627263,3.1479837965996382,0.581632673740387,0.9455782175064087,0.9727891087532043,5.569596312172076,0.005046463571488857,0.014884713105857372
73,1.0662844576738622,19.613422364221393,1,0.35108357389859307,4.328756393700159,3.1480001934303545,0.581632673740387,0.9455782175064087,0.9727891087532043,5.5678825499000775,0.0050332434475421906,0.01489903312176466
74,1.0659577046943682,19.73568512360671,1,0.35248706190919127,4.327174382543444,3.147996207791364,0.581632673740387,0.9455782175064087,0.9727891087532043,5.566245226065869,0.005037284456193447,0.01486489363014698
75,1.0656451835419585,19.856282846854473,1,0.3536370698817284,4.325636478898099,3.14794549045566,0.5833333134651184,0.9455782175064087,0.9727891087532043,5.5646873929774445,0.005485629662871361,0.015281288884580135
76,1.065343978183261,19.975297956772327,1,0.35446647349516724,4.324157825466352,3.147828860017123,0.5850340127944946,0.9455782175064087,0.9727891087532043,5.5632090828094185,0.005188392475247383,0.014927702024579048
77,1.0650508900400557,20.09279634319454,1,0.3549433125346132,4.322753554713829,3.147636170007255,0.5867347121238708,0.9455782175064087,0.9727891087532043,5.561807622877916,0.005188371986150742,0.014984142035245895
78,1.0647634435500466,20.20882804796437,1,0.35507151032392853,4.321469581785828,3.1473669639754736,0.5867347121238708,0.9455782175064087,0.9727891087532043,5.560478091723303,0.005188743583858013,0.014976272359490395
79,1.0644804838516082,20.32342910159478,1,0.3548879315736927,4.320230832325122,3.147029844844256,0.5867347121238708,0.9455782175064087,0.9727891087532043,5.559213841452113,0.005047984421253204,0.014874923042953014
80,1.0642022261026918,20.436624249339815,1,0.35445632292768603,4.319036836019866,3.146640734212869,0.5867347121238708,0.9455782175064087,0.9727891087532043,5.558007051120612,0.00514135230332613,0.014890512451529503
81,1.0639298253529965,20.548430275765597,1,0.35385899215670513,4.317885543981034,3.1462203815158487,0.5850340127944946,0.9455782175064087,0.9727891087532043,5.556849300424729,0.005142022855579853,0.014910572208464146
82,1.0636646896421962,20.658859620175228,1,0.353187253030057,4.316773464493331,3.145791567267757,0.5850340127944946,0.9455782175064087,0.9727891087532043,5.555732156943994,0.005051412619650364,0.014933431521058083
83,1.0634078158393843,20.767923967047427,1,0.3525316973828243,4.3157270490629,3.1453764252680902,0.5850340127944946,0.9455782175064087,0.9727891087532043,5.554647757147774,0.005147062242031097,0.01494533196091652
84,1.0631593818364995,20.87563750009238,1,0.35197327669388495,4.314728493326844,3.144994207798405,0.5850340127944946,0.9455782175064087,0.9727891087532043,5.553589340986504,0.0051168035715818405,0.01487596333026886
85,1.0629187068148958,20.98201953444196,1,0.3515760104634341,4.313782165677469,3.144659675092718,0.5850340127944946,0.9472789168357849,0.9727891087532043,5.552551683956501,0.005132063291966915,0.014904982410371304
86,1.0626845428616716,21.087096297264413,1,0.3513819144296589,4.312863781503626,3.144382151118855,0.5850340127944946,0.9472789168357849,0.9727891087532043,5.551531368719553,0.005141442641615868,0.014888462610542774
87,1.062455542157085,21.190901715063823,1,0.35140848360326693,4.311960622522084,3.1441651892559626,0.5850340127944946,0.9472789168357849,0.9727891087532043,5.550526854720815,0.005127451382577419,0.014872821979224682
88,1.0622306967792154,21.293477178821888,1,0.3516487985009729,4.311069790327208,3.1440067502298423,0.5850340127944946,0.9472789168357849,0.9727891087532043,5.549538335579502,0.005134842358529568,0.014866412617266178
89,1.0620095851252873,21.39487037946857,1,0.35207407139291835,4.3101894751850125,3.1438998011902313,0.5884353518486023,0.9472789168357849,0.9727891087532043,5.548567411104819,0.005145561881363392,0.014963512308895588
90,1.0617923571725036,21.495133414644513,1,0.3526382314858706,4.309319042598806,3.1438332704454792,0.5884353518486023,0.9472789168357849,0.9727891087532043,5.547616632191313,0.005125232040882111,0.014859671704471111
91,1.0615795036036317,21.594320443889416,1,0.3532839761532818,4.30845897425918,3.143793305401738,0.5884353518486023,0.9472789168357849,0.9727891087532043,5.546688993629854,0.005140163004398346,0.014870473183691502
92,1.0613715330449904,21.692485201509157,1,0.3539495981198213,4.307610679392716,3.1437647636109647,0.5884353518486023,0.9472789168357849,0.9727891087532043,5.545787448822193,0.005120672285556793,0.01485420297831297
93,1.0611686992419471,21.789678663160114,1,0.35457584425545313,4.306791883669488,3.143732822274213,0.5884353518486023,0.9472789168357849,0.9727891087532043,5.544914504470704,0.005148773081600666,0.014915772713720798
94,1.060970877780411,21.885947111777547,1,0.355112079344976,4.3060079351493625,3.143684541765798,0.5884353518486023,0.9472789168357849,0.9727891087532043,5.5440719295375365,0.005170532502233982,0.014854212291538715
95,1.0607776164761953,21.981330774618108,1,0.35552112356591914,4.3052397257226644,3.1436101908830993,0.5884353518486023,0.9472789168357849,0.9710884094238281,5.543260588914844,0.005160203203558922,0.014939052984118462
96,1.060588310673222,22.075863120629787,1,0.3557823012710334,4.304504874348412,3.143504154592769,0.5884353518486023,0.9472789168357849,0.9710884094238281,5.542480394065033,0.00512064341455698,0.014880883507430553
97,1.060402413128621,22.169570828200946,1,0.35589246274574077,4.303802525469543,3.1433653018345544,0.5884353518486023,0.9472789168357849,0.9710884094238281,5.5417303526822606,0.0051555335521698,0.014910251833498478
98,1.0602195891604915,22.26247436529631,1,0.3558649890020851,4.303118697384581,3.1431967780933565,0.5884353518486023,0.9472789168357849,0.9710884094238281,5.541008696224169,0.005062572658061981,0.014906391501426697
99,1.0600397638547823,22.354589070621554,1,0.35572702592538363,4.302479601166949,3.143005281938502,0.5884353518486023,0.9472789168357849,0.9710884094238281,5.540313064994728,0.005048822611570358,0.014885621145367622
100,1.05986305954321,22.445926586612032,1,0.35551538524412063,4.301867155802719,3.1427999628883447,0.5884353518486023,0.9472789168357849,0.9710884094238281,5.539640732026542,0.005023684352636337,0.014849242754280567
101,1.0596896659662989,22.53649647258561,1,0.3552716733181811,4.301271037207177,3.1425911231161963,0.5850340127944946,0.9472789168357849,0.9710884094238281,5.538988847105136,0.0052406517788767815,0.01499159075319767
102,1.059519706232297,22.626307819442612,1,0.3550372552126408,4.3006899807335754,3.14238891201915,0.5833333134651184,0.9472789168357849,0.9710884094238281,5.5383546805186885,0.005147021263837814,0.014891191385686398
103,1.0593531539901084,22.715370696414862,1,0.35484863345218937,4.300122511005363,3.142202175819092,0.5833333134651184,0.9472789168357849,0.9710884094238281,5.5377358438562885,0.005139023065567017,0.014896252192556858
104,1.0591898280480403,22.803697285884702,1,0.3547337295312062,4.299567108737798,3.1420375769766156,0.5833333134651184,0.9472789168357849,0.9710884094238281,5.5371304646896755,0.005134883336722851,0.014928381890058517
105,1.0590294546658192,22.891302603068763,1,0.35470941840263426,4.299022372280303,3.1418990453239077,0.5833333134651184,0.9472789168357849,0.9710884094238281,5.536537295267349,0.005129313096404076,0.014904213137924671
106,1.0588717607383833,22.97820474977158,1,0.3547805011009477,4.298500179166215,3.1417875764497847,0.5833333134651184,0.9472789168357849,0.9710884094238281,5.535955743113107,0.0051210420206189156,0.014898132532835007
107,1.0587165533721,23.06442470918619,1,0.354940128032545,4.297995364070003,3.1417013585673077,0.5833333134651184,0.9472789168357849,0.9710884094238281,5.535385822552035,0.005147562362253666,0.014920172281563282
108,1.058563753795587,23.14998574382963,1,0.35517152350642545,4.2975164508183274,3.14163618583405,0.5833333134651184,0.9472789168357849,0.9710884094238281,5.534828038145531,0.005131152458488941,0.014869202859699726
109,1.0584133781036995,23.234912503107914,1,0.3554507262968126,4.297052088160106,3.141586099086264,0.5833333134651184,0.9472789168357849,0.9710884094238281,5.534283220815887,0.00514933280646801,0.01489357277750969
110,1.0582654815814705,23.319229974554496,1,0.3557499635926143,4.2965959638710425,3.1415441798024326,0.5833333134651184,0.9472789168357849,0.9710884094238281,5.533752342797638,0.005822635255753994,0.0155717758461833
111,1.0581200966344984,23.40296242057935,1,0.3560412250881725,4.296148301490074,3.141503409028701,0.5833333134651184,0.9472789168357849,0.9710884094238281,5.533236337659006,0.005186702124774456,0.01492611225694418
112,1.057977192398647,23.486132431330674,1,0.3562996045523038,4.295709460546456,3.141457493353772,0.5833333134651184,0.9472789168357849,0.9710884094238281,5.532735947257351,0.005125151947140694,0.014873172156512737
113,1.0578366700972577,23.56876019773604,1,0.3565060273147151,4.295279839480717,3.141401560303564,0.5833333134651184,0.9472789168357849,0.9710884094238281,5.532251610441891,0.005165161564946175,0.0149458022788167
114,1.0576983902361625,23.650863072425615,1,0.3566490771618147,4.294859782745798,3.1413326400144888,0.5833333134651184,0.9472789168357849,0.9710884094238281,5.531783400644557,0.005155152641236782,0.014880983158946037
115,1.0575622143495926,23.73245544590404,1,0.35672576254456184,4.294449504727607,3.1412498790922694,0.5833333134651184,0.9472789168357849,0.9710884094238281,5.531331012771749,0.005164831876754761,0.014907602220773697
116,1.057428040400788,23.813548926234574,1,0.35674120246697755,4.294049039734937,3.141154471803206,0.5833333134651184,0.9472789168357849,0.9710884094238281,5.530893794751603,0.005146662704646587,0.014891492202877998
117,1.0572958171328657,23.894152776667127,1,0.35670734766233914,4.293658222849261,3.1410493353979416,0.581632673740387,0.9472789168357849,0.9710884094238281,5.5304708156562405,0.0051843225955963135,0.014965682290494442
118,1.0571655343786786,23.974274539886494,1,0.3566409648010108,4.293276701622725,3.1409385918616852,0.581632673740387,0.9472789168357849,0.9710884094238281,5.530060960049115,0.005145423114299774,0.0148876728489995
119,1.0570371975374395,24.053920761631638,1,0.35656118704567374,4.292903974197217,3.1408269410632355,0.581632673740387,0.9472789168357849,0.9710884094238281,5.529663036674643,0.005144741386175156,0.01491361204534769
120,1.0569108002217926,24.13309772122248,1,0.3564869660427152,4.2925424562918915,3.1407190171585637,0.581632673740387,0.9472789168357849,0.9710884094238281,5.529275888707821,0.005136711522936821,0.01487911306321621
121,1.0567863076963302,24.211812082075227,1,0.3564347478099061,4.292205658039288,3.1406188122063154,0.581632673740387,0.9455782175064087,0.9710884094238281,5.528898492780913,0.005157682113349438,0.015054501593112946
122,1.0566636568478802,24.290071390695132,1,0.3564166432085267,4.291903763183946,3.1405292322624563,0.5833333134651184,0.9455782175064087,0.9710884094238281,5.528530035331771,0.005099843256175518,0.014922291971743107
123,1.0565427699712284,24.3678843759358,1,0.35643928241339634,4.291607680891808,3.1404518269419603,0.5833333134651184,0.9455782175064087,0.9710884094238281,5.528169957743148,0.005139632150530815,0.014965532347559929
124,1.0564235737224497,24.445261028477027,1,0.3565034442842962,4.291317018838321,3.1403867082479113,0.5833333134651184,0.9455782175064087,0.9710884094238281,5.527817966104526,0.005061293952167034,0.014891942963004112
125,1.0563060135627544,24.52221246969858,1,0.3566044489634621,4.291035446221246,3.140332651489531,0.581632673740387,0.9455782175064087,0.9710884094238281,5.527474006571282,0.005038082599639893,0.01489053200930357
126,1.056190057655241,24.598750645408224,1,0.35673320792177765,4.290774343153277,3.140287351814894,0.5799319744110107,0.9455782175064087,0.9710884094238281,5.527138212233414,0.005111003294587135,0.014864223077893257
127,1.0560756900881703,24.674887899707294,1,0.35687775074730915,4.290518277263103,3.1402477947772804,0.5799319744110107,0.9455782175064087,0.9710884094238281,5.5268108311448,0.005152862519025803,0.014908122830092907
128,1.0559628983488671,24.750636495269415,1,0.35702500012673954,4.290267464473737,3.140210688844611,0.5799319744110107,0.9455782175064087,0.9710884094238281,5.526492147031076,0.005014914087951183,0.01484991330653429
129,1.0558516618966092,24.826008147599726,1,0.35716255016394427,4.290022136996913,3.140172902655639,0.5799319744110107,0.9455782175064087,0.9710884094238281,5.526182404022715,0.005040043964982033,0.014898463152348995
130,1.0557419470482836,24.90101363310468,1,0.35728021896629614,4.289782482667905,3.1401318511742695,0.5799319744110107,0.9455782175064087,0.9710884094238281,5.5258817448724376,0.005007093772292137,0.014826302416622639
131,1.0556337095350283,24.975662515952042,1,0.35737119085784724,4.289551288914944,3.140085783328725,0.581632673740387,0.9455782175064087,0.9710884094238281,5.525590169141835,0.005010904744267464,0.014920092187821865
132,1.0555269022056586,25.049963019416833,1,0.3574326295450092,4.289337639744592,3.1400339387385943,0.581632673740387,0.9455782175064087,0.9710884094238281,5.525307514472214,0.005035623908042908,0.014849643222987652
133,1.0554214833055553,25.12392204661836,1,0.3574657212271477,4.289144826881332,3.1399765607431784,0.5799319744110107,0.9455782175064087,0.9710884094238281,5.525033460844804,0.005050963722169399,0.014900383539497852
134,1.055317421235682,25.19754533600141,1,0.35747518487860785,4.288971712309057,3.139914773948876,0.5799319744110107,0.9455782175064087,0.9710884094238281,5.524767555022155,0.0051197027787566185,0.014846673235297203
135,1.0552146940645728,25.270837720874376,1,0.3574683550129876,4.288803012388769,3.1398503532751034,0.5799319744110107,0.9455782175064087,0.9710884094238281,5.524509250293416,0.005044362507760525,0.014870312064886093
136,1.0551132848858977,25.34380345143048,1,0.3574539914964246,4.288638027586086,3.1397854248802513,0.581632673740387,0.9455782175064087,0.9710884094238281,5.524257955270465,0.00498663354665041,0.014798673801124096
137,1.0550131759519328,25.41644653287731,1,0.35744099595748013,4.2884765288037565,3.139722145552966,0.581632673740387,0.9455782175064087,0.9710884094238281,5.524013084836351,0.005019383504986763,0.014857633039355278
138,1.0549143446311746,25.488771034775063,1,0.35743721339364204,4.28831829326003,3.139662405905757,0.581632673740387,0.9455782175064087,0.9710884094238281,5.52377410648395,0.004983924329280853,0.014811462722718716
139,1.0548167628467413,25.56078133388566,1,0.35744847274539604,4.2881631183717115,3.1396075951492732,0.581632673740387,0.9455782175064087,0.9710884094238281,5.523540576232619,0.005008983425796032,0.014848952181637287
140,1.054720399667787,25.63248226452514,1,0.3574779766151163,4.288010831057374,3.1395584533618974,0.581632673740387,0.9455782175064087,0.9710884094238281,5.5233121600151724,0.004990504123270512,0.014806252904236317
141,1.0546252252199906,25.7038791648009,1,0.3575260951584689,4.287861291265005,3.13951502325143,0.5833333134651184,0.9455782175064087,0.9710884094238281,5.523088638684213,0.00512844230979681,0.014881652779877186
142,1.0545312137270728,25.774977822094726,1,0.35759056064106726,4.2877143896151875,3.139476699458524,0.5833333134651184,0.9455782175064087,0.9710884094238281,5.522869897251566,0.005031352862715721,0.014834732748568058
143,1.0544383442912602,25.845784334602097,1,0.35766700524626754,4.287570040064663,3.13944236106347,0.5850340127944946,0.9438775777816772,0.9710884094238281,5.522655901229987,0.005004923790693283,0.014842973090708256
144,1.054346599387578,25.91630491586006,1,0.3577497423092656,4.2874281692799885,3.139410563292424,0.5833333134651184,0.9438775777816772,0.9710884094238281,5.522446664607545,0.005099193193018436,0.014843763783574104
145,1.0542559622056706,25.986545674786942,1,0.3578326651796174,4.287288704857019,3.1393797583135825,0.5833333134651184,0.9438775777816772,0.9710884094238281,5.522242214802999,0.005041884258389473,0.014855492860078812
146,1.0541664143697376,26.056512404372086,1,0.3579101308722668,4.28715156457897,3.1393485130208836,0.5833333134651184,0.9438775777816772,0.9710884094238281,5.522042559865284,0.004991084337234497,0.01481742411851883
147,1.054077935121874,26.12621040811486,1,0.3579777073796592,4.2870166485863965,3.1393156940161053,0.5833333134651184,0.9438775777816772,0.9710884094238281,5.521847662313974,0.005128892138600349,0.01486929226666689
148,1.0539905021285838,26.195644385587624,1,0.3580326912502735,4.286883835711407,3.139280596310079,0.5833333134651184,0.9438775777816772,0.9710884094238281,5.521657422615388,0.005043192766606808,0.0148512227460742
149,1.0539040932146073,26.26481838848509,1,0.3580743409550658,4.286752984426606,3.1392430016586665,0.5833333134651184,0.9438775777816772,0.9710884094238281,5.521471673638753,0.0050371624529361725,0.01488371193408966
150,1.0538186879693232,26.333735847801822,1,0.35810381548232384,4.286623938024695,3.139203163469205,0.5833333134651184,0.9438775777816772,0.9710884094238281,5.521290185803232,0.005062533542513847,0.01486943382769823
151,1.0537342684127387,26.40239966287318,1,0.3581238499565824,4.286496532923723,3.139161726085464,0.5833333134651184,0.9438775777816772,0.9710884094238281,5.521112681213954,0.005024343729019165,0.014974911697208881
152,1.0536508185289264,26.47081233520022,1,0.3581382349128438,4.2863706085052815,3.1391195952567985,0.5833333134651184,0.9438775777816772,0.9710884094238281,5.520938854032204,0.005015804432332516,0.014829304069280624
153,1.0535683230929636,26.538976125149837,1,0.35815118868911366,4.286246016709805,3.139077782401231,0.5850340127944946,0.9438775777816772,0.9710884094238281,5.520768393715166,0.005025303922593594,0.014865783043205738
154,1.0534867665131515,26.60689320821275,1,0.3581667207937254,4.286122629748513,3.1390372472195884,0.5850340127944946,0.9438775777816772,0.9710884094238281,5.520601007632792,0.005011213943362236,0.01484497357159853
155,1.0534061322816632,26.674565809463033,1,0.35818807789137186,4.286000344702179,3.1389987613662496,0.5850340127944946,0.9438775777816772,0.9710884094238281,5.520436439917932,0.005164892412722111,0.015077309682965279
156,1.0533264032091547,26.741996299689188,1,0.358217345185679,4.285879084375421,3.13896281090021,0.5850340127944946,0.9438775777816772,0.9693877696990967,5.520274484171848,0.005118732340633869,0.014868971891701221
157,1.053247562177754,26.80918724348178,1,0.35825524808138126,4.285763027996209,3.1389295481877197,0.5850340127944946,0.9438775777816772,0.9693877696990967,5.5201149887142655,0.005212242715060711,0.014949732460081577
158,1.0531695929184335,26.876141397256617,1,0.35830116673510287,4.285658018552835,3.138898796012795,0.5850340127944946,0.9438775777816772,0.9693877696990967,5.519957854266492,0.005011512897908688,0.014827383682131767
159,1.0530924803897372,26.94286166258702,1,0.3583533443904141,4.285553630527232,3.1388700990339355,0.5850340127944946,0.9438775777816772,0.9693877696990967,5.5198030250942285,0.005026563070714474,0.01485214289277792
160,1.0530162106191008,27.00935100625413,1,0.358409243757463,4.2854498656497,3.1388428113887246,0.5850340127944946,0.9438775777816772,0.9693877696990967,5.51965047553221,0.0051056621596217155,0.014884701929986477
161,1.0529407701793643,27.07561236231059,1,0.35846598763054294,4.285346722236419,3.1388162049318864,0.5850340127944946,0.9438775777816772,0.9693877696990967,5.519500194335178,0.005092833191156387,0.014926091767847538
162,1.0528661456402078,27.141648532782373,1,0.35852081247443013,4.285244186096606,3.1387895807484294,0.5850340127944946,0.9438775777816772,0.9693877696990967,5.519352169395258,0.005066703073680401,0.014836883172392845
163,1.0527923232908083,27.207462102413135,1,0.35857146722690914,4.285142224866667,3.138762367338196,0.5850340127944946,0.9438775777816772,0.9693877696990967,5.5192063750613505,0.005161562003195286,0.015024080872535706
164,1.0527192892337944,27.27305537947382,1,0.35861650280820756,4.285040786491613,3.1387341919982634,0.5850340127944946,0.9438775777816772,0.9693877696990967,5.519062763683826,0.005071883089840412,0.014838122762739658
165,1.0526470297326975,27.338430369795223,1,0.3586554181858699,4.2849398018418405,3.1387049168720056,0.5850340127944946,0.9438775777816772,0.9693877696990967,5.51892126221727,0.0051046935841441154,0.014883743599057198
166,1.052575531577323,27.403588785670145,1,0.3586886528033058,4.284839190766619,3.1386746370545437,0.5850340127944946,0.9438775777816772,0.9693877696990967,5.518781773883364,0.005126343108713627,0.014888172969222069
167,1.0525047822614102,27.46853208597668,1,0.35871743890806335,4.284738870355299,3.138643644072863,0.5833333134651184,0.9438775777816772,0.9693877696990967,5.518644184148551,0.0051763225346803665,0.01495848223567009
168,1.0524347699041,27.533261539552292,1,0.3587435472605692,4.284638763882723,3.138612363059655,0.5833333134651184,0.9438775777816772,0.9693877696990967,5.518508369702244,0.005097253248095512,0.01486099325120449
169,1.052365482998451,27.597778301057602,1,0.3587689731254302,4.284538808891459,3.138581275283189,0.5833333134651184,0.9438775777816772,0.9693877696990967,5.518374208792799,0.005109722726047039,0.014865903183817863
170,1.0522969101509627,27.66208348760026,1,0.35879561478554656,4.2844389630984,3.1385508389782495,0.5833333134651184,0.9438775777816772,0.9693877696990967,5.518241591216074,0.005069012753665447,0.014837352558970451
171,1.0522290399530068,27.72617824524859,1,0.35882499385397454,4.284339207252093,3.1385214206146883,0.5833333134651184,0.9438775777816772,0.9693877696990967,5.518110426445081,0.005102093331515789,0.014912322163581848
172,1.0521618610280563,27.790063796985795,1,0.3588580564479273,4.2842395446249375,3.138493246148278,0.5850340127944946,0.9438775777816772,0.9693877696990967,5.51798064879556,0.005073542706668377,0.014811002649366856
173,1.0520953621935458,27.85374146715827,1,0.35889507891647604,4.284139997401077,3.1384663779778887,0.5850340127944946,0.9438775777816772,0.9693877696990967,5.517852219067167,0.005110273137688637,0.01495205145329237
174,1.0520295326229125,27.91721268144383,1,0.3589356839956876,4.284040600719771,3.138440718966644,0.5850340127944946,0.9438775777816772,0.9693877696990967,5.517725122690986,0.005086272954940796,0.014992541633546352
175,1.0519643619130623,27.980478945165675,1,0.35897895589705875,4.283941395476971,3.138416040668061,0.5850340127944946,0.9438775777816772,0.9693877696990967,5.5175993649542985,0.0051959119737148285,0.014978501945734024
176,1.0518998400320503,28.043541805834433,1,0.3590236285398288,4.2838424211270905,3.1383920294418974,0.5850340127944946,0.9438775777816772,0.9693877696990967,5.517474964278947,0.00511450320482254,0.014876392669975758
177,1.051835957193823,28.106402807700697,1,0.35906831188676425,4.283743709651115,3.1383683419031585,0.5850340127944946,0.9438775777816772,0.9693877696990967,5.517351944744833,0.005096962675452232,0.014943472109735012
178,1.0517727037402695,28.16906344664061,1,0.35911171819986254,4.283645281591252,3.138344660371938,0.5850340127944946,0.9438775777816772,0.9693877696990967,5.51723032905632,0.0050585027784109116,0.014900962822139263
179,1.051710070093101,28.231525132903734,1,0.3591528530471576,4.283547144651592,3.1383207397047714,0.5850340127944946,0.9438775777816772,0.9693877696990967,5.517110132965135,0.005035903304815292,0.014878612011671066
180,1.0516480467877323,28.29378916735698,1,0.35919114415598663,4.2834492949032885,3.1382964388885966,0.5850340127944946,0.9438775777816772,0.9693877696990967,5.51699136183712,0.0051072025671601295,0.014854802750051022
181,1.0515866245525103,28.355856734245513,1,0.3592264930548638,4.283351720192674,3.1382717336751793,0.5850340127944946,0.9438775777816772,0.9693877696990967,5.516874009648036,0.00508494209498167,0.014857152476906776
182,1.0515257943769587,28.417728910626344,1,0.35925924775875473,4.283254405004128,3.138246709811575,0.5850340127944946,0.9438775777816772,0.9693877696990967,5.516758060285713,0.005051262676715851,0.014885001815855503
183,1.0514655475286103,28.479406689978827,1,0.359290107327439,4.283157335829899,3.13822153953012,0.5850340127944946,0.9438775777816772,0.9693877696990967,5.516643490686099,0.005144492723047733,0.014889593236148357
184,1.051405875514456,28.540891015454942,1,0.35931997902955504,4.283060506071376,3.138196446409124,0.5850340127944946,0.9438775777816772,0.9693877696990967,5.516530275086499,0.005520648322999477,0.015295098535716534
185,1.0513467700156398,28.602182817071142,1,0.35934981470219063,4.282963919635614,3.1381716651546387,0.5850340127944946,0.9438775777816772,0.9693877696990967,5.516418389569171,0.005132132209837437,0.014963621273636818
186,1.05128822283457,28.663283046975245,1,0.35938045407618124,4.282867592663547,3.1381474031289955,0.5833333134651184,0.9438775777816772,0.9693877696990967,5.516307816097754,0.005116392858326435,0.014880041591823101
187,1.051230225879718,28.72419270769495,1,0.35941249950109266,4.282771553178386,3.1381238096121487,0.581632673740387,0.9438775777816772,0.9693877696990967,5.516198545402416,0.00504483375698328,0.014870892278850079
188,1.051172771187178,28.784912869792983,1,0.35944623952176474,4.282675838809879,3.138100957053281,0.581632673740387,0.9438775777816772,0.9693877696990967,5.516090578313626,0.005100622773170471,0.014868423342704773
189,1.0511158509568943,28.84544467731774,1,0.35948162952097157,4.282580493068744,3.13807883630192,0.581632673740387,0.9438775777816772,0.9693877696990967,5.515983925432865,0.005144132301211357,0.014916172251105309
190,1.0510594575768786,28.9057893414985,1,0.35951832780135284,4.2824855608649335,3.138057365404734,0.581632673740387,0.9438775777816772,0.9693877696990967,5.515878605311444,0.005069033242762089,0.0148778622969985
191,1.051003583620603,28.965948124952252,1,0.35955577666306304,4.282391084051302,3.13803640940824,0.581632673740387,0.9438775777816772,0.9693877696990967,5.515774641539146,0.00510990247130394,0.014948641881346703
192,1.0509482218213582,29.025922319970633,1,0.3595933115881956,4.282297097724017,3.138015807040061,0.581632673740387,0.9438775777816772,0.9693877696990967,5.515672059288969,0.005083822645246983,0.01483573392033577
193,1.0508933650405017,29.085713225072137,1,0.3596302784362887,4.282203627838687,3.1379953993590646,0.581632673740387,0.942176878452301,0.9693877696990967,5.51557088190563,0.005111232399940491,0.014890552498400211
194,1.0508390062474091,29.145322123891052,1,0.3596661388675161,4.282110690443831,3.1379750555367627,0.581632673740387,0.942176878452301,0.9693877696990967,5.5154711280661175,0.005093143321573734,0.014863952994346619
195,1.0507851385189926,29.20475026970991,1,0.3597005477290066,4.28201829253958,3.137954691786863,0.581632673740387,0.942176878452301,0.9693877696990967,5.5153728098994295,0.005119201727211475,0.014886601828038692
196,1.0507317550537398,29.263998877704132,1,0.35973339205033394,4.281926434292164,3.137934280902554,0.581632673740387,0.942176878452301,0.9693877696990967,5.515275932260731,0.005096692591905594,0.01485759299248457
197,1.0506788491874528,29.323069125497135,1,0.35976478844687815,4.2818351121206675,3.137913851612936,0.5833333134651184,0.942176878452301,0.9693877696990967,5.515180493149072,0.0050931526347994804,0.014895252883434296
198,1.0506264143991166,29.381962161181885,1,0.35979504285213604,4.281744322054628,3.137893478717906,0.5833333134651184,0.942176878452301,0.9693877696990967,5.515086485072289,0.005081954412162304,0.014834864065051079
199,1.050574444303292,29.44067911678409,1,0.3598245824163542,4.281654062754328,3.137873266413323,0.5833333134651184,0.942176878452301,0.9693877696990967,5.5149938970266765,0.005110412836074829,0.014880092814564705
200,1.0505229326341885,29.499221124396815,1,0.35985387322871853,4.281564337684343,3.1378533281541303,0.5833333134651184,0.942176878452301,0.9693877696990967,5.5149027166899875,0.005075033754110336,0.014830674044787884
201,1.05047187323074,29.55758933199319,1,0.35988333876739376,4.281481268053637,3.1378337667050897,0.5833333134651184,0.942176878452301,0.9693877696990967,5.514812932430017,0.005114822648465633,0.014987011440098286
202,1.0504212600298044,29.615784916218253,1,0.35991329264382854,4.281398719565134,3.1378146576960977,0.5833333134651184,0.942176878452301,0.9676870703697205,5.51472453480072,0.005081293173134327,0.014868651516735554
203,1.0503710870684773,29.673809090181866,1,0.3599438957059172,4.281316709508045,3.1377960391379323,0.5833333134651184,0.942176878452301,0.9676870703697205,5.514637517316308,0.005229221656918526,0.014998841099441051
204,1.050321348490848,29.73166310526734,1,0.3599751426512374,4.281235260320176,3.137777908151524,0.5833333134651184,0.942176878452301,0.9676870703697205,5.514551876437415,0.00513487309217453,0.014947761781513691
205,1.0502720385526996,29.789348247046906,1,0.36000687791040076,4.281154392163069,3.1377602248478387,0.5833333134651184,0.942176878452301,0.9676870703697205,5.514467610845529,0.005097542889416218,0.014889342710375786
206,1.0502231516201317,29.84686582636714,1,0.3600388356366312,4.281074120633025,3.1377429220957755,0.5833333134651184,0.942176878452301,0.9676870703697205,5.51438472019838,0.005091503262519836,0.014853391796350479
207,1.0501746821626143,29.904217167380313,1,0.36007069497744476,4.2809944551966295,3.137725919024314,0.5833333134651184,0.942176878452301,0.9676870703697205,5.514303203632163,0.005122833885252476,0.014912143349647522
208,1.050126624744403,29.96140359465108,1,0.36010213993155243,4.28091539858254,3.1377091356487505,0.5833333134651184,0.942176878452301,0.9676870703697205,5.514223058297071,0.005112922750413418,0.014878642745316029
209,1.0500789740186314,30.01842642143218,1,0.3601329131905787,4.280836947181892,3.1376925060337078,0.5850340127944946,0.942176878452301,0.9676870703697205,5.51414427818208,0.005115152336657047,0.014887552708387375
210,1.0500317247260422,30.075286940816238,1,0.36016285526374214,4.280759092331451,3.1376759878676324,0.5833333134651184,0.942176878452301,0.9676870703697205,5.514066853412759,0.005076123401522636,0.01484106294810772
211,1.0499848716971054,30.131986420827108,1,0.36019192342136347,4.280681822208082,3.1376595671131753,0.5833333134651184,0.942176878452301,0.9676870703697205,5.513990770108545,0.0050896527245640755,0.014937222003936768
212,1.049938409854411,30.18852610374643,1,0.36022018891146435,4.280605123973568,3.1376432573546698,0.5833333134651184,0.942176878452301,0.9676870703697205,5.5139160107821485,0.005075602792203426,0.014880092814564705
213,1.049892334212593,30.244907209218997,1,0.3602478147758803,4.280528985788317,3.1376270944102838,0.5833333134651184,0.942176878452301,0.9676870703697205,5.513842555172615,0.005046313628554344,0.01488429307937622
214,1.049846639875083,30.301130940073303,1,0.3602750197533049,4.280464398280706,3.137611127548723,0.5833333134651184,0.942176878452301,0.9676870703697205,5.5137703813387455,0.005018053576350212,0.01484899315983057
215,1.0498013220290918,30.357198489422704,1,0.360302035714271,4.280411431692358,3.1375954091281133,0.5833333134651184,0.942176878452301,0.9676870703697205,5.513699466810982,0.005003652535378933,0.014855551533401012
216,1.0497563759411102,30.413111047522673,1,0.3603290665807728,4.280360794220822,3.1375799845974326,0.5833333134651184,0.942176878452301,0.9676870703697205,5.51362978960852,0.005015143193304539,0.014850802719593048
217,1.0497117969544991,30.46886980704322,1,0.360356255765357,4.280322192114774,3.1375648845754913,0.5833333134651184,0.942176878452301,0.9676870703697205,5.513561328970066,0.005015173926949501,0.014856113120913506
218,1.049667580489154,30.524475965817153,1,0.3603836670921999,4.280283946292468,3.137550120215969,0.5833333134651184,0.942176878452301,0.9676870703697205,5.51349406571106,0.005004393868148327,0.014923163689672947
219,1.0496237220419626,30.579930726657416,1,0.3604112813884241,4.280246058353081,3.137535682390413,0.5833333134651184,0.942176878452301,0.9676870703697205,5.5134279821942185,0.005046424455940723,0.014851902611553669
220,1.049580217186515,30.635235294395482,1,0.36043900799903916,4.2802085279285995,3.1375215445063978,0.5833333134651184,0.942176878452301,0.9676870703697205,5.513363061969834,0.00498939398676157,0.014807534404098988
221,1.0495370615713338,30.690390870777637,1,0.3604667079120268,4.280171351870709,3.137507668153548,0.5833333134651184,0.942176878452301,0.9676870703697205,5.513299289195682,0.005008533596992493,0.014829922467470169
222,1.0494942509169989,30.745398648187766,1,0.3604942234051162,4.280134523923816,3.1374940103384357,0.5833333134651184,0.942176878452301,0.9676870703697205,5.5132366479752255,0.005009124055504799,0.014849063009023666
223,1.0494517810132398,30.80025980329826,1,0.3605214083946511,4.280098034922661,3.1374805308915503,0.5833333134651184,0.942176878452301,0.9676870703697205,5.513175121754302,0.0050058141350746155,0.01483269315212965
224,1.0494096477169195,30.85497549167743,1,0.3605481540276535,4.280061873456897,3.1374671987171716,0.581632673740387,0.942176878452301,0.9676870703697205,5.513114692892496,0.005026313476264477,0.014813043177127838
225,1.0493678469511454,30.90954684413311,1,0.360574405361141,4.280026026865431,3.137453995873958,0.581632673740387,0.942176878452301,0.9676870703697205,5.513055342482829,0.005143581889569759,0.01489684171974659
226,1.0493263747049817,30.96397496520627,1,0.3606001669117669,4.279990482372829,3.1374409189460346,0.581632673740387,0.942176878452301,0.9676870703697205,5.512997050441105,0.0051625315099954605,0.014871803112328053
227,1.049285227032962,31.018260933820358,1,0.36062549703730995,4.2799552281663855,3.1374279776947716,0.581632673740387,0.942176878452301,0.9676870703697205,5.512939795834968,0.005147302523255348,0.01488421205431223
228,1.0492444000538885,31.0724058057187,1,0.36065049312002306,4.279920254235443,3.1374151914705295,0.581632673740387,0.942176878452301,0.9676870703697205,5.512883557381181,0.00511609110981226,0.014838422648608685
229,1.0492038899489673,31.12641061704599,1,0.3606752710127102,4.279885552848124,3.1374025842264888,0.581632673740387,0.942176878452301,0.9676870703697205,5.512828314014827,0.005144181661307812,0.014874481596052647
230,1.0491636929597705,31.18027638829391,1,0.36069994295375013,4.279851118613055,3.1373901791578596,0.581632673740387,0.942176878452301,0.9676870703697205,5.512774045428868,0.005105112679302692,0.014829162508249283
231,1.0491238053865528,31.234004127845886,1,0.36072459808139895,4.279816948150914,3.137377993970926,0.581632673740387,0.942176878452301,0.9676870703697205,5.5127207324962,0.005153913050889969,0.014898923225700855
232,1.049084223587143,31.28759483450814,1,0.36074928885930163,4.279783039468363,3.1373660375869994,0.581632673740387,0.942176878452301,0.9676870703697205,5.512668357514794,0.005114883184432983,0.014861253090202808
233,1.0490449439762375,31.341049498663065,1,0.3607740253717224,4.279749391173569,3.137354308757139,0.581632673740387,0.942176878452301,0.9676870703697205,5.512616904253348,0.005160593427717686,0.014946581795811653
234,1.0490059630247077,31.39436910197405,1,0.36079877784738346,4.279716001690923,3.1373427966748175,0.581632673740387,0.942176878452301,0.9676870703697205,5.512566357812726,0.005025533027946949,0.014842883683741093
235,1.0489672772586207,31.4475546158509,1,0.36082348623651744,4.279682868621146,3.137331483301095,0.581632673740387,0.942176878452301,0.9676870703697205,5.5125167043498635,0.005151602439582348,0.015002391301095486
236,1.0489288832579453,31.500606999101468,1,0.36084807447231365,4.279649988355926,3.1373203468272366,0.5782312750816345,0.9404761791229248,0.9676870703697205,5.512467930731295,0.005119252018630505,0.014869622886180878
237,1.048890777655148,31.55352719531452,1,0.3608724663872336,4.279617356001506,3.1373093655393363,0.5782312750816345,0.9404761791229248,0.9676870703697205,5.5124200241892645,0.00513205211609602,0.014949201606214046
238,1.0488529571339515,31.606316130526995,1,0.3608966002057785,4.279584965604928,3.137298521337648,0.5782312750816345,0.9404761791229248,0.9676870703697205,5.512372972045523,0.005361981689929962,0.015105251222848892
239,1.0488154184283887,31.65897471163358,1,0.3609204390585199,4.279552810620955,3.137287802290277,0.5765306353569031,0.9404761791229248,0.9676870703697205,5.512326761548468,0.005148283205926418,0.014903463423252106
240,1.048778158322071,31.71150382582474,1,0.360943975915162,4.279520884517182,3.137277203832173,0.5765306353569031,0.9404761791229248,0.9676870703697205,5.512281379843201,0.005135983228683472,0.014861302450299263
241,1.0487411736474936,31.7639043411284,1,0.3609672325061729,4.279489181395907,3.1372667285047187,0.5765306353569031,0.9404761791229248,0.9676870703697205,5.5122368140666875,0.005162172019481659,0.014891721308231354
242,1.0487044612851943,31.816177107923835,1,0.36099025295782533,4.2794576965160855,3.1372563844116588,0.5765306353569031,0.9404761791229248,0.9676870703697205,5.512193051536724,0.005090693011879921,0.014837763272225857
243,1.0486680181627406,31.868322961130747,1,0.3610130937904321,4.27942642662459,3.137246182791498,0.5765306353569031,0.9404761791229248,0.9676870703697205,5.512150079988027,0.005138281732797623,0.014898791909217834
244,1.0486318412536406,31.92034272268051,1,0.36103581246985034,4.2793953700471,3.137236135237561,0.5765306353569031,0.9404761791229248,0.9676870703697205,5.512107887803439,0.005105892196297646,0.015568215399980545
245,1.0485959275763186,31.972237203861305,1,0.3610584567876767,4.279364526536454,3.1372262511175215,0.5765306353569031,0.9404761791229248,0.9676870703697205,5.512066464193465,0.00517596211284399,0.014923742040991783
246,1.0485602741932394,32.02400720719067,1,0.3610810569965091,4.279333896921008,3.1372165356595034,0.5765306353569031,0.9404761791229248,0.9676870703697205,5.512025799290774,0.005149971693754196,0.014891061931848526
247,1.0485248782101588,32.07565352758979,1,0.36110362194380213,4.279303482629454,3.137206989006282,0.5765306353569031,0.9404761791229248,0.9676870703697205,5.511985884145225,0.005452600307762623,0.015289668925106525
248,1.0484897367754131,32.12717695278592,1,0.3611261395868587,4.27927328518588,3.1371976063305036,0.5765306353569031,0.9404761791229248,0.9676870703697205,5.511946710624787,0.005169341340661049,0.015350737608969212
249,1.0484548470791606,32.17857826302103,1,0.3611485814094901,4.279243305767609,3.137188378895026,0.5765306353569031,0.9404761791229248,0.9676870703697205,5.511908271245055,0.005300060845911503,0.015192659571766853
250,1.0484202063525498,32.229858230268306,1,0.3611709095612784,4.2792135448998865,3.137179295773107,0.5765306353569031,0.9404761791229248,0.9676870703697205,5.511870558961446,0.0051631927490234375,0.01674326602369547
251,1.0483858118668699,32.2810176172315,1,0.3611930851229771,4.279184002330595,3.1371703458420743,0.5765306353569031,0.9404761791229248,0.9676870703697205,5.511833566962227,0.0056211985647678375,0.015451108105480671
252,1.04835166093274,32.33205717641691,1,0.3612150758230749,4.2791546770911735,3.1371615196450957,0.5765306353569031,0.9404761791229248,0.9676870703697205,5.511797288496837,0.005085333250463009,0.014890771359205246
253,1.0483177508993808,32.382977649525046,1,0.36123686177850906,4.279125567714555,3.1371528107756412,0.5765306353569031,0.9404761791229248,0.9676870703697205,5.511761716764118,0.005034502595663071,0.014878962188959122
254,1.0482840791539592,32.43377976732304,1,0.36125843833308835,4.279096672553455,3.1371442165603196,0.5765306353569031,0.9404761791229248,0.9676870703697205,5.511726844871376,0.005123062990605831,0.014990742318332195
255,1.048250643120948,32.484464250048944,1,0.36127981570387946,4.279067990127565,3.137135737969831,0.5765306353569031,0.9404761791229248,0.9676870703697205,5.511692665860618,0.005124072544276714,0.014896072447299957
256,1.048217440261463,32.535031808289034,1,0.36130101578517787,4.279039519427991,3.137127378842459,0.5748299360275269,0.9404761791229248,0.9676870703697205,5.511659172785755,0.005091683007776737,0.015296448953449726
257,1.048184468072566,32.58548314417956,1,0.3613220669782721,4.2790112601207335,3.1371191446299656,0.5748299360275269,0.9404761791229248,0.9676870703697205,5.511626358816372,0.005372370593249798,0.015143999829888344
258,1.0481517240865492,32.6358189527318,1,0.3613429982226468,4.278983212614546,3.1371110409500975,0.5748299360275269,0.9404761791229248,0.9676870703697205,5.5115942173408,0.005099003203213215,0.01486970204859972
259,1.0481192058702518,32.6860399230693,1,0.36136383345820566,4.278955377987131,3.137103072242982,0.5748299360275269,0.9404761791229248,0.9676870703697205,5.5115627420441955,0.00515501294285059,0.014939761720597744
260,1.0480869110244186,32.7361467393983,1,0.3613845875586962,4.278927757791232,3.1370952407828634,0.5748299360275269,0.9404761791229248,0.9676870703697205,5.511531926944541,0.005143791437149048,0.014867632649838924
261,1.0480548371830984,32.78614008159656,1,0.3614052644004702,4.278900353783929,3.137087546205792,0.5748299360275269,0.9404761791229248,0.9676870703697205,5.511501766379705,0.005200942046940327,0.015156889334321022
262,1.0480229820130635,32.83602062538583,1,0.3614258572565693,4.278873167634213,3.1370799855993097,0.5748299360275269,0.9404761791229248,0.9676870703697205,5.511472254949143,0.005129602737724781,0.014883521944284439
263,1.0479913432132237,32.88578904213424,1,0.36144635123456953,4.278846200664404,3.1370725540863056,0.5748299360275269,0.9404761791229248,0.9676870703697205,5.511443387422939,0.005134533159434795,0.015056701377034187
264,1.0479599185140334,32.935445998398315,1,0.3614667270998141,4.278819453670665,3.1370652457441897,0.5748299360275269,0.9404761791229248,0.9676870703697205,5.511415158636383,0.005108622834086418,0.014876322820782661
265,1.0479287056769047,32.98499215535214,1,0.36148696560986016,4.278792926849652,3.137058054648443,0.5748299360275269,0.9404761791229248,0.9676870703697205,5.511387563390064,0.005139302462339401,0.014917341992259026
266,1.0478977024936391,33.034428168255786,1,0.3615070514604485,4.2787666198361425,3.1370509758233847,0.5748299360275269,0.9404761791229248,0.9676870703697205,5.5113605963728665,0.005185081623494625,0.014918321743607521
267,1.047866906785891,33.08375468609013,1,0.361526976097538,4.278740531834992,3.137044005920206,0.5748299360275269,0.9404761791229248,0.9676870703697205,5.511334252119511,0.005327991209924221,0.015133040025830269
268,1.0478363164046511,33.13297235143719,1,0.361546738938693,4.278714661813961,3.137037143511943,0.5748299360275269,0.9387755393981934,0.9676870703697205,5.511308525006775,0.005129843018949032,0.014892312698066235
269,1.0478059292297441,33.18208180062625,1,0.361566346902116,4.278689008714922,3.1370303889806963,0.5748299360275269,0.9387755393981934,0.9676870703697205,5.511283409284727,0.005135873332619667,0.014916403219103813
270,1.0477757431693187,33.231083664108304,1,0.36158581248693283,4.278663571640756,3.1370237440556927,0.5748299360275269,0.9387755393981934,0.9676870703697205,5.511258899132983,0.0051003629341721535,0.014849723316729069
271,1.0477457561593386,33.279978566976745,1,0.3616051509160113,4.278638349983393,3.137017211125333,0.5748299360275269,0.9387755393981934,0.9676870703697205,5.511234988728128,0.00512448325753212,0.014980061911046505
272,1.0477159661630804,33.32876712952798,1,0.36162437699560884,4.278613343472708,3.13701079248086,0.5731292366981506,0.9387755393981934,0.9676870703697205,5.511211672307674,0.005167783237993717,0.01491848286241293
273,1.0476863711706366,33.377449967755076,1,0.3616435023461616,4.278588552143234,3.13700448964931,0.5731292366981506,0.9387755393981934,0.9676870703697205,5.511188944218261,0.005118872970342636,0.014895142987370491
274,1.0476569691984485,33.426027693688766,1,0.36166253352733335,4.278563976232104,3.1369983029418105,0.5731292366981506,0.9387755393981934,0.9676870703697205,5.511166798940173,0.005097062326967716,0.01486333180218935
275,1.0476277582888438,33.47450091553691,1,0.3616814713551958,4.278539616034334,3.136992231289021,0.5731292366981506,0.9387755393981934,0.9676870703697205,5.511145231085995,0.005137482658028603,0.014920311979949474
276,1.0475987365095887,33.522870237616765,1,0.36170031144323733,4.278515471748152,3.136986272371441,0.5731292366981506,0.9387755393981934,0.9676870703697205,5.511124235376843,0.005116112530231476,0.014887232333421707
277,1.0475699019534424,33.57113626011581,1,0.3617190457488577,4.278491543342681,3.136980422992073,0.5731292366981506,0.9387755393981934,0.9676870703697205,5.511103806603977,0.005116862244904041,0.014896802604198456
278,1.0475412527377166,33.61929957874687,1,0.3617376647223456,4.2784678304735735,3.136974679594484,0.5731292366981506,0.9387755393981934,0.9676870703697205,5.511083939586026,0.005115642212331295,0.014854533597826958
279,1.0475127870038445,33.667360784378275,1,0.3617561595680523,4.278444332460845,3.1369690388082785,0.5731292366981506,0.9387755393981934,0.9676870703697205,5.511064629132197,0.005136662162840366,0.014885751530528069
280,1.047484502916959,33.71532046271659,1,0.3617745241472462,4.2784210483298155,3.136963497908734,0.5731292366981506,0.9387755393981934,0.9676870703697205,5.511045870019714,0.005123772658407688,0.014875702559947968
281,1.047456398665485,33.76317919410156,1,0.36179275616606266,4.278397976903493,3.1369580551047513,0.5731292366981506,0.9387755393981934,0.9676870703697205,5.511027656990247,0.0051182834431529045,0.014936703257262707
282,1.0474284724607406,33.81093755344438,1,0.3618108574690049,4.27837511692543,3.136952709611823,0.5731292366981506,0.9387755393981934,0.9676870703697205,5.511009984765722,0.005186822265386581,0.015148060396313667
283,1.0474007225365447,33.858596110308255,1,0.3618288334571813,4.27835246718751,3.136947461514536,0.5731292366981506,0.9387755393981934,0.9676870703697205,5.510992848079949,0.0051877619698643684,0.015099361538887024
284,1.047373147148826,33.90615542910142,1,0.36184669182835877,4.278330026638176,3.1369423114658863,0.5748299360275269,0.9387755393981934,0.9676870703697205,5.510976241719559,0.005172932520508766,0.014910082332789898
285,1.047345744575237,33.95361606933289,1,0.3618644409581775,4.278307794452209,3.1369372603000816,0.5748299360275269,0.9387755393981934,0.9676870703697205,5.510960160566281,0.005189192481338978,0.015120500698685646
286,1.0473185131147753,34.00097858587312,1,0.36188208828798096,4.278285770052393,3.136932308646622,0.5748299360275269,0.9387755393981934,0.9676870703697205,5.510944599633034,0.005148403346538544,0.015020672231912613
287,1.0472914510874112,34.048243529166825,1,0.36189963905148503,4.278263953083623,3.1369274566254535,0.5748299360275269,0.9387755393981934,0.9676870703697205,5.510929554088134,0.005147882737219334,0.014937372878193855
288,1.0472645568337255,34.095411445360554,1,0.361917095573423,4.278242343349536,3.1369227036792293,0.5748299360275269,0.9387755393981934,0.9676870703697205,5.510915019264769,0.0051576923578977585,0.014996071346104145
289,1.047237828714554,34.14248287632933,1,0.3619344572343592,4.278220940728453,3.1369180485653336,0.5731292366981506,0.9370748400688171,0.9676870703697205,5.510900990656181,0.005137711763381958,0.014920121990144253
290,1.0472112651106371,34.18945835960993,1,0.3619517210492267,4.278199745088153,3.136913489495146,0.5731292366981506,0.9370748400688171,0.9676870703697205,5.510887463899765,0.005098553374409676,0.014863663353025913
291,1.0471848644222757,34.23633842826781,1,0.36196888268394695,4.278178756217749,3.136909024378426,0.5731292366981506,0.9370748400688171,0.9676870703697205,5.510874434755238,0.005113232880830765,0.01489931344985962
292,1.0471586250689908,34.28312361073711,1,0.36198593765845455,4.278157973789877,3.136904651112462,0.5731292366981506,0.9370748400688171,0.9676870703697205,5.510861899082747,0.005192292854189873,0.014925203286111355
293,1.0471325454891915,34.32981443067564,1,0.36200288246751516,4.278137397359199,3.136900367851557,0.5748299360275269,0.9370748400688171,0.9676870703697205,5.510849852826115,0.005118692293763161,0.014936503022909164
294,1.0471066241398481,34.37641140687098,1,0.36201971539149563,4.278117026395252,3.1368961732021856,0.5748299360275269,0.9370748400688171,0.9676870703697205,5.510838292004845,0.005132992751896381,0.01490460243076086
295,1.0470808594961731,34.42291505322036,1,0.36203643685433695,4.278096860340732,3.1368920663095494,0.5748299360275269,0.9370748400688171,0.9676870703697205,5.510827212716172,0.0051328521221876144,0.015077090822160244
296,1.0470552500513044,34.469325878790414,1,0.36205304929381066,4.278076898681673,3.1368880468271403,0.5748299360275269,0.9370748400688171,0.9676870703697205,5.510816611146182,0.005187862552702427,0.015117980539798737
297,1.047029794315995,34.51564438794611,1,0.3620695566150758,4.278057141014554,3.1368841147862683,0.5748299360275269,0.9370748400688171,0.9676870703697205,5.510806483587002,0.005217262543737888,0.015166150406002998
298,1.0470044908183065,34.56187108052536,1,0.3620859633804121,4.278045504909582,3.136880270402172,0.5748299360275269,0.9370748400688171,0.9676870703697205,5.51079682645599,0.005179832689464092,0.015090270899236202
299,1.0469793381033048,34.60800645202901,1,0.36210227393048056,4.278037667590973,3.136876513863503,0.5748299360275269,0.9370748400688171,0.9676870703697205,5.51078763631268,0.005197281949222088,0.015209578908979893
300,1.0469543347327626,34.654050993796005,1,0.36211849162986526,4.278032614277062,3.1368728451513457,0.5748299360275269,0.9370748400688171,0.9676870703697205,5.510778909869928,0.005158102139830589,0.01492272224277258
301,1.0469294792848642,34.70000519313992,1,0.3621346183863147,4.278027709355861,3.136869263923594,0.5748299360275269,0.9370748400688171,0.9676870703697205,5.510770643997231,0.005104412324726582,0.01494344137609005
302,1.0469047703539196,34.74586953343413,1,0.36215065452167045,4.278022953551992,3.1368657694833795,0.5748299360275269,0.9370748400688171,0.9676870703697205,5.510762835715916,0.0050849225372076035,0.014948511496186256
303,1.0468802065500777,34.79164449414512,1,0.3621665989905435,4.278018347628191,3.136862360830661,0.5748299360275269,0.9370748400688171,0.9676870703697205,5.510755482187571,0.005391620099544525,0.015183240175247192
304,1.0468557864990484,34.83733055082514,1,0.36218244986875897,4.278013892342023,3.1368590367783495,0.5748299360275269,0.9370748400688171,0.9676870703697205,5.5107485806984124,0.005105232819914818,0.014884332194924355
305,1.0468315088418212,34.882928175083194,1,0.36219820498263144,4.278009588417813,3.136855796102164,0.5748299360275269,0.9370748400688171,0.9676870703697205,5.510742128642838,0.005120421759784222,0.014916951768100262
306,1.0468073722343991,34.9284378345563,1,0.36221386253123766,4.278005436538033,3.136852637688871,0.5748299360275269,0.9370748400688171,0.9676870703697205,5.510736123509261,0.005124402232468128,0.014872392639517784
307,1.0467833753475257,34.97385999290123,1,0.3622294215683917,4.278001437354116,3.136849560651043,0.5748299360275269,0.9370748400688171,0.9676870703697205,5.510730562870612,0.005117382854223251,0.014907081611454487
308,1.0467595168664214,35.019195109820465,1,0.36224488225303497,4.277997591512508,3.1368465643865227,0.5748299360275269,0.9370748400688171,0.9676870703697205,5.5107254443805935,0.005115842446684837,0.014894972555339336
309,1.0467357954905223,35.064443641127454,1,0.36226024583485705,4.27799389968901,3.1368436485746147,0.5748299360275269,0.9370748400688171,0.9676870703697205,5.510720765775474,0.005106543190777302,0.014943402260541916
310,1.0467122099332238,35.10960603884729,1,0.36227551440222827,4.277990362623266,3.1368408131155068,0.5748299360275269,0.9370748400688171,0.9676870703697205,5.5107165248800465,0.005032734014093876,0.014869922772049904
311,1.0466887589216223,35.15468275134129,1,0.36229069046871376,4.277986981145895,3.1368380580310897,0.5748299360275269,0.9370748400688171,0.9676870703697205,5.510712719615566,0.005053313449025154,0.014920592308044434
312,1.0466654411962648,35.1996742234398,1,0.36230577650280127,4.277983756192936,3.1368353833521923,0.5748299360275269,0.9370748400688171,0.9676870703697205,5.510709348007314,0.005005013197660446,0.014843933284282684
313,1.0466422555108994,35.2445808965668,1,0.36232077450860783,4.277980688805324,3.136832789017949,0.5748299360275269,0.9370748400688171,0.9676870703697205,5.510706408189693,0.005020882934331894,0.014862132258713245
314,1.046619200632228,35.289403208843034,1,0.3623356857446767,4.2779777801145515,3.136830274808119,0.5748299360275269,0.9370748400688171,0.9676870703697205,5.5107038984075425,0.005099632777273655,0.01506063062697649
315,1.0465962753396632,35.33414159515986,1,0.3623505106300721,4.277975031318409,3.1368278403201098,0.5748299360275269,0.9370748400688171,0.9676870703697205,5.510701817013337,0.005058392882347107,0.014888311736285686
316,1.046573478425088,35.37879648722293,1,0.36236524884157323,4.2779724436525886,3.136825484991636,0.5748299360275269,0.9370748400688171,0.9676870703697205,5.510700162460889,0.005011184141039848,0.015039612539112568
317,1.0465508086926165,35.42336831357101,1,0.3623798995634636,4.277970018364308,3.1368232081598504,0.5748299360275269,0.9370748400688171,0.9676870703697205,5.510698933296946,0.00503708329051733,0.014913022518157959
318,1.0465282649583596,35.46785749957987,1,0.36239446182123436,4.277967756693278,3.136821009140562,0.5748299360275269,0.9370748400688171,0.9676870703697205,5.51069812815247,0.005044423043727875,0.014862513169646263
319,1.0465058460501913,35.51226446746324,1,0.3624089348180911,4.277965659863359,3.136818887308243,0.5748299360275269,0.9370748400688171,0.9676870703697205,5.510697745735388,0.005057573318481445,0.014888952486217022
320,1.0464835508075168,35.5565896362817,1,0.3624233181997024,4.277963729085799,3.1368168421590092,0.5748299360275269,0.9370748400688171,0.9676870703697205,5.510697784826136,0.005020753480494022,0.014847252517938614
321,1.0464613780810452,35.60083342196754,1,0.36243761219510795,4.277961965572422,3.13681487334419,0.5748299360275269,0.9370748400688171,0.9676870703697205,5.510698244276692,0.0050475141033530235,0.014874783344566822
322,1.0464393267325631,35.644996237368616,1,0.36245181761376244,4.2779603705552605,3.1368129806696943,0.5748299360275269,0.9370748400688171,0.9676870703697205,5.510699123013042,0.005003813654184341,0.015005790628492832
323,1.0464173956347091,35.68907849230954,1,0.3624659357124237,4.27795894530801,3.1368111640644245,0.5748299360275269,0.9370748400688171,0.9676870703697205,5.51070042004027,0.005041114054620266,0.014881403185427189
324,1.0463955836707513,35.733080593664376,1,0.36247996797333837,4.277957691164815,3.1368094235276085,0.5748299360275269,0.9370748400688171,0.9676870703697205,5.510702134449085,0.005017533898353577,0.014860172756016254
325,1.0463738897343657,35.777002945432656,1,0.36249391585127727,4.2779566095328,3.1368077590687466,0.5748299360275269,0.9370748400688171,0.9676870703697205,5.510704265422421,0.005029643885791302,0.014847302809357643
326,1.0463523127294176,35.82084594881017,1,0.3625077805488177,4.277955701896463,3.1368061706543022,0.5748299360275269,0.9370748400688171,0.9676870703697205,5.510706812240841,0.005003803409636021,0.014814002439379692
327,1.046330851569743,35.86461000224759,1,0.36252156286766735,4.277954969814025,3.1368046581725073,0.5748299360275269,0.9370748400688171,0.9676870703697205,5.510709774286021,0.005048423074185848,0.015131300315260887
328,1.0463095051789313,35.908295501493185,1,0.3625352631625141,4.277954414907487,3.136803221422598,0.5748299360275269,0.9370748400688171,0.9676870703697205,5.5107131510420375,0.005097952671349049,0.014996372163295746
329,1.0462882724901124,35.95190283961937,1,0.3625488813984874,4.2779540388495345,3.1368018601287275,0.5748299360275269,0.9370748400688171,0.9676870703697205,5.510716942094765,0.00502790417522192,0.014873012900352478
330,1.0462671524457416,35.99543240703633,1,0.3625624172898799,4.27795384335073,3.136800573973245,0.5748299360275269,0.9370748400688171,0.9676870703697205,5.510721147130197,0.005010663531720638,0.014842502772808075
331,1.0462461439973867,36.038884591498295,1,0.36257587048143197,4.27795383015024,3.1367993626401467,0.5748299360275269,0.9370748400688171,0.9676870703697205,5.510725765932606,0.005014102905988693,0.014854422770440578
332,1.0462252461055188,36.08225977810906,1,0.3625892407272896,4.277954001012297,3.136798225858023,0.5748299360275269,0.9370748400688171,0.9676870703697205,5.51073079838359,0.005094203166663647,0.014898293651640415
333,1.0462044577393002,36.125558349332636,1,0.3626025280272659,4.277954357729161,3.1367971634329006,0.5748299360275269,0.9370748400688171,0.9676870703697205,5.51073624446267,0.005056292749941349,0.014867952093482018
334,1.0461837778763763,36.1687806850131,1,0.3626157326933072,4.277954902129994,3.136796175264551,0.5748299360275269,0.9370748400688171,0.9676870703697205,5.510742104249867,0.005177811719477177,0.015145620331168175
335,1.0461632055026668,36.211927162405104,1,0.36262885533734013,4.2779556360937585,3.136795261344152,0.5748299360275269,0.9370748400688171,0.9676870703697205,5.51074837793012,0.005169352516531944,0.014944152906537056
336,1.0461427396121605,36.2549981562139,1,0.36264189679036063,4.277956561563593,3.13679442173564,0.5748299360275269,0.9370748400688171,0.9676870703697205,5.510755065799096,0.005093522369861603,0.014864873141050339
337,1.046122379206705,36.29799403864148,1,0.3626548579774364,4.277957680560049,3.136793656546615,0.5748299360275269,0.9370748400688171,0.9676870703697205,5.510762168269717,0.005108633078634739,0.014903002418577671
338,1.0461021232958034,36.340915179434376,1,0.362667739781173,4.2779589951909935,3.1367929658965106,0.5748299360275269,0.9370748400688171,0.9676870703697205,5.510769685878555,0.005100453272461891,0.01483882311731577
339,1.0460819708964082,36.38376194592872,1,0.36268054292593443,4.277960507656961,3.1367923498896864,0.5748299360275269,0.9370748400688171,0.9676870703697205,5.510777619291462,0.005108253099024296,0.01488187350332737
340,1.0460619210327156,36.426534703088905,1,0.3626932679074739,4.277962220251832,3.136791808599305,0.5748299360275269,0.9370748400688171,0.9676870703697205,5.510785969308027,0.005084913223981857,0.014839992858469486
341,1.0460419727359629,36.46923381353846,1,0.36270591497999216,4.27796413535972,3.136791342064819,0.5748299360275269,0.9370748400688171,0.9676870703697205,5.510794736864699,0.005131402984261513,0.014904062263667583
342,1.0460221250442225,36.51185963758316,1,0.3627184841983505,4.277966255449792,3.1367909503025544,0.5748299360275269,0.9370748400688171,0.9676870703697205,5.51080392303689,0.005112443119287491,0.014870033599436283
343,1.0460023770022,36.55441253322861,1,0.36273097550064337,4.277969576525312,3.1367906333258566,0.5748299360275269,0.9370748400688171,0.9676870703697205,5.510813529040416,0.005116302520036697,0.014877713285386562
344,1.0459827276610305,36.596892856195424,1,0.3627433888083288,4.277973962058036,3.1367903911694155,0.5748299360275269,0.9370748400688171,0.9676870703697205,5.51082355623296,0.005086393095552921,0.014856872148811817
345,1.0459631760780752,36.63930095993543,1,0.36275572411908963,4.277978566289103,3.1367902239118735,0.5731292366981506,0.9370748400688171,0.9676870703697205,5.510834006116005,0.005102142691612244,0.014875872991979122
346,1.0459437213167204,36.681637195651994,1,0.36276798157149864,4.277983391987569,3.1367901316917735,0.5731292366981506,0.9370748400688171,0.9676870703697205,5.510844880337728,0.005082553252577782,0.014842953532934189
347,1.0459243624461734,36.72390191232601,1,0.36278016146898606,4.277988442008488,3.136790114713872,0.5731292366981506,0.9370748400688171,0.9676870703697205,5.510856180696939,0.005097312852740288,0.014896253123879433
348,1.0459050985412617,36.766095456748154,1,0.3627922642612027,4.277993719301873,3.136790173245382,0.5731292366981506,0.9370748400688171,0.9676870703697205,5.510867909148062,0.00509281363338232,0.014844332821667194
349,1.04588592868223,36.80821817355598,1,0.36280429049097807,4.277999226922807,3.1367903076040746,0.5731292366981506,0.9370748400688171,0.9676870703697205,5.51088006780681,0.005108322948217392,0.014871623367071152
350,1.0458668519545404,36.85027040527401,1,0.3628162407223857,4.278004968041126,3.1367905181419315,0.5731292366981506,0.9370748400688171,0.9676870703697205,5.510892658956196,0.005080992355942726,0.014839792624115944
351,1.0458478674486682,36.89225249235414,1,0.3628281154684641,4.278010945949283,3.136790805228711,0.5731292366981506,0.9370748400688171,0.9676870703697205,5.510905685052403,0.005146712996065617,0.014976811595261097
352,1.0458289742599025,36.93416477321393,1,0.36283991513556724,4.278017164067601,3.1367911692394683,0.5731292366981506,0.9370748400688171,0.9676870703697205,5.510919148730206,0.00509360246360302,0.014878072775900364
353,1.0458101714881445,36.97600758427134,1,0.3628516399958979,4.278023625946708,3.1367916105487494,0.5731292366981506,0.9370748400688171,0.9676870703697205,5.510933052807742,0.00512718316167593,0.014903931878507137
354,1.045791458237707,37.017781259975145,1,0.36286329019211316,4.278030335267704,3.136792129532377,0.5731292366981506,0.9370748400688171,0.9676870703697205,5.510947400290642,0.005098353140056133,0.014872582629323006
355,1.045772833617113,37.05948613283166,1,0.362874865769983,4.278037295840982,3.1367927265758846,0.5731292366981506,0.9370748400688171,0.9676870703697205,5.510962194375695,0.005179711617529392,0.014934691600501537
356,1.0457542967388964,37.101122533429,1,0.36288636672882096,4.27804451160498,3.136793402087167,0.5731292366981506,0.9370748400688171,0.9676870703697205,5.510977438454367,0.0050589339807629585,0.014823893085122108
357,1.0457358467194022,37.14269079046087,1,0.3628977930761193,4.278051986625951,3.13679415651014,0.5731292366981506,0.9370748400688171,0.9676870703697205,5.510993136116473,0.0051192231476306915,0.015198510140180588
358,1.0457174826785876,37.18419123075142,1,0.36290914487304304,4.278059725099655,3.136794990336265,0.5731292366981506,0.9370748400688171,0.9676870703697205,5.511009291154372,0.005119812674820423,0.014882502146065235
359,1.0456992037398218,37.22562417928279,1,0.3629204222607996,4.278067731355263,3.136795904111587,0.5731292366981506,0.9370748400688171,0.9676870703697205,5.511025907567844,0.0051234327256679535,0.015065290965139866
360,1.045681009029692,37.266989959225604,1,0.36293162546334645,4.278076009861378,3.1367968984381984,0.5731292366981506,0.9370748400688171,0.9676870703697205,5.511042989569677,0.005118042230606079,0.01503715105354786
361,1.0456628976778024,37.30828889197256,1,0.3629427547679425,4.278084565233543,3.136797973970521,0.5731292366981506,0.9370748400688171,0.9676870703697205,5.5110605415919816,0.005131091922521591,0.014932132326066494
362,1.045644868816582,37.34952129717394,1,0.3629538104902032,4.278093402242399,3.1367991314079524,0.5731292366981506,0.9370748400688171,0.9676870703697205,5.5110785682929535,0.005113232880830765,0.014869192615151405
363,1.045626921581088,37.39068749277383,1,0.3629647929334258,4.278102525821548,3.1368003714861876,0.5731292366981506,0.9370748400688171,0.9676870703697205,5.511097074563845,0.0051741525530815125,0.01511304173618555
364,1.0456090551088146,37.431787795045636,1,0.3629757023524528,4.278113236510706,3.1368016949696615,0.5731292366981506,0.9370748400688171,0.9676870703697205,5.511116065536015,0.005096232518553734,0.014869552105665207
365,1.0455912685395004,37.472822518625826,1,0.3629865389303283,4.278124678079761,3.136803102647023,0.5731292366981506,0.9370748400688171,0.9676870703697205,5.511135546587744,0.005117092281579971,0.014921541325747967
366,1.045573561014941,37.513791976545185,1,0.362997302772189,4.278136435214679,3.136804595330713,0.5731292366981506,0.9370748400688171,0.9676870703697205,5.511155523350864,0.005105122923851013,0.01496250182390213
367,1.045555931678802,37.55469648025766,1,0.3630079939162848,4.2781485141356095,3.1368061738606055,0.5731292366981506,0.9370748400688171,0.9676870703697205,5.51117600171719,0.005107833072543144,0.014879891648888588
368,1.0455383796764333,37.59553633966739,1,0.3630186123578985,4.278160921262641,3.1368078391107237,0.5731292366981506,0.9370748400688171,0.9676870703697205,5.511196987844892,0.005105592310428619,0.014875131659209728
369,1.0455209041546918,37.63631186315468,1,0.36302915807920055,4.278173663218737,3.136809591997381,0.5731292366981506,0.9370748400688171,0.9676870703697205,5.511218488165005,0.00510405283421278,0.014926252886652946
370,1.0455035042617609,37.67702335760215,1,0.36303963107726,4.2781867468334855,3.136811433486916,0.5731292366981506,0.9370748400688171,0.9676870703697205,5.5112405093882515,0.005018144845962524,0.014851443469524384
371,1.045486179146979,37.71767112842183,1,0.3630500313835782,4.278200179148045,3.136813364601463,0.5731292366981506,0.9370748400688171,0.9676870703697205,5.511263058512308,0.005033292807638645,0.014890781603753567
372,1.0454689279606706,37.75825547958371,1,0.3630603590711658,4.27821396742145,3.136815386421827,0.5731292366981506,0.9370748400688171,0.9676870703697205,5.511286142829646,0.005051524378359318,0.014826464466750622
373,1.045451749853983,37.798776713645935,1,0.3630706142485704,4.278228119138067,3.136817500087308,0.5714285969734192,0.9370748400688171,0.9676870703697205,5.511309769935842,0.005041902884840965,0.014873603358864784
374,1.045434643978727,37.839235131786246,1,0.3630807970434949,4.2782426420158775,3.1368197067931236,0.5714285969734192,0.9370748400688171,0.9676870703697205,5.511333947738376,0.005003682337701321,0.014848141930997372
375,1.0454176094872274,37.87963103383398,1,0.36309090758095214,4.278257544014982,3.1368220077865545,0.5714285969734192,0.9370748400688171,0.9676870703697205,5.511358684465673,0.005073202773928642,0.014891812577843666
376,1.0454006455321763,37.91996471830205,1,0.3631009459617932,4.278272833345894,3.1368244043632405,0.5714285969734192,0.9370748400688171,0.9676870703697205,5.511383988676336,0.005000133998692036,0.01482161320745945
377,1.0453837512664985,37.96023648241796,1,0.3631109122468329,4.278288518477165,3.1368268978647813,0.5714285969734192,0.9370748400688171,0.9676870703697205,5.511409869268333,0.005067332647740841,0.014920742250978947
378,1.0453669258432239,38.000446622153795,1,0.3631208064499567,4.278304608142193,3.1368294896784974,0.5714285969734192,0.9370748400688171,0.9676870703697205,5.51143633548815,0.0050806328654289246,0.014837543480098248
379,1.0453501684153677,38.04059543225468,1,0.3631306285410822,4.278321111345217,3.1368321812395137,0.5714285969734192,0.9370748400688171,0.9676870703697205,5.511463396939819,0.005104072391986847,0.015071590431034565
380,1.0453334781358246,38.080683206266286,1,0.3631403784573495,4.278338037366728,3.1368349740347874,0.5714285969734192,0.9370748400688171,0.9676870703697205,5.51149106359387,0.005103602074086666,0.01496134139597416
381,1.0453168541572735,38.12071023656164,1,0.36315005611903334,4.278355395768631,3.1368378696082586,0.5714285969734192,0.9370748400688171,0.9676870703697205,5.511519345796298,0.005079213529825211,0.014851872809231281
382,1.045300295632094,38.160676814367896,1,0.363159661445822,4.278373196399527,3.136840869566082,0.5714285969734192,0.9370748400688171,0.9676870703697205,5.511548254277607,0.005014084279537201,0.014823483303189278
383,1.0452838017122994,38.20058322979363,1,0.36316919436941364,4.278391449400415,3.1368439755810016,0.5714285969734192,0.9370748400688171,0.9676870703697205,5.511577800162013,0.005052393302321434,0.014908562414348125
384,1.0452673715494836,38.240429771856924,1,0.3631786548396605,4.278410165210959,3.1368471893952017,0.5714285969734192,0.9370748400688171,0.9676870703697205,5.511607994976849,0.005098872818052769,0.014867852441966534
385,1.0452510042947856,38.28021672851452,1,0.36318804282334616,4.2784293545763115,3.1368505128214217,0.5714285969734192,0.9370748400688171,0.9676870703697205,5.51163885066214,0.005030443891882896,0.014836042188107967
386,1.0452346990988737,38.31994438669171,1,0.3631973582966011,4.278449028554345,3.136853947742569,0.5714285969734192,0.9370748400688171,0.9676870703697205,5.511670379580304,0.005039273761212826,0.014791853725910187
387,1.045218455111947,38.35961303231293,1,0.36320660123346143,4.27846919852295,3.136857496110399,0.5714285969734192,0.9370748400688171,0.9676870703697205,5.511702594525844,0.005112542770802975,0.014926042407751083
388,1.0452022714837637,38.39922295033225,1,0.3632157715938187,4.2784898761871375,3.136861159944038,0.5714285969734192,0.9370748400688171,0.9676870703697205,5.511735508734957,0.005094484426081181,0.014904873445630074
389,1.045186147363688,38.43877442476382,1,0.3632248693138779,4.278511073585572,3.1368649413290566,0.5714285969734192,0.9370748400688171,0.9676870703697205,5.511769135894874,0.005017013289034367,0.014847413636744022
390,1.0451700819007683,38.47826773871158,1,0.36323389430134045,4.278532803096371,3.1368688424175986,0.5714285969734192,0.9370748400688171,0.9676870703697205,5.511803490152875,0.004994183778762817,0.014827653765678406
391,1.0451540742438372,38.51770317439836,1,0.36324284643615384,4.278555077442044,3.136872865429772,0.5714285969734192,0.9370748400688171,0.9676870703697205,5.511838586124886,0.005044733174145222,0.014830472879111767
392,1.0451381235416493,38.557081013194406,1,0.3632517255762084,4.278577909693581,3.136877012656126,0.5714285969734192,0.9370748400688171,0.9676870703697205,5.511874438903617,0.005021474324166775,0.01797326374799013
393,1.0451222289430446,38.59640153564546,1,0.36326053156618193,4.278601313273816,3.136881286460781,0.5714285969734192,0.9370748400688171,0.9659863710403442,5.511911064066188,0.005427630618214607,0.015076061710715294
394,1.0451063895971509,38.63566502150089,1,0.3632692642471144,4.2786253019602105,3.1368856892846497,0.5714285969734192,0.9370748400688171,0.9659863710403442,5.5119484776813135,0.0050048138946294785,0.014796553179621696
395,1.0450906046536237,38.67487174974188,1,0.3632779234643398,4.278649889887184,3.1368902236481633,0.5714285969734192,0.9370748400688171,0.9659863710403442,5.511986696315918,0.005119012668728828,0.014875822700560093
396,1.0450748732629243,38.71402199861016,1,0.3632865090720442,4.278675091548081,3.136894892153091,0.5714285969734192,0.9387755393981934,0.9659863710403442,5.512025737041252,0.005145743489265442,0.01486500259488821
397,1.0450591945766436,38.7531160456371,1,0.36329502093374144,4.278700921796739,3.136899697483274,0.5714285969734192,0.9387755393981934,0.9659863710403442,5.5120656174383384,0.005101223476231098,0.014849472790956497
398,1.0450435677478702,38.79215416767331,1,0.3633034589190719,4.278727395848561,3.1369046424043603,0.5714285969734192,0.9387755393981934,0.9659863710403442,5.5121063556027154,0.005089382641017437,0.01482856273651123
399,1.0450279919316088,38.83113664091837,1,0.36331182289824204,4.278754529280862,3.1369097297628152,0.5714285969734192,0.9387755393981934,0.9659863710403442,5.512147970148286,0.0052140820771455765,0.01494442205876112
400,1.0450124662852491,38.87006374095052,1,0.36332011273591963,4.27878233803229,3.1369149624846377,0.5714285969734192,0.9387755393981934,0.9659863710403442,5.512190480210175,0.005076372995972633,0.014814252965152264
401,1.0449969899690927,38.90893574275601,1,0.36332832828639333,4.278810838400988,3.1369203435741633,0.5714285969734192,0.9387755393981934,0.9659863710403442,5.512233905446335,0.005074882879853249,0.014878601767122746
402,1.044981562146936,38.94775292075796,1,0.36333646939133846,4.278840047041335,3.1369258761132555,0.5714285969734192,0.9387755393981934,0.9659863710403442,5.512278266037822,0.0051092728972435,0.014834062196314335
403,1.0449661819867182,38.986515548844594,1,0.363344535880762,4.278869980959033,3.136931563261,0.5714285969734192,0.9387755393981934,0.9659863710403442,5.51232358268754,0.005112922750413418,0.014859472401440144
404,1.0449508486612293,39.02522390039681,1,0.36335252757685715,4.278900657504465,3.136937408253805,0.5714285969734192,0.9387755393981934,0.9659863710403442,5.512369876617304,0.005040323361754417,0.014821813441812992
405,1.0449355613488949,39.06387824831525,1,0.36336044429979575,4.278932094364223,3.136943414405653,0.5714285969734192,0.9387755393981934,0.9659863710403442,5.512417169563107,0.005298490636050701,0.014929521828889847
406,1.0449203192346248,39.102478865046926,1,0.363368285874099,4.278964309550831,3.1369495851081726,0.5714285969734192,0.9387755393981934,0.9659863710403442,5.512465483768447,0.0055849673226475716,0.01530021894723177
407,1.044905121510742,39.14102602261155,1,0.36337605213422386,4.278997321390575,3.1369559238301683,0.5714285969734192,0.9387755393981934,0.9659863710403442,5.512514841975555,0.00508643314242363,0.015009661205112934
408,1.0448899673779897,39.17951999262769,1,0.36338374292834963,4.279035366728213,3.136962434116356,0.5714285969734192,0.9387755393981934,0.9659863710403442,5.512565267414389,0.005019453354179859,0.014836163260042667
409,1.0448748560466186,39.21796104633869,1,0.3633913581199286,4.279080756831989,3.1369691195851606,0.5714285969734192,0.9387755393981934,0.9659863710403442,5.5126167837891895,0.005035692825913429,0.01484491303563118
410,1.0448597867375593,39.256349454638276,1,0.3633988975872068,4.279126936931564,3.1369759839256033,0.5714285969734192,0.9387755393981934,0.9659863710403442,5.512669415262401,0.005086243152618408,0.014894332736730576
411,1.0448447586836829,39.29468548809578,1,0.3634063612214507,4.279173926495073,3.136983030893414,0.5714285969734192,0.9387755393981934,0.9659863710403442,5.512723186435714,0.0050550540909171104,0.0148523123934865
412,1.0448297711311532,39.33296941698068,1,0.3634137489249138,4.279221745213596,3.136990264306574,0.5714285969734192,0.9387755393981934,0.9659863710403442,5.512778122328003,0.005098192952573299,0.014829632826149464
413,1.0448148233408663,39.371201511286365,1,0.3634210606095703,4.279270412975845,3.1369976880404913,0.5714285969734192,0.9387755393981934,0.9659863710403442,5.512834248349862,0.005091332830488682,0.014848632737994194
414,1.0447999145899889,39.40938204075294,1,0.3634282961973856,4.2793199498397625,3.1370053060229592,0.5714285969734192,0.9387755393981934,0.9659863710403442,5.512891590274512,0.005090662278234959,0.01483212225139141
415,1.0447850441735902,39.44751127488894,1,0.363435455622442,4.279370376000894,3.137013122228924,0.5714285969734192,0.9387755393981934,0.9659863710403442,5.512950174204791,0.0051068831235170364,0.014830432832241058
416,1.0447702114063708,39.485589482992,1,0.3634425388347559,4.279421711757283,3.1370211406749897,0.5714285969734192,0.9387755393981934,0.9659863710403442,5.513010026536011,0.005287610925734043,0.014790203422307968
417,1.0447554156244876,39.52361693416844,1,0.363449545805217,4.279473977470737,3.1370293654134946,0.5714285969734192,0.9387755393981934,0.9659863710403442,5.513071173914403,0.00512098241597414,0.014821923337876797
418,1.0447406561874755,39.56159389735176,1,0.36345647653086455,4.27952719352435,3.1370378005259214,0.5714285969734192,0.9387755393981934,0.9659863710403442,5.513133643190919,0.005113992840051651,0.014799143187701702
419,1.0447259324802634,39.59952064132021,1,0.3634633310397174,4.279581380276135,3.137046450115443,0.5714285969734192,0.9387755393981934,0.9659863710403442,5.513197461370176,0.005166192539036274,0.014859733171761036
420,1.0447112439152864,39.63739743471333,1,0.36347010939458546,4.2796365580086455,3.137055318298418,0.5714285969734192,0.9387755393981934,0.9659863710403442,5.51326265555426,0.005120922811329365,0.014798793010413647
421,1.0446965899346834,39.67522454604745,1,0.36347681169562523,4.27969274687449,3.1370644091947564,0.5714285969734192,0.9387755393981934,0.9659863710403442,5.5133292528812,0.005128323100507259,0.014818442985415459
422,1.0446819700125864,39.713002243730166,1,0.36348343808177236,4.2797499668375885,3.137073726917143,0.5714285969734192,0.9387755393981934,0.9659863710403442,5.513397280457815,0.005349060520529747,0.015022370964288712
423,1.044667383657488,39.75073079607355,1,0.3634899887314801,4.279808237610025,3.1370832755592004,0.5714285969734192,0.9387755393981934,0.9659863710403442,5.513466765286711,0.0051103923469781876,0.014789493754506111
424,1.0446528304146825,39.788410471306044,1,0.36349646386334644,4.279867578584394,3.1370930591826864,0.5714285969734192,0.9387755393981934,0.9659863710403442,5.513537734187232,0.00507777277380228,0.014766854234039783
425,1.0446383098687804,39.82604153758294,1,0.3635028637371992,4.279930213340118,3.137103081803834,0.5714285969734192,0.9387755393981934,0.9659863710403442,5.513610213710068,0.00510738231241703,0.014825502410531044
426,1.0446238216462747,39.86362426299529,1,0.36350918865603127,4.279997981078493,3.1371133473789117,0.5714285969734192,0.9387755393981934,0.9659863710403442,5.5136842300453965,0.005066542886197567,0.014735774137079716
427,1.0446093654181583,39.901158915577206,1,0.3635154389689229,4.280069179273494,3.137123859789003,0.5714285969734192,0.9387755393981934,0.9659863710403442,5.51375980892436,0.005165372043848038,0.014982640743255615
428,1.0445949409025777,39.938645763311605,1,0.3635216150747978,4.280141623210607,3.137134622823966,0.5714285969734192,0.9387755393981934,0.9659863710403442,5.513836975513756,0.005084352567791939,0.014751004055142403
429,1.0445805478675068,39.97608507413431,1,0.36352771742664086,4.280215330687955,3.1371456401654836,0.5714285969734192,0.9387755393981934,0.9659863710403442,5.513915754303858,0.005116662941873074,0.01482362300157547
430,1.0445661861334277,40.01347711593659,1,0.36353374653569326,4.280290318585391,3.1371569153690757,0.5714285969734192,0.9387755393981934,0.9659863710403442,5.513996168989342,0.005076833069324493,0.014886272139847279
431,1.0445518555760014,40.05082215656619,1,0.3635397029751626,4.2803666027539276,3.137168451844991,0.569727897644043,0.9387755393981934,0.9659863710403442,5.514078242343273,0.005120391957461834,0.014844002202153206
432,1.044537556128709,40.0881204638269,1,0.36354558738311715,4.280444197900333,3.1371802528379145,0.569727897644043,0.9387755393981934,0.9659863710403442,5.514161996084289,0.005091443657875061,0.014748994261026382
433,1.0445232877854373,40.12537230547648,1,0.363551400464439,4.2805231174670615,3.137192321405473,0.569727897644043,0.9387755393981934,0.9659863710403442,5.514247450736999,0.0051273927092552185,0.014851802960038185
434,1.0445090506029997,40.162577949223326,1,0.3635571429919158,4.280603373507853,3.1372046603956187,0.569727897644043,0.9387755393981934,0.9659863710403442,5.514334625485846,0.0050834426656365395,0.01474759355187416
435,1.0444948447035511,40.19973766272136,1,0.3635628158067149,4.280684976559284,3.1372172724229754,0.569727897644043,0.9387755393981934,0.9659863710403442,5.514423538022586,0.0051253726705908775,0.014815484173595905
436,1.0444806702768803,40.23685171356347,1,0.3635684198185474,4.28076793550867,3.137230159844279,0.569727897644043,0.9387755393981934,0.9659863710403442,5.514514204387755,0.005086163058876991,0.01486805360764265
437,1.0444665275825553,40.27392036927345,1,0.36357395600580655,4.280852257458758,3.1372433247330496,0.569727897644043,0.9387755393981934,0.9659863710403442,5.514606638806431,0.005135023035109043,0.014848863705992699
438,1.0444524169518812,40.31094389729623,1,0.3635794254158471,4.28094577207637,3.13725676885362,0.569727897644043,0.9387755393981934,0.9659863710403442,5.514700853518817,0.0050911130383610725,0.01477508433163166
439,1.0444383387896496,40.34792256498668,1,0.3635848291654144,4.281042495751316,3.137270493634617,0.569727897644043,0.9387755393981934,0.9659863710403442,5.514796858606162,0.005148543044924736,0.014842122793197632
440,1.0444242935756436,40.384856639596926,1,0.363590168441075,4.281140606986181,3.137284500141959,0.569727897644043,0.9387755393981934,0.9659863710403442,5.51489466181268,0.005078142508864403,0.014753192663192749
441,1.044410281865869,40.42174638826225,1,0.3635954444993855,4.2812401052810225,3.137298789051453,0.569727897644043,0.9387755393981934,0.9659863710403442,5.514994268364236,0.005136152729392052,0.014822603203356266
442,1.0443963042934716,40.45859207798566,1,0.3636006586664929,4.2813409876145245,3.1373133606210395,0.569727897644043,0.9387755393981934,0.9659863710403442,5.5150956807846185,0.005078062415122986,0.014756644144654274
443,1.0443823615693173,40.49539397562128,1,0.36360581233689593,4.28144324829863,3.1373282146627934,0.569727897644043,0.9387755393981934,0.9659863710403442,5.515198898710389,0.005111043341457844,0.014835413545370102
444,1.044368454482195,40.53215234785655,1,0.36361090697119175,4.281546878834992,3.1373433505147874,0.569727897644043,0.9387755393981934,0.9659863710403442,5.515303918705337,0.005105552263557911,0.014880871400237083
445,1.044354583898607,40.568867461193236,1,0.36361594409275944,4.2816518677743565,3.137358767013012,0.569727897644043,0.9387755393981934,0.9659863710403442,5.515410734075707,0.0051748622208833694,0.014861293137073517
446,1.0443407507621258,40.60553958192746,1,0.3636209252834565,4.281758200579993,3.137374462463548,0.569727897644043,0.9387755393981934,0.9659863710403442,5.515519334687455,0.0050553735345602036,0.014813193120062351
447,1.044326956092274,40.642168976128566,1,0.36362585217848786,4.281865859496379,3.137390434615241,0.569727897644043,0.9387755393981934,0.9659863710403442,5.5156297067868625,0.00510491244494915,0.014799852855503559
448,1.0443132009829095,40.67875590961687,1,0.36363072646064054,4.2819748234243615,3.137406680633153,0.569727897644043,0.9387755393981934,0.9659863710403442,5.515741832825979,0.005101672373712063,0.014796333387494087
449,1.0442994866000828,40.71530064794033,1,0.36363554985404994,4.282085067804082,3.137423197073042,0.569727897644043,0.9387755393981934,0.9659863710403442,5.51585569129436,0.005089392885565758,0.014797134324908257
450,1.044285814179347,40.75180345635003,1,0.36364032411759634,4.282196564507029,3.1374399798571537,0.569727897644043,0.9387755393981934,0.9659863710403442,5.5159712565588,0.005071382969617844,0.014822633005678654
451,1.0442721850225003,40.78826459977444,1,0.36364505103794426,4.2823092817385096,3.1374570242515594,0.569727897644043,0.9387755393981934,0.9659863710403442,5.516088498712656,0.005125412717461586,0.014795453287661076
452,1.0442586004937477,40.82468434279244,1,0.36364973242216164,4.282423183951995,3.137474324845297,0.569727897644043,0.9387755393981934,0.9659863710403442,5.516207383436555,0.005078913643956184,0.014762263745069504
453,1.044245062015265,40.861062949604865,1,0.36365437008981316,4.2825382317766385,3.1374918755315373,0.569727897644043,0.9387755393981934,0.9659863710403442,5.516327871872261,0.005133102647960186,0.014821632765233517
454,1.0442315710621703,40.897400684004644,1,0.36365896586442387,4.2826543819594445,3.137509669491022,0.569727897644043,0.9387755393981934,0.9659863710403442,5.516449920511539,0.005099623464047909,0.014787443913519382
455,1.044218129156896,40.933697809345134,1,0.3636635215642541,4.282771587323395,3.1375276991780185,0.569727897644043,0.9387755393981934,0.9659863710403442,5.516573481101877,0.005117332562804222,0.014826803468167782
456,1.0442047378629682,40.96995458850647,1,0.3636680389924038,4.282889862911426,3.1375459563090615,0.569727897644043,0.9387755393981934,0.9659863710403442,5.516698500570886,0.0051147425547242165,0.01479700393974781
457,1.0441913987782185,41.00617128385973,1,0.3636725199263504,4.283016798931017,3.1375644318547447,0.569727897644043,0.9387755393981934,0.9659863710403442,5.5168249209712465,0.005141871981322765,0.014838103204965591
458,1.044178113527432,41.042348157228304,1,0.36367696610709693,4.283144696534927,3.1375831160348704,0.569727897644043,0.9387755393981934,0.9659863710403442,5.516952679447965,0.005091402679681778,0.014771192334592342
459,1.0441648837544795,41.078485469846264,1,0.36368137922815685,4.283273487281598,3.1376019983172228,0.569727897644043,0.9387755393981934,0.9659863710403442,5.517081708229728,0.005109752528369427,0.01482718251645565
460,1.0441517111139558,41.11458348231298,1,0.36368576092461136,4.28340309857376,3.1376210674202483,0.569727897644043,0.9387755393981934,0.9659863710403442,5.517211934645921,0.005099132657051086,0.014788182452321053
461,1.0441385972623811,41.150642454543615,1,0.36369011276245516,4.283533453746192,3.137640311319891,0.569727897644043,0.9387755393981934,0.9659863710403442,5.517343281170956,0.005113543011248112,0.014816422946751118
462,1.0441255438490094,41.18666264571468,1,0.36369443622840286,4.283664472178963,3.1376597172608074,0.569727897644043,0.9387755393981934,0.9659863710403442,5.517475665497267,0.005096852779388428,0.01485254243016243
463,1.0441125525063129,41.22264431420408,1,0.3636987327202797,4.283796069436839,3.1376792717721345,0.569727897644043,0.9387755393981934,0.9659863710403442,5.517609000638267,0.005102032795548439,0.014806264080107212
464,1.0440996248402097,41.258587717524804,1,0.3637030035380837,4.283928157435232,3.1376989606879615,0.569727897644043,0.9370748400688171,0.9659863710403442,5.517743195062347,0.0050722332671284676,0.014735553413629532
465,1.044086762420109,41.29449311225139,1,0.36370724987578507,4.2840606446330165,3.1377187691726305,0.569727897644043,0.9370748400688171,0.9659863710403442,5.517878152858808,0.005097302608191967,0.01478477381169796
466,1.044073966768861,41.33036075393846,1,0.36371147281393756,4.284193436252189,3.1377386817509207,0.569727897644043,0.9370748400688171,0.9659863710403442,5.518013773936385,0.005078603513538837,0.014754004776477814
467,1.044061239352706,41.36619089703012,1,0.3637156733132002,4.284326434524218,3.137758682343187,0.569727897644043,0.9370748400688171,0.9659863710403442,5.5181499542547305,0.005079353228211403,0.014780214056372643
468,1.0440485815713076,41.401983794759516,1,0.36371985220890457,4.2844595389626035,3.137778754305455,0.569727897644043,0.9370748400688171,0.9659863710403442,5.51828658608903,0.0051819318905472755,0.014807183295488358
469,1.0440359947479831,41.43773969903725,1,0.3637240102068334,4.284592646661015,3.137798880474466,0.569727897644043,0.9370748400688171,0.9659863710403442,5.518423558327521,0.00510835275053978,0.014797394163906574
470,1.0440234801202295,41.473458860327895,1,0.3637281478803943,4.2847256526159905,3.1378190432175956,0.569727897644043,0.9370748400688171,0.9659863710403442,5.518560756801436,0.0051117828115820885,0.014766053296625614
471,1.0440110388306492,41.50914152751329,1,0.3637322656693649,4.284858450073005,3.137839224487561,0.569727897644043,0.9370748400688171,0.9659863710403442,5.518698064646512,0.005136052146553993,0.014836282469332218
472,1.0439986719183885,41.544787947741916,1,0.36373636388035857,4.284992850836459,3.137859405881727,0.5680271983146667,0.9370748400688171,0.9659863710403442,5.518835362694866,0.005101502873003483,0.014794153161346912
473,1.0439863803111864,41.58039836626301,1,0.3637404426891099,4.285127409451964,3.137879568705818,0.5680271983146667,0.9370748400688171,0.9659863710403442,5.5189725298957155,0.005099873058497906,0.014901043847203255
474,1.0439741648181473,41.6159730262449,1,0.36374450214462123,4.285261423903409,3.1378996940417245,0.5680271983146667,0.9370748400688171,0.9659863710403442,5.519109443762937,0.005108542740345001,0.014767454005777836
475,1.043962026123322,41.65151216857644,1,0.36374854217515323,4.285394785383412,3.1379197628190716,0.5680271983146667,0.9370748400688171,0.9659863710403442,5.519245980847207,0.005124972201883793,0.014954782091081142
476,1.043949964780202,41.68701603165105,1,0.3637525625959934,4.285527385445,3.1379397558901365,0.5680271983146667,0.9370748400688171,0.9659863710403442,5.519382017230039,0.005088492296636105,0.01476078387349844
477,1.043937981207201,41.72248485113268,1,0.3637565631188994,4.285659116438066,3.137959654107646,0.5680271983146667,0.9370748400688171,0.9659863710403442,5.519517429036649,0.00505200307816267,0.014823553152382374
478,1.0439260756842013,41.75791885970349,1,0.36376054336309266,4.285789871952142,3.137979438404947,0.5680271983146667,0.9370748400688171,0.9659863710403442,5.51965209296427,0.00501636415719986,0.014746054075658321
479,1.0439142483502237,41.79331828679282,1,0.36376450286766715,4.285919547262353,3.1379990898779946,0.5680271983146667,0.9370748400688171,0.9659863710403442,5.519785886822209,0.005103982985019684,0.014894923195242882
480,1.0439024992022685,41.828683358287684,1,0.3637684411052683,4.286048039775339,3.1380185898685444,0.5680271983146667,0.9370748400688171,0.9659863710403442,5.519918690079598,0.005042613483965397,0.014770664274692535
481,1.0438908280953612,41.86401429622504,1,0.3637723574968885,4.286175249471738,3.1380379200479354,0.5680271983146667,0.9370748400688171,0.9659863710403442,5.520050384416566,0.005101672373712063,0.014802572317421436
482,1.0438792347438142,41.89931131846629,1,0.3637762514276043,4.286301079341805,3.1380570625007835,0.5680271983146667,0.9370748400688171,0.9659863710403442,5.520180854274321,0.00506933405995369,0.01486098300665617
483,1.0438677187237122,41.93457463835497,1,0.3637801222630578,4.286425435810652,3.1380759998078998,0.5680271983146667,0.9370748400688171,0.9659863710403442,5.52030998739948,0.005070504732429981,0.014794554561376572
484,1.0438562794765915,41.969804464358766,1,0.3637839693664451,4.286548229149594,3.1380947151277128,0.5680271983146667,0.9370748400688171,0.9659863710403442,5.520437675377789,0.005059963092207909,0.0147754130885005
485,1.0438449163142807,42.00500099969734,1,0.36378779211574197,4.286669373870111,3.1381131922754752,0.569727897644043,0.9370748400688171,0.9659863710403442,5.520563814152414,0.005102703347802162,0.014975402504205704
486,1.0438336284248526,42.04016444195783,1,0.36379158992086524,4.286788789097053,3.138131415799514,0.569727897644043,0.9370748400688171,0.9659863710403442,5.5206883045219595,0.005080052651464939,0.014761554077267647
487,1.0438224148796065,42.07529498270021,1,0.3637953622404454,4.286906398917749,3.1381493710537907,0.569727897644043,0.9370748400688171,0.9659863710403442,5.520811052613351,0.005100042559206486,0.014791092835366726
488,1.0438112746409998,42.110392807055014,1,0.3637991085978839,4.287022132703944,3.138167044266083,0.569727897644043,0.9370748400688171,0.9659863710403442,5.520931970325018,0.005096022970974445,0.014988292008638382
489,1.04380020657142,42.145458093316265,1,0.36380282859637353,4.287135925403622,3.1381844226010776,0.569727897644043,0.9370748400688171,0.9659863710403442,5.521050975735902,0.0051215337589383125,0.015072410926222801
490,1.0437892094426884,42.180491012532855,1,0.36380652193258933,4.287247717800068,3.1382014942177805,0.569727897644043,0.9370748400688171,0.9659863710403442,5.521167993476157,0.005149633623659611,0.01483040302991867
491,1.043778281946162,42.21549172810171,1,0.36381018840878915,4.2873574567358,3.1382182483206282,0.569727897644043,0.9370748400688171,0.9659863710403442,5.521282955055764,0.0051329536363482475,0.014817693270742893
492,1.043767422703302,42.25046039536665,1,0.3638138279431025,4.287465095299314,3.1382346752038113,0.569727897644043,0.9370748400688171,0.9659863710403442,5.52139579914764,0.005083383060991764,0.014754382893443108
493,1.0437566302765686,42.28539716122666,1,0.36381744057782894,4.287570592973006,3.138250766288359,0.569727897644043,0.9370748400688171,0.9659863710403442,5.521506471822406,0.00510773342102766,0.014791123569011688
494,1.0437459031804965,42.32030216375795,1,0.3638210264856033,4.287673915740939,3.138266514151621,0.569727897644043,0.9370748400688171,0.9659863710403442,5.521614926732394,0.0051963916048407555,0.014845483005046844
495,1.0437352398928081,42.3551755318539,1,0.3638245859733261,4.287775036155625,3.1382819125488735,0.569727897644043,0.9370748400688171,0.9659863710403442,5.52172112524313,0.005125593394041061,0.014858933165669441
496,1.0437246388654238,42.39001738488737,1,0.3638281194837854,4.2878739333633735,3.1382969564268524,0.569727897644043,0.9370748400688171,0.9659863710403442,5.521825036511101,0.005098132416605949,0.01478602271527052
497,1.0437140985352356,42.42482783239967,1,0.36383162759494075,4.2879745739195965,3.138311641929124,0.569727897644043,0.9370748400688171,0.9659863710403442,5.521926637507223,0.005095263011753559,0.014796403236687183
498,1.0437036173345111,42.45960697382064,1,0.3638351110168717,4.288079480815087,3.138325966393274,0.569727897644043,0.9370748400688171,0.9659863710403442,5.5220259129861535,0.005089973099529743,0.01476135291159153
499,1.0436931937008211,42.49435489822396,1,0.36383857058643915,4.2881817308561745,3.1383399283400237,0.569727897644043,0.9370748400688171,0.9659863710403442,5.522122855402139,0.005079642869532108,0.014754503965377808
