iteration,loss,lengthscale,outputscale,likelyhood_noise,test_MAE,test_NLL,test_PICP50,test_PICP90,test_PICP95,test_RMSE,it_time_training,it_time
0,1.1353907381128145,1.1588107347488403,0.1257430464029312,0.5363503098487854,0.35378530621528625,0.6342292428016663,0.5318126678466797,0.8899492025375366,0.9382142424583435,0.4552558362483978,29.392336130607873,29.487029314041138
1,1.1001111300999686,1.0047571659088135,0.05531034246087074,0.5289238691329956,0.3495701551437378,0.6210529804229736,0.5298121571540833,0.8860171437263489,0.9451355338096619,0.4503953158855438,27.05603198381141,27.435249945148826
2,1.0971225996145466,1.0122692584991455,0.03923249617218971,0.5230799913406372,0.3419760763645172,0.610637903213501,0.5469198822975159,0.8919036984443665,0.9473199844360352,0.44537004828453064,27.3042980870232,27.455459506250918
3,1.0911850489225963,1.0231486558914185,0.03568441793322563,0.5216243267059326,0.3575875163078308,0.6539319753646851,0.5416082143783569,0.872358500957489,0.9256133437156677,0.4649832844734192,27.02577063906938,27.098000900819898
4,1.0956027967817832,0.9716247916221619,0.02858639694750309,0.5209929943084717,0.34064164757728577,0.6108139157295227,0.5647864937782288,0.8843385577201843,0.9432500004768372,0.4455680251121521,27.264391743112355,27.335227286908776
5,1.0973383332258904,0.8941264748573303,0.02428017556667328,0.5201255083084106,0.35045671463012695,0.6352901458740234,0.5493572950363159,0.8689783811569214,0.9334314465522766,0.45652252435684204,27.173865803983063,27.24624323612079
6,1.0901446878510033,0.865608274936676,0.029377149417996407,0.5286077857017517,0.3519167900085449,0.6398277878761292,0.5411483645439148,0.888523519039154,0.9364897012710571,0.45884183049201965,27.47429314814508,27.546926776878536
7,1.0874866567202062,0.7387105822563171,0.024249093607068062,0.5363560318946838,0.33749958872795105,0.6115521788597107,0.569868266582489,0.8867299556732178,0.9388810992240906,0.4457765817642212,27.2223001960665,27.293868604116142
8,1.0846830734470547,0.7220839262008667,0.02571849338710308,0.4855988919734955,0.33781981468200684,0.608515739440918,0.5528524518013,0.8749338984489441,0.9314769506454468,0.44451823830604553,27.4821497220546,27.553222474176437
9,1.086522687601563,0.782309889793396,0.017764322459697723,0.5505164861679077,0.346665620803833,0.61296147108078,0.5584860444068909,0.8933293223381042,0.952309787273407,0.4457048177719116,27.21185264410451,27.28361470112577
10,1.0840949484165883,0.7192660570144653,0.021376099437475204,0.5053749084472656,0.3479606509208679,0.617654025554657,0.5325714349746704,0.8814412951469421,0.9418473839759827,0.4487512409687042,27.48999869497493,27.562933961860836
11,1.085911047938686,0.7389459609985352,0.017743410542607307,0.49006763100624084,0.3387826085090637,0.622672438621521,0.5589229464530945,0.8704270124435425,0.9244406819343567,0.45087966322898865,27.221982329152524,27.29311656113714
12,1.0897017453340876,0.7543656229972839,0.01694421097636223,0.5369213819503784,0.3424800932407379,0.6182136535644531,0.5759847164154053,0.8937892317771912,0.9436638951301575,0.4486471116542816,27.42872283095494,27.501028082799166
13,1.0870402447329273,0.7707170844078064,0.01698865182697773,0.5104316473007202,0.34644463658332825,0.6176678538322449,0.5469658970832825,0.8806824684143066,0.9364666938781738,0.4487599730491638,27.417618154082447,27.489547259174287
14,1.089972006394559,0.701974630355835,0.014843298122286797,0.5329246520996094,0.3425569534301758,0.6201441287994385,0.573018491268158,0.8904090523719788,0.9394789338111877,0.44970831274986267,27.186334108002484,27.332196582108736
15,1.0875602612559427,0.7326177358627319,0.016171475872397423,0.500810980796814,0.3389658033847809,0.6179485321044922,0.5602796077728271,0.8742900490760803,0.9304651618003845,0.4490166902542114,27.446550102438778,27.518039501272142
16,1.0858487646851764,0.796824038028717,0.015209751203656197,0.5008057355880737,0.33774247765541077,0.6102944016456604,0.5710409283638,0.8773483037948608,0.9361907839775085,0.44550082087516785,27.17743219388649,27.249429758172482
17,1.0881322678303558,0.778290331363678,0.015946784988045692,0.4658071994781494,0.3421495854854584,0.6151297092437744,0.5256961584091187,0.865736186504364,0.9286026358604431,0.44670549035072327,27.429184447042644,27.50059605622664
18,1.0875356169354995,0.7708525657653809,0.015068266540765762,0.5266313552856445,0.3406524360179901,0.6118119955062866,0.5666030645370483,0.883004903793335,0.9414564371109009,0.4459038972854614,27.21959085902199,27.29216330870986
19,1.086970518899444,0.7833734750747681,0.014081097207963467,0.5317535400390625,0.3386214077472687,0.616741955280304,0.5722136497497559,0.8917657136917114,0.9397318959236145,0.4482142925262451,27.349250867031515,27.421515868976712
20,1.0960400748572894,0.777679979801178,0.012472481466829777,0.5154118537902832,0.34791144728660583,0.6270536184310913,0.5466669797897339,0.8759456276893616,0.9349950551986694,0.45301541686058044,26.997251028195024,27.068868315778673
21,1.0917016515795817,0.7224253416061401,0.014661239460110664,0.4918290674686432,0.33972418308258057,0.616981029510498,0.5598196983337402,0.8787279725074768,0.925774335861206,0.4483763873577118,27.194891843013465,27.26574941817671
22,1.091059143511241,0.6930564641952515,0.013890339061617851,0.5490238070487976,0.34620463848114014,0.617133378982544,0.5511738657951355,0.9001586437225342,0.9539653658866882,0.44783198833465576,27.005921989679337,27.076828554738313
23,1.0906216318175297,0.7889001369476318,0.01310016494244337,0.5078325271606445,0.3423517048358917,0.6249818801879883,0.5556577444076538,0.8800616264343262,0.9313849210739136,0.452195942401886,27.21843852708116,27.289679809007794
24,1.0888235973031728,0.7476757764816284,0.013924130238592625,0.5303900241851807,0.3474681079387665,0.6228377223014832,0.5520706176757812,0.8895812630653381,0.9409965872764587,0.4510630667209625,26.973672987893224,27.044393884949386
25,1.0906247692620195,0.6828687191009521,0.012365208007395267,0.5140933990478516,0.35044971108436584,0.6188002228736877,0.540895402431488,0.8846145272254944,0.9411575198173523,0.4493940770626068,27.23265088489279,27.304743888787925
26,1.092276609583989,0.6756278276443481,0.012626910582184792,0.4903969466686249,0.34845343232154846,0.6210613250732422,0.5387109518051147,0.8787279725074768,0.9328336119651794,0.4502794146537781,27.237197353038937,27.307905139401555
27,1.0900832082601202,0.6905380487442017,0.011293689720332623,0.510850191116333,0.3410153090953827,0.613212525844574,0.5625560283660889,0.8796477317810059,0.9346501231193542,0.4467012584209442,26.98157200636342,27.052282822318375
28,1.089496438535268,0.7512551546096802,0.012468386441469193,0.48553407192230225,0.33704864978790283,0.6186555027961731,0.5576122403144836,0.8704959750175476,0.9253374338150024,0.44903093576431274,27.274164830800146,27.3449989259243
29,1.0895611571785588,0.7036148309707642,0.01119433157145977,0.5188918709754944,0.3426501750946045,0.6132413744926453,0.5601416230201721,0.8828439116477966,0.9364666938781738,0.4467141926288605,26.99901595385745,27.06986255897209
30,1.0900858616668907,0.6968092918395996,0.011932360008358955,0.4881039559841156,0.3460049331188202,0.6165019869804382,0.5339741110801697,0.8704729676246643,0.9309940338134766,0.4480634033679962,27.246369348373264,27.317186083178967
31,1.0900296800888625,0.7016128897666931,0.01271072868257761,0.5236055850982666,0.35132625699043274,0.6218202114105225,0.5427349209785461,0.8848904371261597,0.938973069190979,0.4506370723247528,26.982095640152693,27.37946703704074
32,1.0903587909352859,0.7299779057502747,0.010966514237225056,0.5210913419723511,0.3464783728122711,0.6231300830841064,0.5546690225601196,0.8867989778518677,0.9367426037788391,0.4510919153690338,27.202908180188388,27.470440497156233
33,1.0897716055780449,0.6672935485839844,0.012090281583368778,0.49052950739860535,0.34277084469795227,0.6178226470947266,0.5491963624954224,0.8704959750175476,0.9314769506454468,0.4486697316169739,26.992778061889112,27.06373457610607
34,1.0911429156393013,0.7541831135749817,0.012227123603224754,0.5177985429763794,0.34529417753219604,0.6169990301132202,0.5379751324653625,0.8845224976539612,0.9403297305107117,0.44822996854782104,27.24107097601518,27.31261326512322
35,1.091995522479883,0.8051368594169617,0.011448719538748264,0.49767497181892395,0.34335044026374817,0.6171489953994751,0.54825359582901,0.8740370869636536,0.9328336119651794,0.4483594000339508,26.980585635174066,27.05172539781779
36,1.0891548287148443,0.7559986114501953,0.011668571271002293,0.5100932717323303,0.3433961868286133,0.614312469959259,0.5507139563560486,0.881096363067627,0.9409046173095703,0.4473024308681488,27.20687788305804,27.474213602021337
37,1.0910658064304581,0.7293141484260559,0.010892658494412899,0.48315778374671936,0.3423956632614136,0.6187316179275513,0.5548069477081299,0.8701050877571106,0.9240497350692749,0.44886019825935364,27.162122207228094,27.23349392740056
38,1.0908885518176443,0.6931559443473816,0.010887033306062222,0.5169845819473267,0.34014275670051575,0.6160489916801453,0.5706730484962463,0.8815102577209473,0.9409046173095703,0.447927862405777,27.24172896100208,27.31261135591194
39,1.0909644973358052,0.6920495629310608,0.01133346650749445,0.48145565390586853,0.3460957705974579,0.6179367899894714,0.5279495716094971,0.8767274618148804,0.9345811605453491,0.44852736592292786,26.982485045678914,27.053572778590024
40,1.091995496877888,0.7569846510887146,0.010830889455974102,0.5110059380531311,0.3431888818740845,0.6128405332565308,0.5463910698890686,0.8880636692047119,0.9405826926231384,0.44661399722099304,27.218160428106785,27.289106502197683
41,1.0895239846818399,0.7315158247947693,0.011714805848896503,0.553490936756134,0.351494163274765,0.6262964606285095,0.5339051485061646,0.9029639959335327,0.953229546546936,0.4522361755371094,27.225852746982127,27.298111089039594
42,1.091258059412041,0.7247577905654907,0.011870388872921467,0.49761196970939636,0.34310734272003174,0.6176262497901917,0.5538411736488342,0.8732092976570129,0.932741641998291,0.4486337900161743,26.977699741255492,27.050775876268744
43,1.0920427393593244,0.6932545900344849,0.011622709222137928,0.5506991147994995,0.34605473279953003,0.6157251596450806,0.550162136554718,0.8951689004898071,0.953620433807373,0.4470120668411255,27.39964060112834,27.505149165168405
44,1.0911556946351224,0.6900309920310974,0.011164089664816856,0.5097876787185669,0.3536151349544525,0.6321244835853577,0.5287314057350159,0.8838326930999756,0.9373864531517029,0.45516282320022583,26.979876570869237,27.051884265150875
45,1.0933003085571646,0.7122083902359009,0.010180595330893993,0.5194007754325867,0.3412127196788788,0.6145933270454407,0.5630849003791809,0.8774862885475159,0.9387891292572021,0.44725561141967773,27.198345862329006,27.26916076708585
46,1.093507656315029,0.7792544364929199,0.011514532379806042,0.5026199817657471,0.3531323969364166,0.6269603371620178,0.5227758884429932,0.8818781971931458,0.940352737903595,0.4529624581336975,26.956456266809255,27.02736814180389
47,1.0911599585673952,0.71938157081604,0.01010212767869234,0.5326845645904541,0.3485441207885742,0.6265265941619873,0.5576812624931335,0.8839936256408691,0.9433190226554871,0.45273104310035706,27.17998824082315,27.25068991770968
48,1.0918010893284074,0.7150120735168457,0.011039691045880318,0.48685821890830994,0.3389480710029602,0.6229259967803955,0.5637057423591614,0.8747499585151672,0.9309710264205933,0.45085105299949646,26.9639546982944,27.035289228893816
49,1.092494096531964,0.7357785105705261,0.010007007978856564,0.49633917212486267,0.3468431532382965,0.6232808828353882,0.530570924282074,0.8803605437278748,0.9361907839775085,0.45122551918029785,27.214078306220472,27.285801363177598
50,1.0960558828891525,0.687789797782898,0.010768912732601166,0.5203750133514404,0.34341293573379517,0.6194143295288086,0.5528064370155334,0.8759226202964783,0.9364897012710571,0.4495542347431183,26.96215431485325,27.032871110830456
51,1.0923901140289818,0.7514290809631348,0.012429880909621716,0.46812674403190613,0.3457271456718445,0.622012734413147,0.5301570296287537,0.862057089805603,0.9242337346076965,0.4501346945762634,27.1806733449921,27.251708487980068
52,1.092608459443854,0.7240706086158752,0.010373424738645554,0.4782499074935913,0.34962692856788635,0.6196238398551941,0.5266848802566528,0.8751868009567261,0.9336844086647034,0.4492638409137726,26.957368159200996,27.02831960329786
53,1.0905641809405897,0.8491706848144531,0.012120499275624752,0.5104331970214844,0.3387853503227234,0.6163573861122131,0.5631309151649475,0.8819471597671509,0.9356619119644165,0.44811001420021057,27.21041171113029,27.39408781286329
54,1.0924434225831257,0.791801929473877,0.0116987070068717,0.5163481831550598,0.3468611538410187,0.6223167777061462,0.5425509810447693,0.8796707391738892,0.9388810992240906,0.4505649209022522,27.218814801890403,27.290269571822137
55,1.0925501284983334,0.814090371131897,0.011631070636212826,0.5064308643341064,0.34213387966156006,0.6222435235977173,0.5690864324569702,0.8813952803611755,0.9312469959259033,0.4506184160709381,26.960155671928078,27.031289894133806
56,1.091650165567462,0.7739716172218323,0.011509647592902184,0.5021002888679504,0.3472428023815155,0.620906412601471,0.5350548624992371,0.8771413564682007,0.9354549646377563,0.4499896764755249,27.153721843846142,27.224622439127415
57,1.0950877522462166,0.7665543556213379,0.009778754785656929,0.5252034664154053,0.3412077724933624,0.6211152672767639,0.5729954838752747,0.8848214745521545,0.9329025745391846,0.4499906599521637,26.946684848051518,27.017874869983643
58,1.093261320718983,0.7852256298065186,0.01116972416639328,0.507636308670044,0.3413417637348175,0.6134549379348755,0.5443905591964722,0.8799006938934326,0.9353629946708679,0.446642130613327,27.333693305030465,27.404777275398374
59,1.0920618656497674,0.7615563869476318,0.011185242794454098,0.5053250789642334,0.3380994498729706,0.6213269233703613,0.5722596645355225,0.8784520030021667,0.9296373724937439,0.45029741525650024,27.13633912941441,27.20706903329119
60,1.0934562627101105,0.7753962874412537,0.009919995442032814,0.5114942193031311,0.34030598402023315,0.6162734031677246,0.5566924810409546,0.8838787078857422,0.9330405592918396,0.44790127873420715,27.349267201963812,27.421174664981663
61,1.0914685382138962,0.7691817283630371,0.010567056015133858,0.5455381870269775,0.34359583258628845,0.6154718399047852,0.5681666731834412,0.8913518190383911,0.949619472026825,0.4469467103481293,27.107614265289158,27.178483366966248
62,1.0900742743639338,0.7937708497047424,0.011043994687497616,0.524141788482666,0.3390968441963196,0.6171905398368835,0.5641886591911316,0.8796247243881226,0.9346731305122375,0.4481501877307892,27.374447057954967,27.445302481297404
63,1.0911192197927693,0.7829745411872864,0.010688808746635914,0.5466811656951904,0.33916911482810974,0.6139028072357178,0.5759847164154053,0.893973171710968,0.949159562587738,0.4460833668708801,27.11632572300732,27.18722091568634
64,1.092382887465842,0.7266819477081299,0.01018686592578888,0.5160332918167114,0.3491852879524231,0.6289750337600708,0.5540711283683777,0.8759686350822449,0.932212769985199,0.45356738567352295,27.371791444253176,27.52708479342982
65,1.0931933422216633,0.7084159255027771,0.01086083147674799,0.45880433917045593,0.34980881214141846,0.6254497170448303,0.5113016963005066,0.8573662042617798,0.9255213737487793,0.45078104734420776,27.073554759845138,27.14419738482684
66,1.0943214525312386,0.7963010668754578,0.01046255137771368,0.5034782290458679,0.3471279740333557,0.6321781873703003,0.559934675693512,0.8732323050498962,0.929844319820404,0.45517343282699585,27.31695602182299,27.4001149199903
67,1.0925028576146836,0.7492841482162476,0.010258156806230545,0.525634765625,0.34212377667427063,0.6144779324531555,0.5601416230201721,0.8827059864997864,0.9443537592887878,0.447091281414032,27.3649319303222,27.43605092028156
68,1.0928722692015986,0.7276779413223267,0.011449621059000492,0.5241453647613525,0.3426867425441742,0.6180864572525024,0.569339394569397,0.8848444223403931,0.93805330991745,0.44867292046546936,26.991229535080492,27.062185905873775
69,1.0925319354806171,0.7679647207260132,0.011326809413731098,0.5404101610183716,0.3425969183444977,0.6171755790710449,0.5636827945709229,0.8921336531639099,0.9452735185623169,0.4479648172855377,27.312835559714586,27.384215557947755
70,1.0922517488466814,0.7292732000350952,0.01169591210782528,0.5510420799255371,0.3448999524116516,0.6236050724983215,0.5622111558914185,0.8987330198287964,0.9492745399475098,0.45070067048072815,27.127889645285904,27.1988933570683
71,1.0925724106347001,0.7541292905807495,0.010642237961292267,0.5271408557891846,0.3549616038799286,0.6280242800712585,0.5232817530632019,0.8874198198318481,0.9495274424552917,0.45338526368141174,27.301783957052976,27.372512000147253
72,1.0930133769976214,0.7654995918273926,0.011256838217377663,0.5091506838798523,0.34819307923316956,0.6222230792045593,0.5270758271217346,0.8842005729675293,0.9388810992240906,0.4508479833602905,26.9930811971426,27.063856981229037
73,1.09383940256682,0.7080358266830444,0.010498211719095707,0.48265448212623596,0.3424621522426605,0.6208686828613281,0.545356273651123,0.8740600943565369,0.9235438704490662,0.44982224702835083,27.119805180933326,27.190701823681593
74,1.092882049563747,0.7442852854728699,0.009640098549425602,0.5008920431137085,0.34371060132980347,0.6204755306243896,0.5548759698867798,0.8677366971969604,0.9319137930870056,0.4499048590660095,26.799797360785306,26.87040303600952
75,1.0924607003295181,0.7328784465789795,0.01033063791692257,0.49064257740974426,0.34640970826148987,0.6136233806610107,0.5303639769554138,0.875508725643158,0.9314309358596802,0.44677969813346863,26.887548277154565,26.964867840055376
76,1.0926268728787467,0.7337245345115662,0.010435281321406364,0.5745612382888794,0.3457716107368469,0.6178419589996338,0.5677757859230042,0.9031249284744263,0.953689455986023,0.4469418525695801,27.746025510132313,27.81684446334839
77,1.090818744377802,0.7668004035949707,0.011179590597748756,0.5307106971740723,0.34320807456970215,0.6208755970001221,0.5623031258583069,0.8903400897979736,0.9397318959236145,0.44999855756759644,26.916333789937198,26.987222651951015
78,1.0904571313986042,0.7551144361495972,0.01044008880853653,0.4931151270866394,0.34062087535858154,0.6217150092124939,0.5575662851333618,0.8708868622779846,0.9255213737487793,0.4502926468849182,26.876772485673428,26.94760036887601
79,1.0938460606856635,0.6881090402603149,0.009475094266235828,0.529870867729187,0.3399306535720825,0.6193191409111023,0.5708799958229065,0.8827289938926697,0.9387431144714355,0.4493471682071686,26.93068773765117,27.002567080780864
80,1.0940978451063168,0.7546694874763489,0.009821975603699684,0.5398553013801575,0.3431478440761566,0.6212175488471985,0.5680286884307861,0.8845455050468445,0.9482167959213257,0.4500279724597931,27.1659131241031,27.353398413863033
81,1.092234117872763,0.659260094165802,0.010734384879469872,0.5150545239448547,0.34965279698371887,0.6259415149688721,0.538595974445343,0.8844995498657227,0.9388810992240906,0.45254090428352356,26.84739503869787,26.918386510573328
82,1.0933066078480458,0.7272698283195496,0.010528286918997765,0.4984946548938751,0.34641191363334656,0.6196912527084351,0.5354457497596741,0.8737611770629883,0.9334084391593933,0.44965803623199463,27.325740079861134,27.396199805662036
83,1.0933566849503742,0.7308911681175232,0.010095184668898582,0.5353571772575378,0.3398708999156952,0.6168323159217834,0.5751109719276428,0.8804755210876465,0.9432040452957153,0.4480232298374176,27.34347474714741,27.414953033905476
84,1.0939076438846205,0.7065406441688538,0.009935912676155567,0.5079022645950317,0.34531959891319275,0.6176748871803284,0.5499091744422913,0.8819931745529175,0.9417783617973328,0.4487329125404358,27.45990563603118,27.531355402898043
85,1.0924131758261046,0.7162704467773438,0.009676163084805012,0.5215686559677124,0.3464643955230713,0.6161144971847534,0.542527973651886,0.8917657136917114,0.9458023905754089,0.4480269253253937,27.348018603865057,27.418950895778835
86,1.0932766571140928,0.7487155199050903,0.010081056505441666,0.5469439625740051,0.3451826572418213,0.617132842540741,0.5527374744415283,0.8911678791046143,0.9512060284614563,0.4478699564933777,27.48070776183158,27.555239581037313
87,1.0930387541751734,0.6882913708686829,0.009531369432806969,0.5163819789886475,0.3433239758014679,0.6253259181976318,0.5718457698822021,0.8746809363365173,0.9275218844413757,0.45209383964538574,27.321255763992667,27.392214654944837
88,1.0917092517718372,0.7309022545814514,0.008520985953509808,0.5481356978416443,0.3448340892791748,0.6337347030639648,0.5754328966140747,0.8919036984443665,0.9402147531509399,0.45573514699935913,27.580912672914565,27.652266850695014
89,1.0938693505005548,0.7005531787872314,0.011036922223865986,0.5060825943946838,0.33599039912223816,0.6126382350921631,0.576099693775177,0.8754397630691528,0.9334314465522766,0.4463520050048828,27.233146999962628,27.304524736944586
90,1.0925794363821912,0.7301284074783325,0.011426335200667381,0.5174286365509033,0.3405833840370178,0.6189649105072021,0.5628779530525208,0.8856722116470337,0.9363517165184021,0.4490804076194763,27.54842887399718,27.61910834815353
91,1.091968448370095,0.6981263160705566,0.01007604505866766,0.5133392810821533,0.34416288137435913,0.6144031286239624,0.5505760312080383,0.8848904371261597,0.9347881078720093,0.4470166265964508,26.868094217032194,27.006334944162518
92,1.0930109524086817,0.7301245331764221,0.010339324362576008,0.5221189856529236,0.34774482250213623,0.6263048648834229,0.5460001230239868,0.8794407844543457,0.9327645897865295,0.4524657428264618,27.0995735488832,27.170156323816627
93,1.0930633632928732,0.7282191514968872,0.010577401146292686,0.4894779622554779,0.3380461037158966,0.621642529964447,0.5717077851295471,0.8686334490776062,0.9191979765892029,0.4502197504043579,27.24111112486571,27.312650131992996
94,1.0939453356218019,0.7116826772689819,0.010691789910197258,0.4976755678653717,0.33964309096336365,0.6106104850769043,0.5542551279067993,0.8736922144889832,0.9352480173110962,0.4454880356788635,27.298510202672333,27.370464315637946
95,1.0929181931802892,0.7263692617416382,0.010437613353133202,0.5233910083770752,0.33941030502319336,0.6229007244110107,0.5788590312004089,0.8824300169944763,0.9351789951324463,0.45094913244247437,27.48718281276524,27.557877757120878
96,1.0951151327798831,0.7049760222434998,0.009992001578211784,0.515640377998352,0.34420648217201233,0.6206242442131042,0.5641196370124817,0.8814643025398254,0.9385591745376587,0.4500265419483185,27.18698777910322,27.260726323816925
97,1.0951103580078023,0.7200992107391357,0.009752606973052025,0.5022282600402832,0.33747026324272156,0.6141037344932556,0.5779392719268799,0.8833268284797668,0.932465672492981,0.44716963171958923,27.50521146412939,27.576131156180054
98,1.094625369014356,0.677586555480957,0.010333902202546597,0.48203226923942566,0.3492988049983978,0.6186583042144775,0.5291222929954529,0.8750258684158325,0.9337533712387085,0.4489496350288391,27.3634689678438,27.79862714977935
99,1.0931863148740475,0.7280623316764832,0.009788517840206623,0.49310800433158875,0.3382176458835602,0.6164299845695496,0.5620271563529968,0.8819241523742676,0.9287635684013367,0.44810160994529724,27.493255864828825,27.56493295961991
100,1.0964701903746432,0.7240023612976074,0.010044457390904427,0.5182446837425232,0.33895713090896606,0.6136865019798279,0.5745130777359009,0.8849593997001648,0.9401917457580566,0.44688937067985535,27.379405579995364,27.450189573690295
101,1.0972386658591713,0.7349771857261658,0.009310318157076836,0.4956832528114319,0.3402409851551056,0.6140868067741394,0.5422520637512207,0.8758996725082397,0.9311550259590149,0.4469957947731018,27.556716614868492,27.6297462368384
102,1.0924965995270133,0.7319146394729614,0.009343155659735203,0.5219483971595764,0.34246358275413513,0.6126233339309692,0.5559566617012024,0.8833268284797668,0.9449055790901184,0.446235716342926,26.909571459982544,26.980653929989785
103,1.0937392475621013,0.7969131469726562,0.009098987095057964,0.4848613440990448,0.34156548976898193,0.6221935153007507,0.5490813851356506,0.8658051490783691,0.9304192066192627,0.45043590664863586,27.138692575041205,27.209381909109652
104,1.0941082151144144,0.7069414258003235,0.010084916837513447,0.4917997717857361,0.33544495701789856,0.6211585402488708,0.5783071517944336,0.868288516998291,0.9214743971824646,0.45009708404541016,26.818274687975645,26.889174359850585
105,1.0943003008829668,0.7498763799667358,0.009720227681100368,0.5307970643043518,0.3412347733974457,0.6155806183815002,0.5555427670478821,0.890041172504425,0.9467911720275879,0.44752031564712524,27.345467166043818,27.41924182092771
106,1.0934735784594645,0.7348682880401611,0.010089210234582424,0.5429970026016235,0.3455253541469574,0.6160244941711426,0.5429418683052063,0.8950769305229187,0.9494354724884033,0.4473441541194916,27.39562225015834,27.466394623275846
107,1.0928297662894997,0.7095208168029785,0.009284965693950653,0.5330029726028442,0.3443511426448822,0.6240872144699097,0.5472878217697144,0.890753984451294,0.9350180625915527,0.4513915181159973,27.46901755873114,27.540537875611335
108,1.09404821523884,0.7085727453231812,0.009186971932649612,0.5164341926574707,0.3492240011692047,0.6222472190856934,0.5402515530586243,0.8843845725059509,0.9431580305099487,0.4508060812950134,27.549892087932676,27.62056123279035
109,1.0948264534841448,0.7700405716896057,0.009498265571892262,0.5138185024261475,0.34512269496917725,0.6166279315948486,0.5495642423629761,0.8861091136932373,0.9385591745376587,0.44827157258987427,27.363092011772096,27.55784388491884
110,1.0950405333666193,0.7375797033309937,0.009827855043113232,0.5649108290672302,0.34090033173561096,0.6161835789680481,0.5813884139060974,0.9010094404220581,0.9519648551940918,0.44657742977142334,27.52269603125751,27.594027859158814
111,1.0936536968954458,0.7501543164253235,0.009828554466366768,0.5042293071746826,0.350401371717453,0.6263411045074463,0.5394007563591003,0.8831658363342285,0.9362137317657471,0.45261716842651367,27.023333033081144,27.094116346444935
112,1.0938017848354058,0.7360588908195496,0.009080946445465088,0.5518248081207275,0.3474618196487427,0.6203385591506958,0.5654073357582092,0.8905930519104004,0.9469060897827148,0.44922128319740295,27.07138165924698,27.155094852205366
113,1.0942929831127193,0.7880366444587708,0.010050544515252113,0.4882556200027466,0.3491308391094208,0.6265804767608643,0.5311917662620544,0.8717606663703918,0.9289705157279968,0.4524502456188202,27.251145760994405,27.322185992263258
114,1.094164619909837,0.7606034278869629,0.010030718520283699,0.5316029787063599,0.3459932506084442,0.6199853420257568,0.5460920929908752,0.8878337144851685,0.9476649165153503,0.4495803415775299,27.18665495933965,27.486132010351866
115,1.0942012035606692,0.7541534900665283,0.00902616512030363,0.5548486113548279,0.3578495979309082,0.6344659328460693,0.5372852683067322,0.8965255618095398,0.9515050053596497,0.4560362994670868,26.935289741959423,27.006009325850755
116,1.0940098566496932,0.7245067954063416,0.009798328392207623,0.5298961997032166,0.34528374671936035,0.6219466328620911,0.5623950958251953,0.8805444836616516,0.9369495511054993,0.45052263140678406,26.90289139188826,26.973640066105872
117,1.0956782098584528,0.7767096161842346,0.010291692800819874,0.5085130929946899,0.3537827730178833,0.6292517781257629,0.5267078876495361,0.8795557618141174,0.9348800778388977,0.45394784212112427,26.799080394674093,26.8702049148269
118,1.094067843168374,0.7826066017150879,0.00951469223946333,0.5937907695770264,0.3481120765209198,0.6308245658874512,0.5707420110702515,0.9022281765937805,0.9559198617935181,0.4526031017303467,26.939856140874326,27.01047323597595
119,1.0926095283271482,0.7380152344703674,0.010154146701097488,0.5197596549987793,0.3402262330055237,0.6172568202018738,0.5689254999160767,0.8855572938919067,0.9379153251647949,0.44847241044044495,26.75488916505128,26.826117204036564
120,1.0949707499286472,0.7389324307441711,0.010456840507686138,0.523570716381073,0.34611451625823975,0.620408296585083,0.5461611151695251,0.8843615651130676,0.9418013691902161,0.4499189853668213,26.959674516227096,27.21638226415962
121,1.0969107387049886,0.7309871912002563,0.00981083419173956,0.5043133497238159,0.3414357006549835,0.6158198118209839,0.5427119731903076,0.8804985284805298,0.9354089498519897,0.44780462980270386,26.89791473792866,26.969565832987428
122,1.0944264599140858,0.7803423404693604,0.010568098165094852,0.48602747917175293,0.34584754705429077,0.6137300729751587,0.5321115851402283,0.8708868622779846,0.9367196559906006,0.44682928919792175,26.684714717790484,26.755695790052414
123,1.0950626090869007,0.7355318665504456,0.010832784697413445,0.5231792330741882,0.347149521112442,0.6289360523223877,0.5528294444084167,0.8801996111869812,0.9319598078727722,0.453766793012619,26.90050355391577,26.971032009925693
124,1.095627364296241,0.7393355965614319,0.00967626366764307,0.5154939293861389,0.3420652747154236,0.6200401186943054,0.5726045370101929,0.8757156729698181,0.9336153864860535,0.44983771443367004,26.70333072403446,26.77401502802968
125,1.0941468885280943,0.6953777074813843,0.01027598325163126,0.5623955726623535,0.3517441153526306,0.6281337141990662,0.5378601551055908,0.9007105231285095,0.952309787273407,0.4526413083076477,27.09249914297834,27.16334389615804
126,1.0941058585307741,0.7307626605033875,0.00918675772845745,0.4805988669395447,0.3412441909313202,0.6198102831840515,0.5433787703514099,0.8709098696708679,0.9278898239135742,0.449307918548584,26.90545270917937,26.97625886183232
127,1.0943297723795744,0.7532296776771545,0.0091380150988698,0.5237051248550415,0.35045769810676575,0.633935809135437,0.5440915822982788,0.8754167556762695,0.936811625957489,0.45607560873031616,27.145883816760033,27.216972487978637
128,1.0931683218719175,0.7229117155075073,0.010817090049386024,0.5155117511749268,0.35190549492836,0.6222885847091675,0.537676215171814,0.8832578063011169,0.9424682259559631,0.4507560729980469,26.948217391967773,27.019563059788197
129,1.0953779984640595,0.8101743459701538,0.009935282170772552,0.49810051918029785,0.34928688406944275,0.6314356923103333,0.5251672863960266,0.8767734169960022,0.9266940951347351,0.4547822177410126,27.147953307721764,27.218941709026694
130,1.0940776535328602,0.7521578669548035,0.009857216849923134,0.5346042513847351,0.34704533219337463,0.6193327307701111,0.5474947690963745,0.8890753984451294,0.9488146305084229,0.4491291046142578,26.893801047001034,26.96483484795317
131,1.0940437796931939,0.731181800365448,0.009623721241950989,0.49571874737739563,0.3417946398258209,0.6150071620941162,0.5369403958320618,0.876175582408905,0.9364436864852905,0.4473961889743805,26.99644913431257,27.220712133217603
132,1.0967052006881508,0.7436367273330688,0.009409189224243164,0.522808313369751,0.3470478951931,0.6212335228919983,0.5397456884384155,0.8850054144859314,0.9480328559875488,0.4503134787082672,27.084050021134317,27.467043477110565
133,1.093771554479663,0.689674973487854,0.008898482657968998,0.5131915807723999,0.3426936864852905,0.623489499092102,0.5606475472450256,0.8883855938911438,0.9355009198188782,0.4513382911682129,27.014688645023853,27.085485538002104
134,1.0952525630893324,0.7233231067657471,0.010051513090729713,0.5308300256729126,0.34468069672584534,0.6247228980064392,0.5574283003807068,0.8855112791061401,0.9433190226554871,0.45182928442955017,27.086659092921764,27.157173266634345
135,1.0938739860617874,0.6795233488082886,0.00955794844776392,0.5130081176757812,0.3430183529853821,0.6145443916320801,0.5436776876449585,0.8827979564666748,0.9418473839759827,0.4472377300262451,26.883785577956587,26.95509017491713
136,1.094399071779827,0.7887266278266907,0.009480495005846024,0.510346531867981,0.35089778900146484,0.6223283410072327,0.5252133011817932,0.89206463098526,0.9474579691886902,0.4507398307323456,27.056237930897623,27.127198541071266
137,1.095328320592842,0.7504421472549438,0.009961549192667007,0.5800361037254333,0.34350720047950745,0.6245942711830139,0.5737082958221436,0.8989399671554565,0.950263261795044,0.45006829500198364,26.713748313952237,26.784659273922443
138,1.0934061284033245,0.7253720164299011,0.009710961021482944,0.5228451490402222,0.33615702390670776,0.6162015795707703,0.5794338583946228,0.8786819577217102,0.9373864531517029,0.4478621482849121,27.07600174797699,27.147090706042945
139,1.094261780281195,0.7198771238327026,0.009047579020261765,0.5130560398101807,0.34354498982429504,0.616787850856781,0.5357446670532227,0.8849824070930481,0.9438938498497009,0.44826415181159973,26.74650648701936,26.81689208233729
140,1.0937880277633667,0.7270441651344299,0.009198264218866825,0.510039210319519,0.34936609864234924,0.6233224868774414,0.5354917049407959,0.8769114017486572,0.941134512424469,0.45124945044517517,26.889820176176727,27.063910554163158
141,1.0952671578266477,0.7119714617729187,0.010157762095332146,0.5006005167961121,0.341384619474411,0.6217828392982483,0.5572213530540466,0.8796707391738892,0.9256593585014343,0.4503815770149231,26.712484665215015,26.783932719845325
142,1.09507393116919,0.7500378489494324,0.01001146249473095,0.5106984972953796,0.3453809916973114,0.6159301996231079,0.5488744378089905,0.8815102577209473,0.9346041679382324,0.4479125440120697,27.270071720704436,27.422460158821195
143,1.0933592431497254,0.7235366106033325,0.009688660502433777,0.532794177532196,0.3422148823738098,0.6205583214759827,0.5728805065155029,0.8873738050460815,0.9441468119621277,0.44976842403411865,26.726962198968977,26.823648774065077
144,1.0945069241843768,0.7553053498268127,0.008803575299680233,0.5298590660095215,0.344486802816391,0.6237044334411621,0.5531743764877319,0.8866379857063293,0.9428361058235168,0.45129501819610596,27.023500136099756,27.113219131715596
145,1.0942646945082901,0.7679011225700378,0.008964386768639088,0.5172783732414246,0.3410167396068573,0.6216225624084473,0.5715698003768921,0.8754857778549194,0.9339373111724854,0.45038914680480957,26.814768821001053,26.885784270707518
146,1.096319153404876,0.7690159678459167,0.009616750292479992,0.5065563321113586,0.35244715213775635,0.6211414337158203,0.5184069275856018,0.8915587663650513,0.9475039839744568,0.45019733905792236,26.94386481307447,27.014908561948687
147,1.096168961300946,0.7780648469924927,0.009220250882208347,0.5321349501609802,0.3480021059513092,0.6189965009689331,0.552323579788208,0.8916967511177063,0.9466071724891663,0.4489680230617523,26.81039547873661,26.88161502685398
148,1.094242182353999,0.7339141964912415,0.009772512130439281,0.520751416683197,0.34048858284950256,0.6153556108474731,0.5545540452003479,0.8876957297325134,0.9397088885307312,0.447430282831192,27.033499659970403,27.10805258806795
149,1.095415507386995,0.7791396975517273,0.00975587498396635,0.49021509289741516,0.3456403613090515,0.6216500401496887,0.5466669797897339,0.877693235874176,0.9294304251670837,0.45022132992744446,27.008864634204656,27.080141700804234
150,1.094881258954938,0.8227091431617737,0.009341142140328884,0.5537687540054321,0.3592531681060791,0.6315987706184387,0.5297891497612,0.8976063132286072,0.9603577852249146,0.454559862613678,26.786638896912336,26.85718337027356
151,1.0956747095856891,0.7619947195053101,0.009400377050042152,0.48700469732284546,0.34414592385292053,0.6187635064125061,0.5313297510147095,0.8701050877571106,0.9295454025268555,0.4489235579967499,26.89651098707691,26.967101200018078
152,1.094160568794148,0.7771477103233337,0.009259277954697609,0.5145511031150818,0.3444907069206238,0.6218959093093872,0.5359286069869995,0.8779691457748413,0.9430890679359436,0.45050445199012756,26.718044336885214,26.80221456103027
153,1.0950599912829047,0.7682988047599792,0.009638711810112,0.5100247263908386,0.3468986451625824,0.6196355223655701,0.5318126678466797,0.878934919834137,0.9442617893218994,0.44946303963661194,26.90273317322135,26.986534419935197
154,1.0944320143469228,0.7597302198410034,0.009459640830755234,0.5307633876800537,0.3404830992221832,0.6212736964225769,0.5744441151618958,0.8874198198318481,0.9401687979698181,0.4500337541103363,26.734032426960766,26.8053319840692
155,1.0940746833014008,0.781566858291626,0.009985972195863724,0.5068110227584839,0.3473978042602539,0.6248531341552734,0.5375612378120422,0.8770033717155457,0.9353859424591064,0.4517665207386017,26.91939181787893,26.990265368949622
156,1.094874210805701,0.7404911518096924,0.00975485984236002,0.5283931493759155,0.3415202796459198,0.6133866906166077,0.554485023021698,0.8861091136932373,0.943181037902832,0.4463856816291809,26.728902311995625,26.799868141766638
157,1.0932139550279452,0.7619274258613586,0.009617338888347149,0.5134642720222473,0.3412419259548187,0.6217660903930664,0.5650394558906555,0.8779001832008362,0.9304421544075012,0.45045050978660583,27.07679254002869,27.1475271419622
158,1.094865650138599,0.7661756277084351,0.009653414599597454,0.4956122934818268,0.3471880257129669,0.6187965869903564,0.5267308950424194,0.8761295676231384,0.9340292811393738,0.44902706146240234,26.764059314969927,26.834808896295726
159,1.0931058902068427,0.7781280875205994,0.009534227661788464,0.505096435546875,0.3427612781524658,0.6252878904342651,0.5552438497543335,0.8838326930999756,0.9322587251663208,0.45199277997016907,26.96724828891456,27.037897191010416
160,1.0952821609957906,0.8314437866210938,0.009271886199712753,0.5393878817558289,0.34949418902397156,0.6225194931030273,0.5601416230201721,0.8866609930992126,0.9435029625892639,0.4505462646484375,26.821695633232594,26.892337405122817
161,1.0968876041021922,0.7481464743614197,0.010026587173342705,0.523242175579071,0.3482203185558319,0.6209980845451355,0.5283175110816956,0.8863620758056641,0.9513900279998779,0.45016780495643616,26.985287469811738,27.056404429022223
162,1.0943159052989626,0.7809455990791321,0.009223914705216885,0.5173506736755371,0.34688103199005127,0.6189698576927185,0.5346409678459167,0.8813722729682922,0.9418013691902161,0.44929441809654236,27.16596059128642,27.38059070520103
163,1.0943573293269881,0.7580569386482239,0.009698591195046902,0.5099393129348755,0.33882877230644226,0.6215267181396484,0.5733403563499451,0.875784695148468,0.9273609519004822,0.45045948028564453,26.771441190037876,26.975742674898356
164,1.0968997934520646,0.7831109762191772,0.008746190927922726,0.5633875131607056,0.3476037085056305,0.618861973285675,0.5488284230232239,0.9003196358680725,0.9577364325523376,0.44799718260765076,27.105160073842853,27.176002465188503
165,1.0947875316511064,0.7553274631500244,0.009463057853281498,0.49157387018203735,0.34737780690193176,0.6190312504768372,0.5213732123374939,0.8869369029998779,0.9413185119628906,0.44929563999176025,26.90261488268152,26.973180115688592
166,1.0937223770474427,0.7766978144645691,0.009894399903714657,0.5124778747558594,0.3439218997955322,0.623583197593689,0.5621881484985352,0.8784060478210449,0.9285566210746765,0.4513731300830841,27.23311426397413,27.303762496914715
167,1.0958627902421376,0.747758150100708,0.009716441854834557,0.4876134693622589,0.34179800748825073,0.613872230052948,0.5423440337181091,0.8766814470291138,0.9282117486000061,0.4469352066516876,26.709151783958077,26.77952270861715
168,1.0949623864769136,0.7712773084640503,0.00953234639018774,0.5141879916191101,0.341146320104599,0.6117228269577026,0.5642346143722534,0.8816022276878357,0.9383292198181152,0.4460083842277527,26.88299223361537,26.95392949366942
169,1.0934170848571214,0.7765922546386719,0.009675556793808937,0.4994845986366272,0.3461342751979828,0.6133374571800232,0.5292602777481079,0.8825680017471313,0.9457334280014038,0.44677284359931946,26.676529389806092,26.747263791039586
170,1.096467745784145,0.753740668296814,0.00900122057646513,0.5015120506286621,0.3452042043209076,0.620699942111969,0.5428498983383179,0.8694842457771301,0.9301202893257141,0.45014187693595886,27.067320283968,27.225177214015275
171,1.0943619812894987,0.7030285596847534,0.00875896867364645,0.5110428929328918,0.3461831212043762,0.6247409582138062,0.5428269505500793,0.8725654482841492,0.9358458518981934,0.45203983783721924,26.693022625055164,26.763895915821195
172,1.096455101198798,0.7733500003814697,0.009288068860769272,0.5354222059249878,0.34484174847602844,0.6177441477775574,0.5648325085639954,0.8860631585121155,0.9410885572433472,0.44852307438850403,26.892912317998707,27.08282098826021
173,1.094904374756269,0.7505464553833008,0.008394391275942326,0.5515028238296509,0.3458142876625061,0.6228421926498413,0.5603485703468323,0.8980202078819275,0.9468371272087097,0.4504883885383606,26.718934576027095,27.013120099902153
174,1.0953030090204021,0.7386745810508728,0.009500019252300262,0.517928957939148,0.33977848291397095,0.6182325482368469,0.578399121761322,0.8825220465660095,0.9366506338119507,0.4490073025226593,27.12608953472227,27.197199473623186
175,1.0962944558802867,0.7201269268989563,0.008850803598761559,0.545882523059845,0.34114494919776917,0.6150636672973633,0.56211918592453,0.8963875770568848,0.9496654272079468,0.44691547751426697,27.153672474902123,27.224832403939217
176,1.096092878972124,0.7616301774978638,0.009033401496708393,0.4863798916339874,0.34053313732147217,0.6156687140464783,0.5526224970817566,0.867759644985199,0.9322587251663208,0.4476684629917145,26.732893683947623,26.80894103087485
177,1.0972090971549886,0.7887890934944153,0.008499263785779476,0.5622100234031677,0.34567394852638245,0.6202508807182312,0.5695233345031738,0.8991928696632385,0.9495964646339417,0.4487011432647705,26.96252938034013,27.03311353502795
178,1.098715004504927,0.7041772603988647,0.009260355494916439,0.5117186307907104,0.3491968512535095,0.6238601803779602,0.5303869843482971,0.8791418671607971,0.9383752346038818,0.4515785276889801,26.753913910128176,26.824503344949335
179,1.097181626214277,0.7746666669845581,0.008559036999940872,0.5127972364425659,0.346754252910614,0.6241733431816101,0.5462990403175354,0.883924663066864,0.9319137930870056,0.4516773223876953,26.967364558950067,27.04421440931037
180,1.0958988994559986,0.7490271329879761,0.009279322810471058,0.5012381076812744,0.34388259053230286,0.6273742914199829,0.5459771156311035,0.8827519416809082,0.9303501844406128,0.4530600309371948,26.753222827333957,26.957502325996757
181,1.0974729469158506,0.7153858542442322,0.008626709692180157,0.5204899907112122,0.34642264246940613,0.6220194697380066,0.5444595217704773,0.8872358798980713,0.9440777897834778,0.4506191611289978,27.934545584023,28.00851520942524
182,1.0965126272815986,0.7161489129066467,0.008894765749573708,0.5167482495307922,0.3440982699394226,0.6215799450874329,0.5574052929878235,0.8775782585144043,0.9343972206115723,0.45047304034233093,28.438568779733032,28.543359465897083
183,1.095102550599399,0.7749167084693909,0.008740093559026718,0.5428599715232849,0.3448484241962433,0.6256731152534485,0.5674078464508057,0.8829588890075684,0.9398698806762695,0.4519640803337097,28.124052501749247,28.206835080869496
184,1.0956787230984477,0.7426078915596008,0.009111342951655388,0.5106671452522278,0.33782753348350525,0.6232271790504456,0.5655683279037476,0.8802225589752197,0.9301432371139526,0.4511367380619049,26.736923567950726,26.80819345684722
185,1.0943174714210049,0.7877055406570435,0.008129209280014038,0.5123952627182007,0.3448125422000885,0.6194349527359009,0.5308699011802673,0.8787969350814819,0.9403067231178284,0.44945284724235535,27.08942172070965,27.160014014691114
186,1.0947931088857203,0.7476289868354797,0.009146198630332947,0.4880412518978119,0.3401254713535309,0.6188390254974365,0.5543010830879211,0.8714847564697266,0.9245326519012451,0.4489889442920685,26.74407729599625,26.814753760118037
187,1.0948738307760866,0.7818460464477539,0.00951139722019434,0.5513767004013062,0.34359967708587646,0.616890549659729,0.5562785863876343,0.898181140422821,0.9515050053596497,0.447420209646225,27.06072383513674,27.131578057073057
188,1.0946026068405816,0.7477771043777466,0.009150081314146519,0.512090802192688,0.3443945050239563,0.6176111698150635,0.5511738657951355,0.8795557618141174,0.9357768893241882,0.44860029220581055,26.947086056228727,27.01785711897537
189,1.0948214954977868,0.7942277789115906,0.009403781965374947,0.5031409859657288,0.3494967520236969,0.6226257681846619,0.5370093584060669,0.8695762157440186,0.9325576424598694,0.45084917545318604,26.670111681334674,26.740523207001388
190,1.0942674011192066,0.8128297328948975,0.008691607974469662,0.5038641095161438,0.3453500270843506,0.6219341158866882,0.5441606044769287,0.8724275231361389,0.9344661831855774,0.4505215883255005,26.866136371623725,26.936637877020985
191,1.0952457813608567,0.7522356510162354,0.009581778198480606,0.554909348487854,0.33935046195983887,0.6236396431922913,0.5863322019577026,0.8942031264305115,0.9429051280021667,0.45065736770629883,26.68135062372312,27.069942564703524
192,1.094685374890398,0.7642002701759338,0.009295892901718616,0.5096753835678101,0.34882277250289917,0.6222060918807983,0.5316516757011414,0.8810504078865051,0.9398238658905029,0.4506688416004181,26.87763114226982,26.948072417173535
193,1.0961178809204357,0.7396507859230042,0.009743007831275463,0.5107388496398926,0.3446905314922333,0.6216819882392883,0.5356526970863342,0.8852583169937134,0.938582181930542,0.45035848021507263,26.773142893332988,26.84378039697185
194,1.0950170139338347,0.7704898118972778,0.008736753836274147,0.5015724897384644,0.34140434861183167,0.6151646971702576,0.5563015937805176,0.8758077025413513,0.9355239272117615,0.4475799798965454,26.968667928129435,27.04039387218654
195,1.0944361510692826,0.7281646728515625,0.009044126607477665,0.5101441144943237,0.34147149324417114,0.6238554120063782,0.5642346143722534,0.8764744997024536,0.9343512058258057,0.45144936442375183,26.72850717185065,26.799022117629647
196,1.0961540605397833,0.7759508490562439,0.009877245873212814,0.4817911684513092,0.33837035298347473,0.616287112236023,0.5449883937835693,0.8740600943565369,0.9235668778419495,0.44775480031967163,26.898498530033976,26.96887990599498
197,1.0939347179944083,0.7875442504882812,0.009078684262931347,0.5126715302467346,0.34278786182403564,0.6112398505210876,0.5504610538482666,0.8795557618141174,0.9422152638435364,0.44572967290878296,26.67450797278434,26.74503202782944
198,1.0950499809028318,0.7789633274078369,0.008933099918067455,0.5225898027420044,0.3545202910900116,0.6184985637664795,0.5278116464614868,0.8887534737586975,0.9479868412017822,0.4489153027534485,26.882547238841653,26.953498439863324
199,1.09561938367434,0.7714879512786865,0.009479685686528683,0.5012109279632568,0.3453401029109955,0.6159904599189758,0.5379521250724792,0.8722205758094788,0.9385591745376587,0.4479212462902069,26.705026995856315,26.77568873995915
200,1.0940432184494582,0.7635133266448975,0.009612971916794777,0.5427258014678955,0.34197404980659485,0.6188233494758606,0.5754558444023132,0.8858101963996887,0.9461243152618408,0.4486495554447174,26.893107935786247,26.963942158967257
201,1.0951044543477513,0.7401010394096375,0.009711800143122673,0.5086434483528137,0.34074631333351135,0.61195969581604,0.5533583164215088,0.8807514309883118,0.9390880465507507,0.44604891538619995,26.8893547100015,26.96006656298414
202,1.0956726390243376,0.7811270952224731,0.009338043630123138,0.5366718173027039,0.3496730923652649,0.6295743584632874,0.5385040044784546,0.893973171710968,0.9452045559883118,0.4539293348789215,26.701809614896774,26.772648537065834
203,1.0971849160706437,0.778374433517456,0.009143467992544174,0.4906512200832367,0.3435523211956024,0.6182874441146851,0.5381820797920227,0.8742210865020752,0.9302812218666077,0.4488210082054138,26.875317132100463,27.043839562218636
204,1.0949867659767203,0.7307996153831482,0.00928753986954689,0.48738715052604675,0.3491598963737488,0.621029257774353,0.5152567028999329,0.8678746223449707,0.9345811605453491,0.44989123940467834,26.856258938089013,26.933969620149583
205,1.0946210014740092,0.7454609274864197,0.00945979356765747,0.5025389194488525,0.3410900831222534,0.6190462708473206,0.5598427057266235,0.8778771758079529,0.9315918684005737,0.4492253363132477,26.888471426907927,26.9591764700599
206,1.095763086872613,0.7680345177650452,0.009541905485093594,0.5093773603439331,0.3446040451526642,0.6189630031585693,0.5391478538513184,0.8813033103942871,0.9357768893241882,0.44921478629112244,26.67192678619176,26.742465431336313
207,1.094530608830036,0.7871679663658142,0.009667965583503246,0.5325809717178345,0.34497034549713135,0.6189794540405273,0.5536342263221741,0.8912138938903809,0.9440088272094727,0.4489845335483551,26.9955762331374,27.06643267488107
208,1.094170604376185,0.7849222421646118,0.009128511883318424,0.5351746082305908,0.34450408816337585,0.615803599357605,0.5611304044723511,0.891144871711731,0.945342481136322,0.44744873046875,26.86681937612593,26.93772083800286
209,1.0947066041447173,0.7899250388145447,0.008900015614926815,0.5577925443649292,0.3477140963077545,0.6263750791549683,0.5491963624954224,0.8972843885421753,0.955597996711731,0.4518832862377167,27.06972903618589,27.141120934393257
210,1.095311026445171,0.7108057141304016,0.009599942713975906,0.5085660219192505,0.3423011004924774,0.6166983842849731,0.5392628312110901,0.8877647519111633,0.9418013691902161,0.44823282957077026,26.7766151917167,26.84720101673156
211,1.093887431909574,0.7607365846633911,0.008906101807951927,0.5076570510864258,0.3497377932071686,0.6197170615196228,0.5301340818405151,0.8804295063018799,0.9407666325569153,0.4496142268180847,27.041608829051256,27.11264328006655
212,1.0978722660333518,0.7799208760261536,0.009111260995268822,0.5626346468925476,0.3515118956565857,0.6273012161254883,0.5468969345092773,0.8981121778488159,0.9562878012657166,0.4522097706794739,26.960906902328134,27.031859872397035
213,1.0956501152691425,0.7258231043815613,0.009859317913651466,0.5023506879806519,0.34036189317703247,0.6099513173103333,0.5462760925292969,0.8825220465660095,0.938444197177887,0.4452110826969147,27.25352117791772,27.626674961764365
214,1.0950497700864037,0.7609702944755554,0.00938801933079958,0.5308271646499634,0.3478411138057709,0.6176743507385254,0.5476327538490295,0.8906620144844055,0.9465612173080444,0.44843852519989014,26.957731650210917,27.07658849284053
215,1.0955653590643966,0.7577738165855408,0.009165877476334572,0.4951481521129608,0.3395887613296509,0.613712728023529,0.5475177764892578,0.8733012676239014,0.9309940338134766,0.44684138894081116,27.18298320332542,27.254539519082755
216,1.0946219227458007,0.772756040096283,0.00921591930091381,0.5379906892776489,0.3451550006866455,0.6162457466125488,0.5499321818351746,0.8899951577186584,0.9530456066131592,0.44760751724243164,27.02991549903527,27.100339674856514
217,1.0949497010883869,0.7599852085113525,0.009055511094629765,0.5153708457946777,0.34824326634407043,0.6206391453742981,0.5319275856018066,0.8805215358734131,0.9442387819290161,0.449978232383728,26.69821853330359,26.768895977176726
218,1.0953824700125112,0.7740886807441711,0.009448832832276821,0.49117082357406616,0.34436801075935364,0.6256252527236938,0.5434477925300598,0.8649313449859619,0.9220032691955566,0.4519926607608795,26.881546684075147,26.951942829415202
219,1.0942909589549839,0.741254985332489,0.009826045483350754,0.5027675032615662,0.34718796610832214,0.6206997036933899,0.5373542904853821,0.8746349811553955,0.9398238658905029,0.4500037431716919,27.21296262089163,27.283332657068968
220,1.0960113666201599,0.6836020946502686,0.00951590295881033,0.5276411175727844,0.34255433082580566,0.6297282576560974,0.5738922357559204,0.8782450556755066,0.9359608292579651,0.4541357755661011,26.956479829736054,27.027834966778755
221,1.097360104122418,0.7398136258125305,0.008890691213309765,0.5380648970603943,0.3450305759906769,0.6174187064170837,0.5422060489654541,0.8885695338249207,0.943571925163269,0.44819456338882446,26.965303963050246,27.153727299068123
222,1.095892811781608,0.7378366589546204,0.008986440487205982,0.508202314376831,0.3414030075073242,0.6143081784248352,0.5540251731872559,0.8826599717140198,0.9383062124252319,0.4472046494483948,26.93779525300488,27.008251207880676
223,1.0953216824755572,0.737127423286438,0.009006750769913197,0.5445263385772705,0.34443190693855286,0.6226957440376282,0.5534043312072754,0.8910759091377258,0.9508841037750244,0.4504895508289337,26.72674083476886,26.79754210682586
224,1.0942310094833374,0.7895395755767822,0.008596490137279034,0.5315302014350891,0.3444768488407135,0.6186884045600891,0.5561176538467407,0.8878796696662903,0.9455034732818604,0.4489211142063141,26.97324544377625,27.0438497280702
225,1.0965249706434723,0.7352145910263062,0.008393832482397556,0.5446105003356934,0.34023258090019226,0.6158323884010315,0.5737772583961487,0.8905010223388672,0.9453654885292053,0.44726797938346863,26.749125909991562,26.819539735093713
226,1.0938914090194958,0.7300949096679688,0.00985043216496706,0.49040427803993225,0.34628796577453613,0.6157228946685791,0.5238565802574158,0.8801996111869812,0.9386741518974304,0.4477296769618988,26.959283884614706,27.03015666687861
227,1.094452801566796,0.7545484900474548,0.009755905717611313,0.48096954822540283,0.3486368656158447,0.6195932030677795,0.5204534530639648,0.8753708004951477,0.9385131597518921,0.4492071568965912,26.73460060590878,26.805537417996675
228,1.096121287585905,0.7242116332054138,0.009950065985321999,0.5434035658836365,0.347330778837204,0.621454656124115,0.5419071316719055,0.8948009610176086,0.9470670819282532,0.449897438287735,26.95500214304775,27.0257021561265
229,1.0960862796578632,0.7749282717704773,0.009756762534379959,0.5031994581222534,0.34981629252433777,0.6225084066390991,0.5290073156356812,0.8765894770622253,0.9372714757919312,0.4507964849472046,26.91546018794179,26.986422137822956
230,1.0954321350827314,0.7635093331336975,0.00853233877569437,0.53337562084198,0.34011322259902954,0.6236065030097961,0.5736852884292603,0.8822001218795776,0.9372255206108093,0.45117276906967163,26.679467217065394,26.749961711931974
231,1.0960565077378446,0.7339034080505371,0.008741773664951324,0.5376162528991699,0.3471009135246277,0.6214866042137146,0.547264814376831,0.891282856464386,0.9454574584960938,0.45011427998542786,26.90124692162499,27.188004599884152
232,1.0952729778801835,0.755896806716919,0.008796974085271358,0.5168898701667786,0.34365469217300415,0.6175147891044617,0.5517717003822327,0.8844075798988342,0.94049072265625,0.44857969880104065,26.696653396822512,26.767924276180565
233,1.0975310634446624,0.7740651369094849,0.009212945587933064,0.5198575854301453,0.3439078629016876,0.6232020854949951,0.5525075197219849,0.879992663860321,0.9322357177734375,0.45113763213157654,27.055673184338957,27.137708308175206
234,1.098936623774919,0.7692520022392273,0.009089757688343525,0.5172785520553589,0.3532644212245941,0.6320109963417053,0.5275356769561768,0.877555251121521,0.9417554140090942,0.45517516136169434,26.7596958973445,27.154281583148986
235,1.0961689789023175,0.7728992700576782,0.008511633612215519,0.5109965801239014,0.35109198093414307,0.6221292018890381,0.5197865962982178,0.8817172050476074,0.9418243765830994,0.4506702721118927,26.96449887007475,27.035736947786063
236,1.095018839276077,0.731842041015625,0.008704422041773796,0.49717703461647034,0.34106022119522095,0.6214393973350525,0.548115611076355,0.8656671643257141,0.9271309971809387,0.4502914845943451,26.902465540915728,26.97338672168553
237,1.0950616438116803,0.7465260624885559,0.00923390593379736,0.510983943939209,0.3419826626777649,0.6163537502288818,0.5481845736503601,0.8841546177864075,0.9368345737457275,0.44803816080093384,27.156635742634535,27.227560783736408
238,1.0952208826205874,0.7342109680175781,0.008963186293840408,0.5104862451553345,0.33997803926467896,0.6170136332511902,0.5527374744415283,0.878934919834137,0.9337303638458252,0.4483557939529419,26.910798978991807,26.982222926337272
239,1.0951477621225703,0.7633023262023926,0.01008955854922533,0.5188696384429932,0.35109907388687134,0.62016361951828,0.5215342044830322,0.8907309770584106,0.9477568864822388,0.4497612416744232,27.106785237789154,27.177367663010955
240,1.0968600851577401,0.7660654783248901,0.009101944975554943,0.5307655334472656,0.35114726424217224,0.6241993308067322,0.5276736617088318,0.8933063745498657,0.9447676539421082,0.4514480531215668,26.802026407793164,26.873498564120382
241,1.0953050883824393,0.746928334236145,0.008941012434661388,0.5121856927871704,0.35392364859580994,0.6222691535949707,0.5212812423706055,0.8812803030014038,0.9387891292572021,0.4507603645324707,26.89363982807845,27.117596574127674
242,1.094874784450403,0.7875809073448181,0.010323676280677319,0.5100747346878052,0.3440062701702118,0.6193644404411316,0.5417231917381287,0.8778541684150696,0.941019594669342,0.4494665265083313,26.932170040905476,27.002730594947934
243,1.0951491686321746,0.7548792958259583,0.009876575320959091,0.46894052624702454,0.3435361385345459,0.6177265048027039,0.5315827131271362,0.8659660816192627,0.9246705770492554,0.44803377985954285,26.67941366834566,26.75041245808825
244,1.0948813721637598,0.7541598081588745,0.009126441553235054,0.5276430249214172,0.340629905462265,0.6267644166946411,0.5744901299476624,0.8868679404258728,0.9341442584991455,0.4527198076248169,26.88467415701598,26.955504099838436
245,1.0962683826484936,0.7130581736564636,0.00958592165261507,0.5484676361083984,0.33814939856529236,0.6323859095573425,0.5832969546318054,0.8844075798988342,0.9335923790931702,0.45504114031791687,26.716091747395694,26.786977868992835
246,1.0942920378390575,0.7517735958099365,0.009565704502165318,0.5051394104957581,0.35039255023002625,0.6318038702011108,0.523948609828949,0.8751868009567261,0.9395249485969543,0.4548916816711426,26.982146015856415,27.052768080029637
247,1.0949662083747402,0.7377368211746216,0.00913663487881422,0.5172135233879089,0.3438141644001007,0.6193073391914368,0.537216305732727,0.885166347026825,0.9362367391586304,0.4493606686592102,26.727827756199986,26.871806199196726
248,1.0953710815250473,0.7571449279785156,0.009654665365815163,0.5120508670806885,0.3471704125404358,0.6270876526832581,0.542137086391449,0.8807284832000732,0.9374784231185913,0.45289838314056396,26.92350798798725,26.99442956922576
249,1.095211033053046,0.7698261737823486,0.00937527883797884,0.5113508105278015,0.3446429669857025,0.6190343499183655,0.543056845664978,0.8837177157402039,0.9363977313041687,0.44927284121513367,26.743337660096586,26.814164571929723
250,1.0960688863024615,0.7285716533660889,0.008737682364881039,0.5479755997657776,0.34861108660697937,0.6283329129219055,0.5545080304145813,0.8881786465644836,0.9466071724891663,0.45319676399230957,26.95633538905531,27.026864599902183
251,1.0965769690955245,0.7500109076499939,0.008290381170809269,0.4918537437915802,0.3429999351501465,0.6310575604438782,0.5597737431526184,0.8762675523757935,0.9264181852340698,0.4544178545475006,26.716280332766473,26.78709166077897
252,1.0956390456065235,0.7695668935775757,0.009770230390131474,0.5382171869277954,0.3395009934902191,0.6167766451835632,0.5678907036781311,0.8924785852432251,0.9423762559890747,0.4477843940258026,26.946761969011277,27.01736269891262
253,1.094947675730558,0.7371997237205505,0.008217125199735165,0.5010274648666382,0.3432006537914276,0.6175847053527832,0.5389638543128967,0.8762675523757935,0.9319368004798889,0.44860246777534485,26.837744247168303,27.189191611018032
254,1.0966825001191773,0.7362712025642395,0.00904289074242115,0.4933677613735199,0.3398243486881256,0.6197888851165771,0.5674768090248108,0.8737841844558716,0.9280277490615845,0.44956210255622864,27.133448540233076,27.261859412305057
255,1.0945929488879722,0.8056126832962036,0.009151462465524673,0.5240514278411865,0.348014771938324,0.6230892539024353,0.5496792197227478,0.8851433992385864,0.9371335506439209,0.4511391222476959,27.075340880081058,27.153127027209848
256,1.0954434475642723,0.6879313588142395,0.009616909548640251,0.5478024482727051,0.3417767882347107,0.6279805302619934,0.5748350024223328,0.8893053531646729,0.9360297918319702,0.4530169367790222,26.937262582127005,27.00873774383217
257,1.0970144403860873,0.7380198836326599,0.009112061001360416,0.5154843926429749,0.34372520446777344,0.6179977655410767,0.5549908876419067,0.8811193704605103,0.9385591745376587,0.44889941811561584,27.137706672772765,27.20875226892531
258,1.0968459300546838,0.7795957326889038,0.009184923022985458,0.5156131982803345,0.33821484446525574,0.6194190979003906,0.574467122554779,0.8787279725074768,0.9367656111717224,0.44948527216911316,26.922926337923855,26.993606267031282
259,1.0971671026825105,0.7216681241989136,0.009762750938534737,0.5332945585250854,0.33898600935935974,0.6162169575691223,0.5738692283630371,0.8836487531661987,0.9348800778388977,0.4476829171180725,27.103042596019804,27.174249450676143
260,1.0949233542352714,0.802301824092865,0.00967521220445633,0.5373443961143494,0.3435043394565582,0.6194355487823486,0.5704891085624695,0.888983428478241,0.9385131597518921,0.4490926265716553,26.923872370272875,26.995063725393265
261,1.0967051970878703,0.7870282530784607,0.009809264913201332,0.5037271976470947,0.34631338715553284,0.6235618591308594,0.5392857789993286,0.8769803643226624,0.9385591745376587,0.4513385593891144,27.148739075753838,27.219572913832963
262,1.095143689005167,0.7556571364402771,0.008594701997935772,0.5419518947601318,0.346565306186676,0.6247247457504272,0.5644415616989136,0.8849593997001648,0.9433190226554871,0.45158106088638306,26.833156736101955,26.90353635791689
263,1.096372458358739,0.7673211097717285,0.009456328116357327,0.520911455154419,0.3441169261932373,0.6191632151603699,0.5467129349708557,0.879187822341919,0.9433419704437256,0.44935524463653564,26.961841365788132,27.03245205571875
264,1.0956920081337027,0.7802166938781738,0.008938813582062721,0.5352288484573364,0.35208866000175476,0.6237452626228333,0.5263170003890991,0.8949159383773804,0.9548851251602173,0.4512590765953064,26.793671562802047,26.86462104972452
265,1.0972009863229406,0.7908188104629517,0.009009222500026226,0.49303367733955383,0.3435893952846527,0.6182581782341003,0.5305249691009521,0.8757616877555847,0.9358688592910767,0.448879599571228,27.027283552102745,27.09805518994108
266,1.0956134600127303,0.760773241519928,0.008762175217270851,0.5341192483901978,0.34684136509895325,0.6222290992736816,0.5554277896881104,0.8867529630661011,0.9442617893218994,0.4505595564842224,26.781210252083838,26.85189633211121
267,1.096921117913803,0.7278315424919128,0.009396915324032307,0.5127404928207397,0.3469120264053345,0.629475474357605,0.5435397624969482,0.8900181651115417,0.9374094605445862,0.45400139689445496,27.02417221944779,27.09510329645127
268,1.0970586506312325,0.7580394148826599,0.008680280297994614,0.5394024848937988,0.347735732793808,0.6274452805519104,0.5594518184661865,0.8886384963989258,0.9477568864822388,0.45295339822769165,26.794977711047977,26.86573883984238
269,1.095679174733642,0.7507415413856506,0.00949184037744999,0.5333161950111389,0.34858450293540955,0.6201614737510681,0.5381360650062561,0.8906159996986389,0.9481478333473206,0.44958803057670593,27.045089385006577,27.11574071412906
270,1.094685754519981,0.7132929563522339,0.00854722410440445,0.5060547590255737,0.3436940908432007,0.6187453866004944,0.5623950958251953,0.881763219833374,0.9348800778388977,0.44924217462539673,27.155580196995288,27.226526943966746
271,1.096937998429241,0.781369149684906,0.008694075979292393,0.5084764957427979,0.34531310200691223,0.6153311729431152,0.5434707403182983,0.8833498358726501,0.9409275650978088,0.4476383626461029,26.95645658299327,27.0276959980838
272,1.095191899562042,0.7616232633590698,0.009050621651113033,0.5072786808013916,0.3398411273956299,0.6120204925537109,0.5581181645393372,0.8763365745544434,0.9374554753303528,0.4461577832698822,27.12566694803536,27.197807914111763
273,1.0963651345880239,0.7523478865623474,0.008588741533458233,0.5333817005157471,0.3412926197052002,0.6245154738426208,0.5777782797813416,0.8770493865013123,0.9369035959243774,0.4516669809818268,26.76674331119284,26.844680607318878
274,1.095595815037721,0.7920445203781128,0.009362873621284962,0.510806143283844,0.34199249744415283,0.6149688363075256,0.5518177151679993,0.8825220465660095,0.9389960765838623,0.4474543035030365,27.258822863921523,27.329988448880613
275,1.0953408179667172,0.7456135749816895,0.008600886911153793,0.5182607173919678,0.34839606285095215,0.6307253241539001,0.5526685118675232,0.8727494478225708,0.9378003478050232,0.4546237885951996,26.832827459089458,26.903534108307213
276,1.0955865063123256,0.7888634204864502,0.009910248219966888,0.5122703313827515,0.34596481919288635,0.6170738935470581,0.538595974445343,0.8790268898010254,0.9438938498497009,0.4484737515449524,26.96632850682363,27.037286043632776
277,1.0959645041683377,0.7340771555900574,0.008916394785046577,0.514743983745575,0.3475671112537384,0.6213057041168213,0.5352618098258972,0.886224091053009,0.9442847371101379,0.45034611225128174,26.74516497924924,26.81614291621372
278,1.0968147384240323,0.7681453824043274,0.008768133819103241,0.5043540596961975,0.3436233401298523,0.6203554272651672,0.5570144057273865,0.8802225589752197,0.9319598078727722,0.44990089535713196,26.97591708227992,27.046924968250096
279,1.0976501515247679,0.7742985486984253,0.009176238439977169,0.5438368916511536,0.34796568751335144,0.6222854256629944,0.5515877604484558,0.8972843885421753,0.9510450959205627,0.4503706395626068,26.773682119324803,26.844428117386997
280,1.0960691967266518,0.7287221550941467,0.008286622352898121,0.4719897210597992,0.34368106722831726,0.6209121942520142,0.5414012670516968,0.8681045770645142,0.9288325905799866,0.4496031701564789,26.996907179243863,27.067512028850615
281,1.0965824119196643,0.7586258053779602,0.008304782211780548,0.5144917368888855,0.34708401560783386,0.6305822730064392,0.5494033098220825,0.8727034330368042,0.9361447691917419,0.4545154571533203,26.78713181987405,26.8580641169101
282,1.09646123367668,0.7995737195014954,0.008534855209290981,0.5193869471549988,0.3439231216907501,0.6211977005004883,0.5648784637451172,0.8769574165344238,0.9378233551979065,0.45025020837783813,27.020431022159755,27.189516078215092
283,1.0950628419050434,0.7294344902038574,0.008496717549860477,0.5157466530799866,0.34624820947647095,0.6267083883285522,0.5583940744400024,0.887074887752533,0.9369035959243774,0.4527665674686432,27.173502209130675,27.24486738210544
284,1.095267995491924,0.7333936095237732,0.008730662055313587,0.49981048703193665,0.34431901574134827,0.6208887100219727,0.5475867390632629,0.8727954030036926,0.9318448305130005,0.4500991106033325,26.83322676504031,26.904061442706734
285,1.0967623243395914,0.7713079452514648,0.008692655712366104,0.48142436146736145,0.3403400182723999,0.6276282072067261,0.5631539225578308,0.8639196157455444,0.9186230897903442,0.45272207260131836,27.0437013967894,27.114580544643104
286,1.0956999647537333,0.7383629679679871,0.008909129537642002,0.5003606081008911,0.3462776243686676,0.6270561814308167,0.5474487543106079,0.8801305890083313,0.93338543176651,0.4529682695865631,27.06498165987432,27.462281961925328
287,1.0966530674255934,0.7372475862503052,0.00881241075694561,0.5156800746917725,0.3462863862514496,0.6177643537521362,0.5528524518013,0.8820851445198059,0.9407666325569153,0.448698490858078,27.213774954900146,27.35307755181566
288,1.093882161898901,0.7366363406181335,0.00946385320276022,0.5165774822235107,0.34526675939559937,0.6227948665618896,0.548782467842102,0.8762675523757935,0.9340983033180237,0.4510768949985504,26.79370900709182,26.87234103307128
289,1.0955788685171397,0.7550658583641052,0.009658519178628922,0.5044206976890564,0.3463653028011322,0.6232829093933105,0.540895402431488,0.8853732943534851,0.939111053943634,0.45124536752700806,27.12868208484724,27.20331105682999
290,1.0963037618054639,0.7965649962425232,0.008474726229906082,0.4951019585132599,0.3562743067741394,0.6371399164199829,0.503115713596344,0.8813263177871704,0.9354089498519897,0.4571058750152588,26.69913185434416,26.769884140230715
291,1.096659215504691,0.7247841358184814,0.008516363799571991,0.48684749007225037,0.34648916125297546,0.6199949383735657,0.5276736617088318,0.8753017783164978,0.9317758679389954,0.4495711922645569,26.900144240818918,26.97106550494209
292,1.094536949724159,0.736153244972229,0.008194501511752605,0.5525400042533875,0.3423243761062622,0.6236196160316467,0.5816643238067627,0.8864080309867859,0.9462392926216125,0.4507957994937897,26.722441978286952,26.85487489029765
293,1.096946097460369,0.7736152410507202,0.00850132666528225,0.523186206817627,0.3435668647289276,0.626559853553772,0.5704430937767029,0.8784060478210449,0.9299592971801758,0.45274171233177185,26.920293744187802,26.991239208262414
294,1.0963858822048111,0.734247088432312,0.009013641625642776,0.5308800935745239,0.3643452227115631,0.6421533226966858,0.5169352889060974,0.887212872505188,0.9493665099143982,0.45989006757736206,26.713473276700824,26.783968154806644
295,1.0967234381093274,0.7233226299285889,0.008291995152831078,0.5002435445785522,0.3495155870914459,0.6286091208457947,0.5411023497581482,0.8813263177871704,0.9330865144729614,0.45355701446533203,26.92837995197624,27.000681434292346
296,1.0980919239505025,0.8040533661842346,0.008452032692730427,0.5183824896812439,0.3426061272621155,0.6167905330657959,0.5680286884307861,0.8867529630661011,0.9386511445045471,0.44828060269355774,26.929285384248942,27.125476993154734
297,1.0959418304014525,0.7699610590934753,0.009124387986958027,0.5353643298149109,0.34975719451904297,0.6371868848800659,0.550277054309845,0.8790498971939087,0.9406516551971436,0.4575151205062866,26.703540965914726,26.774051844142377
298,1.09529870788523,0.745268702507019,0.008844536729156971,0.508072018623352,0.34273025393486023,0.6123055815696716,0.5493803024291992,0.8857642412185669,0.9414334893226624,0.44634759426116943,27.048666540998966,27.119958431925625
299,1.0956512217553669,0.7606194019317627,0.00927102379500866,0.5087507367134094,0.34414902329444885,0.6230171918869019,0.5609234571456909,0.8746809363365173,0.9313389658927917,0.4510744512081146,26.79437386384234,26.869569801259786
300,1.0962387359382322,0.7867432832717896,0.009497500024735928,0.5322978496551514,0.34785956144332886,0.6223934888839722,0.5499321818351746,0.8905010223388672,0.9417554140090942,0.4506482779979706,26.938506121747196,27.009068879764527
301,1.0972753819203216,0.7568061947822571,0.008846677839756012,0.5489626526832581,0.35058045387268066,0.6325963139533997,0.5545080304145813,0.8929154276847839,0.9425832033157349,0.45513027906417847,26.721501706168056,26.79319672426209
302,1.0956854996265182,0.7963593602180481,0.008593009784817696,0.5187230706214905,0.34770888090133667,0.6179787516593933,0.5281335711479187,0.8884775638580322,0.9477568864822388,0.448793888092041,27.249941875226796,27.426730235107243
303,1.0951924664062143,0.7602569460868835,0.009325775317847729,0.5266921520233154,0.34592825174331665,0.6197084784507751,0.546483039855957,0.8865460157394409,0.9435489177703857,0.4494629204273224,26.93451993819326,27.005789529066533
304,1.0965696197228143,0.7411248683929443,0.009264531545341015,0.48699721693992615,0.3471817076206207,0.628119945526123,0.5296971797943115,0.8729333877563477,0.9289475679397583,0.45305776596069336,26.956334796268493,27.0329776792787
305,1.0947966827642197,0.7434341311454773,0.008766564540565014,0.5139002203941345,0.34223079681396484,0.6312192678451538,0.5671089291572571,0.8811883330345154,0.9310400485992432,0.45482495427131653,26.717925427947193,26.788676253985614
306,1.095282825447569,0.768582284450531,0.009009205736219883,0.5587784647941589,0.341158926486969,0.617463231086731,0.5769044756889343,0.8927544951438904,0.9469290971755981,0.447457879781723,26.96631962712854,27.03693831525743
307,1.0951216964913695,0.7865239977836609,0.008883265778422356,0.49822333455085754,0.3502524495124817,0.6203632950782776,0.5167283415794373,0.8761295676231384,0.9359838366508484,0.4499073028564453,26.81714616296813,26.887926138937473
308,1.0974281582256291,0.7110987305641174,0.008058176375925541,0.5161157250404358,0.34286999702453613,0.6263777613639832,0.5720527172088623,0.8757616877555847,0.9311779737472534,0.4527590870857239,27.262892260681838,27.335986335761845
309,1.0965836820186385,0.728930652141571,0.009184064343571663,0.5166996121406555,0.3504272401332855,0.6213217377662659,0.5229368209838867,0.8859251737594604,0.9418013691902161,0.4504632353782654,27.55449434928596,27.625353023875505
310,1.095736732018874,0.8228589296340942,0.00892452523112297,0.5186835527420044,0.347231388092041,0.61905837059021,0.555864691734314,0.8832118511199951,0.9377313852310181,0.44927456974983215,26.774876445997506,26.845829910133034
311,1.0951437754119002,0.757300853729248,0.009682253934442997,0.5021066069602966,0.3384605646133423,0.6159932613372803,0.5676147937774658,0.8725884556770325,0.9319598078727722,0.4479745328426361,27.383660995867103,27.454295842908323
312,1.094635282186854,0.7536198496818542,0.008959553204476833,0.5265223979949951,0.34747248888015747,0.6233839988708496,0.5508749485015869,0.8834187984466553,0.9441468119621277,0.4512139558792114,26.85771336592734,26.92862020013854
313,1.0947103180341273,0.7792677879333496,0.009144027717411518,0.5181686282157898,0.3447725772857666,0.6256389617919922,0.5681666731834412,0.8845224976539612,0.9364206790924072,0.45234552025794983,27.063768288120627,27.135729883331805
314,1.0967484424578264,0.7935046553611755,0.009407388977706432,0.5288558006286621,0.3450929522514343,0.6201770305633545,0.5653613805770874,0.88530433177948,0.9435259699821472,0.4497378170490265,26.889896671287715,26.960682136937976
315,1.0965958381659233,0.7542210221290588,0.008571330457925797,0.48007529973983765,0.34063228964805603,0.6193811297416687,0.5465750098228455,0.8680126070976257,0.9266710877418518,0.44917023181915283,26.927137913182378,26.99881551042199
316,1.094836527069143,0.7312227487564087,0.008200390264391899,0.5173214673995972,0.3459222614765167,0.6228352785110474,0.5494492650032043,0.8747499585151672,0.9379843473434448,0.4510771930217743,26.891846124082804,26.9627796378918
317,1.096066678930449,0.7311030626296997,0.00848739966750145,0.5298852920532227,0.34722602367401123,0.6219898462295532,0.5511968731880188,0.8936282992362976,0.9426751732826233,0.4505563974380493,27.13417179696262,27.205355789046735
318,1.0963427072403416,0.7954554557800293,0.00823050644248724,0.5227798819541931,0.3479645252227783,0.6246984004974365,0.5520246624946594,0.8794177770614624,0.9367656111717224,0.4519074261188507,27.129794035106897,27.200790328904986
319,1.0948997527960962,0.7659896016120911,0.009360291995108128,0.5144698619842529,0.3450690805912018,0.6202204823493958,0.5568074584007263,0.8815332651138306,0.9400078058242798,0.4498617947101593,26.94205532129854,27.012587748933583
320,1.0982203171557228,0.7705247402191162,0.009598438628017902,0.497848242521286,0.33920562267303467,0.6152732372283936,0.5603485703468323,0.8723125457763672,0.9291545152664185,0.44767677783966064,26.79785365285352,26.868717378005385
321,1.0940504286113202,0.776309609413147,0.00905647873878479,0.507989764213562,0.3521398603916168,0.6199032664299011,0.5149807929992676,0.8822460770606995,0.948101818561554,0.4497623145580292,27.04225873807445,27.112818245310336
322,1.095309495125841,0.7740969061851501,0.00957036204636097,0.5119696259498596,0.34459781646728516,0.616942286491394,0.5532893538475037,0.8803835511207581,0.936535656452179,0.4483473300933838,26.710224147420377,26.780908183194697
323,1.0948076304173309,0.7012390494346619,0.009523989632725716,0.5681798458099365,0.34713953733444214,0.6237863898277283,0.5772724151611328,0.8983650803565979,0.9523327946662903,0.45022717118263245,26.91974308807403,26.990435354411602
324,1.098364303176035,0.7325983047485352,0.007971374318003654,0.5758249163627625,0.34338128566741943,0.6336236000061035,0.587665855884552,0.8998137712478638,0.946860134601593,0.45491111278533936,26.94080918189138,27.01192566473037
325,1.0969989423783832,0.770078718662262,0.008610108867287636,0.5191061496734619,0.34960630536079407,0.6315013766288757,0.5475637316703796,0.8740831017494202,0.9345811605453491,0.4549843370914459,26.761498133651912,26.832387888804078
326,1.0947497831094986,0.7602934837341309,0.009558139368891716,0.5074690580368042,0.34580305218696594,0.6250853538513184,0.5487134456634521,0.885695219039917,0.9355009198188782,0.45208337903022766,26.973000845871866,27.04363655205816
327,1.0957336065753194,0.7358982563018799,0.009181348606944084,0.509604811668396,0.3462445139884949,0.6284499168395996,0.5551288723945618,0.8720825910568237,0.9348111152648926,0.4536098539829254,26.759991575032473,26.830770750995725
328,1.094854490468966,0.7478809356689453,0.008921220898628235,0.5370332598686218,0.35209086537361145,0.6243913769721985,0.5177171230316162,0.894961953163147,0.9548851251602173,0.45152175426483154,26.968245801050216,27.039124055299908
329,1.0968047512457675,0.7392595410346985,0.008431886322796345,0.5192158222198486,0.3415042757987976,0.6228318214416504,0.5791579484939575,0.8713697791099548,0.9311779737472534,0.4510430693626404,26.77026203693822,26.84137587901205
330,1.0950817793807728,0.7520403265953064,0.008288401179015636,0.535305380821228,0.35098889470100403,0.6365441679954529,0.538457989692688,0.8841546177864075,0.941272497177124,0.45722469687461853,27.002302954904735,27.07325531868264
331,1.0944126036343158,0.76066654920578,0.008787211962044239,0.5187047719955444,0.34500324726104736,0.6167768239974976,0.5550599098205566,0.8882706165313721,0.9423992037773132,0.44823282957077026,26.76326996413991,26.834060199093074
332,1.0957079585766631,0.7379215955734253,0.009647278115153313,0.4832973778247833,0.3405017852783203,0.614728569984436,0.5441145896911621,0.8750258684158325,0.9307411313056946,0.44721856713294983,27.005795022007078,27.2765542906709
333,1.096730667872717,0.7562330365180969,0.009267900139093399,0.5190459489822388,0.34888461232185364,0.6204118132591248,0.5367563962936401,0.8874198198318481,0.9432270526885986,0.44990062713623047,26.796642736066133,26.86759540019557
334,1.0962652312029129,0.7617883682250977,0.00816253200173378,0.5230482220649719,0.3469216823577881,0.6229321956634521,0.5577042698860168,0.8876957297325134,0.9412494897842407,0.451079785823822,26.988983671646565,27.059981814585626
335,1.0965569523356904,0.7485229969024658,0.009100420400500298,0.5003050565719604,0.33971938490867615,0.6174309253692627,0.5650854110717773,0.8775092363357544,0.9320977926254272,0.4486139118671417,26.779232771135867,26.8498147088103
336,1.0956446836458757,0.7672045826911926,0.009096935391426086,0.5460624694824219,0.3465730845928192,0.6190575361251831,0.5500931143760681,0.8948929905891418,0.9521948099136353,0.44872137904167175,27.00880568381399,27.079470589756966
337,1.09501403850197,0.7401458621025085,0.008646304719150066,0.5057458281517029,0.34137794375419617,0.6130474805831909,0.5525765419006348,0.883533775806427,0.9340752959251404,0.44661080837249756,27.079992843791842,27.15049749193713
338,1.096393330785252,0.7804808616638184,0.008201208896934986,0.5241857171058655,0.3495490252971649,0.6237776279449463,0.5285934209823608,0.893053412437439,0.9484696984291077,0.4514229893684387,26.767891619820148,26.88489961484447
339,1.095570664677844,0.7636817097663879,0.008567798882722855,0.5037910342216492,0.3421858847141266,0.6182371377944946,0.5570604205131531,0.879854679107666,0.9330865144729614,0.4490102231502533,27.125200693961233,27.195786881260574
340,1.0985746699691619,0.758526086807251,0.009289352223277092,0.5171555280685425,0.34642577171325684,0.621424674987793,0.5443445444107056,0.8879256844520569,0.9439398646354675,0.45042213797569275,26.857902481686324,26.934525011572987
341,1.0968925052841239,0.752329409122467,0.009048301726579666,0.5146334767341614,0.34773877263069153,0.6280432343482971,0.5590149164199829,0.882614016532898,0.9373864531517029,0.45350146293640137,26.91352145234123,26.984056160319597
342,1.0980461367824734,0.7190310955047607,0.008139192126691341,0.5483315587043762,0.3466006815433502,0.6259585618972778,0.5509669184684753,0.8954678177833557,0.9493665099143982,0.4519606828689575,26.814070229884237,26.884429809171706
343,1.0954509869517897,0.7383842468261719,0.009233981370925903,0.5315841436386108,0.3403475284576416,0.6167459487915039,0.5595207810401917,0.8883165717124939,0.940881609916687,0.44798630475997925,26.931934675667435,27.00287388963625
344,1.0966447419768213,0.7436201572418213,0.008377972058951855,0.5162222385406494,0.3439556658267975,0.6153724789619446,0.5493113398551941,0.8832348585128784,0.9450665712356567,0.44767042994499207,26.84317948203534,26.91408376675099
345,1.094599474196466,0.761641263961792,0.009232710115611553,0.5096746683120728,0.33769309520721436,0.6148436665534973,0.5724896192550659,0.885166347026825,0.9356389045715332,0.44744613766670227,26.973199563100934,27.044207076076418
346,1.0948938635371674,0.7734706401824951,0.009183418937027454,0.5043728947639465,0.3427232801914215,0.6179845929145813,0.5450803637504578,0.8788889050483704,0.9332704544067383,0.4488277733325958,26.75584149500355,26.82665344979614
347,1.094636436276788,0.7585593461990356,0.009135646745562553,0.5157806277275085,0.35314813256263733,0.6321755647659302,0.537216305732727,0.8879256844520569,0.941134512424469,0.45523446798324585,27.06860272400081,27.139563626609743
348,1.0965196750308044,0.7528616189956665,0.007931032218039036,0.5432679057121277,0.35160571336746216,0.6232996582984924,0.537216305732727,0.8951228857040405,0.9518958926200867,0.4508432447910309,26.763802589848638,26.834271817933768
349,1.0974387518511524,0.8142096400260925,0.007780455052852631,0.570408821105957,0.3470718264579773,0.622373640537262,0.5563015937805176,0.9045735597610474,0.959070086479187,0.44950056076049805,27.06270766025409,27.133390706032515
350,1.0954893231391907,0.7552886605262756,0.01009210105985403,0.5266330242156982,0.3377061188220978,0.6159359216690063,0.5700061917304993,0.8827059864997864,0.9372714757919312,0.4477301239967346,26.92532752919942,26.99573411932215
351,1.0945583245898254,0.7372723817825317,0.009343381971120834,0.5368801951408386,0.3416355550289154,0.6170631051063538,0.5742831230163574,0.8854882717132568,0.9419163465499878,0.44808313250541687,26.77141515724361,26.842573939356953
352,1.096665697209787,0.7114668488502502,0.008271973580121994,0.55733722448349,0.3413812220096588,0.6273040175437927,0.583457887172699,0.8913518190383911,0.9403757452964783,0.4524030387401581,27.094539646990597,27.165118103846908
353,1.0949988197160248,0.7416393160820007,0.009021761827170849,0.502947211265564,0.3441474139690399,0.6189244985580444,0.5478397011756897,0.8767504692077637,0.9398468732833862,0.4492991864681244,26.733793925028294,26.807002407032996
354,1.0961941088606046,0.8166019916534424,0.009219205938279629,0.5601491928100586,0.3472881019115448,0.6328763365745544,0.5760537385940552,0.8907769918441772,0.9404677152633667,0.4550260603427887,29.002305712085217,29.074663222767413
355,1.09609867182354,0.7649633884429932,0.00825299508869648,0.5282924175262451,0.34568914771080017,0.6186745762825012,0.5548989176750183,0.8822460770606995,0.9433879852294922,0.4489908814430237,27.924433955922723,28.01023308793083
356,1.0947519888813864,0.7888613939285278,0.009682842530310154,0.5177281498908997,0.3474382162094116,0.629577100276947,0.5386189818382263,0.8867759704589844,0.9352250099182129,0.45407232642173767,27.169196334667504,27.240020929835737
357,1.0954557405222183,0.7553932070732117,0.00846244115382433,0.501284122467041,0.34322839975357056,0.615149736404419,0.5543700456619263,0.8836257457733154,0.9349950551986694,0.4476131796836853,26.956360443029553,27.0280695091933
358,1.0965270128026106,0.7872677445411682,0.00919951219111681,0.5199754238128662,0.3413868844509125,0.6140087246894836,0.5578882098197937,0.884453535079956,0.9401457905769348,0.44696465134620667,27.00914112990722,27.079876706004143
359,1.0949480413590502,0.7172837257385254,0.008775846101343632,0.54316246509552,0.3441191613674164,0.6317095160484314,0.5776863098144531,0.8879026770591736,0.9394329786300659,0.45494788885116577,26.705087625887245,26.775456157978624
360,1.0961285937552485,0.7234964966773987,0.009117317385971546,0.5089083909988403,0.3421604633331299,0.6152934432029724,0.5615442991256714,0.8793718218803406,0.9314769506454468,0.447708398103714,26.89836654672399,26.969223245047033
361,1.0979278867676754,0.7567492723464966,0.008738753385841846,0.536634087562561,0.3459976613521576,0.6202989220619202,0.5580031871795654,0.8908229470252991,0.9475729465484619,0.44961971044540405,26.700850260909647,26.77168516907841
362,1.0956019671171304,0.8168617486953735,0.008833924308419228,0.48132526874542236,0.33983564376831055,0.6145700216293335,0.5569454431533813,0.8667709231376648,0.929844319820404,0.44714993238449097,26.902919276617467,26.973402687814087
363,1.0951111036659087,0.7604162693023682,0.009424692951142788,0.48506733775138855,0.348023921251297,0.6294175982475281,0.5370093584060669,0.8681965470314026,0.9234059453010559,0.4535842537879944,26.898304706905037,27.150361143052578
364,1.0969768474566057,0.80189448595047,0.008928677067160606,0.5274859666824341,0.3478664457798004,0.6190118789672852,0.5432868003845215,0.8938812017440796,0.946722149848938,0.4491802155971527,26.690834266133606,26.761530083138496
365,1.0960590587366348,0.7395225167274475,0.007595450151711702,0.5277004241943359,0.34869927167892456,0.6208367943763733,0.5530593991279602,0.887603759765625,0.946469247341156,0.45008382201194763,26.958511223085225,27.02912242989987
366,1.0969305870516988,0.7456721663475037,0.009528153575956821,0.516876757144928,0.34333667159080505,0.6139438152313232,0.548644483089447,0.8903630971908569,0.9435259699821472,0.4469525218009949,26.748586784116924,26.92966423695907
367,1.0957018320992489,0.7782177329063416,0.00930760521441698,0.5308762788772583,0.3425489366054535,0.6148484349250793,0.5628319978713989,0.8857871890068054,0.9460783004760742,0.4471605122089386,26.882887079846114,26.953830915037543
368,1.0961077813334112,0.8051186203956604,0.00905617419630289,0.5071926116943359,0.3458918035030365,0.6223170161247253,0.548644483089447,0.8741291165351868,0.9366046786308289,0.4508114457130432,26.68692547781393,26.757553164847195
369,1.0972829001061868,0.7705903649330139,0.008098571561276913,0.5544993877410889,0.34813979268074036,0.6256042122840881,0.5548299551010132,0.8951228857040405,0.9481478333473206,0.4516165256500244,26.891038488131016,26.961735235061496
370,1.0972904554949512,0.7429511547088623,0.009292897768318653,0.504922091960907,0.3451840877532959,0.6158294081687927,0.5442295670509338,0.8797857165336609,0.9367196559906006,0.44789305329322815,26.6937672868371,26.764471523929387
371,1.0980305495678178,0.749951183795929,0.008080745115876198,0.5102955102920532,0.34651461243629456,0.6210566759109497,0.5429189205169678,0.8801076412200928,0.9380992650985718,0.45027410984039307,26.936561905778944,27.00746125075966
372,1.095522614533469,0.7582960724830627,0.008843478746712208,0.507007360458374,0.34666022658348083,0.6185675859451294,0.5415622591972351,0.873738169670105,0.9378463625907898,0.4491574764251709,26.87783331470564,26.948994926642627
373,1.0958871213381722,0.7330375909805298,0.00875594187527895,0.5577515959739685,0.3440711498260498,0.6196653246879578,0.569339394569397,0.8935362696647644,0.9452965259552002,0.4486105442047119,27.053637973964214,27.33467007568106
374,1.0965563466884947,0.7273751497268677,0.008434073068201542,0.5364893078804016,0.34080013632774353,0.6343773603439331,0.5821701884269714,0.8828899264335632,0.9286486506462097,0.45620137453079224,26.764748950954527,26.835538006853312
375,1.0962471813963564,0.7474960684776306,0.008749828673899174,0.4709753394126892,0.3433229923248291,0.6198611259460449,0.5383200645446777,0.8718526363372803,0.9278898239135742,0.4493303596973419,26.911200320348144,27.03589490102604
376,1.0970711480051079,0.7112677693367004,0.009863247163593769,0.528216540813446,0.34634751081466675,0.618045449256897,0.5405964851379395,0.8902021050453186,0.9492745399475098,0.448739618062973,26.692664796952158,26.763198534958065
377,1.0959787896815563,0.7713592052459717,0.010303596034646034,0.4990205466747284,0.3565065562725067,0.6364856362342834,0.5028167963027954,0.88314288854599,0.9401917457580566,0.456978440284729,26.905573619995266,26.97593720862642
378,1.0976799402460955,0.8230377435684204,0.008490201085805893,0.5075269937515259,0.35142865777015686,0.6227893829345703,0.5271447896957397,0.881763219833374,0.9418243765830994,0.4510596692562103,26.88205412682146,26.952458765823394
379,1.0952503657180992,0.7340478897094727,0.008621620014309883,0.5598495602607727,0.34892773628234863,0.6218586564064026,0.5517717003822327,0.8953988552093506,0.9541033506393433,0.449648380279541,26.83828949276358,26.909005030058324
380,1.0951733541168622,0.7624732851982117,0.008566949516534805,0.4946400225162506,0.34557485580444336,0.6185444593429565,0.5296052098274231,0.8764285445213318,0.939961850643158,0.4490586817264557,27.04551680618897,27.11618679203093
381,1.0978457755690454,0.7685885429382324,0.009000664576888084,0.5223926305770874,0.35040873289108276,0.6277870535850525,0.5478626489639282,0.8792108297348022,0.93805330991745,0.45324963331222534,26.7112669730559,26.78176969103515
382,1.0950446960910054,0.7924219369888306,0.008392919786274433,0.497660368680954,0.35281145572662354,0.6256068348884583,0.5202004909515381,0.8794867396354675,0.9365127086639404,0.4520946145057678,26.90734431380406,26.97808896098286
383,1.0956206621739688,0.7911404371261597,0.008360196836292744,0.5168731808662415,0.3425043523311615,0.6195365786552429,0.5563246011734009,0.8825910091400146,0.9340292811393738,0.44958651065826416,26.72127626510337,26.990614498965442
384,1.0964579866236488,0.7301439046859741,0.008816470392048359,0.5266085863113403,0.3443416953086853,0.6220850944519043,0.5498172044754028,0.8815562725067139,0.937340497970581,0.45056644082069397,26.928717866074294,26.999200474005193
385,1.0950074667898602,0.8068169951438904,0.008529487065970898,0.5021893382072449,0.344443678855896,0.6209351420402527,0.5561176538467407,0.8781071305274963,0.9343281984329224,0.450161337852478,26.729981088079512,26.944060939829797
386,1.0967253674596749,0.7612461447715759,0.008447426371276379,0.5059643983840942,0.3423430025577545,0.6160497665405273,0.5497022271156311,0.8790268898010254,0.9358458518981934,0.4479833245277405,26.917340565938503,26.98835887014866
387,1.096690685557039,0.7279735803604126,0.008144941180944443,0.5276669263839722,0.34549978375434875,0.620312511920929,0.5614293217658997,0.8875807523727417,0.9445146918296814,0.4498099088668823,26.711216253694147,26.7817598618567
388,1.0966888570145472,0.7283687591552734,0.009380237199366093,0.5357903242111206,0.3436298072338104,0.6187790036201477,0.5597737431526184,0.8863850831985474,0.9440088272094727,0.44886478781700134,26.928776744753122,26.99921016395092
389,1.096028296739463,0.7444487810134888,0.008026155643165112,0.5500189065933228,0.34500619769096375,0.6234328150749207,0.560210645198822,0.8973763585090637,0.9500563144683838,0.45077237486839294,26.72697656461969,26.797558191698045
390,1.095817377103255,0.7492325901985168,0.009356961585581303,0.5057942867279053,0.34657853841781616,0.619291365146637,0.5362045764923096,0.8738991618156433,0.94049072265625,0.44947442412376404,26.91231922013685,26.982793489005417
391,1.0947659883723162,0.763259768486023,0.009176830761134624,0.49163535237312317,0.3452971279621124,0.6256862282752991,0.5548759698867798,0.868288516998291,0.9256593585014343,0.4520971179008484,26.950516882818192,27.020844243001193
392,1.096041198144823,0.7460365295410156,0.0083641791716218,0.4956655204296112,0.34318238496780396,0.6188904047012329,0.5430338978767395,0.8730483651161194,0.9317298531532288,0.44920414686203003,26.759585767053068,26.83026649383828
393,1.0956400332834897,0.756375253200531,0.009544368833303452,0.5276861190795898,0.33708325028419495,0.6128185391426086,0.5815953612327576,0.8830279111862183,0.938973069190979,0.4462466835975647,26.884847051929682,27.145856550894678
394,1.094675914553188,0.7592802047729492,0.007799558807164431,0.5388268828392029,0.3436638116836548,0.6248281002044678,0.5671089291572571,0.8843385577201843,0.9402837753295898,0.45172926783561707,26.690390977077186,26.76133291097358
395,1.0958281199404056,0.7785237431526184,0.008517156355082989,0.5414118766784668,0.34730154275894165,0.6263963580131531,0.561981201171875,0.8829818964004517,0.9452505111694336,0.4524051547050476,26.914927267935127,26.985434076283127
396,1.0962243592179062,0.7751513123512268,0.009282304905354977,0.510517418384552,0.3426351249217987,0.6174366474151611,0.565913200378418,0.8766354918479919,0.9362367391586304,0.4485502243041992,26.700112842023373,26.770650460384786
397,1.0966473345788532,0.7938624024391174,0.008780121803283691,0.5092517733573914,0.3462856113910675,0.6182785034179688,0.5331233143806458,0.8796017169952393,0.9367886185646057,0.44895002245903015,26.90277281496674,26.97341377194971
398,1.0959091718564897,0.7759457230567932,0.009348051622509956,0.5373191237449646,0.3508557379245758,0.6332972049713135,0.5473797917366028,0.8842465877532959,0.9416863918304443,0.45571568608283997,26.79871183214709,26.869491757825017
399,1.0952318410745403,0.7619182467460632,0.008675286546349525,0.4956836998462677,0.3436259925365448,0.6185610294342041,0.5476327538490295,0.8837177157402039,0.932603657245636,0.449097603559494,27.105697005055845,27.176508171018213
400,1.0967041666075688,0.7723178863525391,0.008927186019718647,0.5383518934249878,0.3399393558502197,0.6188147664070129,0.5792039632797241,0.8855802416801453,0.9429740905761719,0.44884252548217773,26.891947409603745,26.96287510357797
401,1.096671859690007,0.8168869018554688,0.00870208814740181,0.604913055896759,0.34563660621643066,0.6300345659255981,0.5730414390563965,0.9097012877464294,0.9549541473388672,0.4514043629169464,27.001134276855737,27.071866563986987
402,1.0972982857051312,0.7448338866233826,0.009252355434000492,0.5155894756317139,0.35200729966163635,0.6368160247802734,0.5287314057350159,0.8743360638618469,0.9371795058250427,0.45727384090423584,26.69427526788786,26.764684055931866
403,1.0972378269938015,0.7391695380210876,0.008623380213975906,0.5140071511268616,0.3441253900527954,0.6244315505027771,0.56428062915802,0.870587944984436,0.9340062737464905,0.45179498195648193,26.980678604915738,27.104800878092647
404,1.0947110836937923,0.786759614944458,0.00983501598238945,0.5141154527664185,0.3388217091560364,0.6169304251670837,0.5657982230186462,0.8804065585136414,0.9365586638450623,0.4483621418476105,27.137827816884965,27.208490561693907
405,1.096157945242504,0.7649811506271362,0.008653927594423294,0.4873867630958557,0.34646961092948914,0.6166723966598511,0.535376787185669,0.8741291165351868,0.9305801391601562,0.44812527298927307,26.73552281036973,26.80626529501751
406,1.095230101338969,0.7768625020980835,0.009789600968360901,0.5342501401901245,0.34545308351516724,0.6221728324890137,0.5598887205123901,0.8876727223396301,0.9432960152626038,0.4505630433559418,26.9121208996512,26.98248860798776
407,1.097041416888269,0.7676814198493958,0.008355584926903248,0.513763964176178,0.33934587240219116,0.6133428812026978,0.5688334703445435,0.8793947696685791,0.9370875358581543,0.4467735290527344,26.69357395078987,26.764300495851785
408,1.0952637563615837,0.7594293355941772,0.009105795994400978,0.5131675601005554,0.3428192138671875,0.6197527050971985,0.5552208423614502,0.8805215358734131,0.9343512058258057,0.44965222477912903,26.909157116897404,26.97992241103202
409,1.0960460269211123,0.7869408130645752,0.00845530815422535,0.5355042219161987,0.3454854488372803,0.6193861365318298,0.5542551279067993,0.8833038210868835,0.9447446465492249,0.4491949677467346,26.71411999920383,26.785091381985694
410,1.0955226565367424,0.7534562349319458,0.008842118084430695,0.49202027916908264,0.3472054898738861,0.623096764087677,0.5365724563598633,0.874864935874939,0.9411575198173523,0.4509696364402771,26.918009078130126,26.989473797380924
411,1.0965822731088473,0.8036177754402161,0.008911858312785625,0.5250381827354431,0.3475865423679352,0.6253345608711243,0.5398146510124207,0.8788199424743652,0.9380763173103333,0.4521850645542145,26.790668862871826,26.8613125490956
412,1.0973546756994004,0.8125670552253723,0.008830929175019264,0.5043236017227173,0.35439348220825195,0.6276759505271912,0.5170732736587524,0.8786589503288269,0.9466071724891663,0.4531729817390442,27.10484127793461,27.175748490728438
413,1.0950740351772947,0.7096254825592041,0.008373907767236233,0.5036152601242065,0.34386560320854187,0.6199259161949158,0.5408723950386047,0.875646710395813,0.9350180625915527,0.44973433017730713,26.89659526804462,26.967167404014617
414,1.0960418689971003,0.7505950927734375,0.00952126458287239,0.5096690058708191,0.3465559780597687,0.6162103414535522,0.5344110131263733,0.8841776251792908,0.936282753944397,0.44805559515953064,27.10517317522317,27.175986780319363
415,1.0949063181077074,0.7213879823684692,0.008853396400809288,0.5251076221466064,0.35218545794487,0.6255048513412476,0.5313757658004761,0.8923636078834534,0.9460553526878357,0.4522254467010498,26.89153396198526,26.962152257561684
416,1.0945187255040112,0.7703676819801331,0.00876231212168932,0.5109689831733704,0.3431680500507355,0.6134161949157715,0.5564855337142944,0.878084123134613,0.9397549033164978,0.44681909680366516,27.107181866653264,27.177958332002163
417,1.0978795474007625,0.7345591187477112,0.008496241644024849,0.514045238494873,0.3441058397293091,0.6252575516700745,0.5534963011741638,0.880843460559845,0.9355469346046448,0.45211857557296753,27.025849455967546,27.096453031990677
418,1.096505128697261,0.746975302696228,0.009029083885252476,0.5250625014305115,0.3468746244907379,0.6241998076438904,0.5459311604499817,0.8787509202957153,0.9414334893226624,0.45165300369262695,26.894445722922683,26.965827523265034
419,1.0958740319181608,0.740394651889801,0.008848820813000202,0.5152595043182373,0.34513339400291443,0.619538426399231,0.5530363917350769,0.8823610544204712,0.940881609916687,0.4495337903499603,27.046120177023113,27.11665619397536
420,1.0951845749912645,0.7194787859916687,0.008826135657727718,0.511599063873291,0.34659749269485474,0.6242752075195312,0.5384809970855713,0.8901331424713135,0.9400308132171631,0.45169875025749207,26.723254167940468,26.794086902868003
421,1.0946261162725872,0.7199979424476624,0.009231803007423878,0.4944917857646942,0.3403891324996948,0.6231195330619812,0.563613772392273,0.8761066198348999,0.9292694926261902,0.4510880410671234,26.915022275410593,26.985982458107173
422,1.0957091458691846,0.728702962398529,0.008910208009183407,0.504690408706665,0.339302659034729,0.6255561113357544,0.5738922357559204,0.8722665309906006,0.9259812831878662,0.4522775709629059,26.728780060075223,26.799833051860332
423,1.0975621954706691,0.864643394947052,0.008603406138718128,0.527355432510376,0.34306421875953674,0.6203181147575378,0.5715928077697754,0.8786819577217102,0.9388580918312073,0.4497118592262268,26.943437993060797,27.014088429044932
424,1.097474282219906,0.7692558169364929,0.008943997323513031,0.5380462408065796,0.34178099036216736,0.6175967454910278,0.5804916024208069,0.8804295063018799,0.945480465888977,0.4482525587081909,26.759250570088625,26.829681297764182
425,1.0956792787417469,0.7938984632492065,0.009058283641934395,0.5258982181549072,0.3533148169517517,0.6327852010726929,0.5263859629631042,0.8905470371246338,0.9430200457572937,0.455526739358902,26.985231033992022,27.05667010275647
426,1.0951740877740335,0.7550323605537415,0.00909420195966959,0.5154009461402893,0.3408930003643036,0.6202164888381958,0.5642576217651367,0.8875347971916199,0.9336383938789368,0.4498874247074127,26.79831647593528,26.869085961021483
427,1.0962271402346209,0.7384426593780518,0.00943511538207531,0.5161669254302979,0.34896060824394226,0.623196542263031,0.5276736617088318,0.8923865556716919,0.9455954432487488,0.4512130618095398,26.95916584506631,27.02972078183666
428,1.0963897869090906,0.7685888409614563,0.008298290893435478,0.5199548006057739,0.3477281928062439,0.6236674189567566,0.5458391904830933,0.8796247243881226,0.9424682259559631,0.4513905644416809,26.774926611687988,26.845641726627946
429,1.094771401194118,0.8197401762008667,0.008829034864902496,0.5268938541412354,0.35208988189697266,0.6205132603645325,0.535905659198761,0.8880406618118286,0.9498493671417236,0.4499485194683075,27.339140087831765,27.422342892736197
430,1.0954274523178202,0.7541439533233643,0.008709324523806572,0.49354156851768494,0.3465547263622284,0.6178634762763977,0.5332152843475342,0.8804755210876465,0.9379383325576782,0.4488005042076111,26.939654166810215,27.011048246640712
431,1.0950616678135507,0.7659083604812622,0.00950733944773674,0.4821583330631256,0.34777647256851196,0.6182470917701721,0.52079838514328,0.8758536577224731,0.933983325958252,0.44873130321502686,27.464933136943728,27.559750529937446
432,1.0946546304945979,0.7644580006599426,0.009563148021697998,0.4811912775039673,0.3455226719379425,0.6164065003395081,0.522568941116333,0.8747039437294006,0.9337073564529419,0.4478887915611267,27.1780997607857,27.308320451062173
433,1.094804074140203,0.8038074374198914,0.009195632301270962,0.5350797772407532,0.3477812111377716,0.6214457750320435,0.559543788433075,0.8885005116462708,0.9472740292549133,0.4502089321613312,26.843601146247238,27.015284119173884
434,1.0950843843837712,0.7581669092178345,0.008811980485916138,0.5293869376182556,0.3468683362007141,0.6245533227920532,0.5514267683029175,0.8923636078834534,0.940881609916687,0.45179522037506104,27.05841332813725,27.129320352338254
435,1.0967163927603087,0.756786584854126,0.008723379112780094,0.5447673201560974,0.34835755825042725,0.6213166117668152,0.5396996736526489,0.8982961177825928,0.9528616666793823,0.4498758912086487,26.87467848090455,27.2765421718359
436,1.0962747671460145,0.7504348158836365,0.008987391367554665,0.5216273665428162,0.34806808829307556,0.6189644932746887,0.5380210876464844,0.8882935643196106,0.9433649778366089,0.4492183029651642,27.059708866290748,27.326305601280183
437,1.0949852054551144,0.7949596643447876,0.008939709514379501,0.5139976739883423,0.35084882378578186,0.6190646886825562,0.5333762764930725,0.8855802416801453,0.9466071724891663,0.4493856728076935,26.931987815070897,27.002714219968766
438,1.0962308377227528,0.7711642384529114,0.00928366556763649,0.5014448165893555,0.3502166271209717,0.6262260675430298,0.531697690486908,0.8801305890083313,0.9419623613357544,0.4524528682231903,26.992361122276634,27.063367335125804
439,1.0953048223617092,0.7737472653388977,0.008910402655601501,0.5167007446289062,0.3588448166847229,0.6352471113204956,0.5179240703582764,0.8822001218795776,0.9406976699829102,0.4566488564014435,26.796202244702727,26.866974849719554
440,1.0968141651793615,0.7978061437606812,0.00870531052350998,0.5516048669815063,0.35606569051742554,0.6301884651184082,0.5321575403213501,0.8905930519104004,0.960196852684021,0.45401498675346375,27.008638134226203,27.079367564991117
441,1.0969560158332723,0.7720386385917664,0.00939024705439806,0.5341674089431763,0.3457883894443512,0.6207250952720642,0.5604405999183655,0.8870978951454163,0.9417783617973328,0.44985538721084595,26.787635860964656,26.858201483264565
442,1.096133837363864,0.7005685567855835,0.008506417274475098,0.5160747170448303,0.3450261056423187,0.6172648072242737,0.544712483882904,0.8825680017471313,0.9406746625900269,0.44847965240478516,27.110620476771146,27.267256723716855
443,1.096407036653301,0.7850159406661987,0.009145790711045265,0.5026315450668335,0.34384480118751526,0.6162686944007874,0.5551978945732117,0.8717376589775085,0.9370415210723877,0.4481297433376312,26.910663495305926,27.15698317391798
444,1.09640350317795,0.7469221949577332,0.00992908887565136,0.5006685256958008,0.3486039936542511,0.6215113997459412,0.5237186551094055,0.8867989778518677,0.9407666325569153,0.45036375522613525,27.01653866423294,27.08709243685007
445,1.0947495258894542,0.766694188117981,0.00851022731512785,0.541361391544342,0.343487948179245,0.6172786951065063,0.5671548843383789,0.8924785852432251,0.9452275037765503,0.4480472803115845,26.98874801164493,27.059509831946343
446,1.095894467110602,0.768719494342804,0.008112117648124695,0.5135324001312256,0.33999770879745483,0.6205984950065613,0.5703051090240479,0.8800386190414429,0.9352020025253296,0.45004332065582275,26.755807073786855,26.826222367119044
447,1.0946526899433775,0.6978093385696411,0.008898229338228703,0.5160515904426575,0.3419182002544403,0.6216766834259033,0.5694313645362854,0.8842005729675293,0.9357078671455383,0.4505476951599121,26.944261664990336,27.015021446160972
448,1.0964073314762754,0.7664169669151306,0.009086422622203827,0.5351234078407288,0.3499431908130646,0.6259807348251343,0.5566465258598328,0.8850973844528198,0.9420772790908813,0.4522882103919983,26.798969290219247,26.87038565520197
449,1.0976781349054119,0.7335819602012634,0.00844772532582283,0.515908420085907,0.3441689610481262,0.6357042789459229,0.5651544332504272,0.8727954030036926,0.9274299144744873,0.4568620026111603,27.10275577707216,27.173623206093907
450,1.0951949021960266,0.7102697491645813,0.008841975592076778,0.5123127698898315,0.34231218695640564,0.6247275471687317,0.5622801184654236,0.8787969350814819,0.9302582144737244,0.45192328095436096,26.773015779908746,26.941882947925478
451,1.0966360673008348,0.7826131582260132,0.008447913452982903,0.5062564015388489,0.3410620391368866,0.6181787848472595,0.5580721497535706,0.8774402737617493,0.9389960765838623,0.44893667101860046,26.9766329289414,27.047993063926697
452,1.096704481832133,0.7417547702789307,0.00926667358726263,0.5400444269180298,0.34088921546936035,0.6187036037445068,0.5761457085609436,0.8916277885437012,0.9409965872764587,0.4487883746623993,26.79156062565744,26.862536513712257
453,1.0957995929173976,0.7788745760917664,0.009099082089960575,0.49313533306121826,0.3442799150943756,0.6197358965873718,0.5368943810462952,0.8841316103935242,0.9335464239120483,0.4495261013507843,26.975302101112902,27.05671395594254
454,1.0965596501459212,0.7433903217315674,0.008187091909348965,0.528827428817749,0.34229809045791626,0.6148967742919922,0.5555657744407654,0.8860171437263489,0.941019594669342,0.44722220301628113,26.76998331816867,26.840694938786328
455,1.0960058757922793,0.709463894367218,0.00794271845370531,0.5338212847709656,0.3466028571128845,0.6294762492179871,0.5652233958244324,0.8842926025390625,0.9394789338111877,0.45399224758148193,27.005811640061438,27.077292254194617
456,1.0962455952727554,0.7729892134666443,0.008882279507815838,0.5108587741851807,0.340851366519928,0.6132991909980774,0.5620501637458801,0.8876497745513916,0.9417783617973328,0.4467245936393738,26.819371378980577,26.890913151670247
457,1.095781887537681,0.7964401245117188,0.008808445185422897,0.510553777217865,0.34807854890823364,0.6221858859062195,0.5447354316711426,0.8878796696662903,0.9404447078704834,0.45077836513519287,27.122663469985127,27.24858058989048
458,1.0960068890712404,0.7882807850837708,0.008897325024008751,0.5309047698974609,0.3450588285923004,0.6207256317138672,0.5665340423583984,0.8856262564659119,0.9419853091239929,0.4499291181564331,26.954549964983016,27.02521287696436
459,1.0965389725345893,0.7242881655693054,0.008470111526548862,0.4844478368759155,0.3438837230205536,0.615468442440033,0.5301340818405151,0.8701740503311157,0.9319828152656555,0.4475063979625702,26.91947825672105,26.99022740777582
460,1.095785675432858,0.7810165286064148,0.00868046935647726,0.5303515791893005,0.34801989793777466,0.6194921135902405,0.5435857176780701,0.8882246017456055,0.9466071724891663,0.4493542015552521,27.03302590828389,27.104349713306874
461,1.0950911817134628,0.7319508790969849,0.009323270060122013,0.4855174720287323,0.34567883610725403,0.6210397481918335,0.5350088477134705,0.8706799149513245,0.9310630559921265,0.4500125050544739,26.812986434902996,26.883481248281896
462,1.0940244873898142,0.7656357288360596,0.009394659660756588,0.5009263753890991,0.3471572995185852,0.6251817941665649,0.5404354929924011,0.8816941976547241,0.9263262152671814,0.45205017924308777,26.992175851017237,27.06308586988598
463,1.0974926560517126,0.7749504446983337,0.00874334666877985,0.49599143862724304,0.3424980342388153,0.6238476634025574,0.5614293217658997,0.8656671643257141,0.9269930124282837,0.45136117935180664,26.77719594258815,26.848241821862757
464,1.0957219268651617,0.7986604571342468,0.009112277999520302,0.5467482805252075,0.3441159427165985,0.6182154417037964,0.5660281777381897,0.897790253162384,0.946469247341156,0.4482804536819458,26.982165039982647,27.052618863992393
465,1.0958180955592418,0.7391018867492676,0.009226437658071518,0.49522069096565247,0.3434925377368927,0.6169934868812561,0.5357906818389893,0.8784520030021667,0.9347191452980042,0.4484458267688751,26.896850509103388,26.967391191981733
466,1.0957515483734592,0.7692343592643738,0.009022122249007225,0.5078635215759277,0.3472729027271271,0.6164568662643433,0.537929117679596,0.8791188597679138,0.9386281371116638,0.4482094943523407,26.96553120808676,27.036105120088905
467,1.0953511759738794,0.7143009901046753,0.009845573455095291,0.532452404499054,0.33975306153297424,0.6231589913368225,0.5772264003753662,0.886224091053009,0.932856559753418,0.4509734809398651,26.80577567918226,26.87689297599718
468,1.0951283270080618,0.7479144334793091,0.007716140244156122,0.5088003873825073,0.34257715940475464,0.6286734938621521,0.5729264616966248,0.8769803643226624,0.9285796284675598,0.45363953709602356,27.195335072930902,27.2666180790402
469,1.0988893928943864,0.7756044268608093,0.008291767910122871,0.5168541669845581,0.3479333519935608,0.6194705963134766,0.5347099304199219,0.8863390684127808,0.9386741518974304,0.4495322108268738,26.892869994044304,26.975884195882827
470,1.0972557139876704,0.7565891146659851,0.008657068014144897,0.5146710872650146,0.33918994665145874,0.6137881875038147,0.5692474246025085,0.8806594610214233,0.9378693699836731,0.44693025946617126,27.036445247009397,27.108150179032236
471,1.0971315927153467,0.7588990330696106,0.00851038470864296,0.5083765983581543,0.3436165452003479,0.617722749710083,0.5488514304161072,0.8807514309883118,0.9429280757904053,0.4487551748752594,27.201754726935178,27.27589861722663
472,1.0959506178862297,0.740124523639679,0.008747918531298637,0.5344687104225159,0.34184393286705017,0.6144671440124512,0.5651084184646606,0.8943641185760498,0.9468141198158264,0.4468516707420349,26.939030264038593,27.01030872017145
473,1.0977021211745754,0.7262054681777954,0.008631306700408459,0.5269941687583923,0.34267592430114746,0.6136338710784912,0.5566005110740662,0.8827749490737915,0.9483087658882141,0.44668200612068176,27.045374737121165,27.116204277146608
474,1.0963383889038292,0.7641386389732361,0.008854451589286327,0.5303112268447876,0.3395947515964508,0.6150078177452087,0.5640736818313599,0.8852123618125916,0.9414794445037842,0.447208970785141,26.783940663095564,27.113787918817252
475,1.0947432950039038,0.803734540939331,0.008923343382775784,0.5269538760185242,0.3419506847858429,0.617107629776001,0.5731794238090515,0.882016122341156,0.9415714144706726,0.44832441210746765,26.96569437580183,27.03636270808056
476,1.0937324818348724,0.7336093187332153,0.008460670709609985,0.5433864593505859,0.34278249740600586,0.6233213543891907,0.5681896805763245,0.887212872505188,0.94481360912323,0.45094507932662964,26.97179027320817,27.042777300812304
477,1.0950216842977794,0.792121946811676,0.008557643741369247,0.5347660779953003,0.3426699936389923,0.6169945001602173,0.560210645198822,0.8838326930999756,0.9455724358558655,0.44807589054107666,27.109162328764796,27.18043558485806
478,1.0937782830039926,0.7569007873535156,0.008954723365604877,0.5232072472572327,0.34803372621536255,0.6191563010215759,0.5331922769546509,0.8833498358726501,0.950401246547699,0.4493483901023865,26.818195544183254,26.888776450883597
479,1.0960313221752243,0.7373297214508057,0.00864627305418253,0.5128101110458374,0.3475865125656128,0.6232904195785522,0.5413782596588135,0.8859941363334656,0.9465152025222778,0.45121586322784424,27.00491323461756,27.075734639540315
480,1.097152181119727,0.7478587627410889,0.008095080964267254,0.5278701782226562,0.3431116044521332,0.6212533116340637,0.5601186752319336,0.8846145272254944,0.9450665712356567,0.45016583800315857,26.817336860112846,26.888122245203704
481,1.0954623662385365,0.7905570268630981,0.00838413368910551,0.5507557392120361,0.34616732597351074,0.6205956935882568,0.5431488156318665,0.8964335918426514,0.950539231300354,0.44930747151374817,27.034371125046164,27.10488349199295
482,1.0971518586946014,0.7305282950401306,0.009409630671143532,0.5223754644393921,0.34660762548446655,0.6195431351661682,0.5337441563606262,0.8859481811523438,0.94481360912323,0.44948235154151917,26.79944558767602,26.869856126606464
483,1.094201658796144,0.7239530086517334,0.008705546148121357,0.4912111461162567,0.3495292663574219,0.6195748448371887,0.5196486711502075,0.8770493865013123,0.9408355951309204,0.4494062662124634,26.995993523392826,27.0668663084507
484,1.0947494782857448,0.7695579528808594,0.009875253774225712,0.5157299637794495,0.3490586578845978,0.6239814162254333,0.5382280349731445,0.8843845725059509,0.9432270526885986,0.4515371024608612,26.879710749723017,27.368632772937417
485,1.096822493428352,0.7712251543998718,0.009423302486538887,0.501613438129425,0.343024343252182,0.6204567551612854,0.5492193698883057,0.879992663860321,0.92906254529953,0.44993630051612854,27.025889649055898,27.097186538856477
486,1.0952934422749,0.72761470079422,0.00929296389222145,0.5286763310432434,0.34178805351257324,0.6215789914131165,0.5604175925254822,0.8862701058387756,0.9415944218635559,0.45028018951416016,27.070692783687264,27.279049784876406
487,1.0970312400952282,0.7505173087120056,0.007803183048963547,0.547286331653595,0.3424708843231201,0.6243886947631836,0.583595871925354,0.8813263177871704,0.9407206177711487,0.4512978792190552,26.94514503283426,27.260822675656527
488,1.0955819503572963,0.7338632941246033,0.008599253371357918,0.5205041170120239,0.35064953565597534,0.6204968690872192,0.5332843065261841,0.8848904371261597,0.9440548419952393,0.44996654987335205,27.098565807566047,27.174757855013013
489,1.09567015363066,0.7456440925598145,0.009122763760387897,0.4914388358592987,0.3452191650867462,0.6250602006912231,0.5382510423660278,0.8761525750160217,0.9329025745391846,0.4518258273601532,26.80787613429129,26.878382680937648
490,1.0953151779686845,0.7343587875366211,0.008864465169608593,0.4646523892879486,0.33852601051330566,0.620439887046814,0.5594058036804199,0.865460216999054,0.920899510383606,0.44909951090812683,26.970285831019282,27.040823427960277
491,1.0961988480299112,0.7370021343231201,0.008584681898355484,0.5640179514884949,0.3422762155532837,0.626437783241272,0.5711329579353333,0.8947319984436035,0.9440548419952393,0.45170703530311584,27.00600475491956,27.0769686778076
492,1.0950434223917507,0.7702879905700684,0.008663934655487537,0.48616430163383484,0.34799349308013916,0.6254273653030396,0.5190048217773438,0.8739911317825317,0.9273379445075989,0.4517684280872345,27.199304877780378,27.270219461992383
493,1.095224736520908,0.7847813367843628,0.008767260238528252,0.5171002149581909,0.3461180031299591,0.6210625767707825,0.5351238250732422,0.8814412951469421,0.9449746012687683,0.45023924112319946,26.792692399118096,26.863280195277184
494,1.0959689717164776,0.7704399824142456,0.008289311081171036,0.5027867555618286,0.34556102752685547,0.6166233420372009,0.5399296283721924,0.8825220465660095,0.9411575198173523,0.4482586085796356,26.95881593087688,27.029252708889544
495,1.0951075097858505,0.7482105493545532,0.009158997796475887,0.5074484944343567,0.3434452712535858,0.6115937829017639,0.5469658970832825,0.8849363923072815,0.9390190839767456,0.44596976041793823,26.919510737992823,26.99167730100453
496,1.0958193156543194,0.7440937161445618,0.009002617560327053,0.5045363903045654,0.3513394892215729,0.627623438835144,0.5225919485092163,0.8758306503295898,0.9391340613365173,0.45315101742744446,27.21140393195674,27.282734241802245
497,1.0955209108007034,0.7643257975578308,0.00849094707518816,0.5450232625007629,0.34304261207580566,0.618533730506897,0.5617742538452148,0.8870289325714111,0.9502403140068054,0.44850626587867737,27.016794349066913,27.08786499220878
498,1.0958687627075503,0.7777062058448792,0.008878923952579498,0.530807375907898,0.34735897183418274,0.6253682971000671,0.567683756351471,0.883671760559082,0.9383062124252319,0.45208942890167236,27.063430888112634,27.133788557257503
499,1.0966563812838306,0.75965416431427,0.00893315952271223,0.5065804719924927,0.34800469875335693,0.6155652403831482,0.5374232530593872,0.8830968737602234,0.9419163465499878,0.4478100836277008,27.03540117619559,27.10587631398812
