iteration,loss,lengthscale,outputscale,likelyhood_noise,test_MAE,test_NLL,test_PICP50,test_PICP90,test_PICP95,test_RMSE,it_time_training,it_time
0,1.1538796936905624,1.8233630657196045,1,0.545940101146698,0.37113574147224426,0.6506962776184082,0.4834555983543396,0.893444299697876,0.9485157132148743,0.4634118676185608,28.814529650844634,28.907370845787227
1,1.1185787872180042,1.911105751991272,1,0.5615013837814331,0.360881507396698,0.6437838673591614,0.5314677357673645,0.8841776251792908,0.9547241926193237,0.459840327501297,27.394725176971406,27.52904765866697
2,1.1181954833485137,2.002460479736328,1,0.5218147039413452,0.354089617729187,0.6438499689102173,0.5424590110778809,0.8750258684158325,0.938191294670105,0.4600347876548767,27.66659968579188,28.374510147143155
3,1.113370684569314,2.2966372966766357,1,0.545564591884613,0.3688776195049286,0.6559094786643982,0.4965163469314575,0.8846145272254944,0.9396169185638428,0.46610212326049805,27.33580043585971,28.037539172917604
4,1.1053995178049842,2.337778329849243,1,0.5287372469902039,0.35636237263679504,0.6441366672515869,0.5224079489707947,0.8863850831985474,0.9405826926231384,0.45988011360168457,27.66215473972261,28.10055109485984
5,1.1151843483015995,1.9427523612976074,1,0.534234881401062,0.36020252108573914,0.6447105407714844,0.5126124024391174,0.8833727836608887,0.9416404366493225,0.4602688252925873,27.388433815911412,27.46085003623739
6,1.1305631679176484,2.4207675457000732,1,0.5704324245452881,0.372002512216568,0.6725921630859375,0.5007013082504272,0.8850973844528198,0.9511140584945679,0.4740131199359894,27.70711598917842,27.77884606504813
7,1.1321021266431617,1.5969045162200928,1,0.5240616798400879,0.36263230443000793,0.6511205434799194,0.49596449732780457,0.8730483651161194,0.9435259699821472,0.4627838730812073,27.387231175322086,27.46088845608756
8,1.1201916701041612,2.3226397037506104,1,0.5050660967826843,0.36760419607162476,0.6570722460746765,0.4741888642311096,0.8825680017471313,0.9411575198173523,0.4657112658023834,27.48167177895084,28.424031641799957
9,1.1080742250352897,2.100661516189575,1,0.5474416017532349,0.3550099730491638,0.6274341940879822,0.5343190431594849,0.897399365901947,0.9461243152618408,0.4528413712978363,27.379343654960394,27.456488410010934
10,1.1102374764096816,2.4530138969421387,1,0.5481559038162231,0.3663482367992401,0.6473007798194885,0.492377370595932,0.8948929905891418,0.9499183893203735,0.46220073103904724,27.613885887898505,27.685109356883913
11,1.111874747596331,2.1905198097229004,1,0.5515536069869995,0.3720856010913849,0.6510435938835144,0.49263033270835876,0.8923865556716919,0.9521028399467468,0.4614294767379761,27.4003682192415,27.47203953517601
12,1.1081419951163682,2.151596784591675,1,0.5419158935546875,0.3618009090423584,0.642142653465271,0.5205684304237366,0.8945020437240601,0.9494354724884033,0.4550388753414154,27.602813310921192,27.67399249970913
13,1.1173073933428566,2.2603821754455566,1,0.5182105302810669,0.3557182252407074,0.628912627696991,0.5105658769607544,0.8835797309875488,0.9395939111709595,0.45413169264793396,27.605592269916087,28.133233702275902
14,1.108457742921458,2.1096458435058594,1,0.47861266136169434,0.3475995361804962,0.6340734958648682,0.5287774205207825,0.8732323050498962,0.9191749691963196,0.4561137557029724,27.33788876188919,27.408743103966117
15,1.1200662079273453,3.1366043090820312,1,0.5725811123847961,0.36866044998168945,0.661767840385437,0.5210973024368286,0.8870059251785278,0.9486767053604126,0.4687007665634155,27.546840996015817,27.618075704667717
16,1.1098901609446379,2.4938018321990967,1,0.5183898210525513,0.35737109184265137,0.6326160430908203,0.5074386596679688,0.8915358185768127,0.9405596852302551,0.4553433954715729,27.324029789306223,28.024179220199585
17,1.1132065625798782,2.6448659896850586,1,0.53029465675354,0.35976654291152954,0.6433592438697815,0.5130722522735596,0.8822001218795776,0.9352480173110962,0.45952990651130676,27.63050191104412,28.334734971169382
18,1.1049295003782182,2.9818172454833984,1,0.5257549285888672,0.3553831875324249,0.6330371499061584,0.5207293629646301,0.8841546177864075,0.9471590518951416,0.4556020200252533,27.330463910009712,28.032069030217826
19,1.1094181329611963,2.255335569381714,1,0.5579941868782043,0.35327255725860596,0.6387859582901001,0.554094135761261,0.8883165717124939,0.9413414597511292,0.4576084613800049,27.674331538379192,28.005755820311606
20,1.1082753363071671,2.2313544750213623,1,0.5487667322158813,0.35527077317237854,0.6324172616004944,0.5212352275848389,0.8913748264312744,0.9460553526878357,0.4550367593765259,27.355537179857492,27.426676468923688
21,1.1368314767843926,1.9082717895507812,1,0.506576418876648,0.3635389804840088,0.6462522149085999,0.4924003779888153,0.875117838382721,0.9306491017341614,0.4610353708267212,27.60983466822654,28.304567120037973
22,1.1107748602860725,2.4254448413848877,1,0.5440232753753662,0.37186917662620544,0.653541624546051,0.4886752963066101,0.895099937915802,0.9504932165145874,0.46402284502983093,27.33755117468536,28.520253059919924
23,1.1104538452705282,1.9729779958724976,1,0.5100771188735962,0.3546680510044098,0.6448425054550171,0.5324105024337769,0.8656441569328308,0.9268090724945068,0.460082083940506,27.606911595910788,28.309527697972953
24,1.1163815819977114,2.34246563911438,1,0.5123969316482544,0.3544957935810089,0.6488018035888672,0.5384120345115662,0.8722665309906006,0.9281887412071228,0.46218326687812805,27.422980797011405,27.58588121039793
25,1.109323321172855,2.21950626373291,1,0.5269889235496521,0.3573977053165436,0.633054792881012,0.5176251530647278,0.8891443610191345,0.9381682872772217,0.45562854409217834,27.56593749113381,27.658422647975385
26,1.1051413324855317,2.274902105331421,1,0.5211686491966248,0.36025670170783997,0.6321239471435547,0.5121755003929138,0.8872588276863098,0.9483317732810974,0.45477554202079773,27.572024014778435,27.643246323801577
27,1.1080501171566497,2.368149995803833,1,0.5782078504562378,0.38324427604675293,0.6665892004966736,0.48108717799186707,0.9016072750091553,0.9590011239051819,0.46999040246009827,27.329116738867015,27.400478336960077
28,1.111550135500479,2.1968226432800293,1,0.5118582844734192,0.3542715609073639,0.6368002891540527,0.514681875705719,0.8746809363365173,0.9367426037788391,0.4559926390647888,27.642459578812122,27.714146204758435
29,1.1051669372808213,2.1730284690856934,1,0.5537151098251343,0.3570464253425598,0.635976254940033,0.5213502049446106,0.8967785239219666,0.9551840424537659,0.45666971802711487,27.3825627239421,27.960413856897503
30,1.112685617184479,2.3203840255737305,1,0.5521624088287354,0.3540702760219574,0.6341410279273987,0.5394927263259888,0.8894203305244446,0.9529536366462708,0.45558637380599976,27.657729774713516,27.731967171654105
31,1.118107895323094,2.1023800373077393,1,0.553166925907135,0.35487592220306396,0.6348090767860413,0.5446434617042542,0.8881556391716003,0.9459863305091858,0.4562018811702728,27.36781171616167,27.4398484993726
32,1.1133757801663955,2.5061211585998535,1,0.5324122905731201,0.3643936812877655,0.6550416946411133,0.5190737843513489,0.8822001218795776,0.9292694926261902,0.4651930034160614,27.59706702409312,27.66844228329137
33,1.1159153852686785,2.2337262630462646,1,0.5100549459457397,0.35921144485473633,0.6435468196868896,0.5027937889099121,0.8750718832015991,0.9325806498527527,0.4601408839225769,27.407462284900248,27.53701003221795
34,1.1192354599901493,3.461498260498047,1,0.6056814789772034,0.37898144125938416,0.6813370585441589,0.5170732736587524,0.8971924185752869,0.9623352885246277,0.4776768088340759,27.902097169775516,27.976607854943722
35,1.1312864946838994,2.053300380706787,1,0.5480172038078308,0.35534796118736267,0.6464499235153198,0.529329240322113,0.8851893544197083,0.9355928897857666,0.46178653836250305,27.437053170986474,28.13307990785688
36,1.1160646432998196,2.0457231998443604,1,0.5704441070556641,0.36179667711257935,0.6545609831809998,0.5292602777481079,0.8789119124412537,0.9462392926216125,0.4648206830024719,27.690935051068664,28.38652635132894
37,1.111938781786285,2.0879528522491455,1,0.5457327365875244,0.35705697536468506,0.638287365436554,0.5276736617088318,0.8915358185768127,0.943640947341919,0.45743486285209656,27.39193979324773,28.09643854526803
38,1.1236742998929632,3.208448886871338,1,0.5868071913719177,0.37459442019462585,0.6786531805992126,0.5204534530639648,0.8867070078849792,0.9471820592880249,0.4766814112663269,27.733576799742877,28.433136620093137
39,1.129268446624679,2.204012393951416,1,0.5083138942718506,0.3617802560329437,0.6494373083114624,0.5002414584159851,0.8777161836624146,0.9309940338134766,0.46243491768836975,27.534744768869132,27.968151519075036
40,1.120455510264275,2.299426794052124,1,0.5528436303138733,0.3616894781589508,0.6433162093162537,0.5330773591995239,0.8886615037918091,0.9415254592895508,0.46002936363220215,27.578042190987617,27.648723904043436
41,1.1109883473223487,2.2673099040985107,1,0.5568945407867432,0.36536067724227905,0.641529381275177,0.5040584802627563,0.8965945243835449,0.9503552913665771,0.459055095911026,27.42920899996534,27.501965368166566
42,1.1148772415698776,2.6628077030181885,1,0.5525345802307129,0.3578934669494629,0.6570833325386047,0.5383890271186829,0.8818091750144958,0.9345351457595825,0.4665992558002472,27.085223220754415,27.156355200801045
43,1.1161345919506662,2.101346254348755,1,0.5279913544654846,0.3620122969150543,0.6394234299659729,0.5153716802597046,0.8816941976547241,0.940743625164032,0.4575953483581543,27.271434737369418,27.344037846196443
44,1.109686453870479,2.0997326374053955,1,0.48910877108573914,0.361093133687973,0.6413131952285767,0.4807652533054352,0.8737841844558716,0.9304192066192627,0.4584183990955353,26.890961004886776,26.961595559027046
45,1.1231856046106992,2.834864616394043,1,0.549945592880249,0.3839116394519806,0.6796054840087891,0.48435235023498535,0.8883165717124939,0.952447772026062,0.47702863812446594,27.14025127189234,27.2109756260179
46,1.123854187910989,2.1057236194610596,1,0.5171988010406494,0.35442784428596497,0.6404057741165161,0.5256041884422302,0.8672537803649902,0.9303961992263794,0.45845362544059753,26.88005432765931,26.95092521980405
47,1.11132432590395,2.047159194946289,1,0.5359077453613281,0.3629988431930542,0.6372594833374023,0.505553126335144,0.8925015330314636,0.951321005821228,0.4571022391319275,27.181675809901208,27.252696821000427
48,1.118117101240478,2.3296215534210205,1,0.5623390078544617,0.37082353234291077,0.6503854393959045,0.4875945746898651,0.899951696395874,0.9538503885269165,0.46333783864974976,26.99968469608575,27.401347323320806
49,1.1098054519435703,2.1946299076080322,1,0.5056190490722656,0.3516046404838562,0.6364648938179016,0.5185449123382568,0.8726804256439209,0.9290395379066467,0.4563197195529938,27.161604433786124,27.23197522899136
50,1.1216911569537733,1.883597731590271,1,0.5286135673522949,0.36241379380226135,0.6469212770462036,0.5121755003929138,0.8747039437294006,0.9349720478057861,0.46205049753189087,26.951054526027292,27.03894979832694
51,1.115291379442151,2.0850441455841064,1,0.5412269234657288,0.353349894285202,0.6449617743492126,0.534778892993927,0.8797857165336609,0.9385591745376587,0.46106186509132385,27.19602707400918,27.26655628811568
52,1.1129706141932698,2.252098560333252,1,0.5093975067138672,0.37072470784187317,0.6514933109283447,0.47662627696990967,0.8892593383789062,0.9421463012695312,0.46334221959114075,26.930141415912658,27.481621213722974
53,1.1236627517930613,2.0951428413391113,1,0.5532084703445435,0.35883525013923645,0.6470226049423218,0.5268458724021912,0.8844765424728394,0.9452275037765503,0.4615333080291748,27.081608917098492,27.15174896409735
54,1.1148237177989626,2.0046560764312744,1,0.5334205627441406,0.35845473408699036,0.6430693864822388,0.5293522477149963,0.8832348585128784,0.9388580918312073,0.4600427448749542,27.189572421833873,27.61013683490455
55,1.1194585269729562,1.9269300699234009,1,0.4987368881702423,0.3589073121547699,0.6625607013702393,0.5176711082458496,0.8554347157478333,0.9133803844451904,0.46697157621383667,27.0388042088598,27.112405450083315
56,1.1111682561419953,1.8832476139068604,1,0.5349430441856384,0.35876867175102234,0.6386720538139343,0.5063349604606628,0.8905700445175171,0.9459633231163025,0.45712992548942566,27.245068370830268,27.315851792693138
57,1.1070251024809459,1.7739039659500122,1,0.5612660050392151,0.35603246092796326,0.6423072814941406,0.5484145283699036,0.8818091750144958,0.9454344511032104,0.45849812030792236,27.030240015126765,27.558208992239088
58,1.1087436724029132,1.9315272569656372,1,0.5099859237670898,0.3573510944843292,0.6429846286773682,0.5044034123420715,0.8761525750160217,0.9360758066177368,0.4594956338405609,27.253695834893733,27.325124172028154
59,1.1129063007815572,2.06744384765625,1,0.5850035548210144,0.36006978154182434,0.6511451601982117,0.5451723337173462,0.9032629132270813,0.9607486724853516,0.4602769911289215,27.018008327111602,27.13078748015687
60,1.1110391372802273,2.0958878993988037,1,0.5334176421165466,0.3575892448425293,0.6490558981895447,0.5292832851409912,0.8693232536315918,0.9341672658920288,0.46246159076690674,27.300297181122005,27.370911945123225
61,1.109636365967309,2.1100351810455322,1,0.5654265880584717,0.3586118221282959,0.6389138102531433,0.5396077036857605,0.8918806910514832,0.9564027786254883,0.45611149072647095,27.07320347800851,27.14378477120772
62,1.1063749910201002,2.129624605178833,1,0.526725709438324,0.35921692848205566,0.6517977714538574,0.5176021456718445,0.8796936869621277,0.9348800778388977,0.46249476075172424,27.30922672431916,27.386375347152352
63,1.1108906101060394,2.164919853210449,1,0.5403885841369629,0.3550281226634979,0.6430402398109436,0.5311458110809326,0.8842926025390625,0.9341442584991455,0.4597787857055664,27.09497858211398,27.16567022493109
64,1.114343757197361,2.3907134532928467,1,0.540388286113739,0.3602388799190521,0.6531079411506653,0.5256731510162354,0.8804755210876465,0.9376853704452515,0.46480613946914673,27.219956553075463,27.290612055920064
65,1.1262662622752606,2.0605344772338867,1,0.5473377704620361,0.35596367716789246,0.6414312124252319,0.5261560678482056,0.8885465264320374,0.9374324679374695,0.4586500823497772,27.118951090145856,27.190115838777274
66,1.1288646055547984,2.2892496585845947,1,0.5475326776504517,0.374600887298584,0.6615784168243408,0.5076456069946289,0.8800386190414429,0.9432500004768372,0.46842628717422485,27.31916462397203,27.390131434891373
67,1.1130032695379832,1.9890389442443848,1,0.5307296514511108,0.3564123809337616,0.6471872925758362,0.53438800573349,0.8697142004966736,0.9371335506439209,0.46131598949432373,27.562081563752145,27.633015485014766
68,1.1459579743794948,2.014556884765625,1,0.549690306186676,0.37116384506225586,0.6540319323539734,0.49187150597572327,0.8980891704559326,0.950539231300354,0.46513405442237854,27.365363941062242,27.441085725091398
69,1.1237229172815413,2.314748764038086,1,0.5477716326713562,0.3602672815322876,0.6419848799705505,0.5117155909538269,0.8870289325714111,0.9460783004760742,0.45942047238349915,27.614513306412846,27.685614636167884
70,1.117966402297052,2.18454909324646,1,0.5439276099205017,0.355281800031662,0.6429919600486755,0.5348249077796936,0.879187822341919,0.9367656111717224,0.45969492197036743,27.4880107389763,27.56060417694971
71,1.116526089258642,2.4465224742889404,1,0.5453420877456665,0.3670625686645508,0.6563190817832947,0.501092255115509,0.8941341638565063,0.9449976086616516,0.46599718928337097,27.686124560888857,27.770893927197903
72,1.1158896696647542,2.2934670448303223,1,0.5266169905662537,0.35997065901756287,0.6435334086418152,0.5287774205207825,0.8773713111877441,0.9268320798873901,0.46069279313087463,27.360291889868677,27.431461258791387
73,1.1108160890988856,2.075413703918457,1,0.5295238494873047,0.3637921214103699,0.6518435478210449,0.5159005522727966,0.871047854423523,0.9367196559906006,0.46338769793510437,27.597253238782287,27.72233957797289
74,1.134174822960924,1.856144905090332,1,0.5453168749809265,0.37060171365737915,0.6651762127876282,0.5067028403282166,0.8698521256446838,0.9444457292556763,0.47000375390052795,27.378446620889008,28.07278362289071
75,1.1415362994142826,3.083292245864868,1,0.5767038464546204,0.37666094303131104,0.6752774715423584,0.49860885739326477,0.8871898651123047,0.955000102519989,0.4752540588378906,27.620819268748164,28.249520988669246
76,1.137415671108553,2.1560826301574707,1,0.5416435599327087,0.3636355996131897,0.6538563370704651,0.5230058431625366,0.8886384963989258,0.9428361058235168,0.4638848602771759,27.361238322686404,27.433193985838443
77,1.1284320566478192,2.288475513458252,1,0.573028564453125,0.3689010739326477,0.6532793045043945,0.5141069889068604,0.8968474864959717,0.9509531259536743,0.46434542536735535,27.672268338035792,28.377481206785887
78,1.1169159976427987,2.114287853240967,1,0.5474644899368286,0.3698159158229828,0.6552830934524536,0.5011612176895142,0.9024810791015625,0.948492705821991,0.4666915237903595,27.435935675166547,28.046913280151784
79,1.1293795540828833,2.611839532852173,1,0.8026604652404785,0.3789168894290924,0.7391543388366699,0.5934833884239197,0.9669801592826843,0.9946653246879578,0.47178876399993896,27.683090495876968,27.75412893574685
80,1.1275026758245175,2.268378734588623,1,0.5406357049942017,0.3581630289554596,0.6387501358985901,0.5050932168960571,0.8893053531646729,0.9461013078689575,0.45777469873428345,27.636118913069367,27.706978924106807
81,1.1184045392394866,2.1658835411071777,1,0.5322902798652649,0.35388830304145813,0.6542959213256836,0.5455632209777832,0.872358500957489,0.9273839592933655,0.464382141828537,27.411267423070967,27.482316521927714
82,1.1143596660370794,2.004795789718628,1,0.5001047849655151,0.3565007150173187,0.6390491724014282,0.5095311403274536,0.8751638531684875,0.9307870864868164,0.45725446939468384,27.66980440588668,28.37580166896805
83,1.118953828443617,2.1925292015075684,1,0.5561449527740479,0.3669377863407135,0.650182843208313,0.49665433168411255,0.8947319984436035,0.9503552913665771,0.4623328447341919,27.398325480986387,28.10354449879378
84,1.1175546626116606,2.2896623611450195,1,0.5603874921798706,0.35879650712013245,0.6464941501617432,0.5364115238189697,0.8864080309867859,0.9435029625892639,0.4612919092178345,27.682742428965867,28.38863141508773
85,1.1134692654513674,2.017033100128174,1,0.5553926229476929,0.36276572942733765,0.6470497250556946,0.5134631991386414,0.8962496519088745,0.9479868412017822,0.46166375279426575,27.446337969973683,28.396557008847594
86,1.1126929929592466,2.1086156368255615,1,0.5449756979942322,0.35378119349479675,0.6369645595550537,0.5428959131240845,0.8873048424720764,0.9437788724899292,0.4567272961139679,27.662370917852968,28.38167182309553
87,1.112949822973085,2.57255482673645,1,0.6863738894462585,0.38412877917289734,0.6948287487030029,0.5341120958328247,0.9136563539505005,0.9719009399414062,0.48089468479156494,27.413906615693122,28.116920763626695
88,1.1349962065683916,2.2077953815460205,1,0.5682080984115601,0.35988524556159973,0.6434269547462463,0.526110053062439,0.8913748264312744,0.9452505111694336,0.45951494574546814,27.621003742329776,28.326514941174537
89,1.1160971022292272,2.6856729984283447,1,0.5969782471656799,0.3805406391620636,0.6767800450325012,0.5103819370269775,0.893582284450531,0.9613235592842102,0.4756622910499573,27.39605152187869,28.097333143930882
90,1.1288535266914623,2.2981295585632324,1,0.5830489993095398,0.3674556314945221,0.6501322388648987,0.5101979970932007,0.9019291996955872,0.955390989780426,0.4619954526424408,27.616431087255478,28.325959336012602
91,1.1228966744954154,2.24792742729187,1,0.5160536170005798,0.3560100495815277,0.6432361006736755,0.5153487324714661,0.8870059251785278,0.9379383325576782,0.4597744643688202,27.362312317825854,28.06533618690446
92,1.1138007632838,2.5742297172546387,1,0.5486688613891602,0.3710017204284668,0.6537478566169739,0.5026098489761353,0.882614016532898,0.9532525539398193,0.4649166762828827,27.649362278170884,28.363145973999053
93,1.112293028191432,2.3195993900299072,1,0.5606495141983032,0.3666062653064728,0.6501632332801819,0.511393666267395,0.8983880877494812,0.9525856971740723,0.4638255536556244,27.395072186365724,28.099246436264366
94,1.1158504646096454,2.2416672706604004,1,0.5066302418708801,0.36092010140419006,0.6438489556312561,0.4978500306606293,0.8719906210899353,0.9366506338119507,0.45835080742836,27.735712080728263,28.129810336977243
95,1.1155260877321231,2.1510469913482666,1,0.5606536865234375,0.35917356610298157,0.6469359397888184,0.5332612991333008,0.8911908864974976,0.9396628737449646,0.46051111817359924,27.629321438726038,27.700595617759973
96,1.1543886737535465,2.937201976776123,1,0.5743513107299805,0.37391817569732666,0.6823834776878357,0.5107038617134094,0.879325807094574,0.9466761946678162,0.47864392399787903,27.529458308126777,27.6014908910729
97,1.1473350892931022,2.6199514865875244,1,0.5698570609092712,0.37363529205322266,0.6735469102859497,0.49743613600730896,0.8843845725059509,0.9532755613327026,0.47449782490730286,27.655767313204706,27.72705850098282
98,1.144243924409751,2.262970447540283,1,0.5341352224349976,0.37263092398643494,0.6751379370689392,0.48614591360092163,0.868886411190033,0.9398468732833862,0.4745829701423645,27.483971584122628,27.55545052094385
99,1.1404410616663478,1.942623496055603,1,0.5835291147232056,0.37532299757003784,0.6681591868400574,0.5080135464668274,0.9027570486068726,0.9565407633781433,0.47151851654052734,27.71363414824009,27.786057868041098
100,1.1311223474924996,1.8860759735107422,1,0.5212705135345459,0.36323678493499756,0.6541674137115479,0.5015981197357178,0.8767044544219971,0.9353629946708679,0.46347057819366455,27.37777175102383,27.45466345688328
101,1.1326159854863314,2.1530070304870605,1,0.5230844020843506,0.3653578460216522,0.658888041973114,0.5053921937942505,0.881625235080719,0.938835084438324,0.4652157127857208,27.822061755228788,27.894976880867034
102,1.1256396022419002,2.348670244216919,1,0.5418792366981506,0.37090036273002625,0.6611043810844421,0.48998597264289856,0.8867759704589844,0.9414334893226624,0.4667922258377075,27.420462346170098,27.491761464159936
103,1.1193770098206182,2.335451602935791,1,0.5543147325515747,0.3676687777042389,0.6588745713233948,0.5147278904914856,0.8867759704589844,0.9423072338104248,0.46745091676712036,27.660108705051243,27.74333700025454
104,1.114216907312406,2.1065757274627686,1,0.495101660490036,0.36027491092681885,0.6457720398902893,0.5100370049476624,0.8712778091430664,0.9246476292610168,0.46089690923690796,27.37334260996431,27.446044445037842
105,1.1174030187946038,2.5427963733673096,1,0.5111769437789917,0.36116155982017517,0.6445621252059937,0.49934467673301697,0.8734392523765564,0.9375014305114746,0.4604093134403229,27.694485741201788,28.245217001065612
106,1.1256906182173914,2.41304874420166,1,0.523147702217102,0.3594019114971161,0.6428655385971069,0.5044723749160767,0.8770033717155457,0.9401917457580566,0.4598122239112854,27.41549840476364,27.891141158062965
107,1.1131026696838788,2.256100654602051,1,0.5435389876365662,0.3688945472240448,0.6500512361526489,0.49189451336860657,0.8956977725028992,0.9530225992202759,0.4631717801094055,29.70452651102096,30.355961421970278
108,1.1148108211939767,2.2305519580841064,1,0.5491234064102173,0.3687783181667328,0.6518577933311462,0.49322816729545593,0.897123396396637,0.9509531259536743,0.46416157484054565,28.270701356232166,28.356532492209226
109,1.1151834582322395,2.4771323204040527,1,0.5020296573638916,0.3604450523853302,0.6447920203208923,0.5010232329368591,0.8781760931015015,0.9269240498542786,0.4601435661315918,27.853381728287786,27.93818181240931
110,1.1176971009113645,2.4954750537872314,1,0.5387558341026306,0.3547852635383606,0.6546074748039246,0.5446434617042542,0.8806824684143066,0.926763117313385,0.4652141034603119,28.223308013752103,28.30765204085037
111,1.113124132156372,2.4433066844940186,1,0.544430136680603,0.35977911949157715,0.6463703513145447,0.5172112584114075,0.8913058638572693,0.940881609916687,0.4573831856250763,27.57790553011,27.657355303876102
112,1.1239750709309675,2.200561761856079,1,0.5737161636352539,0.3656211793422699,0.6481581330299377,0.5241095423698425,0.8926395177841187,0.9519878625869751,0.4613817036151886,27.88858067104593,27.96847060089931
113,1.120757895028031,2.4093308448791504,1,0.5469824075698853,0.36327019333839417,0.6472240090370178,0.5067488551139832,0.8880176544189453,0.944951593875885,0.4613710045814514,29.128462373279035,29.505605777259916
114,1.115226961622302,2.3322010040283203,1,0.5533920526504517,0.36298927664756775,0.6463591456413269,0.5151417851448059,0.8934213519096375,0.9477339386940002,0.46158310770988464,39.51845009624958,39.75931227905676
115,1.135963977983334,2.181318759918213,1,0.5778773427009583,0.37403303384780884,0.6800203919410706,0.5092092156410217,0.8774402737617493,0.944951593875885,0.47748252749443054,28.571398872882128,29.295343891717494
116,1.1287350514591141,2.0552897453308105,1,0.5214235782623291,0.36324959993362427,0.6563063263893127,0.5142219662666321,0.8757616877555847,0.9315689206123352,0.4654146730899811,27.553492785897106,28.264082876965404
117,1.1203737194906145,2.013951063156128,1,0.5086442232131958,0.35327520966529846,0.640481173992157,0.517119288444519,0.8745889663696289,0.9265331625938416,0.45832931995391846,27.29623833904043,27.990863881073892
118,1.115995198688251,1.995703101158142,1,0.5476487874984741,0.3632012605667114,0.6398894786834717,0.5028857588768005,0.8965255618095398,0.9519418478012085,0.45845872163772583,27.532887631095946,27.611397743225098
119,1.1137914569585916,1.9349417686462402,1,0.5499606728553772,0.35941916704177856,0.6430959105491638,0.5175561904907227,0.8963416218757629,0.9431120753288269,0.4583413898944855,27.304581373929977,27.376315087080002
120,1.1125437401285108,2.0762341022491455,1,0.5255283713340759,0.3635013997554779,0.6461790204048157,0.4915495812892914,0.8885005116462708,0.9349260926246643,0.4613458514213562,27.55361708533019,27.62476069200784
121,1.1200104015785575,2.1317381858825684,1,0.554757833480835,0.3582134246826172,0.6457523107528687,0.5377911925315857,0.8796017169952393,0.9495044946670532,0.46035659313201904,27.542678279336542,27.613106155302376
122,1.112974959731902,2.161057949066162,1,0.5378750562667847,0.35984042286872864,0.6372482776641846,0.5127503275871277,0.8822920918464661,0.9473890066146851,0.4571738839149475,27.271593422163278,27.343308518175036
123,1.113126315126483,2.146956205368042,1,0.5681473612785339,0.35837921500205994,0.651563823223114,0.5445514917373657,0.8907769918441772,0.9422842264175415,0.4635845720767975,27.50587240140885,27.57715044124052
124,1.1264479780357155,2.347234010696411,1,0.5692257881164551,0.3650551736354828,0.6470648646354675,0.5154407024383545,0.8975372910499573,0.950792133808136,0.4609297513961792,27.351768120657653,27.422853611875325
125,1.118684533458428,2.572387933731079,1,0.5969147086143494,0.35942327976226807,0.6470403075218201,0.5333072543144226,0.9019522070884705,0.9540343284606934,0.46035492420196533,27.520689345896244,27.80992602277547
126,1.1187499433555859,2.2732534408569336,1,0.5602865219116211,0.36450469493865967,0.6430094242095947,0.5080825090408325,0.895881712436676,0.9520798325538635,0.4594268202781677,27.726039630826563,27.79926905594766
127,1.1189271999685557,2.604705572128296,1,0.5710278153419495,0.36083531379699707,0.6425144672393799,0.521189272403717,0.8971694111824036,0.9491825699806213,0.45910191535949707,29.12825418682769,29.213707877788693
128,1.116471521806397,2.3467953205108643,1,0.526840090751648,0.3618524372577667,0.6511887311935425,0.5148888230323792,0.8791648745536804,0.9342132210731506,0.4635104238986969,28.879750052001327,29.699310794007033
129,1.1167574128848594,2.042473554611206,1,0.5080404877662659,0.35974952578544617,0.6416458487510681,0.5048633217811584,0.8686334490776062,0.9342822432518005,0.45861324667930603,28.271452359855175,28.97228657780215
130,1.114158589167883,2.050088882446289,1,0.518060028553009,0.3621734380722046,0.6443365812301636,0.5022879242897034,0.8833727836608887,0.9343972206115723,0.46038463711738586,27.341535469982773,27.70989127503708
131,1.1152716859075047,2.1011831760406494,1,0.545083224773407,0.35935473442077637,0.6420174837112427,0.5137621164321899,0.8940881490707397,0.9449055790901184,0.4587498903274536,27.574221743270755,27.651706303935498
132,1.1129822130971307,1.9723106622695923,1,0.572272777557373,0.3561156094074249,0.643503725528717,0.5348249077796936,0.8912138938903809,0.9485387206077576,0.45935943722724915,27.331747924908996,28.02482934296131
133,1.1128790154553099,2.081984758377075,1,0.5516753792762756,0.3596802353858948,0.6434492468833923,0.5240175724029541,0.8853503465652466,0.9453195333480835,0.459689199924469,27.582983465865254,28.23348927265033
134,1.1135958261137842,2.4240291118621826,1,0.5620283484458923,0.36214640736579895,0.6471653580665588,0.5072087049484253,0.8945480585098267,0.9475039839744568,0.46167734265327454,27.56022054096684,28.26805616496131
135,1.1204821883432017,2.0814356803894043,1,0.5340510010719299,0.3624149560928345,0.6473455429077148,0.49771207571029663,0.8860631585121155,0.9406516551971436,0.46052709221839905,27.40966631611809,28.117132143117487
136,1.1155047948728471,2.1366355419158936,1,0.5646218061447144,0.36441677808761597,0.6453375220298767,0.5137391090393066,0.8980891704559326,0.9511830806732178,0.4606904089450836,27.63145534088835,28.336299458052963
137,1.1234013934263447,2.3134186267852783,1,0.585889458656311,0.36967581510543823,0.6528987288475037,0.507070779800415,0.9071489572525024,0.9559198617935181,0.46409928798675537,27.260422595776618,27.402559597976506
138,1.1180725981725141,2.4176900386810303,1,0.5647740960121155,0.3645714521408081,0.6464471220970154,0.5071167349815369,0.8954678177833557,0.9511370658874512,0.4615496098995209,27.58367361035198,27.86367934802547
139,1.1158269823797597,2.2337546348571777,1,0.5234791040420532,0.37144961953163147,0.6495500206947327,0.46167996525764465,0.8855572938919067,0.9528156518936157,0.46241050958633423,27.322470856830478,27.99998895591125
140,1.1308922623627937,2.330432653427124,1,0.5679980516433716,0.3724963068962097,0.6598265767097473,0.5110717415809631,0.9031479358673096,0.9516199231147766,0.4674608111381531,27.565038836095482,27.63660409580916
141,1.1256767819391802,2.905805826187134,1,0.7304884791374207,0.39823970198631287,0.7403829097747803,0.5667180418968201,0.9062061905860901,0.9549311399459839,0.5050542950630188,27.286742438096553,27.3577196020633
142,1.1438094325513648,2.1086835861206055,1,0.5686006546020508,0.36229559779167175,0.6654258370399475,0.5342270731925964,0.8796247243881226,0.9330175518989563,0.4703524112701416,27.428308508358896,27.499858998227865
143,1.1396054409494336,2.1913254261016846,1,0.5592212677001953,0.37316763401031494,0.6609218716621399,0.49435490369796753,0.8971003890037537,0.9506081938743591,0.4674220085144043,27.250547165982425,27.321854556910694
144,1.1279063000775023,2.2327592372894287,1,0.5464905500411987,0.3635519742965698,0.6503331065177917,0.5205684304237366,0.8795557618141174,0.93805330991745,0.46386581659317017,27.51131988223642,27.867877119220793
145,1.1248127814107294,2.7057108879089355,1,0.5764108896255493,0.36881929636001587,0.6618813276290894,0.5054611563682556,0.8937662243843079,0.9520798325538635,0.4679875671863556,27.307326740119606,27.378322953358293
146,1.1188735361867304,2.364313840866089,1,0.5376759767532349,0.3574286997318268,0.6409215927124023,0.5137161016464233,0.8885695338249207,0.9451585412025452,0.45899417996406555,27.502385077998042,27.57482506101951
147,1.116936590447522,2.3461692333221436,1,0.5194963216781616,0.3576361835002899,0.6429877877235413,0.5091632604598999,0.8790038824081421,0.9380072951316833,0.4596711993217468,27.329930354841053,27.400813299696892
148,1.1323963659721732,2.8046762943267822,1,0.5599048137664795,0.3619841933250427,0.6493644118309021,0.5284784436225891,0.8868679404258728,0.9425371885299683,0.4624256491661072,27.533934075850993,27.60540862614289
149,1.1175762162912612,2.8084309101104736,1,0.5505890846252441,0.368864506483078,0.649890661239624,0.49824094772338867,0.892202615737915,0.9480098485946655,0.46318376064300537,27.554741755127907,27.865573134738952
150,1.1244853366941414,2.5765981674194336,1,0.5809458494186401,0.3635408580303192,0.6469621062278748,0.51153165102005,0.9042056798934937,0.95651775598526,0.4615255892276764,27.302391907200217,27.37293360522017
151,1.134075565226126,2.8443491458892822,1,0.5509780049324036,0.3803645074367523,0.676218569278717,0.4939180016517639,0.8824530243873596,0.9559428691864014,0.47546204924583435,27.51159670809284,28.2169151827693
152,1.1267513976801162,2.4932045936584473,1,0.5069617033004761,0.3568167984485626,0.6471583247184753,0.5181080102920532,0.8686564564704895,0.9266710877418518,0.46147841215133667,27.34172715526074,28.046903441194445
153,1.1302157788468687,4.953103065490723,1,0.5947825908660889,0.3785911500453949,0.6977773904800415,0.514681875705719,0.8754397630691528,0.9386511445045471,0.48627036809921265,27.671284709125757,28.371530363336205
154,1.148400757536792,3.185235023498535,1,0.5863819718360901,0.37484028935432434,0.6749382019042969,0.5064498782157898,0.8938812017440796,0.9569776058197021,0.4750547409057617,27.198102809023112,27.89902461785823
155,1.142465825048869,2.3312172889709473,1,0.5596501231193542,0.3693107068538666,0.6624501943588257,0.5064269304275513,0.8821771144866943,0.9454574584960938,0.4691045880317688,27.46020471304655,28.1639791498892
156,1.128919960268392,2.3821537494659424,1,0.539363443851471,0.36805325746536255,0.6520437598228455,0.49598750472068787,0.8935592770576477,0.9459173679351807,0.4639088809490204,27.268677256070077,27.97508259397
157,1.126588796209169,2.494657039642334,1,0.5456461310386658,0.36792606115341187,0.6487799286842346,0.5025638937950134,0.8887304663658142,0.9467681646347046,0.462384968996048,27.65782519429922,28.38080623326823
158,1.1300027058428566,2.607715606689453,1,0.5555330514907837,0.36568325757980347,0.657781720161438,0.5215111970901489,0.8896042704582214,0.9415484666824341,0.4656938314437866,27.311373924836516,28.151022710837424
159,1.1227296994836538,2.4449779987335205,1,0.5588797330856323,0.3633424639701843,0.6572269797325134,0.527167797088623,0.8870289325714111,0.9365816712379456,0.46636131405830383,27.607705676928163,28.323100650217384
160,1.1155874589145585,2.5144457817077637,1,0.5531563758850098,0.3639247417449951,0.6489672660827637,0.5099450349807739,0.8797857165336609,0.9464232325553894,0.462685763835907,27.301718872971833,28.009331515058875
161,1.1386354229594238,2.0873806476593018,1,0.5607782602310181,0.37182196974754333,0.674271285533905,0.5170732736587524,0.8763825297355652,0.9415024518966675,0.4746669828891754,27.54201755579561,28.25836145086214
162,1.1286380294985419,1.911078691482544,1,0.537301242351532,0.36031216382980347,0.6550076603889465,0.5254431962966919,0.8856492638587952,0.9370185732841492,0.4652147591114044,27.545528625603765,28.259643437806517
163,1.1243129644617937,2.222257137298584,1,0.5751122236251831,0.371459424495697,0.6490383148193359,0.4983099102973938,0.9061831831932068,0.9595069885253906,0.4620499014854431,27.319088218268007,28.037775826174766
164,1.1161448903531836,2.160259485244751,1,0.5569062232971191,0.36835190653800964,0.6495831608772278,0.5068408250808716,0.8940421938896179,0.94725102186203,0.46156245470046997,27.541247179266065,28.258181750308722
165,1.118938842075783,2.1764872074127197,1,0.5201597213745117,0.3600715696811676,0.6461970806121826,0.5085194110870361,0.8767504692077637,0.9361447691917419,0.46069908142089844,27.30113378772512,28.00775599759072
166,1.1177795425357435,2.2731947898864746,1,0.5467414855957031,0.35258039832115173,0.6452852487564087,0.5501391291618347,0.8792568445205688,0.933914303779602,0.46065953373908997,27.681226290762424,28.386570021044463
167,1.1151930437792068,2.1498396396636963,1,0.5516786575317383,0.3649945557117462,0.6494163870811462,0.5078985691070557,0.8907769918441772,0.9448366165161133,0.46270495653152466,27.266056934837252,27.33743885718286
168,1.1119048367410698,2.182417869567871,1,0.5733689665794373,0.3611171841621399,0.6422486901283264,0.5137161016464233,0.9011704325675964,0.9548161625862122,0.4572504162788391,27.339709935709834,27.41038089292124
169,1.1611555826743978,3.3668289184570312,1,0.6047454476356506,0.374673455953598,0.6754925847053528,0.5084503889083862,0.8979741930961609,0.961369514465332,0.4750293791294098,27.030845168977976,27.101442786864936
170,1.1438212510723396,2.380079984664917,1,0.53190678358078,0.3750692903995514,0.6672477722167969,0.4893651306629181,0.8822460770606995,0.9447906613349915,0.4706387221813202,27.299643863923848,27.791800203267485
171,1.1330252485787309,2.569636106491089,1,0.56097412109375,0.3746746778488159,0.66213458776474,0.4901239275932312,0.9004116058349609,0.9572535753250122,0.4688912630081177,27.13362300908193,27.204629564192146
172,1.122793168029529,2.545785427093506,1,0.5436643362045288,0.36634016036987305,0.6633402705192566,0.5197176337242126,0.8746119737625122,0.9419623613357544,0.46949100494384766,27.341681411024183,27.412793875206262
173,1.1250401255268379,2.657287120819092,1,0.5394818186759949,0.36790019273757935,0.6520277857780457,0.5002414584159851,0.8848214745521545,0.9459863305091858,0.4643602669239044,27.13323676539585,27.204220459330827
174,1.1157035311596506,2.271552562713623,1,0.5033664107322693,0.3577696979045868,0.6483147740364075,0.517510175704956,0.8744969964027405,0.9246705770492554,0.4618980586528778,27.38943404983729,27.460375574883074
175,1.1137803756950686,2.3427419662475586,1,0.5433586835861206,0.36151957511901855,0.6529027223587036,0.53682541847229,0.8807744383811951,0.9347420930862427,0.46443066000938416,27.33569661807269,27.406764621846378
176,1.1509058059461965,3.7729344367980957,1,0.6119716763496399,0.38083383440971375,0.6964012384414673,0.5121755003929138,0.8890064358711243,0.9555749893188477,0.48542919754981995,27.01577069517225,27.08608616515994
177,1.148772099674148,3.113654136657715,1,0.5997329354286194,0.37241411209106445,0.677346408367157,0.5144289135932922,0.893191397190094,0.9604038000106812,0.47599706053733826,27.287729436066,27.358777559828013
178,1.145785932572896,2.5454537868499756,1,0.5759356021881104,0.37462490797042847,0.6718593835830688,0.49295222759246826,0.8891903758049011,0.9576904773712158,0.4732542634010315,27.06617457838729,27.136932134162635
179,1.143285986161072,2.1588897705078125,1,0.5653692483901978,0.37403807044029236,0.6706354022026062,0.502862811088562,0.8865230083465576,0.9507691860198975,0.47238463163375854,27.233149372972548,27.303845108952373
180,1.1363383239547677,2.1979031562805176,1,0.5474934577941895,0.37428686022758484,0.6687835454940796,0.49486076831817627,0.8776012063026428,0.9423762559890747,0.47203269600868225,27.104259653948247,27.17490964010358
181,1.1334155057900703,2.287567138671875,1,0.5224677324295044,0.3672845959663391,0.6625293493270874,0.5018280744552612,0.8847524523735046,0.9322817325592041,0.4681432843208313,27.30648744991049,27.376900237984955
182,1.130786474519128,2.797600746154785,1,0.5941210389137268,0.38568952679634094,0.6837172508239746,0.4978960156440735,0.8955367803573608,0.9614155292510986,0.4792630970478058,27.084913702216,27.156375143211335
183,1.1300144163554147,1.992579698562622,1,0.5401344895362854,0.36945921182632446,0.654759407043457,0.49177953600883484,0.8927775025367737,0.9418703317642212,0.46494558453559875,27.24304821714759,27.313455566298217
184,1.1425583222568436,3.0396227836608887,1,0.605532169342041,0.3808216452598572,0.6783868670463562,0.5035756230354309,0.8950539231300354,0.9674860239028931,0.47650596499443054,27.005666801705956,27.076679155696183
185,1.1416892181306877,1.875411033630371,1,0.5690543055534363,0.3723081946372986,0.6630974411964417,0.4945848286151886,0.8936052918434143,0.9554830193519592,0.4690721333026886,27.20853004232049,27.279012020211667
186,1.1294886193819493,2.0261025428771973,1,0.5441793203353882,0.3710904121398926,0.650849461555481,0.5113016963005066,0.8894662857055664,0.9536434412002563,0.46593809127807617,26.987517728004605,27.05824907962233
187,1.1210845724848293,2.193312406539917,1,0.5336137413978577,0.3626963198184967,0.6502665281295776,0.5097150802612305,0.881234347820282,0.9367196559906006,0.46321406960487366,27.207333869766444,27.277982901781797
188,1.1268577395669566,2.2162158489227295,1,0.5774935483932495,0.3643096685409546,0.651056170463562,0.5248913764953613,0.8929154276847839,0.948768675327301,0.462606817483902,27.227359955199063,27.29856774304062
189,1.1188511088390478,2.177125930786133,1,0.5502753257751465,0.37232059240341187,0.6556733250617981,0.4846512973308563,0.8931453824043274,0.9444916844367981,0.4657432436943054,27.014513502828777,27.085237454622984
190,1.1150257127397012,2.146613121032715,1,0.5748904943466187,0.361607164144516,0.6440033912658691,0.516590416431427,0.8984571099281311,0.9526317119598389,0.45907747745513916,27.222416343167424,27.292878817301244
191,1.1223928308326927,3.0339035987854004,1,0.5831647515296936,0.3723868131637573,0.6701686382293701,0.5089102983474731,0.8974223136901855,0.9497804045677185,0.47218984365463257,27.00562140205875,27.076247774995863
192,1.1227101179577361,2.2774553298950195,1,0.5740185976028442,0.3654199540615082,0.6507406234741211,0.522568941116333,0.8951919078826904,0.9484237432479858,0.46285679936408997,27.212677458301187,27.283296519890428
193,1.1171053792006218,2.019681215286255,1,0.5347892642021179,0.35528209805488586,0.634608805179596,0.5227758884429932,0.88314288854599,0.937593400478363,0.4558807909488678,27.007861624937505,27.078806094825268
194,1.1164391508838474,2.0566065311431885,1,0.5855168700218201,0.3670726716518402,0.6616106033325195,0.5135551691055298,0.8977212905883789,0.9454574584960938,0.46816229820251465,27.217387402430177,27.58572874823585
195,1.1193095653649145,2.2440576553344727,1,0.563724935054779,0.3603920340538025,0.6434900164604187,0.5288233757019043,0.8872358798980713,0.9444457292556763,0.4597856402397156,27.00855123391375,27.07938224123791
196,1.1333219925029165,2.354116678237915,1,0.5598695278167725,0.3639295697212219,0.6478859186172485,0.5079445242881775,0.8933983445167542,0.9460323452949524,0.46180522441864014,27.211476516909897,27.28259628172964
197,1.1253999039630762,2.513434648513794,1,0.5108805894851685,0.36673083901405334,0.6627445220947266,0.5153946876525879,0.8516406416893005,0.9274989366531372,0.4680353105068207,26.988644978031516,27.059619524050504
198,1.1398297536293132,3.4194347858428955,1,0.5383785963058472,0.3689841032028198,0.6521936655044556,0.49658533930778503,0.8826369643211365,0.9508381485939026,0.4638449549674988,27.18431135127321,27.254746661055833
199,1.1205692339263507,2.9930548667907715,1,0.5047407150268555,0.3611550033092499,0.6446161270141602,0.49449285864830017,0.8751408457756042,0.9315459132194519,0.45927831530570984,26.898018145002425,26.968572123907506
200,1.1248038967183773,2.905898094177246,1,0.5225875377655029,0.35921573638916016,0.6555255651473999,0.5158315896987915,0.8750948309898376,0.9297753572463989,0.4654427766799927,27.15879529900849,27.229047630913556
201,1.1221563172020368,2.628279209136963,1,0.5178281664848328,0.35665857791900635,0.6483129858970642,0.5176941156387329,0.8715077638626099,0.9325806498527527,0.4621400237083435,27.195798039902,27.26636053994298
202,1.1162084709077873,2.299894094467163,1,0.513922929763794,0.3540954291820526,0.6373960971832275,0.5181310176849365,0.8828669190406799,0.9341902732849121,0.4571107029914856,27.19434359157458,27.265657775569707
203,1.1147928873964603,2.4579217433929443,1,0.5447334051132202,0.36557862162590027,0.6463117599487305,0.5108878016471863,0.890753984451294,0.9443537592887878,0.46125584840774536,27.43934076000005,28.136553079355508
204,1.1139129172235527,2.342170238494873,1,0.5060310363769531,0.35766541957855225,0.6368202567100525,0.5109338164329529,0.8796707391738892,0.9317068457603455,0.4566470682621002,27.236283973790705,27.307144360616803
205,1.11373822761062,2.721200942993164,1,0.5843847990036011,0.3657453656196594,0.6473702192306519,0.525719165802002,0.8992848992347717,0.9557359218597412,0.46138641238212585,27.421819576062262,27.492518234066665
206,1.1126077407158461,2.1754729747772217,1,0.4876208007335663,0.3563079535961151,0.6452605128288269,0.5192347764968872,0.85541170835495,0.9242337346076965,0.45943203568458557,27.2026356193237,27.27391362329945
207,1.1133080036848184,2.5133509635925293,1,0.5513961911201477,0.367353230714798,0.6541832685470581,0.502724826335907,0.8924325704574585,0.949619472026825,0.4653545916080475,27.413803029805422,27.484852225054055
208,1.1147820105488668,2.068735122680664,1,0.529098629951477,0.3605670928955078,0.6388925909996033,0.501483142375946,0.8878796696662903,0.9387661218643188,0.4580448865890503,27.193952255882323,27.264898751862347
209,1.127133596663507,2.221625804901123,1,0.5701122879981995,0.3647070527076721,0.6590445041656494,0.5309388637542725,0.8868909478187561,0.9384211897850037,0.4672470688819885,27.396129196044058,27.46717771096155
210,1.1167459935949953,2.159555196762085,1,0.5237111449241638,0.36052486300468445,0.658386766910553,0.5078065991401672,0.8773483037948608,0.9373864531517029,0.46668317914009094,27.186558224260807,27.25717168301344
211,1.1134458204243807,2.261333703994751,1,0.5497974157333374,0.37477779388427734,0.6569741368293762,0.4818459749221802,0.893053412437439,0.9512750506401062,0.466303288936615,27.41122322063893,27.48235869500786
212,1.1146412963835186,2.0962274074554443,1,0.5659047365188599,0.36037611961364746,0.6465579867362976,0.5327094197273254,0.8892133831977844,0.9535514712333679,0.4608997106552124,27.19536208594218,27.269351478200406
213,1.1110190721166213,2.055508852005005,1,0.564765214920044,0.3562026023864746,0.6479606628417969,0.5465059876441956,0.8874428272247314,0.9406057000160217,0.4620257616043091,27.41472404031083,27.48585279425606
214,1.1350059401268926,2.9127957820892334,1,0.5696448683738708,0.37411022186279297,0.6735320091247559,0.4960334897041321,0.8867299556732178,0.9556439518928528,0.4744589924812317,27.16152653284371,27.23267636494711
215,1.1433295771579615,1.9631744623184204,1,0.5591384172439575,0.37502816319465637,0.6650068759918213,0.502586841583252,0.8919956684112549,0.9506081938743591,0.4698992371559143,27.364027236122638,27.435887441970408
216,1.1269145143912143,2.048776865005493,1,0.5684826374053955,0.3675338625907898,0.6484573483467102,0.5096691250801086,0.8954448103904724,0.952976644039154,0.46232232451438904,27.36270662723109,27.433978328015655
217,1.121424309759332,2.5087220668792725,1,0.6217248439788818,0.3932204246520996,0.7009744644165039,0.5067258477210999,0.8902251124382019,0.966819167137146,0.4864846467971802,27.218468844890594,27.600085829850286
218,1.1453706594121535,2.2509331703186035,1,0.5857049822807312,0.37873297929763794,0.6745057106018066,0.4915725886821747,0.8861321210861206,0.9613925218582153,0.4747549593448639,27.374673961196095,27.445551485288888
219,1.1312213708090302,1.9435526132583618,1,0.5706638693809509,0.3634199798107147,0.6519870758056641,0.5203154683113098,0.8942261338233948,0.9474809765815735,0.4638080298900604,27.172181107103825,27.24322797032073
220,1.122253015937421,2.579271078109741,1,0.5614669322967529,0.36426058411598206,0.6503937840461731,0.5180390477180481,0.8867759704589844,0.9489296078681946,0.4630712866783142,27.410746693145484,28.117215355858207
221,1.115337173010679,2.3901751041412354,1,0.5265587568283081,0.36056166887283325,0.6439871191978455,0.511991560459137,0.8796477317810059,0.9334314465522766,0.460440993309021,27.19471111614257,27.320413303095847
222,1.1201601716496001,2.6624133586883545,1,0.5739825963973999,0.3742412328720093,0.6655095219612122,0.4954126477241516,0.8939042091369629,0.9538273811340332,0.4709791839122772,27.481511038262397,27.552533862181008
223,1.123548117660036,2.3847455978393555,1,0.560389518737793,0.360977441072464,0.6491518616676331,0.5256961584091187,0.8931683897972107,0.9406516551971436,0.4620198905467987,27.20758460368961,27.2786186770536
224,1.1160546369200586,2.4496235847473145,1,0.5841271877288818,0.35411539673805237,0.6462594270706177,0.5529214143753052,0.8976982831954956,0.9421463012695312,0.46021437644958496,27.47698563709855,27.547776374965906
225,1.1173405739285003,2.7414748668670654,1,0.5710883140563965,0.3633657693862915,0.6621395349502563,0.5414012670516968,0.8901790976524353,0.9389271140098572,0.4685209095478058,27.37278516124934,28.07384284818545
226,1.1164520674903922,2.1416831016540527,1,0.5425101518630981,0.35431230068206787,0.639572262763977,0.532088577747345,0.8830968737602234,0.9415024518966675,0.45752081274986267,27.74739677971229,27.819562186021358
227,1.1158178768702,2.365818738937378,1,0.5649739503860474,0.35971909761428833,0.6392601728439331,0.5234197378158569,0.897261381149292,0.9537354111671448,0.457869291305542,27.365172135178,27.436344609130174
228,1.117293242240112,2.5333609580993652,1,0.5662121772766113,0.3604018986225128,0.6512218117713928,0.5310078263282776,0.8906159996986389,0.9393869638442993,0.46370118856430054,28.433573884889483,28.636708188802004
229,1.1172838779103835,2.475970506668091,1,0.5672149062156677,0.35555514693260193,0.6407111287117004,0.549495279788971,0.8905700445175171,0.9400997757911682,0.45860975980758667,28.077487014234066,28.148354220204055
230,1.1164627031191883,2.3387694358825684,1,0.5367241501808167,0.37076279520988464,0.6747879385948181,0.5325484871864319,0.8639885783195496,0.9225321412086487,0.4745800495147705,27.805809032637626,27.882521403953433
231,1.1191206542437508,2.8185808658599854,1,0.5488678216934204,0.36996105313301086,0.6556942462921143,0.49219343066215515,0.8886384963989258,0.9584952592849731,0.46592071652412415,28.179532556794584,28.252639086917043
232,1.1185788972265769,2.3311455249786377,1,0.531179666519165,0.36496293544769287,0.6480963826179504,0.506403923034668,0.8867989778518677,0.9392949938774109,0.4616282284259796,27.66116106370464,27.733530678786337
233,1.117537745693386,2.2619588375091553,1,0.5535286068916321,0.35466960072517395,0.6453083157539368,0.5552898645401001,0.874864935874939,0.9368575811386108,0.4606269896030426,28.485946812666953,28.717653874773532
234,1.1164772098496456,2.2896032333374023,1,0.5768799185752869,0.3568633496761322,0.6380125284194946,0.5329623818397522,0.8949159383773804,0.9519878625869751,0.4567137062549591,28.219638360198587,28.928197884000838
235,1.114780778452854,2.4121365547180176,1,0.5625848770141602,0.3649824857711792,0.6508088111877441,0.5130722522735596,0.891144871711731,0.943043053150177,0.4631401598453522,28.521822268143296,29.094524660147727
236,1.1259848211435664,2.35190486907959,1,0.5298416614532471,0.35938549041748047,0.6360416412353516,0.5276506543159485,0.8841086030006409,0.9424452185630798,0.4573114216327667,28.17618338437751,28.252106888219714
237,1.1169582741372537,2.5887184143066406,1,0.5435494184494019,0.36387163400650024,0.6593875885009766,0.5246154069900513,0.879463791847229,0.9319598078727722,0.4671574532985687,28.516252889763564,29.131739612668753
238,1.1126008521790471,2.308209180831909,1,0.5201430916786194,0.35966598987579346,0.6479083895683289,0.5124974250793457,0.8796936869621277,0.9320517778396606,0.46116966009140015,28.1383846369572,28.213081310968846
239,1.123188508436984,2.2068276405334473,1,0.545620322227478,0.3595949411392212,0.6430399417877197,0.5276276469230652,0.8834648132324219,0.9374094605445862,0.4598366618156433,28.474774760659784,28.55007040966302
240,1.1144807950762294,2.341639280319214,1,0.5498245358467102,0.3608996868133545,0.6472853422164917,0.5276966691017151,0.8846145272254944,0.9406976699829102,0.462119996547699,28.152689415961504,28.225767072290182
241,1.1174153145527679,2.5695137977600098,1,0.5823202133178711,0.3661686182022095,0.6497597694396973,0.5209133625030518,0.899951696395874,0.9545172452926636,0.46183985471725464,28.43457713071257,29.145290908869356
242,1.1112563062034198,2.0056698322296143,1,0.5216377973556519,0.35156524181365967,0.6385776996612549,0.5290303230285645,0.8747039437294006,0.9317528605461121,0.4576275944709778,28.153932090848684,28.858966066967696
243,1.1103976324900684,2.032000780105591,1,0.5319845080375671,0.36322370171546936,0.6422473788261414,0.5123134851455688,0.8875347971916199,0.9378233551979065,0.4594404697418213,27.947202995885164,28.647359958849847
244,1.1156108387364636,2.0371389389038086,1,0.5530980229377747,0.3575889766216278,0.6555779576301575,0.5427579283714294,0.876175582408905,0.939501941204071,0.46553656458854675,28.304406424053013,28.506986724678427
245,1.1115848366046113,2.012808322906494,1,0.5177311897277832,0.3577727973461151,0.6326720118522644,0.49743613600730896,0.8805215358734131,0.9406516551971436,0.4549807608127594,28.19125008303672,28.743253061082214
246,1.1470088734722776,2.966379165649414,1,0.5511175990104675,0.37859097123146057,0.6787891983985901,0.4930902123451233,0.881234347820282,0.9485387206077576,0.47671687602996826,28.05895970808342,28.13101327093318
247,1.1405814590070071,1.8066813945770264,1,0.5938955545425415,0.364978551864624,0.667633593082428,0.5367334485054016,0.8904320597648621,0.9492285251617432,0.4678358733654022,27.924995355308056,27.999538609292358
248,1.124488961776631,2.9970991611480713,1,0.5659788250923157,0.375575989484787,0.6810643076896667,0.5057600736618042,0.8819931745529175,0.9478259086608887,0.4770980179309845,28.49949583178386,28.570184194948524
249,1.1351509010231735,2.3409793376922607,1,0.5303627252578735,0.360667884349823,0.6435800194740295,0.5089792609214783,0.8839016556739807,0.9395479559898376,0.45990151166915894,28.078064762987196,28.14880223479122
250,1.1232090516378415,2.465176582336426,1,0.5465373992919922,0.36608341336250305,0.6542544960975647,0.5220170617103577,0.8872588276863098,0.9506771564483643,0.46586549282073975,28.437633422203362,28.603386943228543
251,1.1184622861394946,2.5816004276275635,1,0.5093792080879211,0.36130404472351074,0.6450740694999695,0.5068178176879883,0.8771183490753174,0.9347881078720093,0.46057891845703125,27.7516285716556,28.46097860392183
252,1.1305055498276781,2.670095205307007,1,0.5417912006378174,0.36171162128448486,0.6534833908081055,0.5192117691040039,0.8781991004943848,0.9394789338111877,0.4646267890930176,28.451193487271667,29.161014975979924
253,1.1220183864535902,2.6320340633392334,1,0.526762843132019,0.3687319755554199,0.6487951874732971,0.4927452802658081,0.8829818964004517,0.9381222724914551,0.4624681770801544,27.987615551799536,28.69676221581176
254,1.1452171578503294,2.38036847114563,1,0.5359340906143188,0.37214112281799316,0.6778478026390076,0.4931821823120117,0.8669548630714417,0.935041069984436,0.47583165764808655,28.064179676119238,28.230805939994752
255,1.1372560918731178,2.073547601699829,1,0.5289362072944641,0.3627335727214813,0.6620941758155823,0.5101289749145508,0.8792568445205688,0.934512197971344,0.4638811945915222,28.272915685083717,28.46979481121525
256,1.1258208147631397,2.078977584838867,1,0.5631883144378662,0.3716658651828766,0.6666544079780579,0.5078065991401672,0.899422824382782,0.950930118560791,0.4701928496360779,27.8766520190984,27.951733373105526
257,1.1236248664407922,2.182722806930542,1,0.5648834705352783,0.37041038274765015,0.6601026058197021,0.5026098489761353,0.895099937915802,0.9555749893188477,0.4673038423061371,28.31409315019846,28.645983888302
258,1.1240123718376929,2.4538257122039795,1,0.5167103409767151,0.35605180263519287,0.646957278251648,0.5176021456718445,0.8732092976570129,0.9300053119659424,0.4612041115760803,27.88106814492494,27.955601702909917
259,1.1419130295715076,4.5553789138793945,1,0.5902421474456787,0.3785499334335327,0.6801140904426575,0.5052772164344788,0.8887304663658142,0.9576904773712158,0.4773934483528137,28.05133158294484,28.1247847690247
260,1.1476525904348231,3.3246278762817383,1,0.5783284306526184,0.3738481402397156,0.6772364377975464,0.5035526156425476,0.8869139552116394,0.9514129757881165,0.4762558341026306,27.728507336694747,27.802479279693216
261,1.1458273129975236,2.9557838439941406,1,0.6181637048721313,0.37639129161834717,0.6759547591209412,0.5142449736595154,0.9064131379127502,0.9657614827156067,0.47497105598449707,27.98509905813262,28.05750683322549
262,1.1449313275766053,2.4140961170196533,1,0.6292353272438049,0.3786850571632385,0.6762059926986694,0.5170043110847473,0.9105750918388367,0.9719929099082947,0.47456231713294983,27.656896559987217,28.10754661541432
263,1.1416761987161317,2.096987724304199,1,0.5864105224609375,0.37937816977500916,0.6709294319152832,0.506794810295105,0.9069879651069641,0.9586102366447449,0.4731713533401489,28.296715781092644,28.47356759896502
264,1.1362527388854315,2.682483196258545,1,0.5818368792533875,0.3850236237049103,0.6842564344406128,0.49704521894454956,0.8779691457748413,0.9583113193511963,0.4793282747268677,27.634647538885474,27.830165296792984
265,1.1320245369968798,2.206345796585083,1,0.5411176085472107,0.36247286200523376,0.6540065407752991,0.5163604617118835,0.8753937482833862,0.9390420317649841,0.4640646278858185,28.11279259622097,28.37999589415267
266,1.1225812555159498,2.272740364074707,1,0.5759108066558838,0.38152971863746643,0.6930028200149536,0.51153165102005,0.8744280338287354,0.940743625164032,0.4820789098739624,27.909371397923678,27.982044109608978
267,1.1275261288521274,2.268772602081299,1,0.5802100300788879,0.36249759793281555,0.6457043886184692,0.5282025337219238,0.8923406004905701,0.9529536366462708,0.4603899419307709,28.18068742379546,28.255791089031845
268,1.1200820999657548,2.0527422428131104,1,0.5109878182411194,0.3546809256076813,0.6538809537887573,0.5523925423622131,0.865598201751709,0.9189680218696594,0.4646025598049164,28.03393501508981,28.301638438832015
269,1.1177315259939873,2.020975112915039,1,0.5574182271957397,0.35932356119155884,0.645328164100647,0.5220170617103577,0.8952378630638123,0.9423532485961914,0.4607301950454712,28.24342519417405,29.005084548145533
270,1.1136024426293853,1.9555860757827759,1,0.5613992214202881,0.3665863573551178,0.6515300273895264,0.5172112584114075,0.887603759765625,0.9498264193534851,0.4633169174194336,28.13457156298682,28.79074555868283
271,1.1179009972002683,2.1917736530303955,1,0.5508381724357605,0.36122700572013855,0.6439976096153259,0.5191197991371155,0.8861091136932373,0.9441238045692444,0.4597834646701813,27.820769058074802,28.103843203745782
272,1.1162208386715626,2.163300037384033,1,0.5343705415725708,0.35694360733032227,0.6437481641769409,0.5378831624984741,0.8847984671592712,0.9345351457595825,0.45962679386138916,28.14397333469242,28.21755557274446
273,1.1401823047023492,2.7027220726013184,1,0.5600850582122803,0.3724818527698517,0.666070818901062,0.516452431678772,0.8838787078857422,0.9449746012687683,0.4703276753425598,27.914785682223737,27.98823244124651
274,1.1476660290820486,3.02577805519104,1,0.5606971979141235,0.3835739493370056,0.6798424124717712,0.48366254568099976,0.8867070078849792,0.9501712918281555,0.47735679149627686,28.073252053931355,28.144706997089088
275,1.1419112074295146,2.011495590209961,1,0.5896047353744507,0.37980249524116516,0.6732507944107056,0.5015290975570679,0.9013083577156067,0.9602198004722595,0.4739280641078949,27.750770983286202,27.914751653093845
276,1.1293841084377878,1.9570631980895996,1,0.5670344829559326,0.36997413635253906,0.6590986251831055,0.5085424184799194,0.8848674297332764,0.9538503885269165,0.46706414222717285,28.118856362067163,28.587992910761386
277,1.121776241184081,2.185307264328003,1,0.5518323183059692,0.373926043510437,0.6618994474411011,0.4879394769668579,0.8949389457702637,0.9568396806716919,0.46820923686027527,27.911283131688833,27.98208940960467
278,1.118682798923262,2.1146819591522217,1,0.5547257661819458,0.3613610565662384,0.6572097539901733,0.5474258065223694,0.8732092976570129,0.9331784844398499,0.46615511178970337,28.069954056292772,28.143119195941836
279,1.1285858862352052,2.731281042098999,1,0.5448203086853027,0.373928427696228,0.6701117753982544,0.5016440749168396,0.8709328770637512,0.937340497970581,0.47224849462509155,27.771870924159884,28.183790649287403
280,1.1334457901500214,2.3247501850128174,1,0.5371647477149963,0.3634125292301178,0.6526448726654053,0.511991560459137,0.877164363861084,0.9335464239120483,0.4642629325389862,28.047421963885427,28.17176636867225
281,1.1176423530450603,2.209099054336548,1,0.5370631217956543,0.3631944954395294,0.6515251398086548,0.5168663263320923,0.8786819577217102,0.9358918070793152,0.4632047414779663,27.832869820762426,27.909700872842222
282,1.1450318042063874,3.278158664703369,1,0.5687915086746216,0.37885335087776184,0.6756298542022705,0.49069878458976746,0.8914898037910461,0.9569776058197021,0.47540828585624695,28.030180463101715,28.10133078880608
283,1.1393038682489587,2.1991584300994873,1,0.5523104071617126,0.3623439073562622,0.659271240234375,0.5322955250740051,0.8774402737617493,0.9349260926246643,0.46707683801651,28.109463847242296,28.812861482147127
284,1.1209430738583508,2.235308885574341,1,0.5914074182510376,0.37011733651161194,0.6554802060127258,0.515601634979248,0.9078847765922546,0.9613235592842102,0.465195894241333,27.87814182601869,28.073600497096777
285,1.1239875375024424,2.0048060417175293,1,0.5334928631782532,0.36624422669410706,0.6530144214630127,0.4915725886821747,0.8822460770606995,0.9409735798835754,0.4642254710197449,28.128976222127676,28.201733455061913
286,1.1200816551310904,2.1699960231781006,1,0.5396357774734497,0.359986811876297,0.6493171453475952,0.5265469551086426,0.8782221078872681,0.9314998984336853,0.4628109931945801,27.8392784781754,27.911322026979178
287,1.117117947780046,2.108713388442993,1,0.5447984337806702,0.36920788884162903,0.6575809717178345,0.4912736415863037,0.8863620758056641,0.9416404366493225,0.466478168964386,27.75491561135277,27.826576593331993
288,1.1227657298913738,4.151771545410156,1,0.6221354603767395,0.378274530172348,0.6837499737739563,0.5258111357688904,0.9000666737556458,0.965186595916748,0.4785041809082031,27.741626479197294,27.81432363204658
289,1.148552096530095,2.6499216556549072,1,0.5875601768493652,0.37218618392944336,0.6711334586143494,0.5102439522743225,0.8922486305236816,0.9575064778327942,0.47308140993118286,28.076853284146637,28.149473428260535
290,1.127464204826611,2.4665403366088867,1,0.5366224646568298,0.3611122965812683,0.651820182800293,0.5292142629623413,0.8740831017494202,0.9317988753318787,0.463590532541275,27.914720011875033,27.987852371763438
291,1.1264754121735592,2.5862863063812256,1,0.5567182302474976,0.3673320710659027,0.6513240337371826,0.5007243156433105,0.8994688391685486,0.9569776058197021,0.46316590905189514,28.109511757735163,28.18274858687073
292,1.1293928279172654,2.5859198570251465,1,0.5212394595146179,0.37013283371925354,0.6584588289260864,0.5007932782173157,0.8773252964019775,0.9401457905769348,0.4666014015674591,27.83566899690777,27.909707919694483
293,1.12997400200607,3.1530086994171143,1,0.5908315181732178,0.38145753741264343,0.6795925498008728,0.49026191234588623,0.8934903144836426,0.9610476493835449,0.4766572415828705,28.118396810721606,28.19102155510336
294,1.1335639585584603,2.128974437713623,1,0.5879603624343872,0.3708156645298004,0.6574158072471619,0.5030007362365723,0.9021821618080139,0.96327805519104,0.46562880277633667,28.045031365938485,28.117859618272632
295,1.133749854644673,2.203808069229126,1,0.5743670463562012,0.36199048161506653,0.6522918939590454,0.5268918871879578,0.8908689618110657,0.946469247341156,0.46368712186813354,28.087514293845743,28.433079755865037
296,1.1201352009037198,2.2952892780303955,1,0.5868957042694092,0.3814871311187744,0.6742759943008423,0.49966657161712646,0.8939042091369629,0.9531145691871643,0.4742851257324219,28.14521198021248,28.80748654017225
297,1.1556841859081448,3.510345458984375,1,0.5973293781280518,0.3782306909561157,0.6775472164154053,0.5014601349830627,0.8953758478164673,0.9595299959182739,0.4760878384113312,27.91569557413459,28.61658685328439
298,1.144797578754041,2.6123580932617188,1,0.5647361278533936,0.3748564124107361,0.6725690364837646,0.49069878458976746,0.8842005729675293,0.9559428691864014,0.4739551246166229,28.13926602108404,28.85011008474976
299,1.1407197353823872,1.9423913955688477,1,0.607184886932373,0.37485063076019287,0.6734745502471924,0.5141299962997437,0.911517858505249,0.9633240699768066,0.4692145586013794,27.977090117055923,28.681818787008524
300,1.1444513813761257,3.5446155071258545,1,0.5624276399612427,0.378379225730896,0.6752596497535706,0.4928142726421356,0.8868909478187561,0.9560348391532898,0.4752039313316345,28.051996192429215,28.752974270377308
301,1.1447766875260628,2.4183387756347656,1,0.5479409694671631,0.37701231241226196,0.6680181622505188,0.4885603189468384,0.8930073976516724,0.952700674533844,0.4715464115142822,27.85491906804964,28.291566158179194
302,1.1416559659394643,2.726858139038086,1,0.5500515103340149,0.3705413043498993,0.667555034160614,0.5108418464660645,0.8778771758079529,0.942123293876648,0.4713527262210846,28.39309837296605,29.102017821278423
303,1.1322272079903006,2.971349000930786,1,0.5515058040618896,0.3775421380996704,0.6848673224449158,0.5006783604621887,0.8744969964027405,0.9475729465484619,0.4782032072544098,28.02194037893787,28.38933454081416
304,1.1252888137062125,2.2786707878112793,1,0.5116308927536011,0.36348915100097656,0.6591020226478577,0.5133711695671082,0.8704500198364258,0.9236588478088379,0.46648290753364563,28.234466467052698,28.887505466118455
305,1.1308733212867839,3.733548402786255,1,0.5919471979141235,0.38184410333633423,0.6801835894584656,0.5006093382835388,0.8975143432617188,0.9594610333442688,0.47739145159721375,27.84573767706752,27.91814060229808
306,1.1474664287279117,2.58117938041687,1,0.546231746673584,0.37602394819259644,0.6740668416023254,0.4883303940296173,0.8816712498664856,0.9482857584953308,0.47445306181907654,28.161092436872423,28.234432565048337
307,1.140527117972406,2.565034866333008,1,0.5793427228927612,0.3752123713493347,0.6702313423156738,0.5112786889076233,0.9013543725013733,0.9516889452934265,0.47192275524139404,27.76708217896521,27.83922430500388
308,1.1360871867845523,2.7267982959747314,1,0.5948272347450256,0.3814517855644226,0.6738648414611816,0.5021039843559265,0.9087815284729004,0.9627721905708313,0.47329142689704895,28.097484295722097,28.169652031734586
309,1.1287512883243944,2.329927444458008,1,0.5474536418914795,0.3659664988517761,0.6528395414352417,0.49405595660209656,0.8820391297340393,0.9474809765815735,0.4645319879055023,28.15154530806467,28.22516605304554
310,1.1354193671437718,2.6297221183776855,1,0.5560359954833984,0.37407195568084717,0.6569982767105103,0.4890891909599304,0.8999057412147522,0.9511600732803345,0.4668853282928467,27.90287552215159,27.97534845629707
311,1.1273241055091756,2.9700706005096436,1,0.6221235990524292,0.37144848704338074,0.6726562976837158,0.5312607884407043,0.9059072136878967,0.9619213938713074,0.46890875697135925,28.184036717750132,28.256150734610856
312,1.1242814696075132,2.6283504962921143,1,0.5343271493911743,0.3639554977416992,0.6472148299217224,0.49883878231048584,0.8879026770591736,0.9419163465499878,0.4612305760383606,27.82452292414382,27.899986185133457
313,1.1406679045433965,3.066117525100708,1,0.5687373280525208,0.37515515089035034,0.6653578877449036,0.4904228746891022,0.9011244177818298,0.9506771564483643,0.4703027606010437,28.139381469693035,28.550797529984266
314,1.1301087805088734,2.8387722969055176,1,0.5821930170059204,0.37053245306015015,0.6566979885101318,0.5101289749145508,0.9056313037872314,0.954471230506897,0.46471932530403137,27.949960246682167,28.60988437384367
315,1.124575131291511,2.5506768226623535,1,0.5414806008338928,0.3615981340408325,0.6489520072937012,0.5314217209815979,0.8831888437271118,0.9368345737457275,0.46221572160720825,28.199770647101104,28.273441966157407
316,1.1251666665877271,2.4295945167541504,1,0.5460938215255737,0.374090313911438,0.6524642109870911,0.4879854619503021,0.8961346745491028,0.9535514712333679,0.4639841318130493,27.97645535506308,28.04985044617206
317,1.1184743894826645,2.4066038131713867,1,0.5649014711380005,0.35960468649864197,0.6414512395858765,0.5217871069908142,0.8987560272216797,0.9492515325546265,0.4578079879283905,28.22852658573538,28.74389570299536
318,1.1215149776247524,2.394423484802246,1,0.5331740975379944,0.37318262457847595,0.6531933546066284,0.47961553931236267,0.8839936256408691,0.9458253979682922,0.4636300206184387,28.02147835167125,28.133265340700746
319,1.1185062247634734,2.418375253677368,1,0.571725606918335,0.36398518085479736,0.6446552276611328,0.5156936049461365,0.9001356959342957,0.9520108699798584,0.46005406975746155,28.23613069904968,28.315841381903738
320,1.1158002858993992,2.2602882385253906,1,0.5644693374633789,0.3692495822906494,0.6613457202911377,0.5076225996017456,0.8993998765945435,0.9470440745353699,0.4639592468738556,27.99523979006335,28.06969915283844
321,1.1240767044509017,2.982804536819458,1,0.6165744662284851,0.3747372329235077,0.6773074865341187,0.5260640382766724,0.8991469144821167,0.9625652432441711,0.47502267360687256,28.32646355126053,29.197979697026312
322,1.128672661397281,2.5125606060028076,1,0.561000406742096,0.35938379168510437,0.6545858979225159,0.5376071929931641,0.8823840618133545,0.9406057000160217,0.4648960828781128,28.05668842373416,28.765596407931298
323,1.1215840298057402,2.5879883766174316,1,0.537941575050354,0.3591044247150421,0.6445133090019226,0.5251672863960266,0.8793947696685791,0.9342132210731506,0.46023210883140564,28.363270340953022,28.75790611701086
324,1.1612844411158723,5.068283557891846,1,0.7166095972061157,0.38641053438186646,0.7036423087120056,0.5636827945709229,0.9375474452972412,0.976476788520813,0.4815845191478729,28.433020370081067,28.509374391287565
325,1.1540451857867657,4.4019927978515625,1,0.5724654793739319,0.3782314956188202,0.6767577528953552,0.4953436553478241,0.8875347971916199,0.9537584185600281,0.4759094715118408,28.00903660384938,28.4084965842776
326,1.14721997872295,3.7043168544769287,1,0.5629016160964966,0.3720528185367584,0.6756053566932678,0.5002414584159851,0.8803375363349915,0.9470440745353699,0.47541433572769165,28.297230798285455,28.370600262191147
327,1.145403443966936,2.9873499870300293,1,0.542731761932373,0.37792617082595825,0.6762822866439819,0.4880084693431854,0.8818091750144958,0.951068103313446,0.4753687381744385,27.86290221195668,27.948645011987537
328,1.1423246124446793,2.531980514526367,1,0.6256207823753357,0.37114590406417847,0.6755843758583069,0.5225229263305664,0.8948009610176086,0.9569776058197021,0.4743524193763733,28.11797499610111,28.19104190217331
329,1.1348195179996874,2.6612727642059326,1,0.5638172626495361,0.3693489134311676,0.6599907875061035,0.5063349604606628,0.8944330811500549,0.9413874745368958,0.46802425384521484,27.854573625139892,28.10740875825286
330,1.1658202741770136,4.968140125274658,1,0.5479307174682617,0.37526145577430725,0.683495819568634,0.5044034123420715,0.8664029836654663,0.9351789951324463,0.47875937819480896,27.955937636084855,28.02814809884876
331,1.1525552344802241,4.067270755767822,1,0.5767015218734741,0.375690758228302,0.6881622076034546,0.5124744176864624,0.870335042476654,0.9365127086639404,0.48138314485549927,27.726506405044347,28.30127830710262
332,1.1490036577186329,3.5058648586273193,1,0.5634586811065674,0.3758814334869385,0.6756846308708191,0.4964473843574524,0.8819471597671509,0.9492745399475098,0.47542083263397217,28.03893499588594,28.111226847860962
333,1.1461894384166538,3.3016576766967773,1,0.6093475222587585,0.3757342994213104,0.6746999621391296,0.5022649168968201,0.8981581330299377,0.9631171226501465,0.4745694696903229,27.870629211887717,28.580473652109504
334,1.1450729506127786,2.897998571395874,1,0.584810197353363,0.37884652614593506,0.6778440475463867,0.5037595629692078,0.8932373523712158,0.9584952592849731,0.47635355591773987,28.178100374992937,28.38944950606674
335,1.1430247210016187,2.7059948444366455,1,0.5694063305854797,0.38907963037490845,0.6791749596595764,0.4800754189491272,0.8931223750114441,0.9580583572387695,0.47683796286582947,27.874223563820124,28.58442491106689
336,1.1380744284431406,2.1979758739471436,1,0.5730419754981995,0.38012680411338806,0.6691835522651672,0.4967922866344452,0.9046885371208191,0.9579663872718811,0.47204625606536865,28.199736431706697,28.896135473623872
337,1.1396335655410819,2.284514904022217,1,0.5512796640396118,0.36328986287117004,0.6671017408370972,0.5371932983398438,0.8706109523773193,0.9336614012718201,0.46962401270866394,28.167478596791625,28.98835407709703
338,1.1356360656303048,2.7196733951568604,1,0.5461975336074829,0.3618767559528351,0.6636537313461304,0.5371013283729553,0.8737611770629883,0.9295223951339722,0.4694174826145172,27.924758441746235,28.164749465882778
339,1.1285867223003567,2.6218857765197754,1,0.5668996572494507,0.37216535210609436,0.6671916842460632,0.5034146308898926,0.8896962404251099,0.9472740292549133,0.47113659977912903,28.23214498721063,28.93861115211621
340,1.1293126628702919,2.2909481525421143,1,0.546930730342865,0.3700164258480072,0.6629738807678223,0.5218101143836975,0.8812573552131653,0.94481360912323,0.46723663806915283,27.979744545649737,28.689657614566386
341,1.1238374438061811,2.3623483180999756,1,0.5338118076324463,0.3704048693180084,0.6538815498352051,0.4909747242927551,0.8796936869621277,0.9477109313011169,0.46449288725852966,28.186781891155988,29.117588128894567
342,1.1224237236400578,2.5623128414154053,1,0.5337463617324829,0.3677901029586792,0.6491329669952393,0.5071397423744202,0.8864310383796692,0.9382602572441101,0.4629964232444763,27.943224398884922,28.64134030416608
343,1.116069324464606,2.1021876335144043,1,0.5423750877380371,0.3601105511188507,0.6421007513999939,0.5055071115493774,0.8885465264320374,0.9474349617958069,0.4585156738758087,28.330182145815343,28.887056498788297
344,1.1375611832477903,3.654162883758545,1,0.5745778679847717,0.3752437233924866,0.6761988997459412,0.5010232329368591,0.888523519039154,0.9555519819259644,0.47567251324653625,27.99359952006489,28.702233055140823
345,1.1457737464232733,2.6288130283355713,1,0.556814968585968,0.3716200292110443,0.677394449710846,0.5107268691062927,0.8734392523765564,0.9350180625915527,0.47602030634880066,28.068572604097426,28.901595060247928
346,1.1311608352917153,2.155074119567871,1,0.5511347055435181,0.367158442735672,0.6546147465705872,0.5126583576202393,0.8999747037887573,0.9429740905761719,0.4642130732536316,27.96311884978786,28.67420368688181
347,1.1293298798119462,4.000769138336182,1,0.6094802618026733,0.38048887252807617,0.6804353594779968,0.5165213942527771,0.8922716379165649,0.9617604613304138,0.4774286150932312,28.187466764822602,28.71163177397102
348,1.1479858744064433,2.9524874687194824,1,0.5958127379417419,0.37779879570007324,0.674709141254425,0.5048173069953918,0.897652268409729,0.9659913778305054,0.47486963868141174,27.810697241686285,27.883182934019715
349,1.1362889293056206,2.2155165672302246,1,0.5486204028129578,0.3617461025714874,0.6546240448951721,0.5286853909492493,0.8761525750160217,0.9317068457603455,0.465280681848526,28.135082569904625,28.837605551816523
350,1.1262698857576254,2.5095434188842773,1,0.5658866167068481,0.3629111051559448,0.6490684747695923,0.5159925222396851,0.8925015330314636,0.9497804045677185,0.4627361297607422,28.08562616398558,28.158982339780778
351,1.1349406938424846,2.850503444671631,1,0.5565008521080017,0.37210145592689514,0.6643158793449402,0.4998045563697815,0.8929614424705505,0.9508151412010193,0.47004950046539307,27.841965526808053,27.91468915808946
352,1.1393721107668524,2.5114028453826904,1,0.5894657969474792,0.3959825038909912,0.7024921774864197,0.4761204123497009,0.8924555778503418,0.9502403140068054,0.4883507192134857,28.027306374162436,28.100626079831272
353,1.1294548831530065,2.6756696701049805,1,0.552323579788208,0.36709606647491455,0.6653236150741577,0.5143599510192871,0.8813263177871704,0.9337073564529419,0.470220148563385,27.813703888095915,27.886360449250787
354,1.1302591922299174,2.5840303897857666,1,0.6045234203338623,0.377869576215744,0.6731558442115784,0.5085194110870361,0.903239905834198,0.9589781165122986,0.47381871938705444,28.074209692887962,28.147110803052783
355,1.1291087901832273,2.3258557319641113,1,0.517029881477356,0.3633313477039337,0.6530460715293884,0.5008623003959656,0.8725425004959106,0.9332014918327332,0.46434640884399414,28.058644507080317,28.130378566216677
356,1.1241116979778214,3.145308256149292,1,0.5963795185089111,0.36837929487228394,0.6660439372062683,0.5209363102912903,0.8990549445152283,0.9539194107055664,0.4705110788345337,27.323600557167083,27.39395066583529
357,1.1219336822528967,2.4031171798706055,1,0.5459743142127991,0.3583182990550995,0.6457043886184692,0.5194417238235474,0.8819931745529175,0.9405366778373718,0.4604867696762085,27.686192519962788,27.758378135040402
358,1.1217062301283716,2.2042236328125,1,0.5382599234580994,0.36979904770851135,0.6555171012878418,0.503391683101654,0.8768424391746521,0.9438478946685791,0.4658578336238861,28.239287133794278,28.78393385093659
359,1.116533431430791,2.1983046531677246,1,0.5923370718955994,0.3643064796924591,0.6495025753974915,0.5307778716087341,0.9005035758018494,0.9524937272071838,0.46180835366249084,28.024726094212383,28.098386346828192
360,1.1190042767748736,2.803171157836914,1,0.6407153010368347,0.38029277324676514,0.6935716867446899,0.535307765007019,0.9159327745437622,0.9718319773674011,0.47797077894210815,28.31599790416658,28.392208359204233
361,1.1367743447322973,2.1574177742004395,1,0.5352595448493958,0.35853976011276245,0.6559041738510132,0.5277886390686035,0.868886411190033,0.93338543176651,0.46573561429977417,27.998151083942503,28.321456543169916
362,1.121504313993774,2.6072638034820557,1,0.5802297592163086,0.3661945164203644,0.6459252834320068,0.5065648555755615,0.8999977111816406,0.9554830193519592,0.4607125222682953,28.173541320022196,28.87330333609134
363,1.1177299842738466,2.4067516326904297,1,0.5297191143035889,0.3567718267440796,0.642544150352478,0.5333302617073059,0.8820391297340393,0.9338683485984802,0.45928075909614563,28.29922208096832,29.01536160428077
364,1.1189657457722912,2.745879888534546,1,0.5837345719337463,0.37036028504371643,0.6483279466629028,0.5075996518135071,0.9003885984420776,0.9614385366439819,0.461667001247406,27.938561874907464,28.64296415587887
365,1.1257615697463887,2.712412118911743,1,0.5370945334434509,0.3698410093784332,0.6562111973762512,0.49957460165023804,0.8816482424736023,0.9395479559898376,0.4659251868724823,28.18460731720552,28.69283269997686
366,1.1202181781698393,2.5421340465545654,1,0.5952412486076355,0.37714916467666626,0.7090978026390076,0.5316746830940247,0.8962496519088745,0.9532755613327026,0.47465112805366516,27.89399647107348,28.616362407337874
367,1.1205180523379537,2.211284875869751,1,0.5599476099014282,0.35912781953811646,0.6429402828216553,0.5233047604560852,0.8954678177833557,0.9485846757888794,0.4591757357120514,28.187675814144313,28.709656943101436
368,1.1156950284970686,2.3329896926879883,1,0.5610930919647217,0.3629758059978485,0.645284116268158,0.519027829170227,0.8952838778495789,0.9506312012672424,0.4610052704811096,27.94151527201757,28.013240641448647
369,1.1116194577025087,2.510817050933838,1,0.5140511393547058,0.3605612516403198,0.65421462059021,0.5300420522689819,0.8669548630714417,0.9258432984352112,0.4642387330532074,28.10097625805065,28.28966731298715
370,1.112781730274226,2.292524814605713,1,0.5328393578529358,0.3557043969631195,0.6387439370155334,0.5229368209838867,0.8761525750160217,0.9411805272102356,0.45795977115631104,27.877143017947674,27.95118189882487
371,1.1225027257964115,2.6611077785491943,1,0.5675247311592102,0.3624086081981659,0.6575741171836853,0.5388259291648865,0.8833268284797668,0.93805330991745,0.4670642614364624,28.155850503128022,28.228541794233024
372,1.1201862996856637,2.421205520629883,1,0.5606259107589722,0.36095622181892395,0.6423336267471313,0.517372190952301,0.8916277885437012,0.9493895173072815,0.45905017852783203,27.898017229046673,27.970334542915225
373,1.1206985948069783,2.512359380722046,1,0.5203171372413635,0.36925873160362244,0.6521168351173401,0.4786267876625061,0.8859251737594604,0.9444916844367981,0.4635600447654724,28.329232052899897,28.435093313921243
374,1.1145223811168798,2.371070146560669,1,0.5573874711990356,0.3605860769748688,0.6394098997116089,0.5208903551101685,0.8915128111839294,0.9498264193534851,0.4580412209033966,27.801016482058913,27.875227191019803
375,1.1140999157956784,2.276527166366577,1,0.5356584787368774,0.3582944869995117,0.6529126763343811,0.5302720069885254,0.8797627091407776,0.9361677765846252,0.46080419421195984,28.113116146996617,28.935895553790033
376,1.112749277345286,2.448046922683716,1,0.5332649946212769,0.3646352291107178,0.654862105846405,0.5254662036895752,0.8754167556762695,0.9352020025253296,0.4669763743877411,27.827290184330195,28.532595098018646
377,1.1150939752591535,2.8148536682128906,1,0.5467960834503174,0.37387219071388245,0.6691357493400574,0.4978730380535126,0.8988939523696899,0.9485617280006409,0.47353875637054443,27.96349365497008,28.67590182600543
378,1.1357099665891404,2.3262012004852295,1,0.5469435453414917,0.364361971616745,0.6512740850448608,0.5118765830993652,0.8839936256408691,0.9428591132164001,0.4651305377483368,27.729243994224817,28.453956831246614
379,1.1153910112060956,2.2416508197784424,1,0.5323631167411804,0.36224544048309326,0.6400972008705139,0.5172342658042908,0.885833203792572,0.9429280757904053,0.4601907730102539,27.573954347055405,28.185579288285226
380,1.1238301704393938,2.571676731109619,1,0.5378687381744385,0.3615710437297821,0.6564887166023254,0.5161535143852234,0.8822460770606995,0.9358688592910767,0.4661131203174591,27.743443795945495,27.817699974868447
381,1.125320220553635,2.214108467102051,1,0.5329282879829407,0.3589150607585907,0.6488531827926636,0.5182690024375916,0.8808204531669617,0.9348800778388977,0.46076443791389465,27.244155117310584,27.31606664415449
382,1.1306726956527504,3.4877078533172607,1,0.6571651697158813,0.3841647505760193,0.6932680606842041,0.5422980785369873,0.8995378017425537,0.9659454226493835,0.48354530334472656,27.526128057856113,27.597383979707956
383,1.1474793897379165,2.7393436431884766,1,0.5594990849494934,0.3721315860748291,0.6878595352172852,0.5217640995979309,0.8651382923126221,0.9319137930870056,0.48127481341362,27.3626892818138,27.49069797573611
384,1.1426098874751354,2.2967092990875244,1,0.5788602828979492,0.3800548315048218,0.6711850762367249,0.48731863498687744,0.9104831218719482,0.9567477107048035,0.4730720818042755,27.72747435979545,28.585493430960923
385,1.1317536202853158,2.394070863723755,1,0.5894834995269775,0.36622941493988037,0.6541940569877625,0.5118765830993652,0.91059809923172,0.953091561794281,0.46323633193969727,27.467360121198,27.5584137737751
386,1.1322963157756216,2.910848617553711,1,0.548103928565979,0.36634206771850586,0.6551040410995483,0.5073926448822021,0.8848674297332764,0.9474349617958069,0.4656781256198883,27.64812071574852,28.34895147383213
387,1.1318657326218267,2.653745651245117,1,0.5413976907730103,0.3640724718570709,0.6466111540794373,0.5134401917457581,0.8878567218780518,0.9442617893218994,0.46163615584373474,27.949622799176723,28.6666242252104
388,1.1297394557287228,3.153353691101074,1,0.6000869274139404,0.3763689398765564,0.6757201552391052,0.5017590522766113,0.8969624638557434,0.9655774831771851,0.47535330057144165,27.84237269917503,28.545632229186594
389,1.1420798129683374,2.229182004928589,1,0.5773304104804993,0.37574031949043274,0.6685959100723267,0.49407896399497986,0.9044585824012756,0.952838659286499,0.4713348150253296,27.655973533634096,28.36620278097689
390,1.1229882992354014,2.3218002319335938,1,0.5393357872962952,0.36042550206184387,0.6510393619537354,0.5257881283760071,0.87387615442276,0.9320287704467773,0.4634999930858612,27.77118068607524,28.49238274106756
391,1.1271961899411758,2.2968759536743164,1,0.5618467330932617,0.36872345209121704,0.653622567653656,0.5030927658081055,0.8940191864967346,0.9507231712341309,0.4648403525352478,27.726030016317964,28.435423648916185
392,1.1203343772248133,2.2798759937286377,1,0.5533467531204224,0.35712379217147827,0.6489426493644714,0.536687433719635,0.8802915811538696,0.9368575811386108,0.46250680088996887,27.540405075997114,27.847203223966062
393,1.1222574174804176,2.3784189224243164,1,0.5446674823760986,0.36481204628944397,0.6456524729728699,0.5038975477218628,0.8839936256408691,0.952309787273407,0.46077126264572144,27.768621055874974,28.472554640844464
394,1.1152405258793159,2.2595558166503906,1,0.5321177840232849,0.3537518084049225,0.6457298994064331,0.532755434513092,0.877417266368866,0.9272459745407104,0.46044445037841797,27.36639040708542,28.07177379122004
395,1.116995038602176,2.502568006515503,1,0.5390604734420776,0.3613137900829315,0.6571326851844788,0.5251672863960266,0.8750948309898376,0.9301662445068359,0.4663747251033783,27.736324209254235,28.453612863086164
396,1.1398157909412512,4.611454486846924,1,0.6055668592453003,0.3812354505062103,0.6829908490180969,0.5156476497650146,0.8967785239219666,0.9574835300445557,0.47870245575904846,27.466791769955307,27.54297923622653
397,1.1329275593661623,2.5429787635803223,1,0.5999691486358643,0.3650903105735779,0.6495766043663025,0.5269378423690796,0.9040907025337219,0.967095136642456,0.4618224501609802,27.837666189298034,28.543429208919406
398,1.1249696680363392,2.8094019889831543,1,0.5604320168495178,0.3720659911632538,0.6561880111694336,0.5140380263328552,0.9086665511131287,0.9572535753250122,0.4690297245979309,27.55913135362789,28.26677772961557
399,1.1226473734682838,2.248936891555786,1,0.530564546585083,0.36497950553894043,0.6524098515510559,0.5014141798019409,0.8813493251800537,0.9397088885307312,0.4627166986465454,27.722754671238363,28.42448708321899
400,1.1206135813821883,2.2652485370635986,1,0.5211426019668579,0.3639026880264282,0.6426113247871399,0.4935500919818878,0.8864770531654358,0.9395709037780762,0.4593142867088318,27.503413544036448,28.21483294200152
401,1.1153725873703924,2.277235507965088,1,0.5935299396514893,0.36234530806541443,0.6455050706863403,0.5375612378120422,0.9026420712471008,0.9597369432449341,0.4589178264141083,27.78112027188763,28.16372403781861
402,1.117849560792014,2.4171206951141357,1,0.5484971404075623,0.36683472990989685,0.6448756456375122,0.4937800467014313,0.896019697189331,0.9501253366470337,0.4604718089103699,27.479673112742603,27.551180094014853
403,1.1211056557277705,2.5094141960144043,1,0.5874775052070618,0.38756921887397766,0.6856423020362854,0.4857090413570404,0.8919956684112549,0.9588401913642883,0.4785290062427521,27.80127777904272,28.514303285162896
404,1.1341451158459555,3.6544268131256104,1,0.6361632943153381,0.3768446147441864,0.6858373880386353,0.5216261744499207,0.9003196358680725,0.9620133638381958,0.47899726033210754,28.489634400699288,29.207988856825978
405,1.1327456663918976,2.9029300212860107,1,0.5186055898666382,0.3622620403766632,0.6472408771514893,0.5003564357757568,0.8843845725059509,0.937593400478363,0.4618145525455475,27.690292346291244,27.998281294945627
406,1.1255786862949397,2.553415536880493,1,0.5377780199050903,0.3695661425590515,0.6486238837242126,0.48368552327156067,0.8915128111839294,0.9457334280014038,0.4624709188938141,27.963970976881683,28.32374855922535
407,1.1202062536406037,2.533007860183716,1,0.5384086966514587,0.36283066868782043,0.6491685509681702,0.5138310790061951,0.8827059864997864,0.9380763173103333,0.46176213026046753,27.678339965175837,27.842512178234756
408,1.125030760397047,3.910294771194458,1,0.5891900658607483,0.37782689929008484,0.6829633116722107,0.5078985691070557,0.889512300491333,0.9547011852264404,0.47903281450271606,27.95549447508529,28.514194949995726
409,1.146076734034007,2.9535319805145264,1,0.5771872401237488,0.3755638003349304,0.6708121299743652,0.5042654275894165,0.8977212905883789,0.956908643245697,0.47280073165893555,27.650731861125678,28.399377027060837
410,1.132071600264351,2.8792495727539062,1,0.5547846555709839,0.3711903393268585,0.6696106195449829,0.5170732736587524,0.8699211478233337,0.9378463625907898,0.4725186824798584,27.931923979893327,28.365545750129968
411,1.1326943519931512,2.818429470062256,1,0.5739167332649231,0.3678649365901947,0.6564369201660156,0.5088183283805847,0.8972153663635254,0.9482627511024475,0.4661290645599365,27.58048200700432,27.65278220595792
412,1.131322447885603,3.308274030685425,1,0.5292030572891235,0.3777276873588562,0.6698309183120728,0.474050909280777,0.8769803643226624,0.9523557424545288,0.47223716974258423,27.898553079925478,28.5983024709858
413,1.138035723426998,3.970060110092163,1,0.5687146186828613,0.3747514486312866,0.6682445406913757,0.503253698348999,0.8989629745483398,0.9541493058204651,0.4714556336402893,27.63709752401337,28.357298282906413
414,1.149641810247562,3.646878719329834,1,0.5838407874107361,0.37301382422447205,0.6845040321350098,0.5175331830978394,0.8796936869621277,0.9439168572425842,0.47956204414367676,27.897095839958638,28.60195862269029
415,1.145906779590069,3.022261142730713,1,0.5732327699661255,0.3761293292045593,0.676568865776062,0.499183714389801,0.8828209638595581,0.9490675926208496,0.4758973717689514,27.54252913966775,28.232829271815717
416,1.1379475505560037,3.17216420173645,1,0.5884971022605896,0.3695738911628723,0.6631330251693726,0.5174412131309509,0.8931223750114441,0.9563337564468384,0.4687891900539398,27.928414206951857,28.001546690240502
417,1.1508679433957043,3.6326160430908203,1,0.6066296100616455,0.3747742474079132,0.6760126352310181,0.5105658769607544,0.9008255004882812,0.9650946259498596,0.47527357935905457,27.916003518737853,27.98792781168595
418,1.1412779396812387,2.893751621246338,1,0.558308482170105,0.368918776512146,0.6587410569190979,0.5072777271270752,0.8910989165306091,0.9501253366470337,0.4662512242794037,27.552540355361998,27.624382238369435
419,1.148699092784984,3.690002202987671,1,0.5746296048164368,0.37706077098846436,0.6741836071014404,0.4971372187137604,0.8879256844520569,0.9608866572380066,0.4748334288597107,27.865980290807784,28.569537034258246
420,1.1432068203919685,3.863128423690796,1,0.5395398139953613,0.3774206042289734,0.6759338974952698,0.48998597264289856,0.8723815083503723,0.9494584798812866,0.47494402527809143,27.613042812794447,28.319790131878108
421,1.1342919000843228,2.769942045211792,1,0.5952340960502625,0.3669722378253937,0.6488103270530701,0.510864794254303,0.907447874546051,0.9587022066116333,0.4615536332130432,27.924550866242498,28.642262073233724
422,1.1208484096815121,2.680865526199341,1,0.5549466609954834,0.3672705292701721,0.6477844715118408,0.5062199831008911,0.894961953163147,0.9465152025222778,0.46210554242134094,27.773650702554733,28.491718027740717
423,1.1268928219007965,2.720543384552002,1,0.5232107639312744,0.3637253940105438,0.6611101627349854,0.5086573362350464,0.8797397017478943,0.9243716597557068,0.46700918674468994,28.034309392794967,28.759034517686814
424,1.1213599499440032,2.8256940841674805,1,0.5775755047798157,0.3629734218120575,0.6525852084159851,0.5311688184738159,0.8822460770606995,0.9487456679344177,0.4637289047241211,27.78658084431663,28.505432575009763
425,1.1224122115429616,2.6219642162323,1,0.5304253101348877,0.36202272772789,0.6446526050567627,0.49773505330085754,0.8882706165313721,0.9437788724899292,0.46031007170677185,27.932231181301177,28.653936240356416
426,1.1279332273758498,2.8235702514648438,1,0.5388281941413879,0.3657664656639099,0.6562075614929199,0.4934810996055603,0.8883165717124939,0.943181037902832,0.4637375771999359,27.663797824643552,28.362429156899452
427,1.1214970770298234,2.6297125816345215,1,0.5712308883666992,0.36017900705337524,0.663746178150177,0.5626020431518555,0.8706569671630859,0.933983325958252,0.46798545122146606,27.98501513293013,28.16565582389012
428,1.1249564858090957,3.052658796310425,1,0.563900887966156,0.36126935482025146,0.6482089757919312,0.5237186551094055,0.8905470371246338,0.9459173679351807,0.46187323331832886,27.70284544536844,28.407448762096465
429,1.1250796426062617,2.885077953338623,1,0.5484404563903809,0.3610295057296753,0.6448642611503601,0.5089563131332397,0.8933063745498657,0.9458713531494141,0.4604502320289612,27.919110398739576,28.42571181477979
430,1.1178446688107997,2.6986212730407715,1,0.5464238524436951,0.3642517030239105,0.6512223482131958,0.5132332444190979,0.8863160610198975,0.9334314465522766,0.46325549483299255,27.702197588980198,27.775065875146538
431,1.1257074971327046,2.7991201877593994,1,0.5460697412490845,0.3687916398048401,0.6512224078178406,0.5236956477165222,0.8824070692062378,0.9397318959236145,0.4640572965145111,27.85419171396643,28.553900618106127
432,1.1252177353673334,2.657649517059326,1,0.5553369522094727,0.36539968848228455,0.6567186117172241,0.5049092769622803,0.8915128111839294,0.9458253979682922,0.46282467246055603,27.965964677743614,28.691281309816986
433,1.1199400324949482,2.5829124450683594,1,0.5404130220413208,0.37101781368255615,0.6505492329597473,0.47910967469215393,0.8931453824043274,0.9445376992225647,0.4626043140888214,27.717815612908453,28.434833426959813
434,1.1428083957441701,3.4676589965820312,1,0.5649535655975342,0.38763341307640076,0.6866453289985657,0.48472025990486145,0.887603759765625,0.9599208831787109,0.4804205298423767,27.981354574207217,28.698321748990566
435,1.131653253264075,2.6948742866516113,1,0.5903206467628479,0.3666476607322693,0.655653178691864,0.5159235596656799,0.9006875157356262,0.9524707198143005,0.4649885594844818,27.703737928066403,28.421068819705397
436,1.1199625194472755,2.301464080810547,1,0.5401726961135864,0.360329806804657,0.6451770663261414,0.5120145082473755,0.8886845111846924,0.9425601959228516,0.4591086208820343,27.834823138080537,28.552677436266094
437,1.147463125270485,3.2129783630371094,1,0.5842167139053345,0.38356196880340576,0.6811326146125793,0.49849388003349304,0.8988939523696899,0.9615764617919922,0.4781094789505005,27.647239440120757,28.364595042075962
438,1.144469053553255,2.3466012477874756,1,0.6250821352005005,0.3782985508441925,0.6728870272636414,0.4999195337295532,0.9121847152709961,0.9738324880599976,0.4719288945198059,27.83658852474764,28.56147516099736
439,1.1323255824562688,2.5538206100463867,1,0.5634347796440125,0.37172627449035645,0.657728374004364,0.5042654275894165,0.8935362696647644,0.9488376379013062,0.4668256342411041,27.668226883281022,28.386176500003785
440,1.1338035020252202,2.7685463428497314,1,0.5516719818115234,0.3712032735347748,0.6654471158981323,0.5126583576202393,0.8802915811538696,0.9439398646354675,0.47026580572128296,27.86235941713676,28.575838517863303
441,1.13147309602507,3.0676965713500977,1,0.5697230696678162,0.3730936348438263,0.6583940386772156,0.5013911724090576,0.9016302824020386,0.9537354111671448,0.4668544828891754,27.586871310137212,28.30298521183431
442,1.1530866962951303,4.3633294105529785,1,0.586173951625824,0.3770509958267212,0.6779661774635315,0.5028398036956787,0.8863620758056641,0.9539194107055664,0.47659218311309814,27.853051838930696,28.569186128210276
443,1.1485275214150448,3.512617349624634,1,0.5606878995895386,0.37253838777542114,0.6804043054580688,0.5051162242889404,0.8697831630706787,0.9352250099182129,0.4775902032852173,27.674849235918373,28.786475960630924
444,1.145518667345879,2.865858316421509,1,0.5920235514640808,0.37471210956573486,0.679774820804596,0.5172802209854126,0.8827519416809082,0.9539194107055664,0.47734323143959045,27.95789936510846,28.66689762705937
445,1.1382520738864106,2.5034539699554443,1,0.6046019792556763,0.378329873085022,0.6726661324501038,0.500954270362854,0.9099772572517395,0.9678999185562134,0.4732550084590912,27.993668121285737,28.712064813356847
446,1.1830664717111012,4.376727104187012,1,0.5703161954879761,0.38691043853759766,0.6981667876243591,0.49962058663368225,0.8832118511199951,0.9518498778343201,0.4859009087085724,27.576358016114682,28.294303111732006
447,1.1499450834805534,3.7090933322906494,1,0.5610517263412476,0.3779415190219879,0.6755934357643127,0.48987099528312683,0.8827519416809082,0.9506542086601257,0.4753926992416382,27.92179421382025,28.64114526892081
448,1.1464680269260534,3.3380696773529053,1,0.5659571886062622,0.37817636132240295,0.6756452322006226,0.49371105432510376,0.8835797309875488,0.9559198617935181,0.4754739999771118,27.64754365896806,27.99905962171033
449,1.1437433538020858,2.5719738006591797,1,0.5721551179885864,0.37863731384277344,0.6731317043304443,0.4991376996040344,0.8934903144836426,0.9597599506378174,0.47420069575309753,28.203647702932358,28.276841320097446
450,1.1411709913471402,2.2819933891296387,1,0.597053587436676,0.3903597593307495,0.6868780851364136,0.47616639733314514,0.9084136486053467,0.9674400687217712,0.4800923466682434,27.740350229665637,27.812199216801673
451,1.1385897333990007,2.9403066635131836,1,0.5542418956756592,0.375870943069458,0.6742390394210815,0.5008392930030823,0.8881556391716003,0.948768675327301,0.47436806559562683,28.09782423870638,28.170014212839305
452,1.1348766476515955,2.8904495239257812,1,0.5631970167160034,0.3665420413017273,0.6612733602523804,0.5250523090362549,0.8887994885444641,0.9444457292556763,0.4682566523551941,27.893918160814792,28.60928154597059
453,1.1388192328830693,2.8430898189544678,1,0.5483118891716003,0.3699518144130707,0.6655383110046387,0.5131412744522095,0.8894662857055664,0.9401457905769348,0.4701211154460907,28.011219426058233,28.08169867331162
454,1.1364006412109273,3.1568522453308105,1,0.5663829445838928,0.37029555439949036,0.6591212153434753,0.507714569568634,0.8997907638549805,0.9497343897819519,0.4662323296070099,27.870801752898842,28.57877785200253
455,1.134547518003707,3.116309881210327,1,0.5769675970077515,0.36972498893737793,0.6709993481636047,0.5255581736564636,0.8856722116470337,0.9422842264175415,0.4727444350719452,28.170890267007053,28.421923185233027
456,1.146779181973246,3.55246639251709,1,0.5435566306114197,0.37760868668556213,0.6740825176239014,0.4867667555809021,0.8831888437271118,0.949550449848175,0.47405320405960083,27.858036716934294,27.929743845947087
457,1.1367787170730181,2.389747381210327,1,0.5413736701011658,0.3661942481994629,0.6619557738304138,0.5103129744529724,0.8807054758071899,0.9355009198188782,0.46828967332839966,28.107657245825976,28.17933206493035
458,1.1288563173089252,2.5774569511413574,1,0.5549343824386597,0.36261388659477234,0.6493145823478699,0.5161074995994568,0.8834187984466553,0.9438018798828125,0.4632026255130768,28.120945456903428,28.193206580821425
459,1.122450920559416,2.529420852661133,1,0.5723549127578735,0.37297287583351135,0.6547755002975464,0.48214492201805115,0.9040446877479553,0.9557819366455078,0.46533268690109253,27.76752339908853,28.46813664212823
460,1.1502620977843367,2.989629030227661,1,0.5872511267662048,0.3713361918926239,0.6760978102684021,0.5054841637611389,0.8858101963996887,0.955138087272644,0.4756009578704834,28.204906105063856,28.909203161019832
461,1.136131879467292,2.2089614868164062,1,0.5249184966087341,0.3660556674003601,0.6559314131736755,0.5056450963020325,0.8743590116500854,0.9310170412063599,0.4652417302131653,27.86015974637121,28.570920646190643
462,1.1239357890698733,2.3675222396850586,1,0.5330841541290283,0.3688989281654358,0.6572879552841187,0.5010692477226257,0.8857412338256836,0.9393410086631775,0.4661569595336914,28.088832472916692,29.20247188117355
463,1.1205370090151794,2.4439947605133057,1,0.5727092027664185,0.36767643690109253,0.6531655192375183,0.5015061497688293,0.9039757251739502,0.9540573358535767,0.46412596106529236,27.882213189266622,28.596679302398115
464,1.123086246868108,2.6301393508911133,1,0.5115106105804443,0.36243143677711487,0.654382050037384,0.5305939316749573,0.8589298725128174,0.9251765012741089,0.46442994475364685,28.18919781781733,28.902047372888774
465,1.132270072130549,2.7696802616119385,1,0.5571736097335815,0.3716563582420349,0.6617855429649353,0.5095771551132202,0.8878337144851685,0.9474349617958069,0.4686688482761383,28.00166232092306,28.71275927964598
466,1.126172714985457,2.22979474067688,1,0.5589878559112549,0.36689114570617676,0.6544266939163208,0.5079215168952942,0.8990549445152283,0.9487226605415344,0.4640762209892273,28.220885719172657,28.922753884922713
467,1.1364707490741806,2.7154364585876465,1,0.5650727152824402,0.3655875623226166,0.6728395223617554,0.5412173271179199,0.8760146498680115,0.939961850643158,0.47414183616638184,27.922048724256456,28.892378426156938
468,1.1235030725498327,2.3887722492218018,1,0.5389012098312378,0.35445788502693176,0.6547702550888062,0.5495642423629761,0.8797627091407776,0.9263032078742981,0.4643462002277374,28.205080520827323,28.302360718138516
469,1.1268716346497503,2.1994903087615967,1,0.5302926301956177,0.3624541461467743,0.6431566476821899,0.5074156522750854,0.8826599717140198,0.9400538206100464,0.45974797010421753,27.862206325866282,27.93351915664971
470,1.1229281733500078,2.529230833053589,1,0.5417223572731018,0.36538445949554443,0.647972047328949,0.5015751123428345,0.8924555778503418,0.9423072338104248,0.4623962640762329,28.107793332543224,28.340406455565244
471,1.1161559344138074,2.3913521766662598,1,0.5622481107711792,0.36180931329727173,0.654771089553833,0.5309848189353943,0.882016122341156,0.9458713531494141,0.4650252163410187,28.091085277032107,28.484360185917467
472,1.1177429088810147,2.36515736579895,1,0.5493432879447937,0.36112260818481445,0.6450169086456299,0.5149807929992676,0.8890753984451294,0.9438478946685791,0.46027567982673645,27.92031316505745,28.530303664971143
473,1.1163831357187872,2.33501935005188,1,0.5405316352844238,0.3662588596343994,0.645023763179779,0.49515968561172485,0.8933293223381042,0.9451815485954285,0.4606233239173889,28.01737538492307,28.08975247712806
474,1.1183230436888316,2.353898525238037,1,0.542773962020874,0.3597133457660675,0.6403903365135193,0.5085194110870361,0.8921796083450317,0.9446756839752197,0.4588911235332489,27.951195186004043,28.02359711797908
475,1.1165847686313142,2.3629393577575684,1,0.532418429851532,0.3649291396141052,0.6484574675559998,0.4941709339618683,0.8888684511184692,0.942514181137085,0.46154898405075073,28.108747575897723,28.181196057703346
476,1.1249383623968034,2.4546074867248535,1,0.5322770476341248,0.36658480763435364,0.6527056097984314,0.4867207705974579,0.8918347358703613,0.9417324066162109,0.4641701281070709,27.878219378180802,27.95138403493911
477,1.1184217645817955,2.3338801860809326,1,0.5915045738220215,0.36280590295791626,0.645167887210846,0.5264549851417542,0.9068959951400757,0.9597599506378174,0.4597128927707672,28.02302955184132,28.095677272882313
478,1.1292486782842035,3.0763039588928223,1,0.557639479637146,0.36091458797454834,0.6639682650566101,0.5413782596588135,0.8811423778533936,0.9340062737464905,0.46960240602493286,27.872783659026027,27.944424876011908
479,1.1228878526079575,2.421635866165161,1,0.5649781227111816,0.3640701174736023,0.6509178280830383,0.5187748670578003,0.8992388844490051,0.947113037109375,0.4634552597999573,28.11064366204664,28.183788820169866
480,1.1184587846666374,2.3781535625457764,1,0.5303733944892883,0.36457881331443787,0.6446765661239624,0.4994596242904663,0.8803145885467529,0.9413644671440125,0.4606165289878845,27.9496263647452,28.02116041490808
481,1.1448204505363566,3.298635959625244,1,0.5722493529319763,0.37435415387153625,0.6770163178443909,0.499045729637146,0.8863620758056641,0.95408034324646,0.47611919045448303,28.136030985042453,28.39012102317065
482,1.1449425780533145,2.5070931911468506,1,0.5412441492080688,0.3802459239959717,0.6751695871353149,0.49249234795570374,0.8806824684143066,0.9466761946678162,0.4748738408088684,27.798486744053662,27.87075174925849
483,1.1334407305557457,2.4788155555725098,1,0.5354287624359131,0.37241411209106445,0.6575034856796265,0.4956425726413727,0.8928234577178955,0.9371335506439209,0.46668678522109985,28.029408792965114,28.104368147905916
484,1.1394497388161269,4.157418251037598,1,0.5672587752342224,0.37922170758247375,0.6795247197151184,0.4946078360080719,0.8843845725059509,0.9516199231147766,0.4772941768169403,27.74306286405772,27.815160271245986
485,1.1469839083268338,3.014122486114502,1,0.5664716958999634,0.3793959617614746,0.6758982539176941,0.4901929199695587,0.8872358798980713,0.9613235592842102,0.47506412863731384,28.050357069354504,28.123087290208787
486,1.1384141285147442,2.7518410682678223,1,0.5366543531417847,0.37352022528648376,0.6618044376373291,0.49775806069374084,0.8844305276870728,0.9403986930847168,0.468171626329422,28.02096818666905,28.72986948583275
487,1.1495086058674242,3.0226924419403076,1,0.6004524827003479,0.37662726640701294,0.6754118204116821,0.5052542090415955,0.8995378017425537,0.9610705971717834,0.47507885098457336,27.759411504026502,28.506700109224766
488,1.1435079794602105,2.199300765991211,1,0.5694053173065186,0.37684452533721924,0.6724260449409485,0.5072777271270752,0.8968244791030884,0.9565407633781433,0.47385913133621216,28.111261596903205,28.81495787622407
489,1.1467298745308947,3.4517323970794678,1,0.5691561102867126,0.3762415051460266,0.6754106283187866,0.4968842566013336,0.8850973844528198,0.9514359831809998,0.4752759337425232,27.898048316594213,28.60646259970963
490,1.1421317882185815,2.2938501834869385,1,0.5344226956367493,0.3723878860473633,0.670071005821228,0.5043114423751831,0.8944560885429382,0.948239803314209,0.4696069359779358,28.10930773196742,28.81877178698778
491,1.1351560386235282,2.91149640083313,1,0.5283181667327881,0.3758516311645508,0.6680203080177307,0.48807743191719055,0.8742210865020752,0.9407896399497986,0.4682941734790802,27.865416158922017,28.14189220080152
492,1.1343984643884952,2.781024694442749,1,0.5353820323944092,0.3731335401535034,0.657583475112915,0.487916499376297,0.8849363923072815,0.9449746012687683,0.46659770607948303,28.069638464599848,28.142256127670407
493,1.1373070510441825,2.7178356647491455,1,0.5868388414382935,0.37691229581832886,0.6812443733215332,0.5045873522758484,0.8810274004936218,0.9569776058197021,0.47808730602264404,27.787938002031296,28.505222169682384
494,1.1374338869280463,2.52759051322937,1,0.5457974672317505,0.37195679545402527,0.6647068858146667,0.5017820596694946,0.880843460559845,0.9417783617973328,0.4696243405342102,28.003482695668936,28.186190062668175
495,1.1359462590025575,2.6403231620788574,1,0.5476500391960144,0.37739649415016174,0.6610293388366699,0.49368804693222046,0.8939502239227295,0.9487456679344177,0.4683826267719269,27.87480429885909,28.08925525099039
496,1.1373476794102049,2.599369525909424,1,0.5904728174209595,0.36391809582710266,0.6527842283248901,0.5207753777503967,0.8982501029968262,0.9557819366455078,0.4637800455093384,28.08199444413185,28.278856966178864
497,1.1331358840001509,3.485369920730591,1,0.8034128546714783,0.3851839601993561,0.7413279414176941,0.597185492515564,0.943571925163269,0.9890087246894836,0.4845640957355499,27.80419326806441,27.923468604218215
498,1.1552248101106426,3.734863042831421,1,0.5559861660003662,0.3759128153324127,0.6751171350479126,0.4901929199695587,0.8832118511199951,0.952976644039154,0.4751571714878082,28.113716861233115,28.18626162223518
499,1.1450139492150122,3.129214286804199,1,0.5724509954452515,0.37690848112106323,0.6735042333602905,0.4956885576248169,0.8930764198303223,0.9601048827171326,0.474258691072464,28.077970025595278,28.150785594712943
