iteration,loss,lengthscale,outputscale,likelyhood_noise,test_MAE,test_NLL,test_PICP50,test_PICP90,test_PICP95,test_RMSE,it_time_training,it_time
0,1.1827051639556885,0.984581708908081,0.6443970203399658,0.644496738910675,0.36956724524497986,0.6751794219017029,0.5590737462043762,0.9113778471946716,0.9621734619140625,0.47073185443878174,0.35382162034511566,6.986153118312359
1,1.173823356628418,0.9895543456077576,0.6013137102127075,0.5991204977035522,0.3680833876132965,0.6686708331108093,0.547438383102417,0.8996734619140625,0.9529525637626648,0.4695681035518646,0.043602111749351025,6.403479112312198
2,1.1672508716583252,0.9765926599502563,0.5705305933952332,0.558444619178772,0.366809606552124,0.6649088859558105,0.5376655459403992,0.8879461288452148,0.9428578019142151,0.4686403274536133,0.04350243229418993,6.408877905458212
3,1.162956953048706,0.9439412951469421,0.5583341121673584,0.5246647596359253,0.3647622764110565,0.6621447801589966,0.5305141806602478,0.8806337118148804,0.9337058663368225,0.4672359228134155,0.043207595124840736,6.897516562603414
4,1.1604406833648682,0.901536762714386,0.5614254474639893,0.5003045797348022,0.3616221845149994,0.6589440107345581,0.5287895798683167,0.8745170831680298,0.9275892376899719,0.46518856287002563,0.043013266287744045,6.894123858772218
5,1.1589441299438477,0.8562226295471191,0.5721961259841919,0.4864597022533417,0.3591126799583435,0.6566293835639954,0.5296173691749573,0.8713667988777161,0.9228062629699707,0.4636041522026062,0.04356489051133394,6.89000591263175
6,1.1577167510986328,0.8145728707313538,0.5805047154426575,0.481938898563385,0.357668399810791,0.6556355953216553,0.5263980627059937,0.8696421980857849,0.9211966395378113,0.4628916382789612,0.042876529507339,6.89128474984318
7,1.1564860343933105,0.7847397923469543,0.5746285319328308,0.48450955748558044,0.355288028717041,0.6524501442909241,0.5338253974914551,0.8704010248184204,0.9209666848182678,0.46151915192604065,0.043129175901412964,6.902662887237966
8,1.1551810503005981,0.7706803679466248,0.556189775466919,0.49201205372810364,0.353288471698761,0.6504907608032227,0.5414137244224548,0.8726544976234436,0.9226223230361938,0.46078044176101685,0.042908537201583385,6.40496414527297
9,1.153731346130371,0.7705802917480469,0.5308243036270142,0.5025502443313599,0.35205474495887756,0.6473743319511414,0.5465185642242432,0.8754829168319702,0.9263014793395996,0.4595694839954376,0.04264102037996054,6.407362999394536
10,1.1522225141525269,0.7814124822616577,0.5018525719642639,0.5143510699272156,0.35127371549606323,0.6448701620101929,0.5532330870628357,0.8796219825744629,0.9298657178878784,0.45849984884262085,0.04259765055030584,6.402896247804165
11,1.15082848072052,0.8007701635360718,0.47137320041656494,0.5256842970848083,0.35020849108695984,0.6428741216659546,0.5601315498352051,0.8836690783500671,0.9348325729370117,0.4575398862361908,0.04304233659058809,6.405361511744559
12,1.1496845483779907,0.8268334865570068,0.44111528992652893,0.5349656939506531,0.3493213653564453,0.6404329538345337,0.5648455023765564,0.8887969255447388,0.9376839399337769,0.4562675356864929,0.04321983456611633,6.401806030422449
13,1.1488080024719238,0.8580302596092224,0.4128466248512268,0.5409960150718689,0.348456472158432,0.6388323903083801,0.5685936212539673,0.8922231197357178,0.9392015933990479,0.4553990960121155,0.042840768583118916,5.922307203523815
14,1.1481051445007324,0.8927645087242126,0.3885036110877991,0.5431645512580872,0.34775060415267944,0.6375076770782471,0.5679957866668701,0.894499659538269,0.940811276435852,0.4547337591648102,0.04278784990310669,5.911548350006342
15,1.1474523544311523,0.9292788505554199,0.369935542345047,0.5414763689041138,0.3468632102012634,0.6362476348876953,0.5684786438941956,0.8948215842247009,0.9415931105613708,0.4541865289211273,0.04274926986545324,5.915235670283437
16,1.1467822790145874,0.9656533598899841,0.35831767320632935,0.5364200472831726,0.345979779958725,0.6344630122184753,0.568317711353302,0.8940627574920654,0.9416850805282593,0.4534597396850586,0.04304542671889067,5.915199571289122
17,1.1461079120635986,0.9999079704284668,0.3537903428077698,0.5287895798683167,0.3453289568424225,0.6327433586120605,0.5695134401321411,0.8922001719474792,0.9402593970298767,0.45279866456985474,0.041739730164408684,5.915646895766258
18,1.1455090045928955,1.0301543474197388,0.35571038722991943,0.5195380449295044,0.3446389436721802,0.6310941576957703,0.5676738619804382,0.8902226090431213,0.9395925402641296,0.4521370530128479,0.042907328344881535,5.920716010965407
19,1.1450929641723633,1.0547674894332886,0.36313092708587646,0.5096803307533264,0.3435300588607788,0.6298180818557739,0.5685246586799622,0.8878081440925598,0.9369021058082581,0.45159801840782166,0.042708929628133774,5.91631770785898
20,1.1449356079101562,1.0725423097610474,0.37507930397987366,0.5002186298370361,0.3427075147628784,0.6285093426704407,0.5669609904289246,0.8850487470626831,0.9358903765678406,0.4509650766849518,0.04262462072074413,5.911500809714198
21,1.145031213760376,1.082807183265686,0.3905913829803467,0.4920586049556732,0.34192681312561035,0.6277291774749756,0.5652363896369934,0.8816915154457092,0.9346716403961182,0.45051318407058716,0.04291807860136032,5.920846640132368
22,1.1452970504760742,1.085479497909546,0.408611923456192,0.48590922355651855,0.34137460589408875,0.6273000240325928,0.5632818341255188,0.8791850805282593,0.9331539869308472,0.45018500089645386,0.04312899522483349,5.916425307281315
23,1.1456153392791748,1.0810457468032837,0.4278637766838074,0.482191264629364,0.3410036563873291,0.6270990967750549,0.5623160600662231,0.87750643491745,0.9321652054786682,0.4499574601650238,0.04264459107071161,5.917720712721348
24,1.1458806991577148,1.0704646110534668,0.44678157567977905,0.48099663853645325,0.3406769037246704,0.62699955701828,0.5625230073928833,0.8771155476570129,0.9316592812538147,0.44979584217071533,0.042819748632609844,5.916905451565981
25,1.1460280418395996,1.055026650428772,0.4636080861091614,0.4821113049983978,0.34045323729515076,0.626858115196228,0.5635117888450623,0.8778743743896484,0.9319122433662415,0.4496479332447052,0.043176304548978806,6.405205543152988
26,1.1460356712341309,1.0362132787704468,0.4766848087310791,0.48508110642433167,0.34000876545906067,0.6271721124649048,0.5661791563034058,0.8796219825744629,0.9320732355117798,0.44972530007362366,0.04307399597018957,6.4051899537444115
27,1.1459122896194458,1.015570878982544,0.48482027649879456,0.4892914593219757,0.3398760259151459,0.6270303130149841,0.5670989751815796,0.8810936212539673,0.9332229495048523,0.4496229290962219,0.04275314975529909,6.400642512366176
28,1.1456859111785889,0.9946034550666809,0.48752981424331665,0.49404945969581604,0.33977487683296204,0.6269077658653259,0.5682716965675354,0.8828182220458984,0.9342347383499146,0.44953566789627075,0.042675720527768135,6.406324231997132
29,1.1453970670700073,0.9746800661087036,0.4850384294986725,0.4986683428287506,0.3396962881088257,0.6268311738967896,0.5695593953132629,0.8845198750495911,0.9351315498352051,0.44948074221611023,0.04286512918770313,6.401778451167047
30,1.145092248916626,0.9569521546363831,0.4781113266944885,0.5025553703308105,0.3396759033203125,0.6268405914306641,0.5704562067985535,0.8858765363693237,0.9359363317489624,0.449482798576355,0.04251346178352833,6.40400804579258
31,1.1448163986206055,0.9422851800918579,0.4678369462490082,0.505290150642395,0.3397986590862274,0.6269747018814087,0.5711690783500671,0.8863134384155273,0.9363962411880493,0.4495815336704254,0.04334860295057297,6.405990534462035
32,1.1446034908294678,0.9312081336975098,0.45544421672821045,0.5066777467727661,0.34045663475990295,0.6271075010299683,0.5713760256767273,0.8869113326072693,0.9364422559738159,0.44971057772636414,0.04282437916845083,6.400610403157771
33,1.144469976425171,0.9238945841789246,0.44216927886009216,0.5067593455314636,0.34048575162887573,0.6276244521141052,0.5723187923431396,0.8863134384155273,0.9355454444885254,0.4500613510608673,0.042608531191945076,5.916815773583949
34,1.1444145441055298,0.9201828837394714,0.42916011810302734,0.5057823657989502,0.3412867784500122,0.6279698610305786,0.5686396360397339,0.8861294984817505,0.9356604218482971,0.4503313899040222,0.04259587079286575,5.918608494102955
35,1.1444240808486938,0.9196379780769348,0.41740602254867554,0.5041376948356628,0.3419528007507324,0.6290274262428284,0.568846583366394,0.8852787017822266,0.9343497157096863,0.45094332098960876,0.0430898554623127,5.9168084328994155
36,1.1444809436798096,0.9216406345367432,0.4076889753341675,0.5022807121276855,0.34251147508621216,0.6295296549797058,0.5665470957756042,0.8848648071289062,0.9337978363037109,0.45126739144325256,0.04288679827004671,5.913590217940509
37,1.144566297531128,0.9254881739616394,0.4005551338195801,0.5006489157676697,0.34295758605003357,0.6299425959587097,0.5652363896369934,0.884243905544281,0.9332459568977356,0.4515266716480255,0.042557292617857456,5.9146797973662615
38,1.1446592807769775,0.9304925203323364,0.39630773663520813,0.49958935379981995,0.3432800769805908,0.6302552819252014,0.5639026761054993,0.8835310935974121,0.9331079721450806,0.45171502232551575,0.04315653443336487,5.920259135775268
39,1.144735336303711,0.9360611438751221,0.3950195014476776,0.4993056356906891,0.34346961975097656,0.6304354071617126,0.5632358193397522,0.8834161162376404,0.9330620169639587,0.45182159543037415,0.04310261644423008,5.922347193583846
40,1.1447734832763672,0.9417506456375122,0.3965595066547394,0.4998326897621155,0.3435225784778595,0.6304917931556702,0.5631898641586304,0.8836230635643005,0.933199942111969,0.4518497586250305,0.04266770090907812,5.91627564933151
41,1.1447622776031494,0.947288453578949,0.4006272256374359,0.5010417699813843,0.34344586730003357,0.6304252743721008,0.563879668712616,0.8841059803962708,0.9334989190101624,0.4518051743507385,0.043414232321083546,5.913238761946559
42,1.1447067260742188,0.9525616765022278,0.4067871868610382,0.5026721954345703,0.3432547450065613,0.6302588582038879,0.5652593970298767,0.8846348524093628,0.9339817762374878,0.4516964852809906,0.04277745820581913,5.9174215057864785
43,1.144624948501587,0.9575819373130798,0.41450169682502747,0.504384458065033,0.3429749011993408,0.6300141215324402,0.566524088382721,0.8852556943893433,0.9344877004623413,0.451534241437912,0.043345713056623936,5.923143125139177
44,1.1445391178131104,0.962432861328125,0.4231623113155365,0.50582355260849,0.34262675046920776,0.629715621471405,0.5676278471946716,0.8857386112213135,0.9349705576896667,0.45133864879608154,0.042768740095198154,5.922168686054647
45,1.1444653272628784,0.967212438583374,0.43212229013442993,0.5066843032836914,0.34203094244003296,0.6286914944648743,0.5674898624420166,0.8864054679870605,0.9358673691749573,0.4507872760295868,0.04300215747207403,5.916251068934798
46,1.1444109678268433,0.9719764590263367,0.44073379039764404,0.5067667961120605,0.3417024314403534,0.6283344626426697,0.5682257413864136,0.8866583704948425,0.9360053539276123,0.45056796073913574,0.042696780525147915,5.918048010207713
47,1.1443743705749512,0.9766966700553894,0.4483911991119385,0.5060105323791504,0.3414499759674072,0.6280535459518433,0.5681107640266418,0.886359453201294,0.936120331287384,0.4503876566886902,0.04276333004236221,6.4091446017846465
48,1.1443524360656738,0.9812401533126831,0.45457923412323,0.5045026540756226,0.34130406379699707,0.6277769804000854,0.5676048398017883,0.8858765363693237,0.9359593391418457,0.4502355754375458,0.04303782619535923,6.40241227298975
49,1.1443434953689575,0.9853742122650146,0.4589197635650635,0.5024591088294983,0.34088149666786194,0.6277275085449219,0.5692834854125977,0.8849567770957947,0.9353154897689819,0.45020583271980286,0.043359892442822456,6.401416865177453
50,1.1443474292755127,0.9887961745262146,0.46120837330818176,0.5001840591430664,0.3409445285797119,0.6275049448013306,0.5684096813201904,0.8844048976898193,0.9347866177558899,0.4500988721847534,0.042703269980847836,6.403856107965112
51,1.144363522529602,0.9911828637123108,0.4614284038543701,0.4980158507823944,0.3405757546424866,0.6273913979530334,0.567581832408905,0.883991003036499,0.9340507984161377,0.45004329085350037,0.042805408127605915,6.405372550711036
52,1.1443867683410645,0.9922481179237366,0.4597388505935669,0.4962686598300934,0.3405176103115082,0.6273183822631836,0.5672369599342346,0.8835080862045288,0.9336598515510559,0.4500187933444977,0.04262078087776899,6.405333902686834
53,1.1444079875946045,0.991798460483551,0.45643991231918335,0.49518021941185,0.34051939845085144,0.6272938251495361,0.5669150352478027,0.8830941915512085,0.9333839416503906,0.45001548528671265,0.04313243459910154,6.404502080753446
54,1.1444178819656372,0.9897748231887817,0.4519258737564087,0.49487408995628357,0.3405556082725525,0.6272927522659302,0.566800057888031,0.8830252289772034,0.9332689642906189,0.4500274956226349,0.04269110970199108,6.400778090581298
55,1.1444114446640015,0.9862709641456604,0.44663697481155396,0.4953443706035614,0.3410928249359131,0.6272805333137512,0.5667080283164978,0.8831861615180969,0.9336828589439392,0.4500405788421631,0.04287041909992695,6.404456422664225
56,1.1443907022476196,0.9815276861190796,0.44101640582084656,0.49646252393722534,0.3411695659160614,0.6272938251495361,0.5669609904289246,0.8834161162376404,0.933935821056366,0.450064480304718,0.04265182092785835,5.917043101042509
57,1.1443631649017334,0.9759024381637573,0.4354768395423889,0.4980054795742035,0.34115132689476013,0.6274009943008423,0.5672599077224731,0.8837840557098389,0.934326708316803,0.4501233696937561,0.043001837097108364,5.915708094835281
58,1.1443382501602173,0.9698229432106018,0.4303755462169647,0.4996981620788574,0.3411431312561035,0.627499520778656,0.5678347945213318,0.8841519355773926,0.9347406029701233,0.450177401304245,0.0426556495949626,5.919992287643254
59,1.1443220376968384,0.9637336730957031,0.4259971082210541,0.5012630224227905,0.3411228656768799,0.6276246309280396,0.5685246586799622,0.8845658302307129,0.9350625276565552,0.45024192333221436,0.04306939709931612,5.917006511241198
60,1.1443157196044922,0.9580456018447876,0.42254531383514404,0.5024675726890564,0.3411216735839844,0.6277958154678345,0.5690535306930542,0.8846578598022461,0.9350625276565552,0.4503268003463745,0.04277975857257843,5.917022969573736
61,1.1443167924880981,0.9530981779098511,0.4201427102088928,0.503160834312439,0.3411791920661926,0.6279821395874023,0.5699273347854614,0.8850487470626831,0.9351544976234436,0.45042139291763306,0.04264636989682913,5.916287638247013
62,1.1443216800689697,0.9491373896598816,0.4188370406627655,0.503293514251709,0.3412773311138153,0.628150999546051,0.5699273347854614,0.8850717544555664,0.9349475502967834,0.4505084753036499,0.04267716966569424,5.9189048409461975
63,1.144327163696289,0.9463115334510803,0.41861146688461304,0.5029174089431763,0.34137457609176636,0.628269374370575,0.5696054100990295,0.8849107623100281,0.93471759557724,0.45057326555252075,0.04314121603965759,5.915393359027803
64,1.144331455230713,0.9446777701377869,0.41939303278923035,0.502166748046875,0.34142956137657166,0.6283403635025024,0.5693294405937195,0.8845888376235962,0.9343497157096863,0.45061448216438293,0.042753249406814575,5.921537771821022
65,1.144333839416504,0.944218099117279,0.4210604429244995,0.5012257099151611,0.3415676951408386,0.6279234886169434,0.5664321184158325,0.8846578598022461,0.9346256256103516,0.45041677355766296,0.04291584808379412,5.921401773579419
66,1.144333839416504,0.9448570013046265,0.4234497547149658,0.5002902746200562,0.34152793884277344,0.6278822422027588,0.5661791563034058,0.8844968676567078,0.9343497157096863,0.45039936900138855,0.04273344948887825,5.918672583065927
67,1.1443321704864502,0.9464788436889648,0.426361083984375,0.4995306134223938,0.3414715826511383,0.6278306841850281,0.5658342242240906,0.8842899203300476,0.9341657757759094,0.4503713548183441,0.04262493085116148,5.918001890182495
68,1.1443287134170532,0.9489423036575317,0.4295670986175537,0.4990623891353607,0.3414093255996704,0.6277655959129333,0.5658342242240906,0.8841059803962708,0.9340277910232544,0.45033326745033264,0.04295581765472889,5.916919591836631
69,1.1443238258361816,0.9520880579948425,0.43282532691955566,0.49893078207969666,0.34135156869888306,0.6277095079421997,0.5659722089767456,0.8840140104293823,0.9341197609901428,0.4502967298030853,0.043187045492231846,5.917314738035202
70,1.1443181037902832,0.9557425379753113,0.4358929991722107,0.4991094172000885,0.3413085639476776,0.6276577115058899,0.5659492015838623,0.8840369582176208,0.934326708316803,0.4502613842487335,0.04251603223383427,5.920499933883548
71,1.144312858581543,0.959717333316803,0.4385458827018738,0.4995137155056,0.34128665924072266,0.6276205778121948,0.5663401484489441,0.8843129277229309,0.9345566630363464,0.4502321779727936,0.04280520882457495,5.922823637723923
72,1.1443089246749878,0.9638081192970276,0.4405985474586487,0.5000242590904236,0.3412829041481018,0.6276089549064636,0.5662021636962891,0.8844048976898193,0.9347406029701233,0.4502168297767639,0.04312180634588003,5.919321896508336
73,1.144307255744934,0.9677969217300415,0.44192391633987427,0.5005143880844116,0.34092503786087036,0.6278255581855774,0.5690535306930542,0.8843129277229309,0.934464693069458,0.4503144919872284,0.04263239074498415,5.912588678300381
74,1.1443078517913818,0.971458375453949,0.44246843457221985,0.500877857208252,0.34095510840415955,0.6277933120727539,0.5689845681190491,0.8844279050827026,0.9346256256103516,0.4502968192100525,0.04293258674442768,5.923734048381448
75,1.1443098783493042,0.9745722413063049,0.4422578811645508,0.5010480880737305,0.3409960865974426,0.6277831196784973,0.5689615607261658,0.8844968676567078,0.9347866177558899,0.45029205083847046,0.04258859157562256,5.91352675948292
76,1.1443121433258057,0.9769389629364014,0.44139233231544495,0.501008927822113,0.34104055166244507,0.627779483795166,0.5688925385475159,0.8844968676567078,0.9349246025085449,0.4502952992916107,0.04294988699257374,5.9147766856476665
77,1.1443135738372803,0.9783989191055298,0.44003111124038696,0.5007926225662231,0.34107619524002075,0.6277794241905212,0.568708598613739,0.8844738602638245,0.9348325729370117,0.45030370354652405,0.04266788996756077,5.920286814682186
78,1.1443138122558594,0.9788509011268616,0.4383695125579834,0.5004681944847107,0.34110140800476074,0.6277861595153809,0.568570613861084,0.8843129277229309,0.9347866177558899,0.4503153860569,0.04329772386699915,5.920018468983471
79,1.144312858581543,0.9782668352127075,0.43661239743232727,0.5001227855682373,0.3411143124103546,0.6277896761894226,0.5683407187461853,0.8841289281845093,0.9346716403961182,0.4503270983695984,0.04274665005505085,5.915927553549409
80,1.144311547279358,0.9767004251480103,0.43494781851768494,0.49984031915664673,0.34111493825912476,0.6278004050254822,0.5683636665344238,0.8840599656105042,0.934464693069458,0.45033958554267883,0.04256438184529543,5.919965649023652
81,1.1443101167678833,0.9742866158485413,0.4335252046585083,0.49968332052230835,0.3411097824573517,0.6278159618377686,0.5684326887130737,0.8840599656105042,0.9343497157096863,0.4503507912158966,0.04307534545660019,5.9160561403259635
82,1.1443085670471191,0.9712320566177368,0.43244072794914246,0.49968019127845764,0.341092973947525,0.6278432011604309,0.5683866739273071,0.8839449882507324,0.9343956708908081,0.45036545395851135,0.042951567098498344,5.915590986609459
83,1.1443071365356445,0.9677968621253967,0.4317319989204407,0.499821275472641,0.3412560820579529,0.6277430057525635,0.5682257413864136,0.8841519355773926,0.9346716403961182,0.45031872391700745,0.042713429778814316,5.917619684711099
84,1.14430570602417,0.9642709493637085,0.43138226866722107,0.5000638961791992,0.34106960892677307,0.6279009580612183,0.5688695907592773,0.8841059803962708,0.9342806935310364,0.4503883123397827,0.04267383087426424,5.915668945759535
85,1.1443049907684326,0.9609456062316895,0.43133261799812317,0.5003442764282227,0.341062992811203,0.6279276013374329,0.5692145228385925,0.8841059803962708,0.9343037009239197,0.45039504766464233,0.04287014901638031,5.911667498759925
86,1.1443052291870117,0.9580855369567871,0.4314993917942047,0.5005936622619629,0.34105342626571655,0.6279500722885132,0.569237470626831,0.8841519355773926,0.9342347383499146,0.4503990411758423,0.04269328061491251,5.919802281074226
87,1.1443060636520386,0.9559033513069153,0.4317918121814728,0.5007542967796326,0.341044545173645,0.6279535889625549,0.5693524479866028,0.884243905544281,0.9342347383499146,0.4503971040248871,0.04315253533422947,5.918602072633803
88,1.1443068981170654,0.9545396566390991,0.4321289360523224,0.5007925033569336,0.34103071689605713,0.6279525756835938,0.5693754553794861,0.8842899203300476,0.9342347383499146,0.4503922164440155,0.04286072961986065,5.917719684541225
89,1.1443077325820923,0.9540515542030334,0.432451069355011,0.5007047057151794,0.3413389027118683,0.6276639699935913,0.5666160583496094,0.8845888376235962,0.9347636103630066,0.4502505958080292,0.042618281207978725,5.919502694159746
90,1.1443076133728027,0.954410970211029,0.4327247738838196,0.5005167722702026,0.34100112318992615,0.6279215216636658,0.5693524479866028,0.8842209577560425,0.9342347383499146,0.45037609338760376,0.04267835058271885,5.916909302584827
91,1.144307255744934,0.9555124044418335,0.4329427182674408,0.5002763867378235,0.340989351272583,0.6278960704803467,0.569306492805481,0.8840369582176208,0.9342117309570312,0.45036858320236206,0.04314684495329857,5.9208400901407
92,1.1443065404891968,0.9571892619132996,0.4331171214580536,0.5000408887863159,0.3409874737262726,0.6278778314590454,0.569237470626831,0.8840140104293823,0.934188723564148,0.4503611624240875,0.042672401294112206,5.919279977679253
93,1.144305944442749,0.959236204624176,0.43327081203460693,0.4998633563518524,0.34098976850509644,0.6278652548789978,0.5689845681190491,0.8840140104293823,0.9340967535972595,0.4503568112850189,0.04288160800933838,5.916502476669848
94,1.1443051099777222,0.961434006690979,0.43342772126197815,0.4997805655002594,0.3409995138645172,0.6278524994850159,0.5689615607261658,0.8840140104293823,0.9341197609901428,0.4503535330295563,0.04270524997264147,5.915762993507087
95,1.144304871559143,0.9635748863220215,0.43360504508018494,0.49980559945106506,0.34101375937461853,0.6278471350669861,0.5688235759735107,0.8840369582176208,0.9341427683830261,0.45035216212272644,0.0430125268176198,5.913446749560535
96,1.1443047523498535,0.9654823541641235,0.4338093400001526,0.49992597103118896,0.3410276770591736,0.627844512462616,0.568846583366394,0.8841289281845093,0.9343037009239197,0.45035219192504883,0.04262205120176077,5.918989449739456
97,1.1443047523498535,0.9670259356498718,0.4340353310108185,0.5001081228256226,0.3410417139530182,0.627842903137207,0.5686626434326172,0.8841979503631592,0.9343727231025696,0.4503508508205414,0.04321135487407446,5.9137131767347455
98,1.1443049907684326,0.9681271314620972,0.4342684745788574,0.5003064870834351,0.34104710817337036,0.6278480887413025,0.5686626434326172,0.8842209577560425,0.9344877004623413,0.45035141706466675,0.04287161771208048,5.91636776831001
99,1.1443053483963013,0.9687575101852417,0.4344888925552368,0.5004749298095703,0.34105411171913147,0.6278448700904846,0.5687316060066223,0.8842669129371643,0.9345336556434631,0.45034873485565186,0.04259688127785921,5.918346247635782
100,1.1443055868148804,0.9689329266548157,0.43467655777931213,0.5005773901939392,0.34105202555656433,0.6278454065322876,0.568708598613739,0.8843129277229309,0.9345336556434631,0.45034849643707275,0.04317599534988403,5.918567634187639
101,1.1443055868148804,0.9687020778656006,0.43481525778770447,0.5005960464477539,0.34104591608047485,0.6278465390205383,0.5688235759735107,0.8842899203300476,0.9345796704292297,0.450348436832428,0.04293441865593195,5.918950251303613
102,1.1443053483963013,0.9681357741355896,0.4348948299884796,0.500534176826477,0.34103912115097046,0.6278529763221741,0.5687546133995056,0.8842899203300476,0.9345336556434631,0.45035088062286377,0.04251567181199789,5.917995799332857
103,1.1443052291870117,0.9673172235488892,0.4349119961261749,0.5004136562347412,0.34103184938430786,0.6278576850891113,0.5688925385475159,0.8841979503631592,0.9344877004623413,0.4503542482852936,0.04270910006016493,5.916818583384156
104,1.1443049907684326,0.9663339257240295,0.43486955761909485,0.5002686381340027,0.3410244286060333,0.6278688907623291,0.5688925385475159,0.8841519355773926,0.9343956708908081,0.45035943388938904,0.04289467819035053,5.918363426811993
105,1.1443047523498535,0.9652734994888306,0.43477413058280945,0.5001363158226013,0.3410247564315796,0.6278727650642395,0.5688695907592773,0.8841519355773926,0.9342806935310364,0.45036330819129944,0.042685940861701965,5.914365399628878
106,1.144304633140564,0.964219868183136,0.43463432788848877,0.5000476837158203,0.3410225808620453,0.6278855204582214,0.5689845681190491,0.8840599656105042,0.9342117309570312,0.45036956667900085,0.043322562240064144,5.917978839948773
107,1.144304633140564,0.9632508158683777,0.43445947766304016,0.500020444393158,0.34102192521095276,0.6278975009918213,0.5691224932670593,0.8840829730033875,0.9342347383499146,0.4503743648529053,0.04279477056115866,5.918446546420455
108,1.1443047523498535,0.9624350070953369,0.43425896763801575,0.5000556111335754,0.3410206139087677,0.6279048919677734,0.5691685080528259,0.8840599656105042,0.9342577457427979,0.4503776729106903,0.04248856287449598,5.9171103201806545
109,1.1443047523498535,0.9618270397186279,0.43404221534729004,0.5001388788223267,0.3410188555717468,0.6279107928276062,0.5691685080528259,0.8840829730033875,0.9342577457427979,0.45037922263145447,0.04302236717194319,5.911176464520395
110,1.1443047523498535,0.961463212966919,0.43381980061531067,0.5002450942993164,0.34102123975753784,0.6279080510139465,0.5691915154457092,0.8841059803962708,0.9342577457427979,0.45037752389907837,0.0429074065759778,5.9172243578359485
111,1.1443047523498535,0.9613571763038635,0.433603972196579,0.5003457069396973,0.34102222323417664,0.6279033422470093,0.5692604780197144,0.8840829730033875,0.9342806935310364,0.45037519931793213,0.04266414139419794,5.916793364100158
112,1.144304871559143,0.9614971280097961,0.4334089756011963,0.5004159808158875,0.3410223126411438,0.6278983950614929,0.5691915154457092,0.8841289281845093,0.9343037009239197,0.450373113155365,0.04266954120248556,5.918094080872834
113,1.1443047523498535,0.9618459939956665,0.43325042724609375,0.5004410743713379,0.3410232365131378,0.6278932094573975,0.5691685080528259,0.8841519355773926,0.934326708316803,0.450370728969574,0.04294135794043541,5.917886842042208
114,1.1443047523498535,0.9623464345932007,0.4331437349319458,0.5004187226295471,0.3410271406173706,0.6278849840164185,0.5691685080528259,0.8841979503631592,0.9343727231025696,0.4503673315048218,0.04265646077692509,5.920088918879628
115,1.144304633140564,0.9629273414611816,0.43310168385505676,0.5003588199615479,0.34102964401245117,0.6278752684593201,0.5689845681190491,0.8842209577560425,0.9343497157096863,0.45036450028419495,0.04311104491353035,5.916650065220892
116,1.1443045139312744,0.963514506816864,0.43313199281692505,0.5002795457839966,0.3410302996635437,0.6278718113899231,0.5688925385475159,0.8841749429702759,0.9343497157096863,0.4503624439239502,0.04279625881463289,5.913860444910824
117,1.144304633140564,0.9640409350395203,0.43323490023612976,0.5002022385597229,0.34103256464004517,0.6278607845306396,0.5688925385475159,0.8841519355773926,0.934326708316803,0.4503580629825592,0.04315537493675947,5.914200191386044
118,1.1443045139312744,0.9644555449485779,0.43340209126472473,0.5001451969146729,0.3410300016403198,0.6278552412986755,0.5689155459403992,0.8841289281845093,0.9343497157096863,0.45035508275032043,0.04259664099663496,5.917491844855249
119,1.1443045139312744,0.964729368686676,0.4336165189743042,0.5001197457313538,0.34102582931518555,0.627849280834198,0.5688695907592773,0.8841519355773926,0.9343727231025696,0.4503519535064697,0.042948877438902855,5.91695717163384
120,1.1443047523498535,0.9648563861846924,0.43385425209999084,0.5001277327537537,0.34102219343185425,0.6278436779975891,0.5688925385475159,0.8841749429702759,0.9343956708908081,0.45034870505332947,0.04267378058284521,5.915768873877823
121,1.144304633140564,0.9648512601852417,0.4340873658657074,0.5001621246337891,0.34101733565330505,0.627841055393219,0.5688925385475159,0.8841749429702759,0.9344186782836914,0.45034658908843994,0.042578620836138725,5.921866647899151
122,1.1443047523498535,0.9647434949874878,0.43428826332092285,0.5002099871635437,0.34101346135139465,0.6278448700904846,0.5689155459403992,0.8841749429702759,0.9344416856765747,0.45034629106521606,0.042862447910010815,5.920697680674493
123,1.144304633140564,0.9645695090293884,0.43443384766578674,0.5002567768096924,0.3410126864910126,0.6278440952301025,0.5689615607261658,0.8841979503631592,0.9344186782836914,0.45034709572792053,0.04328685440123081,5.917416247539222
124,1.144304633140564,0.9643660187721252,0.4345087707042694,0.5002902746200562,0.3410104215145111,0.6278536915779114,0.5689615607261658,0.8841979503631592,0.9343956708908081,0.4503503441810608,0.04260568134486675,5.911413501016796
125,1.1443045139312744,0.964163601398468,0.4345081150531769,0.5003036260604858,0.34101104736328125,0.6278654932975769,0.5689385533332825,0.8841749429702759,0.9343727231025696,0.45035532116889954,0.04275424964725971,5.917562274262309
126,1.144304633140564,0.9639840126037598,0.43443769216537476,0.5002970695495605,0.34101518988609314,0.6278720498085022,0.5689385533332825,0.8841749429702759,0.9343497157096863,0.4503600299358368,0.04300555773079395,5.913000615313649
127,1.1443045139312744,0.9638391733169556,0.4343129098415375,0.5002766847610474,0.3410226106643677,0.6278778910636902,0.5689615607261658,0.8841979503631592,0.9343497157096863,0.45036372542381287,0.04278072901070118,5.917267848737538
128,1.1443047523498535,0.9637326598167419,0.4341557025909424,0.500251829624176,0.34102553129196167,0.6278855800628662,0.5689615607261658,0.8841979503631592,0.9343037009239197,0.4503685534000397,0.042996667325496674,5.918052209541202
129,1.1443045139312744,0.9636627435684204,0.43399038910865784,0.5002323389053345,0.3410293757915497,0.6278913617134094,0.5690305233001709,0.8841289281845093,0.9343037009239197,0.4503714442253113,0.04261870123445988,5.920462003909051
130,1.1443045139312744,0.9636244177818298,0.43383991718292236,0.5002253651618958,0.341030091047287,0.627895712852478,0.5690075159072876,0.8841289281845093,0.9343037009239197,0.45037469267845154,0.04253882262855768,5.912464740686119
131,1.1443045139312744,0.9636122584342957,0.4337223470211029,0.5002331733703613,0.34103187918663025,0.6278953552246094,0.5690075159072876,0.8841519355773926,0.9343037009239197,0.45037487149238586,0.042808218859136105,5.921724949963391
132,1.144304633140564,0.9636210203170776,0.4336484372615814,0.500253438949585,0.34102925658226013,0.6278966069221497,0.5690535306930542,0.8841979503631592,0.9342806935310364,0.45037513971328735,0.04319915547966957,5.914582588709891
133,1.144304633140564,0.9636469483375549,0.43362125754356384,0.5002792477607727,0.3410343527793884,0.627888023853302,0.5690535306930542,0.8841979503631592,0.934326708316803,0.4503714144229889,0.04261314123868942,5.916934631764889
134,1.144304633140564,0.9636858701705933,0.43363654613494873,0.5003023147583008,0.34103891253471375,0.6278808116912842,0.5689845681190491,0.8842209577560425,0.9343727231025696,0.45036694407463074,0.04269753023982048,5.918154188431799
135,1.1443045139312744,0.9637342691421509,0.43368494510650635,0.5003150701522827,0.34100231528282166,0.6279037594795227,0.5689615607261658,0.8841749429702759,0.9342577457427979,0.45037636160850525,0.04260861128568649,5.916338388808072
136,1.1443045139312744,0.9637877345085144,0.43375420570373535,0.500312864780426,0.34102970361709595,0.6278719902038574,0.5688925385475159,0.8841979503631592,0.9343727231025696,0.4503622055053711,0.04334230348467827,5.917736813426018
137,1.1443045139312744,0.9638413786888123,0.43383169174194336,0.5002954602241516,0.341026246547699,0.6278685331344604,0.5688925385475159,0.8841979503631592,0.9343956708908081,0.4503593146800995,0.042654830031096935,5.914389538578689
138,1.1443045139312744,0.9638895988464355,0.433906227350235,0.5002670288085938,0.3410201370716095,0.6278662085533142,0.5689385533332825,0.8841749429702759,0.9343497157096863,0.45035800337791443,0.042908298783004284,5.921030498109758
139,1.1443045139312744,0.963927686214447,0.4339693784713745,0.5002344846725464,0.34101811051368713,0.627859890460968,0.5689155459403992,0.8841979503631592,0.934326708316803,0.45035478472709656,0.042737388983368874,5.919827559962869
140,1.1443045139312744,0.9639521241188049,0.4340156614780426,0.5002056956291199,0.3410150110721588,0.627855658531189,0.5689385533332825,0.8841519355773926,0.9343037009239197,0.45035380125045776,0.042690529488027096,5.915623055770993
141,1.1443045139312744,0.9639610052108765,0.43404248356819153,0.5001875162124634,0.3410171866416931,0.627853512763977,0.5689615607261658,0.8841749429702759,0.934326708316803,0.45035237073898315,0.04272112064063549,5.916969572193921
142,1.1443045139312744,0.9639546275138855,0.4340497851371765,0.5001837015151978,0.3409934341907501,0.6278746724128723,0.5689385533332825,0.8841519355773926,0.9343037009239197,0.45036086440086365,0.04325196426361799,5.917362097650766
143,1.1443047523498535,0.9639354348182678,0.4340391159057617,0.5001940727233887,0.34101641178131104,0.6278570890426636,0.5688925385475159,0.8841749429702759,0.9343037009239197,0.4503541588783264,0.04257986135780811,5.919896219857037
144,1.1443045139312744,0.9639076590538025,0.43401360511779785,0.5002152323722839,0.3410276174545288,0.6278538107872009,0.5688925385475159,0.8841979503631592,0.934326708316803,0.4503527879714966,0.042996897362172604,5.920649802312255
145,1.1443045139312744,0.9638761878013611,0.4339771866798401,0.5002412796020508,0.34102147817611694,0.6278668642044067,0.5688695907592773,0.8841979503631592,0.934326708316803,0.4503580927848816,0.043028746731579304,5.91956771351397
146,1.144304633140564,0.9638462066650391,0.43393486738204956,0.5002656579017639,0.3410221040248871,0.6278716325759888,0.5689155459403992,0.8841979503631592,0.9343497157096863,0.4503607749938965,0.042645969428122044,5.918730461969972
147,1.144304633140564,0.9638218879699707,0.4338921010494232,0.5002831220626831,0.341024786233902,0.6278737187385559,0.5689155459403992,0.8841749429702759,0.9343727231025696,0.4503629505634308,0.04283727891743183,5.915742564946413
148,1.144304633140564,0.9638058543205261,0.4338546693325043,0.5002908706665039,0.3410259783267975,0.627878725528717,0.5689155459403992,0.8841749429702759,0.9343497157096863,0.4503650665283203,0.042617401108145714,5.915845072828233
149,1.1443045139312744,0.963799238204956,0.43382787704467773,0.5002886652946472,0.3410266041755676,0.6278824210166931,0.5689155459403992,0.8841749429702759,0.9343497157096863,0.4503662586212158,0.04258230235427618,5.919401075690985
150,1.144304633140564,0.9638010263442993,0.43381544947624207,0.5002790689468384,0.34102705121040344,0.6278817057609558,0.5689385533332825,0.8841749429702759,0.934326708316803,0.450366735458374,0.04289053753018379,5.917018770240247
151,1.1443045139312744,0.9638095498085022,0.43381932377815247,0.5002660751342773,0.3410256803035736,0.6278844475746155,0.5689615607261658,0.8841749429702759,0.9343037009239197,0.45036780834198,0.04329982306808233,5.917511785402894
152,1.1443045139312744,0.9638221859931946,0.43383896350860596,0.5002540349960327,0.341026246547699,0.6278786063194275,0.5689385533332825,0.8841979503631592,0.9343497157096863,0.4503665864467621,0.04262539092451334,5.913050403818488
153,1.1443045139312744,0.9638364911079407,0.4338710904121399,0.5002460479736328,0.3410261869430542,0.6278803944587708,0.5689155459403992,0.8841749429702759,0.934326708316803,0.4503658413887024,0.04276301898062229,5.9127761367708445
154,1.1443045139312744,0.9638509750366211,0.43391045928001404,0.5002434253692627,0.34102532267570496,0.6278758645057678,0.5689155459403992,0.8841979503631592,0.9343497157096863,0.4503643214702606,0.04317642468959093,5.9167923126369715
155,1.1443045139312744,0.9638647437095642,0.43395042419433594,0.5002455115318298,0.3410243093967438,0.6278744339942932,0.5689385533332825,0.8841749429702759,0.9343497157096863,0.45036283135414124,0.042467523366212845,5.918269847519696
156,1.144304633140564,0.9638780951499939,0.43398457765579224,0.5002502799034119,0.3410224914550781,0.6278714537620544,0.5688925385475159,0.8841749429702759,0.9343727231025696,0.4503615200519562,0.04289599787443876,5.908165975473821
157,1.1443045139312744,0.963891327381134,0.4340074956417084,0.5002551078796387,0.34102174639701843,0.6278714537620544,0.5688925385475159,0.8841979503631592,0.9343727231025696,0.4503605365753174,0.04265635088086128,5.91918258741498
158,1.1443045139312744,0.9639044404029846,0.4340161979198456,0.5002576112747192,0.3410200774669647,0.6278702020645142,0.5688925385475159,0.8841749429702759,0.9343497157096863,0.4503598213195801,0.04303691629320383,5.9137573558837175
159,1.1443045139312744,0.9639166593551636,0.43400996923446655,0.5002566576004028,0.34101220965385437,0.6278746128082275,0.5689155459403992,0.8841519355773926,0.9343037009239197,0.4503612518310547,0.04266957100480795,5.917117699980736
160,1.1443045139312744,0.9639261364936829,0.4339909851551056,0.5002525448799133,0.3410205841064453,0.6278659105300903,0.5689155459403992,0.8841749429702759,0.9343727231025696,0.45035886764526367,0.043159544467926025,5.915114713832736
161,1.1443045139312744,0.9639306664466858,0.43396300077438354,0.5002467632293701,0.34102097153663635,0.6278662085533142,0.5689155459403992,0.8841749429702759,0.9343727231025696,0.4503590166568756,0.042679062113165855,5.91685560811311
162,1.1443045139312744,0.9639279246330261,0.4339312016963959,0.5002415180206299,0.34102192521095276,0.6278676390647888,0.5688925385475159,0.8841749429702759,0.934326708316803,0.450359046459198,0.0425421753898263,5.910454156808555
163,1.1443045139312744,0.9639162421226501,0.4339006841182709,0.5002386569976807,0.34102335572242737,0.6278683543205261,0.5688925385475159,0.8841979503631592,0.934326708316803,0.45035943388938904,0.04296724870800972,5.915212814696133
164,1.1443045139312744,0.9638955593109131,0.4338756203651428,0.500239372253418,0.34102392196655273,0.6278700232505798,0.5688925385475159,0.8841979503631592,0.934326708316803,0.45036080479621887,0.04287843033671379,5.9141169264912605
165,1.1443043947219849,0.9638679623603821,0.4338589906692505,0.5002435445785522,0.3410239815711975,0.6278708577156067,0.5689155459403992,0.8841979503631592,0.9343497157096863,0.45036107301712036,0.04260487388819456,5.916642000898719
166,1.1443045139312744,0.9638370871543884,0.4338519275188446,0.500249981880188,0.34103310108184814,0.6278668642044067,0.5689385533332825,0.8841979503631592,0.9343727231025696,0.4503587782382965,0.04265423212200403,5.917911846190691
167,1.144304633140564,0.9638074040412903,0.4338541030883789,0.5002568960189819,0.3410239517688751,0.6278745532035828,0.5688695907592773,0.8841979503631592,0.934326708316803,0.45036250352859497,0.042731381952762604,5.917142924852669
168,1.144304633140564,0.9637838006019592,0.43386366963386536,0.5002622008323669,0.3410239815711975,0.6278740167617798,0.5688925385475159,0.8841749429702759,0.934326708316803,0.4503627419471741,0.04270361177623272,5.917066884227097
169,1.1443045139312744,0.9637699723243713,0.4338783025741577,0.5002645254135132,0.34102240204811096,0.6278740167617798,0.5689615607261658,0.8841979503631592,0.9343497157096863,0.4503623843193054,0.043207586742937565,5.918998055160046
170,1.1443045139312744,0.963767945766449,0.4338953197002411,0.5002634525299072,0.341022789478302,0.6278738379478455,0.5689155459403992,0.8841749429702759,0.934326708316803,0.4503631889820099,0.04284702055156231,5.916564790531993
171,1.1443045139312744,0.9637777805328369,0.4339122772216797,0.5002594590187073,0.3410269021987915,0.6278710961341858,0.5689385533332825,0.8841979503631592,0.9343956708908081,0.45036110281944275,0.04257593397051096,5.9145488133654
172,1.1443045139312744,0.963797390460968,0.4339272975921631,0.5002539157867432,0.3410230875015259,0.627874493598938,0.5689155459403992,0.8841749429702759,0.934326708316803,0.45036283135414124,0.0431413883343339,5.913731901906431
173,1.144304633140564,0.9638238549232483,0.4339390993118286,0.5002487897872925,0.3410232365131378,0.6278725862503052,0.5689385533332825,0.8841749429702759,0.9343037009239197,0.45036259293556213,0.04291423037648201,5.913068219088018
174,1.144304633140564,0.9638528227806091,0.4339471757411957,0.5002454519271851,0.34102216362953186,0.6278733015060425,0.5689155459403992,0.8841979503631592,0.9343497157096863,0.45036211609840393,0.04263679310679436,5.913480455055833
175,1.144304633140564,0.9638809561729431,0.43395134806632996,0.5002446174621582,0.3410230875015259,0.6278715133666992,0.5689155459403992,0.8841749429702759,0.9343497157096863,0.45036160945892334,0.04263282287865877,5.916672170162201
176,1.1443045139312744,0.9639047980308533,0.43395182490348816,0.5002462267875671,0.34102141857147217,0.6278729438781738,0.5689155459403992,0.8841979503631592,0.9343497157096863,0.45036184787750244,0.04287143982946873,5.914227295666933
177,1.1443045139312744,0.9639222621917725,0.43394896388053894,0.5002495050430298,0.3410223722457886,0.6278724074363708,0.5688925385475159,0.8841979503631592,0.9343497157096863,0.4503612816333771,0.04262058436870575,5.915040788240731
178,1.1443045139312744,0.96393221616745,0.43394359946250916,0.5002532005310059,0.3410296142101288,0.6278643608093262,0.5688695907592773,0.8841749429702759,0.9343497157096863,0.4503587484359741,0.04347365442663431,5.915887508541346
179,1.1443045139312744,0.9639341831207275,0.4339364469051361,0.5002560615539551,0.34102633595466614,0.6278662085533142,0.5688925385475159,0.8841749429702759,0.9343497157096863,0.45035985112190247,0.04270737338811159,5.9146317122504115
180,1.1443045139312744,0.9639285802841187,0.4339282810688019,0.5002572536468506,0.34102219343185425,0.6278734803199768,0.5688695907592773,0.8841749429702759,0.9343037009239197,0.45036181807518005,0.043185796588659286,5.918754558078945
181,1.1443045139312744,0.9639166593551636,0.4339201748371124,0.5002567172050476,0.3410290479660034,0.627866268157959,0.5688695907592773,0.8841979503631592,0.934326708316803,0.4503595530986786,0.04277619067579508,5.914340725168586
182,1.1443045139312744,0.963899552822113,0.43391305208206177,0.5002546310424805,0.34102296829223633,0.6278699636459351,0.5689385533332825,0.8841979503631592,0.9343497157096863,0.4503612220287323,0.04292988032102585,5.918070325627923
183,1.1443045139312744,0.9638790488243103,0.4339075982570648,0.5002520084381104,0.34102413058280945,0.6278720498085022,0.5688695907592773,0.8841749429702759,0.934326708316803,0.4503614008426666,0.04268024303019047,5.914806939661503
184,1.144304633140564,0.9638572335243225,0.43390434980392456,0.5002497434616089,0.3410232365131378,0.6278730630874634,0.5689155459403992,0.8841749429702759,0.934326708316803,0.4503622055053711,0.042708491906523705,5.915668801404536
185,1.1443045139312744,0.9638365507125854,0.4339034855365753,0.5002484917640686,0.34102314710617065,0.6278718709945679,0.5688925385475159,0.8841979503631592,0.9343497157096863,0.45036160945892334,0.04301732871681452,5.914109027944505
186,1.1443045139312744,0.9638194441795349,0.43390461802482605,0.5002486109733582,0.3410223722457886,0.6278709173202515,0.5688925385475159,0.8841749429702759,0.9343497157096863,0.4503614902496338,0.0431373780593276,5.912997649051249
187,1.144304633140564,0.9638077020645142,0.43390706181526184,0.5002498626708984,0.3410209119319916,0.6278746724128723,0.5689155459403992,0.8841749429702759,0.9343497157096863,0.4503622055053711,0.04263002332299948,5.9199013859033585
188,1.1443045139312744,0.9638027548789978,0.4339101314544678,0.5002517700195312,0.341021865606308,0.6278729438781738,0.5689155459403992,0.8841749429702759,0.9343497157096863,0.4503619074821472,0.042753422632813454,5.913024588488042
189,1.1443045139312744,0.9638051390647888,0.43391314148902893,0.5002535581588745,0.34102141857147217,0.627872884273529,0.5689155459403992,0.8841979503631592,0.9343497157096863,0.45036211609840393,0.0430839192122221,5.917818098329008
190,1.1443045139312744,0.9638139009475708,0.4339153468608856,0.5002546906471252,0.34102296829223633,0.6278734803199768,0.5688695907592773,0.8841749429702759,0.9343037009239197,0.45036184787750244,0.04266819264739752,5.915008148178458
191,1.1443045139312744,0.9638277888298035,0.43391677737236023,0.5002548694610596,0.3410229980945587,0.6278732419013977,0.5688925385475159,0.8841749429702759,0.934326708316803,0.4503619968891144,0.04290928039699793,5.920727056451142
192,1.1443045139312744,0.9638444781303406,0.43391743302345276,0.5002540349960327,0.3410234749317169,0.6278738379478455,0.5688695907592773,0.8841749429702759,0.934326708316803,0.45036181807518005,0.04263254255056381,5.915023737587035
193,1.144304633140564,0.9638616442680359,0.4339177906513214,0.5002527236938477,0.3410203456878662,0.6278747916221619,0.5688925385475159,0.8841749429702759,0.9343037009239197,0.4503629505634308,0.04263901337981224,5.917110155336559
194,1.1443045139312744,0.9638769030570984,0.4339182674884796,0.5002514123916626,0.3410238027572632,0.6278713941574097,0.5689155459403992,0.8841749429702759,0.9343497157096863,0.45036134123802185,0.04287882149219513,5.919666497968137
195,1.1443045139312744,0.9638885259628296,0.43391919136047363,0.5002506375312805,0.3410227298736572,0.6278728246688843,0.5688925385475159,0.8841749429702759,0.934326708316803,0.45036181807518005,0.04327012784779072,5.91504639852792
196,1.144304633140564,0.9638954401016235,0.433920681476593,0.500250518321991,0.34102314710617065,0.6278725862503052,0.5688925385475159,0.8841979503631592,0.934326708316803,0.4503616690635681,0.04271218180656433,5.91513142734766
197,1.1443045139312744,0.9638972878456116,0.4339226186275482,0.500251054763794,0.3410211205482483,0.6278724670410156,0.5688925385475159,0.8841749429702759,0.9343497157096863,0.4503619372844696,0.04289451986551285,5.915080036967993
198,1.1443045139312744,0.9638943672180176,0.4339245855808258,0.5002521276473999,0.3410235345363617,0.6278725862503052,0.5689385533332825,0.8841979503631592,0.9343727231025696,0.45036134123802185,0.04313725791871548,5.919116233475506
199,1.1443045139312744,0.9638877511024475,0.43392613530158997,0.5002531409263611,0.3410232961177826,0.6278731822967529,0.5688925385475159,0.8841979503631592,0.934326708316803,0.4503616690635681,0.042623273096978664,5.914342834614217
200,1.1443045139312744,0.9638786911964417,0.43392685055732727,0.5002537369728088,0.34100309014320374,0.6278873085975647,0.5689845681190491,0.8841519355773926,0.9342806935310364,0.45036837458610535,0.042921800166368484,5.914973088540137
201,1.1443045139312744,0.963869035243988,0.4339264929294586,0.5002537965774536,0.34102243185043335,0.6278701424598694,0.5688925385475159,0.8841749429702759,0.9343497157096863,0.45036181807518005,0.04265941306948662,5.9170347061008215
202,1.1443045139312744,0.9638598561286926,0.43392497301101685,0.5002532005310059,0.3410232365131378,0.6278703212738037,0.5689385533332825,0.8841749429702759,0.9343497157096863,0.45036131143569946,0.04286839161068201,5.922764595597982
203,1.1443045139312744,0.9638521671295166,0.43392258882522583,0.5002522468566895,0.3410223722457886,0.6278722882270813,0.5688925385475159,0.8841749429702759,0.934326708316803,0.4503619074821472,0.04266727156937122,5.915713310241699
204,1.1443045139312744,0.9638466238975525,0.43391963839530945,0.5002514123916626,0.3410223722457886,0.6278719305992126,0.5688695907592773,0.8841979503631592,0.9343497157096863,0.45036154985427856,0.04315277747809887,5.916498831473291
205,1.1443045139312744,0.9638434648513794,0.4339166283607483,0.5002508163452148,0.34102240204811096,0.6278711557388306,0.5689155459403992,0.8841979503631592,0.9343497157096863,0.4503616690635681,0.042791951447725296,5.914668591693044
206,1.144304633140564,0.963842511177063,0.4339140057563782,0.5002508759498596,0.34102240204811096,0.6278751492500305,0.5688695907592773,0.8841979503631592,0.934326708316803,0.45036211609840393,0.04261240363121033,5.917073796503246
207,1.1443045139312744,0.963843584060669,0.4339122176170349,0.5002514123916626,0.3410220742225647,0.6278741955757141,0.5688695907592773,0.8841749429702759,0.934326708316803,0.45036226511001587,0.04313036799430847,5.9123011864721775
208,1.1443045139312744,0.9638461470603943,0.43391135334968567,0.5002522468566895,0.34102165699005127,0.6278717517852783,0.5689155459403992,0.8841749429702759,0.934326708316803,0.4503622353076935,0.042992149479687214,5.916350932791829
209,1.1443045139312744,0.9638499021530151,0.4339112937450409,0.5002530813217163,0.3410235047340393,0.6278747320175171,0.5688695907592773,0.8841749429702759,0.934326708316803,0.45036187767982483,0.04276363179087639,5.9146760907024145
210,1.144304633140564,0.9638542532920837,0.4339121878147125,0.5002535581588745,0.3410223722457886,0.627873420715332,0.5688925385475159,0.8841749429702759,0.934326708316803,0.4503623843193054,0.04260504338890314,5.915948106907308
211,1.1443045139312744,0.9638587832450867,0.4339137673377991,0.5002535581588745,0.34102386236190796,0.6278720498085022,0.5688695907592773,0.8841979503631592,0.934326708316803,0.45036157965660095,0.042938739992678165,5.9163613729178905
212,1.1443045139312744,0.9638628959655762,0.4339157044887543,0.5002530813217163,0.34102147817611694,0.62787264585495,0.5688925385475159,0.8841749429702759,0.934326708316803,0.45036208629608154,0.04249858483672142,5.913011089898646
213,1.1443045139312744,0.963866114616394,0.4339178502559662,0.5002523064613342,0.34102335572242737,0.6278699040412903,0.5689155459403992,0.8841979503631592,0.934326708316803,0.4503614008426666,0.043211436830461025,5.912336656823754
214,1.1443045139312744,0.9638682007789612,0.4339199960231781,0.5002515316009521,0.3410221040248871,0.6278731822967529,0.5688925385475159,0.8841749429702759,0.934326708316803,0.45036226511001587,0.04277951270341873,5.916699800640345
215,1.1443045139312744,0.963869035243988,0.43392181396484375,0.500251054763794,0.341021865606308,0.6278738975524902,0.5689155459403992,0.8841749429702759,0.9343727231025696,0.45036181807518005,0.04263984318822622,5.918396380729973
216,1.1443045139312744,0.9638685584068298,0.4339231848716736,0.5002509355545044,0.3410244286060333,0.6278712153434753,0.5688695907592773,0.8841979503631592,0.934326708316803,0.4503611922264099,0.043066877871751785,5.915354924276471
217,1.1443045139312744,0.9638670086860657,0.4339238107204437,0.5002511739730835,0.34102296829223633,0.6278722286224365,0.5688695907592773,0.8841749429702759,0.934326708316803,0.4503616988658905,0.04294961970299482,5.91514499578625
218,1.1443045139312744,0.9638647437095642,0.4339236915111542,0.5002517104148865,0.3410271406173706,0.6278705596923828,0.5688925385475159,0.8841749429702759,0.9343727231025696,0.45036065578460693,0.04267495311796665,5.916602491401136
219,1.1443045139312744,0.9638623595237732,0.43392297625541687,0.5002523064613342,0.34102314710617065,0.6278737187385559,0.5689155459403992,0.8841749429702759,0.9343497157096863,0.45036134123802185,0.04270712286233902,5.9158160192891955
220,1.1443045139312744,0.9638600945472717,0.433921754360199,0.5002527832984924,0.341023325920105,0.6278718113899231,0.5688695907592773,0.8841749429702759,0.934326708316803,0.4503616988658905,0.04288751073181629,5.917764688841999
221,1.1443045139312744,0.963858425617218,0.43392011523246765,0.5002529621124268,0.3410215973854065,0.6278747320175171,0.5688925385475159,0.8841749429702759,0.934326708316803,0.45036229491233826,0.043319595977663994,5.913857101462781
222,1.1443045139312744,0.9638575315475464,0.4339183568954468,0.5002528429031372,0.3410235643386841,0.6278712153434753,0.5689155459403992,0.8841979503631592,0.9343497157096863,0.450361430644989,0.0430509177967906,5.913040238432586
223,1.144304633140564,0.963857114315033,0.433916836977005,0.5002526044845581,0.341023325920105,0.6278746128082275,0.5688695907592773,0.8841749429702759,0.9343037009239197,0.45036181807518005,0.042812212370336056,5.915389194153249
224,1.1443045139312744,0.9638572335243225,0.43391573429107666,0.5002523064613342,0.3410230875015259,0.627872109413147,0.5688925385475159,0.8841749429702759,0.9343497157096863,0.4503614902496338,0.043296387419104576,5.916696850210428
225,1.1443045139312744,0.9638576507568359,0.4339151978492737,0.5002521276473999,0.34102413058280945,0.627870500087738,0.5688695907592773,0.8841749429702759,0.934326708316803,0.4503616690635681,0.04274561256170273,5.912325046956539
226,1.1443045139312744,0.9638581871986389,0.4339153468608856,0.5002520084381104,0.341023713350296,0.6278718709945679,0.5688925385475159,0.8841749429702759,0.934326708316803,0.45036184787750244,0.04294353071600199,5.915898648090661
227,1.144304633140564,0.9638586640357971,0.4339159429073334,0.5002521276473999,0.34101220965385437,0.6278821229934692,0.5688925385475159,0.8841749429702759,0.9343037009239197,0.45036575198173523,0.04272858239710331,5.920235121622682
228,1.144304633140564,0.9638591408729553,0.4339168667793274,0.5002523064613342,0.3410271108150482,0.6278684735298157,0.5688925385475159,0.8841749429702759,0.9343727231025696,0.4503600001335144,0.042582723312079906,5.917791577987373
229,1.1443045139312744,0.9638596177101135,0.43391796946525574,0.500252366065979,0.34102103114128113,0.627872109413147,0.5688695907592773,0.8841749429702759,0.934326708316803,0.4503624439239502,0.0431045088917017,5.917068826034665
230,1.144304633140564,0.9638603329658508,0.4339190721511841,0.500252366065979,0.3410239517688751,0.6278735399246216,0.5688695907592773,0.8841749429702759,0.934326708316803,0.45036134123802185,0.04323781654238701,5.921880904585123
231,1.1443045139312744,0.9638609886169434,0.4339197874069214,0.5002522468566895,0.34104883670806885,0.6278544664382935,0.5688925385475159,0.8841979503631592,0.9343497157096863,0.45035305619239807,0.042540774680674076,5.9210280841216445
232,1.1443045139312744,0.9638614654541016,0.43392032384872437,0.5002520084381104,0.34102246165275574,0.6278729438781738,0.5688695907592773,0.8841749429702759,0.934326708316803,0.4503619968891144,0.0427770409733057,5.916227005422115
233,1.1443045139312744,0.9638617634773254,0.4339205026626587,0.500251829624176,0.34102246165275574,0.6278729438781738,0.5688695907592773,0.8841749429702759,0.934326708316803,0.4503619968891144,0.042624494060873985,5.915559732355177
234,1.1443045139312744,0.9638618230819702,0.4339202344417572,0.5002517104148865,0.3410224914550781,0.6278736591339111,0.5688695907592773,0.8841749429702759,0.934326708316803,0.45036202669143677,0.042654032818973064,5.917740317992866
235,1.1443045139312744,0.9638617634773254,0.43391987681388855,0.5002517104148865,0.34102317690849304,0.6278705596923828,0.5688925385475159,0.8841979503631592,0.9343497157096863,0.4503611922264099,0.04320334643125534,5.920920345000923
236,1.1443045139312744,0.9638612866401672,0.43391934037208557,0.500251829624176,0.3410167992115021,0.6278767585754395,0.5689155459403992,0.8841749429702759,0.934326708316803,0.45036372542381287,0.04298151936382055,5.915343813598156
237,1.1443045139312744,0.9638607501983643,0.43391871452331543,0.5002520680427551,0.3410235345363617,0.6278743147850037,0.5688695907592773,0.8841749429702759,0.934326708316803,0.4503616690635681,0.0426868936046958,5.914993087761104
238,1.1443045139312744,0.9638602137565613,0.433918297290802,0.5002523064613342,0.3410230278968811,0.6278727650642395,0.5689155459403992,0.8841979503631592,0.934326708316803,0.45036154985427856,0.042204477824270725,5.918833836913109
239,1.1443045139312744,0.9638596773147583,0.4339180588722229,0.5002524852752686,0.3410227298736572,0.6278713941574097,0.5688925385475159,0.8841979503631592,0.9343497157096863,0.4503614604473114,0.04297642968595028,5.916406132280827
240,1.1443045139312744,0.9638593196868896,0.43391793966293335,0.5002526044845581,0.34102198481559753,0.6278728246688843,0.5688925385475159,0.8841749429702759,0.934326708316803,0.45036205649375916,0.04263938311487436,5.914302466437221
241,1.1443045139312744,0.9638592004776001,0.43391790986061096,0.5002524852752686,0.3410232961177826,0.6278705596923828,0.5689155459403992,0.8841749429702759,0.9343497157096863,0.45036137104034424,0.04321498703211546,5.921899273991585
242,1.1443045139312744,0.9638592600822449,0.43391796946525574,0.500252366065979,0.3410237431526184,0.6278697848320007,0.5688925385475159,0.8841749429702759,0.9343497157096863,0.4503614902496338,0.042904241010546684,5.915689840912819
243,1.1443045139312744,0.9638593196868896,0.43391814827919006,0.5002523064613342,0.3410225212574005,0.6278719305992126,0.5689155459403992,0.8841979503631592,0.9343497157096863,0.4503617286682129,0.0432375269010663,5.9130242597311735
244,1.1443045139312744,0.9638596177101135,0.4339183568954468,0.5002522468566895,0.34102317690849304,0.6278717517852783,0.5688925385475159,0.8841749429702759,0.9343727231025696,0.45036160945892334,0.04267931263893843,5.9142197566106915
245,1.144304633140564,0.963860034942627,0.43391862511634827,0.5002521276473999,0.34102296829223633,0.6278733611106873,0.5689155459403992,0.8841979503631592,0.9343497157096863,0.45036154985427856,0.042846180498600006,5.923424206674099
246,1.1443045139312744,0.9638603329658508,0.43391895294189453,0.5002521276473999,0.3410220742225647,0.6278771162033081,0.5688695907592773,0.8841749429702759,0.934326708316803,0.4503622353076935,0.042558083310723305,5.9181383633986115
247,1.1443045139312744,0.9638606309890747,0.4339192509651184,0.5002521276473999,0.34102335572242737,0.6278731226921082,0.5688695907592773,0.8841749429702759,0.934326708316803,0.45036181807518005,0.04269899148494005,5.919920875690877
248,1.1443045139312744,0.9638608694076538,0.4339194595813751,0.5002521276473999,0.3410240113735199,0.6278697848320007,0.5689155459403992,0.8841749429702759,0.9343727231025696,0.45036113262176514,0.0429925387725234,5.91920461319387
249,1.1443045139312744,0.9638611078262329,0.4339195191860199,0.5002521276473999,0.3410221040248871,0.627872109413147,0.5689155459403992,0.8841749429702759,0.9343497157096863,0.45036181807518005,0.04322184715420008,5.9222332909703255
250,1.1443045139312744,0.9638611674308777,0.4339194893836975,0.5002520680427551,0.3410225808620453,0.6278702020645142,0.5689155459403992,0.8841749429702759,0.9343497157096863,0.4503622353076935,0.04275508224964142,5.915787570178509
251,1.1443045139312744,0.9638610482215881,0.4339192807674408,0.5002520084381104,0.3410223126411438,0.6278724074363708,0.5688695907592773,0.8841749429702759,0.934326708316803,0.4503621459007263,0.042883601039648056,5.914509394206107
252,1.1443045139312744,0.9638610482215881,0.4339189827442169,0.5002519488334656,0.34102240204811096,0.627871572971344,0.5688925385475159,0.8841749429702759,0.934326708316803,0.4503619372844696,0.04313564766198397,5.916623369790614
253,1.1443045139312744,0.9638607501983643,0.4339185655117035,0.5002519488334656,0.34102341532707214,0.6278717517852783,0.5688695907592773,0.8841749429702759,0.934326708316803,0.4503615200519562,0.04270582180470228,5.917379561811686
254,1.1443045139312744,0.9638603329658508,0.43391814827919006,0.5002520084381104,0.3410223722457886,0.6278746128082275,0.5688695907592773,0.8841979503631592,0.934326708316803,0.450361967086792,0.042929429560899734,5.914564401842654
255,1.1443045139312744,0.9638599753379822,0.4339177906513214,0.5002520680427551,0.34102314710617065,0.6278716921806335,0.5688925385475159,0.8841749429702759,0.9343497157096863,0.45036157965660095,0.042576203122735023,5.910517545416951
256,1.1443045139312744,0.9638593792915344,0.4339175820350647,0.5002521872520447,0.3410210609436035,0.6278764009475708,0.5688695907592773,0.8841749429702759,0.934326708316803,0.45036259293556213,0.04268573224544525,5.921019523404539
257,1.1443045139312744,0.9638590216636658,0.4339175224304199,0.5002522468566895,0.34102296829223633,0.6278732419013977,0.5688695907592773,0.8841749429702759,0.934326708316803,0.45036187767982483,0.04295247979462147,5.921054783277214
258,1.1443045139312744,0.9638587236404419,0.4339175224304199,0.5002522468566895,0.3410230875015259,0.6278749704360962,0.5689155459403992,0.8841749429702759,0.934326708316803,0.4503622055053711,0.04322677757591009,5.915208456106484
259,1.1443045139312744,0.9638586640357971,0.43391767144203186,0.5002521872520447,0.34102052450180054,0.6278743147850037,0.5688925385475159,0.8841749429702759,0.934326708316803,0.45036253333091736,0.04267276357859373,5.915169956162572
260,1.1443045139312744,0.9638586044311523,0.4339178502559662,0.5002521276473999,0.34102123975753784,0.627872109413147,0.5689155459403992,0.8841749429702759,0.934326708316803,0.45036229491233826,0.04282661061733961,5.920958303846419
261,1.1443045139312744,0.9638587832450867,0.433918297290802,0.5002520680427551,0.3410226106643677,0.6278724670410156,0.5689155459403992,0.8841749429702759,0.9343727231025696,0.45036157965660095,0.04268371220678091,5.918605539016426
262,1.1443045139312744,0.9638591408729553,0.43391868472099304,0.5002521276473999,0.34102150797843933,0.6278730034828186,0.568846583366394,0.8841749429702759,0.934326708316803,0.45036229491233826,0.04267917200922966,5.917806037701666
263,1.144304633140564,0.9638596773147583,0.4339190125465393,0.5002521276473999,0.3410223126411438,0.6278710961341858,0.5689615607261658,0.8841749429702759,0.9343497157096863,0.4503617584705353,0.04315380845218897,5.919145834632218
264,1.1443045139312744,0.9638602137565613,0.4339192509651184,0.5002522468566895,0.34102222323417664,0.6278725266456604,0.5688925385475159,0.8841749429702759,0.9343497157096863,0.45036181807518005,0.042963890358805656,5.917315972968936
265,1.1443045139312744,0.9638608694076538,0.43391934037208557,0.5002522468566895,0.34102314710617065,0.6278719305992126,0.5688695907592773,0.8841749429702759,0.934326708316803,0.4503617286682129,0.04274982213973999,5.912686633877456
266,1.1443045139312744,0.963861346244812,0.4339194595813751,0.5002522468566895,0.3410224914550781,0.6278722882270813,0.5689155459403992,0.8841749429702759,0.9343727231025696,0.4503617584705353,0.042792001739144325,5.9178993962705135
267,1.1443045139312744,0.9638618230819702,0.4339195191860199,0.5002521872520447,0.3410223722457886,0.6278736591339111,0.5689155459403992,0.8841749429702759,0.9343497157096863,0.4503616988658905,0.04296016972512007,5.915919178165495
268,1.144304633140564,0.963861882686615,0.4339195191860199,0.5002522468566895,0.3410238027572632,0.6278719305992126,0.5688695907592773,0.8841749429702759,0.934326708316803,0.4503614902496338,0.043238176964223385,5.923530517145991
269,1.1443045139312744,0.9638617038726807,0.43391939997673035,0.5002521872520447,0.34102311730384827,0.6278733611106873,0.5689155459403992,0.8841979503631592,0.934326708316803,0.4503619372844696,0.04261063411831856,5.915043038316071
270,1.1443045139312744,0.9638615846633911,0.43391934037208557,0.5002521872520447,0.3410225510597229,0.6278747320175171,0.5688925385475159,0.8841979503631592,0.9343497157096863,0.45036184787750244,0.042824290692806244,5.917465670965612
271,1.1443045139312744,0.9638611674308777,0.43391910195350647,0.5002521276473999,0.34102097153663635,0.6278755068778992,0.5688695907592773,0.8841979503631592,0.9343037009239197,0.4503627419471741,0.04270144272595644,5.916380452923477
272,1.1443045139312744,0.9638606309890747,0.43391895294189453,0.5002521276473999,0.34102296829223633,0.6278731226921082,0.5688695907592773,0.8841749429702759,0.934326708316803,0.4503619074821472,0.042691752314567566,5.915683150291443
273,1.1443045139312744,0.963860034942627,0.43391871452331543,0.5002521276473999,0.34102335572242737,0.6278701424598694,0.5689155459403992,0.8841979503631592,0.934326708316803,0.4503614604473114,0.0430348189547658,5.916937517002225
274,1.1443045139312744,0.9638595581054688,0.4339185059070587,0.5002521276473999,0.3410225510597229,0.6278713941574097,0.5688925385475159,0.8841749429702759,0.934326708316803,0.45036184787750244,0.04295239970088005,5.914902558550239
275,1.1443045139312744,0.9638590812683105,0.433918297290802,0.5002521276473999,0.3410240411758423,0.6278724670410156,0.5688925385475159,0.8841749429702759,0.9343497157096863,0.4503612518310547,0.04265432246029377,5.918396911583841
276,1.1443045139312744,0.9638587832450867,0.43391814827919006,0.5002521276473999,0.34102341532707214,0.6278720498085022,0.5688695907592773,0.8841749429702759,0.934326708316803,0.45036160945892334,0.042746092192828655,5.919238051399589
277,1.1443043947219849,0.9638587832450867,0.4339180588722229,0.5002521276473999,0.34102222323417664,0.6278752684593201,0.5689155459403992,0.8841979503631592,0.9343497157096863,0.450361967086792,0.042897610925138,5.917145215906203
278,1.1443045139312744,0.9638590216636658,0.43391814827919006,0.5002520680427551,0.3410225510597229,0.6278740167617798,0.5688925385475159,0.8841749429702759,0.9343497157096863,0.45036184787750244,0.042675032280385494,5.920274710282683
279,1.1443045139312744,0.9638592600822449,0.4339182674884796,0.5002520680427551,0.34102317690849304,0.6278735995292664,0.5689155459403992,0.8841979503631592,0.9343497157096863,0.4503614902496338,0.043160137720406055,5.9156289817765355
280,1.1443045139312744,0.9638594388961792,0.43391844630241394,0.5002520680427551,0.341022253036499,0.6278735399246216,0.5688925385475159,0.8841979503631592,0.934326708316803,0.450361967086792,0.04278463125228882,5.921283790841699
281,1.1443045139312744,0.9638599753379822,0.4339185059070587,0.5002521276473999,0.3410232663154602,0.6278722286224365,0.5688695907592773,0.8841749429702759,0.934326708316803,0.45036181807518005,0.04265307355672121,5.916378812864423
282,1.1443045139312744,0.963860273361206,0.43391862511634827,0.5002522468566895,0.34102314710617065,0.627872109413147,0.5688695907592773,0.8841749429702759,0.934326708316803,0.4503617584705353,0.04318432789295912,5.921379400417209
283,1.1443043947219849,0.9638606309890747,0.4339188039302826,0.5002522468566895,0.3410230576992035,0.6278718113899231,0.5688695907592773,0.8841749429702759,0.9343037009239197,0.4503616988658905,0.042946070432662964,5.917455681599677
284,1.1443045139312744,0.9638608694076538,0.43391892313957214,0.5002522468566895,0.34105610847473145,0.6278480291366577,0.5688695907592773,0.8841979503631592,0.9343727231025696,0.4503505825996399,0.04269941244274378,5.9194689793512225
285,1.1443045139312744,0.9638609886169434,0.4339190125465393,0.5002521872520447,0.34102460741996765,0.627869725227356,0.5689155459403992,0.8841749429702759,0.9343497157096863,0.4503609240055084,0.042643193155527115,5.914916949346662
286,1.1443045139312744,0.9638610482215881,0.43391910195350647,0.5002521276473999,0.3410230875015259,0.6278702020645142,0.5688925385475159,0.8841749429702759,0.9343497157096863,0.45036131143569946,0.04291559103876352,5.91672591958195
287,1.1443045139312744,0.9638608694076538,0.43391919136047363,0.5002520084381104,0.3410225510597229,0.6278721690177917,0.5688695907592773,0.8841979503631592,0.9343037009239197,0.4503619074821472,0.04322404693812132,5.916151754558086
288,1.1443045139312744,0.9638607501983643,0.433919221162796,0.5002520084381104,0.3410141170024872,0.6278783082962036,0.5689155459403992,0.8841749429702759,0.934326708316803,0.45036450028419495,0.04257381334900856,5.918366891331971
289,1.1443045139312744,0.9638605117797852,0.43391919136047363,0.5002520680427551,0.3410215675830841,0.6278736591339111,0.5688695907592773,0.8841979503631592,0.934326708316803,0.45036232471466064,0.04271013289690018,5.917694699019194
290,1.1443045139312744,0.963860273361206,0.43391910195350647,0.5002521276473999,0.3409982919692993,0.6278920769691467,0.5689615607261658,0.8841519355773926,0.9342117309570312,0.45037034153938293,0.04310543742030859,5.913315915502608
291,1.1443045139312744,0.963860034942627,0.43391892313957214,0.5002521872520447,0.3410230576992035,0.627871036529541,0.5689155459403992,0.8841979503631592,0.9343497157096863,0.4503614008426666,0.04258030466735363,5.91911291424185
292,1.1443045139312744,0.9638598561286926,0.43391868472099304,0.5002522468566895,0.3410230576992035,0.6278712749481201,0.5688925385475159,0.8841979503631592,0.934326708316803,0.45036154985427856,0.04281044099479914,5.921742985025048
293,1.1443045139312744,0.9638596773147583,0.43391847610473633,0.5002522468566895,0.3410232663154602,0.6278708577156067,0.5688925385475159,0.8841979503631592,0.934326708316803,0.45036154985427856,0.042614324018359184,5.916540772654116
294,1.1443045139312744,0.9638595581054688,0.43391820788383484,0.5002522468566895,0.3410223126411438,0.6278734803199768,0.5688695907592773,0.8841749429702759,0.934326708316803,0.4503619968891144,0.04264887236058712,5.919912724755704
295,1.1443045139312744,0.9638594388961792,0.4339180588722229,0.5002521276473999,0.34102246165275574,0.6278738975524902,0.5688925385475159,0.8841979503631592,0.9343497157096863,0.45036154985427856,0.04298300947993994,5.917235624045134
296,1.1443045139312744,0.9638594388961792,0.4339180588722229,0.5002520084381104,0.3410232663154602,0.6278732419013977,0.5689385533332825,0.8841749429702759,0.9343497157096863,0.4503614604473114,0.043234516866505146,5.919679108075798
297,1.1443045139312744,0.9638594388961792,0.4339180588722229,0.5002520084381104,0.34102123975753784,0.6278724074363708,0.5688925385475159,0.8841749429702759,0.934326708316803,0.45036226511001587,0.04260894376784563,5.915497972629964
298,1.1443045139312744,0.9638596177101135,0.43391814827919006,0.5002520680427551,0.34101802110671997,0.6278738975524902,0.5688925385475159,0.8841749429702759,0.9343037009239197,0.4503635764122009,0.04280067142099142,5.912032749503851
299,1.1443045139312744,0.9638598561286926,0.433918297290802,0.5002521276473999,0.34102311730384827,0.6278731226921082,0.5688925385475159,0.8841749429702759,0.9343497157096863,0.4503616988658905,0.04312234837561846,5.919459670782089
300,1.1443045139312744,0.9638600945472717,0.43391844630241394,0.5002521872520447,0.3410217761993408,0.6278730034828186,0.5689155459403992,0.8841749429702759,0.9343497157096863,0.4503621459007263,0.042773022316396236,5.91641173325479
301,1.1443045139312744,0.9638603329658508,0.43391868472099304,0.5002522468566895,0.34100961685180664,0.6278812885284424,0.5689155459403992,0.8841749429702759,0.934326708316803,0.4503662586212158,0.043065689504146576,5.9196633184328675
302,1.1443045139312744,0.9638606905937195,0.43391895294189453,0.5002523064613342,0.34102195501327515,0.6278738975524902,0.5688925385475159,0.8841979503631592,0.9343497157096863,0.45036205649375916,0.04261312447488308,5.916571280919015
303,1.1443045139312744,0.9638607501983643,0.43391919136047363,0.5002523064613342,0.3410234749317169,0.6278728246688843,0.5688925385475159,0.8841979503631592,0.934326708316803,0.4503614604473114,0.04260069318115711,5.916054216213524
304,1.1443045139312744,0.9638608694076538,0.4339192807674408,0.5002522468566895,0.34102344512939453,0.6278724074363708,0.5688925385475159,0.8841749429702759,0.934326708316803,0.45036181807518005,0.04282544180750847,5.916930637322366
305,1.1443045139312744,0.9638609886169434,0.43391934037208557,0.5002521276473999,0.3410225808620453,0.6278717517852783,0.5689155459403992,0.8841979503631592,0.9343497157096863,0.4503616988658905,0.04319984745234251,5.920416910201311
306,1.1443045139312744,0.9638610482215881,0.43391939997673035,0.5002520084381104,0.34102264046669006,0.6278731226921082,0.5688925385475159,0.8841749429702759,0.9343497157096863,0.4503616988658905,0.04292651079595089,5.9182641031220555
307,1.1443045139312744,0.9638608694076538,0.4339192807674408,0.5002518892288208,0.3410223722457886,0.6278736591339111,0.5688925385475159,0.8841979503631592,0.9343727231025696,0.45036160945892334,0.04269752185791731,5.91570087056607
308,1.1443045139312744,0.9638607501983643,0.43391919136047363,0.5002518892288208,0.3410230576992035,0.6278722882270813,0.5689155459403992,0.8841749429702759,0.9343497157096863,0.4503614008426666,0.04316606745123863,5.915668549947441
309,1.1443045139312744,0.9638603925704956,0.4339190125465393,0.5002520084381104,0.3410225808620453,0.627871572971344,0.5689385533332825,0.8841979503631592,0.9343956708908081,0.4503616690635681,0.04288420174270868,5.91693445853889
310,1.1443045139312744,0.9638599157333374,0.43391886353492737,0.5002522468566895,0.3410196006298065,0.6278729438781738,0.5689385533332825,0.8841749429702759,0.9343497157096863,0.4503626823425293,0.04258336406201124,5.918806796893477
311,1.1443045139312744,0.9638595581054688,0.43391862511634827,0.5002523064613342,0.3410230576992035,0.6278718709945679,0.5688695907592773,0.8841749429702759,0.934326708316803,0.4503617584705353,0.04263199307024479,5.919086894020438
312,1.1443045139312744,0.9638593792915344,0.43391841650009155,0.5002522468566895,0.3410224914550781,0.6278736591339111,0.5688695907592773,0.8841979503631592,0.934326708316803,0.45036211609840393,0.042904180474579334,5.916715940460563
313,1.1443045139312744,0.963859498500824,0.4339182674884796,0.5002522468566895,0.34102270007133484,0.6278712749481201,0.5688695907592773,0.8841979503631592,0.9343727231025696,0.45036154985427856,0.042566764168441296,5.91456794179976
314,1.1443045139312744,0.9638597369194031,0.43391820788383484,0.5002521276473999,0.341024786233902,0.6278748512268066,0.5688925385475159,0.8841749429702759,0.934326708316803,0.45036134123802185,0.04326938558369875,5.916643629781902
315,1.1443045139312744,0.963860034942627,0.4339183270931244,0.5002521276473999,0.3410232365131378,0.6278733611106873,0.5688925385475159,0.8841749429702759,0.9343497157096863,0.4503615200519562,0.042907790280878544,5.916937587782741
316,1.1443045139312744,0.9638603329658508,0.4339185953140259,0.5002521276473999,0.3410232663154602,0.6278712749481201,0.5688695907592773,0.8841749429702759,0.934326708316803,0.45036184787750244,0.04264494311064482,5.918819377198815
317,1.1443045139312744,0.9638606905937195,0.4339189827442169,0.5002522468566895,0.34102165699005127,0.6278740167617798,0.5688925385475159,0.8841749429702759,0.934326708316803,0.45036211609840393,0.04311592783778906,5.917293073609471
318,1.1443045139312744,0.9638608694076538,0.43391934037208557,0.5002522468566895,0.3410208523273468,0.6278731226921082,0.5688925385475159,0.8841749429702759,0.9343497157096863,0.4503621757030487,0.04297026991844177,5.913696421310306
319,1.1443045139312744,0.9638610482215881,0.4339194893836975,0.5002522468566895,0.3410225510597229,0.6278696656227112,0.5689155459403992,0.8841749429702759,0.934326708316803,0.4503617584705353,0.04257825389504433,5.913942319341004
320,1.1443045139312744,0.9638611078262329,0.4339195191860199,0.5002522468566895,0.341023713350296,0.6278718113899231,0.5689385533332825,0.8841749429702759,0.9343956708908081,0.45036131143569946,0.04260448459535837,5.914270316250622
321,1.1443045139312744,0.9638611674308777,0.43391934037208557,0.5002520680427551,0.34102267026901245,0.6278734803199768,0.5689155459403992,0.8841979503631592,0.934326708316803,0.4503616988658905,0.042783151380717754,5.917423321865499
322,1.144304633140564,0.9638611078262329,0.43391919136047363,0.5002520084381104,0.34100520610809326,0.6278853416442871,0.5689845681190491,0.8841519355773926,0.9342806935310364,0.45036765933036804,0.04257591348141432,5.918924665078521
323,1.1443045139312744,0.963860809803009,0.43391895294189453,0.5002519488334656,0.3410271406173706,0.6278693079948425,0.5688925385475159,0.8841979503631592,0.934326708316803,0.4503602087497711,0.04340425506234169,5.917866727337241
324,1.1443045139312744,0.9638603925704956,0.4339188039302826,0.5002520084381104,0.3410237729549408,0.6278709173202515,0.5689155459403992,0.8841979503631592,0.9343727231025696,0.4503611922264099,0.042845120653510094,5.917671969160438
325,1.1443045139312744,0.963860034942627,0.43391868472099304,0.5002520680427551,0.34102314710617065,0.6278724074363708,0.5689385533332825,0.8841979503631592,0.9343497157096863,0.450361430644989,0.04335252568125725,5.9129254799336195
326,1.1443045139312744,0.9638596773147583,0.4339185953140259,0.5002521276473999,0.341024786233902,0.6278714537620544,0.5688925385475159,0.8841979503631592,0.934326708316803,0.45036107301712036,0.042709202505648136,5.911841011606157
327,1.144304633140564,0.9638594388961792,0.43391847610473633,0.5002522468566895,0.3410223722457886,0.6278700232505798,0.5689385533332825,0.8841979503631592,0.9343497157096863,0.45036181807518005,0.042958520352840424,5.916745449416339
328,1.1443045139312744,0.9638593792915344,0.4339183568954468,0.5002522468566895,0.3410230576992035,0.6278725862503052,0.5688925385475159,0.8841749429702759,0.934326708316803,0.4503617584705353,0.042495833709836006,5.917296233586967
329,1.1443045139312744,0.963859498500824,0.4339183568954468,0.5002522468566895,0.3410237729549408,0.6278718113899231,0.5688925385475159,0.8841979503631592,0.934326708316803,0.45036137104034424,0.04264575336128473,5.920697037130594
330,1.1443045139312744,0.9638597369194031,0.43391844630241394,0.5002522468566895,0.3410439193248749,0.6278568506240845,0.5688925385475159,0.8841979503631592,0.934326708316803,0.45035460591316223,0.042971850372850895,5.917829598300159
331,1.1443043947219849,0.9638600945472717,0.43391847610473633,0.5002522468566895,0.34102314710617065,0.6278712749481201,0.5688695907592773,0.8841749429702759,0.934326708316803,0.4503617584705353,0.04324844665825367,5.915985766798258
332,1.144304633140564,0.9638603329658508,0.4339185953140259,0.5002521872520447,0.34102240204811096,0.6278725862503052,0.5688925385475159,0.8841749429702759,0.934326708316803,0.450361967086792,0.04264782276004553,5.917257102206349
333,1.1443045139312744,0.9638606309890747,0.43391868472099304,0.5002521872520447,0.3410221040248871,0.6278727650642395,0.5688925385475159,0.8841749429702759,0.9343497157096863,0.45036205649375916,0.042784880846738815,5.916215545497835
334,1.1443045139312744,0.963860809803009,0.433918833732605,0.5002522468566895,0.34102240204811096,0.6278705596923828,0.5689155459403992,0.8841749429702759,0.9343727231025696,0.45036181807518005,0.043096757493913174,5.919144222512841
335,1.1443045139312744,0.9638609886169434,0.4339189827442169,0.5002523064613342,0.3410240411758423,0.627871036529541,0.5689385533332825,0.8841979503631592,0.9343497157096863,0.45036110281944275,0.04267031326889992,5.9185162903741
336,1.1443045139312744,0.9638610482215881,0.43391919136047363,0.5002523064613342,0.3410210609436035,0.6278731226921082,0.5688925385475159,0.8841749429702759,0.934326708316803,0.45036226511001587,0.04288418963551521,5.913814245723188
337,1.1443045139312744,0.9638611078262329,0.43391934037208557,0.5002522468566895,0.34102314710617065,0.6278732419013977,0.5688695907592773,0.8841979503631592,0.9343037009239197,0.4503616988658905,0.0427891630679369,5.914885955862701
338,1.1443045139312744,0.9638609290122986,0.43391934037208557,0.5002520680427551,0.3410244286060333,0.6278694272041321,0.5689155459403992,0.8841979503631592,0.9343497157096863,0.4503609538078308,0.04270082339644432,5.918531856499612
339,1.1443043947219849,0.9638607501983643,0.43391910195350647,0.5002518892288208,0.34102389216423035,0.6278722286224365,0.5688695907592773,0.8841749429702759,0.934326708316803,0.4503614604473114,0.042876032181084156,5.917947174049914
340,1.1443043947219849,0.9638604521751404,0.433918833732605,0.500251829624176,0.3410223722457886,0.6278762221336365,0.5689155459403992,0.8841749429702759,0.934326708316803,0.45036184787750244,0.04312690906226635,5.9207618134096265
341,1.1443045139312744,0.9638600945472717,0.4339185059070587,0.5002518892288208,0.34102368354797363,0.6278707385063171,0.5689155459403992,0.8841979503631592,0.9343497157096863,0.4503611922264099,0.042585864663124084,5.919819233939052
342,1.1443045139312744,0.9638596773147583,0.4339182674884796,0.5002520084381104,0.3410324454307556,0.6278656721115112,0.5688695907592773,0.8841749429702759,0.9343727231025696,0.45035842061042786,0.04285475146025419,5.91887298412621
343,1.1443045139312744,0.9638593196868896,0.43391796946525574,0.5002522468566895,0.34102317690849304,0.6278722882270813,0.5688695907592773,0.8841749429702759,0.9343497157096863,0.4503617584705353,0.04313691891729832,5.918608916923404
344,1.1443045139312744,0.9638590812683105,0.4339178502559662,0.5002522468566895,0.34102341532707214,0.6278698444366455,0.5688925385475159,0.8841749429702759,0.9343497157096863,0.45036157965660095,0.042757002636790276,5.916750565171242
345,1.1443045139312744,0.9638588428497314,0.43391793966293335,0.5002522468566895,0.34102270007133484,0.6278731822967529,0.5688695907592773,0.8841749429702759,0.934326708316803,0.45036211609840393,0.042987070977687836,5.920316158793867
346,1.1443045139312744,0.9638588428497314,0.43391796946525574,0.5002522468566895,0.3410225510597229,0.6278722286224365,0.5689155459403992,0.8841979503631592,0.9343497157096863,0.4503616690635681,0.042598845437169075,5.917474677786231
347,1.1443045139312744,0.9638591408729553,0.43391820788383484,0.5002521276473999,0.3410239815711975,0.6278714537620544,0.5689155459403992,0.8841979503631592,0.9343727231025696,0.45036107301712036,0.04306899011135101,5.918632635846734
348,1.144304633140564,0.9638593792915344,0.43391841650009155,0.5002520084381104,0.3410224914550781,0.6278687119483948,0.5688925385475159,0.8841979503631592,0.9343497157096863,0.45036160945892334,0.0427141347900033,5.919108752161264
349,1.1443045139312744,0.9638598561286926,0.4339185953140259,0.5002520084381104,0.3410232663154602,0.6278722286224365,0.5688925385475159,0.8841749429702759,0.9343497157096863,0.45036160945892334,0.043071020394563675,5.918942184187472
350,1.1443045139312744,0.963860273361206,0.4339188039302826,0.5002520084381104,0.34102413058280945,0.627872109413147,0.5689155459403992,0.8841749429702759,0.9343497157096863,0.450361043214798,0.04285539221018553,5.9145104410126805
351,1.1443045139312744,0.9638605713844299,0.4339189827442169,0.5002521276473999,0.34102335572242737,0.6278733015060425,0.5689155459403992,0.8841979503631592,0.9343727231025696,0.4503614008426666,0.042614834383130074,5.917021031491458
352,1.1443045139312744,0.9638606309890747,0.43391919136047363,0.5002522468566895,0.34101977944374084,0.6278733015060425,0.5688925385475159,0.8841979503631592,0.9343497157096863,0.45036250352859497,0.043130649253726006,5.916969534009695
353,1.1443045139312744,0.9638606309890747,0.43391919136047363,0.5002522468566895,0.3410225212574005,0.6278731226921082,0.5688925385475159,0.8841979503631592,0.934326708316803,0.4503619968891144,0.042904931120574474,5.917617507278919
354,1.1443045139312744,0.9638605117797852,0.4339190721511841,0.5002521276473999,0.34102338552474976,0.627870500087738,0.5688925385475159,0.8841979503631592,0.934326708316803,0.45036154985427856,0.04262854531407356,5.91493331734091
355,1.1443045139312744,0.963860273361206,0.4339190125465393,0.5002521276473999,0.34102344512939453,0.6278719305992126,0.5688925385475159,0.8841979503631592,0.9343497157096863,0.4503614604473114,0.0428590327501297,5.915124263614416
356,1.1443045139312744,0.9638601541519165,0.43391892313957214,0.5002521276473999,0.3410230576992035,0.6278706789016724,0.5688695907592773,0.8841979503631592,0.934326708316803,0.45036181807518005,0.04291950259357691,5.917559938505292
357,1.1443045139312744,0.9638599753379822,0.4339187443256378,0.5002521276473999,0.34102168679237366,0.6278725862503052,0.5688925385475159,0.8841979503631592,0.9343497157096863,0.4503621757030487,0.04270655382424593,5.920823423191905
358,1.1443045139312744,0.9638597965240479,0.43391868472099304,0.5002521276473999,0.34102368354797363,0.6278731226921082,0.5689155459403992,0.8841749429702759,0.934326708316803,0.45036134123802185,0.043261206708848476,5.912613419815898
359,1.1443045139312744,0.9638596177101135,0.4339185953140259,0.5002520680427551,0.34102264046669006,0.6278729438781738,0.5689155459403992,0.8841749429702759,0.9343497157096863,0.4503616690635681,0.042853472754359245,5.915077034384012
360,1.1443045139312744,0.9638594388961792,0.43391844630241394,0.5002521276473999,0.34102314710617065,0.6278734803199768,0.5689155459403992,0.8841749429702759,0.9343497157096863,0.45036160945892334,0.042702214792370796,5.912765059620142
361,1.144304633140564,0.9638593792915344,0.43391820788383484,0.5002521276473999,0.3410228490829468,0.6278717517852783,0.5688925385475159,0.8841749429702759,0.9343497157096863,0.4503617584705353,0.04325176775455475,5.918263929896057
362,1.1443045139312744,0.9638594388961792,0.43391796946525574,0.5002521276473999,0.34103816747665405,0.6278603672981262,0.5688925385475159,0.8841979503631592,0.9343497157096863,0.45035645365715027,0.04302848130464554,5.918981623835862
363,1.144304633140564,0.9638595581054688,0.4339178502559662,0.5002521276473999,0.3410221338272095,0.6278722286224365,0.5689385533332825,0.8841749429702759,0.9343497157096863,0.45036181807518005,0.042676025070250034,5.9205127870664
364,1.1443045139312744,0.9638596177101135,0.43391790986061096,0.5002521276473999,0.34102150797843933,0.6278738975524902,0.5688925385475159,0.8841979503631592,0.934326708316803,0.45036211609840393,0.04265970457345247,5.915889675728977
365,1.1443045139312744,0.9638596773147583,0.43391814827919006,0.5002522468566895,0.3410223126411438,0.6278724670410156,0.5688925385475159,0.8841749429702759,0.9343497157096863,0.45036160945892334,0.04290420189499855,5.912881498225033
366,1.1443045139312744,0.9638597965240479,0.43391844630241394,0.5002522468566895,0.3410224914550781,0.6278720498085022,0.5689155459403992,0.8841749429702759,0.9343497157096863,0.45036181807518005,0.04342386685311794,5.919363148510456
367,1.1443045139312744,0.9638599753379822,0.43391868472099304,0.5002521276473999,0.34102755784988403,0.6278683543205261,0.5689155459403992,0.8841979503631592,0.934326708316803,0.4503604471683502,0.04271995462477207,5.915142844431102
368,1.1443045139312744,0.9638599753379822,0.43391871452331543,0.5002521276473999,0.3410220444202423,0.6278722286224365,0.5689155459403992,0.8841749429702759,0.934326708316803,0.4503619968891144,0.04276272468268871,5.919230530038476
369,1.144304633140564,0.9638599753379822,0.43391871452331543,0.5002521276473999,0.3410232961177826,0.6278730034828186,0.5688695907592773,0.8841979503631592,0.934326708316803,0.4503617286682129,0.043116009794175625,5.918192060664296
370,1.144304633140564,0.9638599753379822,0.43391871452331543,0.5002521276473999,0.34102219343185425,0.6278741955757141,0.5688925385475159,0.8841979503631592,0.934326708316803,0.450361967086792,0.042686743661761284,5.913931407034397
371,1.1443045139312744,0.9638599753379822,0.43391871452331543,0.5002521276473999,0.34102222323417664,0.6278734803199768,0.5688925385475159,0.8841979503631592,0.934326708316803,0.450361967086792,0.0429381113499403,5.919847273267806
372,1.1443045139312744,0.9638599753379822,0.4339185953140259,0.5002521276473999,0.3410228490829468,0.6278727650642395,0.5688695907592773,0.8841749429702759,0.934326708316803,0.45036187767982483,0.04265030473470688,5.917949883267283
373,1.1443045139312744,0.963860034942627,0.4339183568954468,0.5002521276473999,0.3410222828388214,0.6278719305992126,0.5688925385475159,0.8841749429702759,0.9343497157096863,0.45036184787750244,0.04259112477302551,5.916830975562334
374,1.1443045139312744,0.9638599753379822,0.43391820788383484,0.5002521276473999,0.34102290868759155,0.6278731226921082,0.5688695907592773,0.8841749429702759,0.934326708316803,0.45036181807518005,0.04292487073689699,5.921413096599281
375,1.1443045139312744,0.9638598561286926,0.43391814827919006,0.5002521276473999,0.3410225808620453,0.6278733611106873,0.5689155459403992,0.8841979503631592,0.9343497157096863,0.4503617584705353,0.043193927966058254,5.918024812825024
376,1.1443045139312744,0.9638597965240479,0.43391814827919006,0.5002521276473999,0.341023325920105,0.627872109413147,0.5689155459403992,0.8841749429702759,0.9343727231025696,0.450361430644989,0.04271248448640108,5.9183429190889
377,1.1443045139312744,0.9638597965240479,0.4339182674884796,0.5002522468566895,0.3410224914550781,0.6278731822967529,0.5689385533332825,0.8841979503631592,0.9343727231025696,0.45036160945892334,0.042888911440968513,5.91850704792887
378,1.144304633140564,0.9638597965240479,0.4339185059070587,0.5002523064613342,0.3410232365131378,0.6278708577156067,0.5688925385475159,0.8841979503631592,0.934326708316803,0.45036160945892334,0.043240747414529324,5.91640769969672
379,1.1443045139312744,0.9638597965240479,0.4339187443256378,0.5002523064613342,0.34102314710617065,0.6278718113899231,0.5689615607261658,0.8841979503631592,0.9343727231025696,0.4503614902496338,0.042756483890116215,5.917866664938629
380,1.1443045139312744,0.9638599753379822,0.43391886353492737,0.5002522468566895,0.341023325920105,0.6278712153434753,0.5688925385475159,0.8841749429702759,0.9343497157096863,0.45036160945892334,0.04293809086084366,5.919676574878395
381,1.1443045139312744,0.9638603329658508,0.43391895294189453,0.5002522468566895,0.3410221338272095,0.6278734803199768,0.5688695907592773,0.8841749429702759,0.934326708316803,0.4503622353076935,0.04270284343510866,5.918414688669145
382,1.1443045139312744,0.9638606309890747,0.4339189827442169,0.5002521276473999,0.3410226106643677,0.6278731822967529,0.5688925385475159,0.8841749429702759,0.9343497157096863,0.45036184787750244,0.04259405471384525,5.92011923994869
383,1.1443045139312744,0.9638608694076538,0.4339189827442169,0.5002521276473999,0.3410005569458008,0.6278904676437378,0.5689845681190491,0.8841519355773926,0.9342577457427979,0.45036953687667847,0.042831032536923885,5.916628138162196
384,1.1443045139312744,0.9638610482215881,0.43391895294189453,0.5002521872520447,0.3410232365131378,0.627873957157135,0.5688925385475159,0.8841749429702759,0.9343497157096863,0.45036160945892334,0.04319758806377649,5.9216997334733605
385,1.1443043947219849,0.9638611078262329,0.4339190721511841,0.5002521276473999,0.34102174639701843,0.6278740763664246,0.5688925385475159,0.8841749429702759,0.934326708316803,0.45036184787750244,0.042680914513766766,5.917302491143346
386,1.144304633140564,0.9638608694076538,0.4339190721511841,0.5002521276473999,0.3410232365131378,0.6278725862503052,0.5688695907592773,0.8841749429702759,0.934326708316803,0.4503617286682129,0.04279352258890867,5.9217020543292165
387,1.144304633140564,0.9638606309890747,0.43391892313957214,0.5002521276473999,0.34102267026901245,0.6278729438781738,0.5688925385475159,0.8841749429702759,0.9343497157096863,0.4503614902496338,0.04259051475673914,5.915536088868976
388,1.1443043947219849,0.9638601541519165,0.43391868472099304,0.5002521276473999,0.34102317690849304,0.6278706789016724,0.5689155459403992,0.8841979503631592,0.9343497157096863,0.4503614604473114,0.043318537063896656,5.917137051932514
389,1.1443045139312744,0.9638596177101135,0.4339185655117035,0.5002521276473999,0.34102168679237366,0.6278722882270813,0.5688695907592773,0.8841979503631592,0.934326708316803,0.45036226511001587,0.042684825137257576,5.920230560004711
390,1.1443045139312744,0.9638593792915344,0.4339183568954468,0.5002520680427551,0.34102222323417664,0.6278716325759888,0.5688925385475159,0.8841979503631592,0.9343497157096863,0.45036154985427856,0.04295122064650059,5.919436627998948
391,1.1443045139312744,0.9638592004776001,0.43391820788383484,0.5002520680427551,0.3410221338272095,0.6278722882270813,0.5689155459403992,0.8841979503631592,0.934326708316803,0.4503619074821472,0.04269930440932512,5.918360699899495
392,1.1443045139312744,0.9638592600822449,0.43391814827919006,0.5002521276473999,0.34102070331573486,0.6278747320175171,0.5689155459403992,0.8841979503631592,0.9343497157096863,0.45036226511001587,0.04262183513492346,5.9172456013038754
393,1.1443045139312744,0.963859498500824,0.4339180290699005,0.5002522468566895,0.34102389216423035,0.6278708577156067,0.5689385533332825,0.8841979503631592,0.9343497157096863,0.4503612518310547,0.04290600214153528,5.916326011531055
394,1.144304633140564,0.9638597965240479,0.43391820788383484,0.5002522468566895,0.34102243185043335,0.6278720498085022,0.5688925385475159,0.8841749429702759,0.934326708316803,0.4503619074821472,0.04330930672585964,5.920579656027257
395,1.1443045139312744,0.9638602137565613,0.4339185059070587,0.5002523064613342,0.3410229980945587,0.6278734803199768,0.5688695907592773,0.8841749429702759,0.934326708316803,0.450361967086792,0.042602005414664745,5.921553505584598
396,1.1443045139312744,0.9638604521751404,0.43391892313957214,0.5002523064613342,0.3410224914550781,0.6278728246688843,0.5688925385475159,0.8841979503631592,0.934326708316803,0.4503619074821472,0.04271518439054489,5.917849093675613
397,1.1443045139312744,0.963860809803009,0.43391919136047363,0.5002523064613342,0.34102246165275574,0.6278705596923828,0.5689385533332825,0.8841979503631592,0.9343497157096863,0.45036181807518005,0.04312567878514528,5.921377317048609
398,1.1443045139312744,0.9638611674308777,0.43391939997673035,0.5002522468566895,0.34102413058280945,0.6278708577156067,0.5689155459403992,0.8841979503631592,0.9343497157096863,0.45036107301712036,0.04269310366362333,5.917622436769307
399,1.1443045139312744,0.9638614058494568,0.4339195191860199,0.5002520084381104,0.34102314710617065,0.6278712153434753,0.5688695907592773,0.8841749429702759,0.934326708316803,0.4503617584705353,0.0428626025095582,5.917062193155289
400,1.1443045139312744,0.9638614654541016,0.43391960859298706,0.5002520084381104,0.3410235643386841,0.627872109413147,0.5688695907592773,0.8841749429702759,0.934326708316803,0.4503616988658905,0.04266826342791319,5.922344466671348
401,1.1443045139312744,0.9638614058494568,0.4339195787906647,0.5002520084381104,0.34102222323417664,0.6278725266456604,0.5688925385475159,0.8841979503631592,0.934326708316803,0.450361967086792,0.04258447512984276,5.915297411382198
402,1.1443045139312744,0.9638612866401672,0.43391939997673035,0.5002520084381104,0.34100890159606934,0.627882719039917,0.5689155459403992,0.8841749429702759,0.9343037009239197,0.4503667652606964,0.04289181251078844,5.919579856097698
403,1.1443045139312744,0.963860809803009,0.4339192509651184,0.5002522468566895,0.3410225808620453,0.6278724670410156,0.5689155459403992,0.8841979503631592,0.9343497157096863,0.4503616690635681,0.04329233709722757,5.914579569362104
404,1.1443045139312744,0.963860273361206,0.4339189827442169,0.5002523064613342,0.34102317690849304,0.627872884273529,0.5689385533332825,0.8841749429702759,0.9343497157096863,0.4503614604473114,0.04261704534292221,5.914115775376558
405,1.1443045139312744,0.9638597369194031,0.43391868472099304,0.5002522468566895,0.3410245180130005,0.6278703808784485,0.5689385533332825,0.8841749429702759,0.9343727231025696,0.4503610134124756,0.042833332903683186,5.914238373748958
406,1.1443045139312744,0.9638593196868896,0.4339182674884796,0.5002521872520447,0.34103327989578247,0.6278644800186157,0.5689155459403992,0.8841979503631592,0.9343497157096863,0.45035800337791443,0.042631274089217186,5.918812884017825
407,1.1443045139312744,0.9638592004776001,0.43391793966293335,0.5002520084381104,0.3410230576992035,0.6278734803199768,0.5689155459403992,0.8841979503631592,0.9343497157096863,0.4503614604473114,0.0430897306650877,5.920397067442536
408,1.1443045139312744,0.9638591408729553,0.43391770124435425,0.5002520084381104,0.34102368354797363,0.6278700232505798,0.5688925385475159,0.8841749429702759,0.9343497157096863,0.4503611922264099,0.04258269444108009,5.917983093298972
409,1.1443043947219849,0.9638590812683105,0.4339175522327423,0.5002520084381104,0.34102344512939453,0.6278729438781738,0.5688695907592773,0.8841979503631592,0.9343037009239197,0.4503617286682129,0.042897370643913746,5.920779062435031
410,1.1443045139312744,0.9638591408729553,0.433917760848999,0.5002521276473999,0.34102219343185425,0.6278716325759888,0.5688925385475159,0.8841749429702759,0.9343497157096863,0.450361967086792,0.04269040375947952,5.914955115877092
411,1.1443045139312744,0.9638593792915344,0.43391790986061096,0.5002522468566895,0.341022253036499,0.6278741359710693,0.5688925385475159,0.8841749429702759,0.9343497157096863,0.4503619372844696,0.0425872253254056,5.921701323240995
412,1.1443045139312744,0.9638595581054688,0.43391814827919006,0.500252366065979,0.3408913314342499,0.627976655960083,0.569237470626831,0.8840140104293823,0.9341197609901428,0.450408011674881,0.04276057239621878,5.919182519428432
413,1.1443045139312744,0.9638597965240479,0.433918297290802,0.500252366065979,0.3410225510597229,0.6278728246688843,0.5688695907592773,0.8841749429702759,0.9343497157096863,0.45036181807518005,0.04338219668716192,5.918020453304052
414,1.1443045139312744,0.963860034942627,0.43391844630241394,0.5002523064613342,0.34102076292037964,0.6278746128082275,0.5688695907592773,0.8841749429702759,0.934326708316803,0.4503626525402069,0.04270926397293806,5.916449509561062
415,1.1443045139312744,0.9638602137565613,0.4339185655117035,0.5002522468566895,0.34102362394332886,0.6278701424598694,0.5689385533332825,0.8841979503631592,0.9343497157096863,0.45036131143569946,0.042923140339553356,5.918782874941826
416,1.1443045139312744,0.9638603925704956,0.4339185953140259,0.5002520680427551,0.3410235047340393,0.6278724670410156,0.5688925385475159,0.8841749429702759,0.9343497157096863,0.4503614604473114,0.043182448484003544,5.9151920825243
417,1.1443045139312744,0.9638603925704956,0.43391868472099304,0.5002520084381104,0.3410232663154602,0.627871572971344,0.5688925385475159,0.8841979503631592,0.934326708316803,0.4503616690635681,0.04269343428313732,5.920126389712095
418,1.1443045139312744,0.9638605713844299,0.43391886353492737,0.5002519488334656,0.34102368354797363,0.6278720498085022,0.5688925385475159,0.8841979503631592,0.9343497157096863,0.4503614902496338,0.04301511123776436,5.916071293875575
419,1.1443045139312744,0.9638605713844299,0.4339190721511841,0.5002520084381104,0.3410230576992035,0.627871036529541,0.5688695907592773,0.8841749429702759,0.934326708316803,0.45036184787750244,0.04275559354573488,5.9232369270175695
420,1.1443045139312744,0.9638603329658508,0.43391919136047363,0.5002521276473999,0.3410220444202423,0.6278747916221619,0.5688925385475159,0.8841749429702759,0.934326708316803,0.45036229491233826,0.04276047274470329,5.914953105151653
421,1.1443045139312744,0.9638601541519165,0.4339192807674408,0.5002522468566895,0.3410210907459259,0.6278749108314514,0.5688695907592773,0.8841979503631592,0.9342806935310364,0.45036253333091736,0.04307907912880182,5.918630436062813
422,1.1443045139312744,0.9638599753379822,0.43391934037208557,0.5002523064613342,0.341021865606308,0.6278731226921082,0.5688695907592773,0.8841749429702759,0.934326708316803,0.4503622055053711,0.04324507899582386,5.91418169438839
423,1.1443045139312744,0.9638599753379822,0.43391939997673035,0.5002522468566895,0.34102293848991394,0.6278717517852783,0.5688695907592773,0.8841979503631592,0.934326708316803,0.45036184787750244,0.04264035448431969,5.921021331101656
424,1.1443045139312744,0.9638599753379822,0.4339192509651184,0.5002520084381104,0.341023325920105,0.6278713941574097,0.5688925385475159,0.8841979503631592,0.934326708316803,0.4503614902496338,0.04282396286725998,5.916081974282861
425,1.1443045139312744,0.963860034942627,0.4339190721511841,0.5002519488334656,0.34102386236190796,0.6278738379478455,0.5688925385475159,0.8841979503631592,0.9343497157096863,0.45036137104034424,0.04261126462370157,5.921029700897634
426,1.1443045139312744,0.9638601541519165,0.433918833732605,0.5002519488334656,0.34102240204811096,0.6278730034828186,0.5688925385475159,0.8841979503631592,0.934326708316803,0.45036184787750244,0.04357657488435507,5.92196031101048
427,1.1443045139312744,0.9638601541519165,0.43391871452331543,0.5002520084381104,0.3410232365131378,0.6278717517852783,0.5689155459403992,0.8841749429702759,0.934326708316803,0.45036160945892334,0.04280798323452473,5.922486116178334
428,1.1443045139312744,0.9638602137565613,0.4339185059070587,0.5002521276473999,0.34102341532707214,0.6278700232505798,0.5688925385475159,0.8841749429702759,0.9343497157096863,0.4503614902496338,0.04303571954369545,5.9211167292669415
429,1.1443045139312744,0.9638603925704956,0.4339185953140259,0.5002522468566895,0.34102219343185425,0.6278700232505798,0.5688925385475159,0.8841979503631592,0.9343497157096863,0.4503614604473114,0.042657733894884586,5.923677783459425
430,1.1443045139312744,0.9638605117797852,0.43391871452331543,0.5002523064613342,0.3410230576992035,0.6278729438781738,0.5688925385475159,0.8841749429702759,0.934326708316803,0.45036160945892334,0.0426311744377017,5.914132243953645
431,1.1443045139312744,0.9638605713844299,0.433918833732605,0.5002522468566895,0.3410221338272095,0.6278710961341858,0.5688925385475159,0.8841749429702759,0.9343497157096863,0.4503616690635681,0.042996940203011036,5.915743337012827
432,1.1443045139312744,0.9638605713844299,0.4339188039302826,0.5002521276473999,0.3410224914550781,0.6278733611106873,0.5688925385475159,0.8841749429702759,0.9343497157096863,0.45036184787750244,0.04322282783687115,5.916291451081634
433,1.1443045139312744,0.9638605117797852,0.4339187443256378,0.5002520084381104,0.3410223722457886,0.6278718113899231,0.5689155459403992,0.8841749429702759,0.9343497157096863,0.4503616988658905,0.042582735419273376,5.918434038758278
434,1.1443045139312744,0.9638602137565613,0.43391868472099304,0.5002518892288208,0.3410224914550781,0.6278737187385559,0.5689155459403992,0.8841749429702759,0.9343497157096863,0.4503616690635681,0.04289734177291393,5.918290421366692
435,1.1443045139312744,0.9638597965240479,0.4339185059070587,0.500251829624176,0.3408793807029724,0.6279847025871277,0.5692145228385925,0.8840140104293823,0.9340967535972595,0.4504123032093048,0.0431049894541502,5.913763898424804
436,1.1443045139312744,0.9638596177101135,0.43391847610473633,0.5002519488334656,0.34102439880371094,0.627871572971344,0.5689155459403992,0.8841979503631592,0.9343497157096863,0.4503607451915741,0.04265463352203369,5.917180852033198
437,1.1443045139312744,0.9638594388961792,0.4339185059070587,0.5002520680427551,0.3410224914550781,0.6278731226921082,0.5689155459403992,0.8841749429702759,0.934326708316803,0.45036181807518005,0.04298870079219341,5.920482097193599
438,1.1443045139312744,0.9638594388961792,0.4339185953140259,0.5002522468566895,0.34102606773376465,0.6278694272041321,0.5689155459403992,0.8841749429702759,0.9343497157096863,0.45036062598228455,0.04268987476825714,5.919267140328884
439,1.1443045139312744,0.9638595581054688,0.4339185953140259,0.5002522468566895,0.3410232961177826,0.6278699636459351,0.5688695907592773,0.8841749429702759,0.934326708316803,0.4503616988658905,0.04262675438076258,5.9182991199195385
440,1.1443045139312744,0.9638598561286926,0.4339185059070587,0.5002522468566895,0.34102359414100647,0.6278720498085022,0.5688695907592773,0.8841749429702759,0.934326708316803,0.45036160945892334,0.042883492074906826,5.91769078746438
441,1.1443045139312744,0.9638600945472717,0.43391844630241394,0.5002522468566895,0.34102386236190796,0.6278725862503052,0.5688925385475159,0.8841979503631592,0.9343497157096863,0.45036134123802185,0.04334093723446131,5.9206467643380165
442,1.1443045139312744,0.9638604521751404,0.43391841650009155,0.5002522468566895,0.34102314710617065,0.6278711557388306,0.5689155459403992,0.8841979503631592,0.9343497157096863,0.45036154985427856,0.042622463777661324,5.915864535607398
443,1.1443045139312744,0.9638609290122986,0.43391847610473633,0.5002522468566895,0.3410120904445648,0.6278811097145081,0.5689155459403992,0.8841749429702759,0.9343037009239197,0.45036545395851135,0.042837501503527164,5.920278928242624
444,1.144304633140564,0.9638612270355225,0.4339185953140259,0.5002522468566895,0.3410223126411438,0.6278736591339111,0.5688925385475159,0.8841749429702759,0.934326708316803,0.4503619968891144,0.04314776882529259,5.918844513595104
445,1.144304633140564,0.9638614654541016,0.43391892313957214,0.5002522468566895,0.3410223126411438,0.6278722286224365,0.5689155459403992,0.8841749429702759,0.9343497157096863,0.45036181807518005,0.042631855234503746,5.919310349971056
446,1.1443045139312744,0.963861346244812,0.4339192807674408,0.5002521872520447,0.34102359414100647,0.6278725862503052,0.5688695907592773,0.8841749429702759,0.9343497157096863,0.45036157965660095,0.04301786981523037,5.916819614358246
447,1.1443045139312744,0.9638611078262329,0.43391963839530945,0.5002521276473999,0.34102246165275574,0.627873420715332,0.5688695907592773,0.8841749429702759,0.934326708316803,0.45036208629608154,0.04277282301336527,5.916616028174758
448,1.1443045139312744,0.9638607501983643,0.433919757604599,0.5002521276473999,0.341023325920105,0.6278713941574097,0.5688925385475159,0.8841979503631592,0.934326708316803,0.4503614604473114,0.042955342680215836,5.908826392143965
449,1.1443045139312744,0.963860273361206,0.4339195787906647,0.5002520084381104,0.34101420640945435,0.6278789639472961,0.5688925385475159,0.8841749429702759,0.934326708316803,0.4503643214702606,0.042644995264708996,5.916576859541237
450,1.1443045139312744,0.9638599157333374,0.43391919136047363,0.5002520084381104,0.3410225510597229,0.6278731226921082,0.5689155459403992,0.8841749429702759,0.9343497157096863,0.4503617584705353,0.04332801699638367,5.91865392588079
451,1.1443045139312744,0.9638595581054688,0.4339185953140259,0.5002520084381104,0.3410218060016632,0.6278716325759888,0.5688695907592773,0.8841749429702759,0.934326708316803,0.45036226511001587,0.042756264097988605,5.919904553331435
452,1.1443045139312744,0.9638592600822449,0.43391814827919006,0.5002521276473999,0.3410225212574005,0.6278733015060425,0.5688925385475159,0.8841979503631592,0.9343497157096863,0.45036181807518005,0.042685664258897305,5.920447257347405
453,1.1443045139312744,0.9638592600822449,0.4339178204536438,0.5002522468566895,0.3410235047340393,0.6278731226921082,0.5688695907592773,0.8841979503631592,0.9343497157096863,0.45036160945892334,0.043151699006557465,5.912449462339282
454,1.144304633140564,0.9638593792915344,0.433917760848999,0.5002523064613342,0.3410220146179199,0.6278733611106873,0.5689385533332825,0.8841749429702759,0.9343497157096863,0.45036187767982483,0.0428456524387002,5.915617468766868
455,1.1443045139312744,0.9638597369194031,0.43391796946525574,0.500252366065979,0.3410211503505707,0.6278751492500305,0.5688925385475159,0.8841749429702759,0.9343497157096863,0.45036211609840393,0.04270697385072708,5.916563027538359
456,1.1443045139312744,0.9638602137565613,0.433918297290802,0.500252366065979,0.34102317690849304,0.6278725862503052,0.5689155459403992,0.8841979503631592,0.934326708316803,0.45036154985427856,0.04260822478681803,5.919600577093661
457,1.1443045139312744,0.9638606905937195,0.43391862511634827,0.5002522468566895,0.3410235345363617,0.627872109413147,0.5688925385475159,0.8841979503631592,0.9343497157096863,0.4503614902496338,0.0429651103913784,5.919348048977554
458,1.1443045139312744,0.9638609886169434,0.4339190721511841,0.5002521276473999,0.3410225808620453,0.6278740167617798,0.5688925385475159,0.8841749429702759,0.934326708316803,0.4503617584705353,0.04265962354838848,5.919903992675245
459,1.1443045139312744,0.9638611078262329,0.4339194893836975,0.5002519488334656,0.34102240204811096,0.6278727650642395,0.5688695907592773,0.8841749429702759,0.9343037009239197,0.45036205649375916,0.04314417950809002,5.917326400987804
460,1.1443045139312744,0.9638610482215881,0.43391966819763184,0.5002518892288208,0.3410257399082184,0.6278708577156067,0.5689155459403992,0.8841979503631592,0.9343727231025696,0.4503604769706726,0.042960381135344505,5.918350359424949
461,1.1443045139312744,0.9638607501983643,0.4339197278022766,0.5002520084381104,0.34102585911750793,0.6278687715530396,0.5689155459403992,0.8841979503631592,0.9343497157096863,0.4503604471683502,0.04275092389434576,5.9180360129103065
462,1.1443045139312744,0.9638604521751404,0.4339195191860199,0.5002520680427551,0.3410191833972931,0.6278753280639648,0.5689155459403992,0.8841749429702759,0.934326708316803,0.4503629803657532,0.04318584781140089,5.917070212773979
463,1.144304633140564,0.9638601541519165,0.43391913175582886,0.5002522468566895,0.3410249352455139,0.6278691291809082,0.5688925385475159,0.8841749429702759,0.9343727231025696,0.45036089420318604,0.04295484162867069,5.912943197414279
464,1.1443045139312744,0.9638597965240479,0.43391868472099304,0.5002522468566895,0.34102344512939453,0.6278716325759888,0.5688925385475159,0.8841749429702759,0.934326708316803,0.45036160945892334,0.042805043049156666,5.916866875253618
465,1.1443045139312744,0.9638597965240479,0.4339182674884796,0.5002522468566895,0.34102144837379456,0.6278734803199768,0.5688695907592773,0.8841749429702759,0.9343037009239197,0.45036235451698303,0.04280148260295391,5.914014915935695
466,1.1443045139312744,0.9638597965240479,0.43391796946525574,0.5002521276473999,0.34102314710617065,0.6278742551803589,0.5688925385475159,0.8841749429702759,0.934326708316803,0.45036154985427856,0.042990950867533684,5.9146865494549274
467,1.1443045139312744,0.9638597369194031,0.4339178502559662,0.5002521276473999,0.34102123975753784,0.6278747916221619,0.5689155459403992,0.8841979503631592,0.934326708316803,0.45036226511001587,0.043876031413674355,5.920919142663479
468,1.1443045139312744,0.9638597369194031,0.4339180290699005,0.5002522468566895,0.34102848172187805,0.6278671622276306,0.5688925385475159,0.8841979503631592,0.9343727231025696,0.4503595530986786,0.042683144100010395,5.91582431551069
469,1.1443045139312744,0.9638599753379822,0.4339183568954468,0.5002522468566895,0.3410230875015259,0.6278716325759888,0.5688925385475159,0.8841749429702759,0.9343497157096863,0.4503616690635681,0.042939601466059685,5.921509235166013
470,1.1443045139312744,0.9638603329658508,0.43391871452331543,0.5002522468566895,0.3410221338272095,0.6278712153434753,0.5688695907592773,0.8841749429702759,0.934326708316803,0.45036211609840393,0.043202479369938374,5.91543754003942
471,1.144304633140564,0.9638605117797852,0.4339190721511841,0.5002522468566895,0.3410269021987915,0.6278699636459351,0.5688925385475159,0.8841979503631592,0.9343497157096863,0.45036035776138306,0.042732832953333855,5.920528726652265
472,1.1443045139312744,0.9638605117797852,0.43391934037208557,0.5002522468566895,0.3410264849662781,0.6278706192970276,0.5688695907592773,0.8841979503631592,0.9343497157096863,0.4503604769706726,0.042953971773386,5.923604814335704
473,1.1443045139312744,0.9638606905937195,0.43391939997673035,0.5002521276473999,0.34102222323417664,0.6278733015060425,0.5688925385475159,0.8841979503631592,0.9343497157096863,0.4503619074821472,0.04269969370216131,5.921182928606868
474,1.1443045139312744,0.963860809803009,0.4339192509651184,0.5002519488334656,0.34102287888526917,0.6278733015060425,0.5688695907592773,0.8841749429702759,0.934326708316803,0.450361967086792,0.042652424424886703,5.920141010545194
475,1.1443045139312744,0.9638606905937195,0.43391895294189453,0.500251829624176,0.34102264046669006,0.6278712749481201,0.5688925385475159,0.8841749429702759,0.9343497157096863,0.4503614604473114,0.04288589209318161,5.914724227972329
476,1.1443045139312744,0.9638604521751404,0.4339185655117035,0.5002518892288208,0.3410223722457886,0.6278761625289917,0.5688925385475159,0.8841749429702759,0.934326708316803,0.4503622353076935,0.04326237738132477,5.9159976541996
477,1.1443045139312744,0.9638600945472717,0.43391814827919006,0.5002520084381104,0.3410237729549408,0.6278699040412903,0.5688925385475159,0.8841749429702759,0.9343497157096863,0.4503614604473114,0.042677233926951885,5.918316409923136
478,1.1443045139312744,0.963859498500824,0.43391790986061096,0.5002522468566895,0.34101712703704834,0.6278783082962036,0.5689385533332825,0.8841749429702759,0.934326708316803,0.4503636062145233,0.04290802218019962,5.922085870057344
479,1.1443045139312744,0.9638592004776001,0.4339177906513214,0.5002522468566895,0.3410242199897766,0.627871036529541,0.5689155459403992,0.8841749429702759,0.9343497157096863,0.45036107301712036,0.04314432945102453,5.919294719584286
480,1.1443045139312744,0.9638590216636658,0.4339178204536438,0.5002522468566895,0.34102004766464233,0.6278741955757141,0.5689155459403992,0.8841749429702759,0.9343497157096863,0.45036250352859497,0.04258891474455595,5.917664336971939
481,1.1443045139312744,0.9638591408729553,0.4339180588722229,0.5002521872520447,0.3410224914550781,0.627872884273529,0.5689155459403992,0.8841979503631592,0.9343497157096863,0.4503617286682129,0.042922232300043106,5.918260131031275
482,1.1443045139312744,0.9638593792915344,0.433918297290802,0.5002521276473999,0.3410235345363617,0.6278733611106873,0.5689155459403992,0.8841979503631592,0.9343497157096863,0.45036131143569946,0.04273483343422413,5.916032544337213
483,1.1443045139312744,0.9638596773147583,0.43391844630241394,0.5002520680427551,0.34102168679237366,0.6278719305992126,0.5689155459403992,0.8841979503631592,0.9343727231025696,0.450361967086792,0.04265030473470688,5.9153096824884415
484,1.1443045139312744,0.9638601541519165,0.43391868472099304,0.5002520680427551,0.3410230576992035,0.6278716325759888,0.5688695907592773,0.8841749429702759,0.934326708316803,0.45036181807518005,0.04298309050500393,5.919655355624855
485,1.1443045139312744,0.9638605117797852,0.43391892313957214,0.5002521276473999,0.3410220444202423,0.6278719305992126,0.5688695907592773,0.8841979503631592,0.934326708316803,0.45036235451698303,0.04334501828998327,5.916218091733754
486,1.1443045139312744,0.9638607501983643,0.43391913175582886,0.5002521872520447,0.34102311730384827,0.6278731822967529,0.5688925385475159,0.8841979503631592,0.934326708316803,0.45036160945892334,0.04275181330740452,5.9136775294318795
487,1.1443045139312744,0.963860809803009,0.4339192807674408,0.5002522468566895,0.34102368354797363,0.6278718113899231,0.5688695907592773,0.8841749429702759,0.9343037009239197,0.4503616690635681,0.04231702722609043,5.913138444535434
488,1.1443045139312744,0.9638608694076538,0.43391934037208557,0.5002521872520447,0.3410205841064453,0.6278741955757141,0.5688925385475159,0.8841749429702759,0.934326708316803,0.45036283135414124,0.042731224559247494,5.915713778696954
489,1.1443045139312744,0.9638608694076538,0.43391934037208557,0.5002521276473999,0.34102264046669006,0.627872109413147,0.5689155459403992,0.8841979503631592,0.9343497157096863,0.4503614902496338,0.043306637555360794,5.917170761153102
490,1.1443045139312744,0.963860809803009,0.43391913175582886,0.5002521276473999,0.3410232365131378,0.6278724074363708,0.5688925385475159,0.8841749429702759,0.9343497157096863,0.4503616690635681,0.042673613876104355,5.919581435620785
491,1.1443045139312744,0.9638606905937195,0.43391892313957214,0.5002522468566895,0.3410232663154602,0.6278737783432007,0.5688925385475159,0.8841979503631592,0.934326708316803,0.4503619074821472,0.04279645346105099,5.919741345569491
492,1.1443045139312744,0.9638604521751404,0.43391862511634827,0.5002522468566895,0.34102264046669006,0.6278727054595947,0.5689155459403992,0.8841749429702759,0.9343497157096863,0.4503616988658905,0.04336987715214491,5.920798453502357
493,1.1443045139312744,0.963860273361206,0.4339185655117035,0.5002522468566895,0.34102335572242737,0.6278714537620544,0.5688925385475159,0.8841979503631592,0.9343497157096863,0.4503614902496338,0.04258360527455807,5.916476380079985
494,1.1443045139312744,0.9638601541519165,0.4339185059070587,0.5002522468566895,0.3410230576992035,0.6278722882270813,0.5688925385475159,0.8841749429702759,0.9343497157096863,0.45036154985427856,0.043005380779504776,5.922520404681563
495,1.1443045139312744,0.9638601541519165,0.4339185059070587,0.5002521276473999,0.34101080894470215,0.6278823018074036,0.5689155459403992,0.8841749429702759,0.9343037009239197,0.4503660500049591,0.04322731774300337,5.91747188847512
496,1.1443045139312744,0.9638599753379822,0.43391862511634827,0.5002520084381104,0.3410223126411438,0.627871572971344,0.5688925385475159,0.8841979503631592,0.9343497157096863,0.4503614604473114,0.04260189551860094,5.915725057013333
497,1.1443045139312744,0.9638598561286926,0.4339188039302826,0.5002520084381104,0.34102362394332886,0.6278724074363708,0.5689155459403992,0.8841979503631592,0.9343497157096863,0.450361430644989,0.0428964514285326,5.91740897949785
498,1.1443045139312744,0.9638598561286926,0.43391892313957214,0.5002520084381104,0.34102314710617065,0.6278730034828186,0.5688695907592773,0.8841749429702759,0.934326708316803,0.45036187767982483,0.043127779848873615,5.914830517023802
499,1.1443045139312744,0.9638598561286926,0.43391892313957214,0.5002520084381104,0.3410230278968811,0.6278719305992126,0.5689155459403992,0.8841749429702759,0.934326708316803,0.45036160945892334,0.042722513899207115,5.916258051991463
