iteration,loss,lengthscale,outputscale,likelyhood_noise,test_MAE,test_NLL,test_PICP50,test_PICP90,test_PICP95,test_RMSE,it_time_training,it_time
0,1.8066061735153198,2.468884229660034,1,0.7444967031478882,0.5939593315124512,1.2515426928540967,0.7236841917037964,0.9774436354637146,0.9962406158447266,0.7561023235321045,1.4740323508158326,1.6397124789655209
1,1.7008132934570312,2.643894910812378,1,0.79679936170578,0.577120840549469,1.2455659533968229,0.7349624037742615,0.9830827116966248,0.9962406158447266,0.7377861738204956,1.0247051301412284,1.179547118023038
2,1.638424038887024,2.823619842529297,1,0.8492273092269897,0.5642051696777344,1.2420598303923212,0.7537593841552734,0.9868420958518982,0.9943609237670898,0.7236051559448242,1.018717089202255,1.1747123301029205
3,1.5923230648040771,3.0088441371917725,1,0.9006115198135376,0.5543234944343567,1.2409553673471785,0.7537593841552734,0.9868420958518982,0.9943609237670898,0.7137998938560486,1.009709993377328,1.1647265991196036
4,1.5597199201583862,3.2000439167022705,1,0.9497966170310974,0.5485399961471558,1.2410838343073665,0.7669172883033752,0.9868420958518982,0.9962406158447266,0.7068611979484558,1.0214269594289362,1.17752455919981
5,1.5351324081420898,3.3972067832946777,1,0.9956640005111694,0.5456746816635132,1.2413871926096505,0.7725563645362854,0.9868420958518982,0.9962406158447266,0.701355516910553,1.05081334291026,1.2100883279927075
6,1.5149580240249634,3.600003480911255,1,1.0371490716934204,0.545164167881012,1.2417809360018457,0.780075192451477,0.9868420958518982,0.9981203079223633,0.6975257396697998,1.0180941871367395,1.175755375996232
7,1.4983398914337158,3.807924270629883,1,1.0733493566513062,0.5446720123291016,1.2421031576246349,0.780075192451477,0.9868420958518982,0.9981203079223633,0.6953883767127991,1.0133985169231892,1.1683910167776048
8,1.4847931861877441,4.020379543304443,1,1.1036105155944824,0.5440412163734436,1.241862109646832,0.7819548845291138,0.9887217879295349,0.9981203079223633,0.6942191123962402,2.042029495816678,2.192289066966623
9,1.4733771085739136,4.236772537231445,1,1.1275355815887451,0.5423330068588257,1.2405616352593585,0.7819548845291138,0.9906014800071716,0.9981203079223633,0.6931765675544739,0.9916203273460269,1.1481275232508779
10,1.4631479978561401,4.456512451171875,1,1.1449533700942993,0.5401290059089661,1.2379682229670954,0.7706766724586487,0.9924812316894531,0.9981203079223633,0.6918334364891052,1.0204522809945047,1.17640286590904
11,1.4535287618637085,4.679005146026611,1,1.1558855772018433,0.5376474261283875,1.2341049677488238,0.7725563645362854,0.9924812316894531,0.9981203079223633,0.6901833415031433,1.0135391750372946,1.1706960420124233
12,1.4442620277404785,4.903653144836426,1,1.1605165004730225,0.535088300704956,1.229130341777403,0.7725563645362854,0.9906014800071716,0.9981203079223633,0.6884281039237976,1.0145615902729332,1.1690120780840516
13,1.4352083206176758,5.129868030548096,1,1.1591604948043823,0.533029317855835,1.2232221086176056,0.7631579041481018,0.9887217879295349,0.9981203079223633,0.686775803565979,1.0162244853563607,1.1804969240911305
14,1.4262129068374634,5.357080459594727,1,1.1522269248962402,0.5314061641693115,1.2165243727085835,0.7612782120704651,0.9887217879295349,0.9943609237670898,0.685352087020874,1.0278835180215538,1.184253356885165
15,1.4171059131622314,5.584754467010498,1,1.1401842832565308,0.5302393436431885,1.2091555315674787,0.7575187683105469,0.9849624037742615,0.9943609237670898,0.6842226982116699,1.0153690879233181,1.1709184302017093
16,1.4077839851379395,5.812392234802246,1,1.1235345602035522,0.5296241641044617,1.2012269380215728,0.7593985199928284,0.9849624037742615,0.9943609237670898,0.6834338307380676,1.6095809149555862,1.7693048231303692
17,1.398250937461853,6.039540767669678,1,1.1027969121932983,0.5293359756469727,1.1928282778156436,0.7556390762329102,0.9849624037742615,0.9924812316894531,0.6829890012741089,1.0123142339289188,1.171765017323196
18,1.3885689973831177,6.265794277191162,1,1.0784982442855835,0.5293304324150085,1.1840033771472946,0.7537593841552734,0.9849624037742615,0.9924812316894531,0.6828100681304932,1.0144623019732535,1.1711541158147156
19,1.378783941268921,6.4907917976379395,1,1.0511642694473267,0.5293216705322266,1.1747524876772464,0.75,0.9849624037742615,0.9924812316894531,0.6827494502067566,1.5965777421370149,2.116734038107097
20,1.3689038753509521,6.714217185974121,1,1.0213117599487305,0.5291568636894226,1.1650574797970439,0.7368420958518982,0.981203019618988,0.9924812316894531,0.6826390027999878,1.015629573725164,1.1712656640447676
21,1.358933925628662,6.935793399810791,1,0.9894417524337769,0.5288738012313843,1.1549346671877132,0.7293233275413513,0.9793233275413513,0.9887217879295349,0.682371199131012,1.0202990039251745,1.1789172990247607
22,1.3489186763763428,7.155274391174316,1,0.956035852432251,0.5286068916320801,1.1444679115257042,0.7161654233932495,0.9774436354637146,0.9887217879295349,0.6819372177124023,1.0230460329912603,1.1799314827658236
23,1.3389540910720825,7.372453212738037,1,0.9215561151504517,0.5283811092376709,1.1337840432926127,0.6992481350898743,0.9718044996261597,0.9887217879295349,0.6813797354698181,1.0193481277674437,1.1737588057294488
24,1.3291634321212769,7.587152481079102,1,0.8864448666572571,0.5281787514686584,1.1230282043163693,0.6898496150970459,0.9680451154708862,0.9887217879295349,0.6807543635368347,1.0211974098347127,1.1811694647185504
25,1.319663166999817,7.799224853515625,1,0.8511242270469666,0.5280752778053284,1.1123633434319005,0.682330846786499,0.9624060392379761,0.9887217879295349,0.6801300048828125,1.0139691391959786,1.1707462319172919
26,1.3105459213256836,8.00854206085205,1,0.8159953951835632,0.5279537439346313,1.1019775528704103,0.6691729426383972,0.9605262875556946,0.9868420958518982,0.6795977354049683,1.0202818140387535,1.183293522335589
27,1.3018921613693237,8.214987754821777,1,0.7814362049102783,0.5277893543243408,1.0920789394808856,0.6578947305679321,0.9567669034004211,0.9849624037742615,0.6792586445808411,1.0203132131136954,1.1748830690048635
28,1.2937930822372437,8.418451309204102,1,0.7478004097938538,0.5277013182640076,1.0828630085880198,0.6428571343421936,0.9530075192451477,0.981203019618988,0.6791803240776062,1.0367752350866795,1.1914208298549056
29,1.2863519191741943,8.618827819824219,1,0.7154163122177124,0.5275918841362,1.0744489949569829,0.6296992301940918,0.951127827167511,0.9793233275413513,0.679333508014679,1.0116361142136157,1.1729978281073272
30,1.2796472311019897,8.816010475158691,1,0.6845862865447998,0.527560293674469,1.066838826270183,0.6090225577354431,0.9492481350898743,0.9755638837814331,0.6795757412910461,1.0262598432600498,1.1819789223372936
31,1.2737140655517578,9.009882926940918,1,0.6555840969085693,0.5275806784629822,1.0599469569803415,0.6015037298202515,0.9436089992523193,0.9755638837814331,0.6797172427177429,1.8308927230536938,1.9855481679551303
32,1.2685754299163818,9.2003173828125,1,0.6286538243293762,0.5275473594665527,1.053663959710784,0.5921052694320679,0.9398496150970459,0.969924807548523,0.6796044707298279,0.9843882960267365,1.1369468420743942
33,1.264256238937378,9.387171745300293,1,0.6040086150169373,0.5275275707244873,1.0479282540228334,0.5789473652839661,0.9379699230194092,0.9642857313156128,0.6791884899139404,1.0086410497315228,1.1681605107150972
34,1.2607401609420776,9.570293426513672,1,0.5818291902542114,0.527376115322113,1.042815479408162,0.5733082890510559,0.9304511547088623,0.9624060392379761,0.678586483001709,1.0245043500326574,1.1787114720791578
35,1.257949709892273,9.74952220916748,1,0.5622585415840149,0.5272079110145569,1.0385282701234613,0.5639097690582275,0.9266917109489441,0.9586465954780579,0.6780348420143127,1.0161566971801221,1.169979594182223
36,1.2557755708694458,9.924700736999512,1,0.5453972220420837,0.5270827412605286,1.0352511433957325,0.5601503849029541,0.9248120188713074,0.9567669034004211,0.6777372360229492,1.0171432020142674,1.1716131689026952
37,1.2540868520736694,10.095681190490723,1,0.5312998294830322,0.527105450630188,1.0329732977645238,0.5563910007476807,0.9210526347160339,0.9567669034004211,0.6777253746986389,1.0147006679326296,1.1692354553379118
38,1.2527488470077515,10.262333869934082,1,0.5199737548828125,0.5272595286369324,1.0314608514501051,0.5545112490653992,0.9172932505607605,0.9548872113227844,0.6778653860092163,1.0108174970373511,1.1727361120283604
39,1.251641035079956,10.424551963806152,1,0.5113810300827026,0.5273491144180298,1.0303649687670193,0.5545112490653992,0.9135338068008423,0.9530075192451477,0.6779575347900391,1.2911204937845469,1.5865707825869322
40,1.2506262063980103,10.582242965698242,1,0.5054401159286499,0.5273279547691345,1.0294324289227714,0.5507518649101257,0.9135338068008423,0.9530075192451477,0.6778854727745056,1.014748656656593,1.1708785900846124
41,1.2495619058609009,10.73532772064209,1,0.5020265579223633,0.527279257774353,1.0286539528986598,0.5469924807548523,0.9116541147232056,0.951127827167511,0.6777012944221497,1.0185246197506785,1.1738290549255908
42,1.2483772039413452,10.88374137878418,1,0.5009761452674866,0.5272278785705566,1.0281499104222613,0.5451127886772156,0.9116541147232056,0.951127827167511,0.6775298714637756,1.352245801128447,1.7241829950362444
43,1.2470604181289673,11.027454376220703,1,0.502091646194458,0.527197539806366,1.027958385300398,0.5413534045219421,0.9097744226455688,0.951127827167511,0.6774282455444336,1.21991022862494,1.3794056908227503
44,1.245606541633606,11.166497230529785,1,0.5051494240760803,0.527183473110199,1.0279992021085442,0.5413534045219421,0.9097744226455688,0.951127827167511,0.6773709654808044,1.0161186270415783,1.1718185250647366
45,1.2440338134765625,11.300957679748535,1,0.5099047422409058,0.5271202325820923,1.0281935490808296,0.5413534045219421,0.9078947305679321,0.951127827167511,0.6773322224617004,1.0151304607279599,1.17000812292099
46,1.2423995733261108,11.43096923828125,1,0.5160962343215942,0.5270362496376038,1.028527844562661,0.5432330965995789,0.9078947305679321,0.951127827167511,0.6773223876953125,1.0236942120827734,1.1804949939250946
47,1.2407625913619995,11.556679725646973,1,0.5234477519989014,0.5270256996154785,1.0290281329319857,0.5469924807548523,0.9097744226455688,0.9530075192451477,0.6773656606674194,1.0194536256603897,1.1736621367745101
48,1.239174723625183,11.678238868713379,1,0.5316718816757202,0.5271474719047546,1.0297092084177475,0.5469924807548523,0.9135338068008423,0.9548872113227844,0.677469789981842,1.0192374289035797,1.1771713150665164
49,1.2376978397369385,11.795804023742676,1,0.5404766201972961,0.5273391604423523,1.0305212235491854,0.5507518649101257,0.9135338068008423,0.9548872113227844,0.6775988340377808,1.00984251126647,1.1656659180298448
50,1.2363684177398682,11.909552574157715,1,0.5495737791061401,0.5275065302848816,1.0313863160860801,0.5526315569877625,0.9154135584831238,0.9548872113227844,0.6777060627937317,1.0116311949677765,1.171344012953341
51,1.2352004051208496,12.019676208496094,1,0.5586861968040466,0.5276387333869934,1.0322703051299578,0.5526315569877625,0.9154135584831238,0.9548872113227844,0.6777877807617188,1.0164406918920577,1.1755986688658595
52,1.2342002391815186,12.126375198364258,1,0.5675538182258606,0.5277725458145142,1.033183641636912,0.5582706928253174,0.9154135584831238,0.9548872113227844,0.677879273891449,1.0217497018165886,1.1784633346833289
53,1.2333612442016602,12.229839324951172,1,0.5759387612342834,0.5279468297958374,1.0341428041299772,0.5563910007476807,0.9172932505607605,0.9548872113227844,0.6780216693878174,1.1131751812063158,1.2700553522445261
54,1.2326648235321045,12.330240249633789,1,0.5836316347122192,0.5281819701194763,1.03512498436096,0.5582706928253174,0.9191729426383972,0.9567669034004211,0.6782240271568298,1.0287184370681643,1.1867730300873518
55,1.2320886850357056,12.427738189697266,1,0.5904579162597656,0.5284382104873657,1.0360615339576547,0.5601503849029541,0.9191729426383972,0.9567669034004211,0.6784558892250061,1.9975247872062027,2.1461577429436147
56,1.231603980064392,12.522493362426758,1,0.5962836146354675,0.5286602973937988,1.0368791167499556,0.5639097690582275,0.9191729426383972,0.9567669034004211,0.6786775588989258,0.9858792033046484,1.1422734512016177
57,1.2311794757843018,12.614659309387207,1,0.6010169386863708,0.5288364291191101,1.037536324296514,0.5639097690582275,0.9210526347160339,0.9567669034004211,0.6788685321807861,1.012543990276754,1.169918314088136
58,1.2307909727096558,12.70438289642334,1,0.6046077609062195,0.5289936661720276,1.0380168433861399,0.5657894611358643,0.9229323267936707,0.9567669034004211,0.6790227890014648,1.0172928292304277,1.1730405571870506
59,1.2304145097732544,12.791790008544922,1,0.6070449352264404,0.5291358828544617,1.0383138998345245,0.5639097690582275,0.9229323267936707,0.9567669034004211,0.6791363954544067,1.017440086696297,1.1761770900338888
60,1.2300347089767456,12.876992225646973,1,0.6083534955978394,0.5292401909828186,1.0384171354042018,0.5639097690582275,0.9229323267936707,0.9567669034004211,0.6791990995407104,1.0176726640202105,1.1729373489506543
61,1.2296435832977295,12.960090637207031,1,0.6085924506187439,0.5292689800262451,1.0383187901278605,0.567669153213501,0.9229323267936707,0.9567669034004211,0.6792003512382507,1.010344373062253,1.16625768924132
62,1.2292366027832031,13.041184425354004,1,0.6078500747680664,0.5291951894760132,1.0380351192459,0.5657894611358643,0.9229323267936707,0.9567669034004211,0.679146409034729,1.0160641171969473,1.1756186382845044
63,1.2288156747817993,13.120363235473633,1,0.6062397956848145,0.5290598273277283,1.0376158564536542,0.567669153213501,0.9229323267936707,0.9567669034004211,0.6790673732757568,1.5632225554436445,1.7184633309952915
64,1.2283858060836792,13.197714805603027,1,0.6038925051689148,0.5289359092712402,1.0371289357307745,0.5657894611358643,0.9191729426383972,0.9567669034004211,0.6790034770965576,1.015353417955339,1.1751555153168738
65,1.2279540300369263,13.273316383361816,1,0.6009507775306702,0.5288861393928528,1.0366343462616434,0.5639097690582275,0.9191729426383972,0.9567669034004211,0.6789849996566772,1.0553829539567232,1.5638209762983024
66,1.2275269031524658,13.347229957580566,1,0.5975627303123474,0.5289270877838135,1.0361683665365402,0.5601503849029541,0.9172932505607605,0.9567669034004211,0.6790217161178589,1.57520506484434,1.7419852260500193
67,1.2271132469177246,13.419509887695312,1,0.593877375125885,0.5290270447731018,1.0357371732882816,0.5563910007476807,0.9172932505607605,0.9567669034004211,0.6791000962257385,1.0139695587567985,1.1696631577797234
68,1.2267214059829712,13.490202903747559,1,0.5900403261184692,0.5291545391082764,1.0353337986660582,0.5563910007476807,0.9172932505607605,0.9548872113227844,0.679198682308197,1.0175960650667548,1.1727884523570538
69,1.226356029510498,13.559357643127441,1,0.5861899852752686,0.5292729735374451,1.0349528469809377,0.5507518649101257,0.9172932505607605,0.9548872113227844,0.6792998313903809,1.0170352216809988,1.1701426706276834
70,1.2260212898254395,13.627015113830566,1,0.5824541449546814,0.5293650031089783,1.0345873219542947,0.548872172832489,0.9172932505607605,0.9548872113227844,0.6793862581253052,1.019367618020624,1.1762115503661335
71,1.2257176637649536,13.693217277526855,1,0.5789467096328735,0.5294197797775269,1.0342247894922463,0.548872172832489,0.9154135584831238,0.9548872113227844,0.6794381737709045,1.0054584480822086,1.1602883096784353
72,1.2254422903060913,13.757999420166016,1,0.5757652521133423,0.5294318199157715,1.033858292788839,0.5469924807548523,0.9154135584831238,0.9548872113227844,0.6794438362121582,1.0131924208253622,1.1784930750727654
73,1.2251918315887451,13.821402549743652,1,0.5729892253875732,0.5294104218482971,1.0334974269210893,0.5451127886772156,0.9154135584831238,0.9548872113227844,0.6794083714485168,1.0125640900805593,1.1707199020311236
74,1.2249609231948853,13.883465766906738,1,0.5706786513328552,0.5293944478034973,1.0331765572372653,0.5451127886772156,0.9154135584831238,0.9548872113227844,0.6793603897094727,1.0161594660021365,1.171393902041018
75,1.2247447967529297,13.944233894348145,1,0.5688731670379639,0.5294038653373718,1.0329385699487448,0.5451127886772156,0.9154135584831238,0.9548872113227844,0.6793360710144043,1.0312084890902042,1.1863806662149727
76,1.224538803100586,14.003748893737793,1,0.567592203617096,0.5294474363327026,1.0328049473552503,0.5451127886772156,0.9135338068008423,0.9548872113227844,0.6793544292449951,1.0221555749885738,1.178050841204822
77,1.224336862564087,14.062053680419922,1,0.566835880279541,0.5295067429542542,1.0327633071781284,0.5451127886772156,0.9116541147232056,0.9548872113227844,0.6794070601463318,1.0061215083114803,1.1600999431684613
78,1.2241365909576416,14.119192123413086,1,0.5665864944458008,0.5295469164848328,1.0327786148462477,0.5451127886772156,0.9116541147232056,0.9548872113227844,0.6794680953025818,1.7035868959501386,1.8556244201026857
79,1.2239360809326172,14.175209045410156,1,0.5668110251426697,0.5295664072036743,1.032824176011436,0.5469924807548523,0.9116541147232056,0.9530075192451477,0.679519534111023,0.9866020930930972,1.1357956901192665
80,1.2237343788146973,14.230157852172852,1,0.5674628019332886,0.5295928120613098,1.0328936645930096,0.5469924807548523,0.9116541147232056,0.9530075192451477,0.6795600652694702,1.0093852579593658,1.1648316709324718
81,1.2235316038131714,14.284090042114258,1,0.5684844851493835,0.5296533107757568,1.0329955778898552,0.5469924807548523,0.9116541147232056,0.9548872113227844,0.6796004772186279,1.0103807230480015,1.164484496228397
82,1.2233294248580933,14.337057113647461,1,0.5698102712631226,0.529743492603302,1.0331326300878627,0.5469924807548523,0.9116541147232056,0.9548872113227844,0.6796469688415527,1.0080479485914111,1.1631321469321847
83,1.2231298685073853,14.389107704162598,1,0.5713686943054199,0.5298311710357666,1.0332943460815691,0.5451127886772156,0.9116541147232056,0.9548872113227844,0.6796956062316895,1.0165596399456263,1.1771711939945817
84,1.2229342460632324,14.44029426574707,1,0.5730859041213989,0.5298895835876465,1.033468079692834,0.5451127886772156,0.9116541147232056,0.9548872113227844,0.679741382598877,1.0150811821222305,1.1765549341216683
85,1.222745418548584,14.490663528442383,1,0.5748878717422485,0.5299215316772461,1.0336485764827517,0.5451127886772156,0.9116541147232056,0.9548872113227844,0.6797852516174316,1.0126193789765239,1.16901929769665
86,1.2225629091262817,14.540264129638672,1,0.5767040848731995,0.5299529433250427,1.0338396918158579,0.5469924807548523,0.9116541147232056,0.9548872113227844,0.6798349618911743,1.6132720401510596,1.768999269232154
87,1.222389578819275,14.589143753051758,1,0.578468918800354,0.5300060510635376,1.0340460362889567,0.5469924807548523,0.9135338068008423,0.9548872113227844,0.6798986792564392,1.0170702817849815,1.1724662757478654
88,1.2222236394882202,14.637345314025879,1,0.5801242589950562,0.5300761461257935,1.0342555256142771,0.548872172832489,0.9135338068008423,0.9548872113227844,0.6799712181091309,1.013931558933109,1.1705410350114107
89,1.2220655679702759,14.684906959533691,1,0.5816205739974976,0.5301430821418762,1.034451198656102,0.548872172832489,0.9135338068008423,0.9548872113227844,0.6800433397293091,1.506542380899191,1.660798861645162
90,1.2219148874282837,14.731864929199219,1,0.5829188227653503,0.5301905870437622,1.034617995487049,0.5507518649101257,0.9135338068008423,0.9548872113227844,0.6801068782806396,1.3597202775999904,1.5153690469451249
91,1.2217704057693481,14.778249740600586,1,0.583990752696991,0.5302196741104126,1.0347523894526849,0.5507518649101257,0.9135338068008423,0.9548872113227844,0.6801615953445435,1.0091104828752577,1.1646113046444952
92,1.2216309309005737,14.82409381866455,1,0.5848192572593689,0.5302393436431885,1.0348556265555708,0.5507518649101257,0.9135338068008423,0.9548872113227844,0.6802095770835876,1.0201412462629378,1.1747060921043158
93,1.2214951515197754,14.869421005249023,1,0.5853980779647827,0.5302616357803345,1.034932061821141,0.5507518649101257,0.9135338068008423,0.9548872113227844,0.6802539229393005,1.0134700257331133,1.1707557807676494
94,1.2213621139526367,14.914251327514648,1,0.5857306718826294,0.5302858948707581,1.0349800039044807,0.5507518649101257,0.9135338068008423,0.9548872113227844,0.6802923083305359,1.0219321991316974,1.182215557899326
95,1.2212309837341309,14.958602905273438,1,0.5858297944068909,0.5303062200546265,1.0349963946377303,0.5507518649101257,0.9135338068008423,0.9548872113227844,0.680321216583252,1.0189386843703687,1.1769199883565307
96,1.2211021184921265,15.002486228942871,1,0.5857162475585938,0.5303224325180054,1.034986407813786,0.5507518649101257,0.9135338068008423,0.9548872113227844,0.6803433895111084,1.0158480200916529,1.1725220349617302
97,1.2209746837615967,15.045914649963379,1,0.5854175686836243,0.5303358435630798,1.0349569772115639,0.5507518649101257,0.9135338068008423,0.9548872113227844,0.6803626418113708,1.0108175063505769,1.1696793269366026
98,1.2208491563796997,15.088900566101074,1,0.5849664211273193,0.5303491353988647,1.034917334415785,0.548872172832489,0.9135338068008423,0.9548872113227844,0.6803839206695557,1.0266939774155617,1.1819074330851436
99,1.2207257747650146,15.131448745727539,1,0.5843983292579651,0.5303614139556885,1.0348690186325686,0.548872172832489,0.9116541147232056,0.9548872113227844,0.6804057955741882,1.02909464109689,1.1856102081947029
100,1.2206047773361206,15.173566818237305,1,0.5837504863739014,0.5303732752799988,1.0348143210622887,0.548872172832489,0.9097744226455688,0.9548872113227844,0.6804271340370178,1.0167703968472779,1.1719514336436987
101,1.2204866409301758,15.215262413024902,1,0.5830599069595337,0.530381977558136,1.0347512242363721,0.548872172832489,0.9097744226455688,0.9548872113227844,0.6804437041282654,1.0172710791230202,1.30597341991961
102,1.2203714847564697,15.256540298461914,1,0.582362174987793,0.5303888320922852,1.0346842382484525,0.548872172832489,0.9097744226455688,0.9548872113227844,0.6804566979408264,1.5393448760733008,1.691487128380686
103,1.2202597856521606,15.297406196594238,1,0.5816900730133057,0.5303927063941956,1.0346178069239802,0.548872172832489,0.9078947305679321,0.9548872113227844,0.6804673671722412,0.9787826808169484,1.1322725331410766
104,1.2201505899429321,15.33786392211914,1,0.5810721516609192,0.5303961038589478,1.0345588218552029,0.548872172832489,0.9078947305679321,0.9548872113227844,0.6804789900779724,1.0274078859947622,1.1860917899757624
105,1.2200438976287842,15.377918243408203,1,0.5805321335792542,0.5304024815559387,1.0345123287677256,0.548872172832489,0.9078947305679321,0.9548872113227844,0.6804938316345215,1.0086402702145278,1.164964199066162
106,1.2199411392211914,15.417573928833008,1,0.5800888538360596,0.5304170250892639,1.0344839517059086,0.548872172832489,0.9078947305679321,0.9548872113227844,0.6805149912834167,1.0143119436688721,1.171182254794985
107,1.2198396921157837,15.456838607788086,1,0.5797553062438965,0.5304394364356995,1.0344747484885815,0.548872172832489,0.9078947305679321,0.9548872113227844,0.6805427074432373,1.0111909909173846,1.1658947146497667
108,1.219741702079773,15.495718002319336,1,0.5795388221740723,0.530465841293335,1.0344830824794733,0.548872172832489,0.9078947305679321,0.9548872113227844,0.680575966835022,1.0162216150201857,1.1720127728767693
109,1.21964430809021,15.534218788146973,1,0.5794408917427063,0.5304892659187317,1.0345030933369095,0.548872172832489,0.9078947305679321,0.9548872113227844,0.6806105375289917,1.0138215911574662,1.1681881798431277
110,1.2195489406585693,15.572347640991211,1,0.5794578790664673,0.5305076241493225,1.034530250418246,0.548872172832489,0.9078947305679321,0.9548872113227844,0.680643618106842,1.7759455130435526,1.9316522418521345
111,1.219455361366272,15.610116004943848,1,0.5795816779136658,0.530522882938385,1.0345635030743372,0.548872172832489,0.9078947305679321,0.9548872113227844,0.68067467212677,1.00606987811625,1.1596708889119327
112,1.2193630933761597,15.64753246307373,1,0.579800546169281,0.5305403470993042,1.0346052810584123,0.548872172832489,0.9060150384902954,0.9548872113227844,0.6807060241699219,1.0180469769984484,1.4079243801534176
113,1.2192723751068115,15.684606552124023,1,0.5800995230674744,0.5305600762367249,1.0346566726187654,0.548872172832489,0.9060150384902954,0.9548872113227844,0.6807392835617065,1.451096068136394,1.6077529829926789
114,1.2191828489303589,15.72135066986084,1,0.5804613828659058,0.5305757522583008,1.0347110600578269,0.548872172832489,0.9060150384902954,0.9548872113227844,0.6807706952095032,1.0187903363257647,1.1751268561929464
115,1.2190951108932495,15.757773399353027,1,0.5808677077293396,0.5305866003036499,1.0347673520914542,0.548872172832489,0.9060150384902954,0.9548872113227844,0.68080073595047,1.007658014073968,1.161929584108293
116,1.2190091609954834,15.79388427734375,1,0.5812996625900269,0.530596137046814,1.0348260874969353,0.548872172832489,0.9060150384902954,0.9548872113227844,0.6808309555053711,1.0194058469496667,1.1815698379650712
117,1.2189245223999023,15.829696655273438,1,0.5817391872406006,0.5306097269058228,1.0348879668659492,0.548872172832489,0.9060150384902954,0.9548872113227844,0.6808629035949707,1.0149038350209594,1.1693956218659878
118,1.2188414335250854,15.865219116210938,1,0.5821694135665894,0.530631422996521,1.0349549407121805,0.548872172832489,0.9060150384902954,0.9548872113227844,0.6808991432189941,1.0248787142336369,1.184133409988135
119,1.218759536743164,15.900460243225098,1,0.5825750231742859,0.5306573510169983,1.035023144089668,0.548872172832489,0.9060150384902954,0.9548872113227844,0.6809375286102295,1.012164665851742,1.1667414018884301
120,1.2186795473098755,15.935433387756348,1,0.5829432010650635,0.5306822657585144,1.035087928643509,0.548872172832489,0.9060150384902954,0.9548872113227844,0.6809753775596619,1.018749007023871,1.1753764119930565
121,1.2186009883880615,15.970141410827637,1,0.5832640528678894,0.5307035446166992,1.0351484399116788,0.5507518649101257,0.9060150384902954,0.9548872113227844,0.681012749671936,1.0122971539385617,1.1665622349828482
122,1.2185240983963013,16.004594802856445,1,0.5835305452346802,0.5307216644287109,1.0352023514272917,0.5526315569877625,0.9060150384902954,0.9548872113227844,0.6810483336448669,1.0220690658316016,1.1771657350473106
123,1.2184480428695679,16.03879737854004,1,0.5837387442588806,0.5307391881942749,1.035249357127193,0.5526315569877625,0.9060150384902954,0.9548872113227844,0.6810822486877441,1.0176143539138138,1.17212496092543
124,1.2183729410171509,16.072757720947266,1,0.58388751745224,0.5307558178901672,1.0352883374146642,0.5526315569877625,0.9060150384902954,0.9548872113227844,0.681113600730896,1.0207824460230768,1.1761244996450841
125,1.2182990312576294,16.106477737426758,1,0.5839787125587463,0.5307730436325073,1.0353219376651537,0.5526315569877625,0.9060150384902954,0.9548872113227844,0.681144118309021,1.7308221138082445,1.880034270696342
126,1.2182267904281616,16.139965057373047,1,0.5840165615081787,0.5307903289794922,1.0353521592807158,0.5526315569877625,0.9060150384902954,0.9548872113227844,0.6811750531196594,1.2513177650980651,1.4028784758411348
127,1.218155026435852,16.1732177734375,1,0.5840072631835938,0.5308083295822144,1.035381123615204,0.5526315569877625,0.9060150384902954,0.9548872113227844,0.6812074184417725,1.001412739045918,1.1568752508610487
128,1.2180840969085693,16.20624542236328,1,0.5839587450027466,0.5308264493942261,1.0354077424095265,0.5526315569877625,0.9060150384902954,0.9548872113227844,0.6812400817871094,1.0177427721209824,1.1761543899774551
129,1.218015193939209,16.239044189453125,1,0.5838798880577087,0.5308411717414856,1.035428091235375,0.5526315569877625,0.9060150384902954,0.9548872113227844,0.6812692880630493,1.0151013820432127,1.169456890784204
130,1.2179467678070068,16.27161979675293,1,0.58378005027771,0.5308512449264526,1.0354411550428704,0.5526315569877625,0.9041353464126587,0.9548872113227844,0.6812940239906311,1.0271206507459283,1.187089214567095
131,1.2178791761398315,16.303972244262695,1,0.5836687088012695,0.5308584570884705,1.0354505388377528,0.5526315569877625,0.9041353464126587,0.9548872113227844,0.6813163161277771,1.0154101569205523,1.1695738388225436
132,1.2178128957748413,16.336103439331055,1,0.583555281162262,0.5308682322502136,1.035462511723789,0.5526315569877625,0.9041353464126587,0.9548872113227844,0.6813403367996216,1.0126766487956047,1.16867995262146
133,1.217747449874878,16.368013381958008,1,0.5834481120109558,0.5308815836906433,1.035480522336315,0.5507518649101257,0.9041353464126587,0.9548872113227844,0.6813684105873108,1.2453323155641556,1.401399448979646
134,1.2176834344863892,16.39970588684082,1,0.5833544731140137,0.5308969616889954,1.0355022995091154,0.5507518649101257,0.9041353464126587,0.9548872113227844,0.6813983917236328,1.2669146386906505,1.4212335590273142
135,1.2176202535629272,16.431184768676758,1,0.5832805633544922,0.5309115052223206,1.0355258374263436,0.5507518649101257,0.9041353464126587,0.9548872113227844,0.6814281940460205,1.0096829240210354,1.163574120029807
136,1.217557430267334,16.462446212768555,1,0.5832306742668152,0.5309238433837891,1.035549628469243,0.5507518649101257,0.9041353464126587,0.9548872113227844,0.6814566850662231,1.3805101048201323,1.725709151942283
137,1.2174962759017944,16.493497848510742,1,0.5832077860832214,0.5309345126152039,1.0355740095771169,0.5507518649101257,0.9041353464126587,0.9548872113227844,0.6814838647842407,1.4712889441289008,1.6265668692067266
138,1.2174357175827026,16.52433967590332,1,0.583213210105896,0.5309467315673828,1.035602038529872,0.5507518649101257,0.9041353464126587,0.9548872113227844,0.6815121173858643,1.0128763359971344,1.1700003328733146
139,1.217375636100769,16.554975509643555,1,0.5832465887069702,0.5309594869613647,1.035633352742478,0.5507518649101257,0.9041353464126587,0.9548872113227844,0.6815412044525146,1.005666943732649,1.1628205506131053
140,1.2173165082931519,16.585407257080078,1,0.5833063721656799,0.530972421169281,1.035667845216968,0.5507518649101257,0.9041353464126587,0.9548872113227844,0.681570827960968,1.0230007418431342,1.1772228926420212
141,1.2172579765319824,16.615638732910156,1,0.5833897590637207,0.530983030796051,1.035702846678837,0.5507518649101257,0.9041353464126587,0.9548872113227844,0.6815992593765259,1.0164530710317194,1.1707762912847102
142,1.217200756072998,16.645673751831055,1,0.5834932327270508,0.5309918522834778,1.03573666639034,0.548872172832489,0.9041353464126587,0.9548872113227844,0.681625485420227,1.0210559219121933,1.1764605650678277
143,1.2171443700790405,16.675514221191406,1,0.5836122632026672,0.5310012698173523,1.0357704279432995,0.5469924807548523,0.9041353464126587,0.9548872113227844,0.6816507577896118,1.014970124233514,1.1705307848751545
144,1.2170881032943726,16.705163955688477,1,0.5837421417236328,0.5310128331184387,1.0358077855942758,0.5469924807548523,0.9041353464126587,0.9548872113227844,0.681678056716919,1.0208614049479365,1.1803084178827703
145,1.2170329093933105,16.734628677368164,1,0.5838780403137207,0.5310266017913818,1.0358458568517126,0.5469924807548523,0.9041353464126587,0.9548872113227844,0.6817055344581604,1.0168575854040682,1.1742755980230868
146,1.216978907585144,16.763912200927734,1,0.5840151309967041,0.5310405492782593,1.0358860998038044,0.5469924807548523,0.9041353464126587,0.9548872113227844,0.6817345023155212,1.0276221032254398,1.1848896779119968
147,1.2169249057769775,16.79301643371582,1,0.5841490030288696,0.5310543775558472,1.0359259717094866,0.5469924807548523,0.9041353464126587,0.9548872113227844,0.681763231754303,1.014676148071885,1.1696546478196979
148,1.216871976852417,16.821943283081055,1,0.5842757225036621,0.5310682058334351,1.0359660211454689,0.5469924807548523,0.9041353464126587,0.9548872113227844,0.6817924380302429,1.0198324308730662,1.1755140298046172
149,1.2168197631835938,16.850696563720703,1,0.5843921899795532,0.5310805439949036,1.0360039099344118,0.5469924807548523,0.9041353464126587,0.9548872113227844,0.6818204522132874,1.9495805609039962,2.099893941078335
150,1.2167690992355347,16.879281997680664,1,0.5844957828521729,0.5310921669006348,1.0360407612832307,0.5469924807548523,0.9041353464126587,0.9548872113227844,0.6818482279777527,0.9950166451744735,1.1509045511484146
151,1.216717004776001,16.907699584960938,1,0.5845850706100464,0.5311024188995361,1.0360740454751545,0.5432330965995789,0.9041353464126587,0.9548872113227844,0.6818740367889404,1.1637553572654724,1.3182560042478144
152,1.2166672945022583,16.93595314025879,1,0.584659218788147,0.5311141014099121,1.0361062761156545,0.5432330965995789,0.9041353464126587,0.9548872113227844,0.6818997859954834,1.024285722989589,1.1835152888670564
153,1.2166173458099365,16.96404457092285,1,0.5847182869911194,0.5311262011528015,1.0361375226308194,0.5432330965995789,0.9041353464126587,0.9548872113227844,0.6819254159927368,1.0156491240486503,1.1695436802692711
154,1.2165684700012207,16.991975784301758,1,0.5847631096839905,0.5311400294303894,1.0361691827503265,0.5432330965995789,0.9060150384902954,0.9548872113227844,0.6819519996643066,1.0175552750006318,1.175917973741889
155,1.216519832611084,17.01974868774414,1,0.5847951769828796,0.5311524868011475,1.0362001214374672,0.5432330965995789,0.9060150384902954,0.9548872113227844,0.6819785833358765,1.0137654324062169,1.1692821541801095
156,1.2164726257324219,17.04736328125,1,0.5848163366317749,0.5311635136604309,1.0362288158437154,0.5432330965995789,0.9060150384902954,0.9548872113227844,0.6820040941238403,1.0216783131472766,1.1778521640226245
157,1.2164251804351807,17.0748233795166,1,0.5848289728164673,0.5311726331710815,1.0362558104778627,0.5432330965995789,0.9060150384902954,0.9548872113227844,0.6820286512374878,1.489781974349171,1.6457642992027104
158,1.216378927230835,17.102130889892578,1,0.5848356485366821,0.5311830639839172,1.0362828999417601,0.5432330965995789,0.9060150384902954,0.9548872113227844,0.6820535063743591,1.0228696041740477,1.1799350632354617
159,1.2163327932357788,17.12928581237793,1,0.5848389267921448,0.531193733215332,1.0363098880742272,0.5432330965995789,0.9060150384902954,0.9548872113227844,0.6820783019065857,1.0199056598357856,1.436334392055869
160,1.2162871360778809,17.15629005432129,1,0.584841251373291,0.5312052965164185,1.0363373771154432,0.5469924807548523,0.9060150384902954,0.9548872113227844,0.6821033358573914,1.9443110208958387,2.101245780941099
161,1.216243028640747,17.183143615722656,1,0.5848448276519775,0.531215250492096,1.036364204244623,0.5469924807548523,0.9060150384902954,0.9548872113227844,0.6821277737617493,1.0141296060755849,1.1694524008780718
162,1.2161978483200073,17.209848403930664,1,0.5848516821861267,0.5312247276306152,1.0363906519950077,0.5469924807548523,0.9060150384902954,0.9548872113227844,0.6821516752243042,1.017808121163398,1.1741886790841818
163,1.2161544561386108,17.236408233642578,1,0.5848634243011475,0.5312340259552002,1.036417511536078,0.5469924807548523,0.9060150384902954,0.9548872113227844,0.6821755170822144,1.023152980953455,1.1788144600577652
164,1.216111183166504,17.262821197509766,1,0.5848811268806458,0.5312438607215881,1.0364450234289724,0.5469924807548523,0.9060150384902954,0.9548872113227844,0.6821994185447693,1.016795095987618,1.1781824603676796
165,1.2160683870315552,17.28908920288086,1,0.5849055647850037,0.5312531590461731,1.0364729313676215,0.5469924807548523,0.9060150384902954,0.9548872113227844,0.6822232604026794,1.0176258641295135,1.175038027111441
166,1.2160266637802124,17.315214157104492,1,0.5849369764328003,0.5312628149986267,1.0365012110112353,0.5469924807548523,0.9041353464126587,0.9548872113227844,0.6822468638420105,1.0150284226983786,1.1704620057716966
167,1.2159841060638428,17.34119987487793,1,0.5849751234054565,0.5312720537185669,1.036529833139352,0.5469924807548523,0.9041353464126587,0.9548872113227844,0.6822702288627625,1.0142667246982455,1.1704782960005105
168,1.2159432172775269,17.367046356201172,1,0.5850196480751038,0.5312806367874146,1.0365585968511133,0.5469924807548523,0.9041353464126587,0.9548872113227844,0.6822934150695801,1.0226998180150986,1.1799895530566573
169,1.215902328491211,17.39275550842285,1,0.5850695967674255,0.5312893390655518,1.0365881484913972,0.5469924807548523,0.9041353464126587,0.9548872113227844,0.6823167204856873,1.0176635929383337,1.1722570788115263
170,1.2158623933792114,17.41832733154297,1,0.5851238369941711,0.5312979817390442,1.036617895548104,0.5469924807548523,0.9041353464126587,0.9548872113227844,0.6823400259017944,1.0122768050059676,1.1739407237619162
171,1.2158222198486328,17.44376564025879,1,0.5851812362670898,0.5313063859939575,1.036647595982776,0.5469924807548523,0.9041353464126587,0.9548872113227844,0.6823630332946777,1.0189452040940523,1.173043246846646
172,1.2157827615737915,17.469072341918945,1,0.5852404236793518,0.5313158631324768,1.0366785522741568,0.5469924807548523,0.9041353464126587,0.9548872113227844,0.6823867559432983,2.1123758028261364,2.2640984817408025
173,1.2157440185546875,17.494247436523438,1,0.5853000283241272,0.5313246250152588,1.0367086245148909,0.5469924807548523,0.9041353464126587,0.9548872113227844,0.6824097633361816,1.0036535449326038,1.1598250172100961
174,1.2157058715820312,17.51929473876953,1,0.5853589177131653,0.5313321352005005,1.0367380612002643,0.5469924807548523,0.9041353464126587,0.9548872113227844,0.6824323534965515,1.0221968051046133,1.1792325740680099
175,1.215667724609375,17.54421615600586,1,0.5854158997535706,0.5313396453857422,1.0367676971270976,0.5469924807548523,0.9041353464126587,0.9548872113227844,0.6824550032615662,1.1343206819146872,1.2925542620941997
176,1.215630292892456,17.56900978088379,1,0.5854700207710266,0.5313469171524048,1.0367967133833358,0.5469924807548523,0.9041353464126587,0.9548872113227844,0.6824774146080017,1.0323964110575616,1.1883522761054337
177,1.2155929803848267,17.59368133544922,1,0.5855206847190857,0.5313550233840942,1.036825735409264,0.5469924807548523,0.9041353464126587,0.9548872113227844,0.682499885559082,1.012816287111491,1.1704754061065614
178,1.2155563831329346,17.618228912353516,1,0.5855673551559448,0.5313627123832703,1.0368553048511915,0.548872172832489,0.9041353464126587,0.9548872113227844,0.6825228929519653,1.023001261986792,1.1772576929070055
179,1.215519905090332,17.642656326293945,1,0.5856097936630249,0.531370222568512,1.036882938273269,0.548872172832489,0.9041353464126587,0.9548872113227844,0.6825446486473083,1.0107372077181935,1.1660028528422117
180,1.2154844999313354,17.666963577270508,1,0.5856480598449707,0.5313778519630432,1.0369104058685759,0.548872172832489,0.9041353464126587,0.9548872113227844,0.6825664043426514,1.4800874898210168,1.6400433350354433
181,1.2154486179351807,17.691152572631836,1,0.5856823921203613,0.5313860177993774,1.036937037877455,0.548872172832489,0.9041353464126587,0.9548872113227844,0.6825876832008362,1.0096746440976858,1.167096917051822
182,1.2154136896133423,17.715225219726562,1,0.585713267326355,0.5313937664031982,1.03696367918896,0.548872172832489,0.9041353464126587,0.9548872113227844,0.6826090216636658,1.016996733378619,1.427743811160326
183,1.2153786420822144,17.739181518554688,1,0.5857410430908203,0.531402051448822,1.0369901435685054,0.548872172832489,0.9041353464126587,0.9548872113227844,0.6826304197311401,1.908069278113544,2.0628721499815583
184,1.2153445482254028,17.76302146911621,1,0.5857664942741394,0.5314089059829712,1.037015816648936,0.548872172832489,0.9041353464126587,0.9548872113227844,0.6826512813568115,1.0266547072678804,1.1859491220675409
185,1.2153104543685913,17.7867488861084,1,0.5857903361320496,0.5314152836799622,1.0370409636397613,0.548872172832489,0.9041353464126587,0.9548872113227844,0.6826717257499695,1.0195232350379229,1.1758745647966862
186,1.2152769565582275,17.81036376953125,1,0.5858133435249329,0.531421959400177,1.0370665547732212,0.5469924807548523,0.9041353464126587,0.9548872113227844,0.6826925277709961,1.0198791190050542,1.1766379619948566
187,1.2152438163757324,17.833866119384766,1,0.5858360528945923,0.531428873538971,1.0370921164674927,0.5469924807548523,0.9041353464126587,0.9548872113227844,0.6827132701873779,1.0194015768356621,1.179314721841365
188,1.2152106761932373,17.857257843017578,1,0.5858592391014099,0.5314357876777649,1.0371179795338987,0.5469924807548523,0.9041353464126587,0.9548872113227844,0.6827341318130493,1.023836640175432,1.181731475982815
189,1.2151786088943481,17.880538940429688,1,0.5858832597732544,0.5314415097236633,1.037142669926129,0.5469924807548523,0.9041353464126587,0.9548872113227844,0.6827540397644043,1.018091605976224,1.172993566840887
190,1.2151460647583008,17.903711318969727,1,0.5859085917472839,0.5314480662345886,1.0371685998475684,0.5469924807548523,0.9041353464126587,0.9548872113227844,0.6827747821807861,1.0222625439055264,1.1792106237262487
191,1.2151143550872803,17.926776885986328,1,0.5859355926513672,0.5314545035362244,1.0371945042655095,0.5469924807548523,0.9041353464126587,0.9548872113227844,0.6827953457832336,1.0170689430087805,1.1733606029301882
192,1.215083122253418,17.949735641479492,1,0.5859642624855042,0.5314607620239258,1.0372202150034442,0.5469924807548523,0.9041353464126587,0.9548872113227844,0.682815670967102,1.0339186768978834,1.195370338857174
193,1.215051531791687,17.97258949279785,1,0.5859947204589844,0.531466543674469,1.0372454080768463,0.5469924807548523,0.9041353464126587,0.9548872113227844,0.6828354001045227,1.0158787397667766,1.174633092712611
194,1.215021014213562,17.995336532592773,1,0.5860267877578735,0.5314720869064331,1.0372710325580852,0.5469924807548523,0.9041353464126587,0.9548872113227844,0.6828554272651672,1.0248737349174917,1.1813330720178783
195,1.2149901390075684,18.017982482910156,1,0.5860602855682373,0.5314781069755554,1.0372976890684973,0.5469924807548523,0.9041353464126587,0.9530075192451477,0.6828761100769043,2.102871976327151,2.2519674049690366
196,1.2149604558944702,18.040525436401367,1,0.586094856262207,0.5314832925796509,1.0373226642168045,0.5469924807548523,0.9041353464126587,0.9530075192451477,0.6828954815864563,0.9947758987545967,1.1504645678214729
197,1.2149302959442139,18.06296730041504,1,0.5861302018165588,0.5314892530441284,1.037349385125399,0.5469924807548523,0.9041353464126587,0.9530075192451477,0.682915985584259,1.0153453177772462,1.1748858587816358
198,1.2149007320404053,18.085308074951172,1,0.5861659049987793,0.5314942002296448,1.0373744661904223,0.5469924807548523,0.9041353464126587,0.9530075192451477,0.6829352974891663,1.0173271181993186,1.174726482015103
199,1.214871883392334,18.10755157470703,1,0.5862016081809998,0.5314990878105164,1.0373994523210293,0.5469924807548523,0.9041353464126587,0.9530075192451477,0.6829544305801392,1.0107854967936873,1.1667463718913496
200,1.2148425579071045,18.129695892333984,1,0.5862369537353516,0.5315038561820984,1.0374247374272947,0.5469924807548523,0.9041353464126587,0.9530075192451477,0.6829738020896912,1.0256004226393998,1.1826223619282246
201,1.2148141860961914,18.15174102783203,1,0.5862717032432556,0.5315097570419312,1.0374511460197307,0.5451127886772156,0.9041353464126587,0.9530075192451477,0.6829940676689148,1.0150149841792881,1.1687260931357741
202,1.2147854566574097,18.17369270324707,1,0.5863054990768433,0.531514585018158,1.0374762826059063,0.5451127886772156,0.9041353464126587,0.9530075192451477,0.6830133199691772,1.02327342890203,1.1799919730983675
203,1.2147578001022339,18.195547103881836,1,0.586338222026825,0.5315194725990295,1.0375017248228204,0.5469924807548523,0.9041353464126587,0.9530075192451477,0.6830328702926636,1.5973457898944616,1.7553360345773399
204,1.2147294282913208,18.217309951782227,1,0.5863696932792664,0.5315235257148743,1.0375259551753828,0.5469924807548523,0.9041353464126587,0.9530075192451477,0.6830514669418335,1.0142944338731468,1.1744939652271569
205,1.2147022485733032,18.238975524902344,1,0.5863997936248779,0.5315281748771667,1.0375507803248187,0.5469924807548523,0.9041353464126587,0.9530075192451477,0.6830706000328064,1.0120584671385586,1.4423798900097609
206,1.2146751880645752,18.26055145263672,1,0.586428701877594,0.5315333008766174,1.0375762000122757,0.5469924807548523,0.9041353464126587,0.9530075192451477,0.6830902099609375,1.8054271079599857,1.9656157391145825
207,1.214648723602295,18.28203582763672,1,0.5864565372467041,0.5315375328063965,1.037600293338917,0.5469924807548523,0.9041353464126587,0.9530075192451477,0.683108925819397,1.0172526286914945,1.174394005909562
208,1.214621663093567,18.303428649902344,1,0.5864832401275635,0.5315406918525696,1.0376238254467909,0.5469924807548523,0.9041353464126587,0.9530075192451477,0.683127224445343,1.022487749811262,1.177912272978574
209,1.2145951986312866,18.324729919433594,1,0.5865089893341064,0.5315450429916382,1.0376479747247942,0.5469924807548523,0.9041353464126587,0.9530075192451477,0.6831459403038025,1.0088934847153723,1.163467610720545
210,1.2145686149597168,18.345943450927734,1,0.5865341424942017,0.531549870967865,1.0376725463041776,0.5469924807548523,0.9041353464126587,0.9530075192451477,0.6831649541854858,1.024726816918701,1.1799963023513556
211,1.2145428657531738,18.367067337036133,1,0.5865587592124939,0.5315532088279724,1.0376962231790778,0.5469924807548523,0.9041353464126587,0.951127827167511,0.6831834316253662,1.0266695581376553,1.1866181720979512
212,1.2145177125930786,18.388105392456055,1,0.5865830779075623,0.5315568447113037,1.037719792954415,0.5469924807548523,0.9041353464126587,0.951127827167511,0.6832017302513123,1.0223143929615617,1.1812325739301741
213,1.2144920825958252,18.409055709838867,1,0.5866073369979858,0.5315602421760559,1.0377435828305959,0.548872172832489,0.9041353464126587,0.951127827167511,0.6832202076911926,1.0208200360648334,1.1758332252502441
214,1.2144670486450195,18.42991828918457,1,0.5866317749023438,0.5315645337104797,1.0377674402976396,0.548872172832489,0.9041353464126587,0.951127827167511,0.6832386255264282,1.0348415542393923,1.1918962821364403
215,1.2144418954849243,18.45069694519043,1,0.5866564512252808,0.5315682888031006,1.0377910921738789,0.548872172832489,0.9041353464126587,0.951127827167511,0.6832569241523743,1.0184595109894872,1.173451371025294
216,1.2144176959991455,18.471389770507812,1,0.5866813659667969,0.5315719842910767,1.0378147285465167,0.548872172832489,0.9041353464126587,0.951127827167511,0.6832752227783203,1.0176906427368522,1.1741747297346592
217,1.214392900466919,18.49199676513672,1,0.5867066383361816,0.5315744280815125,1.0378370531884547,0.548872172832489,0.9041353464126587,0.951127827167511,0.6832924485206604,1.0222718841396272,1.176985768135637
218,1.2143685817718506,18.512523651123047,1,0.5867323279380798,0.5315778851509094,1.0378610457013686,0.548872172832489,0.9041353464126587,0.951127827167511,0.6833109259605408,2.0647555221803486,2.2170572821050882
219,1.2143442630767822,18.53296661376953,1,0.5867583751678467,0.531581699848175,1.0378846720854689,0.548872172832489,0.9041353464126587,0.951127827167511,0.6833290457725525,0.9878264740109444,1.1459505362436175
220,1.2143210172653198,18.553327560424805,1,0.5867847800254822,0.531585156917572,1.0379080953462063,0.548872172832489,0.9041353464126587,0.951127827167511,0.6833469867706299,1.0217172508127987,1.1775947576388717
221,1.2142971754074097,18.5736083984375,1,0.586811363697052,0.5315886735916138,1.0379319411364438,0.548872172832489,0.9041353464126587,0.951127827167511,0.6833652257919312,1.0185436196625233,1.1722799390554428
222,1.214274525642395,18.593807220458984,1,0.5868381857872009,0.5315913558006287,1.037954142941493,0.548872172832489,0.9041353464126587,0.951127827167511,0.6833822131156921,1.0224944110959768,1.1788806389085948
223,1.214251160621643,18.61392593383789,1,0.5868650674819946,0.5315949320793152,1.0379776843909228,0.548872172832489,0.9041353464126587,0.951127827167511,0.6834001541137695,1.0267495661973953,1.18191046314314
224,1.2142282724380493,18.63396644592285,1,0.5868919491767883,0.5315982699394226,1.0380011187166736,0.548872172832489,0.9041353464126587,0.951127827167511,0.6834180355072021,1.0232753083109856,1.1786421821452677
225,1.2142057418823242,18.653926849365234,1,0.5869187712669373,0.5316014885902405,1.0380241185232806,0.548872172832489,0.9041353464126587,0.951127827167511,0.6834356188774109,1.0191828408278525,1.1779090338386595
226,1.2141833305358887,18.673810958862305,1,0.5869452953338623,0.5316062569618225,1.0380474337563665,0.5469924807548523,0.9041353464126587,0.951127827167511,0.683453381061554,1.5994674880057573,1.7555544609203935
227,1.2141618728637695,18.69361686706543,1,0.5869717001914978,0.531611442565918,1.0380712629246518,0.5469924807548523,0.9041353464126587,0.951127827167511,0.6834715008735657,1.0141009967774153,1.169271294027567
228,1.2141389846801758,18.713346481323242,1,0.5869977474212646,0.5316161513328552,1.0380944285554277,0.5469924807548523,0.9041353464126587,0.951127827167511,0.6834891438484192,1.0192958591505885,1.1754046217538416
229,1.2141172885894775,18.732999801635742,1,0.5870232582092285,0.5316208004951477,1.0381181070911512,0.5469924807548523,0.9041353464126587,0.951127827167511,0.6835072040557861,2.0767861902713776,2.2362044332548976
230,1.2140957117080688,18.752578735351562,1,0.5870484113693237,0.5316243767738342,1.0381402631338785,0.5469924807548523,0.9041353464126587,0.951127827167511,0.6835241317749023,1.0233494769781828,1.1784745450131595
231,1.2140742540359497,18.77208137512207,1,0.587073028087616,0.5316291451454163,1.038163289515933,0.5469924807548523,0.9041353464126587,0.951127827167511,0.6835417151451111,1.0149003849364817,1.1696934876963496
232,1.2140527963638306,18.79151153564453,1,0.5870972871780396,0.5316333174705505,1.0381850308607758,0.548872172832489,0.9041353464126587,0.951127827167511,0.6835582852363586,1.014064987655729,1.1703968169167638
233,1.2140315771102905,18.810867309570312,1,0.5871211290359497,0.53163743019104,1.0382077428474195,0.548872172832489,0.9041353464126587,0.951127827167511,0.6835756897926331,1.020303012803197,1.1757661858573556
234,1.21401047706604,18.830150604248047,1,0.5871445536613464,0.531642496585846,1.0382311967890656,0.548872172832489,0.9041353464126587,0.951127827167511,0.6835936307907104,1.0252309986390173,1.1905909017659724
235,1.2139899730682373,18.849361419677734,1,0.5871677398681641,0.5316466689109802,1.0382533620633176,0.548872172832489,0.9041353464126587,0.951127827167511,0.6836106181144714,1.0217225821688771,1.1765253143385053
236,1.213969349861145,18.868497848510742,1,0.5871906876564026,0.5316520929336548,1.038276293948853,0.548872172832489,0.9041353464126587,0.951127827167511,0.6836281418800354,1.0185300400480628,1.1799222533591092
237,1.2139488458633423,18.88756561279297,1,0.5872135162353516,0.5316551923751831,1.0382973419183585,0.548872172832489,0.9041353464126587,0.951127827167511,0.6836442947387695,1.0148349851369858,1.173274002969265
238,1.2139291763305664,18.90656089782715,1,0.587236225605011,0.5316595435142517,1.0383190094082215,0.548872172832489,0.9041353464126587,0.951127827167511,0.6836609244346619,1.0445537469349802,1.200963235925883
239,1.2139091491699219,18.925487518310547,1,0.58725905418396,0.531663715839386,1.0383401587725696,0.548872172832489,0.9041353464126587,0.951127827167511,0.6836771965026855,1.0169556238688529,1.1722484990023077
240,1.2138893604278564,18.94434356689453,1,0.5872818827629089,0.5316683650016785,1.0383620117959156,0.548872172832489,0.9041353464126587,0.951127827167511,0.6836939454078674,1.0202887342311442,1.176482155919075
241,1.2138699293136597,18.9631290435791,1,0.5873048305511475,0.5316726565361023,1.038383511882532,0.548872172832489,0.9041353464126587,0.951127827167511,0.6837103366851807,1.9969812049530447,2.1476276610046625
242,1.2138500213623047,18.98184585571289,1,0.5873278975486755,0.5316757559776306,1.0384028988020193,0.548872172832489,0.9041353464126587,0.951127827167511,0.6837252378463745,0.9984584227204323,1.1546028847806156
243,1.2138307094573975,19.0004940032959,1,0.5873510241508484,0.5316802859306335,1.038424120127704,0.548872172832489,0.9041353464126587,0.951127827167511,0.6837413907051086,1.0215552248992026,1.1783105782233179
244,1.2138117551803589,19.019075393676758,1,0.5873742699623108,0.5316835045814514,1.0384434466992,0.548872172832489,0.9041353464126587,0.951127827167511,0.6837562322616577,1.0227535958401859,1.1801397898234427
245,1.213792324066162,19.03759002685547,1,0.5873974561691284,0.5316876769065857,1.038463329638442,0.548872172832489,0.9041353464126587,0.951127827167511,0.6837714314460754,1.0155002060346305,1.17046301625669
246,1.2137737274169922,19.0560359954834,1,0.587420642375946,0.5316914319992065,1.0384827825773604,0.548872172832489,0.9041353464126587,0.951127827167511,0.6837862730026245,1.0278379200026393,1.186758490279317
247,1.213754653930664,19.074417114257812,1,0.5874437093734741,0.5316951870918274,1.0385015492091298,0.548872172832489,0.9041353464126587,0.951127827167511,0.6838006377220154,1.013537724968046,1.1685690437443554
248,1.2137364149093628,19.092729568481445,1,0.5874665975570679,0.5316985845565796,1.0385200974554862,0.548872172832489,0.9041353464126587,0.951127827167511,0.6838148832321167,1.0171143719926476,1.1726885819807649
249,1.2137176990509033,19.110979080200195,1,0.5874893665313721,0.5317021608352661,1.0385386869637143,0.548872172832489,0.9041353464126587,0.951127827167511,0.6838290095329285,1.479468559846282,1.635414004791528
250,1.2136998176574707,19.129161834716797,1,0.5875120162963867,0.5317060351371765,1.0385579373921765,0.548872172832489,0.9041353464126587,0.951127827167511,0.683843731880188,1.0224038818851113,1.1791740949265659
251,1.2136812210083008,19.147281646728516,1,0.5875343680381775,0.5317103266716003,1.0385767819611225,0.548872172832489,0.9041353464126587,0.951127827167511,0.6838581562042236,1.0149643630720675,1.171004126779735
252,1.2136632204055786,19.165334701538086,1,0.5875564813613892,0.531714141368866,1.0385959908896027,0.548872172832489,0.9041353464126587,0.951127827167511,0.6838728785514832,1.7369832103140652,2.33755643106997
253,1.2136458158493042,19.183324813842773,1,0.587578296661377,0.5317182540893555,1.038615404851769,0.548872172832489,0.9041353464126587,0.951127827167511,0.6838876605033875,1.016403142362833,1.1714094523340464
254,1.2136279344558716,19.201251983642578,1,0.5875999331474304,0.5317220687866211,1.0386344700888743,0.548872172832489,0.9041353464126587,0.951127827167511,0.6839023232460022,1.0166614479385316,1.1722199087962508
255,1.213610291481018,19.219112396240234,1,0.5876212120056152,0.5317264199256897,1.0386540358094791,0.548872172832489,0.9041353464126587,0.951127827167511,0.6839172840118408,1.0166439679451287,1.1706992420367897
256,1.2135921716690063,19.23691177368164,1,0.5876420736312866,0.5317301750183105,1.0386738392357535,0.548872172832489,0.9041353464126587,0.951127827167511,0.683932363986969,1.023805710952729,1.179231224115938
257,1.2135757207870483,19.254650115966797,1,0.5876626372337341,0.5317345857620239,1.03869430718429,0.5469924807548523,0.9041353464126587,0.951127827167511,0.6839479804039001,1.0266031683422625,1.1817475049756467
258,1.2135580778121948,19.272323608398438,1,0.5876829624176025,0.5317382216453552,1.0387137455958952,0.5469924807548523,0.9041353464126587,0.951127827167511,0.6839627623558044,1.0120386686176062,1.1677070776931942
259,1.2135405540466309,19.289934158325195,1,0.5877030491828918,0.531742513179779,1.038733719992737,0.5469924807548523,0.9041353464126587,0.951127827167511,0.6839780211448669,1.0192977990955114,1.174512525089085
260,1.2135233879089355,19.307485580444336,1,0.5877227187156677,0.5317481160163879,1.0387549912305434,0.5469924807548523,0.9041353464126587,0.951127827167511,0.6839941143989563,1.0251674801111221,1.1817149557173252
261,1.2135062217712402,19.324974060058594,1,0.5877421498298645,0.5317525267601013,1.0387747347726843,0.5469924807548523,0.9041353464126587,0.951127827167511,0.6840090751647949,1.026297293137759,1.1815458587370813
262,1.2134886980056763,19.3424015045166,1,0.587761402130127,0.5317556858062744,1.038793692324831,0.5469924807548523,0.9041353464126587,0.951127827167511,0.6840234398841858,1.01907222205773,1.1741893999278545
263,1.2134722471237183,19.359769821166992,1,0.5877803564071655,0.5317596197128296,1.038813305463476,0.5469924807548523,0.9041353464126587,0.951127827167511,0.6840382814407349,1.0265855477191508,1.1865854216739535
264,1.2134549617767334,19.3770751953125,1,0.587799072265625,0.5317649245262146,1.0388343245501486,0.5469924807548523,0.9041353464126587,0.951127827167511,0.6840541958808899,1.8181259171105921,1.9704356570728123
265,1.2134379148483276,19.39432144165039,1,0.5878175497055054,0.5317686200141907,1.0388533879525887,0.5469924807548523,0.9041353464126587,0.951127827167511,0.6840685606002808,0.9847565400414169,1.1391201689839363
266,1.2134212255477905,19.411510467529297,1,0.5878357887268066,0.5317724347114563,1.03887319754666,0.5469924807548523,0.9041353464126587,0.951127827167511,0.6840835213661194,1.012885055039078,1.1681005721911788
267,1.2134039402008057,19.42863655090332,1,0.5878536701202393,0.531776487827301,1.0388931063298743,0.5451127886772156,0.9041353464126587,0.951127827167511,0.6840985417366028,1.0221961452625692,1.1773426719009876
268,1.213387370109558,19.445707321166992,1,0.5878713130950928,0.531779944896698,1.0389122272874287,0.5451127886772156,0.9041353464126587,0.951127827167511,0.6841130256652832,1.0232002390548587,1.1845946721732616
269,1.213370680809021,19.462718963623047,1,0.5878885388374329,0.5317834615707397,1.0389322010732451,0.5451127886772156,0.9041353464126587,0.951127827167511,0.6841281056404114,1.0288526839576662,1.1931268339976668
270,1.2133539915084839,19.479671478271484,1,0.5879055261611938,0.5317862033843994,1.0389506886333237,0.5451127886772156,0.9041353464126587,0.951127827167511,0.6841421127319336,1.027984926942736,1.1837990847416222
271,1.2133373022079468,19.496564865112305,1,0.5879220366477966,0.5317899584770203,1.0389706196792912,0.5451127886772156,0.9041353464126587,0.951127827167511,0.6841571927070618,1.0056581441313028,1.1599087449721992
272,1.2133212089538574,19.51340103149414,1,0.5879383087158203,0.5317928194999695,1.038989072341495,0.5451127886772156,0.9041353464126587,0.951127827167511,0.6841712594032288,1.5780484308488667,1.735268716700375
273,1.2133047580718994,19.53017807006836,1,0.5879542827606201,0.5317955613136292,1.0390077862860503,0.5451127886772156,0.9041353464126587,0.951127827167511,0.6841854453086853,1.021688851993531,1.1792088341899216
274,1.213288426399231,19.546897888183594,1,0.5879700183868408,0.5317975282669067,1.0390260055945533,0.5451127886772156,0.9041353464126587,0.951127827167511,0.6841993927955627,1.0204117018729448,1.1764841750264168
275,1.2132728099822998,19.56355857849121,1,0.5879856944084167,0.5318007469177246,1.0390448045100986,0.5451127886772156,0.9041353464126587,0.951127827167511,0.6842136979103088,1.7712348741479218,2.412268295418471
276,1.2132574319839478,19.580162048339844,1,0.5880014300346375,0.5318041443824768,1.0390633328763237,0.5451127886772156,0.9041353464126587,0.951127827167511,0.6842277646064758,1.029794740024954,1.1851944630034268
277,1.2132419347763062,19.596708297729492,1,0.5880173444747925,0.5318070650100708,1.0390825486588355,0.5451127886772156,0.9041353464126587,0.951127827167511,0.6842423677444458,1.018648368306458,1.1738203251734376
278,1.2132266759872437,19.613197326660156,1,0.5880336165428162,0.5318096280097961,1.0391007227063453,0.5451127886772156,0.9041353464126587,0.951127827167511,0.6842561364173889,1.0143894730135798,1.1706524128094316
279,1.2132117748260498,19.629627227783203,1,0.5880502462387085,0.531812310218811,1.0391187183503394,0.5451127886772156,0.9041353464126587,0.951127827167511,0.684269905090332,1.014794236049056,1.1789918169379234
280,1.2131975889205933,19.6460018157959,1,0.5880675315856934,0.5318154096603394,1.039137233346518,0.5451127886772156,0.9041353464126587,0.951127827167511,0.6842838525772095,1.0416515511460602,1.1984932632185519
281,1.2131829261779785,19.662317276000977,1,0.5880855321884155,0.5318188667297363,1.0391550789959487,0.5451127886772156,0.9041353464126587,0.951127827167511,0.6842972636222839,1.013375687878579,1.167668858077377
282,1.2131682634353638,19.678579330444336,1,0.5881041884422302,0.5318219661712646,1.039173044767392,0.5432330965995789,0.9041353464126587,0.951127827167511,0.6843107342720032,1.0143999229185283,1.1702503100968897
283,1.2131537199020386,19.694780349731445,1,0.5881235599517822,0.5318244695663452,1.0391904976254573,0.5432330965995789,0.9041353464126587,0.951127827167511,0.6843238472938538,1.0224297610111535,1.177121025044471
284,1.2131404876708984,19.710926055908203,1,0.5881436467170715,0.5318272113800049,1.0392078012128965,0.5432330965995789,0.9041353464126587,0.951127827167511,0.68433678150177,1.0294953640550375,1.1897788341157138
285,1.2131264209747314,19.72701644897461,1,0.5881643295288086,0.5318303108215332,1.0392254857618668,0.5432330965995789,0.9041353464126587,0.951127827167511,0.6843499541282654,1.0150651028379798,1.1703980769962072
286,1.2131130695343018,19.743051528930664,1,0.5881855487823486,0.5318331718444824,1.0392431595087173,0.5432330965995789,0.9041353464126587,0.951127827167511,0.684363067150116,1.016370922792703,1.17153184954077
287,1.2130995988845825,19.759029388427734,1,0.5882071852684021,0.5318353772163391,1.0392598003412499,0.5432330965995789,0.9041353464126587,0.951127827167511,0.6843754053115845,1.7484709578566253,1.8985997312702239
288,1.2130858898162842,19.774951934814453,1,0.5882291197776794,0.5318371653556824,1.0392761760370886,0.5432330965995789,0.9041353464126587,0.951127827167511,0.6843876242637634,0.9775833990424871,1.1285869986750185
289,1.213073492050171,19.790821075439453,1,0.5882512927055359,0.5318395495414734,1.039293183937824,0.5432330965995789,0.9041353464126587,0.951127827167511,0.6844001412391663,1.0123872230760753,1.168698132969439
290,1.2130600214004517,19.8066349029541,1,0.5882734060287476,0.5318412184715271,1.0393091810546504,0.5432330965995789,0.9041353464126587,0.951127827167511,0.6844119429588318,1.0226443680003285,1.1798912328667939
291,1.2130467891693115,19.8223934173584,1,0.5882953405380249,0.531843364238739,1.0393255327798752,0.5432330965995789,0.9041353464126587,0.951127827167511,0.6844240427017212,1.0191024420782924,1.1746131228283048
292,1.2130341529846191,19.838098526000977,1,0.5883168578147888,0.5318455696105957,1.039341954902239,0.5432330965995789,0.9041353464126587,0.951127827167511,0.6844362020492554,1.028159644920379,1.1936353160999715
293,1.2130213975906372,19.853750228881836,1,0.5883381366729736,0.531846821308136,1.039357870316724,0.5432330965995789,0.9041353464126587,0.951127827167511,0.6844480633735657,1.0194413661956787,1.1780056920833886
294,1.2130091190338135,19.869346618652344,1,0.5883589386940002,0.531848132610321,1.039373546769086,0.5432330965995789,0.9041353464126587,0.951127827167511,0.6844596266746521,1.0151826511137187,1.1740371021442115
295,1.2129970788955688,19.884891510009766,1,0.5883793830871582,0.5318508148193359,1.0393903858090217,0.5432330965995789,0.9041353464126587,0.951127827167511,0.6844720840454102,1.2327314061112702,1.6234688158147037
296,1.2129850387573242,19.90038299560547,1,0.5883994698524475,0.5318527817726135,1.039406822840381,0.5432330965995789,0.9041353464126587,0.951127827167511,0.6844842433929443,1.0182157550007105,1.173800795339048
297,1.2129733562469482,19.91581916809082,1,0.5884192585945129,0.5318541526794434,1.0394229580493812,0.5432330965995789,0.9041353464126587,0.951127827167511,0.6844962239265442,1.0184448519721627,1.174308817833662
298,1.2129606008529663,19.93120574951172,1,0.588438868522644,0.5318560004234314,1.0394389228137917,0.5432330965995789,0.9041353464126587,0.951127827167511,0.6845080852508545,1.2604029779322445,1.7904950832016766
299,1.2129491567611694,19.946537017822266,1,0.5884581208229065,0.5318577885627747,1.0394546333165142,0.5432330965995789,0.9041353464126587,0.951127827167511,0.6845197677612305,1.4252216992899776,1.5805060840211809
300,1.2129367589950562,19.961816787719727,1,0.5884771347045898,0.5318596363067627,1.03947072061643,0.5432330965995789,0.9041353464126587,0.951127827167511,0.6845316886901855,1.0173631180077791,1.1732609737664461
301,1.2129249572753906,19.9770450592041,1,0.5884960889816284,0.5318622589111328,1.0394872225395937,0.5432330965995789,0.902255654335022,0.951127827167511,0.6845439076423645,1.013034743256867,1.1733130430802703
302,1.2129135131835938,19.99222183227539,1,0.5885149240493774,0.5318639278411865,1.0395032811508125,0.5432330965995789,0.902255654335022,0.951127827167511,0.6845558285713196,1.0240600761026144,1.1811109948903322
303,1.2129020690917969,20.00734519958496,1,0.588533878326416,0.5318652391433716,1.039518925776454,0.5432330965995789,0.902255654335022,0.951127827167511,0.684567391872406,1.0275962129235268,1.1839826218783855
304,1.2128902673721313,20.022418975830078,1,0.5885527729988098,0.5318669080734253,1.039534687991958,0.5432330965995789,0.902255654335022,0.951127827167511,0.684579074382782,1.0089733051136136,1.165459651965648
305,1.2128794193267822,20.03744125366211,1,0.5885718464851379,0.5318687558174133,1.0395508181736763,0.5432330965995789,0.902255654335022,0.951127827167511,0.6845910549163818,1.0207431870512664,1.175427570939064
306,1.2128679752349854,20.052412033081055,1,0.5885910391807556,0.5318703055381775,1.0395667611621253,0.5432330965995789,0.902255654335022,0.951127827167511,0.6846027970314026,1.0227462067268789,1.1795760779641569
307,1.2128571271896362,20.067331314086914,1,0.5886103510856628,0.5318719148635864,1.03958179069454,0.5432330965995789,0.902255654335022,0.951127827167511,0.6846138834953308,1.03084411425516,1.187854063231498
308,1.2128467559814453,20.08220100402832,1,0.588629961013794,0.531873881816864,1.03959786888735,0.5432330965995789,0.902255654335022,0.951127827167511,0.6846257448196411,1.0228217858821154,1.179813344962895
309,1.2128350734710693,20.09701919555664,1,0.5886496305465698,0.5318747758865356,1.0396126722849426,0.5432330965995789,0.902255654335022,0.951127827167511,0.684636652469635,1.0196495628915727,1.1757614058442414
310,1.2128239870071411,20.111787796020508,1,0.5886693000793457,0.5318763852119446,1.0396287431487738,0.5432330965995789,0.902255654335022,0.951127827167511,0.6846484541893005,1.604609469883144,2.0312093989923596
311,1.212813377380371,20.126506805419922,1,0.5886890888214111,0.531877875328064,1.0396444744717235,0.5432330965995789,0.902255654335022,0.951127827167511,0.6846599578857422,1.2466842350549996,1.404525472316891
312,1.2128030061721802,20.14117431640625,1,0.5887088775634766,0.5318785905838013,1.0396590744285974,0.5432330965995789,0.902255654335022,0.951127827167511,0.684670627117157,1.0045896410010755,1.160586225334555
313,1.2127922773361206,20.15579605102539,1,0.588728666305542,0.5318800210952759,1.0396744731278327,0.5432330965995789,0.902255654335022,0.951127827167511,0.6846819519996643,1.0141833848319948,1.1695700287818909
314,1.212781310081482,20.170366287231445,1,0.5887482762336731,0.5318818092346191,1.0396900207948105,0.5432330965995789,0.902255654335022,0.951127827167511,0.6846932768821716,1.0113985482603312,1.1691618552431464
315,1.2127714157104492,20.18488883972168,1,0.5887678861618042,0.5318828225135803,1.0397052221584089,0.5432330965995789,0.902255654335022,0.951127827167511,0.6847044229507446,1.0177753218449652,1.179141545202583
316,1.2127611637115479,20.19936180114746,1,0.588787317276001,0.5318840146064758,1.0397203664029253,0.5432330965995789,0.902255654335022,0.951127827167511,0.6847154498100281,1.0205337298102677,1.1758772237226367
317,1.2127503156661987,20.213787078857422,1,0.5888066291809082,0.5318855047225952,1.0397353601885122,0.5432330965995789,0.902255654335022,0.951127827167511,0.6847264170646667,1.0101785860024393,1.1646921527571976
318,1.2127408981323242,20.22816276550293,1,0.5888259410858154,0.5318866968154907,1.0397502656553095,0.5432330965995789,0.902255654335022,0.951127827167511,0.6847373247146606,1.3811693140305579,1.8630346381105483
319,1.2127306461334229,20.24249267578125,1,0.5888451337814331,0.5318877100944519,1.0397655773205905,0.5432330965995789,0.902255654335022,0.951127827167511,0.6847484707832336,1.0107283676043153,1.164884200785309
320,1.2127208709716797,20.256772994995117,1,0.5888642072677612,0.5318886041641235,1.0397801336218846,0.5432330965995789,0.902255654335022,0.951127827167511,0.6847590804100037,1.0184551207348704,1.1756899668835104
321,1.212710976600647,20.271007537841797,1,0.5888832211494446,0.5318900346755981,1.0397954251573018,0.5432330965995789,0.902255654335022,0.951127827167511,0.6847702264785767,1.7498725270852447,1.9043940240517259
322,1.212700605392456,20.285194396972656,1,0.5889020562171936,0.531890869140625,1.0398102669930653,0.5432330965995789,0.902255654335022,0.951127827167511,0.6847810745239258,1.494976086076349,1.6522112819366157
323,1.212691068649292,20.299333572387695,1,0.5889207124710083,0.5318924188613892,1.0398252528164214,0.5432330965995789,0.902255654335022,0.951127827167511,0.6847919821739197,1.0125522301532328,1.1700667617842555
324,1.2126812934875488,20.313426971435547,1,0.588939368724823,0.5318941473960876,1.039840489613392,0.5432330965995789,0.902255654335022,0.951127827167511,0.6848030686378479,1.0297253620810807,1.1907558599486947
325,1.2126718759536743,20.32747459411621,1,0.5889580249786377,0.531895101070404,1.0398551952072077,0.5432330965995789,0.902255654335022,0.951127827167511,0.6848137378692627,1.0225428701378405,1.1772483340464532
326,1.2126624584197998,20.341476440429688,1,0.5889765620231628,0.5318963527679443,1.0398703481150502,0.5432330965995789,0.902255654335022,0.951127827167511,0.6848247647285461,1.0257192812860012,1.1894329390488565
327,1.2126529216766357,20.355430603027344,1,0.5889951586723328,0.5318966507911682,1.0398846548057379,0.5432330965995789,0.902255654335022,0.951127827167511,0.6848351955413818,1.0132868690416217,1.1682078200392425
328,1.2126433849334717,20.369338989257812,1,0.5890136957168579,0.5318984389305115,1.0398997909062297,0.5432330965995789,0.902255654335022,0.951127827167511,0.6848461627960205,1.027508364059031,1.1839644722640514
329,1.2126340866088867,20.383201599121094,1,0.5890321731567383,0.5318995714187622,1.039914524970176,0.5432330965995789,0.902255654335022,0.951127827167511,0.6848568320274353,1.0256874919869006,1.185206132940948
330,1.2126243114471436,20.39702033996582,1,0.5890506505966187,0.5319007635116577,1.0399285948301273,0.5432330965995789,0.902255654335022,0.951127827167511,0.6848670840263367,1.041874196846038,1.1983830737881362
331,1.2126158475875854,20.41079330444336,1,0.589069128036499,0.5319023728370667,1.0399435867164035,0.5432330965995789,0.902255654335022,0.951127827167511,0.6848779916763306,1.020581108983606,1.1761741996742785
332,1.2126067876815796,20.42452049255371,1,0.5890876054763794,0.531903862953186,1.0399590972841906,0.5432330965995789,0.902255654335022,0.951127827167511,0.6848891973495483,1.0248042456805706,1.184312286786735
333,1.2125976085662842,20.43820571899414,1,0.5891060829162598,0.5319040417671204,1.0399732387024683,0.5432330965995789,0.902255654335022,0.951127827167511,0.6848993897438049,1.2794809490442276,1.7583730481564999
334,1.2125881910324097,20.45184326171875,1,0.5891243815422058,0.5319056510925293,1.039987647198617,0.5413534045219421,0.902255654335022,0.951127827167511,0.6849098801612854,1.2719314736314118,1.423311507795006
335,1.2125797271728516,20.46544075012207,1,0.5891426801681519,0.5319071412086487,1.0400018438383876,0.5413534045219421,0.902255654335022,0.951127827167511,0.6849201917648315,0.9998332932591438,1.1560674733482301
336,1.2125707864761353,20.47899055480957,1,0.5891610383987427,0.5319089293479919,1.0400167200645491,0.5413534045219421,0.902255654335022,0.951127827167511,0.6849309206008911,1.0242533842101693,1.180258118081838
337,1.2125623226165771,20.49249839782715,1,0.589179277420044,0.5319094657897949,1.0400303708470162,0.5413534045219421,0.902255654335022,0.951127827167511,0.6849408149719238,1.0084992912597954,1.1677280771546066
338,1.2125532627105713,20.505962371826172,1,0.5891974568367004,0.5319095849990845,1.0400441108824265,0.5413534045219421,0.902255654335022,0.951127827167511,0.6849507689476013,1.0257737208157778,1.1838300442323089
339,1.212544560432434,20.519384384155273,1,0.5892155766487122,0.5319111347198486,1.040058381191405,0.5413534045219421,0.902255654335022,0.951127827167511,0.6849610805511475,1.0106919989921153,1.1687787822447717
340,1.2125365734100342,20.53276252746582,1,0.5892337560653687,0.5319128036499023,1.0400731005914687,0.5413534045219421,0.902255654335022,0.951127827167511,0.6849717497825623,1.0146800680086017,1.170075480826199
341,1.2125275135040283,20.546096801757812,1,0.5892518162727356,0.5319141745567322,1.04008781730399,0.5413534045219421,0.902255654335022,0.951127827167511,0.6849823594093323,1.4033755487762392,1.563418932724744
342,1.2125195264816284,20.55938720703125,1,0.5892699360847473,0.5319153070449829,1.0401017651651356,0.5413534045219421,0.902255654335022,0.951127827167511,0.6849924325942993,1.0249406630173326,1.1801858586259186
343,1.2125111818313599,20.5726375579834,1,0.589288055896759,0.5319154262542725,1.0401149404628256,0.5413534045219421,0.902255654335022,0.951127827167511,0.6850019693374634,1.0113824680447578,1.16849670605734
344,1.2125022411346436,20.585844039916992,1,0.5893059372901917,0.531916081905365,1.0401281799920832,0.5413534045219421,0.902255654335022,0.951127827167511,0.6850115656852722,1.2318834983743727,1.7711232961155474
345,1.2124946117401123,20.599010467529297,1,0.589323878288269,0.5319170355796814,1.0401421091138747,0.5413534045219421,0.902255654335022,0.951127827167511,0.6850216388702393,1.4422409520484507,1.6014640079811215
346,1.2124865055084229,20.612133026123047,1,0.5893416404724121,0.5319188833236694,1.040156541695782,0.5432330965995789,0.902255654335022,0.951127827167511,0.685032069683075,1.0164834409952164,1.1738283564336598
347,1.2124779224395752,20.625215530395508,1,0.5893594026565552,0.5319201350212097,1.0401709614291113,0.5432330965995789,0.902255654335022,0.951127827167511,0.6850425004959106,1.0127112180925906,1.16825936967507
348,1.2124695777893066,20.638256072998047,1,0.5893770456314087,0.5319202542304993,1.0401836172206032,0.5432330965995789,0.902255654335022,0.951127827167511,0.6850516200065613,1.0146805378608406,1.1711143259890378
349,1.2124625444412231,20.651254653930664,1,0.589394748210907,0.5319206118583679,1.0401969414708518,0.5432330965995789,0.902255654335022,0.951127827167511,0.6850612163543701,1.0394489942118526,1.1934298491105437
350,1.212454080581665,20.664213180541992,1,0.5894123911857605,0.5319221019744873,1.0402107499589575,0.5432330965995789,0.902255654335022,0.951127827167511,0.6850712299346924,1.021447735838592,1.1798614235594869
351,1.2124463319778442,20.6771297454834,1,0.5894299149513245,0.5319226384162903,1.0402234950132903,0.5432330965995789,0.902255654335022,0.951127827167511,0.6850804090499878,1.0046622287482023,1.159355252981186
352,1.2124383449554443,20.690006256103516,1,0.5894473791122437,0.5319235920906067,1.04023754338089,0.5432330965995789,0.902255654335022,0.951127827167511,0.6850905418395996,1.0121796862222254,1.1710698059760034
353,1.2124309539794922,20.702842712402344,1,0.5894648432731628,0.5319244265556335,1.0402508445682117,0.5432330965995789,0.902255654335022,0.951127827167511,0.6851001977920532,1.0106816892512143,1.17144674109295
354,1.2124228477478027,20.715639114379883,1,0.5894822478294373,0.5319253206253052,1.0402641256919087,0.5432330965995789,0.902255654335022,0.951127827167511,0.6851097941398621,1.0181116168387234,1.174156250897795
355,1.2124148607254028,20.728395462036133,1,0.5894994735717773,0.5319258570671082,1.0402774499266627,0.5432330965995789,0.902255654335022,0.951127827167511,0.6851194500923157,1.0157154621556401,1.1731597548350692
356,1.2124075889587402,20.741113662719727,1,0.5895166397094727,0.5319262742996216,1.0402902844599011,0.5432330965995789,0.902255654335022,0.951127827167511,0.6851286888122559,1.0131849311292171,1.6655621998943388
357,1.2123998403549194,20.7537899017334,1,0.5895337462425232,0.5319273471832275,1.0403032568073136,0.5432330965995789,0.902255654335022,0.951127827167511,0.6851380467414856,1.2656722380779684,1.4158154311589897
358,1.2123918533325195,20.76642608642578,1,0.589550793170929,0.5319286584854126,1.040317368271434,0.5432330965995789,0.902255654335022,0.951127827167511,0.6851482391357422,1.0099393599666655,1.1652751439251006
359,1.2123854160308838,20.77902603149414,1,0.5895677804946899,0.5319288969039917,1.0403299552697376,0.5432330965995789,0.902255654335022,0.951127827167511,0.6851573586463928,1.0192092997021973,1.1745227249339223
360,1.2123775482177734,20.791584014892578,1,0.5895847082138062,0.531929075717926,1.040342398024051,0.5432330965995789,0.902255654335022,0.951127827167511,0.6851663589477539,1.015260438900441,1.171821495052427
361,1.2123700380325317,20.80410385131836,1,0.5896016359329224,0.5319295525550842,1.0403554285277323,0.5432330965995789,0.902255654335022,0.951127827167511,0.6851757764816284,1.0193645870313048,1.1740697012282908
362,1.2123624086380005,20.816585540771484,1,0.5896185040473938,0.531930685043335,1.0403684068116321,0.5432330965995789,0.902255654335022,0.951127827167511,0.6851851940155029,1.0316077033057809,1.189003016334027
363,1.212355375289917,20.829029083251953,1,0.5896353721618652,0.5319314002990723,1.0403813345085644,0.5432330965995789,0.902255654335022,0.951127827167511,0.6851944327354431,1.0178203810937703,1.1722850180231035
364,1.212348461151123,20.841434478759766,1,0.5896521806716919,0.5319324731826782,1.0403944195859989,0.5413534045219421,0.902255654335022,0.951127827167511,0.6852038502693176,1.0294719748198986,1.5682975687086582
365,1.2123414278030396,20.85379981994629,1,0.5896689891815186,0.5319319367408752,1.0404060707990945,0.5413534045219421,0.902255654335022,0.951127827167511,0.6852123141288757,1.3347412259317935,1.4900396610610187
366,1.2123342752456665,20.86612892150879,1,0.5896856784820557,0.531932532787323,1.040418524390335,0.5413534045219421,0.902255654335022,0.951127827167511,0.6852213740348816,1.0159253999590874,1.1753637217916548
367,1.2123273611068726,20.878419876098633,1,0.5897024273872375,0.5319335460662842,1.0404313080417713,0.5413534045219421,0.902255654335022,0.951127827167511,0.685230553150177,1.3191477009095252,1.9486510260030627
368,1.2123197317123413,20.89067268371582,1,0.5897191762924194,0.5319337248802185,1.0404435031289292,0.5413534045219421,0.902255654335022,0.951127827167511,0.685239315032959,1.4767194809392095,1.637849748134613
369,1.2123128175735474,20.90288734436035,1,0.589735746383667,0.531934380531311,1.0404561511348356,0.5413534045219421,0.902255654335022,0.951127827167511,0.6852484345436096,1.0089595951139927,1.1636452190577984
370,1.2123066186904907,20.91506576538086,1,0.5897523164749146,0.5319342017173767,1.0404677940250795,0.5413534045219421,0.902255654335022,0.951127827167511,0.685256838798523,1.0136010851711035,1.1720709023065865
371,1.2122993469238281,20.927209854125977,1,0.5897687673568726,0.5319350361824036,1.0404802448849861,0.5413534045219421,0.902255654335022,0.951127827167511,0.685265839099884,1.0190425319597125,1.172889368608594
372,1.2122924327850342,20.939313888549805,1,0.589785099029541,0.5319361686706543,1.040493068331602,0.5413534045219421,0.902255654335022,0.951127827167511,0.6852750778198242,1.0326310968957841,1.1898537427186966
373,1.2122852802276611,20.95138168334961,1,0.5898013710975647,0.5319353938102722,1.040504554948187,0.5413534045219421,0.902255654335022,0.951127827167511,0.685283362865448,1.0060475878417492,1.1604036781936884
374,1.2122786045074463,20.96341323852539,1,0.5898175239562988,0.5319361686706543,1.040516527782885,0.5413534045219421,0.9003759622573853,0.951127827167511,0.6852920651435852,1.0215975330211222,1.18476788001135
375,1.212272047996521,20.97540855407715,1,0.5898335576057434,0.5319371819496155,1.0405288933867842,0.5413534045219421,0.9003759622573853,0.951127827167511,0.6853009462356567,1.0097220628522336,1.1654094415716827
376,1.2122652530670166,20.987367630004883,1,0.5898494720458984,0.5319372415542603,1.0405410328070537,0.5413534045219421,0.9003759622573853,0.951127827167511,0.685309648513794,1.024815944954753,1.182255988009274
377,1.2122585773468018,20.999292373657227,1,0.5898653864860535,0.5319372415542603,1.040552471832323,0.5413534045219421,0.902255654335022,0.951127827167511,0.6853179335594177,1.0108107067644596,1.167082677129656
378,1.212252140045166,21.011178970336914,1,0.5898812413215637,0.5319384932518005,1.0405652289390102,0.5413534045219421,0.902255654335022,0.951127827167511,0.6853271722793579,1.0170811521820724,1.1724844961427152
379,1.2122454643249512,21.023029327392578,1,0.5898970365524292,0.5319381952285767,1.0405760192615303,0.5413534045219421,0.902255654335022,0.951127827167511,0.6853349804878235,1.821269438136369,1.9791252450086176
380,1.2122392654418945,21.03484535217285,1,0.5899128317832947,0.5319386124610901,1.040588187994806,0.5413534045219421,0.902255654335022,0.951127827167511,0.6853436827659607,1.2772255642339587,1.4295705729164183
381,1.2122325897216797,21.046627044677734,1,0.5899285674095154,0.5319391489028931,1.0405995815057023,0.5413534045219421,0.902255654335022,0.951127827167511,0.6853519082069397,0.9931627828627825,1.1475706119090319
382,1.2122259140014648,21.058372497558594,1,0.5899442434310913,0.5319390296936035,1.0406105419748786,0.5413534045219421,0.902255654335022,0.951127827167511,0.6853598356246948,1.0175632452592254,1.1733722421340644
383,1.212218999862671,21.070083618164062,1,0.5899598002433777,0.531938910484314,1.0406221402479179,0.5413534045219421,0.902255654335022,0.951127827167511,0.6853681802749634,1.0107641867361963,1.1654027216136456
384,1.212213158607483,21.08176040649414,1,0.5899753570556641,0.531940221786499,1.0406344199712143,0.5413534045219421,0.902255654335022,0.951127827167511,0.6853770017623901,1.0185782290063798,1.1726489029824734
385,1.2122068405151367,21.093400955200195,1,0.5899907946586609,0.5319412350654602,1.0406464715865664,0.5413534045219421,0.902255654335022,0.951127827167511,0.6853857040405273,1.0252012093551457,1.1800381713546813
386,1.2122007608413696,21.10500717163086,1,0.5900062322616577,0.5319406390190125,1.0406575410698167,0.5413534045219421,0.902255654335022,0.951127827167511,0.6853936314582825,1.0194689258933067,1.1747157322242856
387,1.2121944427490234,21.116579055786133,1,0.5900216698646545,0.5319398641586304,1.0406680575326908,0.5413534045219421,0.902255654335022,0.951127827167511,0.685401201248169,1.3115229061804712,1.7722583590075374
388,1.2121888399124146,21.12811851501465,1,0.5900371670722961,0.5319406986236572,1.0406792161239324,0.5413534045219421,0.902255654335022,0.951127827167511,0.6854092478752136,1.0208668848499656,1.1772368638776243
389,1.2121821641921997,21.139623641967773,1,0.590052604675293,0.5319419503211975,1.040691485783395,0.5413534045219421,0.902255654335022,0.951127827167511,0.6854180693626404,1.0109375952742994,1.166552095208317
390,1.212175965309143,21.151092529296875,1,0.590067982673645,0.5319419503211975,1.0407022842733034,0.5413534045219421,0.902255654335022,0.951127827167511,0.6854258179664612,1.271079656202346,1.8006166801787913
391,1.2121700048446655,21.16252899169922,1,0.5900832414627075,0.5319434404373169,1.040714321465513,0.5413534045219421,0.902255654335022,0.951127827167511,0.6854345202445984,1.4677714458666742,1.6221625851467252
392,1.2121638059616089,21.173933029174805,1,0.59009850025177,0.5319438576698303,1.0407252221188634,0.5413534045219421,0.902255654335022,0.951127827167511,0.685442328453064,1.022252444177866,1.1782649089582264
393,1.2121577262878418,21.185302734375,1,0.5901135206222534,0.5319450497627258,1.0407364309179794,0.5413534045219421,0.902255654335022,0.951127827167511,0.6854504346847534,1.0107523179613054,1.1652403948828578
394,1.212152123451233,21.196640014648438,1,0.5901286005973816,0.53194659948349,1.0407474397543761,0.5413534045219421,0.902255654335022,0.951127827167511,0.6854583621025085,1.0238833390176296,1.180195339024067
395,1.2121455669403076,21.207942962646484,1,0.5901435017585754,0.5319480895996094,1.0407586416858248,0.5413534045219421,0.902255654335022,0.951127827167511,0.6854663491249084,1.0227300771512091,1.184512814041227
396,1.2121403217315674,21.219213485717773,1,0.5901584029197693,0.5319489240646362,1.0407693838158354,0.5413534045219421,0.902255654335022,0.951127827167511,0.6854740977287292,1.0199101390317082,1.1747961910441518
397,1.2121340036392212,21.230451583862305,1,0.5901731252670288,0.5319486856460571,1.0407794516393638,0.5413534045219421,0.902255654335022,0.951127827167511,0.6854813098907471,1.0124160130508244,1.169027587864548
398,1.2121285200119019,21.241655349731445,1,0.5901879072189331,0.5319504737854004,1.0407909366472108,0.5413534045219421,0.902255654335022,0.951127827167511,0.6854895949363708,1.0214675557799637,1.176562403794378
399,1.2121224403381348,21.252830505371094,1,0.5902025699615479,0.5319526791572571,1.0408023146202094,0.5413534045219421,0.902255654335022,0.951127827167511,0.6854977607727051,1.021222238894552,1.1782380882650614
400,1.2121165990829468,21.26396942138672,1,0.590217113494873,0.5319535136222839,1.0408133791565184,0.5413534045219421,0.902255654335022,0.951127827167511,0.6855056881904602,1.015152350999415,1.1708144610747695
401,1.2121107578277588,21.27507781982422,1,0.5902316570281982,0.5319539904594421,1.0408237699105924,0.5413534045219421,0.902255654335022,0.951127827167511,0.6855131983757019,1.0089052757248282,1.1643574079498649
402,1.2121055126190186,21.286155700683594,1,0.5902460813522339,0.5319551229476929,1.040834873278186,0.5413534045219421,0.902255654335022,0.951127827167511,0.6855211853981018,1.009517366066575,1.984346087090671
403,1.2120996713638306,21.297199249267578,1,0.5902606248855591,0.531956672668457,1.040845776380824,0.5413534045219421,0.902255654335022,0.951127827167511,0.6855289340019226,1.2670304281637073,1.41648966120556
404,1.2120938301086426,21.308212280273438,1,0.59027498960495,0.5319576263427734,1.040856425541179,0.5413534045219421,0.902255654335022,0.951127827167511,0.6855365633964539,0.997472268063575,1.1533472137525678
405,1.2120888233184814,21.31919288635254,1,0.5902893543243408,0.5319585800170898,1.0408666071829915,0.5413534045219421,0.902255654335022,0.951127827167511,0.6855438947677612,1.0098702474497259,1.1636247420683503
406,1.2120832204818726,21.330141067504883,1,0.5903037786483765,0.5319600105285645,1.0408774766842834,0.5413534045219421,0.902255654335022,0.951127827167511,0.685551643371582,1.0167178362607956,1.174070087261498
407,1.2120780944824219,21.341060638427734,1,0.5903182029724121,0.5319603085517883,1.0408878648145066,0.5413534045219421,0.902255654335022,0.951127827167511,0.685559093952179,1.0212177382782102,1.1804882111027837
408,1.2120722532272339,21.351947784423828,1,0.5903326272964478,0.5319613218307495,1.0408983517964157,0.5413534045219421,0.902255654335022,0.951127827167511,0.6855666041374207,1.0198402488604188,1.1752308690920472
409,1.2120662927627563,21.362802505493164,1,0.5903468728065491,0.5319632291793823,1.0409090442735374,0.5413534045219421,0.902255654335022,0.951127827167511,0.6855742335319519,1.0167547352612019,1.171172201167792
410,1.2120612859725952,21.373628616333008,1,0.5903611183166504,0.5319637656211853,1.040919374927891,0.5413534045219421,0.902255654335022,0.951127827167511,0.685581624507904,1.0121048539876938,1.490726611111313
411,1.2120561599731445,21.384422302246094,1,0.5903752446174622,0.5319644212722778,1.040929918440485,0.5413534045219421,0.902255654335022,0.951127827167511,0.6855891942977905,1.3296905951574445,1.4838891229592264
412,1.2120503187179565,21.395185470581055,1,0.5903893113136292,0.531965970993042,1.0409409522128568,0.5413534045219421,0.902255654335022,0.951127827167511,0.6855970621109009,1.0250409711152315,1.1835481361486018
413,1.2120455503463745,21.40591812133789,1,0.5904033184051514,0.5319668650627136,1.0409508652386552,0.5413534045219421,0.902255654335022,0.951127827167511,0.6856041550636292,1.3410274148918688,1.9316326500847936
414,1.212039828300476,21.4166202545166,1,0.5904172658920288,0.531967043876648,1.0409606809851952,0.5413534045219421,0.902255654335022,0.951127827167511,0.6856111288070679,1.2932321587577462,1.4534055376425385
415,1.2120345830917358,21.42729377746582,1,0.5904310941696167,0.5319681763648987,1.0409713570935024,0.5413534045219421,0.902255654335022,0.951127827167511,0.6856188178062439,1.0178430187515914,1.175687673036009
416,1.212029218673706,21.437936782836914,1,0.590444803237915,0.5319699645042419,1.0409826438519578,0.5413534045219421,0.902255654335022,0.951127827167511,0.6856268644332886,1.0133846658281982,1.1692861691117287
417,1.2120239734649658,21.448549270629883,1,0.5904584527015686,0.5319705009460449,1.0409926294627947,0.5413534045219421,0.902255654335022,0.951127827167511,0.6856339573860168,1.0116778602823615,1.1683301022276282
418,1.2120188474655151,21.459131240844727,1,0.5904721021652222,0.5319712162017822,1.0410027238674826,0.5413534045219421,0.902255654335022,0.951127827167511,0.6856411695480347,1.026156084612012,1.1820419379509985
419,1.212014079093933,21.469684600830078,1,0.590485692024231,0.5319728255271912,1.0410132803372136,0.5413534045219421,0.902255654335022,0.951127827167511,0.6856487393379211,1.0196265121921897,1.1764170918613672
420,1.2120087146759033,21.480209350585938,1,0.5904992818832397,0.5319734811782837,1.0410229266136375,0.5413534045219421,0.902255654335022,0.951127827167511,0.6856555938720703,1.0140584548935294,1.1699878578074276
421,1.2120039463043213,21.490703582763672,1,0.5905128121376038,0.5319741368293762,1.0410326463196409,0.5413534045219421,0.902255654335022,0.951127827167511,0.6856624484062195,1.0090505401603878,1.172719307243824
422,1.2119983434677124,21.50116729736328,1,0.590526282787323,0.5319762825965881,1.0410437866722837,0.5413534045219421,0.902255654335022,0.951127827167511,0.6856703758239746,1.022913462948054,1.1858177622780204
423,1.2119938135147095,21.51160430908203,1,0.5905397534370422,0.5319778919219971,1.041053813627313,0.5413534045219421,0.902255654335022,0.951127827167511,0.6856775283813477,1.0211425190791488,1.1764974812977016
424,1.211987853050232,21.522010803222656,1,0.5905530452728271,0.5319786071777344,1.0410634695241783,0.5413534045219421,0.902255654335022,0.951127827167511,0.6856843829154968,1.010769383981824,1.1689400929026306
425,1.211983561515808,21.53238868713379,1,0.5905662775039673,0.5319795608520508,1.0410734044174081,0.5413534045219421,0.902255654335022,0.951127827167511,0.6856914162635803,1.0198921277187765,1.7436710060574114
426,1.2119784355163574,21.54273796081543,1,0.5905794501304626,0.5319809317588806,1.0410837274396463,0.5413534045219421,0.902255654335022,0.951127827167511,0.6856988072395325,1.6059251008555293,1.755395201034844
427,1.2119736671447754,21.553058624267578,1,0.5905925631523132,0.5319821834564209,1.0410934643822027,0.5413534045219421,0.902255654335022,0.951127827167511,0.6857056617736816,0.9931429182179272,1.1537040211260319
428,1.211969017982483,21.5633487701416,1,0.5906057953834534,0.531983494758606,1.0411037674031556,0.5413534045219421,0.902255654335022,0.951127827167511,0.685712993144989,1.0150071107782423,1.1706365877762437
429,1.2119640111923218,21.573612213134766,1,0.5906190276145935,0.5319844484329224,1.0411135004060077,0.5413534045219421,0.902255654335022,0.951127827167511,0.685719907283783,1.0137071902863681,1.1701057460159063
430,1.2119596004486084,21.58384895324707,1,0.5906322598457336,0.5319859981536865,1.0411239874946916,0.5413534045219421,0.902255654335022,0.951127827167511,0.6857272982597351,1.0281948242336512,1.1831547608599067
431,1.2119537591934204,21.594057083129883,1,0.5906454920768738,0.5319874882698059,1.0411340781374672,0.5413534045219421,0.902255654335022,0.951127827167511,0.6857344508171082,1.0185829680413008,1.1721850051544607
432,1.2119497060775757,21.604236602783203,1,0.5906586647033691,0.5319880843162537,1.0411432709733048,0.5413534045219421,0.902255654335022,0.951127827167511,0.6857408285140991,1.0171215902082622,1.1729949531145394
433,1.2119450569152832,21.61438751220703,1,0.5906717777252197,0.5319888591766357,1.0411525839075055,0.5413534045219421,0.902255654335022,0.951127827167511,0.6857474446296692,1.0149131617508829,1.4794395789504051
434,1.2119402885437012,21.62451171875,1,0.5906847715377808,0.531990110874176,1.0411624081928543,0.5413534045219421,0.902255654335022,0.951127827167511,0.6857543587684631,1.362158960197121,1.5180627428926528
435,1.2119357585906982,21.634607315063477,1,0.5906977653503418,0.5319916605949402,1.0411729328332011,0.5413534045219421,0.902255654335022,0.951127827167511,0.6857618093490601,1.006584976799786,1.1621214160695672
436,1.2119306325912476,21.644676208496094,1,0.5907106399536133,0.5319923758506775,1.0411821705631248,0.5413534045219421,0.902255654335022,0.951127827167511,0.6857682466506958,1.3551890840753913,1.7024771999567747
437,1.2119266986846924,21.65471649169922,1,0.5907233953475952,0.5319934487342834,1.0411924947526432,0.5413534045219421,0.902255654335022,0.951127827167511,0.6857755780220032,1.5163501077331603,1.6745058079250157
438,1.2119218111038208,21.664730072021484,1,0.5907361507415771,0.5319945216178894,1.0412018573865984,0.5413534045219421,0.902255654335022,0.951127827167511,0.6857821345329285,1.0222726133652031,1.177672474179417
439,1.2119174003601074,21.67471694946289,1,0.5907488465309143,0.5319958925247192,1.0412119607816532,0.5413534045219421,0.902255654335022,0.951127827167511,0.6857892274856567,1.011584172025323,1.1735137347131968
440,1.2119128704071045,21.68467903137207,1,0.5907614231109619,0.5319970846176147,1.0412214425025728,0.5413534045219421,0.902255654335022,0.951127827167511,0.6857958436012268,1.0197314699180424,1.1757103418931365
441,1.2119088172912598,21.694610595703125,1,0.5907740592956543,0.5319981575012207,1.0412311026241365,0.5413534045219421,0.902255654335022,0.951127827167511,0.6858025789260864,1.0093961041420698,1.1708455248735845
442,1.2119038105010986,21.704517364501953,1,0.5907865762710571,0.5319988131523132,1.041240844667553,0.5413534045219421,0.902255654335022,0.951127827167511,0.6858094334602356,1.0243993909098208,1.1825310909189284
443,1.2118996381759644,21.714397430419922,1,0.5907991528511047,0.531999945640564,1.0412508629058748,0.5413534045219421,0.902255654335022,0.951127827167511,0.6858164072036743,1.0127986539155245,1.1686571878381073
444,1.2118948698043823,21.72425079345703,1,0.590811550617218,0.5320018529891968,1.041260534867045,0.5413534045219421,0.902255654335022,0.951127827167511,0.6858232021331787,1.013503782916814,1.176288384012878
445,1.2118905782699585,21.73407745361328,1,0.5908239483833313,0.5320019721984863,1.0412695611698868,0.5413534045219421,0.902255654335022,0.951127827167511,0.6858294606208801,1.0199310770258307,1.174285164102912
446,1.2118860483169556,21.743877410888672,1,0.5908363461494446,0.532002866268158,1.0412788058779114,0.5413534045219421,0.902255654335022,0.951127827167511,0.6858358979225159,1.0253975363448262,1.181374337989837
447,1.211881399154663,21.753652572631836,1,0.5908486247062683,0.5320038199424744,1.0412883661585035,0.5413534045219421,0.902255654335022,0.951127827167511,0.6858425736427307,1.0107120047323406,1.1668336647562683
448,1.211877703666687,21.763399124145508,1,0.5908608436584473,0.532005250453949,1.0412980170389983,0.5413534045219421,0.902255654335022,0.951127827167511,0.6858492493629456,1.019724490121007,1.1774034071713686
449,1.2118730545043945,21.773122787475586,1,0.5908730626106262,0.5320060849189758,1.0413073366718795,0.5413534045219421,0.902255654335022,0.951127827167511,0.6858557462692261,2.058707204181701,2.209496682975441
450,1.2118687629699707,21.782817840576172,1,0.5908852219581604,0.5320072174072266,1.0413165795085533,0.5413534045219421,0.902255654335022,0.951127827167511,0.6858620643615723,0.9909413796849549,1.1484446791000664
451,1.2118644714355469,21.79248809814453,1,0.5908973217010498,0.5320078730583191,1.0413259414407576,0.5413534045219421,0.902255654335022,0.951127827167511,0.6858685612678528,1.0113933151587844,1.166683176998049
452,1.2118600606918335,21.802133560180664,1,0.590909481048584,0.5320090055465698,1.0413357524461484,0.5413534045219421,0.902255654335022,0.951127827167511,0.6858752965927124,1.0157258198596537,1.170017127878964
453,1.2118560075759888,21.811752319335938,1,0.5909215807914734,0.532010018825531,1.0413448563783323,0.5413534045219421,0.902255654335022,0.951127827167511,0.6858816146850586,1.0131708178669214,1.1669435328803957
454,1.211851716041565,21.821346282958984,1,0.590933620929718,0.5320104360580444,1.0413530432077205,0.5413534045219421,0.902255654335022,0.951127827167511,0.6858871579170227,1.026710906997323,1.183074242901057
455,1.2118474245071411,21.830915451049805,1,0.5909455418586731,0.5320116281509399,1.041362688784023,0.5413534045219421,0.902255654335022,0.951127827167511,0.6858937740325928,1.0123597509227693,1.1669064238667488
456,1.2118432521820068,21.840457916259766,1,0.5909574031829834,0.5320127606391907,1.0413717891774055,0.5413534045219421,0.902255654335022,0.951127827167511,0.6859000325202942,1.0135481432080269,1.1696621631272137
457,1.2118394374847412,21.8499755859375,1,0.5909691452980042,0.5320144295692444,1.0413815851551427,0.5413534045219421,0.902255654335022,0.951127827167511,0.6859067678451538,1.7188453869894147,1.8745298529975116
458,1.2118349075317383,21.85947036743164,1,0.5909810066223145,0.5320141911506653,1.0413898240796904,0.5413534045219421,0.902255654335022,0.951127827167511,0.6859123706817627,1.0110163297504187,1.1662274939008057
459,1.2118308544158936,21.86893653869629,1,0.5909926891326904,0.5320148468017578,1.0413986805471511,0.5413534045219421,0.902255654335022,0.951127827167511,0.685918390750885,1.37290392909199,1.5274167330935597
460,1.2118263244628906,21.878379821777344,1,0.5910043716430664,0.5320165753364563,1.041408097226637,0.5413534045219421,0.902255654335022,0.951127827167511,0.6859248280525208,1.5554548152722418,1.7152714300900698
461,1.2118220329284668,21.887800216674805,1,0.5910158753395081,0.5320178270339966,1.0414170112351415,0.5413534045219421,0.902255654335022,0.951127827167511,0.6859308481216431,1.017145338933915,1.1719178692437708
462,1.2118184566497803,21.897193908691406,1,0.5910273790359497,0.5320177674293518,1.0414253220358667,0.5413534045219421,0.902255654335022,0.951127827167511,0.6859365105628967,1.0193019472062588,1.175103941000998
463,1.2118144035339355,21.90656280517578,1,0.5910388231277466,0.5320194959640503,1.0414346789417177,0.5413534045219421,0.902255654335022,0.951127827167511,0.6859428882598877,1.0174000952392817,1.1766944373957813
464,1.2118101119995117,21.915908813476562,1,0.5910502076148987,0.5320202708244324,1.0414429055697088,0.5413534045219421,0.902255654335022,0.951127827167511,0.6859484314918518,1.0243954909965396,1.1817198917269707
465,1.2118059396743774,21.925230026245117,1,0.5910615921020508,0.5320210456848145,1.0414514434908144,0.5413534045219421,0.902255654335022,0.951127827167511,0.6859541535377502,1.0238994779065251,1.1793389478698373
466,1.2118022441864014,21.934524536132812,1,0.5910730361938477,0.5320228338241577,1.0414607112979228,0.5413534045219421,0.902255654335022,0.951127827167511,0.6859604716300964,1.0089866109192371,1.1748200953006744
467,1.2117981910705566,21.943798065185547,1,0.5910844206809998,0.5320241451263428,1.0414695056532979,0.5413534045219421,0.902255654335022,0.951127827167511,0.6859663724899292,1.118413028307259,1.5843541342765093
468,1.211794376373291,21.953044891357422,1,0.5910958051681519,0.532024085521698,1.041477673027864,0.5413534045219421,0.902255654335022,0.951127827167511,0.6859718561172485,1.0373979271389544,1.1940502179786563
469,1.211790919303894,21.962270736694336,1,0.5911072492599487,0.5320254564285278,1.041486810048143,0.5413534045219421,0.902255654335022,0.951127827167511,0.6859780550003052,1.0132570271380246,1.1709078140556812
470,1.2117863893508911,21.971471786499023,1,0.591118574142456,0.5320276021957397,1.0414957973062193,0.5413534045219421,0.902255654335022,0.951127827167511,0.6859841346740723,1.0191596993245184,1.1786066191270947
471,1.211782455444336,21.980648040771484,1,0.5911297798156738,0.5320281982421875,1.041503337103299,0.5413534045219421,0.902255654335022,0.951127827167511,0.6859890818595886,1.0292582479305565,2.0446055536158383
472,1.2117784023284912,21.98980140686035,1,0.5911409258842468,0.5320283770561218,1.0415111156881884,0.5413534045219421,0.902255654335022,0.951127827167511,0.6859943270683289,1.2173639507964253,1.3732612342573702
473,1.2117748260498047,21.998929977416992,1,0.5911519527435303,0.5320303440093994,1.0415198667282606,0.5413534045219421,0.902255654335022,0.951127827167511,0.6860002279281616,0.9950336390174925,1.149218027945608
474,1.2117708921432495,22.008037567138672,1,0.591162919998169,0.5320320725440979,1.0415293198401168,0.5413534045219421,0.902255654335022,0.951127827167511,0.6860066056251526,1.0273634367622435,1.1857013436965644
475,1.2117668390274048,22.017120361328125,1,0.5911737680435181,0.5320315957069397,1.0415359621243288,0.5413534045219421,0.902255654335022,0.951127827167511,0.686011016368866,1.0088590029627085,1.1631491198204458
476,1.2117631435394287,22.026180267333984,1,0.5911845564842224,0.5320335030555725,1.0415446424560868,0.5413534045219421,0.902255654335022,0.951127827167511,0.6860169768333435,1.0274576656520367,1.1856842138804495
477,1.2117598056793213,22.035215377807617,1,0.591195285320282,0.5320346355438232,1.0415527883417548,0.5413534045219421,0.902255654335022,0.951127827167511,0.6860224604606628,1.0277399611659348,1.1822799048386514
478,1.2117547988891602,22.04422950744629,1,0.5912059545516968,0.5320351123809814,1.041561277811155,0.5413534045219421,0.902255654335022,0.951127827167511,0.686028242111206,1.0275609642267227,1.1831406122073531
479,1.2117516994476318,22.053218841552734,1,0.5912164449691772,0.5320355296134949,1.0415684552305198,0.5413534045219421,0.902255654335022,0.951127827167511,0.6860330104827881,1.012409090064466,1.4751624828204513
480,1.211747646331787,22.06218719482422,1,0.5912269949913025,0.5320371985435486,1.0415767635424427,0.5413534045219421,0.902255654335022,0.951127827167511,0.6860386729240417,1.3436042368412018,1.4989596288651228
481,1.2117444276809692,22.071130752563477,1,0.5912374258041382,0.5320373773574829,1.0415843901008814,0.5413534045219421,0.902255654335022,0.951127827167511,0.686043918132782,1.0186272370629013,1.1734575163573027
482,1.2117400169372559,22.08005142211914,1,0.5912478566169739,0.5320377945899963,1.0415919256676243,0.5413534045219421,0.902255654335022,0.951127827167511,0.6860490441322327,1.383029118180275,1.858919606078416
483,1.2117364406585693,22.08894920349121,1,0.59125816822052,0.5320397615432739,1.0416004456537666,0.5413534045219421,0.902255654335022,0.951127827167511,0.6860548853874207,1.5175693398341537,1.673487022984773
484,1.2117328643798828,22.097824096679688,1,0.5912684798240662,0.5320396423339844,1.0416072819860096,0.5413534045219421,0.902255654335022,0.951127827167511,0.6860595345497131,1.024362021125853,1.1809013849124312
485,1.2117289304733276,22.10667610168457,1,0.591278612613678,0.5320396423339844,1.0416141832488883,0.5413534045219421,0.902255654335022,0.951127827167511,0.6860643029212952,1.0109142921864986,1.16748076537624
486,1.2117257118225098,22.11550521850586,1,0.5912888050079346,0.5320414900779724,1.0416225852090253,0.5413534045219421,0.902255654335022,0.951127827167511,0.6860700249671936,1.0228707841597497,1.1794702061451972
487,1.2117218971252441,22.124311447143555,1,0.5912989377975464,0.5320411920547485,1.0416287407831886,0.5413534045219421,0.902255654335022,0.951127827167511,0.6860743165016174,1.018527408130467,1.1787007180973887
488,1.2117176055908203,22.133094787597656,1,0.5913089513778687,0.5320407152175903,1.0416350810472657,0.5413534045219421,0.902255654335022,0.951127827167511,0.6860786080360413,1.0220746654085815,1.1778867300599813
489,1.2117137908935547,22.141855239868164,1,0.5913188457489014,0.532042384147644,1.0416429442482824,0.5413534045219421,0.902255654335022,0.951127827167511,0.6860840320587158,1.011917996685952,1.167394997086376
490,1.2117106914520264,22.150592803955078,1,0.5913286805152893,0.5320430994033813,1.041649154836641,0.5413534045219421,0.902255654335022,0.951127827167511,0.6860883235931396,1.0181313348002732,1.1731047607026994
491,1.2117066383361816,22.15930938720703,1,0.5913383364677429,0.5320430994033813,1.0416554737188741,0.5413534045219421,0.902255654335022,0.951127827167511,0.686092734336853,1.0167414150200784,1.171769730746746
492,1.2117031812667847,22.168001174926758,1,0.5913479924201965,0.5320443511009216,1.0416619746940123,0.5413534045219421,0.902255654335022,0.951127827167511,0.6860972046852112,1.0163728212937713,1.1719151893630624
493,1.2116998434066772,22.176671981811523,1,0.5913575887680054,0.532045841217041,1.0416690131037298,0.5413534045219421,0.902255654335022,0.951127827167511,0.6861020922660828,1.1410810691304505,1.3046485679224133
494,1.2116957902908325,22.185317993164062,1,0.5913671255111694,0.5320451855659485,1.0416737458939267,0.5413534045219421,0.902255654335022,0.951127827167511,0.6861053109169006,1.485045406036079,1.9001582097262144
495,1.2116916179656982,22.19394302368164,1,0.5913764834403992,0.5320457816123962,1.0416792671002393,0.5413534045219421,0.902255654335022,0.951127827167511,0.6861091256141663,1.2967864451929927,1.4467967562377453
496,1.211688756942749,22.202545166015625,1,0.5913859009742737,0.532046377658844,1.0416854188624458,0.5413534045219421,0.902255654335022,0.951127827167511,0.6861134171485901,1.0103055308572948,1.1658981489017606
497,1.211685061454773,22.211124420166016,1,0.5913952589035034,0.5320467948913574,1.0416913220179518,0.5413534045219421,0.902255654335022,0.951127827167511,0.6861174702644348,1.0207470962777734,1.1757765719667077
498,1.2116810083389282,22.219682693481445,1,0.5914045572280884,0.5320469737052917,1.041696965799116,0.5413534045219421,0.902255654335022,0.951127827167511,0.68612140417099,1.018913852982223,1.1749458038248122
499,1.2116773128509521,22.22821617126465,1,0.5914139747619629,0.532048225402832,1.0417035553712952,0.5413534045219421,0.902255654335022,0.951127827167511,0.6861259937286377,1.0220710961148143,1.1770541830919683
