iteration,loss,lengthscale,outputscale,likelyhood_noise,test_MAE,test_NLL,test_PICP50,test_PICP90,test_PICP95,test_RMSE,it_time_training,it_time
0,1.6471894979476929,2.4689173698425293,0.6443967223167419,0.7444967031478882,0.5650767087936401,1.1905090549027644,0.689230740070343,0.947692334651947,0.9692307710647583,0.7542869448661804,2.0250029107555747,2.1921631982550025
1,1.5245949029922485,2.64321231842041,0.5985926389694214,0.7944586277008057,0.5522034764289856,1.179846474119401,0.7076923251152039,0.9507692456245422,0.9692307710647583,0.7408471703529358,0.9780962765216827,1.1043687174096704
2,1.4573626518249512,2.820502519607544,0.5558755397796631,0.8403304815292358,0.5451344847679138,1.1751138001499977,0.7076923251152039,0.9523077011108398,0.9738461375236511,0.7344022393226624,0.9689222164452076,1.094742402434349
3,1.41304612159729,3.0008904933929443,0.5163149833679199,0.8790713548660278,0.54184889793396,1.1720362127817328,0.7092307806015015,0.9538461565971375,0.9753845930099487,0.7305797934532166,0.9811531864106655,1.1081323297694325
4,1.3834576606750488,3.184457302093506,0.47989508509635925,0.9084052443504333,0.5393631458282471,1.167793155527934,0.7246153950691223,0.9553846120834351,0.9738461375236511,0.7267153859138489,1.1528866868466139,1.277651572600007
5,1.3610637187957764,3.37117075920105,0.446539044380188,0.9271276593208313,0.5375304818153381,1.1624694635405233,0.7092307806015015,0.9599999785423279,0.9738461375236511,0.7233034372329712,1.3325375206768513,1.467188248410821
6,1.342707872390747,3.5606415271759033,0.41611868143081665,0.935199499130249,0.5380493998527527,1.1569459226752956,0.6984615325927734,0.9615384340286255,0.9738461375236511,0.7214304208755493,1.0143352970480919,1.1405304297804832
7,1.3271313905715942,3.75203275680542,0.38846680521965027,0.9334954619407654,0.5387228727340698,1.1513173263359615,0.6953846216201782,0.9569230675697327,0.9723076820373535,0.7209119200706482,1.825615243986249,1.9505192274227738
8,1.3132091760635376,3.9441967010498047,0.3633940815925598,0.9233582019805908,0.5392513275146484,1.1453173722654828,0.681538462638855,0.9507692456245422,0.9723076820373535,0.721036434173584,0.9312656093388796,1.0583703126758337
9,1.3000963926315308,4.135926723480225,0.3407036066055298,0.9062502384185791,0.5403205156326294,1.1389581983296335,0.670769214630127,0.9507692456245422,0.9707692265510559,0.7214596271514893,0.9879578277468681,1.116482607088983
10,1.2874958515167236,4.326177597045898,0.32020071148872375,0.8835774064064026,0.5414842963218689,1.1323933373932709,0.6646153926849365,0.9461538195610046,0.9692307710647583,0.7220256328582764,1.225993063300848,1.3526145815849304
11,1.2754381895065308,4.514169216156006,0.3016994595527649,0.8566202521324158,0.5422229766845703,1.1257594485088895,0.6492307782173157,0.9415384531021118,0.9646154046058655,0.7225753664970398,1.251263345591724,1.3811901407316327
12,1.2640271186828613,4.699350833892822,0.2850261330604553,0.8265188932418823,0.5425465703010559,1.1191305194817491,0.6415384411811829,0.936923086643219,0.9599999785423279,0.7229097485542297,0.9720180369913578,1.0973031679168344
13,1.2532858848571777,4.881282329559326,0.27002012729644775,0.7942792773246765,0.5422245860099792,1.1125834764731104,0.6307692527770996,0.9338461756706238,0.9569230675697327,0.7228750586509705,0.9717427678406239,1.0984721453860402
14,1.2432172298431396,5.059509754180908,0.25653356313705444,0.760789155960083,0.541253924369812,1.106366416192296,0.6153846383094788,0.9323077201843262,0.9553846120834351,0.7225226163864136,0.9607321480289102,1.0858959704637527
15,1.233963966369629,5.233509063720703,0.2444300502538681,0.7268416881561279,0.5401453375816345,1.1008536391456054,0.6000000238418579,0.926153838634491,0.9523077011108398,0.7220295071601868,0.9735061712563038,1.0995578542351723
16,1.2257589101791382,5.40270471572876,0.23358428478240967,0.6931585073471069,0.5393121242523193,1.096335016463616,0.5830768942832947,0.9246153831481934,0.9430769085884094,0.7214969992637634,0.9544907491654158,1.0791444154456258
17,1.218744158744812,5.566521644592285,0.22388330101966858,0.6604031920433044,0.5389381051063538,1.0929754925947883,0.5769230723381042,0.9215384721755981,0.9415384531021118,0.7209463119506836,0.9698436381295323,1.100031659938395
18,1.2129783630371094,5.724414348602295,0.21522781252861023,0.6291882395744324,0.5389736890792847,1.0909020492647097,0.5707692503929138,0.9169231057167053,0.9399999976158142,0.7204170227050781,0.9752541249617934,1.104170449078083
19,1.2085380554199219,5.8758344650268555,0.20753149688243866,0.6000808477401733,0.5392575263977051,1.0901664904063937,0.563076913356781,0.9123076796531677,0.936923086643219,0.7199482917785645,0.9762447644025087,1.1023794459179044
20,1.2054744958877563,6.020208835601807,0.20071861147880554,0.5736060738563538,0.5396324992179871,1.0907157250921489,0.5461538434028625,0.9061538577079773,0.9353846311569214,0.7195700407028198,0.9665611600503325,1.0942477071657777
21,1.203743815422058,6.156965732574463,0.19472135603427887,0.5502392649650574,0.539929211139679,1.0924432739645922,0.5338461399078369,0.9046154022216797,0.9292307496070862,0.7193471193313599,0.9688912369310856,1.0998794604092836
22,1.2031962871551514,6.285647392272949,0.18947866559028625,0.5303863883018494,0.5401301980018616,1.0951629968209493,0.5153846144676208,0.9015384912490845,0.9276922941207886,0.719351053237915,0.9783291034400463,1.1104406276717782
23,1.2035402059555054,6.406013488769531,0.18493586778640747,0.5143523812294006,0.5404649376869202,1.0985767127377168,0.5092307925224304,0.9015384912490845,0.9276922941207886,0.7196192145347595,1.2371204141527414,1.3658307008445263
24,1.2044217586517334,6.518062591552734,0.18104352056980133,0.5023127794265747,0.5409673452377319,1.1022261533254145,0.5076923370361328,0.9015384912490845,0.9246153831481934,0.7201051712036133,0.9785519018769264,1.10503417160362
25,1.2055028676986694,6.621943473815918,0.1777554750442505,0.4943010210990906,0.5415969491004944,1.1054764718928483,0.5046153664588928,0.8999999761581421,0.9230769276618958,0.7206501960754395,1.3999127633869648,1.5244415421038866
26,1.2064193487167358,6.717833042144775,0.1750280112028122,0.4902088940143585,0.5422101616859436,1.10774418671925,0.5046153664588928,0.8953846096992493,0.9215384721755981,0.7210894227027893,0.972536071203649,1.1007357835769653
27,1.2068907022476196,6.805905342102051,0.17282022535800934,0.4898018538951874,0.5427306294441223,1.1087100149534954,0.5,0.8938461542129517,0.9215384721755981,0.7213374972343445,0.9783480931073427,1.1205206271260977
28,1.2068177461624146,6.886387825012207,0.1710933893918991,0.49274763464927673,0.5430911779403687,1.1083800955281964,0.5,0.892307698726654,0.9215384721755981,0.7213996648788452,0.9820555169135332,1.117685804143548
29,1.2062216997146606,6.959628105163574,0.16980953514575958,0.49864619970321655,0.5432864427566528,1.1070782034556157,0.5015384554862976,0.892307698726654,0.9215384721755981,0.7213730216026306,1.190743031911552,1.3190311342477798
30,1.2051982879638672,7.026097297668457,0.16892941296100616,0.5070526003837585,0.5433869361877441,1.105288645511845,0.5076923370361328,0.8953846096992493,0.9230769276618958,0.7213918566703796,1.3179987845942378,1.4465104937553406
31,1.2039024829864502,7.0863471031188965,0.16841210424900055,0.5174901485443115,0.5435253977775574,1.1034218601608206,0.5138461589813232,0.8953846096992493,0.926153838634491,0.7215377688407898,1.5155797600746155,1.997036388143897
32,1.2025296688079834,7.140949249267578,0.1682165563106537,0.5294580459594727,0.543764591217041,1.1016665183888081,0.5153846144676208,0.8999999761581421,0.9276922941207886,0.7217836976051331,0.9383055800572038,1.0583496121689677
33,1.2012479305267334,7.190459728240967,0.1683042198419571,0.5424350500106812,0.5440946221351624,1.100026562744447,0.5169230699539185,0.9030769467353821,0.9292307496070862,0.7220247387886047,0.934468767605722,1.0607818979769945
34,1.200156569480896,7.235405445098877,0.16864140331745148,0.5558860898017883,0.5444297790527344,1.0984924903256807,0.5199999809265137,0.9030769467353821,0.9323077201843262,0.7221795916557312,0.9660179866477847,1.0964557267725468
35,1.1993224620819092,7.276275157928467,0.16919949650764465,0.5692768096923828,0.5446671843528748,1.0971271476014404,0.5230769515037537,0.9046154022216797,0.9323077201843262,0.7222444415092468,1.251616989262402,1.386090879328549
36,1.198779821395874,7.313526153564453,0.16995367407798767,0.5820959806442261,0.5447758436203003,1.0960262002343204,0.5261538624763489,0.9076923131942749,0.9323077201843262,0.7222692370414734,1.254334864206612,1.3851673500612378
37,1.198495864868164,7.347582817077637,0.17088133096694946,0.5938799977302551,0.5448192358016968,1.095271781529684,0.5276923179626465,0.9107692241668701,0.9323077201843262,0.7223231792449951,0.9720056764781475,1.098593594506383
38,1.1984058618545532,7.378842353820801,0.1719614565372467,0.6042336225509644,0.544907808303833,1.094884745784526,0.5292307734489441,0.9123076796531677,0.9323077201843262,0.7224525213241577,0.9704593122005463,1.1061147693544626
39,1.1984457969665527,7.407670021057129,0.1731746792793274,0.6128469705581665,0.5450831055641174,1.0947885599824227,0.5292307734489441,0.9138461351394653,0.9353846311569214,0.7226446866989136,0.9810426468029618,1.1074622059240937
40,1.1985474824905396,7.434394359588623,0.17450374364852905,0.6195052862167358,0.5453109741210938,1.0948333783970765,0.5307692289352417,0.9138461351394653,0.936923086643219,0.722833514213562,0.9633326819166541,1.0897399624809623
41,1.1986420154571533,7.4592976570129395,0.17593379318714142,0.624092161655426,0.5455156564712524,1.0948576081434755,0.5338461399078369,0.9138461351394653,0.9399999976158142,0.7229366302490234,0.9625754896551371,1.0889025693759322
42,1.1986768245697021,7.482607364654541,0.1774521917104721,0.6265873908996582,0.545599639415741,1.0947398713821384,0.5353845953941345,0.9138461351394653,0.9399999976158142,0.7228914499282837,0.9751746449619532,1.1048137424513698
43,1.1986193656921387,7.504496097564697,0.17904828488826752,0.6270598769187927,0.5455179810523987,1.0944326948909957,0.5353845953941345,0.9138461351394653,0.9399999976158142,0.7226799130439758,0.9747867984697223,1.103931600227952
44,1.1984591484069824,7.525090217590332,0.18071329593658447,0.6256564855575562,0.5452859997749329,1.0939724205450032,0.5353845953941345,0.9138461351394653,0.9399999976158142,0.7223361134529114,0.9729302767664194,1.1025244845077395
45,1.198203682899475,7.544492721557617,0.1824401468038559,0.6225883960723877,0.5449716448783875,1.0934607896048179,0.5323076844215393,0.9138461351394653,0.9399999976158142,0.7219334840774536,0.9980395985767245,1.1321306815370917
46,1.1978708505630493,7.562795639038086,0.18422339856624603,0.6181160807609558,0.5446655750274658,1.0930279461583425,0.5323076844215393,0.9138461351394653,0.9384615421295166,0.7215584516525269,0.9746459294110537,1.1008735718205571
47,1.197482943534851,7.5800886154174805,0.18605922162532806,0.612533450126648,0.5444376468658447,1.0927873330881401,0.5323076844215393,0.9123076796531677,0.9384615421295166,0.7212804555892944,1.2779070809483528,1.4144616108387709
48,1.197068214416504,7.596450328826904,0.18794502317905426,0.6061536073684692,0.5443260669708252,1.0927909852963744,0.5307692289352417,0.9123076796531677,0.9353846311569214,0.7211251854896545,1.0220553213730454,1.1500441646203399
49,1.1966561079025269,7.611935615539551,0.18987907469272614,0.5992950201034546,0.544295072555542,1.0930096767738742,0.5261538624763489,0.9123076796531677,0.9338461756706238,0.721065878868103,1.4798605032265186,1.6084244111552835
50,1.1962729692459106,7.62656831741333,0.19186073541641235,0.5922682285308838,0.5443147420883179,1.093349066732118,0.5246154069900513,0.9092307686805725,0.9338461756706238,0.7210396528244019,0.9657967975363135,1.098492885939777
51,1.1959373950958252,7.640347003936768,0.19389066100120544,0.585363507270813,0.5443130135536194,1.0936955150142165,0.5230769515037537,0.9092307686805725,0.9323077201843262,0.720980167388916,0.9828458288684487,1.1113147977739573
52,1.1956586837768555,7.653261184692383,0.19597090780735016,0.5788405537605286,0.5442289710044861,1.0939704913807733,0.5230769515037537,0.9092307686805725,0.9323077201843262,0.7208520770072937,0.978213993832469,1.1048474423587322
53,1.1954383850097656,7.665309429168701,0.19810429215431213,0.5729206800460815,0.5440545678138733,1.0941590446038842,0.5215384364128113,0.9061538577079773,0.9323077201843262,0.7206659317016602,1.269323174841702,1.4022052511572838
54,1.195268988609314,7.676514625549316,0.20029348134994507,0.5677824020385742,0.5438293218612671,1.0942957900575032,0.5230769515037537,0.9046154022216797,0.9323077201843262,0.7204654812812805,1.3476837407797575,1.4755315454676747
55,1.1951353549957275,7.686923503875732,0.20253995060920715,0.5635582208633423,0.5436190366744995,1.0944225258903557,0.5230769515037537,0.9030769467353821,0.9323077201843262,0.7202975749969482,1.0206203758716583,1.1514856303110719
56,1.195019245147705,7.696600914001465,0.2048434615135193,0.5603322982788086,0.5434708595275879,1.0945454988611083,0.5184615254402161,0.9030769467353821,0.9323077201843262,0.7201828956604004,1.8430668003857136,1.9642284512519836
57,1.1949043273925781,7.705623149871826,0.20720238983631134,0.5581399202346802,0.5434036254882812,1.094624590445128,0.5184615254402161,0.9030769467353821,0.9323077201843262,0.7201071381568909,0.9231049800291657,1.0495460787788033
58,1.1947778463363647,7.7140727043151855,0.2096141278743744,0.5569682121276855,0.5433815121650696,1.0946003641663111,0.5169230699539185,0.9030769467353821,0.9323077201843262,0.720037043094635,0.9821538757532835,1.1128337634727359
59,1.1946325302124023,7.722036838531494,0.212075337767601,0.5567594170570374,0.5433545708656311,1.09443787087176,0.5169230699539185,0.9030769467353821,0.9323077201843262,0.7199475169181824,1.1394915105774999,1.266115196980536
60,1.1944663524627686,7.729603290557861,0.21458180248737335,0.5574169754981995,0.5432949066162109,1.0941508549479566,0.5184615254402161,0.9030769467353821,0.9323077201843262,0.7198386192321777,1.1509695565328002,1.2759920600801706
61,1.1942839622497559,7.736868858337402,0.21712832152843475,0.5588127970695496,0.5432122349739075,1.093789979351642,0.5215384364128113,0.9030769467353821,0.9323077201843262,0.7197306752204895,0.957131733186543,1.0832131067290902
62,1.1940934658050537,7.743941307067871,0.21970872581005096,0.5607954263687134,0.5431394577026367,1.093409992151967,0.5215384364128113,0.9030769467353821,0.9323077201843262,0.7196443676948547,0.9762891540303826,1.1097299940884113
63,1.1939020156860352,7.750943660736084,0.22231581807136536,0.5631986856460571,0.5431011319160461,1.0930456266275428,0.5215384364128113,0.9046154022216797,0.9323077201843262,0.7195874452590942,0.9728838065639138,1.1021956279873848
64,1.1937178373336792,7.758005142211914,0.22494149208068848,0.5658508539199829,0.5430968999862671,1.092707295062249,0.5215384364128113,0.9046154022216797,0.9323077201843262,0.7195523381233215,0.9782132254913449,1.1037818221375346
65,1.1935479640960693,7.765252590179443,0.22757689654827118,0.5685828328132629,0.5431081652641296,1.0923912248863483,0.5246154069900513,0.9046154022216797,0.9323077201843262,0.719525158405304,0.9763642325997353,1.1030352395027876
66,1.1933963298797607,7.772796630859375,0.2302127480506897,0.5712368488311768,0.543116569519043,1.0920966672160812,0.5230769515037537,0.9061538577079773,0.9323077201843262,0.7194969654083252,0.9795382423326373,1.1086058551445603
67,1.193263292312622,7.780731201171875,0.2328399419784546,0.5736721754074097,0.5431150794029236,1.0918322257031872,0.5246154069900513,0.9061538577079773,0.9323077201843262,0.7194681167602539,0.9713989617303014,1.0997254932299256
68,1.1931473016738892,7.78913688659668,0.23545023798942566,0.575770378112793,0.543104887008667,1.0916063519803612,0.5261538624763489,0.9061538577079773,0.9323077201843262,0.7194409370422363,0.9791018664836884,1.1145898662507534
69,1.1930445432662964,7.798085689544678,0.23803649842739105,0.5774402022361755,0.5430852770805359,1.0914154733753954,0.5261538624763489,0.9061538577079773,0.9338461756706238,0.7194108963012695,1.0085885049775243,1.1352843819186091
70,1.1929497718811035,7.8076372146606445,0.24059250950813293,0.5786197185516357,0.5430554151535034,1.0912390354327537,0.5276923179626465,0.9076923131942749,0.9338461756706238,0.719363272190094,0.9941754471510649,1.1188733940944076
71,1.1928586959838867,7.817838191986084,0.24311280250549316,0.5792785882949829,0.543002724647522,1.0910497344196504,0.5292307734489441,0.9076923131942749,0.9338461756706238,0.7192805409431458,0.9611482229083776,1.0894220555201173
72,1.1927675008773804,7.8287177085876465,0.24559281766414642,0.5794168710708618,0.5429188013076782,1.0908328052750582,0.5307692289352417,0.9076923131942749,0.9338461756706238,0.7191545963287354,1.302031242288649,1.4301769845187664
73,1.192674160003662,7.840285778045654,0.2480289787054062,0.5790621638298035,0.5428052544593811,1.0906000675376588,0.5323076844215393,0.9076923131942749,0.9338461756706238,0.7189962863922119,0.9767827084288001,1.1046384135261178
74,1.192577600479126,7.852533340454102,0.2504191994667053,0.5782655477523804,0.542677104473114,1.0903868594793382,0.5323076844215393,0.9061538577079773,0.9338461756706238,0.7188315987586975,1.408508869819343,1.534870489500463
75,1.192478060722351,7.8654327392578125,0.25276297330856323,0.5770967602729797,0.5425576567649841,1.0902321457346755,0.5323076844215393,0.9061538577079773,0.9338461756706238,0.7186887860298157,0.9865179229527712,1.1118206540122628
76,1.1923775672912598,7.878942012786865,0.2550607919692993,0.5756394267082214,0.5424675941467285,1.0901529325077326,0.5323076844215393,0.9061538577079773,0.9338461756706238,0.7185815572738647,0.9665186107158661,1.0946011934429407
77,1.1922776699066162,7.893005847930908,0.25731396675109863,0.5739859342575073,0.542407214641571,1.0901355211737933,0.5323076844215393,0.9061538577079773,0.9338461756706238,0.7185038924217224,0.9683582819998264,1.1009860299527645
78,1.1921799182891846,7.907565593719482,0.2595243752002716,0.5722318887710571,0.5423651933670044,1.0901462267656468,0.5323076844215393,0.9061538577079773,0.9338461756706238,0.718437135219574,1.178707922808826,1.304240240715444
79,1.1920864582061768,7.922563076019287,0.26169443130493164,0.5704705119132996,0.542324960231781,1.09015319304481,0.5307692289352417,0.9061538577079773,0.9338461756706238,0.7183641195297241,1.3401894345879555,1.4796392749994993
80,1.19199800491333,7.937939167022705,0.26382702589035034,0.5687879920005798,0.5422766804695129,1.0901433949158605,0.5276923179626465,0.9061538577079773,0.9338461756706238,0.7182801961898804,0.9791215257719159,1.650483344681561
81,1.191914439201355,7.953631401062012,0.2659252882003784,0.5672593712806702,0.54222571849823,1.0901245217938031,0.5276923179626465,0.9061538577079773,0.9338461756706238,0.7181944251060486,0.9252856988459826,1.0482681915163994
82,1.1918352842330933,7.969576835632324,0.26799240708351135,0.5659456253051758,0.5421864986419678,1.0901125738083481,0.5261538624763489,0.9061538577079773,0.9338461756706238,0.7181214690208435,0.9436479667201638,1.0696369213983417
83,1.1917599439620972,7.985716342926025,0.2700313925743103,0.5648913383483887,0.5421703457832336,1.0901163203135558,0.5261538624763489,0.9061538577079773,0.9338461756706238,0.7180708646774292,0.955413700081408,1.0820401376113296
84,1.1916863918304443,8.002001762390137,0.2720451354980469,0.5641238689422607,0.5421739816665649,1.0901305528941811,0.5246154069900513,0.9061538577079773,0.9338461756706238,0.7180418968200684,1.1923164082691073,1.319769186899066
85,1.1916136741638184,8.018399238586426,0.2740359604358673,0.563652753829956,0.5421855449676514,1.0901403437520139,0.5246154069900513,0.9061538577079773,0.9338461756706238,0.7180260419845581,1.1961849192157388,1.3219277765601873
86,1.1915414333343506,8.03488540649414,0.2760058343410492,0.5634713768959045,0.5421949625015259,1.090130154178627,0.5246154069900513,0.9061538577079773,0.9338461756706238,0.7180129885673523,0.9769296161830425,1.104862061329186
87,1.191468596458435,8.051445960998535,0.2779560685157776,0.5635579824447632,0.5422030091285706,1.0900940418644585,0.5246154069900513,0.9061538577079773,0.9338461756706238,0.7179977297782898,0.9691701242700219,1.0958042815327644
88,1.1913955211639404,8.068066596984863,0.27988752722740173,0.563878059387207,0.5422170758247375,1.0900384004171328,0.5246154069900513,0.9061538577079773,0.9338461756706238,0.7179821133613586,0.9719957560300827,1.0994783649221063
89,1.1913224458694458,8.084736824035645,0.2818008363246918,0.5643872022628784,0.5422406196594238,1.0899748096448068,0.5246154069900513,0.9061538577079773,0.9338461756706238,0.7179712057113647,0.9749107575044036,1.1049372218549252
90,1.1912498474121094,8.101454734802246,0.2836962640285492,0.5650345087051392,0.5422675609588623,1.0899090671291776,0.5246154069900513,0.9061538577079773,0.9338461756706238,0.7179651856422424,0.9709487659856677,1.0970032084733248
91,1.1911786794662476,8.118221282958984,0.2855735421180725,0.5657657980918884,0.5422853827476501,1.08983639738507,0.5246154069900513,0.9061538577079773,0.9353846311569214,0.7179579138755798,0.9682736629620194,1.0950672682374716
92,1.1911091804504395,8.135037422180176,0.2874322533607483,0.5665275454521179,0.5422859191894531,1.0897460987575716,0.5246154069900513,0.9061538577079773,0.9353846311569214,0.7179396152496338,0.9671783540397882,1.0958613818511367
93,1.1910418272018433,8.151915550231934,0.28927168250083923,0.5672693252563477,0.5422707796096802,1.089634545728809,0.5246154069900513,0.9061538577079773,0.9353846311569214,0.7179056406021118,0.9671322433277965,1.0958327315747738
94,1.190976858139038,8.168861389160156,0.2910911738872528,0.5679463148117065,0.5422506928443909,1.0895113019350806,0.5246154069900513,0.9061538577079773,0.9353846311569214,0.7178601026535034,0.9725720705464482,1.100504145026207
95,1.1909136772155762,8.185883522033691,0.2928902506828308,0.5685219764709473,0.5422326326370239,1.0893947130400292,0.5246154069900513,0.9061538577079773,0.9353846311569214,0.7178133726119995,0.9817024702206254,1.1069688107818365
96,1.1908522844314575,8.202973365783691,0.2946687638759613,0.5689685940742493,0.5422231554985046,1.0892998181673192,0.5246154069900513,0.9061538577079773,0.9353846311569214,0.7177740931510925,0.9617632664740086,1.0923224361613393
97,1.1907920837402344,8.220120429992676,0.2964266836643219,0.5692688822746277,0.5422178506851196,1.089228361211246,0.5246154069900513,0.9061538577079773,0.9353846311569214,0.7177431583404541,1.2978538144379854,1.4227424785494804
98,1.1907331943511963,8.237310409545898,0.29816439747810364,0.5694160461425781,0.5422120094299316,1.089173058464905,0.5246154069900513,0.9076923131942749,0.9353846311569214,0.7177153825759888,0.9939580503851175,1.6124537819996476
99,1.1906747817993164,8.25452995300293,0.2998824417591095,0.5694131255149841,0.5422012805938721,1.0891256010358774,0.5246154069900513,0.9076923131942749,0.9353846311569214,0.717685341835022,1.0027241613715887,1.1348749045282602
100,1.1906169652938843,8.271768569946289,0.3015817701816559,0.569271981716156,0.542186439037323,1.0890840626174039,0.5246154069900513,0.9076923131942749,0.9353846311569214,0.7176523804664612,1.0111412489786744,1.1379713453352451
101,1.1905598640441895,8.289010047912598,0.30326351523399353,0.5690118074417114,0.5421725511550903,1.0890529108832485,0.5246154069900513,0.9076923131942749,0.9353846311569214,0.7176201343536377,1.0139448111876845,1.1398988952860236
102,1.1905033588409424,8.306234359741211,0.3049290180206299,0.568657636642456,0.5421639680862427,1.0890361815369698,0.5246154069900513,0.9076923131942749,0.9353846311569214,0.7175924181938171,1.0204702075570822,1.1478664074093103
103,1.1904479265213013,8.323417663574219,0.30657991766929626,0.5682376623153687,0.5421608090400696,1.0890334684000054,0.5246154069900513,0.9076923131942749,0.9353846311569214,0.7175705432891846,1.3040341418236494,1.7909927954897285
104,1.1903932094573975,8.34053897857666,0.3082178235054016,0.5677820444107056,0.5421605110168457,1.0890390916073382,0.5246154069900513,0.9061538577079773,0.9353846311569214,0.7175520062446594,1.003646464087069,1.1356950970366597
105,1.1903396844863892,8.357576370239258,0.30984437465667725,0.5673201680183411,0.5421617031097412,1.089045826577605,0.5246154069900513,0.9061538577079773,0.9353846311569214,0.7175334095954895,1.8044339334592223,1.9263199781998992
106,1.1902872323989868,8.374515533447266,0.3114611506462097,0.566879391670227,0.5421670079231262,1.0890501297327149,0.5230769515037537,0.9061538577079773,0.9353846311569214,0.7175139784812927,0.9283913876861334,1.052683588117361
107,1.1902358531951904,8.391339302062988,0.3130697011947632,0.566483199596405,0.5421792268753052,1.0890541799683,0.5230769515037537,0.9046154022216797,0.9353846311569214,0.7174965739250183,0.9490244630724192,1.0747662587091327
108,1.190185546875,8.408034324645996,0.3146713674068451,0.566149890422821,0.5421985387802124,1.08906311873278,0.5230769515037537,0.9046154022216797,0.9353846311569214,0.7174856662750244,0.9789531175047159,1.105652024038136
109,1.190136194229126,8.424586296081543,0.31626754999160767,0.5658923387527466,0.5422218441963196,1.0890798937712098,0.5230769515037537,0.9046154022216797,0.9353846311569214,0.7174838185310364,1.5486655132845044,1.6742426911368966
110,1.1900874376296997,8.440987586975098,0.31785914301872253,0.5657171607017517,0.5422461628913879,1.0891005423181983,0.5230769515037537,0.9046154022216797,0.9353846311569214,0.7174890041351318,0.9737681290134788,1.1067734425887465
111,1.1900396347045898,8.457233428955078,0.3194468021392822,0.5656255483627319,0.5422706007957458,1.0891174936898016,0.5246154069900513,0.9046154022216797,0.9353846311569214,0.7174962759017944,0.9729500766843557,1.101743033155799
112,1.1899924278259277,8.473329544067383,0.3210306763648987,0.5656131505966187,0.5422934889793396,1.0891236702803728,0.5246154069900513,0.9046154022216797,0.9353846311569214,0.7175008058547974,0.9796543102711439,1.1121177105233073
113,1.189945936203003,8.489282608032227,0.32261091470718384,0.5656709671020508,0.5423128604888916,1.0891171985977255,0.5246154069900513,0.9046154022216797,0.9353846311569214,0.7175008058547974,0.9701830549165606,1.0962375979870558
114,1.1898999214172363,8.505101203918457,0.3241872489452362,0.5657860636711121,0.5423265695571899,1.089099674937244,0.5246154069900513,0.9046154022216797,0.9353846311569214,0.7174962759017944,0.9814976816996932,1.106817421503365
115,1.1898547410964966,8.520795822143555,0.3257594108581543,0.5659430623054504,0.5423352718353271,1.0890739827376728,0.5246154069900513,0.9046154022216797,0.9353846311569214,0.7174882888793945,0.9627603376284242,1.088618422858417
116,1.189810037612915,8.536375999450684,0.32732704281806946,0.5661251544952393,0.542341947555542,1.0890424607877538,0.5246154069900513,0.9046154022216797,0.9353846311569214,0.7174776792526245,0.9785204622894526,1.1073907371610403
117,1.1897664070129395,8.551854133605957,0.3288895785808563,0.566315233707428,0.5423498153686523,1.0890092387838706,0.5246154069900513,0.9046154022216797,0.9353846311569214,0.7174663543701172,0.9751178352162242,1.1030751103535295
118,1.1897231340408325,8.567243576049805,0.3304464519023895,0.5664974451065063,0.5423597097396851,1.0889777042061128,0.5246154069900513,0.9046154022216797,0.9353846311569214,0.7174558043479919,0.963021645322442,1.0883134361356497
119,1.1896809339523315,8.582554817199707,0.3319971561431885,0.5666579604148865,0.5423702001571655,1.0889496194116495,0.5261538624763489,0.9046154022216797,0.9353846311569214,0.7174463868141174,0.9693286623805761,1.095290477387607
120,1.1896393299102783,8.597798347473145,0.3335411548614502,0.566785454750061,0.54237961769104,1.0889241643814922,0.5261538624763489,0.9046154022216797,0.9353846311569214,0.7174370288848877,0.9895758330821991,1.1151457810774446
121,1.189598560333252,8.612979888916016,0.3350779712200165,0.5668721199035645,0.5423874258995056,1.0888999826059567,0.5261538624763489,0.9046154022216797,0.9353846311569214,0.7174263596534729,1.2965999050065875,1.4278553863987327
122,1.1895582675933838,8.628105163574219,0.3366073966026306,0.5669133067131042,0.5423946380615234,1.0888781962642506,0.5261538624763489,0.9046154022216797,0.9353846311569214,0.7174149751663208,0.9784642718732357,1.1040018498897552
123,1.189518690109253,8.643177032470703,0.3381291627883911,0.5669081807136536,0.5424028038978577,1.0888606194388102,0.5261538624763489,0.9046154022216797,0.9353846311569214,0.7174040675163269,1.2707137120887637,1.3965890677645802
124,1.1894793510437012,8.658198356628418,0.3396431803703308,0.5668591856956482,0.5424120426177979,1.0888485728344346,0.5261538624763489,0.9046154022216797,0.9353846311569214,0.7173947095870972,0.9609991544857621,1.0920097092166543
125,1.1894408464431763,8.673171043395996,0.34114935994148254,0.5667715072631836,0.5424210429191589,1.0888413849241239,0.5261538624763489,0.9046154022216797,0.9353846311569214,0.7173866033554077,0.9667500574141741,1.098589614033699
126,1.1894031763076782,8.688095092773438,0.3426477611064911,0.5666528344154358,0.5424282550811768,1.0888371186153096,0.5261538624763489,0.9046154022216797,0.9353846311569214,0.7173788547515869,0.965831708163023,1.0986102540045977
127,1.1893655061721802,8.702971458435059,0.3441384732723236,0.5665120482444763,0.542433500289917,1.0888341487941482,0.5261538624763489,0.9046154022216797,0.9353846311569214,0.7173708081245422,1.192048859782517,1.3187664467841387
128,1.189328908920288,8.717798233032227,0.3456217050552368,0.5663590431213379,0.5424385666847229,1.0888319272402123,0.5261538624763489,0.9046154022216797,0.9353846311569214,0.717362642288208,1.3250226331874728,1.4587949207052588
129,1.1892924308776855,8.73257064819336,0.3470976948738098,0.5662035942077637,0.5424451231956482,1.088831831508312,0.5276923179626465,0.9046154022216797,0.9353846311569214,0.7173557281494141,0.9776063915342093,1.1034021573141217
130,1.1892567873001099,8.74728775024414,0.34856677055358887,0.5660547018051147,0.5424529314041138,1.0888342804728224,0.5276923179626465,0.9046154022216797,0.9353846311569214,0.717350959777832,1.8615942476317286,1.9869071980938315
131,1.1892215013504028,8.761943817138672,0.35002943873405457,0.5659200549125671,0.5424611568450928,1.08883815269307,0.5276923179626465,0.9046154022216797,0.9353846311569214,0.7173478007316589,0.9521066034212708,1.0824535144492984
132,1.1891870498657227,8.77653980255127,0.3514859080314636,0.5658059120178223,0.5424684286117554,1.0888393120519633,0.5292307734489441,0.9046154022216797,0.9353846311569214,0.7173438668251038,0.9635983388870955,1.0877250814810395
133,1.1891529560089111,8.791069984436035,0.35293665528297424,0.5657162666320801,0.5424750447273254,1.08883503914148,0.5292307734489441,0.9046154022216797,0.9353846311569214,0.7173377871513367,1.2131070625036955,1.3451997451484203
134,1.1891194581985474,8.805532455444336,0.3543819189071655,0.5656531453132629,0.5424818992614746,1.08882768260088,0.5292307734489441,0.9046154022216797,0.9353846311569214,0.7173309922218323,1.2544416431337595,1.3812036691233516
135,1.1890860795974731,8.819926261901855,0.35582196712493896,0.5656166672706604,0.5424898862838745,1.0888205035242111,0.5292307734489441,0.9046154022216797,0.9353846311569214,0.7173258662223816,0.9695735909044743,1.0964455362409353
136,1.1890535354614258,8.834251403808594,0.35725682973861694,0.5656049847602844,0.542499303817749,1.0888148953094754,0.5292307734489441,0.9046154022216797,0.9353846311569214,0.7173230051994324,0.9694654913619161,1.0950388992205262
137,1.189021348953247,8.848509788513184,0.35868650674819946,0.5656148791313171,0.5425092577934265,1.0888081187713416,0.5292307734489441,0.9046154022216797,0.9353846311569214,0.7173206806182861,0.9621620830148458,1.0937367118895054
138,1.1889894008636475,8.862704277038574,0.3601108491420746,0.5656419992446899,0.5425184965133667,1.0887973237838888,0.5292307734489441,0.9046154022216797,0.9353846311569214,0.717316746711731,0.9678986659273505,1.101526235230267
139,1.1889581680297852,8.876838684082031,0.361529678106308,0.5656810998916626,0.5425264239311218,1.0887828857924318,0.5292307734489441,0.9046154022216797,0.9353846311569214,0.7173109650611877,0.9714472210034728,1.0976975727826357
140,1.188927173614502,8.890915870666504,0.3629428446292877,0.5657265782356262,0.5425334572792053,1.0887676787176064,0.5292307734489441,0.9046154022216797,0.9353846311569214,0.717305064201355,0.9634641511365771,1.0960871698334813
141,1.188896656036377,8.904939651489258,0.36435019969940186,0.5657728910446167,0.5425401329994202,1.0887536580695738,0.5292307734489441,0.9046154022216797,0.9353846311569214,0.7173000574111938,0.9622425530105829,1.0912484265863895
142,1.1888667345046997,8.918911933898926,0.3657515347003937,0.5658152103424072,0.5425467491149902,1.088741195171845,0.5276923179626465,0.9046154022216797,0.9353846311569214,0.7172958254814148,0.9515142980962992,1.0751430559903383
143,1.1888370513916016,8.93283462524414,0.36714667081832886,0.5658491849899292,0.5425525307655334,1.0887289146901984,0.5276923179626465,0.9046154022216797,0.9353846311569214,0.7172912955284119,0.9638612670823932,1.0982350073754787
144,1.1888078451156616,8.946711540222168,0.36853551864624023,0.5658718347549438,0.5425571203231812,1.0887171943196636,0.5276923179626465,0.9046154022216797,0.9353846311569214,0.7172866463661194,0.9853922436013818,1.1150725902989507
145,1.1887791156768799,8.960543632507324,0.36991795897483826,0.565881073474884,0.5425606369972229,1.0887063882235275,0.5276923179626465,0.9046154022216797,0.9353846311569214,0.7172818779945374,0.9732424840331078,1.1108985422179103
146,1.1887506246566772,8.974331855773926,0.37129396200180054,0.5658761262893677,0.5425639748573303,1.0886970938358247,0.5276923179626465,0.9046154022216797,0.9353846311569214,0.717277467250824,1.2647369801998138,1.390550795942545
147,1.1887224912643433,8.988078117370605,0.37266355752944946,0.5658575296401978,0.5425685048103333,1.088689532799206,0.5276923179626465,0.9046154022216797,0.9353846311569214,0.7172735333442688,0.9716446604579687,1.099811782129109
148,1.188694715499878,9.00178050994873,0.3740268051624298,0.5658264756202698,0.5425741076469421,1.0886838874395388,0.5276923179626465,0.9046154022216797,0.9353846311569214,0.7172702550888062,1.2489607753232121,1.3772369679063559
149,1.1886672973632812,9.0154390335083,0.37538373470306396,0.5657854080200195,0.5425801873207092,1.0886797763184237,0.5276923179626465,0.9046154022216797,0.9353846311569214,0.7172675132751465,0.992044878192246,1.1196036767214537
150,1.1886402368545532,9.029053688049316,0.37673458456993103,0.5657370090484619,0.542587161064148,1.0886776774675577,0.5276923179626465,0.9046154022216797,0.9353846311569214,0.7172656655311584,0.9668508172035217,1.0978869013488293
151,1.1886136531829834,9.042622566223145,0.37807944416999817,0.5656844973564148,0.5425944924354553,1.0886771509678965,0.5276923179626465,0.9046154022216797,0.9353846311569214,0.7172645926475525,0.9806551495566964,1.1056531136855483
152,1.1885873079299927,9.056145668029785,0.37941858172416687,0.5656309127807617,0.5426017045974731,1.088677195970334,0.5276923179626465,0.9046154022216797,0.9353846311569214,0.7172638773918152,1.1737971296533942,1.3013853877782822
153,1.1885613203048706,9.069620132446289,0.38075217604637146,0.565579354763031,0.542608916759491,1.0886768958549258,0.5276923179626465,0.9046154022216797,0.9353846311569214,0.7172629237174988,1.3062069714069366,1.4310048166662455
154,1.1885355710983276,9.08304500579834,0.38208040595054626,0.565532386302948,0.5426161289215088,1.0886759520289997,0.5292307734489441,0.9046154022216797,0.9353846311569214,0.717261791229248,0.9720886750146747,1.095749681815505
155,1.1885101795196533,9.096420288085938,0.3834034502506256,0.5654920339584351,0.5426234602928162,1.0886749852016915,0.5292307734489441,0.9046154022216797,0.9353846311569214,0.717261016368866,1.8723680516704917,1.9938755305483937
156,1.1884851455688477,9.10974407196045,0.38472142815589905,0.5654596090316772,0.5426309704780579,1.0886744806973758,0.5292307734489441,0.9030769467353821,0.9353846311569214,0.7172608971595764,0.9392903791740537,1.066073466092348
157,1.1884604692459106,9.123017311096191,0.38603439927101135,0.5654358267784119,0.5426390767097473,1.0886741199024226,0.5292307734489441,0.9030769467353821,0.9353846311569214,0.7172613739967346,0.9925999231636524,1.1284570088610053
158,1.1884360313415527,9.136239051818848,0.3873424828052521,0.5654205679893494,0.5426474213600159,1.0886731018900702,0.5276923179626465,0.9030769467353821,0.9353846311569214,0.7172618508338928,1.1641088156029582,1.2924981359392405
159,1.188411831855774,9.149410247802734,0.388645738363266,0.565413236618042,0.5426555275917053,1.0886715383637091,0.5276923179626465,0.9030769467353821,0.9353846311569214,0.717262327671051,1.173856490291655,1.2992385607212782
160,1.1883879899978638,9.162531852722168,0.38994401693344116,0.5654125809669495,0.5426632165908813,1.0886692587739206,0.5276923179626465,0.9030769467353821,0.9353846311569214,0.7172626256942749,0.9603684805333614,1.0936237825080752
161,1.1883646249771118,9.175606727600098,0.39123740792274475,0.5654170513153076,0.5426707863807678,1.0886668342751586,0.5276923179626465,0.9030769467353821,0.9353846311569214,0.7172631025314331,0.9806368993595243,1.1120523400604725
162,1.1883412599563599,9.188633918762207,0.39252570271492004,0.5654248595237732,0.5426785349845886,1.0886641719162222,0.5276923179626465,0.9030769467353821,0.9353846311569214,0.7172635793685913,0.9722193740308285,1.0993223767727613
163,1.1883183717727661,9.201616287231445,0.3938090205192566,0.5654340982437134,0.5426863431930542,1.088661567410829,0.5276923179626465,0.9030769467353821,0.9353846311569214,0.7172641754150391,0.9653590321540833,1.0927493423223495
164,1.1882954835891724,9.214554786682129,0.39508721232414246,0.5654429197311401,0.5426943898200989,1.088659688319063,0.5276923179626465,0.9030769467353821,0.9353846311569214,0.7172651290893555,0.9585569482296705,1.0896336119621992
165,1.1882730722427368,9.227449417114258,0.3963603377342224,0.5654496550559998,0.5427022576332092,1.0886582175733504,0.5276923179626465,0.9030769467353821,0.9353846311569214,0.7172662615776062,0.9719101870432496,1.1140563106164336
166,1.18825101852417,9.240302085876465,0.3976283371448517,0.565453052520752,0.542710542678833,1.0886573567355684,0.5276923179626465,0.9030769467353821,0.9353846311569214,0.7172675132751465,0.9696422088891268,1.096182088367641
167,1.1882292032241821,9.253111839294434,0.39889124035835266,0.5654523372650146,0.5427188873291016,1.0886568948764008,0.5276923179626465,0.9030769467353821,0.9353846311569214,0.7172689437866211,0.962558469735086,1.0886388029903173
168,1.1882075071334839,9.265881538391113,0.40014898777008057,0.5654469728469849,0.5427271723747253,1.0886568066147388,0.5276923179626465,0.9030769467353821,0.9353846311569214,0.7172702550888062,0.9630623152479529,1.088631073012948
169,1.1881860494613647,9.278610229492188,0.40140166878700256,0.5654371380805969,0.5427353382110596,1.088657546987815,0.5276923179626465,0.9030769467353821,0.9353846311569214,0.7172718644142151,0.9622895922511816,1.0876880316063762
170,1.1881648302078247,9.291299819946289,0.40264931321144104,0.5654230117797852,0.5427432060241699,1.088658823209393,0.5276923179626465,0.9030769467353821,0.9353846311569214,0.7172735333442688,0.9603928411379457,1.086101908236742
171,1.1881439685821533,9.303947448730469,0.403891921043396,0.5654054880142212,0.5427511930465698,1.0886605483374536,0.5261538624763489,0.9030769467353821,0.9353846311569214,0.7172752022743225,1.2913464177399874,1.4180420748889446
172,1.188123345375061,9.316556930541992,0.40512967109680176,0.5653854608535767,0.5427590608596802,1.0886627619553033,0.5261538624763489,0.9030769467353821,0.9353846311569214,0.7172769904136658,0.9667828269302845,1.0913027860224247
173,1.1881027221679688,9.32912540435791,0.4063625633716583,0.5653640031814575,0.5427669286727905,1.0886651883291945,0.5261538624763489,0.9030769467353821,0.936923086643219,0.7172788381576538,1.2639829888939857,1.3986450070515275
174,1.1880826950073242,9.341652870178223,0.40759068727493286,0.5653423070907593,0.5427751541137695,1.0886681877495017,0.5261538624763489,0.9030769467353821,0.936923086643219,0.717280924320221,0.9643088029697537,1.0930788787081838
175,1.1880626678466797,9.35413932800293,0.40881413221359253,0.5653213262557983,0.5427834987640381,1.088671406502691,0.5261538624763489,0.9030769467353821,0.936923086643219,0.7172832489013672,0.9828788675367832,1.1106632137671113
176,1.1880427598953247,9.366584777832031,0.4100329279899597,0.5653021931648254,0.5427917242050171,1.0886744636547292,0.5261538624763489,0.9030769467353821,0.936923086643219,0.7172854542732239,0.9706294601783156,1.0985728837549686
177,1.1880232095718384,9.378988265991211,0.4112473428249359,0.5652854442596436,0.5428001284599304,1.088677711293147,0.5261538624763489,0.9030769467353821,0.936923086643219,0.7172877788543701,1.1836113631725311,1.3116724863648415
178,1.1880040168762207,9.391348838806152,0.4124572277069092,0.5652717351913452,0.5428087711334229,1.0886809752690172,0.5276923179626465,0.9030769467353821,0.936923086643219,0.7172903418540955,1.3086887765675783,1.438314214348793
179,1.1879847049713135,9.403667449951172,0.41366273164749146,0.5652611255645752,0.5428173542022705,1.0886845395081375,0.5276923179626465,0.9030769467353821,0.936923086643219,0.7172932028770447,0.9619995253160596,1.09021972771734
180,1.187965750694275,9.41594409942627,0.41486385464668274,0.5652536153793335,0.5428258776664734,1.0886879761734511,0.5276923179626465,0.9030769467353821,0.936923086643219,0.7172960638999939,1.8914234722033143,2.0165917444974184
181,1.1879466772079468,9.428178787231445,0.4160606563091278,0.5652489066123962,0.5428345203399658,1.0886914541741985,0.5276923179626465,0.9030769467353821,0.936923086643219,0.7172991037368774,0.9436409967020154,1.0692541236057878
182,1.1879280805587769,9.440370559692383,0.41725313663482666,0.5652465224266052,0.5428430438041687,1.0886948084670893,0.5276923179626465,0.9030769467353821,0.936923086643219,0.717302143573761,0.9621297838166356,1.0900842174887657
183,1.1879099607467651,9.452519416809082,0.41844144463539124,0.5652457475662231,0.5428515076637268,1.0886983779682042,0.5276923179626465,0.9030769467353821,0.936923086643219,0.7173053622245789,1.1632190654054284,1.295175059698522
184,1.1878917217254639,9.464627265930176,0.419625461101532,0.5652461051940918,0.5428599119186401,1.0887021737486102,0.5276923179626465,0.9030769467353821,0.936923086643219,0.717308759689331,1.178421525284648,1.3128020660951734
185,1.1878737211227417,9.476693153381348,0.42080527544021606,0.5652467012405396,0.5428683161735535,1.0887060332572638,0.5276923179626465,0.9030769467353821,0.936923086643219,0.717312216758728,0.9654118418693542,1.0915944539010525
186,1.187855839729309,9.488718032836914,0.42198091745376587,0.5652469396591187,0.5428767204284668,1.0887097677241462,0.5276923179626465,0.9030769467353821,0.936923086643219,0.7173154950141907,0.9733599731698632,1.099467015825212
187,1.1878379583358765,9.500701904296875,0.42315244674682617,0.5652462244033813,0.5428847670555115,1.0887132378017095,0.5276923179626465,0.9015384912490845,0.936923086643219,0.717318594455719,1.001432165503502,1.12683963496238
188,1.187820315361023,9.51264476776123,0.4243197441101074,0.5652442574501038,0.5428929924964905,1.0887169434491355,0.5276923179626465,0.9015384912490845,0.936923086643219,0.7173216342926025,0.9821507157757878,1.1122345589101315
189,1.1878033876419067,9.524545669555664,0.42548301815986633,0.565240740776062,0.5429007411003113,1.0887204909999029,0.5276923179626465,0.9015384912490845,0.936923086643219,0.7173244953155518,0.9778710678219795,1.1041389284655452
190,1.1877859830856323,9.536406517028809,0.42664220929145813,0.5652356147766113,0.5429085493087769,1.0887247253176382,0.5276923179626465,0.9015384912490845,0.936923086643219,0.7173277139663696,0.9758066181093454,1.1009125607088208
191,1.1877690553665161,9.548226356506348,0.4277973473072052,0.5652289986610413,0.542916476726532,1.0887291061349311,0.5276923179626465,0.9015384912490845,0.936923086643219,0.7173309326171875,0.97173260897398,1.0985898142680526
192,1.187752366065979,9.560005187988281,0.4289485514163971,0.5652210712432861,0.542924165725708,1.0887336385297073,0.5276923179626465,0.9015384912490845,0.936923086643219,0.7173340916633606,0.9652375541627407,1.0925163049250841
193,1.1877353191375732,9.571743965148926,0.4300958216190338,0.565212070941925,0.5429317951202393,1.0887386592104797,0.5276923179626465,0.9015384912490845,0.936923086643219,0.7173374891281128,0.9573117615655065,1.0825288128107786
194,1.1877188682556152,9.583441734313965,0.43123921751976013,0.5652024745941162,0.5429395437240601,1.0887439734796929,0.5276923179626465,0.9015384912490845,0.936923086643219,0.7173410654067993,0.9580374639481306,1.084255705587566
195,1.1877024173736572,9.595097541809082,0.4323787987232208,0.565192699432373,0.5429471731185913,1.0887494299539973,0.5276923179626465,0.9015384912490845,0.936923086643219,0.7173447012901306,0.9564408296719193,1.0821599466726184
196,1.1876863241195679,9.60671329498291,0.43351465463638306,0.565183162689209,0.5429549813270569,1.0887551609522654,0.5276923179626465,0.9015384912490845,0.936923086643219,0.7173484563827515,1.2565703513100743,1.3851086497306824
197,1.1876702308654785,9.61828899383545,0.43464669585227966,0.5651741027832031,0.5429626107215881,1.088761005070464,0.5276923179626465,0.9015384912490845,0.936923086643219,0.7173523306846619,0.9813504135236144,1.1141717312857509
198,1.1876544952392578,9.62982177734375,0.43577516078948975,0.5651659369468689,0.5429701805114746,1.0887667468504596,0.5276923179626465,0.9015384912490845,0.936923086643219,0.7173562049865723,1.2117702346295118,1.3455468621104956
199,1.1876386404037476,9.641314506530762,0.43689993023872375,0.5651587247848511,0.5429778099060059,1.088772718028671,0.5276923179626465,0.9015384912490845,0.936923086643219,0.7173601984977722,0.975827319547534,1.102748523466289
200,1.1876230239868164,9.652765274047852,0.43802106380462646,0.565152645111084,0.5429852604866028,1.0887787132092936,0.5276923179626465,0.9015384912490845,0.936923086643219,0.7173642516136169,0.9714461211115122,1.0969728799536824
201,1.1876076459884644,9.664175987243652,0.43913862109184265,0.5651476979255676,0.5429927706718445,1.0887849294591205,0.5276923179626465,0.9015384912490845,0.936923086643219,0.7173685431480408,0.9731372548267245,1.0990388905629516
202,1.1875921487808228,9.675546646118164,0.4402525722980499,0.5651436448097229,0.5430001020431519,1.088790934890673,0.5276923179626465,0.9015384912490845,0.936923086643219,0.717372715473175,1.1577768893912435,1.2860322399064898
203,1.1875768899917603,9.68687629699707,0.44136303663253784,0.5651404857635498,0.5430075526237488,1.088797098942479,0.5276923179626465,0.9015384912490845,0.936923086643219,0.7173768877983093,1.3620602684095502,1.497128122486174
204,1.1875622272491455,9.698165893554688,0.44246989488601685,0.5651378631591797,0.5430151224136353,1.0888033693795878,0.5276923179626465,0.9015384912490845,0.936923086643219,0.7173812985420227,0.9757048990577459,1.1165412161499262
205,1.187547206878662,9.709416389465332,0.4435732364654541,0.5651354789733887,0.5430224537849426,1.088809492449559,0.5276923179626465,0.9015384912490845,0.936923086643219,0.7173856496810913,1.8505219174548984,1.9777831584215164
206,1.187532663345337,9.720626831054688,0.4446730315685272,0.565133273601532,0.5430296659469604,1.088815888390292,0.5276923179626465,0.9015384912490845,0.936923086643219,0.7173900604248047,0.9429429424926639,1.0695798806846142
207,1.1875182390213013,9.731797218322754,0.4457692801952362,0.565130889415741,0.543036937713623,1.0888224332885734,0.5276923179626465,0.9015384912490845,0.936923086643219,0.7173945307731628,0.9700804743915796,1.09814109839499
208,1.187503695487976,9.74293041229248,0.44686198234558105,0.5651281476020813,0.5430442690849304,1.088828952278058,0.5292307734489441,0.9015384912490845,0.936923086643219,0.717399001121521,1.1986104948446155,1.325426391325891
209,1.187489628791809,9.754024505615234,0.44795119762420654,0.5651249289512634,0.5430513620376587,1.088835598130171,0.5292307734489441,0.9015384912490845,0.936923086643219,0.7174034118652344,1.2744208350777626,1.4010656829923391
210,1.187475562095642,9.765080451965332,0.4490368068218231,0.5651211738586426,0.5430585145950317,1.0888425059154643,0.5276923179626465,0.9015384912490845,0.9353846311569214,0.7174080014228821,0.9813260138034821,1.1080103712156415
211,1.1874617338180542,9.776098251342773,0.4501189589500427,0.565116822719574,0.5430654883384705,1.0888493709347637,0.5276923179626465,0.9015384912490845,0.9353846311569214,0.7174124717712402,0.9602758418768644,1.0873677050694823
212,1.1874481439590454,9.787078857421875,0.45119747519493103,0.5651120543479919,0.543072521686554,1.0888564033946662,0.5276923179626465,0.9015384912490845,0.9353846311569214,0.7174170017242432,0.9679405065253377,1.0994933852925897
213,1.1874345541000366,9.79802131652832,0.45227253437042236,0.5651069283485413,0.5430797934532166,1.0888637875466096,0.5276923179626465,0.9015384912490845,0.9353846311569214,0.7174217104911804,0.9781953357160091,1.1141195399686694
214,1.1874210834503174,9.808926582336426,0.4533439874649048,0.5651015043258667,0.5430868268013,1.0888708603597574,0.5276923179626465,0.9015384912490845,0.9353846311569214,0.7174261808395386,0.9668108969926834,1.09212791826576
215,1.1874079704284668,9.819794654846191,0.45441189408302307,0.5650959610939026,0.5430936217308044,1.0888782820769334,0.5276923179626465,0.9015384912490845,0.9353846311569214,0.7174308896064758,1.0923763243481517,1.225845554843545
216,1.1873950958251953,9.830625534057617,0.45547622442245483,0.565090537071228,0.5431004166603088,1.088885313372095,0.5261538624763489,0.9015384912490845,0.9353846311569214,0.7174352407455444,0.9813444940373302,1.1151676904410124
217,1.1873819828033447,9.841419219970703,0.4565369784832001,0.5650852918624878,0.5431074500083923,1.0888927739381369,0.5261538624763489,0.9015384912490845,0.9353846311569214,0.7174398303031921,0.9766685897484422,1.1022289777174592
218,1.1873693466186523,9.852177619934082,0.4575941264629364,0.565080463886261,0.5431143045425415,1.088900149429942,0.5261538624763489,0.9015384912490845,0.9353846311569214,0.7174444198608398,1.0168110029771924,1.1420251354575157
219,1.18735671043396,9.862898826599121,0.4586476683616638,0.5650759935379028,0.5431209206581116,1.0889070311319928,0.5261538624763489,0.9015384912490845,0.9353846311569214,0.7174485921859741,1.0123205976560712,1.140607738867402
220,1.1873443126678467,9.873583793640137,0.4596976041793823,0.5650720000267029,0.5431274175643921,1.0889138013294706,0.5261538624763489,0.9015384912490845,0.9353846311569214,0.7174527645111084,1.011438775807619,1.3652048967778683
221,1.1873321533203125,9.884232521057129,0.4607439637184143,0.5650684833526611,0.5431337952613831,1.088920544948601,0.5261538624763489,0.9015384912490845,0.9353846311569214,0.7174568176269531,1.0107647636905313,1.1444333018735051
222,1.1873199939727783,9.894845008850098,0.4617865979671478,0.565065324306488,0.5431402921676636,1.0889274880327806,0.5261538624763489,0.9015384912490845,0.9353846311569214,0.717461109161377,1.3514484642073512,1.4766884855926037
223,1.1873078346252441,9.90542221069336,0.4628256559371948,0.5650625824928284,0.5431467294692993,1.0889343613996765,0.5276923179626465,0.9015384912490845,0.9353846311569214,0.7174652814865112,0.9783643437549472,1.1075469153001904
224,1.1872960329055786,9.915963172912598,0.46386098861694336,0.5650600790977478,0.5431528091430664,1.0889408257022157,0.5276923179626465,0.9015384912490845,0.9353846311569214,0.7174691557884216,0.9598712977021933,1.0864778542891145
225,1.187284231185913,9.926469802856445,0.4648926556110382,0.5650576949119568,0.5431589484214783,1.0889470393477043,0.5276923179626465,0.9015384912490845,0.9353846311569214,0.7174728512763977,0.9738440383225679,1.1015444649383426
226,1.187272548675537,9.936942100524902,0.465920627117157,0.5650553703308105,0.5431647300720215,1.0889530495434134,0.5276923179626465,0.9015384912490845,0.9353846311569214,0.717476487159729,0.9623487824574113,1.0880862986668944
227,1.1872611045837402,9.947379112243652,0.4669448733329773,0.5650530457496643,0.543170690536499,1.0889596700129447,0.5276923179626465,0.9015384912490845,0.9353846311569214,0.7174804210662842,1.2690248591825366,1.3961291117593646
228,1.1872498989105225,9.957781791687012,0.46796539425849915,0.5650506615638733,0.5431764721870422,1.0889658171792738,0.5276923179626465,0.9015384912490845,0.9353846311569214,0.7174840569496155,1.312099551782012,1.4412739546969533
229,1.1872385740280151,9.96815013885498,0.46898213028907776,0.565048098564148,0.5431820750236511,1.0889718260744625,0.5276923179626465,0.9015384912490845,0.9353846311569214,0.717487633228302,1.8594029685482383,1.9861004259437323
230,1.1872272491455078,9.978485107421875,0.4699951410293579,0.5650453567504883,0.5431874394416809,1.0889777242827006,0.5276923179626465,0.9015384912490845,0.9353846311569214,0.7174910306930542,0.9663626421242952,1.0893147066235542
231,1.1872162818908691,9.988785743713379,0.4710043966770172,0.5650424957275391,0.5431929230690002,1.0889836800744277,0.5276923179626465,0.9015384912490845,0.9353846311569214,0.7174944281578064,0.9942298959940672,1.1293243700638413
232,1.18720543384552,9.999053955078125,0.4720098674297333,0.5650393962860107,0.5431981682777405,1.0889894809438927,0.5276923179626465,0.9015384912490845,0.9353846311569214,0.7174978256225586,0.9702991433441639,1.0973584866151214
233,1.1871944665908813,10.00928783416748,0.47301149368286133,0.5650361180305481,0.5432033538818359,1.0889955588189555,0.5276923179626465,0.9015384912490845,0.9353846311569214,0.7175013422966003,1.5943841896951199,1.726568242534995
234,1.1871838569641113,10.019489288330078,0.4740094244480133,0.5650327801704407,0.5432084202766418,1.0890014116912785,0.5276923179626465,0.9015384912490845,0.9353846311569214,0.7175047397613525,1.0106263840571046,1.1443998413160443
235,1.1871732473373413,10.029658317565918,0.47500351071357727,0.565029501914978,0.5432135462760925,1.089007014806364,0.5261538624763489,0.9015384912490845,0.9353846311569214,0.7175078988075256,0.9993382748216391,1.125794074498117
236,1.1871625185012817,10.039793968200684,0.4759937524795532,0.5650261640548706,0.5432185530662537,1.0890126584711477,0.5261538624763489,0.9015384912490845,0.9353846311569214,0.7175111174583435,0.9705421812832355,1.0968900118023157
237,1.18715238571167,10.049899101257324,0.47698020935058594,0.565022885799408,0.5432233810424805,1.089018346098915,0.5261538624763489,0.9015384912490845,0.9353846311569214,0.7175143361091614,0.9609420457854867,1.0885811625048518
238,1.1871416568756104,10.059969902038574,0.4779629111289978,0.5650197863578796,0.5432279109954834,1.089023860788557,0.5261538624763489,0.9015384912490845,0.9353846311569214,0.7175175547599792,0.9930889066308737,1.1232100799679756
239,1.187131643295288,10.0700101852417,0.47894179821014404,0.5650168657302856,0.5432328581809998,1.0890294746655047,0.5261538624763489,0.9015384912490845,0.9353846311569214,0.7175207734107971,1.000325825996697,1.1273546190932393
240,1.1871215105056763,10.0800199508667,0.47991687059402466,0.5650140643119812,0.543237566947937,1.0890352078011376,0.5261538624763489,0.9015384912490845,0.9353846311569214,0.7175241112709045,0.966122405603528,1.0942130582407117
241,1.187111258506775,10.089996337890625,0.48088812828063965,0.5650113821029663,0.5432420372962952,1.0890405105668466,0.5261538624763489,0.9015384912490845,0.9353846311569214,0.7175271511077881,0.9844855619594455,1.1143856970593333
242,1.1871013641357422,10.099942207336426,0.4818556308746338,0.5650089383125305,0.5432463884353638,1.0890457559438265,0.5261538624763489,0.9015384912490845,0.9353846311569214,0.7175301909446716,1.001355405896902,1.1322061903774738
243,1.1870914697647095,10.109857559204102,0.4828193187713623,0.5650066137313843,0.543250560760498,1.0890506485360958,0.5261538624763489,0.9015384912490845,0.9353846311569214,0.7175331115722656,0.9924105945974588,1.118665685877204
244,1.1870818138122559,10.119742393493652,0.4837792217731476,0.5650044679641724,0.5432550311088562,1.0890561265085632,0.5261538624763489,0.9015384912490845,0.9353846311569214,0.7175363302230835,1.0276246359571815,1.156860377639532
245,1.1870721578598022,10.129596710205078,0.4847354292869568,0.5650023221969604,0.5432593822479248,1.0890614187809058,0.5261538624763489,0.9015384912490845,0.9353846311569214,0.7175394296646118,1.3067100448533893,1.4320640657097101
246,1.18706214427948,10.139421463012695,0.48568785190582275,0.5650001764297485,0.5432634949684143,1.0890667221474803,0.5261538624763489,0.9015384912490845,0.9353846311569214,0.7175425887107849,1.0111228311434388,1.1391477026045322
247,1.1870527267456055,10.149214744567871,0.48663657903671265,0.5649980306625366,0.5432676076889038,1.089071780172736,0.5261538624763489,0.9015384912490845,0.9353846311569214,0.7175455689430237,1.3705348847433925,1.501148261129856
248,1.1870431900024414,10.158979415893555,0.4875815510749817,0.5649958848953247,0.5432716608047485,1.0890769826017224,0.5261538624763489,0.9015384912490845,0.9353846311569214,0.7175487279891968,1.0238458849489689,1.153369472362101
249,1.1870336532592773,10.16871452331543,0.48852282762527466,0.5649936199188232,0.5432758927345276,1.089082259646263,0.5261538624763489,0.9015384912490845,0.9353846311569214,0.7175518870353699,1.012958312407136,1.1483773915097117
250,1.1870243549346924,10.17841911315918,0.48946040868759155,0.5649913549423218,0.5432798266410828,1.0890873686535874,0.5261538624763489,0.9015384912490845,0.9353846311569214,0.7175549268722534,1.0081013292074203,1.1388035342097282
251,1.1870149374008179,10.188095092773438,0.49039435386657715,0.5649889707565308,0.5432836413383484,1.0890924431040065,0.5261538624763489,0.9015384912490845,0.9353846311569214,0.7175580263137817,1.2730447752401233,1.4088119715452194
252,1.187005877494812,10.197742462158203,0.49132466316223145,0.5649865865707397,0.5432876348495483,1.0890970731149567,0.5261538624763489,0.9015384912490845,0.9353846311569214,0.7175607681274414,1.3706241147592664,1.503246121108532
253,1.186996579170227,10.207361221313477,0.4922513961791992,0.5649842023849487,0.543291449546814,1.0891021432229544,0.5261538624763489,0.9015384912490845,0.9353846311569214,0.7175639271736145,1.8544164057821035,1.975635452196002
254,1.1869875192642212,10.216951370239258,0.4931744933128357,0.5649818778038025,0.5432953238487244,1.0891074109984094,0.5261538624763489,0.9015384912490845,0.9353846311569214,0.7175671458244324,0.9819168141111732,1.1070458237081766
255,1.1869784593582153,10.226512908935547,0.4940941333770752,0.5649795532226562,0.5432991981506348,1.0891125106133417,0.5261538624763489,0.9015384912490845,0.9353846311569214,0.7175703644752502,0.991728468798101,1.1214927537366748
256,1.1869693994522095,10.236045837402344,0.4950101971626282,0.56497722864151,0.5433030128479004,1.0891173901124707,0.5261538624763489,0.9015384912490845,0.9353846311569214,0.7175734043121338,1.0222516907379031,1.1524150613695383
257,1.1869604587554932,10.245552062988281,0.4959228038787842,0.5649749040603638,0.5433067083358765,1.0891221056600322,0.5261538624763489,0.9015384912490845,0.9353846311569214,0.7175763845443726,1.3280447889119387,1.7284868136048317
258,1.1869513988494873,10.255027770996094,0.496832013130188,0.5649726986885071,0.5433107018470764,1.089127367500551,0.5261538624763489,0.9015384912490845,0.9353846311569214,0.71757972240448,1.0082370368763804,1.1449069455265999
259,1.18694269657135,10.264477729797363,0.4977377951145172,0.5649704933166504,0.5433147549629211,1.0891326175110576,0.5261538624763489,0.9015384912490845,0.9353846311569214,0.7175831198692322,0.9787442442029715,1.1093925507739186
260,1.1869337558746338,10.273900032043457,0.498640239238739,0.5649682283401489,0.5433186888694763,1.0891377531680952,0.5261538624763489,0.9015384912490845,0.9353846311569214,0.7175865173339844,1.0045424038544297,1.1311057200655341
261,1.1869250535964966,10.283293724060059,0.49953943490982056,0.564966082572937,0.5433226823806763,1.089142598681421,0.5261538624763489,0.9015384912490845,0.9353846311569214,0.7175897359848022,0.987708798609674,1.1156215807422996
262,1.1869163513183594,10.2926607131958,0.5004352927207947,0.5649640560150146,0.5433269143104553,1.0891477993518388,0.5261538624763489,0.9015384912490845,0.9353846311569214,0.717593252658844,0.991834887303412,1.1202411651611328
263,1.186907410621643,10.30199909210205,0.5013279914855957,0.5649619102478027,0.5433313250541687,1.08915290199954,0.5261538624763489,0.9015384912490845,0.9353846311569214,0.7175966501235962,1.0037990510463715,1.1319885114207864
264,1.186898946762085,10.311311721801758,0.5022175908088684,0.5649598240852356,0.5433361530303955,1.0891586038811885,0.5261538624763489,0.9015384912490845,0.9353846311569214,0.7176005840301514,0.9899758463725448,1.1221597772091627
265,1.1868903636932373,10.320596694946289,0.5031039714813232,0.5649576783180237,0.5433408617973328,1.0891635832612292,0.5261538624763489,0.9015384912490845,0.9353846311569214,0.7176039814949036,1.0059655802324414,1.1320490902289748
266,1.1868816614151,10.329854011535645,0.5039873123168945,0.5649554133415222,0.5433462262153625,1.0891690899425743,0.5261538624763489,0.9015384912490845,0.9353846311569214,0.7176077961921692,1.0070289298892021,1.1446899883449078
267,1.186873197555542,10.339085578918457,0.5048675537109375,0.5649531483650208,0.5433510541915894,1.089173773126416,0.5261538624763489,0.9015384912490845,0.9353846311569214,0.7176111340522766,1.024555429816246,1.1552130356431007
268,1.1868647336959839,10.348289489746094,0.5057448148727417,0.5649508237838745,0.5433565378189087,1.0891780935325832,0.5276923179626465,0.9015384912490845,0.9353846311569214,0.7176141738891602,1.0105885434895754,1.1402423596009612
269,1.1868562698364258,10.357466697692871,0.5066190958023071,0.564948320388794,0.5433640480041504,1.0891820250011757,0.5276923179626465,0.9015384912490845,0.9353846311569214,0.7176170349121094,1.358913717791438,1.4894420551136136
270,1.1868479251861572,10.366617202758789,0.507490336894989,0.5649459362030029,0.5433710813522339,1.0891852557193937,0.5276923179626465,0.9015384912490845,0.9353846311569214,0.7176193594932556,0.9835017686709762,1.1105587603524327
271,1.1868398189544678,10.375741958618164,0.5083584785461426,0.5649434924125671,0.5433775186538696,1.0891878401972135,0.5276923179626465,0.9015384912490845,0.9353846311569214,0.7176213264465332,1.2741852439939976,1.3999261781573296
272,1.1868315935134888,10.38484001159668,0.5092236399650574,0.5649411082267761,0.5433827042579651,1.089189578535981,0.5276923179626465,0.9015384912490845,0.9353846311569214,0.7176226377487183,0.9867164166644216,1.1192081645131111
273,1.1868233680725098,10.393914222717285,0.5100857019424438,0.5649388432502747,0.5433875918388367,1.0891915200730864,0.5276923179626465,0.9015384912490845,0.9353846311569214,0.7176241874694824,0.9555226610973477,1.0876938626170158
274,1.1868152618408203,10.402962684631348,0.510944664478302,0.564936637878418,0.5433919429779053,1.0891932867950926,0.5276923179626465,0.9015384912490845,0.9353846311569214,0.7176255583763123,0.9609953491017222,1.086514805443585
275,1.1868072748184204,10.411988258361816,0.5118005275726318,0.5649346113204956,0.5433959364891052,1.0891949255267424,0.5276923179626465,0.9015384912490845,0.9353846311569214,0.7176267504692078,1.1443421114236116,1.2743732230737805
276,1.1867995262145996,10.420989990234375,0.5126532912254333,0.5649327039718628,0.54339998960495,1.0891972292387628,0.5276923179626465,0.9015384912490845,0.9353846311569214,0.7176284790039062,1.3398646544665098,1.4693921506404877
277,1.1867914199829102,10.42996883392334,0.5135030150413513,0.5649309158325195,0.5434044599533081,1.0892006219201813,0.5276923179626465,0.9015384912490845,0.9353846311569214,0.7176308035850525,0.9726091558113694,1.674067234620452
278,1.1867836713790894,10.438925743103027,0.5143497586250305,0.5649292469024658,0.5434090495109558,1.089203888450545,0.5276923179626465,0.9015384912490845,0.9353846311569214,0.7176331877708435,0.9509846353903413,1.0807635700330138
279,1.1867759227752686,10.447861671447754,0.5151935815811157,0.5649275779724121,0.543414294719696,1.08920842473213,0.5276923179626465,0.9015384912490845,0.9353846311569214,0.7176363468170166,0.9569990076124668,1.091060140170157
280,1.1867680549621582,10.45677375793457,0.5160346031188965,0.5649259090423584,0.5434200763702393,1.0892135742273081,0.5276923179626465,0.9015384912490845,0.9353846311569214,0.7176399827003479,0.9838925451040268,1.1097520478069782
281,1.1867603063583374,10.465664863586426,0.5168729424476624,0.5649241209030151,0.5434264540672302,1.0892194351633733,0.5276923179626465,0.9015384912490845,0.9353846311569214,0.7176440358161926,1.3862756323069334,1.514444182626903
282,1.1867525577545166,10.474531173706055,0.5177087783813477,0.5649221539497375,0.5434332489967346,1.089225146346111,0.5276923179626465,0.9015384912490845,0.9353846311569214,0.7176480889320374,1.3343951972201467,1.4606969254091382
283,1.1867449283599854,10.483373641967773,0.5185421705245972,0.5649199485778809,0.5434405207633972,1.0892315778858612,0.5276923179626465,0.9015384912490845,0.9353846311569214,0.7176525592803955,0.9676313642412424,1.1002570511773229
284,1.1867374181747437,10.492192268371582,0.5193731784820557,0.5649176836013794,0.5434474945068359,1.089237628483687,0.5276923179626465,0.9015384912490845,0.9353846311569214,0.7176568508148193,0.9807336460798979,1.1067295977845788
285,1.1867296695709229,10.500984191894531,0.5202020406723022,0.5649152398109436,0.5434544682502747,1.0892436445270761,0.5276923179626465,0.9015384912490845,0.9353846311569214,0.7176610231399536,0.9770448720082641,1.1176612908020616
286,1.1867222785949707,10.509749412536621,0.5210287570953369,0.5649127960205078,0.5434616208076477,1.0892496585871636,0.5276923179626465,0.9015384912490845,0.9353846311569214,0.7176652550697327,0.9605000345036387,1.0956539455801249
287,1.1867148876190186,10.518488883972168,0.5218532681465149,0.5649102926254272,0.5434684157371521,1.0892554966790873,0.5276923179626465,0.9015384912490845,0.9353846311569214,0.7176693677902222,1.0167315248399973,1.148830366320908
288,1.186707615852356,10.527198791503906,0.5226758122444153,0.5649078488349915,0.5434748530387878,1.089260624914492,0.5276923179626465,0.9015384912490845,0.9353846311569214,0.717673122882843,1.012920212931931,1.1502092340961099
289,1.1866999864578247,10.535882949829102,0.5234962701797485,0.5649055242538452,0.5434808731079102,1.0892650696652952,0.5276923179626465,0.9015384912490845,0.9353846311569214,0.7176764011383057,1.0154249276965857,1.1467405268922448
290,1.1866928339004517,10.544539451599121,0.5243147611618042,0.5649033784866333,0.5434868931770325,1.089269369704984,0.5276923179626465,0.9015384912490845,0.9353846311569214,0.7176796197891235,1.0150189520791173,1.149194092489779
291,1.186685562133789,10.553169250488281,0.5251311659812927,0.5649014115333557,0.54349285364151,1.0892733970748143,0.5276923179626465,0.9015384912490845,0.9353846311569214,0.7176827788352966,0.9717995226383209,1.1075547188520432
292,1.1866782903671265,10.561772346496582,0.5259456038475037,0.5648995637893677,0.5434983968734741,1.0892769055836191,0.5276923179626465,0.9015384912490845,0.9353846311569214,0.7176855206489563,0.9779167827218771,1.116393563337624
293,1.1866711378097534,10.570348739624023,0.5267579555511475,0.564897894859314,0.5435035824775696,1.0892798308436578,0.5276923179626465,0.9015384912490845,0.9353846311569214,0.7176879048347473,1.3447500467300415,1.4705420695245266
294,1.1866639852523804,10.578898429870605,0.5275682210922241,0.5648961663246155,0.5435085892677307,1.0892828830343584,0.5276923179626465,0.9015384912490845,0.9353846311569214,0.7176904678344727,1.0272557716816664,1.1611997056752443
295,1.1866567134857178,10.587424278259277,0.5283764004707336,0.5648945569992065,0.5435137748718262,1.0892860064988523,0.5276923179626465,0.9015384912490845,0.9353846311569214,0.717693030834198,1.3257647110149264,1.4602478500455618
296,1.1866499185562134,10.595925331115723,0.5291825532913208,0.5648928880691528,0.5435187220573425,1.0892897333620897,0.5276923179626465,0.9015384912490845,0.9353846311569214,0.717695951461792,1.0076539628207684,1.140489318408072
297,1.1866430044174194,10.604403495788574,0.5299865007400513,0.5648910999298096,0.5435237884521484,1.0892933313672026,0.5276923179626465,0.9015384912490845,0.9353846311569214,0.7176987528800964,0.9852229924872518,1.1167029105126858
298,1.1866357326507568,10.612857818603516,0.5307883024215698,0.5648891925811768,0.5435289740562439,1.0892969502245986,0.5276923179626465,0.9015384912490845,0.9353846311569214,0.7177014946937561,0.9887167382985353,1.1154084028676152
299,1.186628818511963,10.621288299560547,0.5315879583358765,0.5648870468139648,0.5435342788696289,1.0893007898518365,0.5276923179626465,0.9015384912490845,0.9353846311569214,0.7177042961120605,1.2670130236074328,1.4002374149858952
300,1.186622142791748,10.629697799682617,0.5323854684829712,0.5648847818374634,0.5435395240783691,1.0893050212083912,0.5276923179626465,0.9015384912490845,0.9353846311569214,0.7177073955535889,1.337868913076818,1.464115671813488
301,1.186615228652954,10.638084411621094,0.533180832862854,0.5648823976516724,0.543545126914978,1.0893086801123033,0.5276923179626465,0.9015384912490845,0.9353846311569214,0.717710018157959,0.9742886880412698,1.6645595571026206
302,1.1866086721420288,10.646448135375977,0.5339739322662354,0.5648798942565918,0.5435511469841003,1.0893127001489546,0.5276923179626465,0.9015384912490845,0.9353846311569214,0.7177128195762634,1.2829729095101357,1.40496067982167
303,1.1866017580032349,10.654790878295898,0.53476482629776,0.5648773908615112,0.5435572862625122,1.0893167711368124,0.5276923179626465,0.9015384912490845,0.9353846311569214,0.7177156805992126,0.9355686157941818,1.062101062387228
304,1.1865949630737305,10.66310977935791,0.5355535745620728,0.5648748278617859,0.5435628294944763,1.0893202879466184,0.5261538624763489,0.9015384912490845,0.9353846311569214,0.7177181243896484,0.9630437195301056,1.0884325560182333
305,1.1865884065628052,10.671408653259277,0.5363402366638184,0.5648722648620605,0.5435686111450195,1.089323638228838,0.5292307734489441,0.9015384912490845,0.9353846311569214,0.7177203297615051,1.364928268827498,1.4901598980650306
306,1.1865818500518799,10.67968463897705,0.5371246933937073,0.5648698806762695,0.5435743927955627,1.0893276998742112,0.5292307734489441,0.9015384912490845,0.9353846311569214,0.7177230715751648,1.1635895418003201,1.2892880169674754
307,1.1865752935409546,10.687938690185547,0.5379070043563843,0.5648675560951233,0.5435805320739746,1.0893317293326843,0.5276923179626465,0.9015384912490845,0.9353846311569214,0.7177258133888245,0.9540810566395521,1.0784330936148763
308,1.1865689754486084,10.696168899536133,0.5386871099472046,0.5648653507232666,0.5435861945152283,1.0893354963711954,0.5276923179626465,0.9015384912490845,0.9353846311569214,0.7177283763885498,0.9546912796795368,1.0793351838365197
309,1.1865622997283936,10.704379081726074,0.539465069770813,0.5648633241653442,0.5435920357704163,1.0893392525759507,0.5276923179626465,0.9015384912490845,0.9353846311569214,0.7177309393882751,0.9499340569600463,1.0743500124663115
310,1.1865558624267578,10.712565422058105,0.540241003036499,0.5648613572120667,0.543597936630249,1.0893432803038374,0.5276923179626465,0.9015384912490845,0.9353846311569214,0.7177336812019348,0.9554962515830994,1.0802087457850575
311,1.1865495443344116,10.720730781555176,0.5410146713256836,0.5648596286773682,0.5436040759086609,1.089347665024585,0.5276923179626465,0.9015384912490845,0.9353846311569214,0.7177366614341736,0.9579902775585651,1.08877685200423
312,1.1865434646606445,10.728873252868652,0.5417861938476562,0.5648579001426697,0.5436099767684937,1.089351864241634,0.5276923179626465,0.9015384912490845,0.9353846311569214,0.7177395224571228,0.962195485830307,1.0871768975630403
313,1.1865371465682983,10.736995697021484,0.5425555109977722,0.5648563504219055,0.5436161160469055,1.089356549170431,0.5276923179626465,0.9015384912490845,0.9353846311569214,0.7177426815032959,0.9801749410107732,1.1062055816873908
314,1.1865309476852417,10.745096206665039,0.5433225631713867,0.5648548603057861,0.5436223149299622,1.0893609591756614,0.5276923179626465,0.9015384912490845,0.9353846311569214,0.7177456617355347,0.9787198146805167,1.1074939295649529
315,1.1865246295928955,10.753173828125,0.5440875291824341,0.564853310585022,0.543628454208374,1.0893653480048204,0.5276923179626465,0.9015384912490845,0.9353846311569214,0.7177487015724182,0.9806686462834477,1.1073147514835
316,1.1865185499191284,10.76123046875,0.5448501706123352,0.5648517608642578,0.5436343550682068,1.0893697217507885,0.5276923179626465,0.9015384912490845,0.9353846311569214,0.717751681804657,0.9725842364132404,1.1038234857842326
317,1.1865122318267822,10.769265174865723,0.5456106662750244,0.5648502111434937,0.5436404943466187,1.089374188811888,0.5276923179626465,0.9015384912490845,0.9353846311569214,0.7177547216415405,0.9692558879032731,1.094933251850307
318,1.1865062713623047,10.777278900146484,0.5463689565658569,0.5648486018180847,0.5436462759971619,1.0893779217714095,0.5276923179626465,0.9015384912490845,0.9353846311569214,0.7177571654319763,1.2882573269307613,1.4207439851015806
319,1.1865004301071167,10.785270690917969,0.5471251010894775,0.5648468732833862,0.5436521768569946,1.089382166197278,0.5276923179626465,0.9015384912490845,0.9353846311569214,0.7177600264549255,0.9607915496453643,1.3647357504814863
320,1.1864943504333496,10.793240547180176,0.5478789806365967,0.5648450255393982,0.5436577200889587,1.0893857751537006,0.5276923179626465,0.9015384912490845,0.9353846311569214,0.7177624702453613,0.9914926011115313,1.1185487117618322
321,1.186488389968872,10.801188468933105,0.5486307144165039,0.5648431777954102,0.5436634421348572,1.0893894909146522,0.5292307734489441,0.9015384912490845,0.9353846311569214,0.7177648544311523,0.9633153257891536,1.0882868776097894
322,1.1864824295043945,10.809113502502441,0.5493802428245544,0.5648412108421326,0.5436690449714661,1.0893936311234569,0.5292307734489441,0.9015384912490845,0.9353846311569214,0.717767596244812,0.9724394576624036,1.1051804730668664
323,1.1864765882492065,10.817017555236816,0.5501275062561035,0.564839243888855,0.5436745882034302,1.0893973183195553,0.5292307734489441,0.9015384912490845,0.9353846311569214,0.7177700400352478,0.9741725502535701,1.1010059528052807
324,1.1864707469940186,10.824898719787598,0.5508726239204407,0.5648372173309326,0.5436798930168152,1.0894010571122963,0.5292307734489441,0.9015384912490845,0.9353846311569214,0.7177724242210388,1.1808265754953027,1.3081074934452772
325,1.1864650249481201,10.832757949829102,0.5516155958175659,0.5648351907730103,0.5436856746673584,1.089405391322612,0.5292307734489441,0.9015384912490845,0.9353846311569214,0.7177752256393433,1.2276559881865978,1.3533925721421838
326,1.1864593029022217,10.840595245361328,0.5523563623428345,0.5648332834243774,0.5436912178993225,1.089409326316262,0.5292307734489441,0.9015384912490845,0.9353846311569214,0.7177777886390686,0.9721318995580077,1.683478932827711
327,1.1864537000656128,10.848410606384277,0.5530949831008911,0.5648313164710999,0.5436964631080627,1.0894133636689898,0.5292307734489441,0.9015384912490845,0.9353846311569214,0.7177804112434387,0.9265493042767048,1.0478366808965802
328,1.1864477396011353,10.85620403289795,0.5538313984870911,0.564829409122467,0.5437019467353821,1.0894174420115355,0.5292307734489441,0.9015384912490845,0.9353846311569214,0.7177830338478088,0.9366366853937507,1.0644890489056706
329,1.186442255973816,10.863975524902344,0.5545656681060791,0.5648275017738342,0.5437073707580566,1.0894213537080906,0.5292307734489441,0.9015384912490845,0.9353846311569214,0.7177855968475342,0.9781541610136628,1.12020424567163
330,1.186436653137207,10.871725082397461,0.5552977323532104,0.5648255348205566,0.5437127351760864,1.0894255431058701,0.5292307734489441,0.9015384912490845,0.9353846311569214,0.7177882790565491,1.3255573632195592,1.4514025561511517
331,1.1864309310913086,10.879453659057617,0.5560275912284851,0.5648236274719238,0.5437183380126953,1.0894299158948233,0.5292307734489441,0.9015384912490845,0.9353846311569214,0.7177910804748535,1.198743269778788,1.325470194220543
332,1.1864255666732788,10.887160301208496,0.5567552447319031,0.564821720123291,0.5437234044075012,1.0894337689996054,0.5292307734489441,0.9015384912490845,0.9353846311569214,0.7177935242652893,0.9660338182002306,1.092011029832065
333,1.1864200830459595,10.894845962524414,0.5574806928634644,0.5648197531700134,0.5437289476394653,1.0894380860617563,0.5292307734489441,0.9015384912490845,0.9353846311569214,0.7177963852882385,0.9645119234919548,1.090862661600113
334,1.1864148378372192,10.902510643005371,0.558203935623169,0.5648179054260254,0.5437343120574951,1.089442348684538,0.5292307734489441,0.9015384912490845,0.9353846311569214,0.7177990674972534,0.972403397783637,1.0993823194876313
335,1.1864092350006104,10.910154342651367,0.5589250326156616,0.564815878868103,0.5437393188476562,1.0894463041247047,0.5292307734489441,0.9015384912490845,0.9353846311569214,0.717801570892334,0.9956730296835303,1.1296909432858229
336,1.1864039897918701,10.917776107788086,0.5596438646316528,0.5648137927055359,0.5437445044517517,1.0894500977496546,0.5292307734489441,0.9015384912490845,0.9353846311569214,0.7178040146827698,1.0256309481337667,1.1564763318747282
337,1.1863986253738403,10.925378799438477,0.5603604912757874,0.5648117065429688,0.5437493324279785,1.0894538901210022,0.5292307734489441,0.9015384912490845,0.9353846311569214,0.7178064584732056,0.9629681203514338,1.0927141346037388
338,1.1863933801651,10.932960510253906,0.5610749125480652,0.5648095607757568,0.5437542796134949,1.089457825880813,0.5292307734489441,0.9015384912490845,0.9353846311569214,0.7178089618682861,0.9815067378804088,1.1159573970362544
339,1.1863880157470703,10.940521240234375,0.5617871284484863,0.5648073554039001,0.5437588095664978,1.089461079837371,0.5292307734489441,0.9015384912490845,0.9353846311569214,0.7178109884262085,0.9601255375891924,1.0917821833863854
340,1.1863830089569092,10.9480619430542,0.5624970197677612,0.5648052096366882,0.543763279914856,1.0894644719718216,0.5292307734489441,0.9015384912490845,0.9353846311569214,0.7178131341934204,0.9698064224794507,1.1033366303890944
341,1.1863778829574585,10.955582618713379,0.5632047057151794,0.5648030638694763,0.5437677502632141,1.0894676445393134,0.5292307734489441,0.9015384912490845,0.9353846311569214,0.717815101146698,0.9699495118111372,1.100144482217729
342,1.1863725185394287,10.96308422088623,0.5639102458953857,0.5648009181022644,0.5437720417976379,1.089470530623733,0.5292307734489441,0.9015384912490845,0.9353846311569214,0.7178168892860413,0.9698292417451739,1.388598358258605
343,1.1863677501678467,10.970564842224121,0.5646134614944458,0.5647987723350525,0.5437760353088379,1.0894735909873088,0.5292307734489441,0.9015384912490845,0.9353846311569214,0.7178188562393188,1.0158246038481593,1.1511143753305078
344,1.1863625049591064,10.978025436401367,0.565314531326294,0.5647966861724854,0.5437799692153931,1.0894761829583277,0.5292307734489441,0.9015384912490845,0.9353846311569214,0.717820405960083,1.2958058835938573,1.4294480606913567
345,1.1863574981689453,10.985467910766602,0.5660134553909302,0.5647946000099182,0.5437835454940796,1.089478426813535,0.5292307734489441,0.9015384912490845,0.9353846311569214,0.7178217768669128,1.0086316037923098,1.148439439944923
346,1.1863523721694946,10.992889404296875,0.5667101144790649,0.5647923946380615,0.5437872409820557,1.0894811232057606,0.5292307734489441,0.9015384912490845,0.9353846311569214,0.7178235054016113,1.0155472056940198,1.1449285047128797
347,1.186347484588623,11.000292778015137,0.5674046277999878,0.5647902488708496,0.5437908172607422,1.0894832943625465,0.5292307734489441,0.9015384912490845,0.9353846311569214,0.7178248167037964,0.9998428300023079,1.1269976403564215
348,1.186342477798462,11.00767707824707,0.568096935749054,0.5647880434989929,0.5437938570976257,1.0894850513801,0.5292307734489441,0.9015384912490845,0.9353846311569214,0.7178258299827576,0.9686103444546461,1.0940991705283523
349,1.1863374710083008,11.015042304992676,0.5687872171401978,0.5647857785224915,0.5437966585159302,1.0894869119916515,0.5292307734489441,0.9015384912490845,0.9353846311569214,0.7178269624710083,0.9984815018251538,1.4900155486539006
350,1.1863325834274292,11.02238941192627,0.5694754123687744,0.5647834539413452,0.5437994599342346,1.089488398584745,0.5292307734489441,0.9015384912490845,0.9353846311569214,0.7178277969360352,0.9594389731064439,1.0897539919242263
351,1.186327576637268,11.029719352722168,0.5701615810394287,0.564781129360199,0.5438020825386047,1.0894894117715919,0.5292307734489441,0.9015384912490845,0.9353846311569214,0.7178283333778381,1.8252745596691966,1.9510317537933588
352,1.186322569847107,11.037030220031738,0.5708457231521606,0.5647786855697632,0.5438047051429749,1.0894910162090616,0.5292307734489441,0.9015384912490845,0.9353846311569214,0.7178292870521545,0.9338525226339698,1.0555835161358118
353,1.1863179206848145,11.044323921203613,0.5715279579162598,0.5647762417793274,0.5438075065612793,1.089492230974153,0.5292307734489441,0.9015384912490845,0.9353846311569214,0.7178300023078918,0.9855417301878333,1.1154838018119335
354,1.1863129138946533,11.051600456237793,0.5722083449363708,0.5647736191749573,0.5438097715377808,1.08949310216821,0.5292307734489441,0.9015384912490845,0.9353846311569214,0.71783047914505,0.9826688868924975,1.1089658262208104
355,1.1863075494766235,11.058857917785645,0.5728870034217834,0.5647709369659424,0.5438119173049927,1.0894944003869447,0.5292307734489441,0.9015384912490845,0.9353846311569214,0.7178311944007874,1.623079621233046,1.7569825761020184
356,1.1863030195236206,11.066100120544434,0.5735639333724976,0.5647680759429932,0.5438146591186523,1.0894965441429276,0.5292307734489441,0.9015384912490845,0.9353846311569214,0.717832624912262,0.9699388910084963,1.1023842198774219
357,1.1862975358963013,11.073326110839844,0.5742392539978027,0.5647650957107544,0.5438178181648254,1.0894996997154207,0.5292307734489441,0.9015384912490845,0.9353846311569214,0.7178347110748291,0.9732420090585947,1.1074104504659772
358,1.1862926483154297,11.080534934997559,0.5749130845069885,0.5647620558738708,0.5438211560249329,1.0895034589014294,0.5292307734489441,0.9015384912490845,0.9353846311569214,0.7178372144699097,0.9787752442061901,1.1128108575940132
359,1.1862876415252686,11.087726593017578,0.5755853652954102,0.5647590160369873,0.5438249707221985,1.0895083995410224,0.5292307734489441,0.9015384912490845,0.9353846311569214,0.7178406119346619,0.9756840849295259,1.1099783647805452
360,1.1862821578979492,11.094902992248535,0.576256275177002,0.5647559762001038,0.5438295602798462,1.089514334212786,0.5292307734489441,0.9015384912490845,0.9353846311569214,0.7178446650505066,0.9739474831148982,1.1049309652298689
361,1.186277151107788,11.102063179016113,0.5769257545471191,0.564752995967865,0.5438352823257446,1.0895222026093667,0.5292307734489441,0.9015384912490845,0.9353846311569214,0.7178500294685364,0.982085183262825,1.111733028665185
362,1.1862720251083374,11.109207153320312,0.5775938630104065,0.5647501945495605,0.5438412427902222,1.0895299347342962,0.5292307734489441,0.9015384912490845,0.9353846311569214,0.7178553938865662,1.022741176187992,1.1549197174608707
363,1.1862671375274658,11.116334915161133,0.578260600566864,0.5647474527359009,0.5438470244407654,1.0895374322014626,0.5292307734489441,0.9015384912490845,0.9353846311569214,0.7178605794906616,0.9825020488351583,1.1162902442738414
364,1.1862620115280151,11.12344741821289,0.5789259076118469,0.5647449493408203,0.5438529849052429,1.0895443949841368,0.5292307734489441,0.9015384912490845,0.9353846311569214,0.7178653478622437,0.97536176815629,1.10800804477185
365,1.186257004737854,11.130542755126953,0.57958984375,0.5647426843643188,0.5438586473464966,1.089549802041391,0.5292307734489441,0.9015384912490845,0.9353846311569214,0.7178691029548645,0.9806377869099379,1.112680109217763
366,1.1862521171569824,11.137622833251953,0.5802523493766785,0.5647406578063965,0.5438637733459473,1.0895541400022932,0.5292307734489441,0.9015384912490845,0.9353846311569214,0.7178720235824585,0.95946379378438,1.087168538942933
367,1.18624746799469,11.144684791564941,0.5809134840965271,0.5647387504577637,0.5438680052757263,1.0895563715436873,0.5292307734489441,0.9015384912490845,0.9353846311569214,0.7178735733032227,1.2543918378651142,1.3809523228555918
368,1.1862428188323975,11.151729583740234,0.5815731287002563,0.56473708152771,0.5438719391822815,1.089557303654896,0.5292307734489441,0.9015384912490845,0.9353846311569214,0.7178741693496704,0.9627834111452103,1.0903266370296478
369,1.1862382888793945,11.158757209777832,0.5822315216064453,0.5647353529930115,0.5438753366470337,1.0895572937544318,0.5292307734489441,0.9015384912490845,0.9353846311569214,0.7178741097450256,1.2471222383901477,1.3933221232146025
370,1.1862337589263916,11.165765762329102,0.5828884243965149,0.5647337436676025,0.5438787937164307,1.0895569551087163,0.5292307734489441,0.9015384912490845,0.9353846311569214,0.7178738713264465,0.9775312775745988,1.1100268652662635
371,1.1862293481826782,11.172757148742676,0.5835439562797546,0.5647320747375488,0.5438814759254456,1.0895565898503001,0.5292307734489441,0.9015384912490845,0.9353846311569214,0.7178733944892883,0.9729929128661752,1.1052049724385142
372,1.1862249374389648,11.179730415344238,0.5841981172561646,0.5647303462028503,0.5438841581344604,1.0895565359097255,0.5292307734489441,0.9015384912490845,0.9353846311569214,0.7178731560707092,1.0117002241313457,1.1438858546316624
373,1.1862205266952515,11.186686515808105,0.5848507285118103,0.5647284984588623,0.5438865423202515,1.0895568240709095,0.5292307734489441,0.9015384912490845,0.9353846311569214,0.7178730964660645,1.3022973602637649,1.433763419277966
374,1.1862164735794067,11.193624496459961,0.585502028465271,0.5647264719009399,0.5438885688781738,1.0895574982520086,0.5292307734489441,0.9015384912490845,0.9353846311569214,0.717873215675354,1.3168016681447625,1.4424831522628665
375,1.186212182044983,11.200544357299805,0.5861518383026123,0.5647244453430176,0.5438907146453857,1.0895589388261449,0.5292307734489441,0.9015384912490845,0.9353846311569214,0.717873752117157,0.9915100513026118,1.658985092304647
376,1.1862081289291382,11.207447052001953,0.5868000984191895,0.5647224187850952,0.5438929796218872,1.0895607747399836,0.5292307734489441,0.9015384912490845,0.9353846311569214,0.7178745269775391,0.9702139487490058,1.0939368717372417
377,1.186203956604004,11.214332580566406,0.587446928024292,0.5647202730178833,0.54389488697052,1.0895626748734795,0.5292307734489441,0.9015384912490845,0.9353846311569214,0.7178753018379211,0.9825015179812908,1.1091132136061788
378,1.1861997842788696,11.221199989318848,0.5880920886993408,0.5647182464599609,0.5438965559005737,1.089564026820079,0.5292307734489441,0.9015384912490845,0.9353846311569214,0.7178757786750793,0.9739282131195068,1.1084389109164476
379,1.186195969581604,11.228049278259277,0.5887355804443359,0.5647162199020386,0.5438986420631409,1.089565687955896,0.5292307734489441,0.9015384912490845,0.9353846311569214,0.7178764343261719,1.3812295803800225,1.5096841780468822
380,1.1861919164657593,11.234882354736328,0.5893774032592773,0.5647143125534058,0.543900728225708,1.0895672908898726,0.5292307734489441,0.9015384912490845,0.9353846311569214,0.7178770303726196,1.2509196605533361,1.391116893850267
381,1.186187982559204,11.241697311401367,0.5900174379348755,0.5647125244140625,0.5439027547836304,1.089568373663605,0.5292307734489441,0.9015384912490845,0.9353846311569214,0.7178772687911987,0.9692998267710209,1.1013622488826513
382,1.1861839294433594,11.248496055603027,0.5906556248664856,0.5647108554840088,0.5439045429229736,1.0895688584621894,0.5292307734489441,0.9015384912490845,0.9353846311569214,0.7178772687911987,0.9868182577192783,1.1184069933369756
383,1.1861803531646729,11.255277633666992,0.5912918448448181,0.5647093653678894,0.5439067482948303,1.0895694555469022,0.5292307734489441,0.9015384912490845,0.9353846311569214,0.7178771495819092,1.0083617754280567,1.1426260266453028
384,1.1861763000488281,11.262042999267578,0.5919259786605835,0.5647079944610596,0.5439087748527527,1.0895702923421227,0.5292307734489441,0.9015384912490845,0.9353846311569214,0.7178773283958435,1.0229905238375068,1.1528354780748487
385,1.186172604560852,11.268793106079102,0.592557966709137,0.5647068619728088,0.5439106822013855,1.0895710415049291,0.5292307734489441,0.9015384912490845,0.9353846311569214,0.7178774476051331,1.0153987081721425,1.1403924385085702
386,1.186168909072876,11.275527954101562,0.593187689781189,0.5647058486938477,0.5439128279685974,1.0895720095389434,0.5292307734489441,0.9015384912490845,0.9353846311569214,0.7178777456283569,0.973998530767858,1.0993630783632398
387,1.1861650943756104,11.282248497009277,0.5938151478767395,0.564704954624176,0.5439150929450989,1.0895730298276567,0.5292307734489441,0.9015384912490845,0.9353846311569214,0.7178781032562256,0.9777846345677972,1.111915516667068
388,1.1861613988876343,11.288955688476562,0.5944401025772095,0.5647041201591492,0.5439175963401794,1.089574949616994,0.5292307734489441,0.9015384912490845,0.9353846311569214,0.7178791761398315,0.960079456679523,1.0862793754786253
389,1.1861579418182373,11.295649528503418,0.5950625538825989,0.5647033452987671,0.5439202189445496,1.0895774928292403,0.5292307734489441,0.9015384912490845,0.9353846311569214,0.7178805470466614,1.0010091178119183,1.1259706998243928
390,1.1861543655395508,11.302330017089844,0.5956825017929077,0.5647026300430298,0.5439228415489197,1.0895796965534505,0.5292307734489441,0.9015384912490845,0.9353846311569214,0.7178817391395569,1.0203512096777558,1.1475122701376677
391,1.1861504316329956,11.308998107910156,0.5962998867034912,0.5647019147872925,0.543925940990448,1.0895822487190054,0.5292307734489441,0.9015384912490845,0.9353846311569214,0.7178831100463867,1.2587865944951773,1.3835105579346418
392,1.1861469745635986,11.315651893615723,0.5969147086143494,0.5647010803222656,0.5439288020133972,1.0895849554708545,0.5292307734489441,0.9015384912490845,0.9353846311569214,0.7178846001625061,1.0094373254105449,1.133688673377037
393,1.1861436367034912,11.32229232788086,0.5975269079208374,0.5647003054618835,0.5439317226409912,1.089587664447354,0.5292307734489441,0.9015384912490845,0.9353846311569214,0.7178861498832703,1.2796797202900052,1.4061881564557552
394,1.1861400604248047,11.3289213180542,0.5981366038322449,0.5646994709968567,0.5439350008964539,1.0895906506604107,0.5292307734489441,0.9015384912490845,0.9353846311569214,0.7178877592086792,1.0107673536986113,1.1363601190969348
395,1.1861364841461182,11.335536003112793,0.5987436771392822,0.5646986365318298,0.5439384579658508,1.0895937499017676,0.5292307734489441,0.9015384912490845,0.9353846311569214,0.7178896069526672,1.0053177466616035,1.1421342119574547
396,1.1861331462860107,11.342135429382324,0.5993481874465942,0.564697802066803,0.5439412593841553,1.0895959500044354,0.5292307734489441,0.9015384912490845,0.9353846311569214,0.717890739440918,1.0060598896816373,1.1331107607111335
397,1.1861298084259033,11.348722457885742,0.5999500751495361,0.5646970272064209,0.5439440011978149,1.0895982757935592,0.5292307734489441,0.9015384912490845,0.9353846311569214,0.7178919911384583,1.1631770273670554,1.2903630156069994
398,1.1861265897750854,11.355295181274414,0.6005495190620422,0.5646964311599731,0.5439473986625671,1.0896008559627317,0.5292307734489441,0.9015384912490845,0.9353846311569214,0.7178934812545776,1.3746099853888154,1.5063201915472746
399,1.186123251914978,11.361852645874023,0.601146399974823,0.5646959543228149,0.5439503788948059,1.0896036168851306,0.5292307734489441,0.9015384912490845,0.9353846311569214,0.7178950309753418,1.0037806518375874,1.1297719227150083
400,1.186119794845581,11.368395805358887,0.601740837097168,0.5646955966949463,0.5439533591270447,1.0896061254794605,0.5292307734489441,0.9015384912490845,0.9353846311569214,0.7178964614868164,1.8655466679483652,1.9867280665785074
401,1.1861164569854736,11.374924659729004,0.6023327708244324,0.5646953582763672,0.5439563989639282,1.0896081919649547,0.5292307734489441,0.9015384912490845,0.9353846311569214,0.7178976535797119,0.955185055732727,1.0812685955315828
402,1.1861133575439453,11.381437301635742,0.6029223203659058,0.5646951794624329,0.5439597964286804,1.0896114869170082,0.5292307734489441,0.9015384912490845,0.9338461756706238,0.7178996205329895,0.9726330051198602,1.1003449391573668
403,1.1861101388931274,11.387934684753418,0.6035093665122986,0.5646951198577881,0.5439631342887878,1.08961450704018,0.5292307734489441,0.9015384912490845,0.9338461756706238,0.7179014682769775,1.3721564086154103,1.4988285135477781
404,1.1861066818237305,11.394417762756348,0.6040940284729004,0.5646951198577881,0.5439662337303162,1.0896168406298734,0.5292307734489441,0.9015384912490845,0.9338461756706238,0.7179028391838074,1.2033129259943962,1.3284301459789276
405,1.1861038208007812,11.400883674621582,0.6046763062477112,0.5646951198577881,0.5439696311950684,1.089619505503712,0.5307692289352417,0.9015384912490845,0.9338461756706238,0.7179043889045715,1.0227763960137963,1.1517420392483473
406,1.1861004829406738,11.407336235046387,0.6052563190460205,0.5646951198577881,0.5439728498458862,1.0896225204046752,0.5307692289352417,0.9015384912490845,0.9338461756706238,0.7179062366485596,1.0139913726598024,1.144621528685093
407,1.186097264289856,11.413772583007812,0.6058339476585388,0.5646950006484985,0.5439763069152832,1.0896250927007733,0.5307692289352417,0.9015384912490845,0.9338461756706238,0.7179077863693237,0.9635008238255978,1.089598573744297
408,1.186094045639038,11.420193672180176,0.6064092516899109,0.564694881439209,0.5439795851707458,1.089627982463749,0.5307692289352417,0.9015384912490845,0.9338461756706238,0.7179096341133118,0.9684726158156991,1.0939921513199806
409,1.1860910654067993,11.426599502563477,0.6069822907447815,0.5646947026252747,0.5439828634262085,1.0896308770248502,0.5307692289352417,0.9015384912490845,0.9338461756706238,0.7179113030433655,0.9644842641428113,1.0907752830535173
410,1.1860880851745605,11.432989120483398,0.6075530648231506,0.5646945238113403,0.5439860820770264,1.0896333064578394,0.5307692289352417,0.9015384912490845,0.9338461756706238,0.7179127335548401,0.9837691867724061,1.1104770814999938
411,1.1860849857330322,11.439363479614258,0.6081215739250183,0.5646944046020508,0.5439891815185547,1.0896361492072693,0.5307692289352417,0.9015384912490845,0.9338461756706238,0.7179144620895386,0.9737773342058063,1.107149942778051
412,1.186081886291504,11.445723533630371,0.6086878180503845,0.5646941661834717,0.5439925193786621,1.0896390710428727,0.5307692289352417,0.9015384912490845,0.9338461756706238,0.7179161906242371,1.0071244975551963,1.1387915033847094
413,1.1860789060592651,11.452066421508789,0.609251856803894,0.5646939873695374,0.54399573802948,1.0896420361249946,0.5307692289352417,0.9015384912490845,0.9338461756706238,0.7179179787635803,0.9825596073642373,1.1157851591706276
414,1.1860758066177368,11.458395004272461,0.6098136901855469,0.5646938681602478,0.5439988374710083,1.0896446342422728,0.5307692289352417,0.9015384912490845,0.9338461756706238,0.7179195284843445,1.0391708854585886,1.1709129018709064
415,1.1860730648040771,11.464707374572754,0.610373318195343,0.564693808555603,0.5440019369125366,1.089646980449702,0.5307692289352417,0.9015384912490845,0.9338461756706238,0.7179208397865295,1.0034413132816553,1.383310729637742
416,1.1860698461532593,11.471003532409668,0.6109307408332825,0.5646937489509583,0.5440047383308411,1.089649412113102,0.5307692289352417,0.9015384912490845,0.9338461756706238,0.7179222702980042,0.9562538843601942,1.0831634867936373
417,1.1860671043395996,11.477285385131836,0.61148601770401,0.564693808555603,0.5440077185630798,1.0896515623834042,0.5307692289352417,0.9015384912490845,0.9338461756706238,0.7179234623908997,1.2702697329223156,1.3956881193444133
418,1.1860642433166504,11.483551025390625,0.6120391488075256,0.5646939873695374,0.5440109372138977,1.0896543297936492,0.5307692289352417,0.9015384912490845,0.9338461756706238,0.7179251313209534,0.9613773347809911,1.086517064832151
419,1.1860612630844116,11.489802360534668,0.6125900745391846,0.5646941065788269,0.5440136790275574,1.0896567600864293,0.5307692289352417,0.9015384912490845,0.9338461756706238,0.7179266214370728,0.9540827954187989,1.0895264446735382
420,1.1860582828521729,11.496037483215332,0.6131388545036316,0.5646942853927612,0.5440165400505066,1.08965865011462,0.5307692289352417,0.9015384912490845,0.9338461756706238,0.7179276943206787,0.9605479016900063,1.0937817823141813
421,1.1860554218292236,11.502256393432617,0.6136854887008667,0.5646945238113403,0.5440191030502319,1.0896607303337977,0.5307692289352417,0.9015384912490845,0.9338461756706238,0.7179288864135742,0.9670423790812492,1.0947942333295941
422,1.1860525608062744,11.508461952209473,0.6142299771308899,0.5646947622299194,0.5440219640731812,1.0896628676006843,0.5307692289352417,0.9015384912490845,0.9338461756706238,0.7179301381111145,1.2473884653300047,1.380193310789764
423,1.1860499382019043,11.514649391174316,0.614772379398346,0.5646949410438538,0.544024646282196,1.0896644003424392,0.5307692289352417,0.9015384912490845,0.9338461756706238,0.7179309725761414,1.3485794384032488,1.4746441189199686
424,1.186047077178955,11.52082347869873,0.6153126955032349,0.5646951198577881,0.5440272688865662,1.089666554158981,0.5292307734489441,0.9015384912490845,0.9338461756706238,0.7179322242736816,1.822674535214901,1.9489772925153375
425,1.1860442161560059,11.52698040008545,0.6158509254455566,0.5646952390670776,0.5440301299095154,1.0896687775946394,0.5292307734489441,0.9015384912490845,0.9338461756706238,0.7179335355758667,0.9366937652230263,1.0579184535890818
426,1.1860417127609253,11.533123016357422,0.6163870692253113,0.5646953582763672,0.5440327525138855,1.0896707205938039,0.5292307734489441,0.9015384912490845,0.9338461756706238,0.7179347276687622,0.9544408218935132,1.0810710368677974
427,1.1860389709472656,11.539249420166016,0.6169211864471436,0.5646955966949463,0.5440354347229004,1.0896727458772988,0.5292307734489441,0.9015384912490845,0.9338461756706238,0.7179359197616577,0.9615328526124358,1.0863115154206753
428,1.1860361099243164,11.54535961151123,0.6174532175064087,0.5646957159042358,0.5440379977226257,1.089675023532852,0.5292307734489441,0.9015384912490845,0.9338461756706238,0.7179372310638428,1.2115903552621603,1.3371837195008993
429,1.1860336065292358,11.551454544067383,0.6179832220077515,0.5646959543228149,0.5440409779548645,1.0896772621912036,0.5276923179626465,0.9015384912490845,0.9338461756706238,0.7179386019706726,1.1922472137957811,1.3269811496138573
430,1.186030626296997,11.557535171508789,0.6185111999511719,0.5646960735321045,0.5440433621406555,1.0896789959210447,0.5276923179626465,0.9015384912490845,0.9338461756706238,0.7179396152496338,1.019668255932629,1.1578529588878155
431,1.1860281229019165,11.5635986328125,0.6190371513366699,0.5646963119506836,0.5440459847450256,1.089681214788133,0.5276923179626465,0.9015384912490845,0.9338461756706238,0.7179409265518188,1.029869707301259,1.1550984857603908
432,1.1860252618789673,11.569646835327148,0.6195610761642456,0.5646966099739075,0.5440486669540405,1.089683418908525,0.5276923179626465,0.9015384912490845,0.9338461756706238,0.7179422974586487,1.004998330026865,1.1373415794223547
433,1.1860228776931763,11.575679779052734,0.6200830340385437,0.5646968483924866,0.5440514087677002,1.0896855070869482,0.5276923179626465,0.9015384912490845,0.9338461756706238,0.717943549156189,1.0123300785198808,1.1460976442322135
434,1.1860202550888062,11.581697463989258,0.6206030249595642,0.5646971464157104,0.5440536737442017,1.0896874534303183,0.5276923179626465,0.9015384912490845,0.9338461756706238,0.7179447412490845,0.9726589052006602,1.1142546543851495
435,1.1860175132751465,11.587698936462402,0.6211209893226624,0.5646974444389343,0.5440564155578613,1.0896895357376524,0.5276923179626465,0.9015384912490845,0.9338461756706238,0.7179459929466248,0.9772155098617077,1.103545038960874
436,1.1860151290893555,11.593685150146484,0.6216370463371277,0.5646976828575134,0.5440589189529419,1.089691419944101,0.5276923179626465,0.9015384912490845,0.9338461756706238,0.7179471254348755,0.98001504316926,1.1089228764176369
437,1.1860123872756958,11.59965705871582,0.6221511363983154,0.5646979808807373,0.5440614223480225,1.0896936720807886,0.5276923179626465,0.9015384912490845,0.9338461756706238,0.7179485559463501,0.9602234857156873,1.087176688015461
438,1.1860100030899048,11.605613708496094,0.6226632595062256,0.564698338508606,0.5440638065338135,1.0896953565771583,0.5276923179626465,0.9015384912490845,0.9338461756706238,0.7179495692253113,1.0181142203509808,1.1457435470074415
439,1.1860072612762451,11.611555099487305,0.6231735348701477,0.5646987557411194,0.544066309928894,1.0896975078741218,0.5276923179626465,0.9015384912490845,0.9338461756706238,0.7179508805274963,0.9791526515036821,1.1136786490678787
440,1.1860047578811646,11.617480278015137,0.6236818432807922,0.5646990537643433,0.5440688133239746,1.0896995388013373,0.5276923179626465,0.9015384912490845,0.9338461756706238,0.7179521322250366,1.3195994403213263,1.447743620723486
441,1.1860020160675049,11.623393058776855,0.624188244342804,0.5646994709968567,0.5440711975097656,1.0897013162002573,0.5261538624763489,0.9015384912490845,0.9338461756706238,0.7179532647132874,0.9857163373380899,1.1173154339194298
442,1.1859996318817139,11.629287719726562,0.6246927380561829,0.5646998286247253,0.5440738201141357,1.0897033685858766,0.5261538624763489,0.9015384912490845,0.9338461756706238,0.7179546356201172,1.2498741010203958,1.3790768226608634
443,1.1859973669052124,11.635169982910156,0.6251953840255737,0.5647001266479492,0.5440763235092163,1.0897058850589993,0.5261538624763489,0.9015384912490845,0.9338461756706238,0.7179561257362366,1.0152070997282863,1.1432347521185875
444,1.1859947443008423,11.641036033630371,0.6256961226463318,0.5647004246711731,0.5440787076950073,1.0897077772024382,0.5261538624763489,0.9015384912490845,0.9338461756706238,0.7179572582244873,1.002364445477724,1.1273641660809517
445,1.1859922409057617,11.64688777923584,0.6261950135231018,0.5647007822990417,0.544080913066864,1.089709602483407,0.5261538624763489,0.9015384912490845,0.9338461756706238,0.7179584503173828,0.9824442798271775,1.1071520438417792
446,1.1859900951385498,11.652724266052246,0.6266920566558838,0.5647011399269104,0.5440836548805237,1.0897118936284635,0.5261538624763489,0.9015384912490845,0.9338461756706238,0.7179599404335022,1.2516356334090233,1.3786498149856925
447,1.1859873533248901,11.658546447753906,0.6271872520446777,0.5647015571594238,0.5440859794616699,1.089714179176635,0.5261538624763489,0.9015384912490845,0.9338461756706238,0.7179613709449768,1.3637417312711477,1.4892179369926453
448,1.1859850883483887,11.664353370666504,0.6276807188987732,0.5647019147872925,0.5440883040428162,1.0897157372414679,0.5261538624763489,0.9015384912490845,0.9338461756706238,0.717962384223938,0.9676036834716797,1.0968630239367485
449,1.185982584953308,11.670146942138672,0.6281723380088806,0.5647022724151611,0.5440905094146729,1.089717970800661,0.5261538624763489,0.9015384912490845,0.9338461756706238,0.7179638147354126,1.8448972590267658,1.9683492248877883
450,1.1859800815582275,11.675924301147461,0.6286621689796448,0.5647026300430298,0.5440930724143982,1.0897205193838213,0.5261538624763489,0.9015384912490845,0.9338461756706238,0.7179654240608215,0.9394546393305063,1.0671889027580619
451,1.1859780550003052,11.681686401367188,0.6291502714157104,0.5647029876708984,0.5440954566001892,1.0897224194506994,0.5261538624763489,0.9015384912490845,0.9338461756706238,0.7179666757583618,0.9811050221323967,1.1163189634680748
452,1.1859757900238037,11.687435150146484,0.6296365857124329,0.5647034645080566,0.5440974831581116,1.0897241348704967,0.5261538624763489,0.9015384912490845,0.9338461756706238,0.7179678678512573,1.3445560075342655,1.4765998106449842
453,1.1859732866287231,11.693169593811035,0.6301211714744568,0.5647040009498596,0.5440998673439026,1.0897262154541143,0.5261538624763489,0.9015384912490845,0.9338461756706238,0.7179692387580872,1.2613804694265127,1.387013854458928
454,1.1859705448150635,11.698888778686523,0.630604088306427,0.564704418182373,0.544102132320404,1.0897285098908835,0.5261538624763489,0.9015384912490845,0.9338461756706238,0.7179707884788513,0.956368824467063,1.082457784563303
455,1.185968279838562,11.70459270477295,0.6310852766036987,0.5647047758102417,0.5441043376922607,1.0897303029543852,0.5261538624763489,0.9015384912490845,0.9338461756706238,0.717971920967102,0.9802869809791446,1.1089428663253784
456,1.1859660148620605,11.710284233093262,0.6315647959709167,0.5647050142288208,0.5441064238548279,1.0897322504809346,0.5261538624763489,0.9015384912490845,0.9338461756706238,0.7179732322692871,0.9618005910888314,1.0872908374294639
457,1.185963749885559,11.715959548950195,0.632042646408081,0.5647053122520447,0.5441086292266846,1.0897346150287055,0.5261538624763489,0.9015384912490845,0.9338461756706238,0.7179747819900513,0.9682897878810763,1.1008450351655483
458,1.185961365699768,11.721622467041016,0.6325187683105469,0.5647056102752686,0.5441108345985413,1.0897365151102285,0.5261538624763489,0.9015384912490845,0.9338461756706238,0.7179761528968811,0.9793285094201565,1.1125093204900622
459,1.1859588623046875,11.727270126342773,0.6329932808876038,0.5647058486938477,0.5441128015518188,1.0897385855329782,0.5261538624763489,0.9015384912490845,0.9338461756706238,0.7179775834083557,0.9796665869653225,1.105646688491106
460,1.1859569549560547,11.732903480529785,0.6334661245346069,0.5647060871124268,0.5441151857376099,1.089740697412094,0.5261538624763489,0.9015384912490845,0.9338461756706238,0.7179790139198303,0.9684882555156946,1.0937733333557844
461,1.1859543323516846,11.738523483276367,0.6339373588562012,0.5647063851356506,0.5441170334815979,1.0897425701948955,0.5261538624763489,0.9015384912490845,0.9338461756706238,0.7179803252220154,0.9685478648170829,1.0939034931361675
462,1.1859521865844727,11.744129180908203,0.6344069838523865,0.5647066831588745,0.5441192388534546,1.0897444952089756,0.5261538624763489,0.9015384912490845,0.9338461756706238,0.7179816365242004,0.981623756699264,1.1074587497860193
463,1.1859499216079712,11.749720573425293,0.6348750591278076,0.5647069811820984,0.5441212058067322,1.0897467778816354,0.5276923179626465,0.9015384912490845,0.9338461756706238,0.7179832458496094,0.9637700216844678,1.0919926315546036
464,1.1859478950500488,11.75529670715332,0.635341465473175,0.5647073984146118,0.5441232323646545,1.089748866935632,0.5276923179626465,0.9015384912490845,0.9338461756706238,0.7179847955703735,0.9524916410446167,1.0789986979216337
465,1.1859453916549683,11.76086139678955,0.6358063817024231,0.5647077560424805,0.5441254377365112,1.0897511025798028,0.5276923179626465,0.9015384912490845,0.9338461756706238,0.7179863452911377,1.2698855753988028,1.3968455782160163
466,1.1859428882598877,11.766411781311035,0.6362696886062622,0.5647081136703491,0.5441274046897888,1.0897529916242137,0.5276923179626465,0.9015384912490845,0.9338461756706238,0.7179877161979675,0.9684644546359777,1.0947369439527392
467,1.1859406232833862,11.771946907043457,0.6367315053939819,0.564708411693573,0.5441291332244873,1.0897546818089796,0.5276923179626465,0.9015384912490845,0.9338461756706238,0.717988908290863,1.2220655316486955,1.3476583575829864
468,1.1859387159347534,11.777469635009766,0.6371917724609375,0.5647086501121521,0.5441312193870544,1.089756414218178,0.5276923179626465,0.9015384912490845,0.9338461756706238,0.7179902195930481,0.9576353011652827,1.0858297105878592
469,1.185936450958252,11.782979965209961,0.6376504898071289,0.564708948135376,0.5441329479217529,1.0897589523879576,0.5276923179626465,0.9015384912490845,0.9338461756706238,0.7179920077323914,0.967296146787703,1.0964284669607878
470,1.1859339475631714,11.788475036621094,0.6381077170372009,0.5647090077400208,0.5441350936889648,1.0897609124320473,0.5276923179626465,0.9015384912490845,0.9338461756706238,0.7179934978485107,0.9711637198925018,1.0976138161495328
471,1.18593168258667,11.793957710266113,0.6385635137557983,0.5647090673446655,0.5441369414329529,1.0897630386964066,0.5276923179626465,0.9015384912490845,0.9338461756706238,0.7179949879646301,1.2559050731360912,1.381420349702239
472,1.185929536819458,11.799427032470703,0.6390177607536316,0.5647091269493103,0.5441386103630066,1.0897648780593787,0.5276923179626465,0.9015384912490845,0.9338461756706238,0.71799635887146,1.3536331094801426,1.4867551811039448
473,1.185927152633667,11.804883003234863,0.639470636844635,0.5647091269493103,0.5441404581069946,1.0897667985356865,0.5276923179626465,0.9015384912490845,0.9338461756706238,0.7179978489875793,0.9514647321775556,1.6620028531178832
474,1.185925006866455,11.810324668884277,0.639922022819519,0.5647090673446655,0.5441417694091797,1.089768533372504,0.5276923179626465,0.9015384912490845,0.9338461756706238,0.7179991602897644,1.263424588367343,1.389539748430252
475,1.1859227418899536,11.815752983093262,0.640372097492218,0.5647090077400208,0.5441434979438782,1.089770178379819,0.5276923179626465,0.9015384912490845,0.9338461756706238,0.7180004715919495,0.9390965132042766,1.0801971573382616
476,1.1859205961227417,11.82116985321045,0.6408206820487976,0.5647090077400208,0.5441452264785767,1.089772387353892,0.5276923179626465,0.9015384912490845,0.9338461756706238,0.7180020213127136,0.9867246365174651,1.1145176906138659
477,1.1859183311462402,11.826573371887207,0.6412679553031921,0.5647090077400208,0.5441464781761169,1.0897736914582523,0.5276923179626465,0.9015384912490845,0.9338461756706238,0.7180030941963196,1.3296149736270308,1.4611939210444689
478,1.1859161853790283,11.831962585449219,0.6417137980461121,0.5647090673446655,0.5441479682922363,1.0897756101729552,0.5276923179626465,0.9015384912490845,0.9338461756706238,0.7180045247077942,1.1705486048012972,1.2962254099547863
479,1.1859139204025269,11.837340354919434,0.6421583294868469,0.5647091269493103,0.5441493988037109,1.089777493127623,0.5276923179626465,0.9015384912490845,0.9338461756706238,0.7180060148239136,0.9660479091107845,1.0931433895602822
480,1.1859118938446045,11.842703819274902,0.6426016092300415,0.5647091865539551,0.5441508889198303,1.0897793041091577,0.5276923179626465,0.9015384912490845,0.9338461756706238,0.7180074453353882,0.975281779654324,1.1013427004218102
481,1.1859097480773926,11.848054885864258,0.643043577671051,0.5647091865539551,0.5441519618034363,1.0897807287029488,0.5276923179626465,0.9015384912490845,0.9338461756706238,0.7180085182189941,0.9626970225945115,1.0876566534861922
482,1.185907244682312,11.853394508361816,0.6434842944145203,0.5647091865539551,0.5441530346870422,1.0897820060249948,0.5276923179626465,0.9015384912490845,0.9338461756706238,0.7180095314979553,0.9596620723605156,1.086049939505756
483,1.1859053373336792,11.858719825744629,0.6439236402511597,0.5647091865539551,0.5441545248031616,1.0897843229305342,0.5276923179626465,0.9015384912490845,0.9338461756706238,0.7180112600326538,0.9740621410310268,1.1007671356201172
484,1.1859031915664673,11.864032745361328,0.6443617939949036,0.5647091865539551,0.5441556572914124,1.08978554087528,0.5276923179626465,0.9015384912490845,0.9338461756706238,0.7180123329162598,0.9711128789931536,1.0968417823314667
485,1.1859009265899658,11.86933422088623,0.6447986960411072,0.5647090673446655,0.544156551361084,1.0897870608132247,0.5276923179626465,0.9015384912490845,0.9338461756706238,0.7180135250091553,0.971047249622643,1.097119971178472
486,1.1858989000320435,11.87462329864502,0.6452343463897705,0.564708948135376,0.5441575050354004,1.0897885377672443,0.5276923179626465,0.9015384912490845,0.9338461756706238,0.7180147171020508,0.9695310164242983,1.1041461331769824
487,1.1858967542648315,11.879898071289062,0.6456688642501831,0.5647087097167969,0.5441588163375854,1.0897905081851933,0.5276923179626465,0.9015384912490845,0.9338461756706238,0.7180162072181702,0.9800042025744915,1.1057892963290215
488,1.1858943700790405,11.885162353515625,0.6461020708084106,0.5647085309028625,0.5441597104072571,1.089792013976633,0.5276923179626465,0.9015384912490845,0.9338461756706238,0.7180173993110657,1.0030062589794397,1.1370902620255947
489,1.1858924627304077,11.890414237976074,0.6465340852737427,0.5647083520889282,0.5441604256629944,1.089793089097393,0.5276923179626465,0.9015384912490845,0.9338461756706238,0.7180182933807373,1.0162663087248802,1.4526757132261992
490,1.1858904361724854,11.895654678344727,0.646964967250824,0.5647082328796387,0.5441614985466003,1.089794502743788,0.5276923179626465,0.9015384912490845,0.9338461756706238,0.718019425868988,1.0080751897767186,1.1338469525799155
491,1.1858881711959839,11.90088176727295,0.6473945379257202,0.5647080540657043,0.5441625118255615,1.089796132991808,0.5292307734489441,0.9015384912490845,0.9338461756706238,0.7180206179618835,1.285546874627471,1.4179815026000142
492,1.1858863830566406,11.906096458435059,0.647822916507721,0.5647080540657043,0.5441634654998779,1.0897974251411668,0.5292307734489441,0.9015384912490845,0.9338461756706238,0.7180216908454895,1.0071629788726568,1.138380279764533
493,1.1858839988708496,11.911299705505371,0.6482500433921814,0.5647080540657043,0.5441643595695496,1.089799145072636,0.5292307734489441,0.9015384912490845,0.9338461756706238,0.7180229425430298,0.9831291828304529,1.1114540006965399
494,1.1858820915222168,11.91649055480957,0.6486760377883911,0.5647080540657043,0.5441656708717346,1.0898007625389434,0.5292307734489441,0.9015384912490845,0.9338461756706238,0.7180242538452148,1.0097628626972437,1.1398287750780582
495,1.1858800649642944,11.921669960021973,0.6491007208824158,0.5647081136703491,0.544166624546051,1.0898024859370745,0.5292307734489441,0.9015384912490845,0.9338461756706238,0.7180256247520447,1.0166354160755873,1.1572403749451041
496,1.185878038406372,11.926836967468262,0.6495240926742554,0.5647082328796387,0.5441674590110779,1.089803458572889,0.5292307734489441,0.9015384912490845,0.9338461756706238,0.7180263996124268,0.9733117893338203,1.4653559001162648
497,1.1858758926391602,11.93199348449707,0.6499462127685547,0.5647082924842834,0.5441691279411316,1.089805559561158,0.5292307734489441,0.9015384912490845,0.9338461756706238,0.7180279493331909,0.9834530893713236,1.1111257746815681
498,1.1858739852905273,11.93713665008545,0.6503670811653137,0.5647083520889282,0.5441701412200928,1.0898073289952381,0.5292307734489441,0.9015384912490845,0.9338461756706238,0.718029260635376,1.8808982679620385,2.0042472649365664
499,1.1858718395233154,11.942268371582031,0.6507866382598877,0.5647084712982178,0.5441712141036987,1.0898085746468253,0.5292307734489441,0.9015384912490845,0.9338461756706238,0.7180302143096924,0.9168371688574553,1.0370219266042113
