iteration,loss,lengthscale,likelyhood_noise,val_MAE,val_NLL,val_PICP50,val_PICP90,val_PICP95,val_RMSE,it_time_training,it_time
0,1.4351515769958496,2.4295477867126465,0.3728730380535126,0.5742588639259338,1.1418027877807617,0.7005388736724854,0.9676674604415894,0.9799845814704895,0.7406386733055115,0.23015030298847705,0.2748952659894712
1,1.3819156885147095,2.705299139022827,0.1312568038702011,0.5644546151161194,1.0727488994598389,0.59430330991745,0.9130100011825562,0.948421835899353,0.7375047206878662,0.017278170998906717,0.029986334004206583
2,1.3355779647827148,2.750969886779785,0.12691494822502136,0.5643255114555359,1.0730617046356201,0.5650500655174255,0.9091609120368958,0.9476520419120789,0.7379161715507507,0.017237166000995785,0.02910893500666134
3,1.3323090076446533,2.784440279006958,0.13067758083343506,0.5644791126251221,1.074994683265686,0.5619707703590393,0.9060816168785095,0.9476520419120789,0.7385896444320679,0.01751585799502209,0.029226556012872607
4,1.331016182899475,2.9553914070129395,0.14544188976287842,0.566860020160675,1.0841865539550781,0.5396459102630615,0.9083910584449768,0.9468821883201599,0.7423828840255737,0.01741502500954084,0.029777941992506385
5,1.3271819353103638,3.3822414875030518,0.16866916418075562,0.5739707350730896,1.0989104509353638,0.5396459102630615,0.9030023217201233,0.9476520419120789,0.7488753199577332,0.017512845020974055,0.029630855016876012
6,1.3235290050506592,3.5699656009674072,0.16674688458442688,0.5754551291465759,1.1037737131118774,0.5342571139335632,0.8937644362449646,0.9422633051872253,0.7489213943481445,0.01733749601407908,0.028701808012556285
7,1.3192853927612305,3.9568915367126465,0.21757619082927704,0.573901355266571,1.1042193174362183,0.5527328848838806,0.9022324681282043,0.9461123943328857,0.7440499067306519,0.015846288006287068,0.026578415010590106
8,1.3133612871170044,4.045278549194336,0.2302347868680954,0.573059618473053,1.104040503501892,0.5488837361335754,0.9030023217201233,0.9438029527664185,0.7426030039787292,0.015998137998394668,0.026733150996733457
9,1.3124651908874512,4.225273609161377,0.2508147954940796,0.5720708966255188,1.1034035682678223,0.5465742945671082,0.9022324681282043,0.9430330991744995,0.7408300042152405,0.016194029012694955,0.02682211500359699
10,1.3117314577102661,4.730241775512695,0.316022127866745,0.5681034326553345,1.09689199924469,0.545034646987915,0.9045419692993164,0.9445727467536926,0.734148383140564,0.016254556976491585,0.026790337986312807
11,1.309623122215271,5.789109230041504,0.46208688616752625,0.5600587129592896,1.0841741561889648,0.5627405643463135,0.9284064769744873,0.9561200737953186,0.7212631106376648,0.02410637101274915,0.03472222000709735
12,1.305931806564331,6.547333717346191,0.5509200096130371,0.5572444200515747,1.08103346824646,0.5673595070838928,0.936874508857727,0.9645881652832031,0.7152364253997803,0.02366415402502753,0.03412928699981421
13,1.303587794303894,7.813894271850586,0.5977299809455872,0.5550929307937622,1.0703849792480469,0.5658198595046997,0.9345650672912598,0.9661278128623962,0.70946204662323,0.01626961398869753,0.026873527007410303
14,1.2929599285125732,9.532283782958984,0.5206629037857056,0.5520224571228027,1.0490471124649048,0.5234795808792114,0.9099307060241699,0.9522709846496582,0.7027382254600525,0.01642298899241723,0.027451046014903113
15,1.2782673835754395,11.397367477416992,0.6013274788856506,0.5487898588180542,1.0451734066009521,0.5365666151046753,0.9214780330657959,0.960739016532898,0.6951754689216614,0.016074967017630115,0.025903503003064543
16,1.2748875617980957,12.071332931518555,0.5981014370918274,0.5475643277168274,1.0421959161758423,0.5288683772087097,0.9199383854866028,0.960739016532898,0.6931141018867493,0.0156781240075361,0.025770014006411657
17,1.2737916707992554,13.370960235595703,0.6071025729179382,0.5459694862365723,1.0397876501083374,0.5250192284584045,0.9214780330657959,0.9615088701248169,0.6903520226478577,0.016123250010423362,0.02640050702029839
18,1.272486686706543,15.72309398651123,0.6388466358184814,0.5457095503807068,1.0418304204940796,0.5327174663543701,0.923017680644989,0.9615088701248169,0.6893090009689331,0.016204043990001082,0.026890011999057606
19,1.270975112915039,16.395124435424805,0.6429067850112915,0.5459926724433899,1.0428169965744019,0.5365666151046753,0.9222478866577148,0.9622786641120911,0.6897391676902771,0.01663616401492618,0.02693614602321759
20,1.2701002359390259,15.727709770202637,0.633493959903717,0.5468325018882751,1.0424737930297852,0.5357967615127563,0.9168591499328613,0.9622786641120911,0.6901867985725403,0.016351644007954746,0.02662571199471131
21,1.2676355838775635,14.723085403442383,0.625670313835144,0.5481739640235901,1.0431194305419922,0.531947672367096,0.911470353603363,0.96304851770401,0.6913138031959534,0.024242285988293588,0.034413054992910475
22,1.2660199403762817,15.742033958435059,0.6405198574066162,0.548920214176178,1.0451881885528564,0.5357967615127563,0.9168591499328613,0.9645881652832031,0.6918532252311707,0.016719821986043826,0.02722007900592871
23,1.2657095193862915,15.90390396118164,0.6389086842536926,0.5486621260643005,1.0445971488952637,0.5342571139335632,0.9168591499328613,0.9645881652832031,0.6915279030799866,0.01692430197726935,0.027046139002777636
24,1.265639066696167,15.690957069396973,0.6323996782302856,0.5486509203910828,1.043885588645935,0.5327174663543701,0.9145496487617493,0.9638183116912842,0.6914454102516174,0.016743654006859288,0.026634692010702565
25,1.2655889987945557,15.657864570617676,0.6306206583976746,0.5487015247344971,1.0436760187149048,0.5296381711959839,0.9153195023536682,0.9638183116912842,0.6914116740226746,0.01670280797407031,0.02684260197565891
26,1.2655537128448486,15.662802696228027,0.6305443644523621,0.548746645450592,1.0435609817504883,0.5304080247879028,0.9153195023536682,0.96304851770401,0.6913423538208008,0.01664422999601811,0.02677403000416234
27,1.265488862991333,15.761768341064453,0.633729875087738,0.5487578511238098,1.0437111854553223,0.5327174663543701,0.9176289439201355,0.9638183116912842,0.691258430480957,0.016693165991455317,0.026598185999318957
28,1.2653909921646118,16.05978775024414,0.6379023194313049,0.5487931370735168,1.0440599918365479,0.5304080247879028,0.9183987975120544,0.9638183116912842,0.6912517547607422,0.01762593601597473,0.027903394016902894
29,1.2653084993362427,16.406124114990234,0.6395296454429626,0.5488512516021729,1.044304609298706,0.531177818775177,0.9183987975120544,0.9645881652832031,0.6913366317749023,0.017186005017720163,0.027341915003489703
30,1.265262246131897,16.883790969848633,0.6387771964073181,0.5489860773086548,1.0444682836532593,0.5288683772087097,0.9176289439201355,0.9645881652832031,0.6915414929389954,0.01716928300447762,0.02713539300020784
31,1.2651875019073486,17.53792381286621,0.6385102272033691,0.5492054224014282,1.044891595840454,0.5265588760375977,0.9145496487617493,0.9653579592704773,0.6919102072715759,0.02065625600516796,0.0310360360017512
32,1.2651207447052002,17.84737205505371,0.638887882232666,0.5493050217628479,1.0451111793518066,0.5265588760375977,0.9145496487617493,0.9653579592704773,0.6920578479766846,0.017815263010561466,0.02787863402045332
33,1.2650933265686035,18.34619140625,0.6391533613204956,0.5494639277458191,1.0452631711959839,0.5242494344711304,0.9168591499328613,0.9653579592704773,0.692150890827179,0.017665574996499345,0.027968009002506733
34,1.2650220394134521,19.331737518310547,0.6396833658218384,0.5496512651443481,1.045167088508606,0.5242494344711304,0.9160892963409424,0.9645881652832031,0.6920121312141418,0.01776160200824961,0.027922995010158047
35,1.2648651599884033,20.52388572692871,0.6402669548988342,0.5496077537536621,1.0445806980133057,0.5250192284584045,0.9176289439201355,0.9638183116912842,0.6914868950843811,0.017640653008129448,0.027925480011617765
36,1.2646342515945435,23.154996871948242,0.6394156217575073,0.5485662817955017,1.0424600839614868,0.531947672367096,0.9176289439201355,0.96304851770401,0.6897283792495728,0.01823500299360603,0.028476852021412924
37,1.2641607522964478,24.52284049987793,0.6378173232078552,0.5477836728096008,1.0418444871902466,0.5381062626838684,0.9160892963409424,0.960739016532898,0.689225971698761,0.026069393003126606,0.036500034999335185
38,1.2640458345413208,25.64322853088379,0.6370769739151001,0.5476772785186768,1.0418249368667603,0.5350269675254822,0.9160892963409424,0.960739016532898,0.6893587708473206,0.018549078988144174,0.029100697982357815
39,1.2637161016464233,27.375146865844727,0.6342297792434692,0.5476437211036682,1.04213285446167,0.531177818775177,0.9160892963409424,0.960739016532898,0.6899133920669556,0.018984573980560526,0.029392801981884986
40,1.263455867767334,27.261245727539062,0.6342810988426208,0.5477966666221619,1.042166829109192,0.531177818775177,0.9153195023536682,0.960739016532898,0.69001704454422,0.02633207300095819,0.036466490011662245
41,1.2634059190750122,28.263690948486328,0.6345654129981995,0.5478224158287048,1.042555332183838,0.5327174663543701,0.9153195023536682,0.9615088701248169,0.6903347373008728,0.018525016988860443,0.02882474899524823
42,1.263326644897461,29.400836944580078,0.6335973143577576,0.5482189655303955,1.043304681777954,0.5334873199462891,0.9153195023536682,0.9622786641120911,0.6910572648048401,0.018834082002285868,0.029231180000351742
43,1.2632321119308472,30.14805030822754,0.6336151957511902,0.5485253930091858,1.0438368320465088,0.5334873199462891,0.9153195023536682,0.960739016532898,0.6915188431739807,0.019121274002827704,0.029604966985061765
44,1.2631995677947998,30.644197463989258,0.633716344833374,0.5486089587211609,1.04401695728302,0.5350269675254822,0.9153195023536682,0.960739016532898,0.6916735768318176,0.01919546100543812,0.02980596400448121
45,1.2631803750991821,32.95634841918945,0.6344735622406006,0.5487907528877258,1.0444735288619995,0.5342571139335632,0.9145496487617493,0.960739016532898,0.6920133233070374,0.019413039000937715,0.02993639701162465
46,1.263117790222168,35.03201675415039,0.6344965696334839,0.5488486886024475,1.0446175336837769,0.5342571139335632,0.9137798547744751,0.960739016532898,0.6921107172966003,0.01941969498875551,0.029867472010664642
47,1.263082504272461,37.8342399597168,0.6344307065010071,0.5489208698272705,1.0447298288345337,0.5342571139335632,0.9137798547744751,0.9599692225456238,0.6921702027320862,0.019522415997926146,0.030106185004115105
48,1.2630480527877808,40.38128662109375,0.6343956589698792,0.5489696264266968,1.0447572469711304,0.5327174663543701,0.9137798547744751,0.960739016532898,0.6921603679656982,0.019822636008029804,0.031109094008570537
49,1.263024091720581,42.36494827270508,0.6343480944633484,0.5489969849586487,1.0447462797164917,0.531947672367096,0.9130100011825562,0.960739016532898,0.6921360492706299,0.020537447999231517,0.031210802000714466
50,1.2630090713500977,44.87529373168945,0.634454071521759,0.5490220785140991,1.0447561740875244,0.5304080247879028,0.9130100011825562,0.960739016532898,0.6921396255493164,0.02018591100932099,0.030584323016228154
51,1.262988567352295,50.02865982055664,0.6348451375961304,0.5490785837173462,1.044867753982544,0.5296381711959839,0.9137798547744751,0.9615088701248169,0.6922506093978882,0.019802135007921606,0.0301333200186491
52,1.2629554271697998,53.27818298339844,0.634905993938446,0.5491363406181335,1.0449976921081543,0.5296381711959839,0.9137798547744751,0.9615088701248169,0.6923822164535522,0.019938040990382433,0.03040781000163406
53,1.262947916984558,55.52680206298828,0.6348880529403687,0.54917311668396,1.045085072517395,0.5288683772087097,0.9137798547744751,0.9615088701248169,0.6924653053283691,0.020117665000725538,0.030555386998457834
54,1.2629454135894775,58.46099853515625,0.6349385976791382,0.5492050647735596,1.0451817512512207,0.5288683772087097,0.9137798547744751,0.9615088701248169,0.6925448775291443,0.020128248987020925,0.030577446013921872
55,1.2629430294036865,61.603023529052734,0.6350802779197693,0.5492207407951355,1.0452603101730347,0.5280985236167908,0.9137798547744751,0.9615088701248169,0.6925987005233765,0.020340615999884903,0.03111814899602905
56,1.262941837310791,63.93196105957031,0.6351674795150757,0.549220621585846,1.0453007221221924,0.5265588760375977,0.9137798547744751,0.960739016532898,0.6926236748695374,0.02037061200826429,0.030625910992966965
57,1.2629411220550537,64.83794403076172,0.6351675987243652,0.5492192506790161,1.045312762260437,0.5257890820503235,0.9137798547744751,0.960739016532898,0.6926339268684387,0.020401171001140028,0.030631230998551473
58,1.2629408836364746,65.13416290283203,0.6351580023765564,0.5492150187492371,1.0453139543533325,0.5257890820503235,0.9137798547744751,0.960739016532898,0.6926367878913879,0.020381679001729935,0.0307197000074666
59,1.2629406452178955,65.13416290283203,0.6351580023765564,0.5492150187492371,1.0453139543533325,0.5257890820503235,0.9137798547744751,0.960739016532898,0.6926367878913879,0.06653851101873443,0.07764895100262947
60,1.2629406452178955,65.13416290283203,0.6351580023765564,0.5492150187492371,1.0453139543533325,0.5257890820503235,0.9137798547744751,0.960739016532898,0.6926367878913879,0.06652757499250583,0.07681834799586795
61,1.2629406452178955,65.13416290283203,0.6351580023765564,0.5492150187492371,1.0453139543533325,0.5257890820503235,0.9137798547744751,0.960739016532898,0.6926367878913879,0.0674016959965229,0.07837280200328678
62,1.2629406452178955,65.13416290283203,0.6351580023765564,0.5492150187492371,1.0453139543533325,0.5257890820503235,0.9137798547744751,0.960739016532898,0.6926367878913879,0.06623715200112201,0.0762905570154544
63,1.2629406452178955,65.13416290283203,0.6351580023765564,0.5492150187492371,1.0453139543533325,0.5257890820503235,0.9137798547744751,0.960739016532898,0.6926367878913879,0.06703982598264702,0.07763666598475538
64,1.2629406452178955,65.13416290283203,0.6351580023765564,0.5492150187492371,1.0453139543533325,0.5257890820503235,0.9137798547744751,0.960739016532898,0.6926367878913879,0.06566995198954828,0.0758128079760354
65,1.2629406452178955,65.13416290283203,0.6351580023765564,0.5492150187492371,1.0453139543533325,0.5257890820503235,0.9137798547744751,0.960739016532898,0.6926367878913879,0.06572892097756267,0.07631785998819396
66,1.2629406452178955,65.13416290283203,0.6351580023765564,0.5492150187492371,1.0453139543533325,0.5257890820503235,0.9137798547744751,0.960739016532898,0.6926367878913879,0.06448705401271582,0.07439062700723298
67,1.2629406452178955,65.13416290283203,0.6351580023765564,0.5492150187492371,1.0453139543533325,0.5257890820503235,0.9137798547744751,0.960739016532898,0.6926367878913879,0.06418138500885107,0.07466586100053973
68,1.2629406452178955,65.13416290283203,0.6351580023765564,0.5492150187492371,1.0453139543533325,0.5257890820503235,0.9137798547744751,0.960739016532898,0.6926367878913879,0.06622020501527004,0.07665138700394891
69,1.2629406452178955,65.13416290283203,0.6351580023765564,0.5492150187492371,1.0453139543533325,0.5257890820503235,0.9137798547744751,0.960739016532898,0.6926367878913879,0.06461723300162703,0.07473839601152577
70,1.2629406452178955,65.13416290283203,0.6351580023765564,0.5492150187492371,1.0453139543533325,0.5257890820503235,0.9137798547744751,0.960739016532898,0.6926367878913879,0.06563110099523328,0.07594619001611136
71,1.2629406452178955,65.13416290283203,0.6351580023765564,0.5492150187492371,1.0453139543533325,0.5257890820503235,0.9137798547744751,0.960739016532898,0.6926367878913879,0.06648507100180723,0.07668235700111836
72,1.2629406452178955,65.13416290283203,0.6351580023765564,0.5492150187492371,1.0453139543533325,0.5257890820503235,0.9137798547744751,0.960739016532898,0.6926367878913879,0.06398871500277892,0.07417249999707565
73,1.2629406452178955,65.13416290283203,0.6351580023765564,0.5492150187492371,1.0453139543533325,0.5257890820503235,0.9137798547744751,0.960739016532898,0.6926367878913879,0.06427050998900086,0.07468819298082963
74,1.2629406452178955,65.13416290283203,0.6351580023765564,0.5492150187492371,1.0453139543533325,0.5257890820503235,0.9137798547744751,0.960739016532898,0.6926367878913879,0.06470040697604418,0.07507514898316003
75,1.2629406452178955,65.13416290283203,0.6351580023765564,0.5492150187492371,1.0453139543533325,0.5257890820503235,0.9137798547744751,0.960739016532898,0.6926367878913879,0.06415721500525251,0.07419587098411284
76,1.2629406452178955,65.13416290283203,0.6351580023765564,0.5492150187492371,1.0453139543533325,0.5257890820503235,0.9137798547744751,0.960739016532898,0.6926367878913879,0.06313167099142447,0.07332132599549368
77,1.2629406452178955,65.13416290283203,0.6351580023765564,0.5492150187492371,1.0453139543533325,0.5257890820503235,0.9137798547744751,0.960739016532898,0.6926367878913879,0.06544527600635774,0.07587418198818341
78,1.2629406452178955,65.13416290283203,0.6351580023765564,0.5492150187492371,1.0453139543533325,0.5257890820503235,0.9137798547744751,0.960739016532898,0.6926367878913879,0.06442137001431547,0.0744850700139068
79,1.2629406452178955,65.13416290283203,0.6351580023765564,0.5492150187492371,1.0453139543533325,0.5257890820503235,0.9137798547744751,0.960739016532898,0.6926367878913879,0.06484195598750375,0.07507446999079548
80,1.2629406452178955,65.13416290283203,0.6351580023765564,0.5492150187492371,1.0453139543533325,0.5257890820503235,0.9137798547744751,0.960739016532898,0.6926367878913879,0.06447791200480424,0.07494374699308537
81,1.2629406452178955,65.13416290283203,0.6351580023765564,0.5492150187492371,1.0453139543533325,0.5257890820503235,0.9137798547744751,0.960739016532898,0.6926367878913879,0.06486073200358078,0.07522848399821669
82,1.2629406452178955,65.13416290283203,0.6351580023765564,0.5492150187492371,1.0453139543533325,0.5257890820503235,0.9137798547744751,0.960739016532898,0.6926367878913879,0.06435358899761923,0.07457085599889979
83,1.2629406452178955,65.13416290283203,0.6351580023765564,0.5492150187492371,1.0453139543533325,0.5257890820503235,0.9137798547744751,0.960739016532898,0.6926367878913879,0.06371593501535244,0.07388218402047642
84,1.2629406452178955,65.13416290283203,0.6351580023765564,0.5492150187492371,1.0453139543533325,0.5257890820503235,0.9137798547744751,0.960739016532898,0.6926367878913879,0.0646967820066493,0.07493505399907008
85,1.2629406452178955,65.13416290283203,0.6351580023765564,0.5492150187492371,1.0453139543533325,0.5257890820503235,0.9137798547744751,0.960739016532898,0.6926367878913879,0.06464910201611929,0.07516639199457131
86,1.2629406452178955,65.13416290283203,0.6351580023765564,0.5492150187492371,1.0453139543533325,0.5257890820503235,0.9137798547744751,0.960739016532898,0.6926367878913879,0.06541398499393836,0.0758005179814063
87,1.2629406452178955,65.13416290283203,0.6351580023765564,0.5492150187492371,1.0453139543533325,0.5257890820503235,0.9137798547744751,0.960739016532898,0.6926367878913879,0.06552288800594397,0.07574983101221733
88,1.2629406452178955,65.13416290283203,0.6351580023765564,0.5492150187492371,1.0453139543533325,0.5257890820503235,0.9137798547744751,0.960739016532898,0.6926367878913879,0.06538869900396094,0.0756420659890864
89,1.2629406452178955,65.13416290283203,0.6351580023765564,0.5492150187492371,1.0453139543533325,0.5257890820503235,0.9137798547744751,0.960739016532898,0.6926367878913879,0.06618767700274475,0.07646284499787726
90,1.2629406452178955,65.13416290283203,0.6351580023765564,0.5492150187492371,1.0453139543533325,0.5257890820503235,0.9137798547744751,0.960739016532898,0.6926367878913879,0.06791098599205725,0.07836061998386867
91,1.2629406452178955,65.13416290283203,0.6351580023765564,0.5492150187492371,1.0453139543533325,0.5257890820503235,0.9137798547744751,0.960739016532898,0.6926367878913879,0.06613813599688001,0.07684345400775783
92,1.2629406452178955,65.13416290283203,0.6351580023765564,0.5492150187492371,1.0453139543533325,0.5257890820503235,0.9137798547744751,0.960739016532898,0.6926367878913879,0.06694851999054663,0.07793687400408089
93,1.2629406452178955,65.13416290283203,0.6351580023765564,0.5492150187492371,1.0453139543533325,0.5257890820503235,0.9137798547744751,0.960739016532898,0.6926367878913879,0.06636607999098487,0.07662104300106876
94,1.2629406452178955,65.13416290283203,0.6351580023765564,0.5492150187492371,1.0453139543533325,0.5257890820503235,0.9137798547744751,0.960739016532898,0.6926367878913879,0.06725616700714454,0.07781103899469599
95,1.2629406452178955,65.13416290283203,0.6351580023765564,0.5492150187492371,1.0453139543533325,0.5257890820503235,0.9137798547744751,0.960739016532898,0.6926367878913879,0.06556597800226882,0.0759414329950232
96,1.2629406452178955,65.13416290283203,0.6351580023765564,0.5492150187492371,1.0453139543533325,0.5257890820503235,0.9137798547744751,0.960739016532898,0.6926367878913879,0.0637952929828316,0.07375155299087055
97,1.2629406452178955,65.13416290283203,0.6351580023765564,0.5492150187492371,1.0453139543533325,0.5257890820503235,0.9137798547744751,0.960739016532898,0.6926367878913879,0.06390114699024707,0.07393651799065992
98,1.2629406452178955,65.13416290283203,0.6351580023765564,0.5492150187492371,1.0453139543533325,0.5257890820503235,0.9137798547744751,0.960739016532898,0.6926367878913879,0.06427613698178902,0.07451810198836029
99,1.2629406452178955,65.13416290283203,0.6351580023765564,0.5492150187492371,1.0453139543533325,0.5257890820503235,0.9137798547744751,0.960739016532898,0.6926367878913879,0.06297973799519241,0.07298202998936176
100,1.2629406452178955,65.13416290283203,0.6351580023765564,0.5492150187492371,1.0453139543533325,0.5257890820503235,0.9137798547744751,0.960739016532898,0.6926367878913879,0.06354709199513309,0.07374574799905531
101,1.2629406452178955,65.13416290283203,0.6351580023765564,0.5492150187492371,1.0453139543533325,0.5257890820503235,0.9137798547744751,0.960739016532898,0.6926367878913879,0.06249799000215717,0.07236342900432646
102,1.2629406452178955,65.13416290283203,0.6351580023765564,0.5492150187492371,1.0453139543533325,0.5257890820503235,0.9137798547744751,0.960739016532898,0.6926367878913879,0.06272232500487007,0.07260090400814079
103,1.2629406452178955,65.13416290283203,0.6351580023765564,0.5492150187492371,1.0453139543533325,0.5257890820503235,0.9137798547744751,0.960739016532898,0.6926367878913879,0.06241544600925408,0.07253762299660593
104,1.2629406452178955,65.13416290283203,0.6351580023765564,0.5492150187492371,1.0453139543533325,0.5257890820503235,0.9137798547744751,0.960739016532898,0.6926367878913879,0.06462115398608148,0.07488244498381391
105,1.2629406452178955,65.13416290283203,0.6351580023765564,0.5492150187492371,1.0453139543533325,0.5257890820503235,0.9137798547744751,0.960739016532898,0.6926367878913879,0.0650655560020823,0.0754878559964709
106,1.2629406452178955,65.13416290283203,0.6351580023765564,0.5492150187492371,1.0453139543533325,0.5257890820503235,0.9137798547744751,0.960739016532898,0.6926367878913879,0.06545229000039399,0.07581892400048673
107,1.2629406452178955,65.13416290283203,0.6351580023765564,0.5492150187492371,1.0453139543533325,0.5257890820503235,0.9137798547744751,0.960739016532898,0.6926367878913879,0.06536916401819326,0.07583371302462183
108,1.2629406452178955,65.13416290283203,0.6351580023765564,0.5492150187492371,1.0453139543533325,0.5257890820503235,0.9137798547744751,0.960739016532898,0.6926367878913879,0.0653657729853876,0.0756841929978691
109,1.2629406452178955,65.13416290283203,0.6351580023765564,0.5492150187492371,1.0453139543533325,0.5257890820503235,0.9137798547744751,0.960739016532898,0.6926367878913879,0.0670433720224537,0.0775488060025964
110,1.2629406452178955,65.13416290283203,0.6351580023765564,0.5492150187492371,1.0453139543533325,0.5257890820503235,0.9137798547744751,0.960739016532898,0.6926367878913879,0.06774285002029501,0.07817270900704898
111,1.2629406452178955,65.13416290283203,0.6351580023765564,0.5492150187492371,1.0453139543533325,0.5257890820503235,0.9137798547744751,0.960739016532898,0.6926367878913879,0.06726935398182832,0.07842109398916364
112,1.2629406452178955,65.13416290283203,0.6351580023765564,0.5492150187492371,1.0453139543533325,0.5257890820503235,0.9137798547744751,0.960739016532898,0.6926367878913879,0.06708229798823595,0.07750602898886427
113,1.2629406452178955,65.13416290283203,0.6351580023765564,0.5492150187492371,1.0453139543533325,0.5257890820503235,0.9137798547744751,0.960739016532898,0.6926367878913879,0.06599245799588971,0.07654568200814538
114,1.2629406452178955,65.13416290283203,0.6351580023765564,0.5492150187492371,1.0453139543533325,0.5257890820503235,0.9137798547744751,0.960739016532898,0.6926367878913879,0.06791505502769724,0.07974687602836639
115,1.2629406452178955,65.13416290283203,0.6351580023765564,0.5492150187492371,1.0453139543533325,0.5257890820503235,0.9137798547744751,0.960739016532898,0.6926367878913879,0.06649858001037501,0.0765526800241787
116,1.2629406452178955,65.13416290283203,0.6351580023765564,0.5492150187492371,1.0453139543533325,0.5257890820503235,0.9137798547744751,0.960739016532898,0.6926367878913879,0.0701277689950075,0.0803747879981529
117,1.2629406452178955,65.13416290283203,0.6351580023765564,0.5492150187492371,1.0453139543533325,0.5257890820503235,0.9137798547744751,0.960739016532898,0.6926367878913879,0.06586025501019321,0.07605475801392458
118,1.2629406452178955,65.13416290283203,0.6351580023765564,0.5492150187492371,1.0453139543533325,0.5257890820503235,0.9137798547744751,0.960739016532898,0.6926367878913879,0.06594044400844723,0.07612585602328181
119,1.2629406452178955,65.13416290283203,0.6351580023765564,0.5492150187492371,1.0453139543533325,0.5257890820503235,0.9137798547744751,0.960739016532898,0.6926367878913879,0.06436791198211722,0.07414444698952138
120,1.2629406452178955,65.13416290283203,0.6351580023765564,0.5492150187492371,1.0453139543533325,0.5257890820503235,0.9137798547744751,0.960739016532898,0.6926367878913879,0.0637332730111666,0.07392863900167868
121,1.2629406452178955,65.13416290283203,0.6351580023765564,0.5492150187492371,1.0453139543533325,0.5257890820503235,0.9137798547744751,0.960739016532898,0.6926367878913879,0.06347088402253576,0.07352421802352183
122,1.2629406452178955,65.13416290283203,0.6351580023765564,0.5492150187492371,1.0453139543533325,0.5257890820503235,0.9137798547744751,0.960739016532898,0.6926367878913879,0.06296074300189503,0.07291958999121562
123,1.2629406452178955,65.13416290283203,0.6351580023765564,0.5492150187492371,1.0453139543533325,0.5257890820503235,0.9137798547744751,0.960739016532898,0.6926367878913879,0.0630100030102767,0.07322807001764886
124,1.2629406452178955,65.13416290283203,0.6351580023765564,0.5492150187492371,1.0453139543533325,0.5257890820503235,0.9137798547744751,0.960739016532898,0.6926367878913879,0.06362180798896588,0.0738907780032605
125,1.2629406452178955,65.13416290283203,0.6351580023765564,0.5492150187492371,1.0453139543533325,0.5257890820503235,0.9137798547744751,0.960739016532898,0.6926367878913879,0.06383934101904742,0.07414755801437423
126,1.2629406452178955,65.13416290283203,0.6351580023765564,0.5492150187492371,1.0453139543533325,0.5257890820503235,0.9137798547744751,0.960739016532898,0.6926367878913879,0.06416117699700408,0.07446989600430243
127,1.2629406452178955,65.13416290283203,0.6351580023765564,0.5492150187492371,1.0453139543533325,0.5257890820503235,0.9137798547744751,0.960739016532898,0.6926367878913879,0.06433381998795085,0.07454719700035639
128,1.2629406452178955,65.13416290283203,0.6351580023765564,0.5492150187492371,1.0453139543533325,0.5257890820503235,0.9137798547744751,0.960739016532898,0.6926367878913879,0.06454515500809066,0.07464273099321872
129,1.2629406452178955,65.13416290283203,0.6351580023765564,0.5492150187492371,1.0453139543533325,0.5257890820503235,0.9137798547744751,0.960739016532898,0.6926367878913879,0.06493331500678323,0.07515999299357645
130,1.2629406452178955,65.13416290283203,0.6351580023765564,0.5492150187492371,1.0453139543533325,0.5257890820503235,0.9137798547744751,0.960739016532898,0.6926367878913879,0.06509957098751329,0.07526700099697337
131,1.2629406452178955,65.13416290283203,0.6351580023765564,0.5492150187492371,1.0453139543533325,0.5257890820503235,0.9137798547744751,0.960739016532898,0.6926367878913879,0.06520975602325052,0.07553741702577099
132,1.2629406452178955,65.13416290283203,0.6351580023765564,0.5492150187492371,1.0453139543533325,0.5257890820503235,0.9137798547744751,0.960739016532898,0.6926367878913879,0.06792882698937319,0.07876229300745763
133,1.2629406452178955,65.13416290283203,0.6351580023765564,0.5492150187492371,1.0453139543533325,0.5257890820503235,0.9137798547744751,0.960739016532898,0.6926367878913879,0.06703138098237105,0.07750168998609297
134,1.2629406452178955,65.13416290283203,0.6351580023765564,0.5492150187492371,1.0453139543533325,0.5257890820503235,0.9137798547744751,0.960739016532898,0.6926367878913879,0.06747578800423071,0.07824223500210792
135,1.2629406452178955,65.13416290283203,0.6351580023765564,0.5492150187492371,1.0453139543533325,0.5257890820503235,0.9137798547744751,0.960739016532898,0.6926367878913879,0.06636315601645038,0.07641830600914545
136,1.2629406452178955,65.13416290283203,0.6351580023765564,0.5492150187492371,1.0453139543533325,0.5257890820503235,0.9137798547744751,0.960739016532898,0.6926367878913879,0.06548195099458098,0.07577873399714008
137,1.2629406452178955,65.13416290283203,0.6351580023765564,0.5492150187492371,1.0453139543533325,0.5257890820503235,0.9137798547744751,0.960739016532898,0.6926367878913879,0.06536621801205911,0.07546449202345684
138,1.2629406452178955,65.13416290283203,0.6351580023765564,0.5492150187492371,1.0453139543533325,0.5257890820503235,0.9137798547744751,0.960739016532898,0.6926367878913879,0.06479028300964274,0.07513614700292237
139,1.2629406452178955,65.13416290283203,0.6351580023765564,0.5492150187492371,1.0453139543533325,0.5257890820503235,0.9137798547744751,0.960739016532898,0.6926367878913879,0.06459773497772403,0.07470074997399934
140,1.2629406452178955,65.13416290283203,0.6351580023765564,0.5492150187492371,1.0453139543533325,0.5257890820503235,0.9137798547744751,0.960739016532898,0.6926367878913879,0.0644571220036596,0.0748753089865204
141,1.2629406452178955,65.13416290283203,0.6351580023765564,0.5492150187492371,1.0453139543533325,0.5257890820503235,0.9137798547744751,0.960739016532898,0.6926367878913879,0.06449121201876551,0.07470548900892027
142,1.2629406452178955,65.13416290283203,0.6351580023765564,0.5492150187492371,1.0453139543533325,0.5257890820503235,0.9137798547744751,0.960739016532898,0.6926367878913879,0.06569228999433108,0.07597646699286997
143,1.2629406452178955,65.13416290283203,0.6351580023765564,0.5492150187492371,1.0453139543533325,0.5257890820503235,0.9137798547744751,0.960739016532898,0.6926367878913879,0.06483442598255351,0.07511395600158721
144,1.2629406452178955,65.13416290283203,0.6351580023765564,0.5492150187492371,1.0453139543533325,0.5257890820503235,0.9137798547744751,0.960739016532898,0.6926367878913879,0.0645685099880211,0.07484369998564944
145,1.2629406452178955,65.13416290283203,0.6351580023765564,0.5492150187492371,1.0453139543533325,0.5257890820503235,0.9137798547744751,0.960739016532898,0.6926367878913879,0.064052014000481,0.07417589399847202
146,1.2629406452178955,65.13416290283203,0.6351580023765564,0.5492150187492371,1.0453139543533325,0.5257890820503235,0.9137798547744751,0.960739016532898,0.6926367878913879,0.06291241201688536,0.07293480201042257
147,1.2629406452178955,65.13416290283203,0.6351580023765564,0.5492150187492371,1.0453139543533325,0.5257890820503235,0.9137798547744751,0.960739016532898,0.6926367878913879,0.06433801600360312,0.07464915001764894
148,1.2629406452178955,65.13416290283203,0.6351580023765564,0.5492150187492371,1.0453139543533325,0.5257890820503235,0.9137798547744751,0.960739016532898,0.6926367878913879,0.06298113201046363,0.07331225200323388
149,1.2629406452178955,65.13416290283203,0.6351580023765564,0.5492150187492371,1.0453139543533325,0.5257890820503235,0.9137798547744751,0.960739016532898,0.6926367878913879,0.06365462901885621,0.07385693001560867
150,1.2629406452178955,65.13416290283203,0.6351580023765564,0.5492150187492371,1.0453139543533325,0.5257890820503235,0.9137798547744751,0.960739016532898,0.6926367878913879,0.06400396299432032,0.07443112198961899
151,1.2629406452178955,65.13416290283203,0.6351580023765564,0.5492150187492371,1.0453139543533325,0.5257890820503235,0.9137798547744751,0.960739016532898,0.6926367878913879,0.06429946899879724,0.07464489102130756
152,1.2629406452178955,65.13416290283203,0.6351580023765564,0.5492150187492371,1.0453139543533325,0.5257890820503235,0.9137798547744751,0.960739016532898,0.6926367878913879,0.06349174500792287,0.07367615000111982
153,1.2629406452178955,65.13416290283203,0.6351580023765564,0.5492150187492371,1.0453139543533325,0.5257890820503235,0.9137798547744751,0.960739016532898,0.6926367878913879,0.06595843701506965,0.07635811201180331
154,1.2629406452178955,65.13416290283203,0.6351580023765564,0.5492150187492371,1.0453139543533325,0.5257890820503235,0.9137798547744751,0.960739016532898,0.6926367878913879,0.06499788200017065,0.07519617700017989
155,1.2629406452178955,65.13416290283203,0.6351580023765564,0.5492150187492371,1.0453139543533325,0.5257890820503235,0.9137798547744751,0.960739016532898,0.6926367878913879,0.06468081299681216,0.0748591230076272
156,1.2629406452178955,65.13416290283203,0.6351580023765564,0.5492150187492371,1.0453139543533325,0.5257890820503235,0.9137798547744751,0.960739016532898,0.6926367878913879,0.06480381501023658,0.07523395901080221
157,1.2629406452178955,65.13416290283203,0.6351580023765564,0.5492150187492371,1.0453139543533325,0.5257890820503235,0.9137798547744751,0.960739016532898,0.6926367878913879,0.06539163700654171,0.0757924549980089
158,1.2629406452178955,65.13416290283203,0.6351580023765564,0.5492150187492371,1.0453139543533325,0.5257890820503235,0.9137798547744751,0.960739016532898,0.6926367878913879,0.06480749399634078,0.07519396601128392
159,1.2629406452178955,65.13416290283203,0.6351580023765564,0.5492150187492371,1.0453139543533325,0.5257890820503235,0.9137798547744751,0.960739016532898,0.6926367878913879,0.065365402988391,0.07579252100549638
160,1.2629406452178955,65.13416290283203,0.6351580023765564,0.5492150187492371,1.0453139543533325,0.5257890820503235,0.9137798547744751,0.960739016532898,0.6926367878913879,0.06573393198777921,0.07658125000307336
161,1.2629406452178955,65.13416290283203,0.6351580023765564,0.5492150187492371,1.0453139543533325,0.5257890820503235,0.9137798547744751,0.960739016532898,0.6926367878913879,0.06529474098351784,0.07553141997777857
162,1.2629406452178955,65.13416290283203,0.6351580023765564,0.5492150187492371,1.0453139543533325,0.5257890820503235,0.9137798547744751,0.960739016532898,0.6926367878913879,0.06596491200616583,0.07691988401347771
163,1.2629406452178955,65.13416290283203,0.6351580023765564,0.5492150187492371,1.0453139543533325,0.5257890820503235,0.9137798547744751,0.960739016532898,0.6926367878913879,0.06481183698633686,0.07531272398773581
164,1.2629406452178955,65.13416290283203,0.6351580023765564,0.5492150187492371,1.0453139543533325,0.5257890820503235,0.9137798547744751,0.960739016532898,0.6926367878913879,0.06578360398998484,0.07627584898727946
165,1.2629406452178955,65.13416290283203,0.6351580023765564,0.5492150187492371,1.0453139543533325,0.5257890820503235,0.9137798547744751,0.960739016532898,0.6926367878913879,0.06518227298511192,0.07549930099048652
166,1.2629406452178955,65.13416290283203,0.6351580023765564,0.5492150187492371,1.0453139543533325,0.5257890820503235,0.9137798547744751,0.960739016532898,0.6926367878913879,0.06536453298758715,0.07596276397816837
167,1.2629406452178955,65.13416290283203,0.6351580023765564,0.5492150187492371,1.0453139543533325,0.5257890820503235,0.9137798547744751,0.960739016532898,0.6926367878913879,0.06393643998308107,0.07403346500359476
168,1.2629406452178955,65.13416290283203,0.6351580023765564,0.5492150187492371,1.0453139543533325,0.5257890820503235,0.9137798547744751,0.960739016532898,0.6926367878913879,0.06392632200731896,0.07434852700680494
169,1.2629406452178955,65.13416290283203,0.6351580023765564,0.5492150187492371,1.0453139543533325,0.5257890820503235,0.9137798547744751,0.960739016532898,0.6926367878913879,0.06328059997758828,0.07336772099370137
170,1.2629406452178955,65.13416290283203,0.6351580023765564,0.5492150187492371,1.0453139543533325,0.5257890820503235,0.9137798547744751,0.960739016532898,0.6926367878913879,0.0643407049938105,0.07450486300513148
171,1.2629406452178955,65.13416290283203,0.6351580023765564,0.5492150187492371,1.0453139543533325,0.5257890820503235,0.9137798547744751,0.960739016532898,0.6926367878913879,0.0658296909823548,0.07622271199943498
172,1.2629406452178955,65.13416290283203,0.6351580023765564,0.5492150187492371,1.0453139543533325,0.5257890820503235,0.9137798547744751,0.960739016532898,0.6926367878913879,0.06482892800704576,0.07499658499727957
173,1.2629406452178955,65.13416290283203,0.6351580023765564,0.5492150187492371,1.0453139543533325,0.5257890820503235,0.9137798547744751,0.960739016532898,0.6926367878913879,0.06591802998445928,0.07641194498864934
174,1.2629406452178955,65.13416290283203,0.6351580023765564,0.5492150187492371,1.0453139543533325,0.5257890820503235,0.9137798547744751,0.960739016532898,0.6926367878913879,0.06436812999891117,0.07448637500056066
175,1.2629406452178955,65.13416290283203,0.6351580023765564,0.5492150187492371,1.0453139543533325,0.5257890820503235,0.9137798547744751,0.960739016532898,0.6926367878913879,0.0652414090000093,0.07545921200653538
176,1.2629406452178955,65.13416290283203,0.6351580023765564,0.5492150187492371,1.0453139543533325,0.5257890820503235,0.9137798547744751,0.960739016532898,0.6926367878913879,0.06517279800027609,0.07546267300494947
177,1.2629406452178955,65.13416290283203,0.6351580023765564,0.5492150187492371,1.0453139543533325,0.5257890820503235,0.9137798547744751,0.960739016532898,0.6926367878913879,0.06864688199129887,0.07895315598580055
178,1.2629406452178955,65.13416290283203,0.6351580023765564,0.5492150187492371,1.0453139543533325,0.5257890820503235,0.9137798547744751,0.960739016532898,0.6926367878913879,0.06480293499771506,0.07521021299180575
179,1.2629406452178955,65.13416290283203,0.6351580023765564,0.5492150187492371,1.0453139543533325,0.5257890820503235,0.9137798547744751,0.960739016532898,0.6926367878913879,0.06593827801407315,0.07634887701715343
180,1.2629406452178955,65.13416290283203,0.6351580023765564,0.5492150187492371,1.0453139543533325,0.5257890820503235,0.9137798547744751,0.960739016532898,0.6926367878913879,0.06563023698981851,0.07618422599625774
181,1.2629406452178955,65.13416290283203,0.6351580023765564,0.5492150187492371,1.0453139543533325,0.5257890820503235,0.9137798547744751,0.960739016532898,0.6926367878913879,0.06575869501102716,0.07641658801003359
182,1.2629406452178955,65.13416290283203,0.6351580023765564,0.5492150187492371,1.0453139543533325,0.5257890820503235,0.9137798547744751,0.960739016532898,0.6926367878913879,0.06564238597638905,0.07600159398862161
183,1.2629406452178955,65.13416290283203,0.6351580023765564,0.5492150187492371,1.0453139543533325,0.5257890820503235,0.9137798547744751,0.960739016532898,0.6926367878913879,0.06691411600331776,0.07744438201189041
184,1.2629406452178955,65.13416290283203,0.6351580023765564,0.5492150187492371,1.0453139543533325,0.5257890820503235,0.9137798547744751,0.960739016532898,0.6926367878913879,0.06482383201364428,0.07516706400201656
185,1.2629406452178955,65.13416290283203,0.6351580023765564,0.5492150187492371,1.0453139543533325,0.5257890820503235,0.9137798547744751,0.960739016532898,0.6926367878913879,0.06527534397901036,0.07564366297447123
186,1.2629406452178955,65.13416290283203,0.6351580023765564,0.5492150187492371,1.0453139543533325,0.5257890820503235,0.9137798547744751,0.960739016532898,0.6926367878913879,0.06526316600502469,0.07567809798638336
187,1.2629406452178955,65.13416290283203,0.6351580023765564,0.5492150187492371,1.0453139543533325,0.5257890820503235,0.9137798547744751,0.960739016532898,0.6926367878913879,0.06511703197611496,0.07598629497806542
188,1.2629406452178955,65.13416290283203,0.6351580023765564,0.5492150187492371,1.0453139543533325,0.5257890820503235,0.9137798547744751,0.960739016532898,0.6926367878913879,0.06510174198774621,0.07542123401071876
189,1.2629406452178955,65.13416290283203,0.6351580023765564,0.5492150187492371,1.0453139543533325,0.5257890820503235,0.9137798547744751,0.960739016532898,0.6926367878913879,0.06520419198204763,0.07550951698794961
190,1.2629406452178955,65.13416290283203,0.6351580023765564,0.5492150187492371,1.0453139543533325,0.5257890820503235,0.9137798547744751,0.960739016532898,0.6926367878913879,0.064604002982378,0.07471881899982691
191,1.2629406452178955,65.13416290283203,0.6351580023765564,0.5492150187492371,1.0453139543533325,0.5257890820503235,0.9137798547744751,0.960739016532898,0.6926367878913879,0.06362769397674128,0.07408157899044454
192,1.2629406452178955,65.13416290283203,0.6351580023765564,0.5492150187492371,1.0453139543533325,0.5257890820503235,0.9137798547744751,0.960739016532898,0.6926367878913879,0.06294326498755254,0.07305606300360523
193,1.2629406452178955,65.13416290283203,0.6351580023765564,0.5492150187492371,1.0453139543533325,0.5257890820503235,0.9137798547744751,0.960739016532898,0.6926367878913879,0.06385086599038914,0.07401342398952693
194,1.2629406452178955,65.13416290283203,0.6351580023765564,0.5492150187492371,1.0453139543533325,0.5257890820503235,0.9137798547744751,0.960739016532898,0.6926367878913879,0.06251426500966772,0.07259691000217572
195,1.2629406452178955,65.13416290283203,0.6351580023765564,0.5492150187492371,1.0453139543533325,0.5257890820503235,0.9137798547744751,0.960739016532898,0.6926367878913879,0.06389796599978581,0.07414713501930237
196,1.2629406452178955,65.13416290283203,0.6351580023765564,0.5492150187492371,1.0453139543533325,0.5257890820503235,0.9137798547744751,0.960739016532898,0.6926367878913879,0.06433724099770188,0.0746008679852821
197,1.2629406452178955,65.13416290283203,0.6351580023765564,0.5492150187492371,1.0453139543533325,0.5257890820503235,0.9137798547744751,0.960739016532898,0.6926367878913879,0.06454106897581369,0.07473938897601329
198,1.2629406452178955,65.13416290283203,0.6351580023765564,0.5492150187492371,1.0453139543533325,0.5257890820503235,0.9137798547744751,0.960739016532898,0.6926367878913879,0.06584576901514083,0.0761735400010366
199,1.2629406452178955,65.13416290283203,0.6351580023765564,0.5492150187492371,1.0453139543533325,0.5257890820503235,0.9137798547744751,0.960739016532898,0.6926367878913879,0.06637856300221756,0.07683388600707985
200,1.2629406452178955,65.13416290283203,0.6351580023765564,0.5492150187492371,1.0453139543533325,0.5257890820503235,0.9137798547744751,0.960739016532898,0.6926367878913879,0.0666880979842972,0.07684141999925487
201,1.2629406452178955,65.13416290283203,0.6351580023765564,0.5492150187492371,1.0453139543533325,0.5257890820503235,0.9137798547744751,0.960739016532898,0.6926367878913879,0.06595967299654149,0.07633864501258358
202,1.2629406452178955,65.13416290283203,0.6351580023765564,0.5492150187492371,1.0453139543533325,0.5257890820503235,0.9137798547744751,0.960739016532898,0.6926367878913879,0.06697343100677244,0.07719929201994091
203,1.2629406452178955,65.13416290283203,0.6351580023765564,0.5492150187492371,1.0453139543533325,0.5257890820503235,0.9137798547744751,0.960739016532898,0.6926367878913879,0.06592691800324246,0.0760863660252653
204,1.2629406452178955,65.13416290283203,0.6351580023765564,0.5492150187492371,1.0453139543533325,0.5257890820503235,0.9137798547744751,0.960739016532898,0.6926367878913879,0.06647119598346762,0.07720377197256312
205,1.2629406452178955,65.13416290283203,0.6351580023765564,0.5492150187492371,1.0453139543533325,0.5257890820503235,0.9137798547744751,0.960739016532898,0.6926367878913879,0.06682658300269395,0.07785813001100905
206,1.2629406452178955,65.13416290283203,0.6351580023765564,0.5492150187492371,1.0453139543533325,0.5257890820503235,0.9137798547744751,0.960739016532898,0.6926367878913879,0.06702690001111478,0.07780956901842728
207,1.2629406452178955,65.13416290283203,0.6351580023765564,0.5492150187492371,1.0453139543533325,0.5257890820503235,0.9137798547744751,0.960739016532898,0.6926367878913879,0.06776667002122849,0.07837519102031365
208,1.2629406452178955,65.13416290283203,0.6351580023765564,0.5492150187492371,1.0453139543533325,0.5257890820503235,0.9137798547744751,0.960739016532898,0.6926367878913879,0.06663471600040793,0.07695771200815216
209,1.2629406452178955,65.13416290283203,0.6351580023765564,0.5492150187492371,1.0453139543533325,0.5257890820503235,0.9137798547744751,0.960739016532898,0.6926367878913879,0.0658772369788494,0.0760143419902306
210,1.2629406452178955,65.13416290283203,0.6351580023765564,0.5492150187492371,1.0453139543533325,0.5257890820503235,0.9137798547744751,0.960739016532898,0.6926367878913879,0.06470568999066018,0.07484711101278663
211,1.2629406452178955,65.13416290283203,0.6351580023765564,0.5492150187492371,1.0453139543533325,0.5257890820503235,0.9137798547744751,0.960739016532898,0.6926367878913879,0.06516342898248695,0.0753869769978337
212,1.2629406452178955,65.13416290283203,0.6351580023765564,0.5492150187492371,1.0453139543533325,0.5257890820503235,0.9137798547744751,0.960739016532898,0.6926367878913879,0.06294240499846637,0.07365821200073697
213,1.2629406452178955,65.13416290283203,0.6351580023765564,0.5492150187492371,1.0453139543533325,0.5257890820503235,0.9137798547744751,0.960739016532898,0.6926367878913879,0.06544420699356124,0.07551256398437545
214,1.2629406452178955,65.13416290283203,0.6351580023765564,0.5492150187492371,1.0453139543533325,0.5257890820503235,0.9137798547744751,0.960739016532898,0.6926367878913879,0.06472117500379682,0.07513416701112874
215,1.2629406452178955,65.13416290283203,0.6351580023765564,0.5492150187492371,1.0453139543533325,0.5257890820503235,0.9137798547744751,0.960739016532898,0.6926367878913879,0.0660133869969286,0.07650281101814471
216,1.2629406452178955,65.13416290283203,0.6351580023765564,0.5492150187492371,1.0453139543533325,0.5257890820503235,0.9137798547744751,0.960739016532898,0.6926367878913879,0.06566757999826223,0.07620694398065098
217,1.2629406452178955,65.13416290283203,0.6351580023765564,0.5492150187492371,1.0453139543533325,0.5257890820503235,0.9137798547744751,0.960739016532898,0.6926367878913879,0.06598002099781297,0.07633170200278983
218,1.2629406452178955,65.13416290283203,0.6351580023765564,0.5492150187492371,1.0453139543533325,0.5257890820503235,0.9137798547744751,0.960739016532898,0.6926367878913879,0.06594323200988583,0.07647564398939721
219,1.2629406452178955,65.13416290283203,0.6351580023765564,0.5492150187492371,1.0453139543533325,0.5257890820503235,0.9137798547744751,0.960739016532898,0.6926367878913879,0.0650178529904224,0.07539061299758032
220,1.2629406452178955,65.13416290283203,0.6351580023765564,0.5492150187492371,1.0453139543533325,0.5257890820503235,0.9137798547744751,0.960739016532898,0.6926367878913879,0.06539037701440975,0.07565638099913485
221,1.2629406452178955,65.13416290283203,0.6351580023765564,0.5492150187492371,1.0453139543533325,0.5257890820503235,0.9137798547744751,0.960739016532898,0.6926367878913879,0.06708239900763147,0.07760709401918575
222,1.2629406452178955,65.13416290283203,0.6351580023765564,0.5492150187492371,1.0453139543533325,0.5257890820503235,0.9137798547744751,0.960739016532898,0.6926367878913879,0.06504737798240967,0.0753272789879702
223,1.2629406452178955,65.13416290283203,0.6351580023765564,0.5492150187492371,1.0453139543533325,0.5257890820503235,0.9137798547744751,0.960739016532898,0.6926367878913879,0.06417746501392685,0.0742642350087408
224,1.2629406452178955,65.13416290283203,0.6351580023765564,0.5492150187492371,1.0453139543533325,0.5257890820503235,0.9137798547744751,0.960739016532898,0.6926367878913879,0.06596700099180453,0.07610208800178953
225,1.2629406452178955,65.13416290283203,0.6351580023765564,0.5492150187492371,1.0453139543533325,0.5257890820503235,0.9137798547744751,0.960739016532898,0.6926367878913879,0.06618842401076108,0.07668323302641511
226,1.2629406452178955,65.13416290283203,0.6351580023765564,0.5492150187492371,1.0453139543533325,0.5257890820503235,0.9137798547744751,0.960739016532898,0.6926367878913879,0.06607257298310287,0.07642419298645109
227,1.2629406452178955,65.13416290283203,0.6351580023765564,0.5492150187492371,1.0453139543533325,0.5257890820503235,0.9137798547744751,0.960739016532898,0.6926367878913879,0.06683694600360468,0.07761735000531189
228,1.2629406452178955,65.13416290283203,0.6351580023765564,0.5492150187492371,1.0453139543533325,0.5257890820503235,0.9137798547744751,0.960739016532898,0.6926367878913879,0.06640225200681016,0.07665928101050667
229,1.2629406452178955,65.13416290283203,0.6351580023765564,0.5492150187492371,1.0453139543533325,0.5257890820503235,0.9137798547744751,0.960739016532898,0.6926367878913879,0.06565404697903432,0.07579263497609645
230,1.2629406452178955,65.13416290283203,0.6351580023765564,0.5492150187492371,1.0453139543533325,0.5257890820503235,0.9137798547744751,0.960739016532898,0.6926367878913879,0.06480109097901732,0.07498883898369968
231,1.2629406452178955,65.13416290283203,0.6351580023765564,0.5492150187492371,1.0453139543533325,0.5257890820503235,0.9137798547744751,0.960739016532898,0.6926367878913879,0.0643095189880114,0.07443189600598998
232,1.2629406452178955,65.13416290283203,0.6351580023765564,0.5492150187492371,1.0453139543533325,0.5257890820503235,0.9137798547744751,0.960739016532898,0.6926367878913879,0.0653964429802727,0.0758061199740041
233,1.2629406452178955,65.13416290283203,0.6351580023765564,0.5492150187492371,1.0453139543533325,0.5257890820503235,0.9137798547744751,0.960739016532898,0.6926367878913879,0.06538324899156578,0.07567730700247921
234,1.2629406452178955,65.13416290283203,0.6351580023765564,0.5492150187492371,1.0453139543533325,0.5257890820503235,0.9137798547744751,0.960739016532898,0.6926367878913879,0.06531384997651912,0.07556275799288414
235,1.2629406452178955,65.13416290283203,0.6351580023765564,0.5492150187492371,1.0453139543533325,0.5257890820503235,0.9137798547744751,0.960739016532898,0.6926367878913879,0.06480097799794748,0.07550222799181938
236,1.2629406452178955,65.13416290283203,0.6351580023765564,0.5492150187492371,1.0453139543533325,0.5257890820503235,0.9137798547744751,0.960739016532898,0.6926367878913879,0.0658926390169654,0.07627740199677646
237,1.2629406452178955,65.13416290283203,0.6351580023765564,0.5492150187492371,1.0453139543533325,0.5257890820503235,0.9137798547744751,0.960739016532898,0.6926367878913879,0.06507228800910525,0.07549097601440735
238,1.2629406452178955,65.13416290283203,0.6351580023765564,0.5492150187492371,1.0453139543533325,0.5257890820503235,0.9137798547744751,0.960739016532898,0.6926367878913879,0.06599724100669846,0.07644357800018042
239,1.2629406452178955,65.13416290283203,0.6351580023765564,0.5492150187492371,1.0453139543533325,0.5257890820503235,0.9137798547744751,0.960739016532898,0.6926367878913879,0.06618325202725828,0.07808992700302042
240,1.2629406452178955,65.13416290283203,0.6351580023765564,0.5492150187492371,1.0453139543533325,0.5257890820503235,0.9137798547744751,0.960739016532898,0.6926367878913879,0.06714894800097682,0.07763736898778006
241,1.2629406452178955,65.13416290283203,0.6351580023765564,0.5492150187492371,1.0453139543533325,0.5257890820503235,0.9137798547744751,0.960739016532898,0.6926367878913879,0.06586446400615387,0.07686389700393192
242,1.2629406452178955,65.13416290283203,0.6351580023765564,0.5492150187492371,1.0453139543533325,0.5257890820503235,0.9137798547744751,0.960739016532898,0.6926367878913879,0.06730358299682848,0.07776018499862403
243,1.2629406452178955,65.13416290283203,0.6351580023765564,0.5492150187492371,1.0453139543533325,0.5257890820503235,0.9137798547744751,0.960739016532898,0.6926367878913879,0.06745615502586588,0.07772891101194546
244,1.2629406452178955,65.13416290283203,0.6351580023765564,0.5492150187492371,1.0453139543533325,0.5257890820503235,0.9137798547744751,0.960739016532898,0.6926367878913879,0.06544329199823551,0.07558233698364347
245,1.2629406452178955,65.13416290283203,0.6351580023765564,0.5492150187492371,1.0453139543533325,0.5257890820503235,0.9137798547744751,0.960739016532898,0.6926367878913879,0.06511846400098875,0.07551236599101685
246,1.2629406452178955,65.13416290283203,0.6351580023765564,0.5492150187492371,1.0453139543533325,0.5257890820503235,0.9137798547744751,0.960739016532898,0.6926367878913879,0.06314086000202224,0.07336733400006779
247,1.2629406452178955,65.13416290283203,0.6351580023765564,0.5492150187492371,1.0453139543533325,0.5257890820503235,0.9137798547744751,0.960739016532898,0.6926367878913879,0.06183276098454371,0.07198113200138323
248,1.2629406452178955,65.13416290283203,0.6351580023765564,0.5492150187492371,1.0453139543533325,0.5257890820503235,0.9137798547744751,0.960739016532898,0.6926367878913879,0.062327671999810264,0.07244494100450538
249,1.2629406452178955,65.13416290283203,0.6351580023765564,0.5492150187492371,1.0453139543533325,0.5257890820503235,0.9137798547744751,0.960739016532898,0.6926367878913879,0.06462580201332457,0.07476686500012875
250,1.2629406452178955,65.13416290283203,0.6351580023765564,0.5492150187492371,1.0453139543533325,0.5257890820503235,0.9137798547744751,0.960739016532898,0.6926367878913879,0.06477871901006438,0.07507777400314808
251,1.2629406452178955,65.13416290283203,0.6351580023765564,0.5492150187492371,1.0453139543533325,0.5257890820503235,0.9137798547744751,0.960739016532898,0.6926367878913879,0.06519507800112478,0.0754406499909237
252,1.2629406452178955,65.13416290283203,0.6351580023765564,0.5492150187492371,1.0453139543533325,0.5257890820503235,0.9137798547744751,0.960739016532898,0.6926367878913879,0.06556012498913333,0.07583121498464607
253,1.2629406452178955,65.13416290283203,0.6351580023765564,0.5492150187492371,1.0453139543533325,0.5257890820503235,0.9137798547744751,0.960739016532898,0.6926367878913879,0.06601085199508816,0.07637194398557767
254,1.2629406452178955,65.13416290283203,0.6351580023765564,0.5492150187492371,1.0453139543533325,0.5257890820503235,0.9137798547744751,0.960739016532898,0.6926367878913879,0.06456283101579174,0.07483500300440937
255,1.2629406452178955,65.13416290283203,0.6351580023765564,0.5492150187492371,1.0453139543533325,0.5257890820503235,0.9137798547744751,0.960739016532898,0.6926367878913879,0.06463303399505094,0.07468678700388409
256,1.2629406452178955,65.13416290283203,0.6351580023765564,0.5492150187492371,1.0453139543533325,0.5257890820503235,0.9137798547744751,0.960739016532898,0.6926367878913879,0.06412907998310402,0.074480268987827
257,1.2629406452178955,65.13416290283203,0.6351580023765564,0.5492150187492371,1.0453139543533325,0.5257890820503235,0.9137798547744751,0.960739016532898,0.6926367878913879,0.06533752699033357,0.07575864400132559
258,1.2629406452178955,65.13416290283203,0.6351580023765564,0.5492150187492371,1.0453139543533325,0.5257890820503235,0.9137798547744751,0.960739016532898,0.6926367878913879,0.06660358599037863,0.07691294298274443
259,1.2629406452178955,65.13416290283203,0.6351580023765564,0.5492150187492371,1.0453139543533325,0.5257890820503235,0.9137798547744751,0.960739016532898,0.6926367878913879,0.06661946699023247,0.07713302699266933
260,1.2629406452178955,65.13416290283203,0.6351580023765564,0.5492150187492371,1.0453139543533325,0.5257890820503235,0.9137798547744751,0.960739016532898,0.6926367878913879,0.06805968598928303,0.07856608100701123
261,1.2629406452178955,65.13416290283203,0.6351580023765564,0.5492150187492371,1.0453139543533325,0.5257890820503235,0.9137798547744751,0.960739016532898,0.6926367878913879,0.0677347729797475,0.07908056897576898
262,1.2629406452178955,65.13416290283203,0.6351580023765564,0.5492150187492371,1.0453139543533325,0.5257890820503235,0.9137798547744751,0.960739016532898,0.6926367878913879,0.06748417599010281,0.07780702100717463
263,1.2629406452178955,65.13416290283203,0.6351580023765564,0.5492150187492371,1.0453139543533325,0.5257890820503235,0.9137798547744751,0.960739016532898,0.6926367878913879,0.06700269502471201,0.07726001701666974
264,1.2629406452178955,65.13416290283203,0.6351580023765564,0.5492150187492371,1.0453139543533325,0.5257890820503235,0.9137798547744751,0.960739016532898,0.6926367878913879,0.06621300400001928,0.07672500898479484
265,1.2629406452178955,65.13416290283203,0.6351580023765564,0.5492150187492371,1.0453139543533325,0.5257890820503235,0.9137798547744751,0.960739016532898,0.6926367878913879,0.06499195599462837,0.07526634499663487
266,1.2629406452178955,65.13416290283203,0.6351580023765564,0.5492150187492371,1.0453139543533325,0.5257890820503235,0.9137798547744751,0.960739016532898,0.6926367878913879,0.06450614199275151,0.07480651600053534
267,1.2629406452178955,65.13416290283203,0.6351580023765564,0.5492150187492371,1.0453139543533325,0.5257890820503235,0.9137798547744751,0.960739016532898,0.6926367878913879,0.06594562501413748,0.07622581801842898
268,1.2629406452178955,65.13416290283203,0.6351580023765564,0.5492150187492371,1.0453139543533325,0.5257890820503235,0.9137798547744751,0.960739016532898,0.6926367878913879,0.06504748298902996,0.0753388220036868
269,1.2629406452178955,65.13416290283203,0.6351580023765564,0.5492150187492371,1.0453139543533325,0.5257890820503235,0.9137798547744751,0.960739016532898,0.6926367878913879,0.06527518399525434,0.07551084397709928
270,1.2629406452178955,65.13416290283203,0.6351580023765564,0.5492150187492371,1.0453139543533325,0.5257890820503235,0.9137798547744751,0.960739016532898,0.6926367878913879,0.0648347910027951,0.07514639900182374
271,1.2629406452178955,65.13416290283203,0.6351580023765564,0.5492150187492371,1.0453139543533325,0.5257890820503235,0.9137798547744751,0.960739016532898,0.6926367878913879,0.0648721230099909,0.07509881601436064
272,1.2629406452178955,65.13416290283203,0.6351580023765564,0.5492150187492371,1.0453139543533325,0.5257890820503235,0.9137798547744751,0.960739016532898,0.6926367878913879,0.0641157950158231,0.07443408001563512
273,1.2629406452178955,65.13416290283203,0.6351580023765564,0.5492150187492371,1.0453139543533325,0.5257890820503235,0.9137798547744751,0.960739016532898,0.6926367878913879,0.06300570198800415,0.07297934699454345
274,1.2629406452178955,65.13416290283203,0.6351580023765564,0.5492150187492371,1.0453139543533325,0.5257890820503235,0.9137798547744751,0.960739016532898,0.6926367878913879,0.06197350300499238,0.0720101960177999
275,1.2629406452178955,65.13416290283203,0.6351580023765564,0.5492150187492371,1.0453139543533325,0.5257890820503235,0.9137798547744751,0.960739016532898,0.6926367878913879,0.06289094698149711,0.07307397399563342
276,1.2629406452178955,65.13416290283203,0.6351580023765564,0.5492150187492371,1.0453139543533325,0.5257890820503235,0.9137798547744751,0.960739016532898,0.6926367878913879,0.0630765639944002,0.07299507499556057
277,1.2629406452178955,65.13416290283203,0.6351580023765564,0.5492150187492371,1.0453139543533325,0.5257890820503235,0.9137798547744751,0.960739016532898,0.6926367878913879,0.06348075400455855,0.07354044599924237
278,1.2629406452178955,65.13416290283203,0.6351580023765564,0.5492150187492371,1.0453139543533325,0.5257890820503235,0.9137798547744751,0.960739016532898,0.6926367878913879,0.06591686100000516,0.07632718497188762
279,1.2629406452178955,65.13416290283203,0.6351580023765564,0.5492150187492371,1.0453139543533325,0.5257890820503235,0.9137798547744751,0.960739016532898,0.6926367878913879,0.0648062789987307,0.07504173999768682
280,1.2629406452178955,65.13416290283203,0.6351580023765564,0.5492150187492371,1.0453139543533325,0.5257890820503235,0.9137798547744751,0.960739016532898,0.6926367878913879,0.06479992798995227,0.07520341500639915
281,1.2629406452178955,65.13416290283203,0.6351580023765564,0.5492150187492371,1.0453139543533325,0.5257890820503235,0.9137798547744751,0.960739016532898,0.6926367878913879,0.0640194790030364,0.07435175302089192
282,1.2629406452178955,65.13416290283203,0.6351580023765564,0.5492150187492371,1.0453139543533325,0.5257890820503235,0.9137798547744751,0.960739016532898,0.6926367878913879,0.0647103349911049,0.07499763200758025
283,1.2629406452178955,65.13416290283203,0.6351580023765564,0.5492150187492371,1.0453139543533325,0.5257890820503235,0.9137798547744751,0.960739016532898,0.6926367878913879,0.06520865400671028,0.07538853900041431
284,1.2629406452178955,65.13416290283203,0.6351580023765564,0.5492150187492371,1.0453139543533325,0.5257890820503235,0.9137798547744751,0.960739016532898,0.6926367878913879,0.06571266101673245,0.07631028900505044
285,1.2629406452178955,65.13416290283203,0.6351580023765564,0.5492150187492371,1.0453139543533325,0.5257890820503235,0.9137798547744751,0.960739016532898,0.6926367878913879,0.06555990100605413,0.07589797399123199
286,1.2629406452178955,65.13416290283203,0.6351580023765564,0.5492150187492371,1.0453139543533325,0.5257890820503235,0.9137798547744751,0.960739016532898,0.6926367878913879,0.06596214300952852,0.07643188099609688
287,1.2629406452178955,65.13416290283203,0.6351580023765564,0.5492150187492371,1.0453139543533325,0.5257890820503235,0.9137798547744751,0.960739016532898,0.6926367878913879,0.06554954699822702,0.07624003701494075
288,1.2629406452178955,65.13416290283203,0.6351580023765564,0.5492150187492371,1.0453139543533325,0.5257890820503235,0.9137798547744751,0.960739016532898,0.6926367878913879,0.06778314799885266,0.07834900901070796
289,1.2629406452178955,65.13416290283203,0.6351580023765564,0.5492150187492371,1.0453139543533325,0.5257890820503235,0.9137798547744751,0.960739016532898,0.6926367878913879,0.06835429498460144,0.07881837198510766
290,1.2629406452178955,65.13416290283203,0.6351580023765564,0.5492150187492371,1.0453139543533325,0.5257890820503235,0.9137798547744751,0.960739016532898,0.6926367878913879,0.06546668001101352,0.07612761500058696
291,1.2629406452178955,65.13416290283203,0.6351580023765564,0.5492150187492371,1.0453139543533325,0.5257890820503235,0.9137798547744751,0.960739016532898,0.6926367878913879,0.06490432799910195,0.07508265200885944
292,1.2629406452178955,65.13416290283203,0.6351580023765564,0.5492150187492371,1.0453139543533325,0.5257890820503235,0.9137798547744751,0.960739016532898,0.6926367878913879,0.0638184440031182,0.07396046500070952
293,1.2629406452178955,65.13416290283203,0.6351580023765564,0.5492150187492371,1.0453139543533325,0.5257890820503235,0.9137798547744751,0.960739016532898,0.6926367878913879,0.06398822800838389,0.07415696702082641
294,1.2629406452178955,65.13416290283203,0.6351580023765564,0.5492150187492371,1.0453139543533325,0.5257890820503235,0.9137798547744751,0.960739016532898,0.6926367878913879,0.06248566199792549,0.0724610990146175
295,1.2629406452178955,65.13416290283203,0.6351580023765564,0.5492150187492371,1.0453139543533325,0.5257890820503235,0.9137798547744751,0.960739016532898,0.6926367878913879,0.06300246599130332,0.0735449279891327
296,1.2629406452178955,65.13416290283203,0.6351580023765564,0.5492150187492371,1.0453139543533325,0.5257890820503235,0.9137798547744751,0.960739016532898,0.6926367878913879,0.06378643898642622,0.07373580400599167
297,1.2629406452178955,65.13416290283203,0.6351580023765564,0.5492150187492371,1.0453139543533325,0.5257890820503235,0.9137798547744751,0.960739016532898,0.6926367878913879,0.06310056100483052,0.07308167099836282
298,1.2629406452178955,65.13416290283203,0.6351580023765564,0.5492150187492371,1.0453139543533325,0.5257890820503235,0.9137798547744751,0.960739016532898,0.6926367878913879,0.063883260008879,0.07396552100544795
299,1.2629406452178955,65.13416290283203,0.6351580023765564,0.5492150187492371,1.0453139543533325,0.5257890820503235,0.9137798547744751,0.960739016532898,0.6926367878913879,0.0608880209911149,0.07090250801411457
300,1.2629406452178955,65.13416290283203,0.6351580023765564,0.5492150187492371,1.0453139543533325,0.5257890820503235,0.9137798547744751,0.960739016532898,0.6926367878913879,0.06350952200591564,0.07354973000474274
301,1.2629406452178955,65.13416290283203,0.6351580023765564,0.5492150187492371,1.0453139543533325,0.5257890820503235,0.9137798547744751,0.960739016532898,0.6926367878913879,0.0634235650068149,0.07349399398663081
302,1.2629406452178955,65.13416290283203,0.6351580023765564,0.5492150187492371,1.0453139543533325,0.5257890820503235,0.9137798547744751,0.960739016532898,0.6926367878913879,0.063498459989205,0.07388014200842008
303,1.2629406452178955,65.13416290283203,0.6351580023765564,0.5492150187492371,1.0453139543533325,0.5257890820503235,0.9137798547744751,0.960739016532898,0.6926367878913879,0.06670575999305584,0.07722012599697337
304,1.2629406452178955,65.13416290283203,0.6351580023765564,0.5492150187492371,1.0453139543533325,0.5257890820503235,0.9137798547744751,0.960739016532898,0.6926367878913879,0.06724563997704536,0.07754560298053548
305,1.2629406452178955,65.13416290283203,0.6351580023765564,0.5492150187492371,1.0453139543533325,0.5257890820503235,0.9137798547744751,0.960739016532898,0.6926367878913879,0.067138509999495,0.07771932499599643
306,1.2629406452178955,65.13416290283203,0.6351580023765564,0.5492150187492371,1.0453139543533325,0.5257890820503235,0.9137798547744751,0.960739016532898,0.6926367878913879,0.06740110297687352,0.07785614198655821
307,1.2629406452178955,65.13416290283203,0.6351580023765564,0.5492150187492371,1.0453139543533325,0.5257890820503235,0.9137798547744751,0.960739016532898,0.6926367878913879,0.06776097399415448,0.0781390409974847
308,1.2629406452178955,65.13416290283203,0.6351580023765564,0.5492150187492371,1.0453139543533325,0.5257890820503235,0.9137798547744751,0.960739016532898,0.6926367878913879,0.0664860819815658,0.07670239298022352
309,1.2629406452178955,65.13416290283203,0.6351580023765564,0.5492150187492371,1.0453139543533325,0.5257890820503235,0.9137798547744751,0.960739016532898,0.6926367878913879,0.06677102201501839,0.07812882200232707
310,1.2629406452178955,65.13416290283203,0.6351580023765564,0.5492150187492371,1.0453139543533325,0.5257890820503235,0.9137798547744751,0.960739016532898,0.6926367878913879,0.06650798101327382,0.0769030679948628
311,1.2629406452178955,65.13416290283203,0.6351580023765564,0.5492150187492371,1.0453139543533325,0.5257890820503235,0.9137798547744751,0.960739016532898,0.6926367878913879,0.06774490801035427,0.0784177090099547
312,1.2629406452178955,65.13416290283203,0.6351580023765564,0.5492150187492371,1.0453139543533325,0.5257890820503235,0.9137798547744751,0.960739016532898,0.6926367878913879,0.06461745200795121,0.07516437201411463
313,1.2629406452178955,65.13416290283203,0.6351580023765564,0.5492150187492371,1.0453139543533325,0.5257890820503235,0.9137798547744751,0.960739016532898,0.6926367878913879,0.06689471899881028,0.07734742399770766
314,1.2629406452178955,65.13416290283203,0.6351580023765564,0.5492150187492371,1.0453139543533325,0.5257890820503235,0.9137798547744751,0.960739016532898,0.6926367878913879,0.06808474299032241,0.07820573999197222
315,1.2629406452178955,65.13416290283203,0.6351580023765564,0.5492150187492371,1.0453139543533325,0.5257890820503235,0.9137798547744751,0.960739016532898,0.6926367878913879,0.0672578310186509,0.07745290800812654
316,1.2629406452178955,65.13416290283203,0.6351580023765564,0.5492150187492371,1.0453139543533325,0.5257890820503235,0.9137798547744751,0.960739016532898,0.6926367878913879,0.06511392898391932,0.07512825599405915
317,1.2629406452178955,65.13416290283203,0.6351580023765564,0.5492150187492371,1.0453139543533325,0.5257890820503235,0.9137798547744751,0.960739016532898,0.6926367878913879,0.06389284299802966,0.07391920001828112
318,1.2629406452178955,65.13416290283203,0.6351580023765564,0.5492150187492371,1.0453139543533325,0.5257890820503235,0.9137798547744751,0.960739016532898,0.6926367878913879,0.06323009400512092,0.0730693350196816
319,1.2629406452178955,65.13416290283203,0.6351580023765564,0.5492150187492371,1.0453139543533325,0.5257890820503235,0.9137798547744751,0.960739016532898,0.6926367878913879,0.062425340001937,0.07243278998066671
320,1.2629406452178955,65.13416290283203,0.6351580023765564,0.5492150187492371,1.0453139543533325,0.5257890820503235,0.9137798547744751,0.960739016532898,0.6926367878913879,0.06338956402032636,0.0735796220251359
321,1.2629406452178955,65.13416290283203,0.6351580023765564,0.5492150187492371,1.0453139543533325,0.5257890820503235,0.9137798547744751,0.960739016532898,0.6926367878913879,0.06397027499042451,0.0746464479889255
322,1.2629406452178955,65.13416290283203,0.6351580023765564,0.5492150187492371,1.0453139543533325,0.5257890820503235,0.9137798547744751,0.960739016532898,0.6926367878913879,0.06704530699062161,0.07742169400444254
323,1.2629406452178955,65.13416290283203,0.6351580023765564,0.5492150187492371,1.0453139543533325,0.5257890820503235,0.9137798547744751,0.960739016532898,0.6926367878913879,0.066403401986463,0.0768373119935859
324,1.2629406452178955,65.13416290283203,0.6351580023765564,0.5492150187492371,1.0453139543533325,0.5257890820503235,0.9137798547744751,0.960739016532898,0.6926367878913879,0.06650258900481276,0.07679060500231571
325,1.2629406452178955,65.13416290283203,0.6351580023765564,0.5492150187492371,1.0453139543533325,0.5257890820503235,0.9137798547744751,0.960739016532898,0.6926367878913879,0.0664351450104732,0.07691114000044763
326,1.2629406452178955,65.13416290283203,0.6351580023765564,0.5492150187492371,1.0453139543533325,0.5257890820503235,0.9137798547744751,0.960739016532898,0.6926367878913879,0.06671720201848075,0.07703403302002698
327,1.2629406452178955,65.13416290283203,0.6351580023765564,0.5492150187492371,1.0453139543533325,0.5257890820503235,0.9137798547744751,0.960739016532898,0.6926367878913879,0.06666552400565706,0.07680161399184726
328,1.2629406452178955,65.13416290283203,0.6351580023765564,0.5492150187492371,1.0453139543533325,0.5257890820503235,0.9137798547744751,0.960739016532898,0.6926367878913879,0.0663791380065959,0.07650863900198601
329,1.2629406452178955,65.13416290283203,0.6351580023765564,0.5492150187492371,1.0453139543533325,0.5257890820503235,0.9137798547744751,0.960739016532898,0.6926367878913879,0.06624872598331422,0.07671287600533105
330,1.2629406452178955,65.13416290283203,0.6351580023765564,0.5492150187492371,1.0453139543533325,0.5257890820503235,0.9137798547744751,0.960739016532898,0.6926367878913879,0.06633776202215813,0.07769326600828208
331,1.2629406452178955,65.13416290283203,0.6351580023765564,0.5492150187492371,1.0453139543533325,0.5257890820503235,0.9137798547744751,0.960739016532898,0.6926367878913879,0.06645247701089829,0.07763122400501743
332,1.2629406452178955,65.13416290283203,0.6351580023765564,0.5492150187492371,1.0453139543533325,0.5257890820503235,0.9137798547744751,0.960739016532898,0.6926367878913879,0.06745265700737946,0.07797908101929352
333,1.2629406452178955,65.13416290283203,0.6351580023765564,0.5492150187492371,1.0453139543533325,0.5257890820503235,0.9137798547744751,0.960739016532898,0.6926367878913879,0.06717499598744325,0.0775628210103605
334,1.2629406452178955,65.13416290283203,0.6351580023765564,0.5492150187492371,1.0453139543533325,0.5257890820503235,0.9137798547744751,0.960739016532898,0.6926367878913879,0.06683657699613832,0.07700515299802646
335,1.2629406452178955,65.13416290283203,0.6351580023765564,0.5492150187492371,1.0453139543533325,0.5257890820503235,0.9137798547744751,0.960739016532898,0.6926367878913879,0.06501164700603113,0.07511095600784756
336,1.2629406452178955,65.13416290283203,0.6351580023765564,0.5492150187492371,1.0453139543533325,0.5257890820503235,0.9137798547744751,0.960739016532898,0.6926367878913879,0.06404511802247725,0.07416931100306101
337,1.2629406452178955,65.13416290283203,0.6351580023765564,0.5492150187492371,1.0453139543533325,0.5257890820503235,0.9137798547744751,0.960739016532898,0.6926367878913879,0.0637320620007813,0.07374550201348029
338,1.2629406452178955,65.13416290283203,0.6351580023765564,0.5492150187492371,1.0453139543533325,0.5257890820503235,0.9137798547744751,0.960739016532898,0.6926367878913879,0.06663747999118641,0.07672876899596304
339,1.2629406452178955,65.13416290283203,0.6351580023765564,0.5492150187492371,1.0453139543533325,0.5257890820503235,0.9137798547744751,0.960739016532898,0.6926367878913879,0.06531441200058907,0.07663645598222502
340,1.2629406452178955,65.13416290283203,0.6351580023765564,0.5492150187492371,1.0453139543533325,0.5257890820503235,0.9137798547744751,0.960739016532898,0.6926367878913879,0.06655360700096935,0.07670143200084567
341,1.2629406452178955,65.13416290283203,0.6351580023765564,0.5492150187492371,1.0453139543533325,0.5257890820503235,0.9137798547744751,0.960739016532898,0.6926367878913879,0.06621309800539166,0.07665572597761638
342,1.2629406452178955,65.13416290283203,0.6351580023765564,0.5492150187492371,1.0453139543533325,0.5257890820503235,0.9137798547744751,0.960739016532898,0.6926367878913879,0.06684985401807353,0.0771730040141847
343,1.2629406452178955,65.13416290283203,0.6351580023765564,0.5492150187492371,1.0453139543533325,0.5257890820503235,0.9137798547744751,0.960739016532898,0.6926367878913879,0.06636100899777375,0.07668806699803099
344,1.2629406452178955,65.13416290283203,0.6351580023765564,0.5492150187492371,1.0453139543533325,0.5257890820503235,0.9137798547744751,0.960739016532898,0.6926367878913879,0.06681093800580129,0.0773298279964365
345,1.2629406452178955,65.13416290283203,0.6351580023765564,0.5492150187492371,1.0453139543533325,0.5257890820503235,0.9137798547744751,0.960739016532898,0.6926367878913879,0.06600450901896693,0.0761673700180836
346,1.2629406452178955,65.13416290283203,0.6351580023765564,0.5492150187492371,1.0453139543533325,0.5257890820503235,0.9137798547744751,0.960739016532898,0.6926367878913879,0.06649818501318805,0.07684551100828685
347,1.2629406452178955,65.13416290283203,0.6351580023765564,0.5492150187492371,1.0453139543533325,0.5257890820503235,0.9137798547744751,0.960739016532898,0.6926367878913879,0.06593574400176294,0.07634446199517697
348,1.2629406452178955,65.13416290283203,0.6351580023765564,0.5492150187492371,1.0453139543533325,0.5257890820503235,0.9137798547744751,0.960739016532898,0.6926367878913879,0.06670384499011561,0.07705835998058319
349,1.2629406452178955,65.13416290283203,0.6351580023765564,0.5492150187492371,1.0453139543533325,0.5257890820503235,0.9137798547744751,0.960739016532898,0.6926367878913879,0.06485759900533594,0.07520433401805349
350,1.2629406452178955,65.13416290283203,0.6351580023765564,0.5492150187492371,1.0453139543533325,0.5257890820503235,0.9137798547744751,0.960739016532898,0.6926367878913879,0.06799979499191977,0.07856054400326684
351,1.2629406452178955,65.13416290283203,0.6351580023765564,0.5492150187492371,1.0453139543533325,0.5257890820503235,0.9137798547744751,0.960739016532898,0.6926367878913879,0.06739740801276639,0.07780779601307586
352,1.2629406452178955,65.13416290283203,0.6351580023765564,0.5492150187492371,1.0453139543533325,0.5257890820503235,0.9137798547744751,0.960739016532898,0.6926367878913879,0.06671051299781539,0.07706693198997527
353,1.2629406452178955,65.13416290283203,0.6351580023765564,0.5492150187492371,1.0453139543533325,0.5257890820503235,0.9137798547744751,0.960739016532898,0.6926367878913879,0.06554708702606149,0.07589285302674398
354,1.2629406452178955,65.13416290283203,0.6351580023765564,0.5492150187492371,1.0453139543533325,0.5257890820503235,0.9137798547744751,0.960739016532898,0.6926367878913879,0.0665332599892281,0.07674575800774619
355,1.2629406452178955,65.13416290283203,0.6351580023765564,0.5492150187492371,1.0453139543533325,0.5257890820503235,0.9137798547744751,0.960739016532898,0.6926367878913879,0.06571358098881319,0.07614751398796216
356,1.2629406452178955,65.13416290283203,0.6351580023765564,0.5492150187492371,1.0453139543533325,0.5257890820503235,0.9137798547744751,0.960739016532898,0.6926367878913879,0.06525657602469437,0.07549685501726344
357,1.2629406452178955,65.13416290283203,0.6351580023765564,0.5492150187492371,1.0453139543533325,0.5257890820503235,0.9137798547744751,0.960739016532898,0.6926367878913879,0.06477048399392515,0.07485619297949597
358,1.2629406452178955,65.13416290283203,0.6351580023765564,0.5492150187492371,1.0453139543533325,0.5257890820503235,0.9137798547744751,0.960739016532898,0.6926367878913879,0.06604328297544271,0.0763811579963658
359,1.2629406452178955,65.13416290283203,0.6351580023765564,0.5492150187492371,1.0453139543533325,0.5257890820503235,0.9137798547744751,0.960739016532898,0.6926367878913879,0.06739611199009232,0.07764810300432146
360,1.2629406452178955,65.13416290283203,0.6351580023765564,0.5492150187492371,1.0453139543533325,0.5257890820503235,0.9137798547744751,0.960739016532898,0.6926367878913879,0.06563747199834324,0.0769646980043035
361,1.2629406452178955,65.13416290283203,0.6351580023765564,0.5492150187492371,1.0453139543533325,0.5257890820503235,0.9137798547744751,0.960739016532898,0.6926367878913879,0.06669198299641721,0.07709848298691213
362,1.2629406452178955,65.13416290283203,0.6351580023765564,0.5492150187492371,1.0453139543533325,0.5257890820503235,0.9137798547744751,0.960739016532898,0.6926367878913879,0.06644950300687924,0.07685887900879607
363,1.2629406452178955,65.13416290283203,0.6351580023765564,0.5492150187492371,1.0453139543533325,0.5257890820503235,0.9137798547744751,0.960739016532898,0.6926367878913879,0.06860533502185717,0.07886250002775341
364,1.2629406452178955,65.13416290283203,0.6351580023765564,0.5492150187492371,1.0453139543533325,0.5257890820503235,0.9137798547744751,0.960739016532898,0.6926367878913879,0.06711540100513957,0.078505484998459
365,1.2629406452178955,65.13416290283203,0.6351580023765564,0.5492150187492371,1.0453139543533325,0.5257890820503235,0.9137798547744751,0.960739016532898,0.6926367878913879,0.06627173101878725,0.07651065802201629
366,1.2629406452178955,65.13416290283203,0.6351580023765564,0.5492150187492371,1.0453139543533325,0.5257890820503235,0.9137798547744751,0.960739016532898,0.6926367878913879,0.06780230099684559,0.07862798499991186
367,1.2629406452178955,65.13416290283203,0.6351580023765564,0.5492150187492371,1.0453139543533325,0.5257890820503235,0.9137798547744751,0.960739016532898,0.6926367878913879,0.06664693201310001,0.07691170999896713
368,1.2629406452178955,65.13416290283203,0.6351580023765564,0.5492150187492371,1.0453139543533325,0.5257890820503235,0.9137798547744751,0.960739016532898,0.6926367878913879,0.06723223300650716,0.07814448399585672
369,1.2629406452178955,65.13416290283203,0.6351580023765564,0.5492150187492371,1.0453139543533325,0.5257890820503235,0.9137798547744751,0.960739016532898,0.6926367878913879,0.06641135600511916,0.07683985101175494
370,1.2629406452178955,65.13416290283203,0.6351580023765564,0.5492150187492371,1.0453139543533325,0.5257890820503235,0.9137798547744751,0.960739016532898,0.6926367878913879,0.06587515800492838,0.0761061429802794
371,1.2629406452178955,65.13416290283203,0.6351580023765564,0.5492150187492371,1.0453139543533325,0.5257890820503235,0.9137798547744751,0.960739016532898,0.6926367878913879,0.06585104099940509,0.07604792198981158
372,1.2629406452178955,65.13416290283203,0.6351580023765564,0.5492150187492371,1.0453139543533325,0.5257890820503235,0.9137798547744751,0.960739016532898,0.6926367878913879,0.064288638997823,0.07441788198775612
373,1.2629406452178955,65.13416290283203,0.6351580023765564,0.5492150187492371,1.0453139543533325,0.5257890820503235,0.9137798547744751,0.960739016532898,0.6926367878913879,0.06373127197730355,0.07403417097521015
374,1.2629406452178955,65.13416290283203,0.6351580023765564,0.5492150187492371,1.0453139543533325,0.5257890820503235,0.9137798547744751,0.960739016532898,0.6926367878913879,0.06640608800807968,0.07646094000665471
375,1.2629406452178955,65.13416290283203,0.6351580023765564,0.5492150187492371,1.0453139543533325,0.5257890820503235,0.9137798547744751,0.960739016532898,0.6926367878913879,0.06556796198128723,0.07586889900267124
376,1.2629406452178955,65.13416290283203,0.6351580023765564,0.5492150187492371,1.0453139543533325,0.5257890820503235,0.9137798547744751,0.960739016532898,0.6926367878913879,0.06644230301026255,0.07687395700486377
377,1.2629406452178955,65.13416290283203,0.6351580023765564,0.5492150187492371,1.0453139543533325,0.5257890820503235,0.9137798547744751,0.960739016532898,0.6926367878913879,0.06666824998683296,0.07711281700176187
378,1.2629406452178955,65.13416290283203,0.6351580023765564,0.5492150187492371,1.0453139543533325,0.5257890820503235,0.9137798547744751,0.960739016532898,0.6926367878913879,0.06677947400021367,0.07700062199728563
379,1.2629406452178955,65.13416290283203,0.6351580023765564,0.5492150187492371,1.0453139543533325,0.5257890820503235,0.9137798547744751,0.960739016532898,0.6926367878913879,0.06492047899519093,0.07514814898604527
380,1.2629406452178955,65.13416290283203,0.6351580023765564,0.5492150187492371,1.0453139543533325,0.5257890820503235,0.9137798547744751,0.960739016532898,0.6926367878913879,0.06588919198838994,0.07612333499127999
381,1.2629406452178955,65.13416290283203,0.6351580023765564,0.5492150187492371,1.0453139543533325,0.5257890820503235,0.9137798547744751,0.960739016532898,0.6926367878913879,0.06606750100036152,0.07643171699601226
382,1.2629406452178955,65.13416290283203,0.6351580023765564,0.5492150187492371,1.0453139543533325,0.5257890820503235,0.9137798547744751,0.960739016532898,0.6926367878913879,0.06537794301402755,0.07561333401827142
383,1.2629406452178955,65.13416290283203,0.6351580023765564,0.5492150187492371,1.0453139543533325,0.5257890820503235,0.9137798547744751,0.960739016532898,0.6926367878913879,0.06591216698870994,0.07606794399907812
384,1.2629406452178955,65.13416290283203,0.6351580023765564,0.5492150187492371,1.0453139543533325,0.5257890820503235,0.9137798547744751,0.960739016532898,0.6926367878913879,0.06710953498259187,0.07769018798717298
385,1.2629406452178955,65.13416290283203,0.6351580023765564,0.5492150187492371,1.0453139543533325,0.5257890820503235,0.9137798547744751,0.960739016532898,0.6926367878913879,0.06518636900000274,0.07566364100784995
386,1.2629406452178955,65.13416290283203,0.6351580023765564,0.5492150187492371,1.0453139543533325,0.5257890820503235,0.9137798547744751,0.960739016532898,0.6926367878913879,0.06618002502364106,0.07715033501153812
387,1.2629406452178955,65.13416290283203,0.6351580023765564,0.5492150187492371,1.0453139543533325,0.5257890820503235,0.9137798547744751,0.960739016532898,0.6926367878913879,0.06795778998639435,0.07856554500176571
388,1.2629406452178955,65.13416290283203,0.6351580023765564,0.5492150187492371,1.0453139543533325,0.5257890820503235,0.9137798547744751,0.960739016532898,0.6926367878913879,0.06841104300110601,0.07920634999754839
389,1.2629406452178955,65.13416290283203,0.6351580023765564,0.5492150187492371,1.0453139543533325,0.5257890820503235,0.9137798547744751,0.960739016532898,0.6926367878913879,0.06724813699838705,0.0774895989743527
390,1.2629406452178955,65.13416290283203,0.6351580023765564,0.5492150187492371,1.0453139543533325,0.5257890820503235,0.9137798547744751,0.960739016532898,0.6926367878913879,0.0667892410128843,0.07716895200428553
391,1.2629406452178955,65.13416290283203,0.6351580023765564,0.5492150187492371,1.0453139543533325,0.5257890820503235,0.9137798547744751,0.960739016532898,0.6926367878913879,0.0665084840147756,0.07696706400020048
392,1.2629406452178955,65.13416290283203,0.6351580023765564,0.5492150187492371,1.0453139543533325,0.5257890820503235,0.9137798547744751,0.960739016532898,0.6926367878913879,0.06621289500617422,0.07656872700317763
393,1.2629406452178955,65.13416290283203,0.6351580023765564,0.5492150187492371,1.0453139543533325,0.5257890820503235,0.9137798547744751,0.960739016532898,0.6926367878913879,0.06505503199878149,0.07535060899681412
394,1.2629406452178955,65.13416290283203,0.6351580023765564,0.5492150187492371,1.0453139543533325,0.5257890820503235,0.9137798547744751,0.960739016532898,0.6926367878913879,0.0650650930183474,0.07559794001281261
395,1.2629406452178955,65.13416290283203,0.6351580023765564,0.5492150187492371,1.0453139543533325,0.5257890820503235,0.9137798547744751,0.960739016532898,0.6926367878913879,0.06736116600222886,0.0782058899931144
396,1.2629406452178955,65.13416290283203,0.6351580023765564,0.5492150187492371,1.0453139543533325,0.5257890820503235,0.9137798547744751,0.960739016532898,0.6926367878913879,0.06614807099686004,0.07650878399726935
397,1.2629406452178955,65.13416290283203,0.6351580023765564,0.5492150187492371,1.0453139543533325,0.5257890820503235,0.9137798547744751,0.960739016532898,0.6926367878913879,0.06582699998398311,0.07652589699137025
398,1.2629406452178955,65.13416290283203,0.6351580023765564,0.5492150187492371,1.0453139543533325,0.5257890820503235,0.9137798547744751,0.960739016532898,0.6926367878913879,0.06669274400337599,0.07686823300900869
399,1.2629406452178955,65.13416290283203,0.6351580023765564,0.5492150187492371,1.0453139543533325,0.5257890820503235,0.9137798547744751,0.960739016532898,0.6926367878913879,0.06568721600342542,0.07596146300784312
400,1.2629406452178955,65.13416290283203,0.6351580023765564,0.5492150187492371,1.0453139543533325,0.5257890820503235,0.9137798547744751,0.960739016532898,0.6926367878913879,0.06674931198358536,0.0772158439795021
401,1.2629406452178955,65.13416290283203,0.6351580023765564,0.5492150187492371,1.0453139543533325,0.5257890820503235,0.9137798547744751,0.960739016532898,0.6926367878913879,0.06441205300507136,0.07448238501092419
402,1.2629406452178955,65.13416290283203,0.6351580023765564,0.5492150187492371,1.0453139543533325,0.5257890820503235,0.9137798547744751,0.960739016532898,0.6926367878913879,0.06464110800880007,0.07516159300575964
403,1.2629406452178955,65.13416290283203,0.6351580023765564,0.5492150187492371,1.0453139543533325,0.5257890820503235,0.9137798547744751,0.960739016532898,0.6926367878913879,0.06536874899757095,0.07532661300501786
404,1.2629406452178955,65.13416290283203,0.6351580023765564,0.5492150187492371,1.0453139543533325,0.5257890820503235,0.9137798547744751,0.960739016532898,0.6926367878913879,0.06582334300037473,0.07594701298512518
405,1.2629406452178955,65.13416290283203,0.6351580023765564,0.5492150187492371,1.0453139543533325,0.5257890820503235,0.9137798547744751,0.960739016532898,0.6926367878913879,0.06623070902423933,0.07681376801338047
406,1.2629406452178955,65.13416290283203,0.6351580023765564,0.5492150187492371,1.0453139543533325,0.5257890820503235,0.9137798547744751,0.960739016532898,0.6926367878913879,0.06476788700092584,0.07500174001324922
407,1.2629406452178955,65.13416290283203,0.6351580023765564,0.5492150187492371,1.0453139543533325,0.5257890820503235,0.9137798547744751,0.960739016532898,0.6926367878913879,0.06533714500255883,0.07556037299218588
408,1.2629406452178955,65.13416290283203,0.6351580023765564,0.5492150187492371,1.0453139543533325,0.5257890820503235,0.9137798547744751,0.960739016532898,0.6926367878913879,0.06489810498896986,0.0753073779924307
409,1.2629406452178955,65.13416290283203,0.6351580023765564,0.5492150187492371,1.0453139543533325,0.5257890820503235,0.9137798547744751,0.960739016532898,0.6926367878913879,0.06634376797592267,0.07665277700289153
410,1.2629406452178955,65.13416290283203,0.6351580023765564,0.5492150187492371,1.0453139543533325,0.5257890820503235,0.9137798547744751,0.960739016532898,0.6926367878913879,0.06577908201143146,0.07615212400560267
411,1.2629406452178955,65.13416290283203,0.6351580023765564,0.5492150187492371,1.0453139543533325,0.5257890820503235,0.9137798547744751,0.960739016532898,0.6926367878913879,0.06439524801680818,0.07510941501823254
412,1.2629406452178955,65.13416290283203,0.6351580023765564,0.5492150187492371,1.0453139543533325,0.5257890820503235,0.9137798547744751,0.960739016532898,0.6926367878913879,0.06593025400070474,0.07599798199953511
413,1.2629406452178955,65.13416290283203,0.6351580023765564,0.5492150187492371,1.0453139543533325,0.5257890820503235,0.9137798547744751,0.960739016532898,0.6926367878913879,0.06811883399495855,0.0786663290055003
414,1.2629406452178955,65.13416290283203,0.6351580023765564,0.5492150187492371,1.0453139543533325,0.5257890820503235,0.9137798547744751,0.960739016532898,0.6926367878913879,0.06648170598782599,0.0769491039973218
415,1.2629406452178955,65.13416290283203,0.6351580023765564,0.5492150187492371,1.0453139543533325,0.5257890820503235,0.9137798547744751,0.960739016532898,0.6926367878913879,0.06532019999576733,0.0756397919903975
416,1.2629406452178955,65.13416290283203,0.6351580023765564,0.5492150187492371,1.0453139543533325,0.5257890820503235,0.9137798547744751,0.960739016532898,0.6926367878913879,0.06670085701625794,0.07709838700247929
417,1.2629406452178955,65.13416290283203,0.6351580023765564,0.5492150187492371,1.0453139543533325,0.5257890820503235,0.9137798547744751,0.960739016532898,0.6926367878913879,0.06525462001445703,0.07544636700185947
418,1.2629406452178955,65.13416290283203,0.6351580023765564,0.5492150187492371,1.0453139543533325,0.5257890820503235,0.9137798547744751,0.960739016532898,0.6926367878913879,0.06467017901013605,0.07488785302848555
419,1.2629406452178955,65.13416290283203,0.6351580023765564,0.5492150187492371,1.0453139543533325,0.5257890820503235,0.9137798547744751,0.960739016532898,0.6926367878913879,0.0641981610096991,0.07426551700336859
420,1.2629406452178955,65.13416290283203,0.6351580023765564,0.5492150187492371,1.0453139543533325,0.5257890820503235,0.9137798547744751,0.960739016532898,0.6926367878913879,0.0630561120051425,0.07336485901032574
421,1.2629406452178955,65.13416290283203,0.6351580023765564,0.5492150187492371,1.0453139543533325,0.5257890820503235,0.9137798547744751,0.960739016532898,0.6926367878913879,0.06500723099452443,0.07519803399918601
422,1.2629406452178955,65.13416290283203,0.6351580023765564,0.5492150187492371,1.0453139543533325,0.5257890820503235,0.9137798547744751,0.960739016532898,0.6926367878913879,0.06127385000581853,0.07117352599743754
423,1.2629406452178955,65.13416290283203,0.6351580023765564,0.5492150187492371,1.0453139543533325,0.5257890820503235,0.9137798547744751,0.960739016532898,0.6926367878913879,0.06272903599892743,0.07356927200453356
424,1.2629406452178955,65.13416290283203,0.6351580023765564,0.5492150187492371,1.0453139543533325,0.5257890820503235,0.9137798547744751,0.960739016532898,0.6926367878913879,0.06442204699851573,0.07433409802615643
425,1.2629406452178955,65.13416290283203,0.6351580023765564,0.5492150187492371,1.0453139543533325,0.5257890820503235,0.9137798547744751,0.960739016532898,0.6926367878913879,0.06588468898553401,0.07613593598944135
426,1.2629406452178955,65.13416290283203,0.6351580023765564,0.5492150187492371,1.0453139543533325,0.5257890820503235,0.9137798547744751,0.960739016532898,0.6926367878913879,0.06441132098552771,0.07447009399766102
427,1.2629406452178955,65.13416290283203,0.6351580023765564,0.5492150187492371,1.0453139543533325,0.5257890820503235,0.9137798547744751,0.960739016532898,0.6926367878913879,0.06359527198947035,0.07364638600847684
428,1.2629406452178955,65.13416290283203,0.6351580023765564,0.5492150187492371,1.0453139543533325,0.5257890820503235,0.9137798547744751,0.960739016532898,0.6926367878913879,0.06342642498202622,0.07358935900265351
429,1.2629406452178955,65.13416290283203,0.6351580023765564,0.5492150187492371,1.0453139543533325,0.5257890820503235,0.9137798547744751,0.960739016532898,0.6926367878913879,0.06363070401130244,0.07383023301372305
430,1.2629406452178955,65.13416290283203,0.6351580023765564,0.5492150187492371,1.0453139543533325,0.5257890820503235,0.9137798547744751,0.960739016532898,0.6926367878913879,0.06410616502398625,0.07448768001631834
431,1.2629406452178955,65.13416290283203,0.6351580023765564,0.5492150187492371,1.0453139543533325,0.5257890820503235,0.9137798547744751,0.960739016532898,0.6926367878913879,0.06620281399227679,0.07645738698192872
432,1.2629406452178955,65.13416290283203,0.6351580023765564,0.5492150187492371,1.0453139543533325,0.5257890820503235,0.9137798547744751,0.960739016532898,0.6926367878913879,0.06541501899482682,0.0756853999919258
433,1.2629406452178955,65.13416290283203,0.6351580023765564,0.5492150187492371,1.0453139543533325,0.5257890820503235,0.9137798547744751,0.960739016532898,0.6926367878913879,0.0659785459865816,0.0761465230025351
434,1.2629406452178955,65.13416290283203,0.6351580023765564,0.5492150187492371,1.0453139543533325,0.5257890820503235,0.9137798547744751,0.960739016532898,0.6926367878913879,0.06542556997737847,0.0757942920026835
435,1.2629406452178955,65.13416290283203,0.6351580023765564,0.5492150187492371,1.0453139543533325,0.5257890820503235,0.9137798547744751,0.960739016532898,0.6926367878913879,0.06531504899612628,0.07575168399489485
436,1.2629406452178955,65.13416290283203,0.6351580023765564,0.5492150187492371,1.0453139543533325,0.5257890820503235,0.9137798547744751,0.960739016532898,0.6926367878913879,0.06559586100047454,0.0763797510007862
437,1.2629406452178955,65.13416290283203,0.6351580023765564,0.5492150187492371,1.0453139543533325,0.5257890820503235,0.9137798547744751,0.960739016532898,0.6926367878913879,0.06472522599506192,0.07487092699739151
438,1.2629406452178955,65.13416290283203,0.6351580023765564,0.5492150187492371,1.0453139543533325,0.5257890820503235,0.9137798547744751,0.960739016532898,0.6926367878913879,0.06509321101475507,0.07563893499900587
439,1.2629406452178955,65.13416290283203,0.6351580023765564,0.5492150187492371,1.0453139543533325,0.5257890820503235,0.9137798547744751,0.960739016532898,0.6926367878913879,0.06673711599432863,0.0773185059952084
440,1.2629406452178955,65.13416290283203,0.6351580023765564,0.5492150187492371,1.0453139543533325,0.5257890820503235,0.9137798547744751,0.960739016532898,0.6926367878913879,0.06611523698666133,0.07740436799940653
441,1.2629406452178955,65.13416290283203,0.6351580023765564,0.5492150187492371,1.0453139543533325,0.5257890820503235,0.9137798547744751,0.960739016532898,0.6926367878913879,0.06409559299936518,0.07448159801424481
442,1.2629406452178955,65.13416290283203,0.6351580023765564,0.5492150187492371,1.0453139543533325,0.5257890820503235,0.9137798547744751,0.960739016532898,0.6926367878913879,0.06858490299782716,0.07901559499441646
443,1.2629406452178955,65.13416290283203,0.6351580023765564,0.5492150187492371,1.0453139543533325,0.5257890820503235,0.9137798547744751,0.960739016532898,0.6926367878913879,0.06456255799275823,0.07466764800483361
444,1.2629406452178955,65.13416290283203,0.6351580023765564,0.5492150187492371,1.0453139543533325,0.5257890820503235,0.9137798547744751,0.960739016532898,0.6926367878913879,0.06389437901088968,0.07396510802209377
445,1.2629406452178955,65.13416290283203,0.6351580023765564,0.5492150187492371,1.0453139543533325,0.5257890820503235,0.9137798547744751,0.960739016532898,0.6926367878913879,0.06314529699739069,0.07303861400578171
446,1.2629406452178955,65.13416290283203,0.6351580023765564,0.5492150187492371,1.0453139543533325,0.5257890820503235,0.9137798547744751,0.960739016532898,0.6926367878913879,0.0630375879991334,0.07308536200434901
447,1.2629406452178955,65.13416290283203,0.6351580023765564,0.5492150187492371,1.0453139543533325,0.5257890820503235,0.9137798547744751,0.960739016532898,0.6926367878913879,0.06272849201923236,0.07268673399812542
448,1.2629406452178955,65.13416290283203,0.6351580023765564,0.5492150187492371,1.0453139543533325,0.5257890820503235,0.9137798547744751,0.960739016532898,0.6926367878913879,0.062453118996927515,0.07250465001561679
449,1.2629406452178955,65.13416290283203,0.6351580023765564,0.5492150187492371,1.0453139543533325,0.5257890820503235,0.9137798547744751,0.960739016532898,0.6926367878913879,0.06869587799883448,0.07883134900475852
450,1.2629406452178955,65.13416290283203,0.6351580023765564,0.5492150187492371,1.0453139543533325,0.5257890820503235,0.9137798547744751,0.960739016532898,0.6926367878913879,0.06677430198760703,0.07769728297716938
451,1.2629406452178955,65.13416290283203,0.6351580023765564,0.5492150187492371,1.0453139543533325,0.5257890820503235,0.9137798547744751,0.960739016532898,0.6926367878913879,0.0681297070113942,0.07864501400035806
452,1.2629406452178955,65.13416290283203,0.6351580023765564,0.5492150187492371,1.0453139543533325,0.5257890820503235,0.9137798547744751,0.960739016532898,0.6926367878913879,0.06712584500201046,0.0775756899965927
453,1.2629406452178955,65.13416290283203,0.6351580023765564,0.5492150187492371,1.0453139543533325,0.5257890820503235,0.9137798547744751,0.960739016532898,0.6926367878913879,0.06698954099556431,0.07769020900013857
454,1.2629406452178955,65.13416290283203,0.6351580023765564,0.5492150187492371,1.0453139543533325,0.5257890820503235,0.9137798547744751,0.960739016532898,0.6926367878913879,0.06768165700486861,0.0781430030183401
455,1.2629406452178955,65.13416290283203,0.6351580023765564,0.5492150187492371,1.0453139543533325,0.5257890820503235,0.9137798547744751,0.960739016532898,0.6926367878913879,0.06529436400160193,0.0757183950045146
456,1.2629406452178955,65.13416290283203,0.6351580023765564,0.5492150187492371,1.0453139543533325,0.5257890820503235,0.9137798547744751,0.960739016532898,0.6926367878913879,0.06620466598542407,0.076722757978132
457,1.2629406452178955,65.13416290283203,0.6351580023765564,0.5492150187492371,1.0453139543533325,0.5257890820503235,0.9137798547744751,0.960739016532898,0.6926367878913879,0.06780377999530174,0.0781941809982527
458,1.2629406452178955,65.13416290283203,0.6351580023765564,0.5492150187492371,1.0453139543533325,0.5257890820503235,0.9137798547744751,0.960739016532898,0.6926367878913879,0.06604013100150041,0.0763327190070413
459,1.2629406452178955,65.13416290283203,0.6351580023765564,0.5492150187492371,1.0453139543533325,0.5257890820503235,0.9137798547744751,0.960739016532898,0.6926367878913879,0.06601080799009651,0.07793593700625934
460,1.2629406452178955,65.13416290283203,0.6351580023765564,0.5492150187492371,1.0453139543533325,0.5257890820503235,0.9137798547744751,0.960739016532898,0.6926367878913879,0.066434336011298,0.07687660001101904
461,1.2629406452178955,65.13416290283203,0.6351580023765564,0.5492150187492371,1.0453139543533325,0.5257890820503235,0.9137798547744751,0.960739016532898,0.6926367878913879,0.06735885099624284,0.07772017302340828
462,1.2629406452178955,65.13416290283203,0.6351580023765564,0.5492150187492371,1.0453139543533325,0.5257890820503235,0.9137798547744751,0.960739016532898,0.6926367878913879,0.06533001601928845,0.07550536500639282
463,1.2629406452178955,65.13416290283203,0.6351580023765564,0.5492150187492371,1.0453139543533325,0.5257890820503235,0.9137798547744751,0.960739016532898,0.6926367878913879,0.06577509001363069,0.07589285599533468
464,1.2629406452178955,65.13416290283203,0.6351580023765564,0.5492150187492371,1.0453139543533325,0.5257890820503235,0.9137798547744751,0.960739016532898,0.6926367878913879,0.06441092700697482,0.07448384401504882
465,1.2629406452178955,65.13416290283203,0.6351580023765564,0.5492150187492371,1.0453139543533325,0.5257890820503235,0.9137798547744751,0.960739016532898,0.6926367878913879,0.06274805500288494,0.07292591300210916
466,1.2629406452178955,65.13416290283203,0.6351580023765564,0.5492150187492371,1.0453139543533325,0.5257890820503235,0.9137798547744751,0.960739016532898,0.6926367878913879,0.06400236097397283,0.07404347398551181
467,1.2629406452178955,65.13416290283203,0.6351580023765564,0.5492150187492371,1.0453139543533325,0.5257890820503235,0.9137798547744751,0.960739016532898,0.6926367878913879,0.06430206799996085,0.07437861600192264
468,1.2629406452178955,65.13416290283203,0.6351580023765564,0.5492150187492371,1.0453139543533325,0.5257890820503235,0.9137798547744751,0.960739016532898,0.6926367878913879,0.06597687798785046,0.07642109598964453
469,1.2629406452178955,65.13416290283203,0.6351580023765564,0.5492150187492371,1.0453139543533325,0.5257890820503235,0.9137798547744751,0.960739016532898,0.6926367878913879,0.0649478419800289,0.07518130898824893
470,1.2629406452178955,65.13416290283203,0.6351580023765564,0.5492150187492371,1.0453139543533325,0.5257890820503235,0.9137798547744751,0.960739016532898,0.6926367878913879,0.0652692090079654,0.07557370801805519
471,1.2629406452178955,65.13416290283203,0.6351580023765564,0.5492150187492371,1.0453139543533325,0.5257890820503235,0.9137798547744751,0.960739016532898,0.6926367878913879,0.0645217299752403,0.07483759097522125
472,1.2629406452178955,65.13416290283203,0.6351580023765564,0.5492150187492371,1.0453139543533325,0.5257890820503235,0.9137798547744751,0.960739016532898,0.6926367878913879,0.0651732069964055,0.07543170099961571
473,1.2629406452178955,65.13416290283203,0.6351580023765564,0.5492150187492371,1.0453139543533325,0.5257890820503235,0.9137798547744751,0.960739016532898,0.6926367878913879,0.0645330660045147,0.07477749299141578
474,1.2629406452178955,65.13416290283203,0.6351580023765564,0.5492150187492371,1.0453139543533325,0.5257890820503235,0.9137798547744751,0.960739016532898,0.6926367878913879,0.06442371199955232,0.07480227301130071
475,1.2629406452178955,65.13416290283203,0.6351580023765564,0.5492150187492371,1.0453139543533325,0.5257890820503235,0.9137798547744751,0.960739016532898,0.6926367878913879,0.06612400501035154,0.07654628099408001
476,1.2629406452178955,65.13416290283203,0.6351580023765564,0.5492150187492371,1.0453139543533325,0.5257890820503235,0.9137798547744751,0.960739016532898,0.6926367878913879,0.06794326897943392,0.07836457699886523
477,1.2629406452178955,65.13416290283203,0.6351580023765564,0.5492150187492371,1.0453139543533325,0.5257890820503235,0.9137798547744751,0.960739016532898,0.6926367878913879,0.06587145299999975,0.07633315699058585
478,1.2629406452178955,65.13416290283203,0.6351580023765564,0.5492150187492371,1.0453139543533325,0.5257890820503235,0.9137798547744751,0.960739016532898,0.6926367878913879,0.06852962699485943,0.07902002899209037
479,1.2629406452178955,65.13416290283203,0.6351580023765564,0.5492150187492371,1.0453139543533325,0.5257890820503235,0.9137798547744751,0.960739016532898,0.6926367878913879,0.06732227499014698,0.07755005999933928
480,1.2629406452178955,65.13416290283203,0.6351580023765564,0.5492150187492371,1.0453139543533325,0.5257890820503235,0.9137798547744751,0.960739016532898,0.6926367878913879,0.06596279900986701,0.07638210800359957
481,1.2629406452178955,65.13416290283203,0.6351580023765564,0.5492150187492371,1.0453139543533325,0.5257890820503235,0.9137798547744751,0.960739016532898,0.6926367878913879,0.06445725398953073,0.07470439400640316
482,1.2629406452178955,65.13416290283203,0.6351580023765564,0.5492150187492371,1.0453139543533325,0.5257890820503235,0.9137798547744751,0.960739016532898,0.6926367878913879,0.06570724997436628,0.0757682089752052
483,1.2629406452178955,65.13416290283203,0.6351580023765564,0.5492150187492371,1.0453139543533325,0.5257890820503235,0.9137798547744751,0.960739016532898,0.6926367878913879,0.06472029598080553,0.07477953698253259
484,1.2629406452178955,65.13416290283203,0.6351580023765564,0.5492150187492371,1.0453139543533325,0.5257890820503235,0.9137798547744751,0.960739016532898,0.6926367878913879,0.06532792400685139,0.07560043700505048
485,1.2629406452178955,65.13416290283203,0.6351580023765564,0.5492150187492371,1.0453139543533325,0.5257890820503235,0.9137798547744751,0.960739016532898,0.6926367878913879,0.06530578300589696,0.07569058399531059
486,1.2629406452178955,65.13416290283203,0.6351580023765564,0.5492150187492371,1.0453139543533325,0.5257890820503235,0.9137798547744751,0.960739016532898,0.6926367878913879,0.06732148100854829,0.07872733299154788
487,1.2629406452178955,65.13416290283203,0.6351580023765564,0.5492150187492371,1.0453139543533325,0.5257890820503235,0.9137798547744751,0.960739016532898,0.6926367878913879,0.06567784197977744,0.07604672497836873
488,1.2629406452178955,65.13416290283203,0.6351580023765564,0.5492150187492371,1.0453139543533325,0.5257890820503235,0.9137798547744751,0.960739016532898,0.6926367878913879,0.06719389001955278,0.07790971599752083
489,1.2629406452178955,65.13416290283203,0.6351580023765564,0.5492150187492371,1.0453139543533325,0.5257890820503235,0.9137798547744751,0.960739016532898,0.6926367878913879,0.06766637798864394,0.07796528699691407
490,1.2629406452178955,65.13416290283203,0.6351580023765564,0.5492150187492371,1.0453139543533325,0.5257890820503235,0.9137798547744751,0.960739016532898,0.6926367878913879,0.06669166099163704,0.07739590297569521
491,1.2629406452178955,65.13416290283203,0.6351580023765564,0.5492150187492371,1.0453139543533325,0.5257890820503235,0.9137798547744751,0.960739016532898,0.6926367878913879,0.06739993701921776,0.07756344001973048
492,1.2629406452178955,65.13416290283203,0.6351580023765564,0.5492150187492371,1.0453139543533325,0.5257890820503235,0.9137798547744751,0.960739016532898,0.6926367878913879,0.06543945299927145,0.07581906099221669
493,1.2629406452178955,65.13416290283203,0.6351580023765564,0.5492150187492371,1.0453139543533325,0.5257890820503235,0.9137798547744751,0.960739016532898,0.6926367878913879,0.0675942120142281,0.07812996002030559
494,1.2629406452178955,65.13416290283203,0.6351580023765564,0.5492150187492371,1.0453139543533325,0.5257890820503235,0.9137798547744751,0.960739016532898,0.6926367878913879,0.06652008899254724,0.07683483700384386
495,1.2629406452178955,65.13416290283203,0.6351580023765564,0.5492150187492371,1.0453139543533325,0.5257890820503235,0.9137798547744751,0.960739016532898,0.6926367878913879,0.0678340189915616,0.07837793600629084
496,1.2629406452178955,65.13416290283203,0.6351580023765564,0.5492150187492371,1.0453139543533325,0.5257890820503235,0.9137798547744751,0.960739016532898,0.6926367878913879,0.06700164001085795,0.07747811599983834
497,1.2629406452178955,65.13416290283203,0.6351580023765564,0.5492150187492371,1.0453139543533325,0.5257890820503235,0.9137798547744751,0.960739016532898,0.6926367878913879,0.06711282499600202,0.07773779300623573
498,1.2629406452178955,65.13416290283203,0.6351580023765564,0.5492150187492371,1.0453139543533325,0.5257890820503235,0.9137798547744751,0.960739016532898,0.6926367878913879,0.0663119190139696,0.07645690100616775
499,1.2629406452178955,65.13416290283203,0.6351580023765564,0.5492150187492371,1.0453139543533325,0.5257890820503235,0.9137798547744751,0.960739016532898,0.6926367878913879,0.06474066598457284,0.07495226099854335
