iteration,loss,lengthscale,outputscale,likelyhood_noise,test_MAE,test_NLL,test_PICP50,test_PICP90,test_PICP95,test_RMSE,it_time_training,it_time
0,1.9464010000228882,2.927203893661499,0.6443966627120972,0.7444967031478882,7.173583030700684,3.6692757606506348,0.634353756904602,0.976190447807312,0.9931972622871399,8.952735900878906,0.4607306392863393,0.5074376733973622
1,2.096219301223755,2.8054566383361816,0.59808349609375,0.7981754541397095,6.971517086029053,3.6450257301330566,0.6530612111091614,0.9710884094238281,0.9863945841789246,8.77500057220459,0.12232897616922855,0.14541506115347147
2,1.9192167520523071,2.6647467613220215,0.5548092722892761,0.8529240489006042,6.872539520263672,3.63671875,0.6700680255889893,0.9608843326568604,0.9863945841789246,8.722612380981445,0.08131514582782984,0.0986951868981123
3,1.841931700706482,2.6010072231292725,0.5149505138397217,0.9081562757492065,6.812286376953125,3.636051893234253,0.6734693646430969,0.9625850319862366,0.9863945841789246,8.67127799987793,0.08130245748907328,0.09873227681964636
4,1.911709189414978,2.572661876678467,0.478189080953598,0.9640710949897766,6.788559436798096,3.639584541320801,0.6853741407394409,0.9625850319862366,0.988095223903656,8.667265892028809,0.05972783174365759,0.07732813898473978
5,1.8505523204803467,2.5848329067230225,0.44443851709365845,1.01870858669281,6.745927810668945,3.6380350589752197,0.6904761791229248,0.9676870703697205,0.988095223903656,8.607458114624023,0.08245880156755447,0.10031344555318356
6,1.795098066329956,2.6328752040863037,0.4135246276855469,1.0712478160858154,6.678133010864258,3.6334636211395264,0.6853741407394409,0.9676870703697205,0.9897959232330322,8.502900123596191,0.08160907309502363,0.09904846269637346
7,1.719163417816162,2.7150635719299316,0.38530433177948,1.1210850477218628,6.596566200256348,3.6283490657806396,0.6870748400688171,0.9744898080825806,0.9931972622871399,8.384838104248047,0.08174451161175966,0.09983455203473568
8,1.6237391233444214,2.8257288932800293,0.35963886976242065,1.1668052673339844,6.494510650634766,3.623396396636963,0.6887755393981934,0.9812925457954407,0.9948979616165161,8.261761665344238,0.08144846465438604,0.09884016588330269
9,1.5162458419799805,2.956117868423462,0.3363840579986572,1.2060376405715942,6.464824676513672,3.6224141120910645,0.6717687249183655,0.9863945841789246,0.9965986609458923,8.19888687133789,0.04675280302762985,0.0640854137018323
10,1.5740219354629517,3.102851152420044,0.31529057025909424,1.240362524986267,6.440627098083496,3.621750593185425,0.6785714030265808,0.9897959232330322,0.9965986609458923,8.148822784423828,0.08224494382739067,0.10002404917031527
11,1.5865987539291382,3.266169309616089,0.2962149381637573,1.2704110145568848,6.394670009613037,3.619373083114624,0.6751700639724731,0.9914966225624084,0.9965986609458923,8.08613109588623,0.08174762036651373,0.09912725072354078
12,1.5634509325027466,3.440138101577759,0.2789042890071869,1.295986533164978,6.324453830718994,3.6155266761779785,0.6836734414100647,0.9897959232330322,0.9965986609458923,8.007538795471191,0.08131834678351879,0.09869736712425947
13,1.5295339822769165,3.6225056648254395,0.2631615698337555,1.316534161567688,6.2309088706970215,3.6099846363067627,0.7057822942733765,0.9897959232330322,0.9965986609458923,7.9055609703063965,0.0812995070591569,0.10300017148256302
14,1.494531273841858,3.7691187858581543,0.24829928576946259,1.331541657447815,6.177853107452393,3.6072652339935303,0.7142857313156128,0.9897959232330322,0.9965986609458923,7.853219032287598,0.04729533568024635,0.06466327700763941
15,1.4968364238739014,3.9263312816619873,0.23487414419651031,1.3415639400482178,6.162604331970215,3.6058690547943115,0.7244898080825806,0.9931972622871399,0.9965986609458923,7.841477870941162,0.08212726563215256,0.09990490041673183
16,1.494157075881958,4.094048023223877,0.22276851534843445,1.347080111503601,6.131067752838135,3.6031439304351807,0.7346938848495483,0.9863945841789246,0.9965986609458923,7.819461345672607,0.08089453261345625,0.09829011280089617
17,1.480109453201294,4.268606185913086,0.21176381409168243,1.3482341766357422,6.067291259765625,3.5980441570281982,0.7312925457954407,0.9829931855201721,0.9965986609458923,7.770071506500244,0.0811050496995449,0.09845188073813915
18,1.4756243228912354,4.452856063842773,0.20181255042552948,1.3453353643417358,5.992480278015137,3.590618133544922,0.7295918464660645,0.9829931855201721,0.9965986609458923,7.690220355987549,0.08089044317603111,0.09823960345238447
19,1.4610934257507324,4.639180660247803,0.19301407039165497,1.338491678237915,5.924942970275879,3.581071376800537,0.726190447807312,0.9863945841789246,0.9982993006706238,7.570949077606201,0.04649439640343189,0.0638157781213522
20,1.4421333074569702,4.829987049102783,0.18502016365528107,1.3277742862701416,5.891702175140381,3.573505401611328,0.7210884094238281,0.9897959232330322,0.9982993006706238,7.505300045013428,0.08173232059925795,0.09945694822818041
21,1.431575059890747,5.0255632400512695,0.1777450293302536,1.3135024309158325,5.85711145401001,3.5662336349487305,0.7193877696990967,0.9914966225624084,0.9982993006706238,7.461094379425049,0.08087887149304152,0.0982520030811429
22,1.4438680410385132,5.2209367752075195,0.1710861623287201,1.2964563369750977,5.819314002990723,3.557328939437866,0.7193877696990967,0.9914966225624084,0.9982993006706238,7.397429466247559,0.08108387049287558,0.09842007141560316
23,1.4114515781402588,5.415863513946533,0.16498884558677673,1.2763724327087402,5.795740604400635,3.548229455947876,0.726190447807312,0.9897959232330322,0.9982993006706238,7.341328144073486,0.08104662969708443,0.09841941110789776
24,1.3557718992233276,5.619925022125244,0.15949265658855438,1.2526154518127441,5.776444911956787,3.540553569793701,0.7210884094238281,0.9914966225624084,0.9982993006706238,7.306894302368164,0.046600114554166794,0.06396108586341143
25,1.3907601833343506,5.8235764503479,0.15448644757270813,1.2265573740005493,5.78005838394165,3.5333521366119385,0.7142857313156128,0.9897959232330322,0.9982993006706238,7.294656276702881,0.08175588119775057,0.09956220630556345
26,1.3895196914672852,6.026453018188477,0.149820938706398,1.1986759901046753,5.781103134155273,3.5257210731506348,0.7074829936027527,0.9846938848495483,0.9982993006706238,7.286373615264893,0.08098018169403076,0.09835258219391108
27,1.381097435951233,6.2386016845703125,0.14558115601539612,1.1692615747451782,5.7656683921813965,3.516247510910034,0.7057822942733765,0.9846938848495483,0.9982993006706238,7.255529880523682,0.08108316082507372,0.09853415936231613
28,1.3512715101242065,6.460616111755371,0.1417175829410553,1.1381585597991943,5.720510959625244,3.504955530166626,0.7057822942733765,0.9829931855201721,0.9982993006706238,7.205630779266357,0.08091910276561975,0.09827637299895287
29,1.3528765439987183,6.679544925689697,0.13827207684516907,1.1059268712997437,5.72576904296875,3.496652126312256,0.692176878452301,0.9829931855201721,0.9982993006706238,7.190886974334717,0.046530526131391525,0.06390655599534512
30,1.3275158405303955,6.899903297424316,0.13514214754104614,1.0725104808807373,5.739115238189697,3.488732099533081,0.6768707633018494,0.9778911471366882,0.9982993006706238,7.197939395904541,0.082198535092175,0.09993966110050678
31,1.3525010347366333,7.119029521942139,0.1322348713874817,1.0389293432235718,5.698116779327393,3.476274251937866,0.6717687249183655,0.9812925457954407,0.9965986609458923,7.144545078277588,0.08105503022670746,0.09845987055450678
32,1.3293721675872803,7.328518867492676,0.12951019406318665,1.0050888061523438,5.631222248077393,3.461174726486206,0.680272102355957,0.9795918464660645,0.9965986609458923,7.057004928588867,0.08091268222779036,0.09825329296290874
33,1.3003767728805542,7.5361647605896,0.1269533634185791,0.9708102941513062,5.564917087554932,3.4472992420196533,0.6700680255889893,0.976190447807312,0.9948979616165161,6.987734317779541,0.08093932177871466,0.09826215356588364
34,1.4205961227416992,7.71959114074707,0.12415761500597,0.939171552658081,5.53632926940918,3.4410712718963623,0.6700680255889893,0.9744898080825806,0.9931972622871399,6.9928107261657715,0.04637714847922325,0.0637569883838296
35,1.2818354368209839,7.911532878875732,0.12165151536464691,0.9071983695030212,5.5037689208984375,3.4352588653564453,0.6581632494926453,0.9693877696990967,0.9914966225624084,7.022622108459473,0.08175047114491463,0.0994899170473218
36,1.290736436843872,8.113446235656738,0.1195184588432312,0.875525951385498,5.495530128479004,3.4273273944854736,0.6564626097679138,0.9676870703697205,0.9914966225624084,7.021106243133545,0.08098264131695032,0.09836679231375456
37,1.2614439725875854,8.323803901672363,0.11768937110900879,0.8439168334007263,5.460695266723633,3.4154045581817627,0.6445578336715698,0.9642857313156128,0.9897959232330322,6.972527503967285,0.08086028136312962,0.09821075294166803
38,1.2803739309310913,8.543241500854492,0.11619516462087631,0.813206672668457,5.411287307739258,3.4020724296569824,0.6411564350128174,0.9574829936027527,0.9863945841789246,6.9047346115112305,0.08089128229767084,0.09825796261429787
39,1.2535996437072754,8.779590606689453,0.11535390466451645,0.7831436395645142,5.558115482330322,3.40519118309021,0.6326530575752258,0.9608843326568604,0.988095223903656,7.003553867340088,0.0501956669613719,0.06777850445359945
40,1.257259726524353,9.013184547424316,0.11454669386148453,0.7541419863700867,5.670856952667236,3.406013011932373,0.6139456033706665,0.9608843326568604,0.9795918464660645,7.088048934936523,0.08199395705014467,0.09976536314934492
41,1.267453908920288,9.2442045211792,0.11370687931776047,0.7267155647277832,5.647660732269287,3.3955225944519043,0.5935373902320862,0.9557822942733765,0.9778911471366882,7.0416059494018555,0.08089785370975733,0.09826723299920559
42,1.257008671760559,9.466501235961914,0.11277247965335846,0.7008566856384277,5.543504238128662,3.379518747329712,0.5901360511779785,0.9506802558898926,0.976190447807312,6.938636302947998,0.08100251015275717,0.09837990067899227
43,1.2373417615890503,9.682637214660645,0.11187559366226196,0.6763523817062378,5.45465087890625,3.365161180496216,0.5748299360275269,0.9472789168357849,0.9710884094238281,6.8481879234313965,0.08090104255825281,0.09832930192351341
44,1.1264876127243042,9.897557258605957,0.11136191338300705,0.6510888934135437,5.483028888702393,3.3614721298217773,0.5612244606018066,0.9472789168357849,0.9710884094238281,6.845638751983643,0.046368418261408806,0.06371449958533049
45,1.22998046875,10.112297058105469,0.11077626049518585,0.6277520656585693,5.465536117553711,3.354876756668091,0.5476190447807312,0.9472789168357849,0.9693877696990967,6.827029228210449,0.08297054469585419,0.1014694208279252
46,1.2747998237609863,10.325949668884277,0.11036992818117142,0.6074601411819458,5.420102596282959,3.3442046642303467,0.5510203838348389,0.9438775777816772,0.9693877696990967,6.770575523376465,0.08105504978448153,0.09843896050006151
47,1.2209371328353882,10.538164138793945,0.10991290211677551,0.5889830589294434,5.371532440185547,3.333768367767334,0.545918345451355,0.9387755393981934,0.9676870703697205,6.709188461303711,0.08097523171454668,0.09842403139919043
48,1.2311155796051025,10.743303298950195,0.10933689028024673,0.5726518034934998,5.297977924346924,3.3246419429779053,0.5493197441101074,0.9336734414100647,0.9693877696990967,6.654943943023682,0.0809251219034195,0.09829805232584476
49,1.3404340744018555,10.96257495880127,0.11089204996824265,0.5609537363052368,5.405107021331787,3.33345365524292,0.5323129296302795,0.9353741407394409,0.9659863710403442,6.734707832336426,0.04635151755064726,0.06393539533019066
50,1.2255761623382568,11.18328857421875,0.11220628023147583,0.5508810877799988,5.4276533126831055,3.3346357345581055,0.5204081535339355,0.9336734414100647,0.9608843326568604,6.762649059295654,0.08208131697028875,0.09990035090595484
51,1.229533076286316,11.404464721679688,0.11347360908985138,0.5424636006355286,5.37136173248291,3.326622486114502,0.5340136289596558,0.9268707633018494,0.9608843326568604,6.70870304107666,0.08117548935115337,0.09857018943876028
52,1.2199736833572388,11.614960670471191,0.11435455828905106,0.5354377031326294,5.284092426300049,3.3153281211853027,0.5306122303009033,0.9200680255889893,0.9608843326568604,6.626833438873291,0.08093388099223375,0.09830251149833202
53,1.2344553470611572,11.821741104125977,0.11523878574371338,0.5300938487052917,5.243260860443115,3.309344530105591,0.5476190447807312,0.9217687249183655,0.9591836929321289,6.5820536613464355,0.08094457257539034,0.0982949836179614
54,1.2492605447769165,12.009378433227539,0.1137847900390625,0.5266690850257874,5.298201084136963,3.333892345428467,0.5476190447807312,0.9115646481513977,0.9455782175064087,6.763897895812988,0.04633977822959423,0.06370014883577824
55,1.2864997386932373,12.205012321472168,0.11281202733516693,0.5257753133773804,5.381996154785156,3.354567050933838,0.5425170063972473,0.9047619104385376,0.9353741407394409,6.917133331298828,0.08221485465765,0.10002394951879978
56,1.245300054550171,12.406962394714355,0.11220113188028336,0.5262219905853271,5.342850208282471,3.348432779312134,0.5527210831642151,0.9047619104385376,0.9404761791229248,6.875124931335449,0.08108181040734053,0.09841441176831722
57,1.1866278648376465,12.608541488647461,0.11184733361005783,0.5265329480171204,5.2887043952941895,3.3358235359191895,0.5493197441101074,0.9149659872055054,0.9472789168357849,6.783557891845703,0.08094076160341501,0.09829036239534616
58,1.2571297883987427,12.812898635864258,0.11184491962194443,0.5283458232879639,5.281142234802246,3.330009937286377,0.5357142686843872,0.9166666865348816,0.9455782175064087,6.741459846496582,0.08094348199665546,0.09838415030390024
59,1.3216161727905273,12.994208335876465,0.11034999787807465,0.5329854488372803,5.325387001037598,3.3398311138153076,0.5510203838348389,0.9166666865348816,0.942176878452301,6.803760051727295,0.04634547792375088,0.06366900075227022
60,1.2540360689163208,13.171412467956543,0.1091291531920433,0.5384501814842224,5.352957725524902,3.3474106788635254,0.5510203838348389,0.9081632494926453,0.9438775777816772,6.858911991119385,0.08169285114854574,0.09946652688086033
61,1.2516733407974243,13.346638679504395,0.10825615376234055,0.544458270072937,5.358806133270264,3.34879994392395,0.545918345451355,0.9047619104385376,0.9472789168357849,6.874685764312744,0.08092060219496489,0.09828982315957546
62,1.2602412700653076,13.51500129699707,0.10756418853998184,0.5510575771331787,5.33613395690918,3.3458311557769775,0.545918345451355,0.9098639488220215,0.9489796161651611,6.840917587280273,0.08088923152536154,0.09826846327632666
63,1.2610607147216797,13.6799955368042,0.10712067037820816,0.5581265687942505,5.308263301849365,3.339416027069092,0.5425170063972473,0.918367326259613,0.942176878452301,6.789116382598877,0.08089209161698818,0.09826164320111275
64,1.143001675605774,13.800433158874512,0.10480149835348129,0.562580406665802,5.504200458526611,3.3719377517700195,0.5374149680137634,0.9115646481513977,0.9472789168357849,7.031217098236084,0.04628315847367048,0.06362203974276781
65,1.2737683057785034,13.928211212158203,0.10335994511842728,0.5677282214164734,5.603671073913574,3.38859486579895,0.5289115905761719,0.9030612111091614,0.9472789168357849,7.164233684539795,0.0818165997043252,0.0996560137718916
66,1.2903611660003662,14.063658714294434,0.10259339958429337,0.5738167762756348,5.537548065185547,3.3763740062713623,0.5425170063972473,0.9098639488220215,0.9455782175064087,7.056326389312744,0.08104483131319284,0.09841264225542545
67,1.2460681200027466,14.201776504516602,0.10239510238170624,0.5795525908470154,5.40996789932251,3.3537793159484863,0.5663265585899353,0.9217687249183655,0.9557822942733765,6.882969379425049,0.0809273011982441,0.09829076286405325
68,1.2976256608963013,14.34172534942627,0.10287594795227051,0.5862228870391846,5.3515191078186035,3.3400118350982666,0.5510203838348389,0.930272102355957,0.954081654548645,6.7672119140625,0.08087535295635462,0.09821985382586718
69,1.3417316675186157,14.463621139526367,0.10563381761312485,0.5948121547698975,5.545840740203857,3.3638274669647217,0.5306122303009033,0.9285714030265808,0.9710884094238281,6.931483268737793,0.046305159106850624,0.06365814059972763
70,1.2534385919570923,14.580534934997559,0.10761401802301407,0.6025386452674866,5.718939781188965,3.3882548809051514,0.5136054158210754,0.9217687249183655,0.9659863710403442,7.129635334014893,0.0815622741356492,0.09932483918964863
71,1.2766975164413452,14.690302848815918,0.10890784859657288,0.6098603010177612,5.684634685516357,3.3857717514038086,0.5272108912467957,0.9268707633018494,0.9642857313156128,7.1031365394592285,0.08088557235896587,0.0982564939185977
72,1.2471344470977783,14.795433044433594,0.10939144343137741,0.6158444881439209,5.511735439300537,3.3612258434295654,0.5612244606018066,0.9370748400688171,0.9693877696990967,6.892856121063232,0.08097645081579685,0.09834964107722044
73,1.2678645849227905,14.902544021606445,0.10937235504388809,0.6210734248161316,5.316377639770508,3.3407175540924072,0.5595238208770752,0.9370748400688171,0.9659863710403442,6.713380336761475,0.08142628613859415,0.09875496663153172
74,1.2643194198608398,15.022942543029785,0.1104988381266594,0.6254228949546814,5.5719404220581055,3.387183666229248,0.5527210831642151,0.930272102355957,0.9591836929321289,7.089029312133789,0.04628258943557739,0.06365417037159204
75,1.2674779891967773,15.143508911132812,0.11120051890611649,0.6288283467292786,5.658973693847656,3.403949022293091,0.545918345451355,0.9268707633018494,0.9591836929321289,7.241251468658447,0.08193484973162413,0.09971607383340597
76,1.2823514938354492,15.265904426574707,0.11162719130516052,0.6316800117492676,5.5218000411987305,3.3802530765533447,0.5646258592605591,0.9251700639724731,0.9608843326568604,7.036800384521484,0.08096742071211338,0.09838235192000866
77,1.2544652223587036,15.394901275634766,0.11201560497283936,0.6331823468208313,5.31160831451416,3.3473398685455322,0.5782312750816345,0.9319728016853333,0.9608843326568604,6.754712104797363,0.08100143168121576,0.09834625199437141
78,1.2433252334594727,15.524441719055176,0.1119472086429596,0.6331436634063721,5.2056565284729,3.3314530849456787,0.5748299360275269,0.9387755393981934,0.9727891087532043,6.616715908050537,0.08116039913147688,0.09849150944501162
79,1.0756516456604004,15.664162635803223,0.1124684140086174,0.6269873976707458,5.188326835632324,3.3364455699920654,0.5850340127944946,0.9404761791229248,0.9676870703697205,6.639435768127441,0.046530336141586304,0.0639256564900279
80,1.2702960968017578,15.801888465881348,0.11272585391998291,0.6209243535995483,5.24500846862793,3.3381197452545166,0.5952380895614624,0.9438775777816772,0.9676870703697205,6.679868698120117,0.08170494064688683,0.09946354664862156
81,1.252526879310608,15.931047439575195,0.11278669536113739,0.6145540475845337,5.256175994873047,3.3341143131256104,0.5901360511779785,0.942176878452301,0.9693877696990967,6.665111064910889,0.08087084349244833,0.09822276420891285
82,1.2099528312683105,16.055015563964844,0.11264577507972717,0.6068676114082336,5.184189319610596,3.321004629135132,0.5935373902320862,0.9455782175064087,0.9693877696990967,6.566641807556152,0.08091677166521549,0.09828850347548723
83,1.209826946258545,16.17620086669922,0.11221200972795486,0.5982296466827393,5.108567714691162,3.310264825820923,0.5833333134651184,0.942176878452301,0.9659863710403442,6.492136478424072,0.08121985755860806,0.09886579494923353
84,1.057617425918579,16.317079544067383,0.11283919960260391,0.5848304033279419,5.190406322479248,3.319540500640869,0.5663265585899353,0.9404761791229248,0.9591836929321289,6.582027435302734,0.04645479749888182,0.06380513776093721
85,1.2556403875350952,16.455345153808594,0.11337802559137344,0.5729590058326721,5.222661018371582,3.3184549808502197,0.5476190447807312,0.9353741407394409,0.9574829936027527,6.602602005004883,0.08199308812618256,0.09975903388112783
86,1.2119113206863403,16.59348487854004,0.11374184489250183,0.5614880323410034,5.166330337524414,3.3085930347442627,0.5595238208770752,0.9353741407394409,0.9591836929321289,6.539021968841553,0.08094393089413643,0.09834859147667885
87,1.204636573791504,16.732006072998047,0.11402294039726257,0.5504827499389648,5.105310440063477,3.300550699234009,0.5799319744110107,0.930272102355957,0.9608843326568604,6.497680187225342,0.08085003308951855,0.09819778427481651
88,1.2142062187194824,16.869768142700195,0.11452551186084747,0.54048752784729,5.068876266479492,3.292487621307373,0.5833333134651184,0.9268707633018494,0.9608843326568604,6.448564529418945,0.0809470321983099,0.09829544275999069
89,1.4816356897354126,16.985048294067383,0.11589042842388153,0.5391169190406799,5.064754009246826,3.298198699951172,0.5850340127944946,0.930272102355957,0.9608843326568604,6.461582183837891,0.04628962930291891,0.06361387949436903
90,1.218241572380066,17.10124969482422,0.11678355187177658,0.5380833745002747,5.14332389831543,3.31410813331604,0.5646258592605591,0.930272102355957,0.9574829936027527,6.605084419250488,0.0819690078496933,0.09974672365933657
91,1.2867679595947266,17.214582443237305,0.1167977899312973,0.5392773151397705,5.129918575286865,3.311736583709717,0.5629251599311829,0.9319728016853333,0.9557822942733765,6.58752965927124,0.08089525159448385,0.0982441334053874
92,1.2693324089050293,17.322538375854492,0.11615508049726486,0.5419822335243225,5.063442707061768,3.300116777420044,0.5663265585899353,0.9370748400688171,0.9574829936027527,6.493829727172852,0.08093307167291641,0.09830345306545496
93,1.1935436725616455,17.43227767944336,0.11539505422115326,0.5439015626907349,5.013941764831543,3.2924869060516357,0.5680271983146667,0.9404761791229248,0.9608843326568604,6.430201053619385,0.08086713310331106,0.09818444401025772
94,1.3821769952774048,17.54320526123047,0.1156998947262764,0.5503804087638855,5.170263767242432,3.323880910873413,0.5867347121238708,0.930272102355957,0.9557822942733765,6.662049293518066,0.04627824854105711,0.063625100068748
95,1.243605613708496,17.655906677246094,0.11584525555372238,0.5569338202476501,5.298860549926758,3.3467869758605957,0.5629251599311829,0.918367326259613,0.9472789168357849,6.8494462966918945,0.08227380458265543,0.10004041995853186
96,1.2423886060714722,17.766571044921875,0.1160845085978508,0.5633724331855774,5.280188083648682,3.3416144847869873,0.5680271983146667,0.9200680255889893,0.954081654548645,6.799083232879639,0.08100626058876514,0.09839813224971294
97,1.2423663139343262,17.87807273864746,0.11627887189388275,0.569559633731842,5.231273651123047,3.3276491165161133,0.5748299360275269,0.9234693646430969,0.9591836929321289,6.681880950927734,0.08079056348651648,0.09808845445513725
98,1.2044514417648315,17.984521865844727,0.1166321411728859,0.574292004108429,5.215170860290527,3.3231029510498047,0.5765306353569031,0.9251700639724731,0.9642857313156128,6.64212703704834,0.08088768273591995,0.09821579419076443
99,0.9167726635932922,18.087684631347656,0.11624644696712494,0.5692629218101501,5.307938098907471,3.34246563911438,0.5799319744110107,0.9217687249183655,0.9625850319862366,6.7998738288879395,0.04627341963350773,0.06359808053821325
100,1.2497189044952393,18.180532455444336,0.11583362519741058,0.5651596188545227,5.257656574249268,3.3340609073638916,0.569727897644043,0.9217687249183655,0.9625850319862366,6.739381790161133,0.08192534931004047,0.0997142344713211
101,1.2501568794250488,18.27046775817871,0.11531754583120346,0.5620094537734985,5.171268463134766,3.3192574977874756,0.5663265585899353,0.930272102355957,0.9557822942733765,6.623519420623779,0.08107620943337679,0.09841733053326607
102,1.219548225402832,18.36060333251953,0.11490108072757721,0.558944821357727,5.1309661865234375,3.30838942527771,0.557823121547699,0.9336734414100647,0.9608843326568604,6.539661407470703,0.08098061103373766,0.09831254184246063
103,1.1913647651672363,18.455764770507812,0.11472804844379425,0.5552626848220825,5.097975254058838,3.3014512062072754,0.5646258592605591,0.9353741407394409,0.9642857313156128,6.491490840911865,0.0809420719742775,0.09828442241996527
104,1.1613132953643799,18.54543685913086,0.1129322499036789,0.5502995252609253,5.18681526184082,3.321636438369751,0.5663265585899353,0.9251700639724731,0.9574829936027527,6.653908729553223,0.046357047744095325,0.0636846199631691
105,1.1968908309936523,18.6334285736084,0.11155986785888672,0.5453094840049744,5.3012471199035645,3.339771032333374,0.5527210831642151,0.9149659872055054,0.9523809552192688,6.814257621765137,0.082355753518641,0.10017117857933044
106,1.2402321100234985,18.719209671020508,0.11052574962377548,0.5416787266731262,5.305575847625732,3.340606451034546,0.5510203838348389,0.9081632494926453,0.9557822942733765,6.809213161468506,0.08312919270247221,0.10128799267113209
107,1.248295545578003,18.8037052154541,0.10987216979265213,0.5396121144294739,5.255943298339844,3.3280584812164307,0.557823121547699,0.9081632494926453,0.9591836929321289,6.719601631164551,0.08093025162816048,0.09828674234449863
108,1.1823347806930542,18.88910484313965,0.10900550335645676,0.5371242761611938,5.180309295654297,3.3118648529052734,0.5612244606018066,0.918367326259613,0.9574829936027527,6.601999282836914,0.08097537234425545,0.09834543243050575
109,1.147121787071228,19.010887145996094,0.10840447247028351,0.533344030380249,5.27714729309082,3.3332266807556152,0.5561224222183228,0.9098639488220215,0.9506802558898926,6.753110885620117,0.04633440729230642,0.06368840858340263
110,1.218989372253418,19.12782096862793,0.10801733285188675,0.5305063724517822,5.331472396850586,3.3428287506103516,0.5357142686843872,0.9098639488220215,0.9523809552192688,6.837318420410156,0.08173494040966034,0.09946440812200308
111,1.2028851509094238,19.24455451965332,0.10815583169460297,0.5280710458755493,5.259350299835205,3.3307764530181885,0.5510203838348389,0.9149659872055054,0.9506802558898926,6.749778747558594,0.0812325282022357,0.09876756649464369
112,1.2259063720703125,19.3547420501709,0.10828287154436111,0.5267418622970581,5.154994010925293,3.3137049674987793,0.5663265585899353,0.9166666865348816,0.9523809552192688,6.619792461395264,0.08129794709384441,0.09865949861705303
113,1.2467067241668701,19.460865020751953,0.10889240354299545,0.5270790457725525,5.062962055206299,3.297738790512085,0.5561224222183228,0.9234693646430969,0.9574829936027527,6.494735240936279,0.08096659183502197,0.09829827304929495
114,1.4084327220916748,19.563955307006836,0.10806616395711899,0.5336966514587402,5.168959140777588,3.320239305496216,0.5663265585899353,0.9166666865348816,0.9523809552192688,6.657938480377197,0.04620661027729511,0.06354334112256765
115,1.1985126733779907,19.66478729248047,0.10752040892839432,0.5396547317504883,5.254512310028076,3.3325295448303223,0.5731292366981506,0.9149659872055054,0.9523809552192688,6.757482528686523,0.08186230901628733,0.09962412528693676
116,1.2411659955978394,19.763031005859375,0.10738556832075119,0.5461006164550781,5.2412285804748535,3.328545570373535,0.5680271983146667,0.918367326259613,0.9523809552192688,6.715558052062988,0.0808558827266097,0.09825682267546654
117,1.2153878211975098,19.86016082763672,0.10735748708248138,0.5520483255386353,5.186732292175293,3.3181769847869873,0.5714285969734192,0.9200680255889893,0.9625850319862366,6.627518653869629,0.08084778301417828,0.09815778490155935
118,1.2184416055679321,19.959562301635742,0.10753953456878662,0.5574924349784851,5.125138282775879,3.307619571685791,0.5748299360275269,0.9234693646430969,0.9642857313156128,6.538575649261475,0.08139439579099417,0.09895009361207485
119,1.1569008827209473,20.045963287353516,0.11013182252645493,0.5604568719863892,5.254925727844238,3.331411600112915,0.5867347121238708,0.9285714030265808,0.9557822942733765,6.718727111816406,0.04626114945858717,0.06358341034501791
120,1.224684238433838,20.134937286376953,0.11166557669639587,0.5631372332572937,5.324231147766113,3.3455231189727783,0.5629251599311829,0.9251700639724731,0.954081654548645,6.8325066566467285,0.08166826236993074,0.09945403691381216
121,1.268973708152771,20.226272583007812,0.11246711760759354,0.5668792724609375,5.22200345993042,3.3267111778259277,0.569727897644043,0.9285714030265808,0.954081654548645,6.6780686378479,0.08104369975626469,0.09837651252746582
122,1.2393245697021484,20.318695068359375,0.1131238341331482,0.5705795288085938,5.194697380065918,3.3193249702453613,0.5765306353569031,0.9319728016853333,0.9557822942733765,6.615794658660889,0.08084272313863039,0.09815531503409147
123,1.2235292196273804,20.40953254699707,0.11386057734489441,0.5736709833145142,5.161870002746582,3.3164029121398926,0.5748299360275269,0.9285714030265808,0.9591836929321289,6.58795690536499,0.08100981079041958,0.09834349155426025
124,1.063992977142334,20.51631736755371,0.11520063877105713,0.5710912942886353,5.1921586990356445,3.320739269256592,0.5731292366981506,0.9319728016853333,0.9625850319862366,6.617664337158203,0.04634909797459841,0.06364839989691973
125,1.2178142070770264,20.618436813354492,0.11615171283483505,0.5682700872421265,5.267339706420898,3.3305680751800537,0.5612244606018066,0.9268707633018494,0.9625850319862366,6.703444480895996,0.08167908247560263,0.09950383752584457
126,1.229447603225708,20.71526527404785,0.11654826253652573,0.5656583905220032,5.234559535980225,3.324341058731079,0.5629251599311829,0.9234693646430969,0.9642857313156128,6.651721954345703,0.08086785301566124,0.09824151452630758
127,1.207761526107788,20.81044578552246,0.11674463748931885,0.5626526474952698,5.189631462097168,3.314837694168091,0.5629251599311829,0.930272102355957,0.9625850319862366,6.580121040344238,0.08079713303595781,0.09817343391478062
128,1.1847202777862549,20.903331756591797,0.11686170101165771,0.5587044358253479,5.15394401550293,3.306945323944092,0.5663265585899353,0.9251700639724731,0.9625850319862366,6.527525424957275,0.08108903933316469,0.09842626098543406
129,1.2667495012283325,20.996639251708984,0.11602359265089035,0.5566738843917847,5.240883827209473,3.3270151615142822,0.5544217824935913,0.9353741407394409,0.9608843326568604,6.650197505950928,0.04630851931869984,0.06363513972610235
130,1.2357280254364014,21.090612411499023,0.11558212339878082,0.5552886128425598,5.306957721710205,3.3360157012939453,0.5442177057266235,0.9370748400688171,0.9591836929321289,6.745213985443115,0.08166137151420116,0.09961128514260054
131,1.2125725746154785,21.181062698364258,0.1149761825799942,0.5537283420562744,5.2780938148498535,3.3254849910736084,0.5663265585899353,0.9353741407394409,0.9608843326568604,6.684046268463135,0.08091152273118496,0.09826134331524372
132,1.2348265647888184,21.27266502380371,0.11432469636201859,0.5528140664100647,5.178685188293457,3.3099112510681152,0.5799319744110107,0.9370748400688171,0.9625850319862366,6.553178787231445,0.08078963402658701,0.09815227519720793
133,1.2229000329971313,21.367002487182617,0.11379197984933853,0.5521537661552429,5.085241794586182,3.297044515609741,0.5663265585899353,0.9387755393981934,0.9642857313156128,6.4550957679748535,0.08096472173929214,0.09829662274569273
134,1.1206891536712646,21.465784072875977,0.11346808820962906,0.5485063791275024,5.089158058166504,3.2987289428710938,0.5748299360275269,0.9455782175064087,0.9659863710403442,6.461421966552734,0.046298799104988575,0.06361574959009886
135,1.1697815656661987,21.56488037109375,0.11335170269012451,0.5437628030776978,5.144827842712402,3.304325580596924,0.5595238208770752,0.942176878452301,0.9659863710403442,6.513251781463623,0.0821869345381856,0.09994341060519218
136,1.232639193534851,21.662792205810547,0.11358442902565002,0.5401211977005005,5.125732421875,3.302438735961914,0.5561224222183228,0.9387755393981934,0.9659863710403442,6.516293048858643,0.08086385205388069,0.09819051437079906
137,1.2351335287094116,21.75880241394043,0.11371518671512604,0.537660539150238,5.079498767852783,3.295942783355713,0.5544217824935913,0.9370748400688171,0.9659863710403442,6.473074436187744,0.08086727280169725,0.09818554483354092
138,1.1645267009735107,21.851699829101562,0.11417195200920105,0.5340876579284668,5.0288848876953125,3.289339303970337,0.5799319744110107,0.9370748400688171,0.9608843326568604,6.428004264831543,0.08097178116440773,0.0983157530426979
139,1.2280875444412231,21.935617446899414,0.11555584520101547,0.5316965579986572,5.20524263381958,3.334484338760376,0.5680271983146667,0.9234693646430969,0.9506802558898926,6.764647483825684,0.04621569998562336,0.063551040366292
140,1.244481086730957,22.010284423828125,0.11668585240840912,0.530892014503479,5.2746968269348145,3.34649658203125,0.5646258592605591,0.9251700639724731,0.9506802558898926,6.862498760223389,0.08152026496827602,0.09927229024469852
141,1.256834864616394,22.07929801940918,0.11715434491634369,0.5319125056266785,5.175765037536621,3.3204545974731445,0.569727897644043,0.9268707633018494,0.9557822942733765,6.670459270477295,0.08090506214648485,0.09822642337530851
142,1.1966525316238403,22.15474510192871,0.11703803390264511,0.5326170921325684,5.047971725463867,3.2947685718536377,0.5680271983146667,0.9336734414100647,0.9642857313156128,6.454301834106445,0.08089511375874281,0.0982258440926671
143,1.1705174446105957,22.235614776611328,0.11684776842594147,0.5321776866912842,5.055910587310791,3.2933013439178467,0.5646258592605591,0.9387755393981934,0.9608843326568604,6.444485187530518,0.08121445775032043,0.09861594904214144
144,1.3118009567260742,22.3293399810791,0.11504669487476349,0.5353693962097168,5.132909297943115,3.312878370285034,0.5799319744110107,0.9319728016853333,0.954081654548645,6.549408435821533,0.04676852282136679,0.06416657380759716
145,1.2936294078826904,22.422142028808594,0.11352267116308212,0.5410035848617554,5.145350933074951,3.317232608795166,0.5731292366981506,0.9268707633018494,0.954081654548645,6.595371723175049,0.08209137618541718,0.09987441170960665
146,1.2057158946990967,22.51436996459961,0.11258439719676971,0.545734167098999,5.151461124420166,3.3170268535614014,0.569727897644043,0.9336734414100647,0.9574829936027527,6.609009742736816,0.08102886006236076,0.09843677002936602
147,1.2294681072235107,22.603349685668945,0.11198468506336212,0.5502886176109314,5.135278224945068,3.3128468990325928,0.5833333134651184,0.9370748400688171,0.9625850319862366,6.591534614562988,0.08100585173815489,0.09835890214890242
148,1.2135804891586304,22.689794540405273,0.11134744435548782,0.5540456771850586,5.111865997314453,3.311615228652954,0.5595238208770752,0.9404761791229248,0.9625850319862366,6.579712390899658,0.0810347804799676,0.09835883229970932
149,1.0950708389282227,22.777345657348633,0.10996140539646149,0.552998960018158,5.219394207000732,3.3225386142730713,0.5561224222183228,0.9387755393981934,0.9642857313156128,6.660933971405029,0.04664898384362459,0.06424771156162024
150,1.2341630458831787,22.86441421508789,0.10870486497879028,0.5522701740264893,5.287716388702393,3.328718423843384,0.5527210831642151,0.9268707633018494,0.9642857313156128,6.72918176651001,0.08166452124714851,0.09940260741859674
151,1.2542682886123657,22.949146270751953,0.1074693351984024,0.5525175333023071,5.2247114181518555,3.3242757320404053,0.5544217824935913,0.930272102355957,0.9608843326568604,6.680565357208252,0.08093900233507156,0.09829979203641415
152,1.2356717586517334,23.03180694580078,0.10613347589969635,0.5530652403831482,5.179320812225342,3.3167505264282227,0.5544217824935913,0.9319728016853333,0.9608843326568604,6.624736309051514,0.08124128822237253,0.09861656837165356
153,1.2318872213363647,23.11248779296875,0.10546641796827316,0.5538159608840942,5.13600492477417,3.306650161743164,0.5544217824935913,0.9285714030265808,0.9659863710403442,6.545379638671875,0.08088581264019012,0.09823244344443083
154,1.2379037141799927,23.20081329345703,0.10397528856992722,0.5550143718719482,5.128399848937988,3.3088297843933105,0.5680271983146667,0.930272102355957,0.9591836929321289,6.556805610656738,0.04630525875836611,0.0636720098555088
155,1.252081036567688,23.285720825195312,0.10304055362939835,0.5571001768112183,5.182535171508789,3.320408821105957,0.5714285969734192,0.9217687249183655,0.9557822942733765,6.643582820892334,0.08195777889341116,0.09975194372236729
156,1.205824851989746,23.364988327026367,0.10256702452898026,0.5583720207214355,5.194443702697754,3.3198940753936768,0.5714285969734192,0.9234693646430969,0.9506802558898926,6.640699863433838,0.08089508209377527,0.09827388264238834
157,1.212540864944458,23.442707061767578,0.10274340212345123,0.5591605305671692,5.1764912605285645,3.314131498336792,0.5561224222183228,0.930272102355957,0.9557822942733765,6.5957560539245605,0.08085451368242502,0.09820045437663794
158,1.1788508892059326,23.5194091796875,0.10313116759061813,0.5583665370941162,5.1516432762146,3.312314987182617,0.5595238208770752,0.9319728016853333,0.9625850319862366,6.585851669311523,0.08092996198683977,0.09826374240219593
159,1.2970097064971924,23.60551643371582,0.10259240120649338,0.5603781938552856,5.179688930511475,3.321347713470459,0.5680271983146667,0.9319728016853333,0.954081654548645,6.6494951248168945,0.04627133812755346,0.06359457969665527
160,1.1815721988677979,23.68834114074707,0.10299987345933914,0.5607811808586121,5.231867790222168,3.3328776359558105,0.5714285969734192,0.9166666865348816,0.9506802558898926,6.737013816833496,0.082066067494452,0.09985343273729086
161,1.247513771057129,23.766502380371094,0.10400069504976273,0.5620377063751221,5.199441432952881,3.329181432723999,0.5765306353569031,0.9200680255889893,0.9523809552192688,6.706478118896484,0.08150499500334263,0.09925085119903088
162,1.2150405645370483,23.843076705932617,0.1053416058421135,0.5629137754440308,5.152257442474365,3.3209946155548096,0.569727897644043,0.930272102355957,0.9557822942733765,6.641463756561279,0.08098532073199749,0.09832600224763155
163,1.1700197458267212,23.91843605041504,0.10688948631286621,0.5618568658828735,5.151188850402832,3.3129537105560303,0.5663265585899353,0.930272102355957,0.9591836929321289,6.57979154586792,0.08092538174241781,0.09826433286070824
164,1.2639625072479248,23.98084831237793,0.10791729390621185,0.5624783039093018,5.125326156616211,3.3127989768981934,0.5765306353569031,0.9387755393981934,0.9625850319862366,6.567771911621094,0.04627987928688526,0.06361060962080956
165,1.256249189376831,24.04274559020996,0.10885917395353317,0.5642971396446228,5.155376434326172,3.3140008449554443,0.5646258592605591,0.9387755393981934,0.9642857313156128,6.5797529220581055,0.08182841073721647,0.09957270603626966
166,1.202187180519104,24.104482650756836,0.1096985712647438,0.5652031302452087,5.088749408721924,3.3059451580047607,0.5663265585899353,0.9404761791229248,0.9676870703697205,6.5161285400390625,0.08099341113120317,0.09835423156619072
167,1.1840054988861084,24.16939353942871,0.11040432006120682,0.5646101832389832,5.086790084838867,3.305316209793091,0.5765306353569031,0.9336734414100647,0.9676870703697205,6.5127058029174805,0.08082054369151592,0.09816798381507397
168,1.1887456178665161,24.237638473510742,0.11091942340135574,0.5628686547279358,5.0817694664001465,3.3033480644226074,0.5833333134651184,0.9387755393981934,0.9659863710403442,6.502017021179199,0.08087342325598001,0.09821347426623106
169,1.104222297668457,24.291048049926758,0.10897502303123474,0.5571317076683044,5.233321189880371,3.3355941772460938,0.5561224222183228,0.930272102355957,0.9574829936027527,6.7485432624816895,0.04627660010010004,0.06359267141669989
170,1.200108289718628,24.348581314086914,0.10723404586315155,0.5513781309127808,5.322515964508057,3.3497371673583984,0.5476190447807312,0.9132652878761292,0.9523809552192688,6.86915922164917,0.08169807214289904,0.09944221749901772
171,1.2482153177261353,24.40840721130371,0.10562317818403244,0.5475468635559082,5.232505798339844,3.3319437503814697,0.5731292366981506,0.9251700639724731,0.954081654548645,6.742480754852295,0.08082299400120974,0.09814756456762552
172,1.2075797319412231,24.467689514160156,0.10460255295038223,0.5441592931747437,5.140285968780518,3.3129961490631104,0.5782312750816345,0.9319728016853333,0.9574829936027527,6.600383281707764,0.08093491196632385,0.09829196240752935
173,1.1810064315795898,24.526023864746094,0.10425601154565811,0.5403777360916138,5.056554317474365,3.2992827892303467,0.5612244606018066,0.9387755393981934,0.9557822942733765,6.494354248046875,0.0809730114415288,0.0983427120372653
174,1.1820166110992432,24.590566635131836,0.10590946674346924,0.5364512801170349,5.158199787139893,3.3068747520446777,0.5680271983146667,0.9353741407394409,0.9574829936027527,6.54846715927124,0.04624716844409704,0.0635652607306838
175,1.2094535827636719,24.65106773376465,0.10761881619691849,0.5334510803222656,5.237359046936035,3.3132266998291016,0.5510203838348389,0.9336734414100647,0.9608843326568604,6.609927177429199,0.0822205850854516,0.1002024682238698
176,1.1784721612930298,24.713348388671875,0.10931162536144257,0.5302377343177795,5.289137363433838,3.3177385330200195,0.5527210831642151,0.9234693646430969,0.9574829936027527,6.64284086227417,0.08087333291769028,0.09821507427841425
177,1.187204360961914,24.7823429107666,0.11040200293064117,0.5272684693336487,5.208470344543457,3.301607608795166,0.5561224222183228,0.9285714030265808,0.9625850319862366,6.524148941040039,0.08089900203049183,0.09824630245566368
178,1.193696141242981,24.85356330871582,0.11130334436893463,0.5248780250549316,5.062613010406494,3.2781782150268555,0.5629251599311829,0.9387755393981934,0.9642857313156128,6.346621036529541,0.08082570414990187,0.09816285502165556
179,1.0724819898605347,24.9261417388916,0.11257755011320114,0.5187984704971313,5.137234210968018,3.3043460845947266,0.5612244606018066,0.9319728016853333,0.954081654548645,6.524439334869385,0.04624839033931494,0.06361918151378632
180,1.2502175569534302,24.99989128112793,0.1135343685746193,0.5158765316009521,5.136546611785889,3.3057680130004883,0.5425170063972473,0.930272102355957,0.954081654548645,6.54619026184082,0.08201277814805508,0.09989617206156254
181,1.1642595529556274,25.070308685302734,0.1139879822731018,0.51276695728302,5.1305131912231445,3.3035709857940674,0.557823121547699,0.9234693646430969,0.9608843326568604,6.544162273406982,0.08090126141905785,0.098267562687397
182,1.2173949480056763,25.14166831970215,0.11498364806175232,0.5114773511886597,5.161556720733643,3.3082079887390137,0.5408163070678711,0.9268707633018494,0.9574829936027527,6.588565349578857,0.08086737245321274,0.09827013313770294
183,1.1986418962478638,25.212020874023438,0.1161121055483818,0.5112006068229675,5.090770721435547,3.2946488857269287,0.5425170063972473,0.9319728016853333,0.9557822942733765,6.486639022827148,0.08101207949221134,0.09837180096656084
184,1.0764139890670776,25.278173446655273,0.11688839644193649,0.5074866414070129,5.289718151092529,3.3343605995178223,0.545918345451355,0.9285714030265808,0.9591836929321289,6.7522969245910645,0.046251049265265465,0.06357023119926453
185,1.236615538597107,25.339946746826172,0.11705011874437332,0.5063506364822388,5.346552848815918,3.3372890949249268,0.5340136289596558,0.9200680255889893,0.9557822942733765,6.792905807495117,0.0817169202491641,0.09957574587315321
186,1.2779849767684937,25.400373458862305,0.1169021725654602,0.5089774131774902,5.1642985343933105,3.3108818531036377,0.545918345451355,0.9336734414100647,0.954081654548645,6.59760046005249,0.08097987063229084,0.0983281722292304
187,1.2537405490875244,25.461286544799805,0.11650468409061432,0.5140506029129028,5.002879619598389,3.279174327850342,0.5782312750816345,0.9336734414100647,0.9574829936027527,6.358297824859619,0.08097423240542412,0.09833566192537546
188,1.188879370689392,25.526517868041992,0.1167982965707779,0.5188650488853455,5.021246910095215,3.274081230163574,0.581632673740387,0.9387755393981934,0.9591836929321289,6.320294380187988,0.08095015119761229,0.09841389115899801
189,1.1354048252105713,25.621307373046875,0.11864686757326126,0.5213395357131958,5.40482759475708,3.3413355350494385,0.5510203838348389,0.9217687249183655,0.954081654548645,6.852660655975342,0.04637423809617758,0.06377929821610451
190,1.2572381496429443,25.70404624938965,0.11890240758657455,0.52596116065979,5.391471862792969,3.3356010913848877,0.5544217824935913,0.918367326259613,0.9557822942733765,6.794315814971924,0.08170077204704285,0.09942509792745113
191,1.2572174072265625,25.786062240600586,0.11800196021795273,0.5323487520217896,5.2738823890686035,3.3116819858551025,0.5476190447807312,0.9387755393981934,0.9642857313156128,6.60368013381958,0.08139117434620857,0.09872160665690899
192,1.2094837427139282,25.86470603942871,0.1170661598443985,0.5383532047271729,5.2337727546691895,3.3069536685943604,0.5425170063972473,0.942176878452301,0.9625850319862366,6.56123685836792,0.08082050364464521,0.09816161449998617
193,1.202791690826416,25.937223434448242,0.11614329367876053,0.5435672402381897,5.158047199249268,3.29933762550354,0.5544217824935913,0.9438775777816772,0.9642857313156128,6.499139785766602,0.08086631167680025,0.09819125384092331
194,1.0760695934295654,26.01636505126953,0.11579696834087372,0.5431027412414551,5.206149578094482,3.3202080726623535,0.5527210831642151,0.9268707633018494,0.9591836929321289,6.6723504066467285,0.046201691031455994,0.06353970151394606
195,1.2253707647323608,26.088857650756836,0.11524620652198792,0.5431032776832581,5.270570278167725,3.335082769393921,0.5391156673431396,0.9200680255889893,0.9472789168357849,6.773751735687256,0.08227410353720188,0.10002828855067492
196,1.2603027820587158,26.15993309020996,0.114829882979393,0.5448709726333618,5.1792755126953125,3.317155361175537,0.5510203838348389,0.930272102355957,0.9574829936027527,6.643651962280273,0.08080618269741535,0.0981361148878932
197,1.2000151872634888,26.229297637939453,0.11457564681768417,0.5459223985671997,5.103140354156494,3.3047900199890137,0.5595238208770752,0.9285714030265808,0.9676870703697205,6.536201000213623,0.0807849233970046,0.09810670465230942
198,1.1932469606399536,26.295236587524414,0.1147192046046257,0.546064555644989,5.092521667480469,3.2977941036224365,0.5714285969734192,0.9370748400688171,0.9676870703697205,6.481184482574463,0.08096895180642605,0.09829931240528822
199,1.4152846336364746,26.362590789794922,0.11425188183784485,0.5538665056228638,5.255370140075684,3.319852113723755,0.5612244606018066,0.9285714030265808,0.9608843326568604,6.649258613586426,0.04622611030936241,0.06356539111584425
200,1.209260106086731,26.425737380981445,0.11372110247612,0.5605171918869019,5.291644096374512,3.324842929840088,0.5544217824935913,0.9336734414100647,0.9557822942733765,6.686777114868164,0.08169943187385798,0.09948195703327656
201,1.290083408355713,26.481800079345703,0.11320620775222778,0.5690271258354187,5.21031379699707,3.313540458679199,0.5714285969734192,0.9353741407394409,0.9591836929321289,6.57704496383667,0.08099019154906273,0.09840934071689844
202,1.2564973831176758,26.539966583251953,0.11319156736135483,0.5777111053466797,5.08882474899292,3.3014514446258545,0.6020408272743225,0.9455782175064087,0.9591836929321289,6.461586952209473,0.08086786326020956,0.09821057412773371
203,1.1913217306137085,26.601699829101562,0.11314737051725388,0.5837348103523254,5.031406879425049,3.295403242111206,0.6054421663284302,0.9472789168357849,0.9591836929321289,6.399113655090332,0.08084582258015871,0.09817846398800611
204,1.197731614112854,26.659595489501953,0.11402176320552826,0.5874040126800537,5.192541599273682,3.322615385055542,0.5935373902320862,0.930272102355957,0.9591836929321289,6.611403465270996,0.04623496998101473,0.06363043934106827
205,1.2011892795562744,26.716642379760742,0.11405283212661743,0.5888985395431519,5.402505874633789,3.3511295318603516,0.5680271983146667,0.9268707633018494,0.9574829936027527,6.8636298179626465,0.08194329775869846,0.09975852258503437
206,1.2269256114959717,26.77420997619629,0.11370372772216797,0.5893921256065369,5.419116973876953,3.352919578552246,0.5595238208770752,0.9268707633018494,0.9591836929321289,6.879307746887207,0.08095873240381479,0.09858606941998005
207,1.2262158393859863,26.832176208496094,0.11294559389352798,0.588955819606781,5.17642068862915,3.315828800201416,0.5884353518486023,0.9353741407394409,0.9659863710403442,6.560490608215332,0.08102380111813545,0.09841031115502119
208,1.193332314491272,26.895509719848633,0.11252535879611969,0.5864133238792419,4.991677761077881,3.292178153991699,0.6003401279449463,0.9404761791229248,0.9693877696990967,6.362225532531738,0.08086245227605104,0.09820231422781944
209,1.108512282371521,26.96316146850586,0.11267417669296265,0.5787599086761475,5.125062942504883,3.3233251571655273,0.6139456033706665,0.930272102355957,0.9557822942733765,6.624490737915039,0.04627013951539993,0.06366708967834711
210,1.2055788040161133,27.02843475341797,0.11250951141119003,0.5706260800361633,5.1507415771484375,3.3285820484161377,0.6071428656578064,0.9217687249183655,0.9506802558898926,6.674692630767822,0.08166493196040392,0.09939907863736153
211,1.2265554666519165,27.092180252075195,0.11246025562286377,0.5631367564201355,5.082502365112305,3.3133456707000732,0.5782312750816345,0.9234693646430969,0.9574829936027527,6.558796405792236,0.08090918324887753,0.09823480434715748
212,1.2373640537261963,27.155948638916016,0.1126827597618103,0.5568922758102417,5.034367561340332,3.2963669300079346,0.5714285969734192,0.9370748400688171,0.9659863710403442,6.431821823120117,0.08083292283117771,0.09828483313322067
213,1.1879639625549316,27.223554611206055,0.11311283707618713,0.5500349998474121,5.019195079803467,3.2881972789764404,0.5782312750816345,0.9387755393981934,0.9693877696990967,6.375535488128662,0.08102433104068041,0.09853318054229021
214,1.125924825668335,27.289794921875,0.11426912993192673,0.5405012965202332,5.139091968536377,3.3103156089782715,0.5527210831642151,0.9370748400688171,0.9693877696990967,6.531245231628418,0.046362788416445255,0.06371368933469057
215,1.1727664470672607,27.354738235473633,0.11458916962146759,0.5307298898696899,5.131984710693359,3.3043224811553955,0.5408163070678711,0.9234693646430969,0.9710884094238281,6.515102386474609,0.08164072223007679,0.0994279170408845
216,1.1950348615646362,27.421527862548828,0.11462647467851639,0.5219500660896301,4.969221115112305,3.276590347290039,0.5714285969734192,0.9319728016853333,0.9727891087532043,6.321789264678955,0.08083990402519703,0.09828431252390146
217,1.2112922668457031,27.492422103881836,0.11440843343734741,0.5149652361869812,4.898822784423828,3.2724249362945557,0.5918367505073547,0.9319728016853333,0.9642857313156128,6.2986369132995605,0.08107660058885813,0.09841670095920563
218,1.2278066873550415,27.56543731689453,0.11402801424264908,0.5104147791862488,4.884391784667969,3.2712481021881104,0.5799319744110107,0.9319728016853333,0.9608843326568604,6.299829959869385,0.08086434286087751,0.09830871224403381
219,1.2283551692962646,27.648456573486328,0.11341863870620728,0.5081970691680908,5.070703029632568,3.313519239425659,0.5850340127944946,0.9217687249183655,0.9557822942733765,6.616538047790527,0.04637427721172571,0.06365888006985188
220,1.2699425220489502,27.724536895751953,0.11313015222549438,0.5096703171730042,5.032956123352051,3.291867733001709,0.5663265585899353,0.9268707633018494,0.9557822942733765,6.46150541305542,0.08167449198663235,0.09943210706114769
221,1.157196283340454,27.794527053833008,0.11260450631380081,0.510118305683136,5.035481929779053,3.289517879486084,0.5629251599311829,0.9217687249183655,0.9591836929321289,6.445712566375732,0.08086823299527168,0.09820462390780449
222,1.1894367933273315,27.864240646362305,0.11233847588300705,0.5108619332313538,5.011109828948975,3.28244948387146,0.557823121547699,0.9268707633018494,0.9591836929321289,6.393097877502441,0.08079828415066004,0.09813140518963337
223,1.2291779518127441,27.93567657470703,0.11214083433151245,0.5133622884750366,4.982781887054443,3.2771732807159424,0.5391156673431396,0.9387755393981934,0.9591836929321289,6.343686580657959,0.08129832707345486,0.09867118764668703
224,1.0634872913360596,28.019821166992188,0.11193180829286575,0.5109766721725464,5.26131010055542,3.3326752185821533,0.5272108912467957,0.9098639488220215,0.954081654548645,6.750912666320801,0.04642202705144882,0.06372457928955555
225,1.2005997896194458,28.097856521606445,0.11133228242397308,0.5094655752182007,5.370936870574951,3.3480608463287354,0.5187074542045593,0.9081632494926453,0.9506802558898926,6.880239486694336,0.08161813206970692,0.09945434704422951
226,1.2561310529708862,28.168039321899414,0.11041012406349182,0.5108886957168579,5.12487268447876,3.304410934448242,0.5391156673431396,0.9285714030265808,0.9591836929321289,6.55423641204834,0.08087086211889982,0.09822089318186045
227,1.221219539642334,28.238513946533203,0.1097918152809143,0.51357102394104,5.033339023590088,3.2814278602600098,0.545918345451355,0.9387755393981934,0.9676870703697205,6.378115177154541,0.08080244436860085,0.09814559482038021
228,1.1802337169647217,28.309444427490234,0.10934770852327347,0.5157254338264465,5.0217671394348145,3.276832103729248,0.5544217824935913,0.9404761791229248,0.9693877696990967,6.350684642791748,0.08086960297077894,0.09817706421017647
229,1.1804704666137695,28.377185821533203,0.10896385461091995,0.5173684358596802,5.09975528717041,3.2938008308410645,0.5646258592605591,0.9336734414100647,0.9642857313156128,6.462917804718018,0.046197869814932346,0.06355155073106289
230,1.2155569791793823,28.44356346130371,0.10798326134681702,0.5197815895080566,5.080465793609619,3.292786121368408,0.5663265585899353,0.930272102355957,0.9642857313156128,6.462523460388184,0.08185608871281147,0.09959129430353642
231,1.230743169784546,28.512022018432617,0.10686952620744705,0.5233302712440491,5.038829803466797,3.2869083881378174,0.5391156673431396,0.9336734414100647,0.9659863710403442,6.412779808044434,0.08084208238869905,0.0981753533706069
232,1.210805892944336,28.57598114013672,0.10562437027692795,0.5269699096679688,5.021270751953125,3.2803385257720947,0.5510203838348389,0.9370748400688171,0.9608843326568604,6.366975784301758,0.08077750261873007,0.09809726476669312
233,1.1854931116104126,28.63983917236328,0.10465849936008453,0.5296074151992798,5.057980537414551,3.283052444458008,0.5425170063972473,0.9336734414100647,0.9591836929321289,6.384350776672363,0.08093226235359907,0.0982628334313631
234,1.1436331272125244,28.711044311523438,0.10207615792751312,0.529624879360199,5.027729034423828,3.294959306716919,0.5476190447807312,0.9234693646430969,0.9557822942733765,6.469718933105469,0.046442557126283646,0.06379145849496126
235,1.200981616973877,28.77601432800293,0.1000339463353157,0.5295982956886292,5.061501979827881,3.300930976867676,0.5510203838348389,0.9234693646430969,0.9591836929321289,6.524628162384033,0.08177189063280821,0.09949508681893349
236,1.197662115097046,28.835363388061523,0.09873230755329132,0.5294530987739563,5.077977180480957,3.294177293777466,0.5680271983146667,0.9285714030265808,0.9557822942733765,6.472928047180176,0.08110695984214544,0.09843694139271975
237,1.2178784608840942,28.894649505615234,0.0980670377612114,0.5300753116607666,5.203553676605225,3.312238931655884,0.5612244606018066,0.9217687249183655,0.954081654548645,6.612855434417725,0.08085048291832209,0.09817337431013584
238,1.1900595426559448,28.951438903808594,0.09754836559295654,0.5302791595458984,5.129195690155029,3.303662061691284,0.569727897644043,0.9268707633018494,0.9574829936027527,6.543845176696777,0.0809196112677455,0.098252072930336
239,1.1545991897583008,29.016937255859375,0.09884978830814362,0.5286939740180969,5.653895378112793,3.3929178714752197,0.5170068144798279,0.9081632494926453,0.9370748400688171,7.221146583557129,0.046752093359827995,0.06410792376846075
240,1.2831597328186035,29.07685089111328,0.09852463006973267,0.5307128429412842,5.404867172241211,3.3533239364624023,0.5306122303009033,0.9115646481513977,0.9506802558898926,6.924012660980225,0.08161888271570206,0.09940705820918083
241,1.2409663200378418,29.136474609375,0.09786130487918854,0.53421950340271,5.21286678314209,3.3181161880493164,0.5272108912467957,0.9234693646430969,0.9574829936027527,6.651458263397217,0.0809682123363018,0.09831934329122305
242,1.1815816164016724,29.192211151123047,0.09714072942733765,0.5365270376205444,5.080982208251953,3.2957348823547363,0.5493197441101074,0.9438775777816772,0.9642857313156128,6.456753253936768,0.08116809837520123,0.09887834452092648
243,1.2114405632019043,29.246187210083008,0.09633462876081467,0.5389006733894348,5.011810779571533,3.2853751182556152,0.5663265585899353,0.9404761791229248,0.9659863710403442,6.378486156463623,0.08102186024188995,0.09840117115527391
244,0.9513046741485596,29.30455780029297,0.09471062570810318,0.5307427644729614,5.228277206420898,3.3205888271331787,0.5680271983146667,0.9336734414100647,0.9625850319862366,6.666680812835693,0.046447466127574444,0.0638287365436554
245,1.238961935043335,29.35808563232422,0.0937831848859787,0.5250629782676697,5.1200432777404785,3.298764705657959,0.5663265585899353,0.9387755393981934,0.9659863710403442,6.51170539855957,0.08187652938067913,0.0996685242280364
246,1.2055797576904297,29.408681869506836,0.09293148666620255,0.5204160213470459,5.0850114822387695,3.2912590503692627,0.5595238208770752,0.9455782175064087,0.9625850319862366,6.457942008972168,0.08113669976592064,0.09849571995437145
247,1.1753350496292114,29.458782196044922,0.09230565279722214,0.5156527757644653,5.052121639251709,3.291088819503784,0.5561224222183228,0.9319728016853333,0.9608843326568604,6.464140892028809,0.0809449814260006,0.0982807232066989
248,1.2036864757537842,29.509382247924805,0.092193104326725,0.5121139287948608,5.0496907234191895,3.298130512237549,0.5527210831642151,0.9217687249183655,0.9523809552192688,6.525003433227539,0.08092276193201542,0.09834527224302292
249,1.1312605142593384,29.553647994995117,0.09188007563352585,0.5069767236709595,5.352182388305664,3.3572518825531006,0.5323129296302795,0.8996598720550537,0.9370748400688171,6.9775776863098145,0.046454827301204205,0.06381663866341114
250,1.2711939811706543,29.59845542907715,0.0913955420255661,0.5061546564102173,5.303680419921875,3.3447439670562744,0.5510203838348389,0.9132652878761292,0.9404761791229248,6.8628764152526855,0.0817438904196024,0.10000459011644125
251,1.2707254886627197,29.645339965820312,0.09097380191087723,0.509210467338562,5.152683734893799,3.3085148334503174,0.5340136289596558,0.9234693646430969,0.954081654548645,6.5978193283081055,0.0811056587845087,0.09847368951886892
252,1.2144649028778076,29.69989013671875,0.0907137393951416,0.5134414434432983,5.091689586639404,3.2922744750976562,0.5544217824935913,0.9319728016853333,0.9574829936027527,6.478458881378174,0.08121542818844318,0.09860688913613558
253,1.1824544668197632,29.752422332763672,0.09086253494024277,0.5173127055168152,4.940096855163574,3.2730588912963867,0.545918345451355,0.9336734414100647,0.9642857313156128,6.322483062744141,0.08099639136344194,0.09838132187724113
254,1.3110942840576172,29.805662155151367,0.09025929868221283,0.5259311199188232,5.263424873352051,3.3423922061920166,0.557823121547699,0.918367326259613,0.9438775777816772,6.855240345001221,0.04627597890794277,0.06362431030720472
255,1.2427743673324585,29.84803009033203,0.0900387316942215,0.535816490650177,5.295541763305664,3.348637819290161,0.557823121547699,0.9132652878761292,0.9404761791229248,6.887280464172363,0.08191338926553726,0.09967787377536297
256,1.2391903400421143,29.889562606811523,0.09023740142583847,0.5463762283325195,5.245613098144531,3.3257668018341064,0.5442177057266235,0.918367326259613,0.9557822942733765,6.705243110656738,0.08100903034210205,0.09836903121322393
257,1.2459652423858643,29.92938995361328,0.09085605293512344,0.5574862360954285,5.187595367431641,3.3119804859161377,0.5595238208770752,0.9251700639724731,0.9591836929321289,6.579383373260498,0.08091799169778824,0.09829946141690016
258,1.2374660968780518,29.971364974975586,0.09203501790761948,0.5683455467224121,5.233527183532715,3.3208630084991455,0.5799319744110107,0.9268707633018494,0.9506802558898926,6.641040802001953,0.08115061931312084,0.09862534888088703
259,1.4805487394332886,30.021251678466797,0.09190955013036728,0.5888745188713074,5.408186912536621,3.358773708343506,0.5850340127944946,0.9251700639724731,0.9710884094238281,6.912896156311035,0.04642633814364672,0.06376572884619236
260,1.2755918502807617,30.06082534790039,0.09197859466075897,0.6090404391288757,5.3668413162231445,3.36468505859375,0.569727897644043,0.9166666865348816,0.9710884094238281,6.9508514404296875,0.08192483894526958,0.09978052321821451
261,1.2844147682189941,30.096538543701172,0.0919591560959816,0.6285302042961121,5.316855430603027,3.366525888442993,0.5850340127944946,0.9251700639724731,0.9625850319862366,6.934942245483398,0.0809305626899004,0.09829352330416441
262,1.2367031574249268,30.1295223236084,0.09179442375898361,0.6445228457450867,5.283998012542725,3.3651862144470215,0.5884353518486023,0.9353741407394409,0.9625850319862366,6.896173000335693,0.08085177280008793,0.09819502383470535
263,1.2446995973587036,30.16170883178711,0.09136327356100082,0.6570138335227966,5.144554138183594,3.349052667617798,0.6054421663284302,0.9370748400688171,0.9659863710403442,6.731164932250977,0.08090600185096264,0.09827156271785498
264,1.0720512866973877,30.20657730102539,0.09193142503499985,0.6579328775405884,5.2686848640441895,3.358607053756714,0.5969387888908386,0.9455782175064087,0.9659863710403442,6.8199849128723145,0.04647487588226795,0.06393628567457199
265,1.2379854917526245,30.248964309692383,0.09235294908285141,0.6558275818824768,5.341833591461182,3.365130662918091,0.5986394286155701,0.9455782175064087,0.9676870703697205,6.8652663230896,0.08184946049004793,0.09959224611520767
266,1.2977607250213623,30.286338806152344,0.09221536666154861,0.653724730014801,5.242358684539795,3.3486759662628174,0.5952380895614624,0.9506802558898926,0.9710884094238281,6.721796035766602,0.08096007164567709,0.09841042011976242
267,1.2272642850875854,30.322168350219727,0.09210872650146484,0.6485585570335388,5.22807502746582,3.3361663818359375,0.6173469424247742,0.9489796161651611,0.9676870703697205,6.619489669799805,0.08091221190989017,0.09833517204970121
268,1.2071583271026611,30.357540130615234,0.09214136004447937,0.6399989128112793,5.25370454788208,3.3343217372894287,0.603741466999054,0.9455782175064087,0.9659863710403442,6.630950450897217,0.08098666090518236,0.09834772162139416
269,1.0478030443191528,30.39090919494629,0.09169987589120865,0.6219593286514282,5.360986709594727,3.35849928855896,0.5969387888908386,0.930272102355957,0.9625850319862366,6.8778791427612305,0.046762771904468536,0.06410973332822323
270,1.2522003650665283,30.42354393005371,0.09112593531608582,0.6050963997840881,5.318000793457031,3.357880115509033,0.5969387888908386,0.9200680255889893,0.954081654548645,6.898900985717773,0.0822182334959507,0.10056435223668814
271,1.2159504890441895,30.452960968017578,0.09086284041404724,0.5883201360702515,5.261927127838135,3.3469061851501465,0.581632673740387,0.918367326259613,0.9574829936027527,6.831086158752441,0.08098957128822803,0.09836488217115402
272,1.1877743005752563,30.482751846313477,0.09069669991731644,0.5710952877998352,5.185659885406494,3.3289668560028076,0.5714285969734192,0.9251700639724731,0.9557822942733765,6.710242748260498,0.08093228098005056,0.09833070170134306
273,1.239119529724121,30.511356353759766,0.09068964421749115,0.5563145875930786,5.077243328094482,3.3054556846618652,0.5646258592605591,0.9217687249183655,0.9574829936027527,6.535046100616455,0.0809106519445777,0.09826862346380949
274,1.1043647527694702,30.526782989501953,0.09095951914787292,0.5387720465660095,5.191574573516846,3.328336238861084,0.5646258592605591,0.9098639488220215,0.9489796161651611,6.714205741882324,0.04651850648224354,0.06390257645398378
275,1.228732943534851,30.546396255493164,0.09145568311214447,0.5245655179023743,5.231259346008301,3.327387571334839,0.5408163070678711,0.9166666865348816,0.9472789168357849,6.719038009643555,0.08194613922387362,0.09969820361584425
276,1.195098876953125,30.57295036315918,0.0918223112821579,0.5124517679214478,5.100442886352539,3.299734592437744,0.5442177057266235,0.9217687249183655,0.954081654548645,6.520151615142822,0.0809592716395855,0.09840737096965313
277,1.228665828704834,30.605989456176758,0.09213981032371521,0.5039816498756409,5.007116794586182,3.2822048664093018,0.5510203838348389,0.9370748400688171,0.9557822942733765,6.402528762817383,0.08102994039654732,0.09846836980432272
278,1.1442981958389282,30.64483642578125,0.0925436019897461,0.4957086741924286,5.0843353271484375,3.2882676124572754,0.545918345451355,0.930272102355957,0.9557822942733765,6.457599639892578,0.08085426315665245,0.09817611332982779
279,1.0924909114837646,30.693571090698242,0.09461314231157303,0.4859577417373657,5.458530426025391,3.3568532466888428,0.4948979616165161,0.9115646481513977,0.9455782175064087,6.941817283630371,0.04656328447163105,0.06388352625072002
280,1.233256459236145,30.74298095703125,0.09548263251781464,0.4807669222354889,5.421407222747803,3.355431079864502,0.5,0.896258533000946,0.9387755393981934,6.934132099151611,0.08181110955774784,0.09963999502360821
281,1.2172484397888184,30.793821334838867,0.09585192054510117,0.4791690409183502,5.080965995788574,3.295677661895752,0.5391156673431396,0.9251700639724731,0.9574829936027527,6.520356178283691,0.08097247127443552,0.098397271707654
282,1.1810368299484253,30.845596313476562,0.09631773084402084,0.47940465807914734,5.004658222198486,3.280658721923828,0.5357142686843872,0.9285714030265808,0.9642857313156128,6.4126362800598145,0.08105999045073986,0.09844295028597116
283,1.2243117094039917,30.898941040039062,0.09699023514986038,0.48295149207115173,5.056854724884033,3.2872633934020996,0.5306122303009033,0.9268707633018494,0.9625850319862366,6.457971572875977,0.08101106155663729,0.0983714209869504
284,1.0809998512268066,30.95964241027832,0.0981072410941124,0.48370835185050964,5.485964775085449,3.369363784790039,0.5153061151504517,0.896258533000946,0.9489796161651611,7.0273027420043945,0.04623431991785765,0.06353536155074835
285,1.310686707496643,31.018693923950195,0.09838251769542694,0.49088945984840393,5.327648639678955,3.341460704803467,0.5255101919174194,0.9081632494926453,0.9506802558898926,6.833803176879883,0.08232328295707703,0.10009030904620886
286,1.2273201942443848,31.075590133666992,0.09864545613527298,0.5003598928451538,5.128226280212402,3.3155808448791504,0.5918367505073547,0.9064626097679138,0.9523809552192688,6.660761833190918,0.08094867132604122,0.09828410297632217
287,1.288209080696106,31.12108612060547,0.09875798970460892,0.5140119194984436,5.04302978515625,3.303352117538452,0.5850340127944946,0.9149659872055054,0.9506802558898926,6.554211139678955,0.08092725183814764,0.09831076301634312
288,1.25603449344635,31.163145065307617,0.09919185191392899,0.5297479033470154,4.967026710510254,3.2942821979522705,0.5867347121238708,0.9319728016853333,0.9523809552192688,6.456386566162109,0.08120723813772202,0.0985894687473774
289,0.9625046849250793,31.215974807739258,0.09873783588409424,0.534497857093811,5.3588690757751465,3.3429510593414307,0.5612244606018066,0.918367326259613,0.9557822942733765,6.830204486846924,0.04643553867936134,0.06376988906413317
290,1.2704657316207886,31.25971221923828,0.09807714819908142,0.5416878461837769,5.346869468688965,3.3422911167144775,0.5510203838348389,0.930272102355957,0.954081654548645,6.819361209869385,0.08215637598186731,0.09997551143169403
291,1.239504337310791,31.291765213012695,0.09674978256225586,0.5495608448982239,5.125624179840088,3.3124992847442627,0.5595238208770752,0.942176878452301,0.9642857313156128,6.583094120025635,0.08110357914119959,0.0984911099076271
292,1.2222557067871094,31.31954574584961,0.095201775431633,0.5570636987686157,5.1610918045043945,3.3177366256713867,0.5629251599311829,0.9336734414100647,0.9642857313156128,6.6197190284729,0.08122280798852444,0.09878787584602833
293,1.2314393520355225,31.350860595703125,0.09341958910226822,0.5643753409385681,5.078908920288086,3.3108255863189697,0.581632673740387,0.9404761791229248,0.9659863710403442,6.560121536254883,0.08157311286777258,0.09910930134356022
294,1.3277724981307983,31.394508361816406,0.09424401819705963,0.5754126310348511,5.1054487228393555,3.3263626098632812,0.5782312750816345,0.9353741407394409,0.9659863710403442,6.654727458953857,0.04640968795865774,0.06429330166429281
295,1.250611662864685,31.438827514648438,0.09467187523841858,0.5861677527427673,5.164623737335205,3.326002836227417,0.5833333134651184,0.9404761791229248,0.9659863710403442,6.6511077880859375,0.08198308851569891,0.09977336414158344
296,1.2053955793380737,31.484519958496094,0.09463677555322647,0.5942977070808411,5.196787357330322,3.3236007690429688,0.5901360511779785,0.9489796161651611,0.9676870703697205,6.622009754180908,0.08098076097667217,0.09842924121767282
297,1.207505226135254,31.530839920043945,0.09420716762542725,0.5998050570487976,5.211233139038086,3.3252439498901367,0.5833333134651184,0.9455782175064087,0.9642857313156128,6.628534317016602,0.08089144341647625,0.09825123380869627
298,1.2355002164840698,31.576976776123047,0.09369770437479019,0.6039634346961975,5.114539623260498,3.3154563903808594,0.5850340127944946,0.9489796161651611,0.9625850319862366,6.539228439331055,0.08084527309983969,0.09825338330119848
299,1.181923508644104,31.622730255126953,0.0933123528957367,0.6043893098831177,5.454169273376465,3.3576130867004395,0.5527210831642151,0.9319728016853333,0.9608843326568604,6.885720729827881,0.046268350444734097,0.06359691079705954
300,1.2305079698562622,31.67037582397461,0.09233634918928146,0.6035398244857788,5.459955215454102,3.36079740524292,0.5442177057266235,0.930272102355957,0.9557822942733765,6.920517444610596,0.08150794357061386,0.09925319999456406
301,1.3163102865219116,31.722702026367188,0.09086618572473526,0.6053745150566101,5.397775173187256,3.3532700538635254,0.5408163070678711,0.9285714030265808,0.9591836929321289,6.855630874633789,0.08089259173721075,0.09825296327471733
302,1.2335236072540283,31.7752742767334,0.08945934474468231,0.6059101819992065,5.271058559417725,3.3361728191375732,0.569727897644043,0.9438775777816772,0.9591836929321289,6.712832927703857,0.08088976331055164,0.09825405292212963
303,1.2004058361053467,31.828956604003906,0.08806303143501282,0.6038153171539307,5.159783363342285,3.3249735832214355,0.5833333134651184,0.942176878452301,0.9608843326568604,6.62600564956665,0.08087439183145761,0.09823466278612614
304,1.5453407764434814,31.892810821533203,0.09036193042993546,0.6147486567497253,5.341442108154297,3.361409902572632,0.5884353518486023,0.9217687249183655,0.9608843326568604,6.922250270843506,0.04629936907440424,0.06363578047603369
305,1.2449535131454468,31.952674865722656,0.09185077995061874,0.6238735914230347,5.447098255157471,3.3772566318511963,0.569727897644043,0.9217687249183655,0.9608843326568604,7.047659873962402,0.08186598028987646,0.09960072580724955
306,1.2429269552230835,32.00777816772461,0.09241317957639694,0.6309372186660767,5.281706809997559,3.3518879413604736,0.5714285969734192,0.9455782175064087,0.9710884094238281,6.819583415985107,0.08150415401905775,0.09882912505418062
307,1.2513121366500854,32.05937957763672,0.09263618290424347,0.6362624764442444,5.192227840423584,3.3360958099365234,0.5952380895614624,0.954081654548645,0.9693877696990967,6.664443492889404,0.0808035135269165,0.09815637487918139
308,1.184021234512329,32.1175422668457,0.09301988035440445,0.6367876529693604,5.1053290367126465,3.3227643966674805,0.5952380895614624,0.9523809552192688,0.9693877696990967,6.546957969665527,0.08083124365657568,0.0981607548892498
309,1.1378532648086548,32.171871185302734,0.0936647430062294,0.6309401392936707,5.330855369567871,3.350356340408325,0.569727897644043,0.9319728016853333,0.9659863710403442,6.797687530517578,0.04640622716397047,0.06371053960174322
310,1.2670332193374634,32.219852447509766,0.09446835517883301,0.6253830194473267,5.440825462341309,3.369145154953003,0.557823121547699,0.9217687249183655,0.9625850319862366,6.964687347412109,0.08178296126425266,0.09951215703040361
311,1.2143912315368652,32.26493835449219,0.09512440860271454,0.617950439453125,5.364320278167725,3.358963966369629,0.557823121547699,0.9234693646430969,0.9608843326568604,6.887372016906738,0.08087470289319754,0.09823227394372225
312,1.244136095046997,32.30569076538086,0.09592482447624207,0.6104759573936462,5.239837646484375,3.337184429168701,0.5629251599311829,0.9353741407394409,0.9625850319862366,6.714674472808838,0.08087089192122221,0.09820360410958529
313,1.2102677822113037,32.34564971923828,0.09717059880495071,0.6017664074897766,5.209518909454346,3.3308911323547363,0.5901360511779785,0.9336734414100647,0.9523809552192688,6.675757884979248,0.08082966413348913,0.09820873383432627
314,0.9961880445480347,32.39506912231445,0.09764353185892105,0.5831913948059082,5.407704830169678,3.3558287620544434,0.5663265585899353,0.918367326259613,0.9523809552192688,6.904431343078613,0.04628597944974899,0.06365332007408142
315,1.2372746467590332,32.43890380859375,0.09813594818115234,0.5669597387313843,5.2258453369140625,3.32454252243042,0.5663265585899353,0.9234693646430969,0.9608843326568604,6.660137176513672,0.08194009959697723,0.0997000839561224
316,1.225841760635376,32.481563568115234,0.09851241856813431,0.5528605580329895,5.177693843841553,3.313873767852783,0.5765306353569031,0.9404761791229248,0.9659863710403442,6.592312812805176,0.0809968514367938,0.09845917019993067
317,1.2449169158935547,32.52710723876953,0.09941866248846054,0.5419583320617676,5.175144672393799,3.315303325653076,0.557823121547699,0.9387755393981934,0.9608843326568604,6.615855693817139,0.080936960875988,0.09832890145480633
318,1.1602872610092163,32.57411193847656,0.10056106001138687,0.5307889580726624,5.1753034591674805,3.310725688934326,0.5510203838348389,0.9387755393981934,0.954081654548645,6.597645282745361,0.08085643127560616,0.09820922277867794
319,0.9447759985923767,32.63044357299805,0.10203246772289276,0.5113085508346558,5.237382411956787,3.329536199569702,0.5272108912467957,0.9064626097679138,0.9523809552192688,6.761723041534424,0.04644107725471258,0.06377942860126495
320,1.1887391805648804,32.682823181152344,0.10322893410921097,0.4950920045375824,5.234652519226074,3.3324203491210938,0.5340136289596558,0.9064626097679138,0.942176878452301,6.782820701599121,0.0816343929618597,0.09938676748424768
321,1.1630758047103882,32.73521041870117,0.10363379865884781,0.48126286268234253,5.176568984985352,3.3126022815704346,0.5527210831642151,0.9098639488220215,0.9472789168357849,6.645928382873535,0.08106410969048738,0.09849133994430304
322,1.224843144416809,32.78833770751953,0.10391867905855179,0.47240686416625977,5.1121039390563965,3.2877981662750244,0.5476190447807312,0.9268707633018494,0.9574829936027527,6.477316379547119,0.08089485205709934,0.09824097249656916
323,1.1866097450256348,32.84632110595703,0.10469773411750793,0.4667150676250458,5.084769248962402,3.2750327587127686,0.5272108912467957,0.9285714030265808,0.9591836929321289,6.392578125,0.08095324132591486,0.09840295184403658
324,1.1697810888290405,32.89540481567383,0.10488904267549515,0.4633839428424835,5.490541458129883,3.348107099533081,0.488095223903656,0.9098639488220215,0.9574829936027527,6.8867387771606445,0.046278469264507294,0.06363245006650686
325,1.3212792873382568,32.948787689208984,0.10434654355049133,0.4679887592792511,5.334908962249756,3.317227602005005,0.5068027377128601,0.9285714030265808,0.9557822942733765,6.679576396942139,0.0818929485976696,0.0996646536514163
326,1.1850171089172363,33.00335693359375,0.10391312092542648,0.47431835532188416,5.2580342292785645,3.3090686798095703,0.5102040767669678,0.9234693646430969,0.9625850319862366,6.629359722137451,0.08089650329202414,0.09824452362954617
327,1.237947702407837,33.05459976196289,0.10381099581718445,0.4839887320995331,5.1732001304626465,3.2995758056640625,0.5017006993293762,0.9251700639724731,0.9625850319862366,6.562570095062256,0.08099606167525053,0.09837881103157997
328,1.2571299076080322,33.10605239868164,0.10374115407466888,0.4971090257167816,5.193167686462402,3.3096048831939697,0.523809552192688,0.9234693646430969,0.9557822942733765,6.619631767272949,0.08086556196212769,0.09817010443657637
329,1.0895335674285889,33.15919494628906,0.1040659248828888,0.5061916708946228,5.234889030456543,3.3181588649749756,0.5187074542045593,0.930272102355957,0.9574829936027527,6.6920013427734375,0.04649813659489155,0.06392473634332418
330,1.236746907234192,33.214927673339844,0.10408319532871246,0.5170507431030273,5.228621959686279,3.3241569995880127,0.5204081535339355,0.9200680255889893,0.9625850319862366,6.717061996459961,0.08177224081009626,0.0995647357776761
331,1.2207887172698975,33.273887634277344,0.10339868068695068,0.5284985899925232,5.146031379699707,3.3121633529663086,0.5323129296302795,0.9319728016853333,0.9625850319862366,6.6267523765563965,0.08097175043076277,0.09832522179931402
332,1.1959816217422485,33.333927154541016,0.10265521705150604,0.5390403270721436,5.132112503051758,3.310304880142212,0.5510203838348389,0.9319728016853333,0.954081654548645,6.603944778442383,0.0810138899832964,0.09849217999726534
333,1.2386317253112793,33.39754867553711,0.1024637371301651,0.5501570105552673,5.101583957672119,3.3085052967071533,0.5629251599311829,0.9336734414100647,0.9574829936027527,6.574000835418701,0.08086416125297546,0.09822161216288805
334,1.4718899726867676,33.45223617553711,0.10632110387086868,0.5712659358978271,5.733943939208984,3.4095354080200195,0.5221088528633118,0.8979591727256775,0.942176878452301,7.34679651260376,0.046260418370366096,0.06356014125049114
335,1.2945386171340942,33.50819396972656,0.10867191851139069,0.5934916138648987,5.897274971008301,3.4317281246185303,0.5221088528633118,0.8945578336715698,0.9319728016853333,7.515172004699707,0.08166339248418808,0.09942848794162273
336,1.3062171936035156,33.56552505493164,0.10934829711914062,0.6164859533309937,5.598670482635498,3.3859500885009766,0.5561224222183228,0.9132652878761292,0.9557822942733765,7.132005214691162,0.08150103408843279,0.09907489269971848
337,1.2498598098754883,33.62605667114258,0.10912743210792542,0.6368645429611206,5.323967933654785,3.35701584815979,0.5918367505073547,0.9353741407394409,0.9608843326568604,6.859633922576904,0.08099289145320654,0.09854451939463615
338,1.2229424715042114,33.685176849365234,0.10875243693590164,0.6528045535087585,5.159975051879883,3.3426551818847656,0.603741466999054,0.9438775777816772,0.9659863710403442,6.700933933258057,0.08140423614531755,0.09877374581992626
339,1.0762929916381836,33.72854232788086,0.10689765959978104,0.6572741866111755,5.369152069091797,3.3785555362701416,0.603741466999054,0.9234693646430969,0.9608843326568604,7.014876842498779,0.04626493901014328,0.06355752050876617
340,1.3222185373306274,33.7766227722168,0.10550446808338165,0.6623611450195312,5.279351711273193,3.368042230606079,0.6105442047119141,0.9370748400688171,0.9608843326568604,6.899842262268066,0.08520520571619272,0.10354313347488642
341,1.2405065298080444,33.830467224121094,0.10446885228157043,0.6640825867652893,5.1806840896606445,3.3487510681152344,0.6054421663284302,0.9387755393981934,0.9625850319862366,6.732503414154053,0.08111515548080206,0.0985367689281702
342,1.2252508401870728,33.8887939453125,0.10390792787075043,0.6620259284973145,5.157199382781982,3.3366451263427734,0.6088435649871826,0.9591836929321289,0.9642857313156128,6.623607635498047,0.08093892596662045,0.0983309606090188
343,1.2210323810577393,33.94518280029297,0.10376518964767456,0.6564908027648926,5.197811603546143,3.338094711303711,0.6003401279449463,0.9574829936027527,0.9693877696990967,6.645130634307861,0.08093258552253246,0.09827518183737993
344,1.2873425483703613,34.02046203613281,0.10352006554603577,0.651095449924469,5.3892502784729,3.383730888366699,0.581632673740387,0.930272102355957,0.9591836929321289,7.0582075119018555,0.04623447451740503,0.06361851934343576
345,1.2586488723754883,34.087398529052734,0.10298778861761093,0.6447300910949707,5.459723472595215,3.393200159072876,0.5748299360275269,0.9200680255889893,0.9506802558898926,7.148015022277832,0.08186086360365152,0.09959095437079668
346,1.2529826164245605,34.15231704711914,0.10235881805419922,0.6375051140785217,5.366032600402832,3.375607967376709,0.5714285969734192,0.9217687249183655,0.9523809552192688,7.004733562469482,0.08102292474359274,0.09836819116026163
347,1.2437546253204346,34.21852493286133,0.1018586978316307,0.6294174790382385,5.264313220977783,3.3532872200012207,0.615646243095398,0.930272102355957,0.9608843326568604,6.821557998657227,0.0809003273025155,0.098277872428298
348,1.187055230140686,34.28076934814453,0.10134344547986984,0.6183903813362122,5.180942535400391,3.3391127586364746,0.6088435649871826,0.942176878452301,0.9591836929321289,6.717665672302246,0.08101482503116131,0.09836027026176453
349,1.0717995166778564,34.350345611572266,0.10313455760478973,0.6002670526504517,5.2145304679870605,3.3312911987304688,0.6071428656578064,0.9438775777816772,0.9659863710403442,6.674495697021484,0.046292723156511784,0.0636542895808816
350,1.1969298124313354,34.41466522216797,0.104799784719944,0.5820703506469727,5.215390205383301,3.323259115219116,0.5850340127944946,0.9438775777816772,0.9676870703697205,6.638700008392334,0.0817256961017847,0.0994678558781743
351,1.2178027629852295,34.4740104675293,0.1059633418917656,0.5653996467590332,5.171634197235107,3.3102035522460938,0.5714285969734192,0.9438775777816772,0.9642857313156128,6.551638126373291,0.08089729677885771,0.09825155138969421
352,1.1757605075836182,34.53701400756836,0.10740292817354202,0.5489429831504822,5.185627460479736,3.3115551471710205,0.5612244606018066,0.930272102355957,0.9591836929321289,6.582625389099121,0.08092537708580494,0.09835421107709408
353,1.1944875717163086,34.604454040527344,0.10904263705015182,0.5341084003448486,5.141364574432373,3.3053159713745117,0.5510203838348389,0.9353741407394409,0.9574829936027527,6.547431468963623,0.08095875661820173,0.09832056239247322
354,1.1645680665969849,34.649070739746094,0.11239681392908096,0.520033597946167,5.584062099456787,3.3946733474731445,0.5306122303009033,0.8928571343421936,0.9234693646430969,7.222484588623047,0.04630692396312952,0.06366502027958632
355,1.3185991048812866,34.686988830566406,0.11412153393030167,0.5134172439575195,5.506901741027832,3.3770105838775635,0.5442177057266235,0.8979591727256775,0.9268707633018494,7.093928337097168,0.08186567388474941,0.09959892462939024
356,1.2784924507141113,34.73259735107422,0.1144644021987915,0.5119242668151855,5.313033103942871,3.3346829414367676,0.5340136289596558,0.918367326259613,0.9472789168357849,6.783394813537598,0.08092059660702944,0.09826801158487797
357,1.2147164344787598,34.77883529663086,0.1140633150935173,0.5124607086181641,5.2542853355407715,3.31821346282959,0.5442177057266235,0.9166666865348816,0.9574829936027527,6.665215492248535,0.08087044674903154,0.09822527319192886
358,1.1766108274459839,34.82204055786133,0.11368746310472488,0.5132298469543457,5.1887898445129395,3.310499668121338,0.5425170063972473,0.9268707633018494,0.9574829936027527,6.6085333824157715,0.0809162175282836,0.0983542911708355
359,1.0526936054229736,34.86997604370117,0.11427833884954453,0.5091081857681274,5.327243804931641,3.3443515300750732,0.5289115905761719,0.9149659872055054,0.9438775777816772,6.838692665100098,0.04650722071528435,0.06386733707040548
360,1.2259900569915771,34.91669464111328,0.11454643309116364,0.5077404379844666,5.510383129119873,3.3803701400756836,0.5051020383834839,0.9098639488220215,0.9404761791229248,7.095877170562744,0.081703444942832,0.09954001381993294
361,1.259323239326477,34.963653564453125,0.11510784924030304,0.51020747423172,5.4141387939453125,3.35420823097229,0.5340136289596558,0.9149659872055054,0.9455782175064087,6.9245781898498535,0.08127676229923964,0.09863008745014668
362,1.260396122932434,35.015132904052734,0.11560144275426865,0.516089677810669,5.359925746917725,3.344207286834717,0.5340136289596558,0.9115646481513977,0.9404761791229248,6.854202747344971,0.08086599688977003,0.09822759311646223
363,1.2119277715682983,35.064884185791016,0.11572372913360596,0.5228539109230042,5.395971775054932,3.354039430618286,0.5357142686843872,0.918367326259613,0.942176878452301,6.920185089111328,0.0810271967202425,0.09844790026545525
364,1.6767563819885254,35.078792572021484,0.11393705755472183,0.5488758683204651,5.595666885375977,3.3924777507781982,0.5357142686843872,0.9081632494926453,0.9370748400688171,7.202898979187012,0.046288444660604,0.06361090112477541
365,1.3244750499725342,35.0929069519043,0.11138398200273514,0.5779560804367065,5.549022197723389,3.3849899768829346,0.5425170063972473,0.9081632494926453,0.9523809552192688,7.135484218597412,0.08172434568405151,0.09947219584137201
366,1.3128496408462524,35.11042022705078,0.10901868343353271,0.6084662675857544,5.477471828460693,3.367351531982422,0.5527210831642151,0.918367326259613,0.9591836929321289,6.969666481018066,0.08103673532605171,0.09836169146001339
367,1.2621634006500244,35.13536071777344,0.10651745647192001,0.6370115280151367,5.50958776473999,3.3707950115203857,0.5646258592605591,0.9251700639724731,0.9676870703697205,6.971191883087158,0.08098107576370239,0.0983373410999775
368,1.2689146995544434,35.163639068603516,0.1038140282034874,0.6629071831703186,5.523830413818359,3.374293565750122,0.5731292366981506,0.9319728016853333,0.9676870703697205,6.977084636688232,0.08082559704780579,0.0982317216694355
369,1.0863590240478516,35.18582534790039,0.09972664713859558,0.676921010017395,5.543442726135254,3.3809027671813965,0.5646258592605591,0.9319728016853333,0.9625850319862366,7.015797138214111,0.046267264522612095,0.06358694098889828
370,1.2687355279922485,35.21068572998047,0.0964391678571701,0.6877255439758301,5.511967658996582,3.3790993690490723,0.5476190447807312,0.9353741407394409,0.9625850319862366,6.978960990905762,0.08177072461694479,0.09949138574302197
371,1.2471003532409668,35.238677978515625,0.09366316348314285,0.6942667365074158,5.449415683746338,3.3734054565429688,0.5561224222183228,0.9370748400688171,0.9642857313156128,6.921660900115967,0.08091988693922758,0.09825747180730104
372,1.2611477375030518,35.268165588378906,0.09170219302177429,0.6974279880523682,5.398641586303711,3.3684792518615723,0.569727897644043,0.9387755393981934,0.9642857313156128,6.871438026428223,0.08093445654958487,0.0983313312754035
373,1.245181679725647,35.29796600341797,0.09020371735095978,0.6967684626579285,5.367227554321289,3.365403175354004,0.5714285969734192,0.9387755393981934,0.9710884094238281,6.845997333526611,0.0809184554964304,0.09826535172760487
374,1.2722821235656738,35.32955551147461,0.09073654562234879,0.6940094232559204,5.406750202178955,3.3661773204803467,0.581632673740387,0.942176878452301,0.9693877696990967,6.85767126083374,0.046244675293564796,0.0635701110586524
375,1.249271273612976,35.36322021484375,0.09155511111021042,0.6884680986404419,5.484265327453613,3.375361204147339,0.569727897644043,0.9353741407394409,0.9710884094238281,6.952836990356445,0.08191665355116129,0.09968969319015741
376,1.2414278984069824,35.396244049072266,0.09216602146625519,0.6803495287895203,5.483781337738037,3.3748950958251953,0.5782312750816345,0.9336734414100647,0.9676870703697205,6.9630327224731445,0.08108146395534277,0.09863548632711172
377,1.2461990118026733,35.42620086669922,0.09236422181129456,0.6705231070518494,5.404301166534424,3.364060401916504,0.5782312750816345,0.9353741407394409,0.9676870703697205,6.881570339202881,0.0808666767552495,0.09820701275020838
378,1.2168607711791992,35.45295333862305,0.09269414842128754,0.6582911014556885,5.314002990722656,3.351909875869751,0.5850340127944946,0.9370748400688171,0.9659863710403442,6.790801048278809,0.08087297715246677,0.09820556361228228
379,1.4248273372650146,35.465431213378906,0.0948486477136612,0.653691828250885,5.28637170791626,3.347447633743286,0.5867347121238708,0.9455782175064087,0.9676870703697205,6.755200386047363,0.046399143524467945,0.06375580932945013
380,1.2148789167404175,35.482242584228516,0.0968574583530426,0.6466929912567139,5.256099700927734,3.3443820476531982,0.5901360511779785,0.9404761791229248,0.9625850319862366,6.739433765411377,0.3108273493126035,0.3286788184195757
381,1.2197400331497192,35.504878997802734,0.09879608452320099,0.6380668878555298,5.198878288269043,3.33508563041687,0.5935373902320862,0.9438775777816772,0.9676870703697205,6.67074728012085,0.0809842748567462,0.09834831114858389
382,1.184492826461792,35.53257369995117,0.10078217834234238,0.6268112659454346,5.174168109893799,3.328444719314575,0.5952380895614624,0.9387755393981934,0.9642857313156128,6.627586841583252,0.08086891658604145,0.09823598247021437
383,1.1821156740188599,35.56242370605469,0.10293027013540268,0.6135920286178589,5.1750898361206055,3.3246843814849854,0.5884353518486023,0.9387755393981934,0.9625850319862366,6.6159467697143555,0.08085620775818825,0.09822541195899248
384,1.1768289804458618,35.58665466308594,0.10561414808034897,0.5989511609077454,5.170340538024902,3.3218753337860107,0.5833333134651184,0.9404761791229248,0.9642857313156128,6.611770153045654,0.04625952523201704,0.06358573120087385
385,1.1627120971679688,35.60823059082031,0.10785435885190964,0.5830249190330505,5.170575141906738,3.3215644359588623,0.5765306353569031,0.9387755393981934,0.9625850319862366,6.6311564445495605,0.0818442739546299,0.09960366412997246
386,1.1649073362350464,35.628414154052734,0.1101178526878357,0.5666928887367249,5.152833461761475,3.3170955181121826,0.569727897644043,0.9336734414100647,0.9591836929321289,6.617554664611816,0.08081551734358072,0.09820688236504793
387,1.1730562448501587,35.6485481262207,0.11271379142999649,0.550991415977478,5.1516032218933105,3.315272331237793,0.5646258592605591,0.9200680255889893,0.9574829936027527,6.619861125946045,0.08083621691912413,0.09814455267041922
388,1.1955815553665161,35.67399597167969,0.11540830880403519,0.5373748540878296,5.15203332901001,3.313448667526245,0.5612244606018066,0.918367326259613,0.9591836929321289,6.617583274841309,0.08082407806068659,0.09814236406236887
389,1.3156559467315674,35.69931411743164,0.1157367005944252,0.5310031771659851,5.362415790557861,3.3525285720825195,0.5527210831642151,0.8945578336715698,0.9489796161651611,6.905045986175537,0.046331943944096565,0.06364532932639122
390,1.210140347480774,35.72752380371094,0.11602309346199036,0.5269100666046143,5.419528961181641,3.365927219390869,0.5323129296302795,0.896258533000946,0.9489796161651611,7.004405975341797,0.08155533764511347,0.09928811900317669
391,1.2286555767059326,35.75607681274414,0.11627210676670074,0.5257638096809387,5.272585391998291,3.326190710067749,0.5357142686843872,0.9285714030265808,0.9557822942733765,6.721682548522949,0.08089615777134895,0.09831583220511675
392,1.1806690692901611,35.78704071044922,0.11670210212469101,0.525352954864502,5.153046607971191,3.3008477687835693,0.5357142686843872,0.9336734414100647,0.954081654548645,6.528897285461426,0.08079031761735678,0.09814837388694286
393,1.176891565322876,35.81806945800781,0.11657100170850754,0.5254653692245483,5.172253608703613,3.301826000213623,0.5391156673431396,0.9370748400688171,0.9608843326568604,6.538215160369873,0.08079500775784254,0.098129584454
394,0.8436000347137451,35.84363555908203,0.11616114526987076,0.5127357244491577,5.211151123046875,3.30377459526062,0.5357142686843872,0.9336734414100647,0.9574829936027527,6.560336112976074,0.04616102669388056,0.06347511243075132
395,1.1972062587738037,35.86824035644531,0.11546747386455536,0.5031858086585999,5.183309555053711,3.2998275756835938,0.5306122303009033,0.9285714030265808,0.9523809552192688,6.541260242462158,0.08173548523336649,0.09942744672298431
396,1.1693013906478882,35.885719299316406,0.11486449092626572,0.4956672489643097,5.121700763702393,3.297300338745117,0.5323129296302795,0.9200680255889893,0.9523809552192688,6.521727085113525,0.08099414501339197,0.09836292173713446
397,1.2030003070831299,35.90636444091797,0.11476033180952072,0.49154791235923767,5.072686195373535,3.2919318675994873,0.5425170063972473,0.9200680255889893,0.9455782175064087,6.483395099639893,0.08090813644230366,0.09826438222080469
398,1.1654729843139648,35.92534637451172,0.11506933718919754,0.48915380239486694,5.041342735290527,3.2860188484191895,0.5357142686843872,0.9166666865348816,0.9489796161651611,6.446368217468262,0.08085150737315416,0.09820893313735723
399,0.9333587288856506,35.952213287353516,0.11334620416164398,0.47949889302253723,5.1501569747924805,3.3131003379821777,0.5204081535339355,0.9268707633018494,0.9404761791229248,6.658790111541748,0.04623505473136902,0.06356925051659346
400,1.2217373847961426,35.97703552246094,0.11241118609905243,0.47481799125671387,5.257444858551025,3.335456609725952,0.5085033774375916,0.9217687249183655,0.9438775777816772,6.821209907531738,0.08165236562490463,0.099387445487082
401,1.1900662183761597,35.997005462646484,0.11120124906301498,0.47349897027015686,5.212498664855957,3.31660532951355,0.511904776096344,0.9166666865348816,0.9455782175064087,6.681872367858887,0.08093361649662256,0.0982741629704833
402,1.2300294637680054,36.01284408569336,0.11066693812608719,0.476802259683609,5.127054691314697,3.295362710952759,0.523809552192688,0.9217687249183655,0.9455782175064087,6.5355706214904785,0.08098315447568893,0.0984863881021738
403,1.1402984857559204,36.03068923950195,0.11070191115140915,0.4807455241680145,5.076844692230225,3.2917428016662598,0.5187074542045593,0.9200680255889893,0.9506802558898926,6.506619453430176,0.08109140489250422,0.0984474802389741
404,1.2173985242843628,36.056636810302734,0.1105189323425293,0.48811230063438416,5.0861053466796875,3.2878522872924805,0.5476190447807312,0.918367326259613,0.9506802558898926,6.475078582763672,0.046810468658804893,0.06416321359574795
405,1.1672779321670532,36.08320236206055,0.11071587353944778,0.49636152386665344,5.155460834503174,3.300426959991455,0.5408163070678711,0.918367326259613,0.954081654548645,6.564459323883057,0.0819102730602026,0.0996616929769516
406,1.1878623962402344,36.11262512207031,0.11123289167881012,0.5059244632720947,5.167660236358643,3.30302357673645,0.5442177057266235,0.9285714030265808,0.954081654548645,6.567441940307617,0.08091267570853233,0.09841922949999571
407,1.1700575351715088,36.146785736083984,0.11186984181404114,0.5156251192092896,5.199954986572266,3.308786630630493,0.5323129296302795,0.9285714030265808,0.9591836929321289,6.608409404754639,0.08090684749186039,0.09830148238688707
408,1.1961252689361572,36.1841926574707,0.11240254342556,0.5261252522468567,5.181812286376953,3.3057940006256104,0.5374149680137634,0.9285714030265808,0.9608843326568604,6.574390888214111,0.08093926683068275,0.09834129083901644
409,1.2469322681427002,36.220394134521484,0.1106090247631073,0.5390495657920837,5.557278156280518,3.3788068294525146,0.5204081535339355,0.8996598720550537,0.9387755393981934,7.122526168823242,0.04628893453627825,0.06360097043216228
410,1.2445635795593262,36.2568359375,0.10887987166643143,0.5536537170410156,5.7241034507751465,3.4067232608795166,0.5289115905761719,0.8979591727256775,0.9353741407394409,7.312611103057861,0.08202737104147673,0.0998081611469388
411,1.2538111209869385,36.29484939575195,0.10705769062042236,0.5697048306465149,5.6083903312683105,3.390606164932251,0.5357142686843872,0.9030612111091614,0.9404761791229248,7.1913347244262695,0.08093331754207611,0.09832040220499039
412,1.260360598564148,36.3355598449707,0.10561763495206833,0.5868229866027832,5.426849365234375,3.361386299133301,0.5527210831642151,0.9149659872055054,0.9472789168357849,6.9471235275268555,0.08104630466550589,0.09840482007712126
413,1.2028733491897583,36.37652587890625,0.10504066199064255,0.6018157601356506,5.264771938323975,3.3347458839416504,0.5663265585899353,0.930272102355957,0.9574829936027527,6.702629566192627,0.08082153741270304,0.09815463237464428
414,0.9864391088485718,36.42475128173828,0.10563314706087112,0.604708194732666,5.540754318237305,3.3739850521087646,0.5442177057266235,0.9285714030265808,0.9523809552192688,7.050978660583496,0.04626650456339121,0.06358770094811916
415,1.256304144859314,36.46866989135742,0.10596290975809097,0.6082446575164795,5.516285419464111,3.365870237350464,0.5561224222183228,0.930272102355957,0.9591836929321289,6.9712677001953125,0.0819239430129528,0.09967231284826994
416,1.2469946146011353,36.5125846862793,0.10608223080635071,0.611813485622406,5.310408115386963,3.3347742557525635,0.5765306353569031,0.9455782175064087,0.9625850319862366,6.685910701751709,0.08130015153437853,0.0986879263073206
417,1.1797873973846436,36.55880355834961,0.10662034898996353,0.6123244762420654,5.263731479644775,3.329211950302124,0.5663265585899353,0.9438775777816772,0.9659863710403442,6.6323981285095215,0.08089387696236372,0.09823881182819605
418,1.2218852043151855,36.60692596435547,0.10748449712991714,0.6118733286857605,5.264039039611816,3.3311381340026855,0.557823121547699,0.9438775777816772,0.9659863710403442,6.653736114501953,0.08087053708732128,0.09820159338414669
419,1.1390466690063477,36.6749382019043,0.11105698347091675,0.6069480180740356,5.37262487411499,3.3543713092803955,0.5357142686843872,0.9455782175064087,0.9625850319862366,6.858993053436279,0.04628024436533451,0.0635834913700819
420,1.206516146659851,36.73834991455078,0.11402618885040283,0.6010978817939758,5.4346418380737305,3.357586622238159,0.5442177057266235,0.9404761791229248,0.9625850319862366,6.889732837677002,0.08166223578155041,0.09940971527248621
421,1.234912633895874,36.80162048339844,0.11646036803722382,0.5958305597305298,5.36707878112793,3.348717212677002,0.5408163070678711,0.9387755393981934,0.9608843326568604,6.822818756103516,0.08109274413436651,0.09847371932119131
422,1.1932448148727417,36.861907958984375,0.11780743300914764,0.589462161064148,5.2413249015808105,3.327756881713867,0.5612244606018066,0.9370748400688171,0.9676870703697205,6.652492523193359,0.08093086630105972,0.09846965875476599
423,1.1597316265106201,36.92137908935547,0.11824136972427368,0.5809063911437988,5.077465534210205,3.306260108947754,0.581632673740387,0.9370748400688171,0.9676870703697205,6.478719711303711,0.08087945636361837,0.09821745194494724
424,1.297102928161621,36.96817398071289,0.11850527673959732,0.5766098499298096,5.209341526031494,3.326728343963623,0.5544217824935913,0.942176878452301,0.9659863710403442,6.655743598937988,0.04625385440886021,0.06359794922173023
425,1.2112118005752563,37.01395797729492,0.11838508397340775,0.5725533962249756,5.25565242767334,3.332632064819336,0.569727897644043,0.9472789168357849,0.9659863710403442,6.710086822509766,0.0817989856004715,0.0995152648538351
426,1.1978733539581299,37.05658721923828,0.11777601391077042,0.5682739019393921,5.1974592208862305,3.3255374431610107,0.5833333134651184,0.9455782175064087,0.9659863710403442,6.663896560668945,0.08096320647746325,0.09831431228667498
427,1.1711424589157104,37.10190963745117,0.11663101613521576,0.5627891421318054,5.1375250816345215,3.319119930267334,0.5765306353569031,0.9387755393981934,0.9608843326568604,6.6177077293396,0.08098994567990303,0.09834474138915539
428,1.2039096355438232,37.15121841430664,0.11551019549369812,0.55778968334198,5.058295726776123,3.3108608722686768,0.5680271983146667,0.9336734414100647,0.9591836929321289,6.553177833557129,0.08096515573561192,0.09833597112447023
429,1.0841894149780273,37.20708084106445,0.11567588150501251,0.5483653545379639,5.551009654998779,3.376232862472534,0.5391156673431396,0.9132652878761292,0.9404761791229248,7.068403720855713,0.0462849335744977,0.06362690031528473
430,1.2204394340515137,37.25898742675781,0.11468807607889175,0.5410037040710449,5.465093612670898,3.361595630645752,0.5408163070678711,0.9149659872055054,0.9472789168357849,6.957993507385254,0.08163068629801273,0.09936357662081718
431,1.251569390296936,37.30657958984375,0.11293049156665802,0.5370054841041565,5.238778591156006,3.325354814529419,0.5510203838348389,0.9132652878761292,0.9506802558898926,6.692811965942383,0.08082637842744589,0.09818343352526426
432,1.2066051959991455,37.35370635986328,0.11123891919851303,0.5342661142349243,5.132473945617676,3.3072197437286377,0.5425170063972473,0.9217687249183655,0.9574829936027527,6.556412696838379,0.08075182791799307,0.09806796349585056
433,1.1790030002593994,37.399471282958984,0.11011168360710144,0.5315978527069092,5.206247806549072,3.317105531692505,0.5493197441101074,0.9217687249183655,0.9574829936027527,6.633294582366943,0.08091228548437357,0.09829068090766668
434,1.2071303129196167,37.50044250488281,0.109422966837883,0.5302751660346985,5.265045166015625,3.337170124053955,0.5595238208770752,0.9217687249183655,0.9608843326568604,6.772892475128174,0.04649235215038061,0.06381446868181229
435,1.2465711832046509,37.592281341552734,0.10866911709308624,0.5317879915237427,5.228915691375732,3.332671642303467,0.5493197441101074,0.930272102355957,0.9574829936027527,6.7366719245910645,0.08175202459096909,0.09955023508518934
436,1.2561224699020386,37.67822265625,0.10808660835027695,0.5362190008163452,5.115509986877441,3.3174893856048584,0.5527210831642151,0.9319728016853333,0.9625850319862366,6.612533092498779,0.08086810726672411,0.0981950331479311
437,1.186458706855774,37.75983428955078,0.10770218819379807,0.5402633547782898,5.049513339996338,3.2999632358551025,0.5731292366981506,0.9319728016853333,0.9608843326568604,6.4828782081604,0.08085463847965002,0.09821193292737007
438,1.1687180995941162,37.83644485473633,0.10751360654830933,0.5431036353111267,5.0309977531433105,3.2945399284362793,0.5782312750816345,0.9319728016853333,0.9574829936027527,6.438729763031006,0.08090652711689472,0.09838585089892149
439,1.2170770168304443,37.921165466308594,0.10676851868629456,0.5468249917030334,5.178846836090088,3.3256287574768066,0.5748299360275269,0.9268707633018494,0.9404761791229248,6.664608001708984,0.04645006265491247,0.06380167789757252
440,1.2143946886062622,37.99599075317383,0.10636326670646667,0.551037609577179,5.319511890411377,3.345158338546753,0.545918345451355,0.9200680255889893,0.9472789168357849,6.825692653656006,0.08225254900753498,0.1001489469781518
441,1.1991699934005737,38.063053131103516,0.1056457906961441,0.554885745048523,5.258363723754883,3.336566209793091,0.5425170063972473,0.9200680255889893,0.954081654548645,6.761172294616699,0.08092503529042006,0.0982648516073823
442,1.185598373413086,38.125709533691406,0.10512519627809525,0.557688295841217,5.241718292236328,3.328336000442505,0.5476190447807312,0.930272102355957,0.9591836929321289,6.698051929473877,0.08089115750044584,0.09829839132726192
443,1.2144639492034912,38.18751525878906,0.10518418997526169,0.5606934428215027,5.192108631134033,3.315383195877075,0.5612244606018066,0.9370748400688171,0.9625850319862366,6.5928802490234375,0.08095821645110846,0.09832221176475286
444,1.3026375770568848,38.2467041015625,0.10502946376800537,0.5676037073135376,5.201998233795166,3.3305435180664062,0.545918345451355,0.9319728016853333,0.9557822942733765,6.700904846191406,0.046269144862890244,0.06360405124723911
445,1.2025645971298218,38.30409240722656,0.10496140271425247,0.5734334588050842,5.3481645584106445,3.3523240089416504,0.5425170063972473,0.9115646481513977,0.9506802558898926,6.871862411499023,0.08219376858323812,0.10006823670119047
446,1.2149592638015747,38.36143112182617,0.10490936040878296,0.5786031484603882,5.327648162841797,3.3473453521728516,0.5561224222183228,0.9166666865348816,0.9506802558898926,6.832261562347412,0.08109422493726015,0.09846033994108438
447,1.2258609533309937,38.41684341430664,0.10455349832773209,0.5834734439849854,5.219233989715576,3.3308424949645996,0.5799319744110107,0.9200680255889893,0.9574829936027527,6.6911516189575195,0.08172020595520735,0.09940494690090418
448,1.1977486610412598,38.476097106933594,0.10434529930353165,0.5866686701774597,5.122927188873291,3.3169431686401367,0.5782312750816345,0.9336734414100647,0.9642857313156128,6.570953369140625,0.08085837680846453,0.09821356274187565
449,1.1167089939117432,38.50093078613281,0.10192707926034927,0.5846620798110962,5.283017635345459,3.3356287479400635,0.545918345451355,0.930272102355957,0.9574829936027527,6.743224143981934,0.04651976190507412,0.06385308876633644
450,1.2290761470794678,38.52994918823242,0.10016348958015442,0.5830466151237488,5.277827262878418,3.3303627967834473,0.545918345451355,0.9319728016853333,0.9591836929321289,6.699172496795654,0.08168679662048817,0.09949290566146374
451,1.2411415576934814,38.56222152709961,0.09860216826200485,0.5823912024497986,5.244782447814941,3.3267321586608887,0.569727897644043,0.9336734414100647,0.9557822942733765,6.6669921875,0.0809805653989315,0.0983115816488862
452,1.2070516347885132,38.598480224609375,0.09746474772691727,0.5811370015144348,5.18001127243042,3.3210339546203613,0.5765306353569031,0.9336734414100647,0.9625850319862366,6.6171698570251465,0.08119803201407194,0.0986160272732377
453,1.1901806592941284,38.63996887207031,0.09647808969020844,0.578680157661438,5.113637447357178,3.314873456954956,0.5663265585899353,0.9370748400688171,0.9625850319862366,6.566082000732422,0.0810386249795556,0.09839793015271425
454,1.0872193574905396,38.70270538330078,0.0968862771987915,0.5707581639289856,5.294740200042725,3.3415560722351074,0.5544217824935913,0.9336734414100647,0.9574829936027527,6.779887676239014,0.046231345273554325,0.0636037802323699
455,1.1757762432098389,38.761470794677734,0.09725433588027954,0.5621262192726135,5.30332612991333,3.3418068885803223,0.5442177057266235,0.9319728016853333,0.9591836929321289,6.808773040771484,0.08189221285283566,0.09965924266725779
456,1.2433651685714722,38.819679260253906,0.09779224544763565,0.5561673641204834,5.252539157867432,3.3342177867889404,0.5561224222183228,0.9217687249183655,0.9557822942733765,6.757176399230957,0.08097997680306435,0.09839517064392567
457,1.179274082183838,38.87517547607422,0.09829144924879074,0.5500067472457886,5.181963920593262,3.3232619762420654,0.5714285969734192,0.918367326259613,0.9472789168357849,6.666775226593018,0.08091505710035563,0.09827377181500196
458,1.1926040649414062,38.932464599609375,0.09890860319137573,0.5444827675819397,5.080395221710205,3.3137600421905518,0.5782312750816345,0.918367326259613,0.9455782175064087,6.593776702880859,0.08092274703085423,0.09824368264526129
459,1.2626192569732666,38.98701858520508,0.10087194293737411,0.5427791476249695,5.116856575012207,3.319857597351074,0.5748299360275269,0.9370748400688171,0.9557822942733765,6.636157035827637,0.04649899061769247,0.06382867693901062
460,1.1629568338394165,39.03662872314453,0.10262393206357956,0.5402263402938843,5.253945827484131,3.3393964767456055,0.5493197441101074,0.9251700639724731,0.954081654548645,6.792543888092041,0.08186285383999348,0.09966027271002531
461,1.2355636358261108,39.08442687988281,0.10378065705299377,0.5401408672332764,5.298678398132324,3.3335177898406982,0.5612244606018066,0.9268707633018494,0.9625850319862366,6.7534966468811035,0.0808957265689969,0.09825572185218334
462,1.2227067947387695,39.13180160522461,0.10466493666172028,0.5417430996894836,5.232263088226318,3.3259594440460205,0.5663265585899353,0.930272102355957,0.9625850319862366,6.695796012878418,0.08096952550113201,0.09834337048232555
463,1.225990891456604,39.178977966308594,0.10501132905483246,0.5449701547622681,5.131015300750732,3.3120644092559814,0.5544217824935913,0.9404761791229248,0.9625850319862366,6.58557653427124,0.0810830732807517,0.0984564982354641
464,1.2602546215057373,39.222476959228516,0.10581202059984207,0.5510679483413696,5.440373420715332,3.3508293628692627,0.5510203838348389,0.9132652878761292,0.9608843326568604,6.873372554779053,0.04625576548278332,0.0635791914537549
465,1.2488166093826294,39.268192291259766,0.1061631292104721,0.559020459651947,5.437281608581543,3.3495757579803467,0.5493197441101074,0.9200680255889893,0.9642857313156128,6.857261657714844,0.0822276184335351,0.10013297665864229
466,1.2342848777770996,39.31626510620117,0.10643067210912704,0.5677287578582764,5.388672828674316,3.3372159004211426,0.5493197441101074,0.9217687249183655,0.9625850319862366,6.767906665802002,0.0808784170076251,0.09823966305702925
467,1.2223167419433594,39.36608123779297,0.10674719512462616,0.5762757658958435,5.3528642654418945,3.3359880447387695,0.5646258592605591,0.9285714030265808,0.9625850319862366,6.75167989730835,0.08098524622619152,0.09836509171873331
468,1.2056407928466797,39.417728424072266,0.10664872825145721,0.5835886001586914,5.298874855041504,3.3339037895202637,0.5884353518486023,0.9319728016853333,0.9625850319862366,6.7307257652282715,0.08157701697200537,0.0989516619592905
469,1.2047375440597534,39.4670524597168,0.10818088799715042,0.5894417762756348,5.43524694442749,3.362602472305298,0.5629251599311829,0.9234693646430969,0.9523809552192688,6.967101097106934,0.046216875314712524,0.06353547144681215
470,1.2619531154632568,39.512474060058594,0.10849282890558243,0.5962691903114319,5.468641757965088,3.3772811889648438,0.5510203838348389,0.9149659872055054,0.9523809552192688,7.068964004516602,0.08192752301692963,0.09984732046723366
471,1.2802945375442505,39.55760192871094,0.10740348696708679,0.6045486927032471,5.390289306640625,3.367582082748413,0.5731292366981506,0.9166666865348816,0.9574829936027527,6.971011161804199,0.08084870781749487,0.09819038305431604
472,1.2523002624511719,39.60586929321289,0.10583480447530746,0.6125625371932983,5.316398620605469,3.3447699546813965,0.6071428656578064,0.9370748400688171,0.9608843326568604,6.775831699371338,0.08077132888138294,0.09810524433851242
473,1.171939730644226,39.65447235107422,0.10474078357219696,0.6162872314453125,5.33228063583374,3.3520402908325195,0.5952380895614624,0.9353741407394409,0.9693877696990967,6.842907905578613,0.08079400844871998,0.09816254395991564
474,1.088193655014038,39.708866119384766,0.10295581072568893,0.6121053695678711,5.3684983253479,3.3637027740478516,0.5850340127944946,0.9387755393981934,0.9591836929321289,6.946989059448242,0.04616701602935791,0.06348669156432152
475,1.217060923576355,39.75962829589844,0.10139979422092438,0.606918454170227,5.4193644523620605,3.3675246238708496,0.5765306353569031,0.9285714030265808,0.9574829936027527,6.998599052429199,0.0821801396086812,0.10001741908490658
476,1.2553942203521729,39.802555084228516,0.09980286657810211,0.6028115749359131,5.3339314460754395,3.3492343425750732,0.5731292366981506,0.9319728016853333,0.9625850319862366,6.849638938903809,0.08107099402695894,0.09850754775106907
477,1.21103835105896,39.84349822998047,0.098479725420475,0.5978227853775024,5.289225101470947,3.3382110595703125,0.5782312750816345,0.9336734414100647,0.9608843326568604,6.754395008087158,0.08083825837820768,0.09818482305854559
478,1.1677478551864624,39.884647369384766,0.09719827026128769,0.5903030037879944,5.189291000366211,3.324394702911377,0.5850340127944946,0.930272102355957,0.9625850319862366,6.650468826293945,0.08083055820316076,0.09816127363592386
479,1.2068406343460083,39.92551803588867,0.09584123641252518,0.5826630592346191,5.226441860198975,3.343740940093994,0.5867347121238708,0.9251700639724731,0.9574829936027527,6.830994129180908,0.046501810662448406,0.06382949650287628
480,1.2041256427764893,39.963653564453125,0.09479627758264542,0.5751071572303772,5.222939968109131,3.3418734073638916,0.5918367505073547,0.9234693646430969,0.9574829936027527,6.822668075561523,0.08154493849724531,0.09931524842977524
481,1.2317432165145874,39.9990119934082,0.09407180547714233,0.569187343120575,5.228487014770508,3.3321783542633057,0.5850340127944946,0.9285714030265808,0.9591836929321289,6.743635654449463,0.08094638586044312,0.09829852264374495
482,1.2202837467193604,40.034332275390625,0.09374366700649261,0.5644580125808716,5.234233856201172,3.3216025829315186,0.5680271983146667,0.9251700639724731,0.9642857313156128,6.658789157867432,0.08091082703322172,0.0983519908040762
483,1.2418538331985474,40.071807861328125,0.0937853455543518,0.561957597732544,5.214883804321289,3.317335367202759,0.5595238208770752,0.9353741407394409,0.9659863710403442,6.624178886413574,0.08139616064727306,0.09968910366296768
484,1.167177677154541,40.10481643676758,0.0947640910744667,0.5581989288330078,5.457414627075195,3.3637797832489014,0.5527210831642151,0.9149659872055054,0.9523809552192688,6.996361255645752,0.04635303281247616,0.06366939935833216
485,1.2231394052505493,40.136505126953125,0.09530055522918701,0.5559433698654175,5.56709623336792,3.3752288818359375,0.5408163070678711,0.9098639488220215,0.9557822942733765,7.076297760009766,0.08184355404227972,0.09961461462080479
486,1.25626802444458,40.1694221496582,0.09518677741289139,0.5566108822822571,5.498621940612793,3.3618781566619873,0.5255101919174194,0.9285714030265808,0.9574829936027527,6.975680828094482,0.0809412756934762,0.09828399121761322
487,1.2600643634796143,40.200992584228516,0.09428577125072479,0.5600805282592773,5.241209983825684,3.3251683712005615,0.5357142686843872,0.9370748400688171,0.9608843326568604,6.6848063468933105,0.08083545882254839,0.09815906453877687
488,1.188517689704895,40.23313522338867,0.09372184425592422,0.5627462863922119,5.311459541320801,3.3315203189849854,0.5408163070678711,0.930272102355957,0.9591836929321289,6.73063850402832,0.08113066386431456,0.09849276952445507
489,1.5821731090545654,40.28646469116211,0.0930967628955841,0.5822798609733582,5.478164196014404,3.366609811782837,0.5442177057266235,0.9251700639724731,0.9506802558898926,6.986598491668701,0.04644759185612202,0.06374447792768478
490,1.2090818881988525,40.33610153198242,0.092566579580307,0.599865734577179,5.452792167663574,3.376765012741089,0.5476190447807312,0.9234693646430969,0.9506802558898926,7.053342819213867,0.08208605088293552,0.09991372935473919
491,1.25984787940979,40.38128662109375,0.09215369820594788,0.6172625422477722,5.385974884033203,3.3736114501953125,0.5765306353569031,0.9268707633018494,0.9506802558898926,7.013203144073486,0.08100175485014915,0.09839607961475849
492,1.2150779962539673,40.42311477661133,0.0918295681476593,0.6316966414451599,5.3671793937683105,3.3689754009246826,0.5986394286155701,0.9268707633018494,0.954081654548645,6.963308811187744,0.0808295076712966,0.09814664348959923
493,1.2014580965042114,40.46220397949219,0.09129245579242706,0.6421530246734619,5.317346096038818,3.361696720123291,0.6088435649871826,0.9285714030265808,0.9557822942733765,6.887799263000488,0.08084912784397602,0.09819246269762516
494,1.359492540359497,40.492828369140625,0.09121411293745041,0.6560986042022705,5.275961875915527,3.3635497093200684,0.6241496801376343,0.9234693646430969,0.9574829936027527,6.875056743621826,0.04645850323140621,0.06377916876226664
495,1.1926934719085693,40.52367401123047,0.09129191935062408,0.6646569967269897,5.221959590911865,3.3587749004364014,0.6190476417541504,0.9285714030265808,0.9608843326568604,6.82698392868042,0.08187047392129898,0.0996386343613267
496,1.2148653268814087,40.5511589050293,0.09159808605909348,0.6690179705619812,5.1868181228637695,3.3540890216827393,0.6071428656578064,0.9319728016853333,0.9642857313156128,6.773633003234863,0.0810032756999135,0.09838165063410997
497,1.2341465950012207,40.578147888183594,0.09237316250801086,0.6703428626060486,5.1939263343811035,3.351482391357422,0.6054421663284302,0.9370748400688171,0.9642857313156128,6.750380039215088,0.08128699194639921,0.09865748696029186
498,1.195029616355896,40.60545349121094,0.09363868832588196,0.6670165657997131,5.227303981781006,3.3482868671417236,0.6088435649871826,0.9438775777816772,0.9710884094238281,6.73304557800293,0.08084931690245867,0.09816029295325279
499,1.7752716541290283,40.64755630493164,0.09248821437358856,0.6872955560684204,5.500899314880371,3.4019978046417236,0.5935373902320862,0.9370748400688171,0.9608843326568604,7.220817565917969,0.04621718544512987,0.06351886224001646
