iteration,loss,lengthscale,outputscale,likelyhood_noise,test_MAE,test_NLL,test_PICP50,test_PICP90,test_PICP95,test_RMSE,it_time_training,it_time
0,1.3748053312301636,2.4689173698425293,0.6443967223167419,0.644496738910675,0.5887362957000732,1.1835782527923584,0.6513056755065918,0.9462365508079529,0.9723502397537231,0.762840747833252,0.5326794139109552,0.5825594048947096
1,1.3512043952941895,2.6472766399383545,0.5984482169151306,0.5983086824417114,0.5845890641212463,1.1608939170837402,0.6497696042060852,0.940092146396637,0.9646697640419006,0.7563612461090088,0.006780149880796671,0.019124818965792656
2,1.3310472965240479,2.8339149951934814,0.5557115077972412,0.5547904968261719,0.5782212018966675,1.1393494606018066,0.6251919865608215,0.9354838728904724,0.9600614309310913,0.7492210268974304,0.0057295579463243484,0.01727246167138219
3,1.3122434616088867,3.0281193256378174,0.5166662335395813,0.5141136646270752,0.5723840594291687,1.1210280656814575,0.5867895483970642,0.9308755993843079,0.9569892287254333,0.7429185509681702,0.0055342987179756165,0.016980493906885386
4,1.2958911657333374,3.2283577919006348,0.4819529950618744,0.4765758216381073,0.5672758221626282,1.1074702739715576,0.5622119903564453,0.9231950640678406,0.9447004795074463,0.7381018996238708,0.005545038729906082,0.01689652493223548
5,1.2833952903747559,3.4322264194488525,0.4524562358856201,0.4426933825016022,0.5632423162460327,1.099199891090393,0.5437787771224976,0.9170507192611694,0.9431643486022949,0.7345403432846069,0.005475468933582306,0.016686555929481983
6,1.2752619981765747,3.6363680362701416,0.4292045533657074,0.4132941663265228,0.5601827502250671,1.0958508253097534,0.5253456234931946,0.9047619104385376,0.9354838728904724,0.7317414283752441,0.005475889891386032,0.01658581756055355
7,1.2711610794067383,3.8364245891571045,0.41300326585769653,0.3895091414451599,0.5576263070106506,1.0962703227996826,0.5176651477813721,0.8955453038215637,0.9278033971786499,0.7293514609336853,0.0054769800044596195,0.016567947808653116
8,1.2701661586761475,4.027396202087402,0.40400874614715576,0.37246426939964294,0.5555610060691833,1.098632574081421,0.5069124698638916,0.8863286972045898,0.921658992767334,0.7272247672080994,0.0055062491446733475,0.016562976874411106
9,1.2708555459976196,4.204659938812256,0.40165266394615173,0.36268505454063416,0.5537020564079285,1.1008992195129395,0.49615976214408875,0.8847926259040833,0.918586790561676,0.7253207564353943,0.0057979472912848,0.016716686077415943
10,1.2716182470321655,4.365198612213135,0.40495985746383667,0.3597826659679413,0.5522661209106445,1.1016062498092651,0.4976958632469177,0.8801843523979187,0.9170507192611694,0.7236301302909851,0.005621357820928097,0.014923450071364641
11,1.271270751953125,4.508184432983398,0.4129014313220978,0.3627806603908539,0.5511959195137024,1.1002860069274902,0.4992319643497467,0.8801843523979187,0.9201228618621826,0.7221471071243286,0.005147992167621851,0.014274544082581997
12,1.2694058418273926,4.634687900543213,0.4245569705963135,0.3706032335758209,0.5503550171852112,1.0972603559494019,0.4992319643497467,0.8801843523979187,0.918586790561676,0.7208605408668518,0.005106503143906593,0.014899660367518663
13,1.2662489414215088,4.746999263763428,0.43912190198898315,0.3823038637638092,0.5496927499771118,1.0932214260101318,0.5069124698638916,0.8817204236984253,0.9201228618621826,0.719753086566925,0.005884427111595869,0.015055628959089518
14,1.2623435258865356,4.84799861907959,0.4558592140674591,0.3970728814601898,0.5490556359291077,1.0889073610305786,0.5130568146705627,0.8847926259040833,0.9262672662734985,0.718803346157074,0.005107431672513485,0.014402882661670446
15,1.2582969665527344,4.940720081329346,0.4740515947341919,0.4141673743724823,0.5484550595283508,1.0849255323410034,0.5176651477813721,0.8909370303153992,0.9339478015899658,0.7179888486862183,0.004993742797523737,0.014075265731662512
16,1.2546275854110718,5.028081893920898,0.49297547340393066,0.4328422248363495,0.5479562282562256,1.0816742181777954,0.5253456234931946,0.8924731016159058,0.937019944190979,0.7172872424125671,0.004964304156601429,0.014053697232156992
17,1.251685619354248,5.112721920013428,0.5119015574455261,0.45230868458747864,0.5474795699119568,1.079330325126648,0.5284178256988525,0.8970814347267151,0.9385560750961304,0.7166754007339478,0.004991292953491211,0.014276864938437939
18,1.249627947807312,5.196887016296387,0.530119776725769,0.47173139452934265,0.5470404624938965,1.0778741836547852,0.542242705821991,0.9016897082328796,0.9431643486022949,0.7161298990249634,0.004987383261322975,0.014104605186730623
19,1.2484303712844849,5.282370567321777,0.5469790697097778,0.49026206135749817,0.5466768145561218,1.0771397352218628,0.5545315146446228,0.9062979817390442,0.9431643486022949,0.7156263589859009,0.004984172992408276,0.014122695196419954
20,1.2479333877563477,5.370479583740234,0.5619312524795532,0.5071008801460266,0.5463311076164246,1.0768778324127197,0.5591397881507874,0.9093701839447021,0.9447004795074463,0.715140700340271,0.004983922932296991,0.01411235611885786
21,1.2478986978530884,5.462040424346924,0.5745663642883301,0.5215676426887512,0.5460060238838196,1.0768202543258667,0.5652841925621033,0.9124423861503601,0.9447004795074463,0.7146504521369934,0.004845873918384314,0.013524630106985569
22,1.248071312904358,5.557435035705566,0.584632396697998,0.5331618189811707,0.545677661895752,1.0767301321029663,0.5698924660682678,0.9139785170555115,0.9447004795074463,0.7141366600990295,0.004878723993897438,0.013620570302009583
23,1.2482285499572754,5.65665864944458,0.5920367240905762,0.5415972471237183,0.5453938245773315,1.0764364004135132,0.5729646682739258,0.9139785170555115,0.9447004795074463,0.7135863304138184,0.0048522851429879665,0.013611349742859602
24,1.2482128143310547,5.759387969970703,0.5968325138092041,0.5468067526817322,0.5450939536094666,1.0758458375930786,0.5806451439857483,0.9155145883560181,0.9477726817131042,0.7129935026168823,0.004880364052951336,0.013539730105549097
25,1.2479435205459595,5.865043640136719,0.5991950631141663,0.5489231944084167,0.544752299785614,1.0749413967132568,0.5806451439857483,0.9139785170555115,0.9462365508079529,0.7123599648475647,0.004840704146772623,0.013762398157268763
26,1.247412085533142,5.972851753234863,0.5993943214416504,0.5482447743415833,0.5443699955940247,1.0737677812576294,0.5806451439857483,0.9124423861503601,0.9462365508079529,0.7116943001747131,0.004845104180276394,0.013540009967982769
27,1.2466685771942139,6.081884384155273,0.597766637802124,0.5451957583427429,0.5439667701721191,1.0724130868911743,0.5729646682739258,0.9124423861503601,0.9447004795074463,0.7110108137130737,0.004879264160990715,0.013712489046156406
28,1.2458001375198364,6.191107273101807,0.594688355922699,0.540287435054779,0.5435739755630493,1.070986270904541,0.5652841925621033,0.9093701839447021,0.9447004795074463,0.7103269696235657,0.0048730140551924706,0.013753328006714582
29,1.2449108362197876,6.299413204193115,0.5905531644821167,0.5340831279754639,0.543168842792511,1.069597840309143,0.5622119903564453,0.9078341126441956,0.9447004795074463,0.7096608877182007,0.0049275727942585945,0.013890656642615795
30,1.244099497795105,6.405666828155518,0.5857518911361694,0.5271670818328857,0.5427592396736145,1.0683411359786987,0.5591397881507874,0.9078341126441956,0.9416282773017883,0.7090297937393188,0.004884013906121254,0.013604100327938795
31,1.2434431314468384,6.50875186920166,0.5806556344032288,0.5201157927513123,0.542360246181488,1.06727933883667,0.5560675859451294,0.9032257795333862,0.9385560750961304,0.7084478735923767,0.004854944068938494,0.013543290086090565
32,1.242984652519226,6.6076250076293945,0.5756009221076965,0.5134713053703308,0.5419823527336121,1.066437840461731,0.5499231815338135,0.900153636932373,0.9385560750961304,0.7079254984855652,0.004967384040355682,0.013909528031945229
33,1.2427260875701904,6.701377868652344,0.5708778500556946,0.5077147483825684,0.5416314005851746,1.0658049583435059,0.5453149080276489,0.900153636932373,0.9385560750961304,0.7074692845344543,0.004837133921682835,0.013394561130553484
34,1.2426316738128662,6.7892937660217285,0.5667209625244141,0.503241777420044,0.5413224101066589,1.065340518951416,0.542242705821991,0.8970814347267151,0.9354838728904724,0.7070820927619934,0.0047693150117993355,0.013349881861358881
35,1.242639422416687,6.870898723602295,0.563302755355835,0.5003424882888794,0.5410720705986023,1.0649904012680054,0.539170503616333,0.8955453038215637,0.9354838728904724,0.7067636251449585,0.004779974929988384,0.013251252006739378
36,1.24267578125,6.945992946624756,0.560731053352356,0.49918773770332336,0.5408587455749512,1.064703345298767,0.5407066345214844,0.8955453038215637,0.9354838728904724,0.7065115571022034,0.00478724529966712,0.013648930005729198
37,1.2426761388778687,7.014659404754639,0.5590502023696899,0.4998254179954529,0.5406819581985474,1.0644443035125732,0.536098301410675,0.8940092325210571,0.9339478015899658,0.706321656703949,0.004889573901891708,0.01335896085947752
38,1.2425987720489502,7.077245712280273,0.5582464933395386,0.5021849870681763,0.5405539870262146,1.0642017126083374,0.5345622301101685,0.8955453038215637,0.9339478015899658,0.7061887979507446,0.004853384103626013,0.013311142101883888
39,1.2424321174621582,7.134326457977295,0.5582554340362549,0.5060898065567017,0.5404518246650696,1.0639851093292236,0.5407066345214844,0.8955453038215637,0.9339478015899658,0.7061070203781128,0.004794073756784201,0.013463180046528578
40,1.2421931028366089,7.186645030975342,0.5589730739593506,0.5112746953964233,0.5403801202774048,1.0638166666030884,0.542242705821991,0.8955453038215637,0.9339478015899658,0.7060695886611938,0.004861833993345499,0.013354050926864147
41,1.2419167757034302,7.235053062438965,0.5602671504020691,0.5174064636230469,0.5403331518173218,1.0637203454971313,0.5483871102333069,0.8970814347267151,0.9339478015899658,0.7060689926147461,0.004874004051089287,0.013420600909739733
42,1.2416441440582275,7.280442714691162,0.5619896054267883,0.5241068601608276,0.5402963161468506,1.0637105703353882,0.5545315146446228,0.8986175060272217,0.937019944190979,0.7060973048210144,0.004794173873960972,0.01334760058671236
43,1.241410493850708,7.323688983917236,0.563988447189331,0.5309775471687317,0.5402652025222778,1.0637879371643066,0.5560675859451294,0.8986175060272217,0.937019944190979,0.706146240234375,0.005366829689592123,0.013811598066240549
44,1.241236686706543,7.365598678588867,0.5661183595657349,0.5376266241073608,0.5402318239212036,1.0639362335205078,0.5591397881507874,0.8986175060272217,0.937019944190979,0.706207275390625,0.005161202047020197,0.01362704997882247
45,1.241126537322998,7.406874179840088,0.5682497620582581,0.5436946153640747,0.5401923060417175,1.0641272068023682,0.5622119903564453,0.8986175060272217,0.937019944190979,0.7062724232673645,0.005265950690954924,0.013736848719418049
46,1.2410690784454346,7.448082447052002,0.5702762603759766,0.5488786697387695,0.5401522517204285,1.0643242597579956,0.5637480616569519,0.8986175060272217,0.937019944190979,0.7063338756561279,0.0051745218224823475,0.01362825883552432
47,1.2410438060760498,7.48964786529541,0.572119414806366,0.552952229976654,0.5401135087013245,1.0644935369491577,0.5637480616569519,0.900153636932373,0.937019944190979,0.7063858509063721,0.005198752041906118,0.013654329348355532
48,1.2410273551940918,7.531842231750488,0.5737309455871582,0.5557773113250732,0.5400702953338623,1.0646069049835205,0.5637480616569519,0.900153636932373,0.937019944190979,0.7064236402511597,0.005162801593542099,0.013622608967125416
49,1.2409991025924683,7.574790954589844,0.5750936269760132,0.5573095083236694,0.5400185585021973,1.064647912979126,0.5637480616569519,0.900153636932373,0.937019944190979,0.7064446210861206,0.005177752114832401,0.013613719958811998
50,1.2409465312957764,7.618488788604736,0.5762187838554382,0.5575953722000122,0.5399518609046936,1.0646132230758667,0.5622119903564453,0.900153636932373,0.937019944190979,0.706447958946228,0.005171571858227253,0.0136120798997581
51,1.24086594581604,7.662811756134033,0.5771435499191284,0.5567620992660522,0.5398793816566467,1.0645105838775635,0.5637480616569519,0.900153636932373,0.937019944190979,0.7064344882965088,0.005410050041973591,0.014231245033442974
52,1.2407628297805786,7.707540512084961,0.5779253244400024,0.5550029873847961,0.5398257970809937,1.0643563270568848,0.5637480616569519,0.900153636932373,0.937019944190979,0.7064065337181091,0.0052668009884655476,0.013757958076894283
53,1.240647792816162,7.752385139465332,0.5786360502243042,0.5525588393211365,0.5397875308990479,1.0641714334487915,0.5622119903564453,0.8986175060272217,0.937019944190979,0.7063671946525574,0.005153121892362833,0.014777600765228271
54,1.2405335903167725,7.79701042175293,0.5793558359146118,0.5496973395347595,0.5397396683692932,1.0639760494232178,0.5622119903564453,0.8986175060272217,0.937019944190979,0.7063199281692505,0.00517719192430377,0.013659499119967222
55,1.2404325008392334,7.841066360473633,0.5801662802696228,0.5466927886009216,0.5396866798400879,1.0637872219085693,0.560675859451294,0.8970814347267151,0.937019944190979,0.7062684297561646,0.005251211114227772,0.013705248013138771
56,1.240351676940918,7.884213447570801,0.5811439156532288,0.5438065528869629,0.539630115032196,1.063616394996643,0.560675859451294,0.8970814347267151,0.937019944190979,0.7062163352966309,0.005168801173567772,0.013662949204444885
57,1.2402924299240112,7.926151275634766,0.5823543071746826,0.5412691831588745,0.5395676493644714,1.0634684562683105,0.557603657245636,0.8986175060272217,0.937019944190979,0.7061663269996643,0.004774454981088638,0.013652469031512737
58,1.2402513027191162,7.966640949249268,0.5838475227355957,0.5392659902572632,0.539501428604126,1.0633436441421509,0.557603657245636,0.8986175060272217,0.937019944190979,0.7061209082603455,0.004765645135194063,0.013227653224021196
59,1.2402206659317017,8.005523681640625,0.5856542587280273,0.5379273295402527,0.539432168006897,1.0632387399673462,0.557603657245636,0.8986175060272217,0.9354838728904724,0.7060814499855042,0.004773644730448723,0.013243861962109804
60,1.24019193649292,8.042730331420898,0.5877842307090759,0.5373224020004272,0.5393604636192322,1.0631507635116577,0.5560675859451294,0.8970814347267151,0.9354838728904724,0.7060492038726807,0.004784273914992809,0.01326078176498413
61,1.2401580810546875,8.07828426361084,0.5902255177497864,0.5374584197998047,0.5392867922782898,1.0630767345428467,0.557603657245636,0.8986175060272217,0.9354838728904724,0.7060242891311646,0.0047684949822723866,0.013301792088896036
62,1.2401155233383179,8.112295150756836,0.5929462909698486,0.5382845401763916,0.5392113924026489,1.0630161762237549,0.557603657245636,0.8986175060272217,0.9354838728904724,0.706006646156311,0.004743774887174368,0.01754740998148918
63,1.240064263343811,8.144943237304688,0.5958977937698364,0.5397001504898071,0.5391345024108887,1.0629689693450928,0.560675859451294,0.8986175060272217,0.9354838728904724,0.7059956192970276,0.005209291819483042,0.013919047079980373
64,1.2400076389312744,8.176465034484863,0.5990180969238281,0.541565477848053,0.5390561819076538,1.0629359483718872,0.560675859451294,0.8986175060272217,0.937019944190979,0.7059900760650635,0.00479673407971859,0.013291892129927874
65,1.2399507761001587,8.207125663757324,0.6022377610206604,0.5437153577804565,0.5389765501022339,1.0629167556762695,0.5622119903564453,0.9016897082328796,0.937019944190979,0.7059890627861023,0.004803895018994808,0.013246382120996714
66,1.239898681640625,8.237197875976562,0.6054842472076416,0.5459744930267334,0.5388957262039185,1.0629085302352905,0.5622119903564453,0.9016897082328796,0.937019944190979,0.7059910297393799,0.004941483959555626,0.013390590902417898
67,1.239854335784912,8.266939163208008,0.608688235282898,0.5481711626052856,0.5388208627700806,1.0629072189331055,0.5622119903564453,0.9016897082328796,0.937019944190979,0.7059946060180664,0.004742774181067944,0.013253991957753897
68,1.2398184537887573,8.296574592590332,0.6117872595787048,0.550152063369751,0.5387459993362427,1.0629063844680786,0.5622119903564453,0.9016897082328796,0.937019944190979,0.7059986591339111,0.004794314969331026,0.013217021711170673
69,1.2397897243499756,8.326281547546387,0.6147303581237793,0.5517926216125488,0.5386736989021301,1.062900185585022,0.5637480616569519,0.9016897082328796,0.937019944190979,0.7060022950172424,0.004779074341058731,0.013247962109744549
70,1.2397658824920654,8.356180191040039,0.6174803972244263,0.5530062317848206,0.538600742816925,1.0628821849822998,0.5652841925621033,0.9032257795333862,0.937019944190979,0.7060041427612305,0.004787954036146402,0.01324847200885415
71,1.2397432327270508,8.386329650878906,0.6200156807899475,0.5537482500076294,0.5385288596153259,1.0628496408462524,0.5637480616569519,0.9032257795333862,0.937019944190979,0.70600426197052,0.004855753853917122,0.013318671844899654
72,1.2397196292877197,8.416728973388672,0.6223299503326416,0.5540169477462769,0.5384594798088074,1.0628007650375366,0.5622119903564453,0.9032257795333862,0.937019944190979,0.7060023546218872,0.004783624317497015,0.013271722011268139
73,1.2396936416625977,8.447320938110352,0.6244314312934875,0.5538504123687744,0.5383926033973694,1.062738060951233,0.560675859451294,0.9016897082328796,0.937019944190979,0.7059990167617798,0.00475180521607399,0.013363811187446117
74,1.2396650314331055,8.478008270263672,0.6263407468795776,0.5533202886581421,0.5383304357528687,1.0626643896102905,0.560675859451294,0.9016897082328796,0.937019944190979,0.7059943079948425,0.0049454341642558575,0.013444601092487574
75,1.239635705947876,8.508652687072754,0.6280880570411682,0.5525233149528503,0.5382699370384216,1.062585473060608,0.560675859451294,0.9016897082328796,0.937019944190979,0.7059889435768127,0.004778354894369841,0.013248441740870476
76,1.2396066188812256,8.539102554321289,0.6297095417976379,0.5515708923339844,0.5382115244865417,1.0625065565109253,0.560675859451294,0.9016897082328796,0.937019944190979,0.7059838175773621,0.004854985047131777,0.013350741937756538
77,1.2395801544189453,8.569194793701172,0.631243884563446,0.5505785942077637,0.5381553173065186,1.0624321699142456,0.5591397881507874,0.9016897082328796,0.937019944190979,0.7059796452522278,0.004782285075634718,0.013404491357505322
78,1.2395570278167725,8.598779678344727,0.6327288150787354,0.5496560335159302,0.5381044149398804,1.062366008758545,0.560675859451294,0.9016897082328796,0.937019944190979,0.7059768438339233,0.0048079038970172405,0.013267732225358486
79,1.239537239074707,8.627723693847656,0.6341978907585144,0.5488976836204529,0.5380563139915466,1.0623109340667725,0.5591397881507874,0.9016897082328796,0.937019944190979,0.7059762477874756,0.004750505089759827,0.013197432272136211
80,1.2395200729370117,8.655926704406738,0.6356779932975769,0.5483757257461548,0.5380106568336487,1.0622676610946655,0.5591397881507874,0.9016897082328796,0.937019944190979,0.7059779763221741,0.004955132957547903,0.013493170030415058
81,1.2395044565200806,8.683324813842773,0.6371876001358032,0.5481353998184204,0.5379676818847656,1.0622366666793823,0.5591397881507874,0.9016897082328796,0.9354838728904724,0.705982506275177,0.004759245086461306,0.013237722218036652
82,1.239489197731018,8.709893226623535,0.6387361288070679,0.5481931567192078,0.5379300117492676,1.0622175931930542,0.5591397881507874,0.9016897082328796,0.9354838728904724,0.7059897184371948,0.0047585852444171906,0.013191692996770144
83,1.239473581314087,8.735648155212402,0.6403239965438843,0.5485371351242065,0.5378970503807068,1.062209963798523,0.560675859451294,0.9016897082328796,0.9354838728904724,0.7059997320175171,0.004766983911395073,0.01321417186409235
84,1.239457368850708,8.760640144348145,0.6419433355331421,0.5491306185722351,0.537867546081543,1.0622117519378662,0.560675859451294,0.9016897082328796,0.9354838728904724,0.7060118913650513,0.004786935169249773,0.013391281012445688
85,1.2394405603408813,8.784944534301758,0.6435799598693848,0.549916684627533,0.5378419756889343,1.062221884727478,0.560675859451294,0.9016897082328796,0.9354838728904724,0.706026017665863,0.004783743992447853,0.013294411823153496
86,1.239424467086792,8.808655738830566,0.6452153921127319,0.5508251786231995,0.537817120552063,1.062238335609436,0.560675859451294,0.9016897082328796,0.9354838728904724,0.7060416340827942,0.004768693819642067,0.013250842224806547
87,1.2394087314605713,8.831875801086426,0.6468289494514465,0.5517798662185669,0.5377929210662842,1.0622588396072388,0.560675859451294,0.9016897082328796,0.937019944190979,0.7060583829879761,0.00488999392837286,0.013457020279020071
88,1.2393949031829834,8.854703903198242,0.6484004259109497,0.5527061820030212,0.5377687811851501,1.0622804164886475,0.560675859451294,0.9016897082328796,0.937019944190979,0.7060755491256714,0.004820584319531918,0.013278251979500055
89,1.2393825054168701,8.877227783203125,0.6499120593070984,0.5535377264022827,0.5377448797225952,1.062300443649292,0.560675859451294,0.9016897082328796,0.937019944190979,0.7060924172401428,0.004877963103353977,0.013347730971872807
90,1.2393715381622314,8.899518966674805,0.6513503193855286,0.5542221069335938,0.5377208590507507,1.062316656112671,0.560675859451294,0.9016897082328796,0.937019944190979,0.7061088681221008,0.004855774808675051,0.013347651809453964
91,1.2393614053726196,8.921622276306152,0.652707040309906,0.5547245144844055,0.5376974940299988,1.0623269081115723,0.560675859451294,0.9016897082328796,0.937019944190979,0.7061242461204529,0.004905814304947853,0.013505171053111553
92,1.2393512725830078,8.943561553955078,0.6539798974990845,0.5550296306610107,0.5376758575439453,1.0623302459716797,0.560675859451294,0.9016897082328796,0.937019944190979,0.7061384320259094,0.0052775912918150425,0.014084186404943466
93,1.2393416166305542,8.96533489227295,0.6551723480224609,0.5551419854164124,0.5376541018486023,1.0623266696929932,0.5637480616569519,0.9016897082328796,0.937019944190979,0.7061513066291809,0.004891823977231979,0.013388581108301878
94,1.2393317222595215,8.986917495727539,0.6562933921813965,0.5550836324691772,0.5376322269439697,1.062316656112671,0.5637480616569519,0.9016897082328796,0.9354838728904724,0.7061627507209778,0.004811035003513098,0.013245591893792152
95,1.2393217086791992,9.008268356323242,0.6573560237884521,0.5548907518386841,0.537612795829773,1.0623009204864502,0.5668202638626099,0.9016897082328796,0.9354838728904724,0.7061726450920105,0.004790624137967825,0.01333328103646636
96,1.2393120527267456,9.029335975646973,0.6583758592605591,0.5546094179153442,0.5375936031341553,1.0622824430465698,0.5683563947677612,0.9016897082328796,0.9354838728904724,0.706181526184082,0.004758754745125771,0.01319343177601695
97,1.2393028736114502,9.05006217956543,0.6593697667121887,0.5542894601821899,0.5375773310661316,1.062261700630188,0.5683563947677612,0.9016897082328796,0.9354838728904724,0.7061890363693237,0.004749034997075796,0.013210861943662167
98,1.2392942905426025,9.070390701293945,0.6603541374206543,0.5539806485176086,0.5375651121139526,1.0622414350509644,0.5683563947677612,0.9016897082328796,0.9354838728904724,0.7061959505081177,0.004773843567818403,0.013408280909061432
99,1.2392864227294922,9.0902738571167,0.6613432765007019,0.5537265539169312,0.5375552773475647,1.0622224807739258,0.5683563947677612,0.900153636932373,0.9354838728904724,0.7062023878097534,0.00478743389248848,0.013431459665298462
100,1.2392791509628296,9.109674453735352,0.6623485088348389,0.5535618662834167,0.5375460386276245,1.062206745147705,0.5683563947677612,0.900153636932373,0.9354838728904724,0.7062085866928101,0.004746795166283846,0.013219881802797318
101,1.239272117614746,9.128570556640625,0.6633771657943726,0.5535088181495667,0.5375373959541321,1.0621938705444336,0.5668202638626099,0.900153636932373,0.9354838728904724,0.7062143683433533,0.004769765306264162,0.013265862129628658
102,1.2392656803131104,9.146958351135254,0.6644322276115417,0.5535767078399658,0.5375292897224426,1.0621850490570068,0.5668202638626099,0.900153636932373,0.9354838728904724,0.706220269203186,0.004734835121780634,0.013182182796299458
103,1.2392592430114746,9.164847373962402,0.6655125021934509,0.5537616014480591,0.5375221371650696,1.0621799230575562,0.5683563947677612,0.900153636932373,0.9354838728904724,0.7062263488769531,0.004784695338457823,0.013270092196762562
104,1.2392528057098389,9.182267189025879,0.666612982749939,0.5540478229522705,0.5375157594680786,1.062178373336792,0.5652841925621033,0.900153636932373,0.9354838728904724,0.7062325477600098,0.004768574610352516,0.01342224096879363
105,1.2392464876174927,9.199251174926758,0.6677259206771851,0.5544105768203735,0.5375101566314697,1.062179684638977,0.5652841925621033,0.900153636932373,0.9354838728904724,0.7062389254570007,0.004751363769173622,0.013192092068493366
106,1.2392404079437256,9.21584701538086,0.6688413023948669,0.5548192262649536,0.5375052094459534,1.0621832609176636,0.5652841925621033,0.900153636932373,0.9354838728904724,0.7062456011772156,0.0047706239856779575,0.013219002168625593
107,1.2392345666885376,9.232101440429688,0.6699485778808594,0.5552406311035156,0.5375009179115295,1.0621883869171143,0.5652841925621033,0.900153636932373,0.9354838728904724,0.7062524557113647,0.0047854348085820675,0.013266891706734896
108,1.2392289638519287,9.248058319091797,0.6710375547409058,0.55564284324646,0.5374971032142639,1.0621932744979858,0.5668202638626099,0.900153636932373,0.9354838728904724,0.7062593102455139,0.004760975018143654,0.013220661785453558
109,1.239223837852478,9.263760566711426,0.6720992922782898,0.5559985637664795,0.5374937057495117,1.062198281288147,0.5652841925621033,0.900153636932373,0.9354838728904724,0.706266462802887,0.004761905409395695,0.013235152233392
110,1.239219069480896,9.279237747192383,0.6731269955635071,0.5562871694564819,0.5374906063079834,1.0622020959854126,0.5652841925621033,0.900153636932373,0.9354838728904724,0.7062734961509705,0.004745824728161097,0.013201661873608828
111,1.2392144203186035,9.294510841369629,0.6741164326667786,0.5564965605735779,0.5374879837036133,1.062204122543335,0.5652841925621033,0.900153636932373,0.9354838728904724,0.7062808871269226,0.004774974659085274,0.01324777165427804
112,1.2392101287841797,9.309593200683594,0.6750662922859192,0.5566238164901733,0.5374854803085327,1.0622042417526245,0.5652841925621033,0.900153636932373,0.9354838728904724,0.7062880396842957,0.004826603922992945,0.013421740848571062
113,1.2392057180404663,9.324481964111328,0.6759777069091797,0.5566742420196533,0.537483274936676,1.062203049659729,0.5652841925621033,0.900153636932373,0.9354838728904724,0.7062955498695374,0.004775114823132753,0.013401900883764029
114,1.2392011880874634,9.339170455932617,0.6768541932106018,0.5566607117652893,0.5374811291694641,1.0622003078460693,0.5652841925621033,0.900153636932373,0.9354838728904724,0.7063031792640686,0.004739484749734402,0.013227662071585655
115,1.2391968965530396,9.353644371032715,0.6777009963989258,0.5566014051437378,0.5374792218208313,1.0621968507766724,0.5652841925621033,0.900153636932373,0.9354838728904724,0.7063107490539551,0.004769055172801018,0.013221563305705786
116,1.239193081855774,9.367884635925293,0.6785241365432739,0.5565175414085388,0.537477433681488,1.0621933937072754,0.5652841925621033,0.900153636932373,0.9354838728904724,0.7063185572624207,0.004791025072336197,0.013263292144984007
117,1.2391891479492188,9.381872177124023,0.6793299317359924,0.5564306974411011,0.5374758243560791,1.0621901750564575,0.5668202638626099,0.900153636932373,0.9354838728904724,0.7063264846801758,0.004779775161296129,0.013240601867437363
118,1.2391858100891113,9.395591735839844,0.6801242232322693,0.5563607811927795,0.5374742746353149,1.0621882677078247,0.5668202638626099,0.900153636932373,0.9354838728904724,0.7063347101211548,0.0047716437838971615,0.013261121697723866
119,1.2391822338104248,9.409029960632324,0.6809116005897522,0.556323766708374,0.5374726057052612,1.0621871948242188,0.5668202638626099,0.900153636932373,0.9354838728904724,0.7063426375389099,0.004780475050210953,0.01328098215162754
120,1.2391787767410278,9.422181129455566,0.681695282459259,0.5563303232192993,0.5374712944030762,1.0621880292892456,0.5668202638626099,0.900153636932373,0.9354838728904724,0.7063511610031128,0.004952534101903439,0.013599710073322058
121,1.2391756772994995,9.435046195983887,0.6824765205383301,0.5563852787017822,0.5374698638916016,1.062190294265747,0.5668202638626099,0.900153636932373,0.9354838728904724,0.7063593864440918,0.004761835094541311,0.01318370271474123
122,1.2391729354858398,9.447632789611816,0.6832550168037415,0.5564876198768616,0.5374683737754822,1.062193751335144,0.5668202638626099,0.900153636932373,0.9354838728904724,0.7063674926757812,0.004757795017212629,0.013264012057334185
123,1.239169716835022,9.459955215454102,0.6840288639068604,0.5566310882568359,0.5374669432640076,1.062198281288147,0.5652841925621033,0.900153636932373,0.9354838728904724,0.7063754200935364,0.004812334198504686,0.013246612157672644
124,1.2391668558120728,9.472030639648438,0.6847949624061584,0.5568050146102905,0.537465512752533,1.0622038841247559,0.5652841925621033,0.900153636932373,0.9354838728904724,0.706383228302002,0.004771475214511156,0.01320285303518176
125,1.239163875579834,9.483879089355469,0.6855494976043701,0.55699622631073,0.5374640226364136,1.0622097253799438,0.5637480616569519,0.900153636932373,0.9354838728904724,0.7063906788825989,0.004993482958525419,0.013443939853459597
126,1.2391613721847534,9.495523452758789,0.6862884759902954,0.5571910738945007,0.5374622941017151,1.0622148513793945,0.5637480616569519,0.900153636932373,0.9354838728904724,0.706397533416748,0.004892874043434858,0.013715398963540792
127,1.2391586303710938,9.50698184967041,0.6870080828666687,0.5573761463165283,0.5374608039855957,1.0622198581695557,0.5637480616569519,0.900153636932373,0.9354838728904724,0.7064041495323181,0.004865043796598911,0.013520309701561928
128,1.2391561269760132,9.51827335357666,0.687705397605896,0.5575402975082397,0.5374590158462524,1.0622235536575317,0.5637480616569519,0.900153636932373,0.9354838728904724,0.7064101099967957,0.004752825014293194,0.013223422225564718
129,1.2391538619995117,9.529407501220703,0.6883783936500549,0.557675838470459,0.5374574065208435,1.06222665309906,0.5637480616569519,0.900153636932373,0.9354838728904724,0.7064159512519836,0.004832444712519646,0.01330226194113493
130,1.2391517162322998,9.540395736694336,0.689026415348053,0.5577790141105652,0.5374556183815002,1.0622280836105347,0.5637480616569519,0.900153636932373,0.9354838728904724,0.7064210772514343,0.004762624856084585,0.01319708302617073
131,1.239149570465088,9.551237106323242,0.6896500587463379,0.5578497648239136,0.5374539494514465,1.0622284412384033,0.5637480616569519,0.900153636932373,0.9354838728904724,0.7064259648323059,0.004910544026643038,0.013416591100394726
132,1.2391473054885864,9.561933517456055,0.6902508735656738,0.5578917860984802,0.537452220916748,1.0622273683547974,0.5637480616569519,0.900153636932373,0.9354838728904724,0.7064303755760193,0.004893903154879808,0.013373090885579586
133,1.2391455173492432,9.572477340698242,0.6908316612243652,0.5579118728637695,0.5374504327774048,1.0622260570526123,0.5637480616569519,0.900153636932373,0.9354838728904724,0.7064347267150879,0.004879203625023365,0.013513329904526472
134,1.2391432523727417,9.582860946655273,0.6913954019546509,0.5579182505607605,0.5374488830566406,1.0622243881225586,0.5637480616569519,0.900153636932373,0.9354838728904724,0.7064390182495117,0.0050056129693984985,0.013489109929651022
135,1.2391413450241089,9.593077659606934,0.691945493221283,0.5579203963279724,0.5374473333358765,1.0622222423553467,0.5637480616569519,0.900153636932373,0.9354838728904724,0.7064431309700012,0.004902003798633814,0.013390700798481703
136,1.2391397953033447,9.603116989135742,0.6924853324890137,0.5579268932342529,0.5374459028244019,1.0622209310531616,0.5637480616569519,0.900153636932373,0.9354838728904724,0.7064475417137146,0.004905864130705595,0.013599460013210773
137,1.239138126373291,9.612974166870117,0.6930176615715027,0.5579453706741333,0.5374445915222168,1.0622200965881348,0.5622119903564453,0.900153636932373,0.9354838728904724,0.7064520716667175,0.004896783735603094,0.013376310933381319
138,1.2391362190246582,9.62264347076416,0.6935446858406067,0.5579808354377747,0.537443220615387,1.0622200965881348,0.5622119903564453,0.900153636932373,0.9354838728904724,0.70645672082901,0.004907373804599047,0.013388780876994133
139,1.239134669303894,9.632125854492188,0.6940677762031555,0.5580359101295471,0.5374420881271362,1.0622210502624512,0.5622119903564453,0.900153636932373,0.9354838728904724,0.7064616084098816,0.004820203874260187,0.013304502237588167
140,1.2391330003738403,9.641422271728516,0.6945872902870178,0.5581104755401611,0.5374413132667542,1.0622228384017944,0.5622119903564453,0.900153636932373,0.9354838728904724,0.7064666152000427,0.004764195065945387,0.013527280185371637
141,1.2391318082809448,9.650540351867676,0.6951029896736145,0.5582020282745361,0.5374405980110168,1.0622254610061646,0.5622119903564453,0.900153636932373,0.9354838728904724,0.7064719200134277,0.004777634050697088,0.013225232250988483
142,1.2391301393508911,9.65948486328125,0.6956139802932739,0.5583058595657349,0.5374398231506348,1.0622284412384033,0.5622119903564453,0.900153636932373,0.9354838728904724,0.706477165222168,0.004767644684761763,0.013221371918916702
143,1.239128589630127,9.668267250061035,0.6961188912391663,0.5584163069725037,0.5374392867088318,1.062232494354248,0.5622119903564453,0.900153636932373,0.9354838728904724,0.7064827084541321,0.0047532650642097,0.013207463081926107
144,1.239127278327942,9.676895141601562,0.6966161727905273,0.5585270524024963,0.5374387502670288,1.0622360706329346,0.5622119903564453,0.900153636932373,0.9354838728904724,0.7064881324768066,0.004782523959875107,0.01339609082788229
145,1.239126205444336,9.685379981994629,0.6971043348312378,0.5586322546005249,0.5374400615692139,1.0622400045394897,0.5622119903564453,0.900153636932373,0.9354838728904724,0.7064936757087708,0.004784235265105963,0.013241892214864492
146,1.2391247749328613,9.693727493286133,0.6975821852684021,0.5587270259857178,0.5374417304992676,1.062242865562439,0.5622119903564453,0.900153636932373,0.9354838728904724,0.7064986824989319,0.004744905047118664,0.013194662984460592
147,1.2391234636306763,9.701946258544922,0.6980488300323486,0.5588079690933228,0.5374435782432556,1.0622459650039673,0.5622119903564453,0.900153636932373,0.9354838728904724,0.7065039277076721,0.005168301053345203,0.013598069082945585
148,1.2391222715377808,9.710040092468262,0.6985040307044983,0.5588734745979309,0.5374454855918884,1.0622485876083374,0.5622119903564453,0.900153636932373,0.9354838728904724,0.7065090537071228,0.00475327530875802,0.013235262129455805
149,1.2391211986541748,9.718011856079102,0.6989477872848511,0.5589239001274109,0.537446916103363,1.0622502565383911,0.5622119903564453,0.900153636932373,0.9354838728904724,0.7065136432647705,0.004749445244669914,0.013219633139669895
150,1.2391201257705688,9.725861549377441,0.6993809938430786,0.5589612722396851,0.5374484658241272,1.062251329421997,0.5622119903564453,0.900153636932373,0.9354838728904724,0.706518292427063,0.004760974086821079,0.013245052192360163
151,1.239119291305542,9.733590126037598,0.6998045444488525,0.5589888095855713,0.5374500155448914,1.0622525215148926,0.5622119903564453,0.8986175060272217,0.9354838728904724,0.7065227031707764,0.0047418647445738316,0.013178831897675991
152,1.2391180992126465,9.741192817687988,0.7002196311950684,0.5590105652809143,0.5374515652656555,1.062253475189209,0.5622119903564453,0.8986175060272217,0.9354838728904724,0.7065269947052002,0.0048095849342644215,0.013253552373498678
153,1.23911714553833,9.74867057800293,0.7006275057792664,0.5590307712554932,0.537452757358551,1.0622535943984985,0.5622119903564453,0.8986175060272217,0.9354838728904724,0.7065309286117554,0.004760684911161661,0.013245303183794022
154,1.2391161918640137,9.756020545959473,0.7010293006896973,0.559053361415863,0.5374540090560913,1.0622539520263672,0.5622119903564453,0.8986175060272217,0.9354838728904724,0.7065348029136658,0.004765863995999098,0.013216122053563595
155,1.2391149997711182,9.7632417678833,0.7014259099960327,0.5590812563896179,0.5374552607536316,1.0622546672821045,0.5622119903564453,0.8986175060272217,0.9354838728904724,0.7065386176109314,0.0047839246690273285,0.013238231651484966
156,1.2391142845153809,9.77033519744873,0.7018179893493652,0.5591167211532593,0.5374565720558167,1.0622555017471313,0.5622119903564453,0.8986175060272217,0.9354838728904724,0.7065423727035522,0.004789483733475208,0.013219961896538734
157,1.2391133308410645,9.777301788330078,0.7022057771682739,0.5591605305671692,0.5374578833580017,1.0622564554214478,0.5622119903564453,0.8986175060272217,0.9354838728904724,0.7065460085868835,0.004860743880271912,0.01333701191470027
158,1.2391126155853271,9.784144401550293,0.7025889754295349,0.559212327003479,0.5374590754508972,1.0622577667236328,0.5622119903564453,0.8986175060272217,0.9354838728904724,0.7065495848655701,0.0047609549947083,0.013225132133811712
159,1.2391119003295898,9.790867805480957,0.7029672265052795,0.5592705607414246,0.537460207939148,1.0622590780258179,0.5622119903564453,0.8986175060272217,0.9354838728904724,0.7065532803535461,0.004754534922540188,0.013406571000814438
160,1.239111065864563,9.797475814819336,0.7033399343490601,0.5593332052230835,0.5374612212181091,1.062260389328003,0.5622119903564453,0.8986175060272217,0.9354838728904724,0.7065566182136536,0.004878563806414604,0.013340752106159925
161,1.2391103506088257,9.803975105285645,0.7037060856819153,0.5593973398208618,0.5374625325202942,1.0622620582580566,0.5622119903564453,0.8986175060272217,0.9354838728904724,0.7065601348876953,0.00486454414203763,0.013299461919814348
162,1.2391096353530884,9.810370445251465,0.7040651440620422,0.5594603419303894,0.5374636054039001,1.0622637271881104,0.5622119903564453,0.8986175060272217,0.9354838728904724,0.7065637111663818,0.004863684065639973,0.013511999975889921
163,1.239108920097351,9.816664695739746,0.7044163942337036,0.5595197677612305,0.5374645590782166,1.0622652769088745,0.5622119903564453,0.8986175060272217,0.9354838728904724,0.7065671682357788,0.004756085108965635,0.0133923408575356
164,1.2391084432601929,9.82286548614502,0.7047592997550964,0.5595738291740417,0.5374657511711121,1.0622669458389282,0.5622119903564453,0.8986175060272217,0.9354838728904724,0.7065707445144653,0.004763685166835785,0.01318477327004075
165,1.239107608795166,9.828971862792969,0.7050936818122864,0.5596215128898621,0.537466824054718,1.0622681379318237,0.5622119903564453,0.8986175060272217,0.9354838728904724,0.7065741419792175,0.004765935242176056,0.01320663234218955
166,1.2391067743301392,9.834988594055176,0.7054194808006287,0.5596624612808228,0.537467896938324,1.0622692108154297,0.5622119903564453,0.8986175060272217,0.9354838728904724,0.706577479839325,0.004880254156887531,0.013364291749894619
167,1.239106297492981,9.84091567993164,0.7057371139526367,0.5596973299980164,0.5374687910079956,1.0622702836990356,0.5622119903564453,0.8986175060272217,0.9354838728904724,0.7065809369087219,0.004895683843642473,0.013375991024076939
168,1.2391057014465332,9.846753120422363,0.7060470581054688,0.5597274899482727,0.5374698042869568,1.062270998954773,0.5622119903564453,0.900153636932373,0.9354838728904724,0.7065842747688293,0.004791285376995802,0.013251662254333496
169,1.239104986190796,9.852500915527344,0.7063498497009277,0.5597545504570007,0.5374706387519836,1.0622718334197998,0.5622119903564453,0.900153636932373,0.9354838728904724,0.7065874934196472,0.00476944399997592,0.013271532021462917
170,1.2391045093536377,9.858159065246582,0.7066462635993958,0.5597802996635437,0.5374715924263,1.0622726678848267,0.5622119903564453,0.900153636932373,0.9354838728904724,0.7065907716751099,0.0047582839615643024,0.013245872221887112
171,1.2391040325164795,9.863726615905762,0.7069369554519653,0.5598065853118896,0.5374724864959717,1.062273621559143,0.5622119903564453,0.900153636932373,0.9354838728904724,0.7065941095352173,0.004769165068864822,0.013223182875663042
172,1.2391037940979004,9.869202613830566,0.7072225213050842,0.5598350167274475,0.5374734401702881,1.0622745752334595,0.5622119903564453,0.900153636932373,0.9354838728904724,0.7065973877906799,0.004728754982352257,0.01317649194970727
173,1.2391029596328735,9.874588966369629,0.7075033783912659,0.5598664283752441,0.5374742746353149,1.0622755289077759,0.560675859451294,0.900153636932373,0.9354838728904724,0.706600546836853,0.0047585852444171906,0.013214192353188992
174,1.2391026020050049,9.87988567352295,0.7077798843383789,0.559901237487793,0.5374751091003418,1.0622769594192505,0.560675859451294,0.900153636932373,0.9354838728904724,0.7066037654876709,0.0047496650367975235,0.013208352029323578
175,1.2391022443771362,9.885095596313477,0.7080519795417786,0.5599392652511597,0.5374758839607239,1.062278151512146,0.560675859451294,0.900153636932373,0.9354838728904724,0.706606924533844,0.004840373992919922,0.013286262284964323
176,1.239101767539978,9.890218734741211,0.7083198428153992,0.5599799156188965,0.537476658821106,1.0622793436050415,0.560675859451294,0.900153636932373,0.9354838728904724,0.7066099643707275,0.004778124857693911,0.013279841747134924
177,1.2391011714935303,9.895257949829102,0.7085832357406616,0.5600221157073975,0.537477433681488,1.0622810125350952,0.560675859451294,0.900153636932373,0.9354838728904724,0.7066130638122559,0.004783353768289089,0.013217362109571695
178,1.239100694656372,9.90021800994873,0.7088419795036316,0.5600645542144775,0.5374780893325806,1.0622823238372803,0.560675859451294,0.900153636932373,0.9354838728904724,0.7066158652305603,0.0047389548271894455,0.013553869910538197
179,1.239100456237793,9.905098915100098,0.7090957760810852,0.560106098651886,0.5374787449836731,1.0622832775115967,0.560675859451294,0.900153636932373,0.9354838728904724,0.70661860704422,0.004748684819787741,0.01321937283501029
180,1.2390999794006348,9.909905433654785,0.7093445062637329,0.5601456165313721,0.5374793410301208,1.0622845888137817,0.560675859451294,0.900153636932373,0.9354838728904724,0.7066213488578796,0.004756525158882141,0.013184103183448315
181,1.2390995025634766,9.91463851928711,0.7095881104469299,0.5601823925971985,0.5374799370765686,1.0622855424880981,0.560675859451294,0.900153636932373,0.9354838728904724,0.7066240906715393,0.004979712888598442,0.01344568096101284
182,1.2390992641448975,9.919299125671387,0.7098265886306763,0.560215950012207,0.5374805927276611,1.062286615371704,0.560675859451294,0.900153636932373,0.9354838728904724,0.7066267728805542,0.004778274800628424,0.013239792082458735
183,1.2390987873077393,9.92388916015625,0.7100600600242615,0.5602464079856873,0.5374811887741089,1.0622875690460205,0.560675859451294,0.900153636932373,0.9354838728904724,0.7066293954849243,0.004751414991915226,0.013177323155105114
184,1.2390985488891602,9.928410530090332,0.7102887630462646,0.5602741241455078,0.5374816060066223,1.0622882843017578,0.560675859451294,0.900153636932373,0.9354838728904724,0.7066319584846497,0.0047690547071397305,0.01322277169674635
185,1.239098310470581,9.932861328125,0.7105129361152649,0.5602996945381165,0.5374821424484253,1.0622888803482056,0.560675859451294,0.900153636932373,0.9354838728904724,0.7066343426704407,0.00488752406090498,0.013343351893126965
186,1.2390975952148438,9.937243461608887,0.7107329964637756,0.56032395362854,0.5374826788902283,1.0622894763946533,0.560675859451294,0.900153636932373,0.9354838728904724,0.7066367864608765,0.004864464048296213,0.01328180218115449
187,1.2390975952148438,9.941557884216309,0.7109493613243103,0.5603477358818054,0.5374831557273865,1.0622901916503906,0.560675859451294,0.900153636932373,0.9354838728904724,0.7066391706466675,0.004875384271144867,0.013337611220777035
188,1.2390973567962646,9.945801734924316,0.7111621499061584,0.5603719353675842,0.5374836921691895,1.0622907876968384,0.560675859451294,0.900153636932373,0.9354838728904724,0.706641674041748,0.004890004172921181,0.013492551166564226
189,1.2390968799591064,9.949978828430176,0.711371898651123,0.5603969693183899,0.5374840497970581,1.0622915029525757,0.5591397881507874,0.900153636932373,0.9354838728904724,0.7066439986228943,0.004859025124460459,0.013363002333790064
190,1.239096760749817,9.954087257385254,0.7115785479545593,0.5604233741760254,0.5374845862388611,1.062292218208313,0.5591397881507874,0.900153636932373,0.9354838728904724,0.7066463828086853,0.00483524426817894,0.013244051951915026
191,1.2390962839126587,9.958128929138184,0.7117822766304016,0.5604509711265564,0.5374849438667297,1.0622931718826294,0.5591397881507874,0.900153636932373,0.9354838728904724,0.7066487669944763,0.004768514074385166,0.013239261694252491
192,1.2390962839126587,9.962105751037598,0.7119831442832947,0.5604798793792725,0.5374853610992432,1.0622940063476562,0.5591397881507874,0.900153636932373,0.9354838728904724,0.7066510915756226,0.0048706140369176865,0.01336609199643135
193,1.2390958070755005,9.966018676757812,0.7121810913085938,0.560509443283081,0.5374857783317566,1.0622949600219727,0.5591397881507874,0.900153636932373,0.9354838728904724,0.7066534161567688,0.004878954030573368,0.013355911709368229
194,1.23909592628479,9.969868659973145,0.7123759388923645,0.5605394840240479,0.5374863147735596,1.0622960329055786,0.5591397881507874,0.900153636932373,0.9354838728904724,0.706655740737915,0.004867983981966972,0.01335343113169074
195,1.2390952110290527,9.97365951538086,0.7125677466392517,0.5605690479278564,0.537486732006073,1.0622968673706055,0.5591397881507874,0.900153636932373,0.9354838728904724,0.7066580653190613,0.004772704094648361,0.013401350937783718
196,1.2390950918197632,9.977389335632324,0.7127562761306763,0.5605976581573486,0.5374870300292969,1.0622977018356323,0.5591397881507874,0.900153636932373,0.9354838728904724,0.706660270690918,0.004854334052652121,0.013324170839041471
197,1.2390949726104736,9.981061935424805,0.7129415273666382,0.5606250166893005,0.5374873876571655,1.0622985363006592,0.5591397881507874,0.900153636932373,0.9354838728904724,0.7066624164581299,0.004767085425555706,0.013235982041805983
198,1.239094853401184,9.984678268432617,0.7131233811378479,0.5606508851051331,0.5374876856803894,1.062299132347107,0.5591397881507874,0.900153636932373,0.9354838728904724,0.706664502620697,0.004774844739586115,0.013432730920612812
199,1.2390944957733154,9.988239288330078,0.7133020162582397,0.5606751441955566,0.5374881029129028,1.0622999668121338,0.5591397881507874,0.900153636932373,0.9354838728904724,0.7066667079925537,0.004767654929310083,0.013245801907032728
200,1.2390944957733154,9.991744995117188,0.713477373123169,0.5606979131698608,0.5374883413314819,1.062300682067871,0.560675859451294,0.900153636932373,0.9354838728904724,0.7066687941551208,0.00488353380933404,0.013456770684570074
201,1.2390942573547363,9.995196342468262,0.7136496901512146,0.5607195496559143,0.5374886393547058,1.0623011589050293,0.560675859451294,0.900153636932373,0.9354838728904724,0.7066707611083984,0.004875814076513052,0.013323561288416386
202,1.2390938997268677,9.998595237731934,0.7138190269470215,0.5607402324676514,0.5374889373779297,1.0623018741607666,0.560675859451294,0.900153636932373,0.9354838728904724,0.7066727876663208,0.004801885224878788,0.01700949529185891
203,1.2390940189361572,10.00193977355957,0.7139855027198792,0.560760498046875,0.537489116191864,1.0623021125793457,0.560675859451294,0.900153636932373,0.9354838728904724,0.7066746354103088,0.005103191826492548,0.013664278667420149
204,1.239093542098999,10.005232810974121,0.7141493558883667,0.5607805252075195,0.5374893546104431,1.062303066253662,0.560675859451294,0.900153636932373,0.9354838728904724,0.7066766619682312,0.004781994037330151,0.013230322394520044
205,1.23909330368042,10.008472442626953,0.7143105864524841,0.5608007907867432,0.5374895930290222,1.0623034238815308,0.560675859451294,0.900153636932373,0.9354838728904724,0.7066785097122192,0.004950934089720249,0.013554149772971869
206,1.2390931844711304,10.011661529541016,0.7144693732261658,0.5608212947845459,0.5374898910522461,1.062303900718689,0.560675859451294,0.900153636932373,0.9354838728904724,0.7066803574562073,0.004832854028791189,0.013811147771775723
207,1.2390929460525513,10.014800071716309,0.7146257162094116,0.5608421564102173,0.5374900102615356,1.0623043775558472,0.560675859451294,0.900153636932373,0.9354838728904724,0.7066821455955505,0.004802265204489231,0.013236972037702799
208,1.2390930652618408,10.017888069152832,0.7147796750068665,0.5608635544776917,0.5374903678894043,1.062305212020874,0.560675859451294,0.900153636932373,0.9354838728904724,0.7066841125488281,0.005170762073248625,0.013734829146414995
209,1.2390928268432617,10.020927429199219,0.7149312496185303,0.5608851313591003,0.5374904274940491,1.0623056888580322,0.560675859451294,0.900153636932373,0.9354838728904724,0.7066857218742371,0.0048635839484632015,0.013403911143541336
210,1.2390925884246826,10.023918151855469,0.7150804400444031,0.5609067678451538,0.5374906659126282,1.06230628490448,0.560675859451294,0.900153636932373,0.9354838728904724,0.7066875100135803,0.004974013194441795,0.013660938944667578
211,1.239092469215393,10.026862144470215,0.7152271270751953,0.5609281063079834,0.5374906659126282,1.0623068809509277,0.560675859451294,0.900153636932373,0.9354838728904724,0.706689178943634,0.00489283399656415,0.013545769732445478
212,1.239092469215393,10.029760360717773,0.7153713703155518,0.5609490871429443,0.5374908447265625,1.062307357788086,0.560675859451294,0.900153636932373,0.9354838728904724,0.7066909670829773,0.004804543685168028,0.01324837189167738
213,1.239092230796814,10.032613754272461,0.7155130505561829,0.5609694123268127,0.5374908447265625,1.0623079538345337,0.560675859451294,0.900153636932373,0.9354838728904724,0.7066925764083862,0.005232001189142466,0.01370867807418108
214,1.2390921115875244,10.035423278808594,0.7156522870063782,0.5609889626502991,0.5374911427497864,1.062308430671692,0.560675859451294,0.900153636932373,0.9354838728904724,0.7066943049430847,0.004958532750606537,0.013596109114587307
215,1.2390917539596558,10.038188934326172,0.7157890200614929,0.5610076189041138,0.5374912023544312,1.06230890750885,0.560675859451294,0.900153636932373,0.9354838728904724,0.7066959142684937,0.00496844295412302,0.013594049029052258
216,1.2390918731689453,10.040910720825195,0.7159234285354614,0.5610255599021912,0.5374913215637207,1.0623093843460083,0.560675859451294,0.900153636932373,0.9354838728904724,0.7066974639892578,0.004894144367426634,0.01337509136646986
217,1.2390916347503662,10.043591499328613,0.7160554528236389,0.5610427856445312,0.5374913811683655,1.0623098611831665,0.560675859451294,0.900153636932373,0.9354838728904724,0.706699013710022,0.004914604127407074,0.013382571283727884
218,1.239091396331787,10.04623031616211,0.7161851525306702,0.5610595345497131,0.537491500377655,1.0623100996017456,0.560675859451294,0.900153636932373,0.9354838728904724,0.7067006230354309,0.00488663325086236,0.013359921053051949
219,1.2390916347503662,10.048827171325684,0.7163127064704895,0.5610759854316711,0.5374917387962341,1.0623105764389038,0.560675859451294,0.900153636932373,0.9354838728904724,0.7067022323608398,0.0048718941397964954,0.013446080032736063
220,1.239091396331787,10.051383972167969,0.7164382338523865,0.5610922574996948,0.5374916791915894,1.0623109340667725,0.560675859451294,0.900153636932373,0.9354838728904724,0.7067036628723145,0.004872903693467379,0.013342760968953371
221,1.239091157913208,10.053899765014648,0.7165617346763611,0.5611085295677185,0.5374917387962341,1.0623114109039307,0.560675859451294,0.900153636932373,0.9354838728904724,0.7067050933837891,0.004886774346232414,0.013496851082891226
222,1.2390910387039185,10.056375503540039,0.7166832685470581,0.5611248016357422,0.5374917984008789,1.0623118877410889,0.560675859451294,0.900153636932373,0.9354838728904724,0.7067067623138428,0.0048265052028000355,0.013273252174258232
223,1.239090919494629,10.058812141418457,0.7168030142784119,0.5611411929130554,0.5374917387962341,1.0623120069503784,0.560675859451294,0.900153636932373,0.9354838728904724,0.7067080736160278,0.004824304021894932,0.013264231849461794
224,1.239090919494629,10.061209678649902,0.716920793056488,0.5611576437950134,0.5374917984008789,1.0623126029968262,0.560675859451294,0.900153636932373,0.9354838728904724,0.7067095041275024,0.004776613786816597,0.013354991097003222
225,1.2390908002853394,10.063570022583008,0.717036783695221,0.5611740350723267,0.5374917984008789,1.0623130798339844,0.560675859451294,0.900153636932373,0.9354838728904724,0.706710934638977,0.004744584206491709,0.013188022188842297
226,1.2390908002853394,10.06589126586914,0.717150866985321,0.5611903667449951,0.5374918580055237,1.062313437461853,0.560675859451294,0.900153636932373,0.9354838728904724,0.7067123651504517,0.004858815111219883,0.013464541174471378
227,1.2390908002853394,10.068177223205566,0.7172631621360779,0.5612064599990845,0.5374918580055237,1.0623137950897217,0.560675859451294,0.900153636932373,0.9354838728904724,0.7067136764526367,0.004875244107097387,0.013311762362718582
228,1.2390906810760498,10.070426940917969,0.7173736095428467,0.5612223148345947,0.5374917387962341,1.0623140335083008,0.560675859451294,0.900153636932373,0.9354838728904724,0.706714928150177,0.00483771413564682,0.013286211993545294
229,1.2390903234481812,10.072641372680664,0.7174820899963379,0.561237633228302,0.5374917984008789,1.062314510345459,0.560675859451294,0.900153636932373,0.9354838728904724,0.7067163586616516,0.004807044751942158,0.013443151023238897
230,1.2390905618667603,10.074820518493652,0.7175888419151306,0.5612525939941406,0.5374917387962341,1.0623148679733276,0.560675859451294,0.900153636932373,0.9354838728904724,0.7067174911499023,0.004770215135067701,0.013440181035548449
231,1.2390903234481812,10.07696533203125,0.7176937460899353,0.5612669587135315,0.5374916195869446,1.0623152256011963,0.560675859451294,0.900153636932373,0.9354838728904724,0.7067188024520874,0.004883024375885725,0.013587858993560076
232,1.239090085029602,10.079076766967773,0.7177968621253967,0.5612808465957642,0.5374917387962341,1.062315583229065,0.560675859451294,0.900153636932373,0.9354838728904724,0.706720232963562,0.005023993086069822,0.01352128991857171
233,1.2390902042388916,10.081154823303223,0.7178981900215149,0.5612943172454834,0.5374916195869446,1.062315821647644,0.560675859451294,0.900153636932373,0.9354838728904724,0.7067213654518127,0.0048685139045119286,0.013294502161443233
234,1.2390903234481812,10.083200454711914,0.7179978489875793,0.5613075494766235,0.5374914407730103,1.062315821647644,0.560675859451294,0.900153636932373,0.9354838728904724,0.7067223787307739,0.004876723978668451,0.013346281368285418
235,1.2390902042388916,10.085212707519531,0.7180960178375244,0.5613206624984741,0.5374914407730103,1.0623160600662231,0.560675859451294,0.900153636932373,0.9354838728904724,0.7067236304283142,0.0049478537403047085,0.013571389950811863
236,1.2390899658203125,10.087193489074707,0.7181925177574158,0.5613335371017456,0.5374913215637207,1.0623164176940918,0.560675859451294,0.900153636932373,0.9354838728904724,0.7067248225212097,0.004896313883364201,0.013318341691046953
237,1.2390899658203125,10.089142799377441,0.718287467956543,0.5613462924957275,0.5374912023544312,1.062316656112671,0.560675859451294,0.900153636932373,0.9354838728904724,0.7067259550094604,0.004897763021290302,0.013365320861339569
238,1.239089846611023,10.091060638427734,0.7183809876441956,0.5613589882850647,0.5374912619590759,1.062317132949829,0.560675859451294,0.900153636932373,0.9354838728904724,0.706727147102356,0.004870654083788395,0.013697968795895576
239,1.2390899658203125,10.092947959899902,0.7184730768203735,0.5613716840744019,0.5374911427497864,1.0623173713684082,0.560675859451294,0.900153636932373,0.9354838728904724,0.7067282795906067,0.0049542030319571495,0.013618109282106161
240,1.2390899658203125,10.094804763793945,0.7185636162757874,0.561384379863739,0.5374911427497864,1.0623177289962769,0.560675859451294,0.900153636932373,0.9354838728904724,0.7067294120788574,0.0048760841600596905,0.013327271211892366
241,1.2390897274017334,10.09663200378418,0.7186527848243713,0.5613969564437866,0.5374909043312073,1.0623176097869873,0.560675859451294,0.900153636932373,0.9354838728904724,0.706730306148529,0.004894272889941931,0.013369841035455465
242,1.2390896081924438,10.098429679870605,0.7187405228614807,0.5614093542098999,0.537490725517273,1.062317967414856,0.560675859451294,0.900153636932373,0.9354838728904724,0.706731379032135,0.004878274165093899,0.013330212328583002
243,1.2390896081924438,10.100198745727539,0.7188267707824707,0.5614215135574341,0.5374906063079834,1.0623184442520142,0.560675859451294,0.900153636932373,0.9354838728904724,0.7067326307296753,0.004869723692536354,0.013350840657949448
244,1.2390896081924438,10.101940155029297,0.7189116477966309,0.5614333748817444,0.5374905467033386,1.0623183250427246,0.560675859451294,0.900153636932373,0.9354838728904724,0.7067334651947021,0.004891343880444765,0.013366841245442629
245,1.2390896081924438,10.103653907775879,0.7189951539039612,0.5614449977874756,0.5374903678894043,1.0623184442520142,0.560675859451294,0.900153636932373,0.9354838728904724,0.7067345380783081,0.005024283193051815,0.013690449297428131
246,1.2390896081924438,10.105340003967285,0.7190771698951721,0.5614563822746277,0.5374902486801147,1.0623189210891724,0.5622119903564453,0.900153636932373,0.9354838728904724,0.7067356109619141,0.004876833874732256,0.01332703186199069
247,1.2390894889831543,10.106999397277832,0.719157874584198,0.5614675283432007,0.5374901294708252,1.062319040298462,0.5622119903564453,0.900153636932373,0.9354838728904724,0.7067365050315857,0.004996092990040779,0.013693207874894142
248,1.2390896081924438,10.10863208770752,0.719237208366394,0.5614783763885498,0.5374899506568909,1.062319040298462,0.5622119903564453,0.900153636932373,0.9354838728904724,0.7067373991012573,0.0049438029527664185,0.013574938755482435
249,1.2390892505645752,10.110239028930664,0.719315230846405,0.5614889860153198,0.5374897718429565,1.062319040298462,0.5622119903564453,0.900153636932373,0.9354838728904724,0.7067383527755737,0.004879724234342575,0.01334883226081729
250,1.2390892505645752,10.111820220947266,0.7193920016288757,0.561499297618866,0.537489652633667,1.062319278717041,0.5622119903564453,0.900153636932373,0.9354838728904724,0.7067393064498901,0.0049704741686582565,0.013436311390250921
251,1.239089012145996,10.11337661743164,0.7194674015045166,0.5615093111991882,0.5374894738197327,1.0623197555541992,0.5622119903564453,0.900153636932373,0.9354838728904724,0.7067402601242065,0.005078602582216263,0.01355319982394576
252,1.2390892505645752,10.114907264709473,0.7195416688919067,0.561519205570221,0.5374892950057983,1.0623197555541992,0.5622119903564453,0.900153636932373,0.9354838728904724,0.7067410945892334,0.005043912213295698,0.013706139288842678
253,1.2390892505645752,10.116413116455078,0.7196147441864014,0.5615290403366089,0.5374891757965088,1.0623199939727783,0.5622119903564453,0.900153636932373,0.9354838728904724,0.7067421078681946,0.004882902838289738,0.013373280875384808
254,1.2390891313552856,10.117895126342773,0.7196866273880005,0.561538815498352,0.5374888777732849,1.0623199939727783,0.5622119903564453,0.900153636932373,0.9354838728904724,0.7067428827285767,0.004916002973914146,0.013377030845731497
255,1.2390891313552856,10.119352340698242,0.7197574973106384,0.5615485906600952,0.5374888777732849,1.0623202323913574,0.5622119903564453,0.900153636932373,0.9354838728904724,0.7067437767982483,0.004872133955359459,0.013338321819901466
256,1.239089012145996,10.120786666870117,0.7198271155357361,0.5615583062171936,0.5374886989593506,1.0623204708099365,0.5622119903564453,0.900153636932373,0.9354838728904724,0.7067446708679199,0.00489105423912406,0.013391881249845028
257,1.239089012145996,10.122198104858398,0.7198957800865173,0.5615678429603577,0.5374884605407715,1.062320590019226,0.5622119903564453,0.900153636932373,0.9354838728904724,0.7067455053329468,0.004926184192299843,0.013406201265752316
258,1.2390888929367065,10.12358570098877,0.7199631929397583,0.5615772604942322,0.5374882221221924,1.0623204708099365,0.5622119903564453,0.900153636932373,0.9354838728904724,0.7067462801933289,0.004895394202321768,0.013374981004744768
259,1.239089012145996,10.124951362609863,0.7200296521186829,0.5615866184234619,0.5374881029129028,1.062320590019226,0.5622119903564453,0.900153636932373,0.9354838728904724,0.7067470550537109,0.0048852539621293545,0.013347622007131577
260,1.239089012145996,10.12629508972168,0.7200949788093567,0.5615957975387573,0.5374878644943237,1.0623207092285156,0.5622119903564453,0.900153636932373,0.9354838728904724,0.706747829914093,0.004889743868261576,0.013412881176918745
261,1.2390888929367065,10.127616882324219,0.7201592326164246,0.5616047978401184,0.5374875664710999,1.062320590019226,0.5622119903564453,0.900153636932373,0.9354838728904724,0.7067485451698303,0.004887273069471121,0.013359150849282742
262,1.2390886545181274,10.128918647766113,0.7202224135398865,0.5616135001182556,0.5374874472618103,1.0623208284378052,0.5622119903564453,0.900153636932373,0.9354838728904724,0.7067492008209229,0.0049043940380215645,0.013381100725382566
263,1.239089012145996,10.130197525024414,0.7202845811843872,0.5616220831871033,0.5374871492385864,1.0623209476470947,0.5622119903564453,0.900153636932373,0.9354838728904724,0.7067500352859497,0.004892094060778618,0.013341342099010944
264,1.2390888929367065,10.131455421447754,0.7203457355499268,0.5616304874420166,0.5374869108200073,1.0623209476470947,0.5622119903564453,0.900153636932373,0.9354838728904724,0.7067506909370422,0.004879153333604336,0.013447740115225315
265,1.2390888929367065,10.132694244384766,0.7204057574272156,0.5616387724876404,0.5374867916107178,1.0623210668563843,0.5622119903564453,0.900153636932373,0.9354838728904724,0.7067515254020691,0.004978903103619814,0.013460030313581228
266,1.239088773727417,10.133912086486816,0.7204649448394775,0.5616468191146851,0.5374864935874939,1.0623210668563843,0.5622119903564453,0.900153636932373,0.9354838728904724,0.7067522406578064,0.0048780739307403564,0.013477791100740433
267,1.239088773727417,10.135110855102539,0.7205230593681335,0.5616546869277954,0.5374862551689148,1.0623211860656738,0.5622119903564453,0.900153636932373,0.9354838728904724,0.7067528963088989,0.005067851860076189,0.013527529779821634
268,1.239088773727417,10.136289596557617,0.7205802798271179,0.5616625547409058,0.5374860763549805,1.0623213052749634,0.5622119903564453,0.900153636932373,0.9354838728904724,0.7067536115646362,0.004884274210780859,0.013337592128664255
269,1.239088773727417,10.137449264526367,0.7206366062164307,0.561670184135437,0.5374857783317566,1.062321424484253,0.5622119903564453,0.900153636932373,0.9354838728904724,0.7067543268203735,0.004967614077031612,0.013574769720435143
270,1.239088535308838,10.138590812683105,0.7206920981407166,0.5616777539253235,0.537485659122467,1.0623215436935425,0.5622119903564453,0.900153636932373,0.9354838728904724,0.7067549824714661,0.00490084383636713,0.0133569510653615
271,1.239088773727417,10.1397123336792,0.7207465767860413,0.5616852641105652,0.5374852418899536,1.0623213052749634,0.5622119903564453,0.900153636932373,0.9354838728904724,0.7067554593086243,0.004961204249411821,0.013671488966792822
272,1.239088535308838,10.140815734863281,0.7208002209663391,0.5616925954818726,0.5374851822853088,1.0623215436935425,0.5622119903564453,0.900153636932373,0.9354838728904724,0.7067561745643616,0.005032991990447044,0.013794918078929186
273,1.2390884160995483,10.141901969909668,0.7208529710769653,0.5616998076438904,0.537484884262085,1.0623215436935425,0.5622119903564453,0.900153636932373,0.9354838728904724,0.7067568302154541,0.005055801942944527,0.013743687886744738
274,1.239088535308838,10.142969131469727,0.7209048271179199,0.5617067813873291,0.5374846458435059,1.0623215436935425,0.5622119903564453,0.9016897082328796,0.9354838728904724,0.7067574262619019,0.004881093744188547,0.013916316907852888
275,1.239088535308838,10.144020080566406,0.7209559082984924,0.561713695526123,0.5374844074249268,1.0623215436935425,0.5622119903564453,0.9016897082328796,0.9354838728904724,0.7067580819129944,0.0050051333382725716,0.013502630405128002
276,1.2390886545181274,10.145052909851074,0.7210062146186829,0.5617205500602722,0.5374841094017029,1.0623215436935425,0.5622119903564453,0.9016897082328796,0.9354838728904724,0.7067586183547974,0.005611997563391924,0.014467652887105942
277,1.239088535308838,10.146069526672363,0.7210556864738464,0.5617273449897766,0.537483811378479,1.0623215436935425,0.5622119903564453,0.9016897082328796,0.9354838728904724,0.7067592144012451,0.0049053337424993515,0.01359883975237608
278,1.239088773727417,10.14706802368164,0.7211043238639832,0.561734139919281,0.5374835729598999,1.0623215436935425,0.5622119903564453,0.9016897082328796,0.9354838728904724,0.7067598104476929,0.0048658838495612144,0.013297570869326591
279,1.239088535308838,10.148051261901855,0.7211522459983826,0.5617408752441406,0.5374833345413208,1.0623215436935425,0.5622119903564453,0.9016897082328796,0.9354838728904724,0.7067603468894958,0.005018983036279678,0.01350229000672698
280,1.239088535308838,10.149018287658691,0.7211993336677551,0.5617474317550659,0.5374830961227417,1.0623215436935425,0.5622119903564453,0.9016897082328796,0.9354838728904724,0.7067608833312988,0.0048472341150045395,0.013309770729392767
281,1.2390884160995483,10.149969100952148,0.7212456464767456,0.5617537498474121,0.5374829173088074,1.062321662902832,0.5622119903564453,0.9016897082328796,0.9354838728904724,0.7067614793777466,0.004858225118368864,0.01332012191414833
282,1.2390882968902588,10.150903701782227,0.7212912440299988,0.5617600083351135,0.5374826192855835,1.062321662902832,0.5622119903564453,0.9016897082328796,0.9354838728904724,0.7067620158195496,0.004858253989368677,0.013319012243300676
283,1.2390886545181274,10.151823997497559,0.7213359475135803,0.5617661476135254,0.5374823212623596,1.0623215436935425,0.5622119903564453,0.9016897082328796,0.9354838728904724,0.706762433052063,0.004861324094235897,0.013322261162102222
284,1.239088535308838,10.152729034423828,0.7213799357414246,0.5617721080780029,0.5374821424484253,1.062321662902832,0.5622119903564453,0.9016897082328796,0.9354838728904724,0.7067630290985107,0.004940803162753582,0.013448810204863548
285,1.2390884160995483,10.153618812561035,0.7214232087135315,0.5617780685424805,0.5374819040298462,1.062321662902832,0.5622119903564453,0.9016897082328796,0.9354838728904724,0.7067636251449585,0.004840595182031393,0.013302422128617764
286,1.239088535308838,10.154494285583496,0.7214658260345459,0.5617838501930237,0.5374815464019775,1.0623215436935425,0.5622119903564453,0.9016897082328796,0.9354838728904724,0.7067639231681824,0.004923402797430754,0.013637509196996689
287,1.239088535308838,10.155355453491211,0.7215076088905334,0.5617896318435669,0.5374811887741089,1.0623215436935425,0.5622119903564453,0.9016897082328796,0.9354838728904724,0.7067644000053406,0.0048361048102378845,0.013299891725182533
288,1.239088535308838,10.15620231628418,0.7215486764907837,0.5617953538894653,0.5374810099601746,1.0623215436935425,0.5622119903564453,0.9016897082328796,0.9354838728904724,0.7067649364471436,0.0049474528059363365,0.013585910201072693
289,1.239088535308838,10.157034873962402,0.7215890884399414,0.5618010759353638,0.5374807715415955,1.062321662902832,0.5622119903564453,0.9016897082328796,0.9354838728904724,0.7067654728889465,0.004861223977059126,0.013322110753506422
290,1.239088535308838,10.157854080200195,0.7216289043426514,0.5618066787719727,0.5374804735183716,1.0623215436935425,0.5622119903564453,0.9016897082328796,0.9354838728904724,0.70676589012146,0.005284801125526428,0.014023556839674711
291,1.239088535308838,10.158659934997559,0.7216678857803345,0.561812162399292,0.5374802947044373,1.0623215436935425,0.5622119903564453,0.9016897082328796,0.9354838728904724,0.7067663669586182,0.004986622836440802,0.01354419905692339
292,1.239088535308838,10.159451484680176,0.7217062711715698,0.5618175268173218,0.5374800562858582,1.062321662902832,0.5622119903564453,0.9016897082328796,0.9354838728904724,0.7067668437957764,0.005009152926504612,0.01372247887775302
293,1.239088535308838,10.16023063659668,0.7217440009117126,0.561822772026062,0.537479817867279,1.0623215436935425,0.5622119903564453,0.9016897082328796,0.9354838728904724,0.7067673206329346,0.005093822255730629,0.013554220087826252
294,1.239088535308838,10.160996437072754,0.7217811346054077,0.5618279576301575,0.5374794602394104,1.0623215436935425,0.5622119903564453,0.9016897082328796,0.9354838728904724,0.7067676782608032,0.005044753197580576,0.013633999042212963
295,1.2390882968902588,10.161749839782715,0.7218176126480103,0.561832845211029,0.5374792814254761,1.0623215436935425,0.5622119903564453,0.9016897082328796,0.9354838728904724,0.7067681550979614,0.004795774817466736,0.013285001739859581
296,1.239088535308838,10.162491798400879,0.721853494644165,0.5618377923965454,0.5374789834022522,1.0623215436935425,0.5622119903564453,0.9016897082328796,0.9354838728904724,0.7067686319351196,0.004754704888910055,0.01321719167754054
297,1.2390882968902588,10.163220405578613,0.7218887805938721,0.5618425607681274,0.5374787449836731,1.0623215436935425,0.5622119903564453,0.9016897082328796,0.9354838728904724,0.7067690491676331,0.004765974823385477,0.013203773181885481
298,1.2390884160995483,10.163936614990234,0.7219234704971313,0.5618472695350647,0.5374784469604492,1.062321662902832,0.5622119903564453,0.9016897082328796,0.9354838728904724,0.7067694664001465,0.004732115194201469,0.0131879230029881
299,1.2390882968902588,10.164641380310059,0.7219576835632324,0.5618519186973572,0.5374782681465149,1.062321662902832,0.5622119903564453,0.9016897082328796,0.9354838728904724,0.7067699432373047,0.004770425148308277,0.0131943728774786
300,1.2390884160995483,10.16533374786377,0.7219911813735962,0.5618565082550049,0.5374779105186462,1.0623215436935425,0.5622119903564453,0.9016897082328796,0.9354838728904724,0.7067703008651733,0.004850593861192465,0.013570989947766066
301,1.2390882968902588,10.166014671325684,0.7220242023468018,0.561860978603363,0.5374775528907776,1.0623211860656738,0.5622119903564453,0.9016897082328796,0.9354838728904724,0.7067705392837524,0.004756444599479437,0.013334071729332209
302,1.2390882968902588,10.166685104370117,0.7220568060874939,0.5618653893470764,0.5374773740768433,1.0623213052749634,0.5622119903564453,0.9016897082328796,0.9354838728904724,0.7067708969116211,0.0047503248788416386,0.013172812294214964
303,1.239088535308838,10.167344093322754,0.7220888137817383,0.5618698000907898,0.5374770164489746,1.0623211860656738,0.5622119903564453,0.9016897082328796,0.9354838728904724,0.7067712545394897,0.00482520367950201,0.013292191084474325
304,1.2390884160995483,10.167991638183594,0.7221203446388245,0.5618742108345032,0.5374767780303955,1.0623210668563843,0.5622119903564453,0.9016897082328796,0.9354838728904724,0.7067716121673584,0.004767285194247961,0.013207212090492249
305,1.2390882968902588,10.168627738952637,0.7221512794494629,0.5618786215782166,0.5374764204025269,1.0623211860656738,0.5622119903564453,0.9016897082328796,0.9354838728904724,0.7067720293998718,0.00475076399743557,0.01319718174636364
306,1.2390882968902588,10.169254302978516,0.7221817970275879,0.5618828535079956,0.5374763607978821,1.0623210668563843,0.5622119903564453,0.9016897082328796,0.9354838728904724,0.7067724466323853,0.004748085048049688,0.013233501929789782
307,1.2390882968902588,10.169870376586914,0.7222118973731995,0.5618869066238403,0.5374760031700134,1.062321424484253,0.5622119903564453,0.9016897082328796,0.9354838728904724,0.7067728638648987,0.004787145182490349,0.013291932176798582
308,1.2390882968902588,10.170475006103516,0.7222413420677185,0.5618909001350403,0.5374757051467896,1.0623210668563843,0.5622119903564453,0.9016897082328796,0.9354838728904724,0.7067729830741882,0.004754984751343727,0.013221001718193293
309,1.2390881776809692,10.171070098876953,0.7222704291343689,0.5618948340415955,0.5374754667282104,1.0623210668563843,0.5622119903564453,0.9016897082328796,0.9354838728904724,0.7067734003067017,0.0047757248394191265,0.013236401602625847
310,1.2390882968902588,10.171655654907227,0.7222989797592163,0.5618986487388611,0.537475049495697,1.0623210668563843,0.5622119903564453,0.9016897082328796,0.9354838728904724,0.7067736983299255,0.0047712549567222595,0.013237492181360722
311,1.2390882968902588,10.17223072052002,0.7223271131515503,0.5619025230407715,0.5374748110771179,1.0623208284378052,0.5622119903564453,0.9016897082328796,0.9354838728904724,0.7067738771438599,0.004857724066823721,0.013335591182112694
312,1.2390880584716797,10.172797203063965,0.7223548293113708,0.5619062185287476,0.5374745726585388,1.0623208284378052,0.5622119903564453,0.9016897082328796,0.9354838728904724,0.7067742943763733,0.004957533907145262,0.013654288835823536
313,1.2390882968902588,10.173352241516113,0.7223820090293884,0.5619098544120789,0.5374742746353149,1.0623207092285156,0.5622119903564453,0.9016897082328796,0.9354838728904724,0.7067746520042419,0.004824623931199312,0.0132909519597888
314,1.2390882968902588,10.17389965057373,0.7224088311195374,0.5619135499000549,0.5374740362167358,1.0623207092285156,0.5622119903564453,0.9016897082328796,0.9354838728904724,0.7067749500274658,0.0047789448872208595,0.013202593196183443
315,1.2390881776809692,10.174437522888184,0.7224351763725281,0.5619171857833862,0.537473738193512,1.0623207092285156,0.5622119903564453,0.9016897082328796,0.9354838728904724,0.7067752480506897,0.004856613930314779,0.013660969212651253
316,1.2390882968902588,10.174964904785156,0.7224611043930054,0.5619208812713623,0.5374736189842224,1.062320590019226,0.5622119903564453,0.9016897082328796,0.9354838728904724,0.7067754864692688,0.004940983839333057,0.013397431001067162
317,1.2390884160995483,10.175484657287598,0.7224865555763245,0.5619245767593384,0.5374732613563538,1.0623204708099365,0.5622119903564453,0.9016897082328796,0.9354838728904724,0.7067756652832031,0.0048943329602479935,0.013364810962229967
318,1.2390881776809692,10.175994873046875,0.7225115895271301,0.5619282126426697,0.5374729633331299,1.062320590019226,0.5622119903564453,0.9016897082328796,0.9354838728904724,0.7067760825157166,0.0048859138041734695,0.013344831764698029
319,1.2390884160995483,10.176496505737305,0.7225362658500671,0.5619317293167114,0.5374727845191956,1.0623204708099365,0.560675859451294,0.9016897082328796,0.9354838728904724,0.7067763805389404,0.004868404008448124,0.013331692200154066
320,1.2390882968902588,10.176990509033203,0.722560465335846,0.5619350671768188,0.5374724864959717,1.0623204708099365,0.560675859451294,0.9016897082328796,0.9354838728904724,0.7067766189575195,0.004906983580440283,0.013551259879022837
321,1.239088535308838,10.177475929260254,0.7225841879844666,0.5619384050369263,0.5374721884727478,1.062320590019226,0.560675859451294,0.9016897082328796,0.9354838728904724,0.7067768573760986,0.00487869419157505,0.013306241948157549
322,1.2390882968902588,10.177953720092773,0.7226074934005737,0.5619415640830994,0.5374719500541687,1.0623202323913574,0.560675859451294,0.9016897082328796,0.9354838728904724,0.706777036190033,0.004931952804327011,0.013404780067503452
323,1.2390882968902588,10.178422927856445,0.722630500793457,0.5619446039199829,0.5374717712402344,1.062320351600647,0.560675859451294,0.9016897082328796,0.9354838728904724,0.7067773938179016,0.004761804826557636,0.013209141790866852
324,1.2390882968902588,10.178884506225586,0.7226530909538269,0.5619475841522217,0.537471354007721,1.0623202323913574,0.560675859451294,0.9016897082328796,0.9354838728904724,0.7067775130271912,0.004866193979978561,0.013348830863833427
325,1.2390882968902588,10.179337501525879,0.7226752042770386,0.5619504451751709,0.5374712347984314,1.0623202323913574,0.560675859451294,0.9016897082328796,0.9354838728904724,0.7067778706550598,0.0048603941686451435,0.013320122379809618
326,1.2390882968902588,10.179783821105957,0.7226969599723816,0.5619532465934753,0.5374708771705627,1.0623201131820679,0.560675859451294,0.9016897082328796,0.9354838728904724,0.7067781090736389,0.0047879950143396854,0.013399990741163492
327,1.2390880584716797,10.180222511291504,0.7227184772491455,0.5619560480117798,0.5374706387519836,1.0623199939727783,0.560675859451294,0.9016897082328796,0.9354838728904724,0.7067782878875732,0.004774104803800583,0.01318893302232027
328,1.2390881776809692,10.18065357208252,0.7227395176887512,0.5619587898254395,0.537470281124115,1.0623198747634888,0.560675859451294,0.9016897082328796,0.9354838728904724,0.7067784070968628,0.004755144938826561,0.01345541002228856
329,1.2390884160995483,10.18107795715332,0.7227603793144226,0.5619616508483887,0.5374701619148254,1.0623197555541992,0.560675859451294,0.9016897082328796,0.9354838728904724,0.7067787647247314,0.005035982932895422,0.013495659921318293
330,1.2390881776809692,10.18149471282959,0.7227808237075806,0.5619645714759827,0.5374699234962463,1.0623199939727783,0.560675859451294,0.9016897082328796,0.9354838728904724,0.7067791223526001,0.004886304028332233,0.013321062084287405
331,1.2390882968902588,10.181902885437012,0.7228009700775146,0.5619674921035767,0.5374695658683777,1.0623196363449097,0.560675859451294,0.9016897082328796,0.9354838728904724,0.7067791819572449,0.005069043021649122,0.013514659833163023
332,1.2390881776809692,10.182306289672852,0.7228208184242249,0.5619704127311707,0.5374693870544434,1.0623197555541992,0.560675859451294,0.9016897082328796,0.9354838728904724,0.706779420375824,0.004879314452409744,0.013332922011613846
333,1.2390880584716797,10.182701110839844,0.7228402495384216,0.5619732141494751,0.5374690890312195,1.0623196363449097,0.560675859451294,0.9016897082328796,0.9354838728904724,0.7067795991897583,0.004903943743556738,0.01338487071916461
334,1.2390881776809692,10.183089256286621,0.7228593826293945,0.5619758367538452,0.5374688506126404,1.0623193979263306,0.560675859451294,0.9016897082328796,0.9354838728904724,0.7067797780036926,0.004884214140474796,0.013381581287831068
335,1.2390882968902588,10.1834716796875,0.7228783369064331,0.5619784593582153,0.5374686121940613,1.0623195171356201,0.560675859451294,0.9016897082328796,0.9354838728904724,0.7067800760269165,0.004848423879593611,0.013282542116940022
336,1.2390881776809692,10.183847427368164,0.7228968739509583,0.5619809627532959,0.5374683141708374,1.0623193979263306,0.560675859451294,0.9016897082328796,0.9354838728904724,0.7067802548408508,0.004858685191720724,0.013334242161363363
337,1.2390884160995483,10.184216499328613,0.7229151129722595,0.5619834661483765,0.5374681353569031,1.0623195171356201,0.560675859451294,0.9016897082328796,0.9354838728904724,0.7067805528640747,0.004859985318034887,0.013587300200015306
338,1.2390880584716797,10.184579849243164,0.7229330539703369,0.5619858503341675,0.5374678373336792,1.0623193979263306,0.560675859451294,0.9016897082328796,0.9354838728904724,0.706780731678009,0.0048449840396642685,0.01346911070868373
339,1.2390881776809692,10.1849365234375,0.7229506969451904,0.5619881749153137,0.5374675989151001,1.062319278717041,0.560675859451294,0.9016897082328796,0.9354838728904724,0.7067808508872986,0.005080843344330788,0.013583950232714415
340,1.2390880584716797,10.185287475585938,0.7229680418968201,0.5619903802871704,0.5374673008918762,1.062319040298462,0.560675859451294,0.9016897082328796,0.9354838728904724,0.7067809104919434,0.004794134758412838,0.013255961704999208
341,1.2390880584716797,10.18563175201416,0.7229850888252258,0.5619924664497375,0.5374670028686523,1.062319040298462,0.560675859451294,0.9016897082328796,0.9354838728904724,0.7067810893058777,0.004763904958963394,0.015352886635810137
342,1.2390882968902588,10.185970306396484,0.7230018377304077,0.5619946718215942,0.5374669432640076,1.062319278717041,0.560675859451294,0.9016897082328796,0.9354838728904724,0.7067814469337463,0.004987132735550404,0.013527540024369955
343,1.2390882968902588,10.18630313873291,0.7230184078216553,0.5619969367980957,0.5374664664268494,1.0623189210891724,0.560675859451294,0.9016897082328796,0.9354838728904724,0.7067813277244568,0.004759365227073431,0.01329888217151165
344,1.2390881776809692,10.186630249023438,0.7230347394943237,0.5619991421699524,0.5374663472175598,1.0623189210891724,0.560675859451294,0.9016897082328796,0.9354838728904724,0.7067816257476807,0.004758285358548164,0.013238701969385147
345,1.2390881776809692,10.186952590942383,0.723050594329834,0.5620013475418091,0.5374659895896912,1.0623186826705933,0.560675859451294,0.9016897082328796,0.9354838728904724,0.7067816853523254,0.004962534178048372,0.013618740253150463
346,1.2390882968902588,10.187268257141113,0.7230663299560547,0.5620035529136658,0.5374658107757568,1.0623189210891724,0.560675859451294,0.9016897082328796,0.9354838728904724,0.7067820429801941,0.004978553857654333,0.013517419807612896
347,1.2390884160995483,10.187579154968262,0.7230818271636963,0.562005877494812,0.5374655723571777,1.0623186826705933,0.560675859451294,0.9016897082328796,0.9354838728904724,0.7067821621894836,0.004885613918304443,0.013338470831513405
348,1.2390882968902588,10.187885284423828,0.7230969667434692,0.5620082020759583,0.5374653339385986,1.0623186826705933,0.560675859451294,0.9016897082328796,0.9354838728904724,0.706782341003418,0.004869294352829456,0.01336999237537384
349,1.2390882968902588,10.188185691833496,0.7231118083000183,0.5620104074478149,0.5374650359153748,1.0623185634613037,0.560675859451294,0.9016897082328796,0.9354838728904724,0.7067824006080627,0.004903413821011782,0.013403120916336775
350,1.2390880584716797,10.188481330871582,0.7231265306472778,0.5620124936103821,0.5374647378921509,1.0623183250427246,0.560675859451294,0.9016897082328796,0.9354838728904724,0.7067824602127075,0.004900814034044743,0.013349371962249279
351,1.2390881776809692,10.18877124786377,0.7231408953666687,0.5620144605636597,0.5374644994735718,1.0623183250427246,0.560675859451294,0.9016897082328796,0.9354838728904724,0.7067826986312866,0.004882673732936382,0.01336290081962943
352,1.2390880584716797,10.189056396484375,0.7231549620628357,0.5620162487030029,0.537464439868927,1.0623184442520142,0.560675859451294,0.9016897082328796,0.9354838728904724,0.706782877445221,0.0048659141175448895,0.0134007609449327
353,1.2390881776809692,10.189337730407715,0.7231688499450684,0.5620179176330566,0.5374642014503479,1.0623184442520142,0.560675859451294,0.9016897082328796,0.9354838728904724,0.7067829966545105,0.004855284001678228,0.013294372241944075
354,1.2390882968902588,10.189613342285156,0.7231825590133667,0.5620195865631104,0.5374639630317688,1.0623183250427246,0.560675859451294,0.9016897082328796,0.9354838728904724,0.7067831754684448,0.004898664075881243,0.013349221087992191
355,1.2390881776809692,10.189884185791016,0.7231960296630859,0.5620212554931641,0.5374636054039001,1.062318205833435,0.560675859451294,0.9016897082328796,0.9354838728904724,0.7067832946777344,0.004914063960313797,0.013349021319299936
356,1.2390882968902588,10.190150260925293,0.7232093214988708,0.5620230436325073,0.5374634265899658,1.062317967414856,0.560675859451294,0.9016897082328796,0.9354838728904724,0.7067834138870239,0.0049191429279744625,0.013574589043855667
357,1.2390880584716797,10.190411567687988,0.7232224345207214,0.5620248913764954,0.5374633073806763,1.0623180866241455,0.560675859451294,0.9016897082328796,0.9354838728904724,0.7067835927009583,0.004891864024102688,0.013362681027501822
358,1.2390882968902588,10.190668106079102,0.7232352495193481,0.5620266199111938,0.5374629497528076,1.0623180866241455,0.560675859451294,0.9016897082328796,0.9354838728904724,0.7067837715148926,0.0048792241141200066,0.01354394992813468
359,1.2390880584716797,10.19092082977295,0.7232480049133301,0.5620284080505371,0.5374628901481628,1.0623180866241455,0.560675859451294,0.9016897082328796,0.9354838728904724,0.7067838907241821,0.004855523817241192,0.013298762030899525
360,1.2390881776809692,10.191168785095215,0.7232604026794434,0.5620300769805908,0.5374624133110046,1.0623178482055664,0.560675859451294,0.9016897082328796,0.9354838728904724,0.7067838907241821,0.004794604144990444,0.013606208842247725
361,1.2390882968902588,10.191412925720215,0.7232727408409119,0.5620317459106445,0.5374623537063599,1.062317967414856,0.560675859451294,0.9016897082328796,0.9354838728904724,0.7067841291427612,0.004889034200459719,0.014018807094544172
362,1.2390880584716797,10.191652297973633,0.7232847809791565,0.5620333552360535,0.537462055683136,1.0623178482055664,0.560675859451294,0.9016897082328796,0.9354838728904724,0.706784188747406,0.004796904046088457,0.01328981202095747
363,1.2390878200531006,10.191888809204102,0.723296582698822,0.5620347857475281,0.5374618768692017,1.0623177289962769,0.560675859451294,0.9016897082328796,0.9354838728904724,0.7067843079566956,0.004760924726724625,0.013222242705523968
364,1.2390881776809692,10.192120552062988,0.723308265209198,0.5620362758636475,0.5374616384506226,1.0623177289962769,0.560675859451294,0.9016897082328796,0.9354838728904724,0.7067844271659851,0.004757725168019533,0.013239381834864616
365,1.2390882968902588,10.192347526550293,0.7233197689056396,0.5620377659797668,0.5374614596366882,1.0623176097869873,0.560675859451294,0.9016897082328796,0.9354838728904724,0.7067846059799194,0.004963242914527655,0.013432330917567015
366,1.2390879392623901,10.192571640014648,0.7233310341835022,0.5620391964912415,0.5374611616134644,1.0623174905776978,0.560675859451294,0.9016897082328796,0.9354838728904724,0.7067846059799194,0.004748094826936722,0.013204953167587519
367,1.2390880584716797,10.192790985107422,0.7233421206474304,0.5620406866073608,0.5374609231948853,1.0623176097869873,0.560675859451294,0.9016897082328796,0.9354838728904724,0.706784725189209,0.004851204343140125,0.013309811241924763
368,1.2390880584716797,10.193007469177246,0.7233530879020691,0.5620421171188354,0.5374606847763062,1.062317132949829,0.560675859451294,0.9016897082328796,0.9354838728904724,0.706784725189209,0.0047322651371359825,0.013197362422943115
369,1.2390880584716797,10.193220138549805,0.7233638167381287,0.5620435476303101,0.5374606251716614,1.062317132949829,0.560675859451294,0.9016897082328796,0.9354838728904724,0.7067849040031433,0.004785903729498386,0.013262470718473196
370,1.2390879392623901,10.193428993225098,0.7233744263648987,0.5620448589324951,0.5374603271484375,1.0623173713684082,0.560675859451294,0.9016897082328796,0.9354838728904724,0.7067850232124329,0.004935293924063444,0.01356180990114808
371,1.2390880584716797,10.193633079528809,0.7233847975730896,0.5620462894439697,0.5374600887298584,1.062317132949829,0.560675859451294,0.9016897082328796,0.9354838728904724,0.7067850232124329,0.004930694121867418,0.013695478904992342
372,1.2390879392623901,10.193835258483887,0.723395049571991,0.5620476603507996,0.5374599099159241,1.062317132949829,0.560675859451294,0.9016897082328796,0.9354838728904724,0.706785261631012,0.004992622882127762,0.013466999866068363
373,1.2390881776809692,10.194032669067383,0.7234050631523132,0.5620490908622742,0.537459671497345,1.0623170137405396,0.560675859451294,0.9016897082328796,0.9354838728904724,0.706785261631012,0.0050618527457118034,0.013710018713027239
374,1.2390880584716797,10.19422721862793,0.7234150171279907,0.562050461769104,0.5374593734741211,1.0623170137405396,0.560675859451294,0.9016897082328796,0.9354838728904724,0.7067853212356567,0.004784055054187775,0.013228562194854021
375,1.2390880584716797,10.194418907165527,0.7234247326850891,0.5620518326759338,0.5374592542648315,1.0623170137405396,0.560675859451294,0.9016897082328796,0.9354838728904724,0.7067854404449463,0.004898324143141508,0.013538850005716085
376,1.2390880584716797,10.19460678100586,0.723434329032898,0.5620531439781189,0.5374590158462524,1.06231689453125,0.560675859451294,0.9016897082328796,0.9354838728904724,0.7067855596542358,0.004891023971140385,0.013336202129721642
377,1.2390881776809692,10.194791793823242,0.7234436869621277,0.5620543956756592,0.5374587178230286,1.0623167753219604,0.560675859451294,0.9016897082328796,0.9354838728904724,0.7067856192588806,0.004888524301350117,0.013420291244983673
378,1.2390881776809692,10.19497299194336,0.7234528064727783,0.5620557069778442,0.5374587774276733,1.0623170137405396,0.560675859451294,0.9016897082328796,0.9354838728904724,0.7067858576774597,0.004933983087539673,0.013555279932916164
379,1.2390879392623901,10.195151329040527,0.7234618067741394,0.5620568990707397,0.5374584794044495,1.062316656112671,0.560675859451294,0.9016897082328796,0.9354838728904724,0.7067858576774597,0.004860933870077133,0.01335575059056282
380,1.2390881776809692,10.195326805114746,0.7234705686569214,0.5620580911636353,0.5374581813812256,1.062316656112671,0.560675859451294,0.9016897082328796,0.9354838728904724,0.7067859172821045,0.004893864039331675,0.013359460979700089
381,1.2390880584716797,10.195499420166016,0.7234792113304138,0.562059223651886,0.5374581217765808,1.0623167753219604,0.560675859451294,0.9016897082328796,0.9354838728904724,0.706786036491394,0.0048705339431762695,0.013330231886357069
382,1.2390881776809692,10.195669174194336,0.7234876751899719,0.5620603561401367,0.5374577641487122,1.0623164176940918,0.560675859451294,0.9016897082328796,0.9354838728904724,0.7067859172821045,0.004884673748165369,0.013340102043002844
383,1.2390882968902588,10.19583511352539,0.7234959602355957,0.562061607837677,0.5374575853347778,1.062316656112671,0.560675859451294,0.9016897082328796,0.9354838728904724,0.7067861557006836,0.0048675136640667915,0.013342260848730803
384,1.2390880584716797,10.195999145507812,0.7235041260719299,0.5620627403259277,0.5374573469161987,1.0623164176940918,0.560675859451294,0.9016897082328796,0.9354838728904724,0.7067861557006836,0.004874893929809332,0.013632718939334154
385,1.2390881776809692,10.196159362792969,0.7235121726989746,0.5620639324188232,0.5374571681022644,1.0623162984848022,0.560675859451294,0.9016897082328796,0.9354838728904724,0.7067862749099731,0.004868634045124054,0.01330217206850648
386,1.2390881776809692,10.196317672729492,0.7235199809074402,0.562065064907074,0.5374571681022644,1.0623165369033813,0.560675859451294,0.9016897082328796,0.9354838728904724,0.7067864537239075,0.005039472132921219,0.013527039904147387
387,1.2390882968902588,10.196473121643066,0.7235276699066162,0.5620661973953247,0.5374568700790405,1.0623164176940918,0.560675859451294,0.9016897082328796,0.9354838728904724,0.7067864537239075,0.004867244977504015,0.013315821997821331
388,1.2390880584716797,10.196624755859375,0.7235352396965027,0.5620673298835754,0.5374565720558167,1.0623161792755127,0.560675859451294,0.9016897082328796,0.9354838728904724,0.7067864537239075,0.004970972891896963,0.013624658808112144
389,1.2390880584716797,10.196775436401367,0.7235427498817444,0.5620682239532471,0.5374564528465271,1.0623161792755127,0.560675859451294,0.9016897082328796,0.9354838728904724,0.7067865133285522,0.004874124191701412,0.013315781019628048
390,1.2390881776809692,10.196922302246094,0.7235500812530518,0.5620691776275635,0.5374561548233032,1.0623159408569336,0.560675859451294,0.9016897082328796,0.9354838728904724,0.7067864537239075,0.004859104286879301,0.013325391337275505
391,1.2390881776809692,10.197067260742188,0.7235572934150696,0.5620701313018799,0.5374560952186584,1.0623161792755127,0.560675859451294,0.9016897082328796,0.9354838728904724,0.7067866325378418,0.00489762332290411,0.013363800942897797
392,1.2390880584716797,10.197210311889648,0.7235643863677979,0.5620711445808411,0.5374559164047241,1.0623160600662231,0.560675859451294,0.9016897082328796,0.9354838728904724,0.7067866921424866,0.004852193873375654,0.013300721999257803
393,1.2390881776809692,10.19735050201416,0.7235714793205261,0.5620720386505127,0.5374557375907898,1.062315821647644,0.560675859451294,0.9016897082328796,0.9354838728904724,0.7067867517471313,0.005031063221395016,0.013577579986304045
394,1.2390879392623901,10.197487831115723,0.7235783338546753,0.5620728731155396,0.5374554991722107,1.062315821647644,0.560675859451294,0.9016897082328796,0.9354838728904724,0.7067868113517761,0.004895064048469067,0.013336541131138802
395,1.2390879392623901,10.197624206542969,0.7235851883888245,0.5620736479759216,0.5374553799629211,1.062315821647644,0.560675859451294,0.9016897082328796,0.9354838728904724,0.7067868113517761,0.004884762689471245,0.01333360094577074
396,1.2390880584716797,10.19775676727295,0.7235918641090393,0.5620744228363037,0.537455141544342,1.062315821647644,0.560675859451294,0.9016897082328796,0.9354838728904724,0.7067868709564209,0.004880253691226244,0.013646498788148165
397,1.2390880584716797,10.197888374328613,0.7235985398292542,0.562075138092041,0.5374548435211182,1.062315583229065,0.560675859451294,0.9016897082328796,0.9354838728904724,0.7067868709564209,0.0048707639798521996,0.013337492011487484
398,1.2390880584716797,10.198016166687012,0.7236050963401794,0.5620760321617126,0.5374549627304077,1.062315821647644,0.560675859451294,0.9016897082328796,0.9354838728904724,0.7067871689796448,0.004925142973661423,0.01356265926733613
399,1.2390881776809692,10.198143005371094,0.72361159324646,0.5620770454406738,0.5374546647071838,1.0623157024383545,0.560675859451294,0.9016897082328796,0.9354838728904724,0.706787109375,0.005119272042065859,0.01378508796915412
400,1.2390880584716797,10.19826602935791,0.7236180305480957,0.5620781183242798,0.5374544858932495,1.0623154640197754,0.560675859451294,0.9016897082328796,0.9354838728904724,0.706787109375,0.0050749932415783405,0.013776307925581932
401,1.2390880584716797,10.19838809967041,0.7236242890357971,0.562079131603241,0.5374542474746704,1.0623157024383545,0.560675859451294,0.9016897082328796,0.9354838728904724,0.7067872285842896,0.004910613875836134,0.0135691799223423
402,1.2390879392623901,10.198508262634277,0.7236304879188538,0.5620800852775574,0.5374541878700256,1.062315821647644,0.560675859451294,0.9016897082328796,0.9354838728904724,0.7067873477935791,0.004940574057400227,0.013607210014015436
403,1.2390880584716797,10.198625564575195,0.7236365675926208,0.562080979347229,0.5374538898468018,1.0623154640197754,0.560675859451294,0.9016897082328796,0.9354838728904724,0.7067872881889343,0.004945003893226385,0.013641159050166607
404,1.2390880584716797,10.198741912841797,0.7236425876617432,0.5620816946029663,0.5374539494514465,1.0623154640197754,0.560675859451294,0.9016897082328796,0.9354838728904724,0.7067874073982239,0.004934993106871843,0.013634998816996813
405,1.2390879392623901,10.19885540008545,0.7236484885215759,0.5620824098587036,0.5374536514282227,1.0623154640197754,0.560675859451294,0.9016897082328796,0.9354838728904724,0.7067874073982239,0.0049362038262188435,0.013615909963846207
406,1.2390880584716797,10.198966979980469,0.7236542701721191,0.5620830059051514,0.5374535322189331,1.0623154640197754,0.560675859451294,0.9016897082328796,0.9354838728904724,0.7067874670028687,0.004975443240255117,0.013895077165216208
407,1.2390879392623901,10.199077606201172,0.7236599326133728,0.5620835423469543,0.5374533534049988,1.0623154640197754,0.560675859451294,0.9016897082328796,0.9354838728904724,0.7067875266075134,0.004876873921602964,0.013327180873602629
408,1.2390879392623901,10.199185371398926,0.7236654758453369,0.5620841383934021,0.5374530553817749,1.0623153448104858,0.560675859451294,0.9016897082328796,0.9354838728904724,0.7067874670028687,0.004881103988736868,0.013342292048037052
409,1.2390878200531006,10.199292182922363,0.7236709594726562,0.5620847344398499,0.5374529957771301,1.0623153448104858,0.560675859451294,0.9016897082328796,0.9354838728904724,0.706787645816803,0.004942683037370443,0.013477449771016836
410,1.2390880584716797,10.199396133422852,0.723676323890686,0.5620855093002319,0.5374528765678406,1.0623153448104858,0.560675859451294,0.9016897082328796,0.9354838728904724,0.7067877054214478,0.004873164463788271,0.013318301178514957
411,1.2390878200531006,10.199499130249023,0.7236816883087158,0.5620862245559692,0.5374526977539062,1.0623153448104858,0.560675859451294,0.9016897082328796,0.9354838728904724,0.7067877054214478,0.004896174184978008,0.013348721899092197
412,1.2390879392623901,10.199599266052246,0.7236868739128113,0.5620869398117065,0.5374526381492615,1.0623153448104858,0.560675859451294,0.9016897082328796,0.9354838728904724,0.7067877650260925,0.004997682757675648,0.013711099047213793
413,1.2390878200531006,10.199698448181152,0.7236921191215515,0.5620877146720886,0.5374523401260376,1.0623148679733276,0.560675859451294,0.9016897082328796,0.9354838728904724,0.706787645816803,0.00505265174433589,0.013612398877739906
414,1.2390878200531006,10.199795722961426,0.7236972451210022,0.5620884895324707,0.5374523997306824,1.0623152256011963,0.560675859451294,0.9016897082328796,0.9354838728904724,0.7067879438400269,0.004861574620008469,0.013294992037117481
415,1.2390878200531006,10.199891090393066,0.7237022519111633,0.562089204788208,0.5374520421028137,1.0623148679733276,0.560675859451294,0.9016897082328796,0.9354838728904724,0.7067878246307373,0.004865983966737986,0.013483259826898575
416,1.2390880584716797,10.19998550415039,0.7237071394920349,0.5620899200439453,0.537451982498169,1.0623152256011963,0.560675859451294,0.9016897082328796,0.9354838728904724,0.7067879438400269,0.0048333038575947285,0.013281631749123335
417,1.2390880584716797,10.200077056884766,0.7237119674682617,0.5620907545089722,0.5374518632888794,1.0623151063919067,0.560675859451294,0.9016897082328796,0.9354838728904724,0.7067880630493164,0.004854564089328051,0.013301111292093992
418,1.2390880584716797,10.20016860961914,0.7237165570259094,0.5620914697647095,0.5374516248703003,1.0623148679733276,0.560675859451294,0.9016897082328796,0.9354838728904724,0.7067880034446716,0.004825453739613295,0.01323670195415616
419,1.2390880584716797,10.200258255004883,0.7237211465835571,0.5620922446250916,0.5374515056610107,1.0623149871826172,0.560675859451294,0.9016897082328796,0.9354838728904724,0.7067880630493164,0.004848034121096134,0.013284301850944757
420,1.2390879392623901,10.200346946716309,0.7237256169319153,0.5620929002761841,0.537451446056366,1.0623149871826172,0.560675859451294,0.9016897082328796,0.9354838728904724,0.7067881226539612,0.00484661478549242,0.013261161744594574
421,1.2390879392623901,10.200433731079102,0.7237299680709839,0.5620934367179871,0.5374513268470764,1.0623149871826172,0.560675859451294,0.9016897082328796,0.9354838728904724,0.7067882418632507,0.004846854135394096,0.013303151819854975
422,1.2390879392623901,10.200519561767578,0.7237340807914734,0.5620938539505005,0.5374510884284973,1.0623148679733276,0.560675859451294,0.9016897082328796,0.9354838728904724,0.7067881226539612,0.0048563238233327866,0.013281612191349268
423,1.2390881776809692,10.200603485107422,0.7237382531166077,0.5620944499969482,0.5374510288238525,1.0623148679733276,0.560675859451294,0.9016897082328796,0.9354838728904724,0.7067882418632507,0.004986222833395004,0.01341486070305109
424,1.2390879392623901,10.20068645477295,0.7237423062324524,0.5620948076248169,0.5374508500099182,1.062314748764038,0.560675859451294,0.9016897082328796,0.9354838728904724,0.706788182258606,0.004865993745625019,0.01329376082867384
425,1.2390880584716797,10.200767517089844,0.7237462401390076,0.5620953440666199,0.5374506115913391,1.0623148679733276,0.560675859451294,0.9016897082328796,0.9354838728904724,0.7067882418632507,0.00485579390078783,0.01346798101440072
426,1.2390878200531006,10.200847625732422,0.7237501740455627,0.5620957612991333,0.5374504327774048,1.0623146295547485,0.560675859451294,0.9016897082328796,0.9354838728904724,0.706788182258606,0.00487745413556695,0.013315712101757526
427,1.2390880584716797,10.200925827026367,0.7237540483474731,0.562096357345581,0.5374504327774048,1.062314748764038,0.560675859451294,0.9016897082328796,0.9354838728904724,0.7067883610725403,0.004842434078454971,0.013272152282297611
428,1.2390879392623901,10.201003074645996,0.7237579226493835,0.562096893787384,0.5374502539634705,1.062314510345459,0.560675859451294,0.9016897082328796,0.9354838728904724,0.7067882418632507,0.004851273726671934,0.013268081936985254
429,1.2390881776809692,10.201077461242676,0.7237617373466492,0.562097430229187,0.5374500751495361,1.062314510345459,0.560675859451294,0.9016897082328796,0.9354838728904724,0.7067883014678955,0.004864464048296213,0.013469151221215725
430,1.2390880584716797,10.201151847839355,0.7237656116485596,0.5620981454849243,0.5374500751495361,1.062314748764038,0.560675859451294,0.9016897082328796,0.9354838728904724,0.7067884802818298,0.004874944221228361,0.01331179216504097
431,1.2390880584716797,10.201224327087402,0.7237693667411804,0.5620988011360168,0.5374497771263123,1.0623143911361694,0.560675859451294,0.9016897082328796,0.9354838728904724,0.7067882418632507,0.0048826043494045734,0.01333478232845664
432,1.2390881776809692,10.20129680633545,0.7237730622291565,0.5620994567871094,0.5374497175216675,1.062314510345459,0.560675859451294,0.9016897082328796,0.9354838728904724,0.7067883610725403,0.0048928637988865376,0.013617838732898235
433,1.2390881776809692,10.201366424560547,0.7237767577171326,0.5621001124382019,0.5374496579170227,1.062314510345459,0.560675859451294,0.9016897082328796,0.9354838728904724,0.7067884802818298,0.005123052280396223,0.013727189041674137
434,1.2390882968902588,10.201436042785645,0.7237803339958191,0.5621008276939392,0.5374495387077332,1.0623143911361694,0.560675859451294,0.9016897082328796,0.9354838728904724,0.7067884206771851,0.005272521171718836,0.0140809859149158
435,1.2390880584716797,10.20150375366211,0.7237839102745056,0.5621013045310974,0.5374493598937988,1.0623143911361694,0.560675859451294,0.9016897082328796,0.9354838728904724,0.7067884206771851,0.004916604142636061,0.01336693111807108
436,1.2390880584716797,10.201570510864258,0.7237874269485474,0.5621016621589661,0.5374491810798645,1.0623142719268799,0.560675859451294,0.9016897082328796,0.9354838728904724,0.7067883610725403,0.004902023822069168,0.01346019096672535
437,1.2390880584716797,10.201637268066406,0.7237908244132996,0.5621019005775452,0.5374491810798645,1.062314510345459,0.560675859451294,0.9016897082328796,0.9354838728904724,0.7067885398864746,0.00491966400295496,0.013602319173514843
438,1.2390879392623901,10.201702117919922,0.723794162273407,0.5621020793914795,0.5374490022659302,1.0623142719268799,0.560675859451294,0.9016897082328796,0.9354838728904724,0.7067884802818298,0.004986034240573645,0.013586330227553844
439,1.2390880584716797,10.201765060424805,0.7237975001335144,0.562102198600769,0.5374488830566406,1.0623142719268799,0.560675859451294,0.9016897082328796,0.9354838728904724,0.7067885398864746,0.005064763128757477,0.013527149800211191
440,1.2390880584716797,10.201828002929688,0.7238008975982666,0.5621024370193481,0.5374487042427063,1.0623141527175903,0.560675859451294,0.9016897082328796,0.9354838728904724,0.7067884206771851,0.0048790439032018185,0.01336547126993537
441,1.2390881776809692,10.201889038085938,0.723804235458374,0.5621027946472168,0.5374487042427063,1.0623140335083008,0.560675859451294,0.9016897082328796,0.9354838728904724,0.7067885398864746,0.004880193620920181,0.013323382008820772
442,1.2390880584716797,10.201949119567871,0.7238075733184814,0.562103271484375,0.5374484658241272,1.0623140335083008,0.560675859451294,0.9016897082328796,0.9354838728904724,0.7067884802818298,0.004885104019194841,0.013353541027754545
443,1.2390879392623901,10.202008247375488,0.7238109707832336,0.5621038675308228,0.5374484658241272,1.0623140335083008,0.560675859451294,0.9016897082328796,0.9354838728904724,0.7067885398864746,0.004924794193357229,0.013411800842732191
444,1.2390879392623901,10.202065467834473,0.7238142490386963,0.5621044039726257,0.5374482870101929,1.0623140335083008,0.560675859451294,0.9016897082328796,0.9354838728904724,0.7067885398864746,0.004931293893605471,0.013535609934478998
445,1.2390880584716797,10.202122688293457,0.7238174676895142,0.5621049404144287,0.5374480485916138,1.0623137950897217,0.560675859451294,0.9016897082328796,0.9354838728904724,0.7067884802818298,0.004855954088270664,0.013500620145350695
446,1.2390879392623901,10.202178955078125,0.7238205671310425,0.5621053576469421,0.5374481081962585,1.0623140335083008,0.560675859451294,0.9016897082328796,0.9354838728904724,0.7067885994911194,0.004780923947691917,0.013387430924922228
447,1.2390880584716797,10.202234268188477,0.723823606967926,0.5621057152748108,0.5374480485916138,1.0623141527175903,0.560675859451294,0.9016897082328796,0.9354838728904724,0.7067887187004089,0.004753825254738331,0.013398000970482826
448,1.2390880584716797,10.202288627624512,0.7238266468048096,0.5621061325073242,0.5374479293823242,1.0623140335083008,0.560675859451294,0.9016897082328796,0.9354838728904724,0.7067887783050537,0.004779194947332144,0.013218631967902184
449,1.2390878200531006,10.20234203338623,0.7238295674324036,0.5621063709259033,0.5374476909637451,1.0623137950897217,0.560675859451294,0.9016897082328796,0.9354838728904724,0.7067886590957642,0.004767974838614464,0.013237892184406519
450,1.2390881776809692,10.202396392822266,0.7238323092460632,0.562106728553772,0.5374475717544556,1.0623136758804321,0.560675859451294,0.9016897082328796,0.9354838728904724,0.7067885994911194,0.004767155274748802,0.013190483208745718
451,1.2390880584716797,10.202447891235352,0.7238350510597229,0.5621070861816406,0.5374475717544556,1.0623139142990112,0.560675859451294,0.9016897082328796,0.9354838728904724,0.7067887783050537,0.004799524787813425,0.013284712098538876
452,1.2390879392623901,10.202498435974121,0.723837673664093,0.5621074438095093,0.5374473929405212,1.0623137950897217,0.560675859451294,0.9016897082328796,0.9354838728904724,0.7067887187004089,0.004836363717913628,0.013667868915945292
453,1.2390878200531006,10.20254898071289,0.7238403558731079,0.5621077418327332,0.5374471545219421,1.0623135566711426,0.560675859451294,0.9016897082328796,0.9354838728904724,0.7067885994911194,0.004870723932981491,0.013420640956610441
454,1.2390879392623901,10.202598571777344,0.723842978477478,0.5621079802513123,0.5374471545219421,1.0623135566711426,0.560675859451294,0.9016897082328796,0.9354838728904724,0.7067887187004089,0.0048797340132296085,0.013356460724025965
455,1.2390881776809692,10.20264720916748,0.7238454818725586,0.5621083378791809,0.5374470949172974,1.0623136758804321,0.560675859451294,0.9016897082328796,0.9354838728904724,0.7067888379096985,0.004874594043940306,0.013361760880798101
456,1.2390879392623901,10.202693939208984,0.7238479852676392,0.5621088147163391,0.5374469757080078,1.0623137950897217,0.560675859451294,0.9016897082328796,0.9354838728904724,0.7067888975143433,0.0047975038178265095,0.013305400963872671
457,1.2390880584716797,10.202740669250488,0.7238505482673645,0.5621092915534973,0.537446916103363,1.0623137950897217,0.560675859451294,0.9016897082328796,0.9354838728904724,0.7067888975143433,0.004989122971892357,0.013659628573805094
458,1.2390879392623901,10.202787399291992,0.7238528728485107,0.5621097087860107,0.5374468564987183,1.0623137950897217,0.560675859451294,0.9016897082328796,0.9354838728904724,0.7067888975143433,0.004885723814368248,0.013340010773390532
459,1.2390878200531006,10.202832221984863,0.723855197429657,0.5621100068092346,0.5374466776847839,1.0623136758804321,0.560675859451294,0.9016897082328796,0.9354838728904724,0.7067888975143433,0.004787825047969818,0.013268052134662867
460,1.2390880584716797,10.202877044677734,0.7238575220108032,0.5621103048324585,0.5374466776847839,1.0623137950897217,0.560675859451294,0.9016897082328796,0.9354838728904724,0.7067888975143433,0.005136942025274038,0.013766617979854345
461,1.2390880584716797,10.202920913696289,0.7238597273826599,0.5621106624603271,0.5374465584754944,1.0623137950897217,0.560675859451294,0.9016897082328796,0.9354838728904724,0.7067890167236328,0.004871103912591934,0.013317630626261234
462,1.2390879392623901,10.202963829040527,0.7238619327545166,0.5621110200881958,0.5374464988708496,1.0623136758804321,0.560675859451294,0.9016897082328796,0.9354838728904724,0.706788957118988,0.0048783039674162865,0.013349621091037989
463,1.2390879392623901,10.20300579071045,0.7238640785217285,0.5621112585067749,0.5374462604522705,1.0623135566711426,0.560675859451294,0.9016897082328796,0.9354838728904724,0.7067888975143433,0.00488930381834507,0.013362410943955183
464,1.2390881776809692,10.203046798706055,0.7238662242889404,0.5621114373207092,0.537446141242981,1.0623135566711426,0.560675859451294,0.9016897082328796,0.9354838728904724,0.7067888975143433,0.004772854968905449,0.013222531881183386
465,1.2390880584716797,10.20308780670166,0.7238684296607971,0.5621117353439331,0.5374460816383362,1.0623135566711426,0.560675859451294,0.9016897082328796,0.9354838728904724,0.706788957118988,0.004771005362272263,0.013216402381658554
466,1.2390880584716797,10.203126907348633,0.7238705158233643,0.5621119141578674,0.5374460816383362,1.0623136758804321,0.560675859451294,0.9016897082328796,0.9354838728904724,0.7067890167236328,0.004847144242376089,0.013411830179393291
467,1.2390880584716797,10.203166961669922,0.7238726019859314,0.5621121525764465,0.5374459028244019,1.0623135566711426,0.560675859451294,0.9016897082328796,0.9354838728904724,0.7067890763282776,0.005018382333219051,0.013561759144067764
468,1.2390880584716797,10.203205108642578,0.7238746881484985,0.5621123909950256,0.5374457240104675,1.0623135566711426,0.560675859451294,0.9016897082328796,0.9354838728904724,0.7067890167236328,0.004790714010596275,0.013271102216094732
469,1.2390880584716797,10.203243255615234,0.7238767147064209,0.5621126294136047,0.5374457836151123,1.0623135566711426,0.560675859451294,0.9016897082328796,0.9354838728904724,0.7067890167236328,0.0048495749942958355,0.013279861770570278
470,1.2390881776809692,10.203280448913574,0.7238787412643433,0.5621129870414734,0.537445604801178,1.0623135566711426,0.560675859451294,0.9016897082328796,0.9354838728904724,0.7067890167236328,0.004895213060081005,0.013352041132748127
471,1.2390880584716797,10.203317642211914,0.7238807082176208,0.5621132850646973,0.5374454855918884,1.0623135566711426,0.560675859451294,0.9016897082328796,0.9354838728904724,0.7067890763282776,0.004859833978116512,0.013295281678438187
472,1.2390881776809692,10.203353881835938,0.7238826751708984,0.5621135830879211,0.5374454855918884,1.062313437461853,0.560675859451294,0.9016897082328796,0.9354838728904724,0.7067890167236328,0.00486930413171649,0.013310391921550035
473,1.2390880584716797,10.203390121459961,0.7238845825195312,0.5621139407157898,0.5374452471733093,1.062313199043274,0.560675859451294,0.9016897082328796,0.9354838728904724,0.7067888975143433,0.00486101396381855,0.013471790123730898
474,1.2390881776809692,10.203424453735352,0.7238864302635193,0.5621142983436584,0.5374453067779541,1.062313437461853,0.560675859451294,0.9016897082328796,0.9354838728904724,0.7067890763282776,0.005036923103034496,0.013493530917912722
475,1.2390880584716797,10.203458786010742,0.7238882780075073,0.5621145367622375,0.5374450087547302,1.0623130798339844,0.560675859451294,0.9016897082328796,0.9354838728904724,0.7067888975143433,0.004883023910224438,0.013329051900655031
476,1.2390881776809692,10.203492164611816,0.7238901257514954,0.5621148943901062,0.5374451279640198,1.062313199043274,0.560675859451294,0.9016897082328796,0.9354838728904724,0.706788957118988,0.004856374114751816,0.013540919870138168
477,1.2390881776809692,10.20352554321289,0.7238919138908386,0.5621151328086853,0.5374450087547302,1.0623133182525635,0.560675859451294,0.9016897082328796,0.9354838728904724,0.7067890763282776,0.004886392969638109,0.013397431001067162
478,1.2390881776809692,10.203557968139648,0.7238937020301819,0.5621154308319092,0.5374447703361511,1.062313199043274,0.560675859451294,0.9016897082328796,0.9354838728904724,0.7067888975143433,0.004867454059422016,0.013295961078256369
479,1.2390881776809692,10.203590393066406,0.7238954901695251,0.5621156692504883,0.5374447107315063,1.0623129606246948,0.560675859451294,0.9016897082328796,0.9354838728904724,0.7067888975143433,0.008475376758724451,0.017205632757395506
480,1.2390880584716797,10.203621864318848,0.7238971590995789,0.5621157884597778,0.5374448299407959,1.062313199043274,0.560675859451294,0.9016897082328796,0.9354838728904724,0.7067890763282776,0.004923542961478233,0.013576169032603502
481,1.2390880584716797,10.203653335571289,0.7238988280296326,0.5621159672737122,0.5374446511268616,1.062313199043274,0.560675859451294,0.9016897082328796,0.9354838728904724,0.7067890167236328,0.005087842233479023,0.013543200213462114
482,1.2390881776809692,10.203683853149414,0.7239004969596863,0.5621161460876465,0.5374445915222168,1.062313199043274,0.560675859451294,0.9016897082328796,0.9354838728904724,0.7067890763282776,0.004892673809081316,0.013519149739295244
483,1.2390880584716797,10.203714370727539,0.7239022254943848,0.5621163845062256,0.5374445915222168,1.062313199043274,0.560675859451294,0.9016897082328796,0.9354838728904724,0.7067890763282776,0.004875073675066233,0.013301821891218424
484,1.2390879392623901,10.203744888305664,0.7239038348197937,0.5621163845062256,0.5374444723129272,1.062313199043274,0.560675859451294,0.9016897082328796,0.9354838728904724,0.7067890167236328,0.004907543770968914,0.01339595066383481
485,1.2390880584716797,10.203774452209473,0.7239054441452026,0.5621164441108704,0.5374444723129272,1.062313199043274,0.560675859451294,0.9016897082328796,0.9354838728904724,0.7067891359329224,0.00487100426107645,0.013339381199330091
486,1.2390878200531006,10.203804016113281,0.7239070534706116,0.5621163845062256,0.5374443531036377,1.062313199043274,0.560675859451294,0.9016897082328796,0.9354838728904724,0.7067891359329224,0.004907164257019758,0.013544009998440742
487,1.2390879392623901,10.203831672668457,0.7239086031913757,0.5621163845062256,0.5374442934989929,1.0623129606246948,0.560675859451294,0.9016897082328796,0.9354838728904724,0.7067890167236328,0.004876103717833757,0.013507611118257046
488,1.2390879392623901,10.20386028289795,0.7239100933074951,0.5621164441108704,0.5374440550804138,1.0623129606246948,0.560675859451294,0.9016897082328796,0.9354838728904724,0.7067890167236328,0.005014682654291391,0.013479449786245823
489,1.2390880584716797,10.203886985778809,0.723911702632904,0.5621166229248047,0.5374440550804138,1.0623129606246948,0.560675859451294,0.9016897082328796,0.9354838728904724,0.7067891359329224,0.004966032691299915,0.01359734870493412
490,1.2390880584716797,10.203913688659668,0.7239131927490234,0.5621169805526733,0.5374440550804138,1.0623129606246948,0.560675859451294,0.9016897082328796,0.9354838728904724,0.7067890763282776,0.0048814937472343445,0.013347350992262363
491,1.2390880584716797,10.203940391540527,0.7239146828651428,0.5621174573898315,0.537443995475769,1.0623130798339844,0.560675859451294,0.9016897082328796,0.9354838728904724,0.7067891359329224,0.0048841442912817,0.013334852177649736
492,1.2390880584716797,10.20396614074707,0.7239161729812622,0.5621179342269897,0.5374438762664795,1.0623130798339844,0.560675859451294,0.9016897082328796,0.9354838728904724,0.7067891359329224,0.005000752862542868,0.013745808973908424
493,1.2390880584716797,10.203991889953613,0.7239176630973816,0.5621183514595032,0.5374438166618347,1.0623130798339844,0.560675859451294,0.9016897082328796,0.9354838728904724,0.7067891359329224,0.004881532862782478,0.013353161048144102
494,1.2390879392623901,10.20401668548584,0.7239190936088562,0.5621187090873718,0.5374438762664795,1.062313199043274,0.560675859451294,0.9016897082328796,0.9354838728904724,0.7067892551422119,0.004863463807851076,0.013640368822962046
495,1.2390880584716797,10.204041481018066,0.7239204049110413,0.5621188879013062,0.5374436974525452,1.0623130798339844,0.560675859451294,0.9016897082328796,0.9354838728904724,0.7067891359329224,0.0048665739595890045,0.013421650975942612
496,1.2390880584716797,10.204065322875977,0.7239216566085815,0.5621189475059509,0.5374435782432556,1.0623129606246948,0.560675859451294,0.9016897082328796,0.9354838728904724,0.7067890763282776,0.004867943935096264,0.013569098897278309
497,1.2390879392623901,10.204089164733887,0.7239229083061218,0.5621188879013062,0.5374434590339661,1.0623129606246948,0.560675859451294,0.9016897082328796,0.9354838728904724,0.7067891359329224,0.004900474101305008,0.013368061278015375
498,1.2390878200531006,10.204113006591797,0.7239239811897278,0.5621187090873718,0.5374435782432556,1.0623130798339844,0.560675859451294,0.9016897082328796,0.9354838728904724,0.7067891955375671,0.004872033838182688,0.013429880607873201
499,1.2390879392623901,10.20413589477539,0.7239251136779785,0.5621185898780823,0.5374433994293213,1.0623127222061157,0.560675859451294,0.9016897082328796,0.9354838728904724,0.7067890763282776,0.004937682766467333,0.013627728912979364
