iteration,loss,lengthscale,outputscale,likelyhood_noise,test_MAE,test_NLL,test_PICP50,test_PICP90,test_PICP95,test_RMSE,it_time_training,it_time
0,1.9897714853286743,2.0378928184509277,0.47960346937179565,0.9608154296875,0.6685497760772705,1.2973297834396362,0.6390169262886047,0.9539170265197754,0.9677419066429138,0.8438332676887512,2.235370345879346,2.6174043649807572
1,1.749836802482605,2.222346544265747,0.34017959237098694,1.193397879600525,0.6223891377449036,1.2713414430618286,0.602150559425354,0.9539170265197754,0.981566846370697,0.8015777468681335,0.6817155238240957,0.7051538769155741
2,1.5535911083221436,2.8326544761657715,0.2546720504760742,1.3165980577468872,0.5914469957351685,1.2457870244979858,0.6866359710693359,0.9677419066429138,0.9892473220825195,0.757272481918335,0.43544968217611313,0.4582335790619254
3,1.4652289152145386,3.573828935623169,0.20123271644115448,1.320403814315796,0.5755512714385986,1.222335696220398,0.7127496004104614,0.9708141088485718,0.9892473220825195,0.7385188937187195,0.4324341476894915,0.45502205565571785
4,1.4066497802734375,4.294990062713623,0.16709543764591217,1.2303900718688965,0.5687801241874695,1.1861170530319214,0.6774193644523621,0.9723502397537231,0.9861751198768616,0.7230960130691528,0.43848299561068416,0.46149821067228913
5,1.3495638132095338,4.977722644805908,0.14566859602928162,1.0842665433883667,0.5646560788154602,1.148552656173706,0.6651305556297302,0.9692780375480652,0.9846389889717102,0.7171854376792908,0.43452164717018604,0.4573233942501247
6,1.3072635889053346,5.579667568206787,0.13310937583446503,0.9158006310462952,0.5693450570106506,1.1159437894821167,0.599078357219696,0.9569892287254333,0.9784946441650391,0.7174502015113831,0.4307627258822322,0.45333316503092647
7,1.2592814683914184,6.098855495452881,0.1259157359600067,0.7598183155059814,0.5681459903717041,1.0939970016479492,0.5499231815338135,0.9262672662734985,0.9646697640419006,0.718185305595398,0.5969905601814389,0.6197538282722235
8,1.2388816118240356,6.53995418548584,0.12305597960948944,0.6390501856803894,0.5697505474090576,1.0907999277114868,0.5053763389587402,0.9155145883560181,0.9431643486022949,0.7213398218154907,0.4348521949723363,0.4581994693726301
9,1.2301694631576539,6.892146110534668,0.12358205020427704,0.5691483616828918,0.5704272389411926,1.099228858947754,0.4823348820209503,0.8955453038215637,0.9385560750961304,0.7243683934211731,0.4315819931216538,0.4541855910792947
10,1.2327104330062866,7.17111873626709,0.12493447959423065,0.5481576919555664,0.5695225596427917,1.0889626741409302,0.4516128897666931,0.8924731016159058,0.9308755993843079,0.7158312201499939,0.43624155689030886,0.4587987847626209
11,1.231441330909729,7.336950302124023,0.1278824508190155,0.5675585269927979,0.571114718914032,1.0905510187149048,0.4700460731983185,0.8970814347267151,0.9447004795074463,0.7182320952415466,0.4318686709739268,0.45478319795802236
12,1.2232472896575928,7.492013454437256,0.13163329660892487,0.5985475182533264,0.566161036491394,1.0827183723449707,0.47926267981529236,0.9032257795333862,0.9462365508079529,0.7147103548049927,0.4299083719961345,0.4525919300504029
13,1.228038477897644,7.603631973266602,0.13517791032791138,0.6266925930976868,0.5656148791313171,1.0894250869750977,0.5038402676582336,0.9109063148498535,0.940092146396637,0.719905436038971,0.4302025898359716,0.4526942390948534
14,1.2322845458984375,7.677049160003662,0.13922975957393646,0.6427834033966064,0.5726513862609863,1.085788369178772,0.4838709533214569,0.9124423861503601,0.9493087530136108,0.7175009250640869,0.43377105984836817,0.45639441814273596
15,1.216652512550354,7.765139579772949,0.1432059407234192,0.6442393660545349,0.5672479271888733,1.0795220136642456,0.5038402676582336,0.918586790561676,0.9539170265197754,0.7129243016242981,0.43514703400433064,0.45845697820186615
16,1.2080774068832398,7.80696439743042,0.14917536079883575,0.6303638219833374,0.5674278736114502,1.081184983253479,0.48847925662994385,0.9124423861503601,0.9554531574249268,0.7140623927116394,0.43074905732646585,0.45333491498604417
17,1.221212339401245,7.907252311706543,0.15407639741897583,0.6092440485954285,0.5626063942909241,1.0737128257751465,0.4854070544242859,0.9109063148498535,0.9447004795074463,0.7087140679359436,0.4306248570792377,0.45317741576582193
18,1.2121506690979005,7.9831013679504395,0.16033492982387543,0.5963274240493774,0.5685020685195923,1.0843384265899658,0.48079878091812134,0.9093701839447021,0.9431643486022949,0.7158368229866028,0.43254684656858444,0.4551945049315691
19,1.2145173311233521,8.054178237915039,0.16751034557819366,0.5951970219612122,0.5679560303688049,1.0836354494094849,0.4854070544242859,0.9032257795333862,0.9416282773017883,0.7150278091430664,0.4321291293017566,0.4546439480036497
20,1.2253645420074464,8.125540733337402,0.1721360832452774,0.6016864776611328,0.5696234703063965,1.082133173942566,0.48694315552711487,0.9062979817390442,0.9447004795074463,0.7145145535469055,0.6000663638114929,0.6234426968730986
21,1.215714192390442,8.207366943359375,0.17893575131893158,0.6147247552871704,0.5643185973167419,1.0780390501022339,0.48694315552711487,0.9139785170555115,0.9477726817131042,0.7114953398704529,0.42992401076480746,0.45245845010504127
22,1.2134918928146363,8.285457611083984,0.1833372712135315,0.6211463809013367,0.5690803527832031,1.0796973705291748,0.4854070544242859,0.9124423861503601,0.9477726817131042,0.7130234837532043,0.4380035283975303,0.46072694519534707
23,1.2185675382614136,8.338495254516602,0.18654631078243256,0.6161389350891113,0.5629677176475525,1.0800974369049072,0.4930875599384308,0.9093701839447021,0.9462365508079529,0.7133550047874451,0.4315020530484617,0.4541138713248074
24,1.2127599954605102,8.396278381347656,0.19112086296081543,0.6131581664085388,0.5663178563117981,1.081654667854309,0.4838709533214569,0.9032257795333862,0.9431643486022949,0.7143825888633728,0.43101540533825755,0.4537096433341503
25,1.2197329521179199,8.458011627197266,0.19617435336112976,0.6036638021469116,0.5681756138801575,1.080385684967041,0.48694315552711487,0.9109063148498535,0.9431643486022949,0.7130844593048096,0.4360213181935251,0.4588002962991595
26,1.208943510055542,8.516131401062012,0.19989319145679474,0.6010178327560425,0.5659457445144653,1.0868198871612549,0.4838709533214569,0.9016897082328796,0.9462365508079529,0.7176114320755005,0.4315099432133138,0.45442185923457146
27,1.217469573020935,8.580097198486328,0.20328983664512634,0.600171685218811,0.5663836002349854,1.0777534246444702,0.4838709533214569,0.9109063148498535,0.9447004795074463,0.711466908454895,0.4312695940025151,0.45413014106452465
28,1.2180105209350587,8.674911499023438,0.2074703872203827,0.6071733236312866,0.5673374533653259,1.0797077417373657,0.4854070544242859,0.9062979817390442,0.9493087530136108,0.7127243280410767,0.43138187378644943,0.4541674507781863
29,1.218942642211914,8.732420921325684,0.2119111865758896,0.6100924611091614,0.5696807503700256,1.0901743173599243,0.4838709533214569,0.9032257795333862,0.9447004795074463,0.7201695442199707,0.4366985447704792,0.4594037220813334
30,1.2164178133010863,8.787433624267578,0.21648190915584564,0.6142957210540771,0.5672983527183533,1.0782486200332642,0.4746543765068054,0.9078341126441956,0.9508448243141174,0.7119444608688354,0.4312364850193262,0.4537845030426979
31,1.212052321434021,8.8509521484375,0.21943031251430511,0.6152856945991516,0.5628278255462646,1.0786601305007935,0.4930875599384308,0.9093701839447021,0.940092146396637,0.7122333645820618,0.4315968118607998,0.454361978918314
32,1.2125057220458983,8.920936584472656,0.22227568924427032,0.605725109577179,0.5661827325820923,1.0774792432785034,0.4854070544242859,0.9062979817390442,0.9493087530136108,0.7113327383995056,0.4303839490748942,0.453274535946548
33,1.2155133724212646,8.97308349609375,0.22401228547096252,0.6040202975273132,0.5673574805259705,1.0832196474075317,0.4854070544242859,0.9062979817390442,0.9462365508079529,0.715078592300415,0.430025739595294,0.45256667863577604
34,1.2072476863861084,9.036036491394043,0.23024982213974,0.6048091053962708,0.5702128410339355,1.0821335315704346,0.47311827540397644,0.9078341126441956,0.9477726817131042,0.7142249941825867,0.43120395485311747,0.4541506809182465
35,1.2204357385635376,9.066118240356445,0.23389527201652527,0.6032652854919434,0.572401762008667,1.0873461961746216,0.4838709533214569,0.9062979817390442,0.9539170265197754,0.7179291844367981,0.4322443292476237,0.4549713972955942
36,1.2145325422286988,9.114031791687012,0.23178331553936005,0.6097435355186462,0.5649709701538086,1.082496166229248,0.4823348820209503,0.9109063148498535,0.9447004795074463,0.7152300477027893,0.4912039809860289,0.5141180269420147
37,1.209144902229309,9.152547836303711,0.23760327696800232,0.6094969511032104,0.5674168467521667,1.081206202507019,0.4746543765068054,0.9093701839447021,0.9539170265197754,0.7138834595680237,0.430950615555048,0.45363996271044016
38,1.2137502670288085,9.194046020507812,0.23824061453342438,0.6052572727203369,0.5659549832344055,1.0808682441711426,0.4823348820209503,0.9016897082328796,0.940092146396637,0.7134472727775574,0.43234531907364726,0.4551634159870446
39,1.2053807497024536,9.225836753845215,0.242892324924469,0.6022832989692688,0.5666133165359497,1.0822269916534424,0.4930875599384308,0.9078341126441956,0.9431643486022949,0.7144599556922913,0.4325415468774736,0.45511171594262123
40,1.2111891746520995,9.254578590393066,0.24874477088451385,0.5951093435287476,0.5672228932380676,1.077614188194275,0.4761904776096344,0.9016897082328796,0.9508448243141174,0.710992157459259,0.43206903990358114,0.4546197080053389
41,1.2104461193084717,9.29423999786377,0.2487935870885849,0.5985072255134583,0.565771758556366,1.0787489414215088,0.4854070544242859,0.9016897082328796,0.9416282773017883,0.7119768857955933,0.43116747541353106,0.45378885325044394
42,1.207435393333435,9.355927467346191,0.25403106212615967,0.5974023342132568,0.5670056343078613,1.0810737609863281,0.47926267981529236,0.9062979817390442,0.9416282773017883,0.7137448191642761,0.6385790267959237,0.661238253582269
43,1.2196793794631957,9.427616119384766,0.25793975591659546,0.599963903427124,0.5631073117256165,1.0749428272247314,0.48847925662994385,0.9093701839447021,0.9431643486022949,0.7092656493186951,0.4378134487196803,0.46061383606866
44,1.211426854133606,9.447684288024902,0.2591622471809387,0.6101155281066895,0.5688804388046265,1.0796033143997192,0.4777265787124634,0.9062979817390442,0.9508448243141174,0.712895393371582,0.4320085900835693,0.45467702811583877
45,1.2080079793930054,9.47647476196289,0.26380792260169983,0.6069582104682922,0.5614870190620422,1.0790858268737793,0.48847925662994385,0.9109063148498535,0.9416282773017883,0.7122231125831604,0.43055159831419587,0.45309815602377057
46,1.228409719467163,9.507699012756348,0.2639549970626831,0.6077373027801514,0.56980299949646,1.0877413749694824,0.4838709533214569,0.9047619104385376,0.9447004795074463,0.718543529510498,0.43231340823695064,0.45486260717734694
47,1.2210765838623048,9.532255172729492,0.2676219642162323,0.6167014241218567,0.5753368139266968,1.0884490013122559,0.47926267981529236,0.9109063148498535,0.9569892287254333,0.7185302972793579,0.4304949678480625,0.45305251609534025
48,1.22169029712677,9.529090881347656,0.26240837574005127,0.6213505864143372,0.5689811110496521,1.0866845846176147,0.4854070544242859,0.9062979817390442,0.9416282773017883,0.7182871699333191,0.4329946148209274,0.4555981126613915
49,1.2192627906799316,9.547969818115234,0.2632681131362915,0.616462230682373,0.5648779273033142,1.076611042022705,0.4854070544242859,0.9124423861503601,0.9554531574249268,0.7107369303703308,0.43110812501981854,0.4538578116334975
50,1.208166766166687,9.621990203857422,0.26355496048927307,0.6169193983078003,0.5656706690788269,1.079254388809204,0.4854070544242859,0.918586790561676,0.9447004795074463,0.7123692035675049,0.4363705972209573,0.4589276351034641
51,1.2160127639770508,9.655257225036621,0.2661837637424469,0.5973138809204102,0.5676702857017517,1.0848928689956665,0.4854070544242859,0.900153636932373,0.9462365508079529,0.7159870862960815,0.43269613571465015,0.45550424279645085
52,1.2110721826553346,9.677398681640625,0.2695055603981018,0.5957441329956055,0.5662258863449097,1.080780267715454,0.48847925662994385,0.9032257795333862,0.9416282773017883,0.7133801579475403,0.43396925972774625,0.4568171869032085
53,1.2120274543762206,9.712574005126953,0.2711382508277893,0.6021186113357544,0.5624529719352722,1.0750186443328857,0.4823348820209503,0.9062979817390442,0.9431643486022949,0.709216833114624,0.430823537055403,0.4533458058722317
54,1.217119860649109,9.751609802246094,0.27438995242118835,0.6027880907058716,0.566199004650116,1.0737848281860352,0.48079878091812134,0.9078341126441956,0.9493087530136108,0.7085054516792297,0.4314059638418257,0.4540445921011269
55,1.2048743963241577,9.790468215942383,0.2774541676044464,0.6080198287963867,0.5642215609550476,1.0777275562286377,0.4930875599384308,0.9093701839447021,0.9447004795074463,0.711302638053894,0.4323975588195026,0.4551446260884404
56,1.208400011062622,9.80428409576416,0.2800321877002716,0.6057556867599487,0.5699949264526367,1.0948131084442139,0.4823348820209503,0.900153636932373,0.9416282773017883,0.7232826352119446,0.4345078971236944,0.45706995483487844
57,1.216994047164917,9.810493469238281,0.2823430895805359,0.6006507873535156,0.5660080909729004,1.0843281745910645,0.4823348820209503,0.9047619104385376,0.9431643486022949,0.7157946228981018,0.4351930730044842,0.4579779598861933
58,1.2204128742218017,9.804862022399902,0.2882661521434784,0.6022462248802185,0.5718898773193359,1.0871193408966064,0.46543779969215393,0.9047619104385376,0.9493087530136108,0.7171953320503235,0.43354980181902647,0.4561590198427439
59,1.2169426918029784,9.808553695678711,0.28364378213882446,0.6173568964004517,0.5645672082901001,1.0777274370193481,0.48694315552711487,0.9139785170555115,0.940092146396637,0.7114475965499878,0.9410118646919727,0.9636453227140009
60,1.2065099716186523,9.82186222076416,0.28250348567962646,0.6151413321495056,0.5648515224456787,1.0801684856414795,0.4915514588356018,0.9109063148498535,0.9462365508079529,0.7134551405906677,0.645416178740561,0.6679814369417727
61,1.2084396839141847,9.86059856414795,0.29062607884407043,0.5986838340759277,0.5687381029129028,1.077845573425293,0.47926267981529236,0.9078341126441956,0.9523809552192688,0.7109326720237732,0.4523147400468588,0.475194507278502
62,1.2123773097991943,9.914124488830566,0.28498390316963196,0.5918112993240356,0.5674730539321899,1.0837229490280151,0.4761904776096344,0.9032257795333862,0.9385560750961304,0.7151972651481628,0.676024863962084,0.6988181313499808
63,1.2161761283874513,9.963329315185547,0.29102441668510437,0.5966188311576843,0.5656328201293945,1.080186367034912,0.4823348820209503,0.9062979817390442,0.9493087530136108,0.7127175331115723,0.4446843517944217,0.4683151338249445
64,1.2199401140213013,10.020941734313965,0.29127779603004456,0.6140453219413757,0.5721880793571472,1.0848631858825684,0.4777265787124634,0.9109063148498535,0.9539170265197754,0.7160984873771667,0.44461596198379993,0.4672913299873471
65,1.2144798040390015,10.030974388122559,0.29237350821495056,0.6245803236961365,0.5694096088409424,1.084960699081421,0.48847925662994385,0.9078341126441956,0.9554531574249268,0.7165725231170654,0.43066030787304044,0.4532394460402429
66,1.2154114961624145,10.055769920349121,0.2927035689353943,0.6149222254753113,0.5637146234512329,1.0797945261001587,0.4930875599384308,0.9093701839447021,0.940092146396637,0.7125951051712036,0.4308613766916096,0.4534879350103438
67,1.2125925302505494,10.04034423828125,0.2930757701396942,0.6051540374755859,0.5643231868743896,1.0800564289093018,0.4777265787124634,0.9078341126441956,0.9431643486022949,0.7128763198852539,0.6893758722580969,0.7119556409306824
68,1.2032345294952393,10.076544761657715,0.29143646359443665,0.5948143005371094,0.5672779083251953,1.0801764726638794,0.4700460731983185,0.900153636932373,0.9385560750961304,0.7124558687210083,0.7335626040585339,0.7562226518057287
69,1.2118961334228515,10.09755802154541,0.2997429072856903,0.593808650970459,0.5676916241645813,1.081276535987854,0.46543779969215393,0.9062979817390442,0.9493087530136108,0.712868332862854,0.43394983978942037,0.45667330687865615
70,1.214420485496521,10.10137939453125,0.29390040040016174,0.6013937592506409,0.5667409896850586,1.091525673866272,0.4854070544242859,0.8986175060272217,0.9431643486022949,0.7207385897636414,0.4365470656193793,0.4595261518843472
71,1.2209957838058472,10.089180946350098,0.29159027338027954,0.609504222869873,0.5702245235443115,1.0886168479919434,0.4823348820209503,0.9047619104385376,0.9447004795074463,0.7190237641334534,0.4327566958963871,0.45537267392501235
72,1.2193085432052613,10.088799476623535,0.2954157590866089,0.6152567267417908,0.5674194693565369,1.0816707611083984,0.4777265787124634,0.9093701839447021,0.9539170265197754,0.713952362537384,0.4321871791034937,0.4547576969489455
73,1.2146984815597535,10.123440742492676,0.29114046692848206,0.6209872961044312,0.5666885375976562,1.0826613903045654,0.4900153577327728,0.9078341126441956,0.9431643486022949,0.7150907516479492,0.42993404110893607,0.4524460188113153
74,1.2208885192871093,10.141362190246582,0.28755703568458557,0.6123866438865662,0.5686955451965332,1.0846832990646362,0.4761904776096344,0.9047619104385376,0.9447004795074463,0.7164332270622253,0.43096495512872934,0.4536901731044054
75,1.2157734394073487,10.144553184509277,0.29228895902633667,0.6083124876022339,0.5671026706695557,1.0801771879196167,0.4777265787124634,0.9124423861503601,0.9585253596305847,0.7126500606536865,0.4375578202307224,0.46024055825546384
76,1.214672589302063,10.158736228942871,0.2931375205516815,0.6084507703781128,0.5633755922317505,1.073257327079773,0.4930875599384308,0.9139785170555115,0.9447004795074463,0.7080914378166199,0.43539086170494556,0.4581103390082717
77,1.2105007886886596,10.143728256225586,0.2949146628379822,0.609829843044281,0.5685513615608215,1.0828094482421875,0.4838709533214569,0.9047619104385376,0.9477726817131042,0.7150811553001404,0.43080023722723126,0.45340427523478866
78,1.2095887899398803,10.198713302612305,0.3002271056175232,0.5975857973098755,0.5668827891349792,1.0779541730880737,0.4823348820209503,0.9047619104385376,0.9431643486022949,0.7112460136413574,0.4341040188446641,0.45679311687126756
79,1.204537534713745,10.220123291015625,0.30232328176498413,0.5937088131904602,0.5650677680969238,1.0766279697418213,0.4854070544242859,0.9109063148498535,0.9416282773017883,0.7101917266845703,0.43202757090330124,0.45471314806491137
80,1.2076550245285034,10.231019020080566,0.30476027727127075,0.5879775285720825,0.5671245455741882,1.086988091468811,0.47311827540397644,0.9016897082328796,0.9416282773017883,0.717067301273346,0.42993105202913284,0.4526097890920937
81,1.2138668060302735,10.286499977111816,0.30899593234062195,0.5965705513954163,0.5679293870925903,1.0809699296951294,0.4700460731983185,0.9062979817390442,0.9431643486022949,0.7131718993186951,0.9238557978533208,0.9465042259544134
82,1.2068423986434937,10.294690132141113,0.3079214096069336,0.6167408227920532,0.5632237792015076,1.0752516984939575,0.4900153577327728,0.9139785170555115,0.9431643486022949,0.7099258303642273,0.43517290335148573,0.4589165449142456
83,1.2057446241378784,10.280570030212402,0.3123895525932312,0.6049934029579163,0.563448429107666,1.0806037187576294,0.4915514588356018,0.9139785170555115,0.9431643486022949,0.713186502456665,0.43271632585674524,0.4552706740796566
84,1.2124297142028808,10.289584159851074,0.31835445761680603,0.5905695557594299,0.5689293742179871,1.0770421028137207,0.46236559748649597,0.9032257795333862,0.9477726817131042,0.7102336883544922,0.43017385993152857,0.45296738715842366
85,1.2105160713195802,10.344488143920898,0.3138217031955719,0.5959901213645935,0.5643166303634644,1.0786665678024292,0.48694315552711487,0.9016897082328796,0.9431643486022949,0.7117663025856018,0.4318823399953544,0.4544572690501809
86,1.2063326597213746,10.352477073669434,0.31501755118370056,0.6014971733093262,0.5672326683998108,1.0905215740203857,0.4823348820209503,0.9032257795333862,0.9447004795074463,0.7202318906784058,0.43169178208336234,0.4543159701861441
87,1.2141388177871704,10.375896453857422,0.3228966295719147,0.6038358211517334,0.5641324520111084,1.0741238594055176,0.4700460731983185,0.9139785170555115,0.9477726817131042,0.7085578441619873,0.4342883680947125,0.45689705619588494
88,1.2167808771133424,10.353827476501465,0.32089468836784363,0.6080524921417236,0.5704648494720459,1.0839412212371826,0.4777265787124634,0.9016897082328796,0.9462365508079529,0.7159485816955566,0.43428423814475536,0.45684201596304774
89,1.2065634250640869,10.36868953704834,0.31741493940353394,0.6093746423721313,0.5667510032653809,1.081172227859497,0.4838709533214569,0.9062979817390442,0.9447004795074463,0.7139192819595337,0.4346128860488534,0.45801148982718587
90,1.2149612426757812,10.390312194824219,0.32649385929107666,0.5944781303405762,0.569002091884613,1.081186056137085,0.4777265787124634,0.9047619104385376,0.9493087530136108,0.7131022214889526,0.4308650870807469,0.4534756150096655
91,1.2175242185592652,10.420403480529785,0.32351353764533997,0.5960468053817749,0.5649269223213196,1.0782389640808105,0.4838709533214569,0.9062979817390442,0.940092146396637,0.7112208604812622,0.43082599621266127,0.4534211843274534
92,1.2123736619949341,10.45030689239502,0.32170483469963074,0.6178153157234192,0.5647371411323547,1.0782055854797363,0.49462366104125977,0.9062979817390442,0.9462365508079529,0.7117661833763123,0.4308398268185556,0.4533949149772525
93,1.2109355449676513,10.476505279541016,0.32159101963043213,0.6125574707984924,0.5677063465118408,1.0808396339416504,0.47158217430114746,0.9124423861503601,0.9447004795074463,0.7134700417518616,0.4303824589587748,0.45294558675959706
94,1.2139374017715454,10.495084762573242,0.3241721987724304,0.5993674993515015,0.5670979619026184,1.0780882835388184,0.4854070544242859,0.9047619104385376,0.9447004795074463,0.7111731171607971,0.43038995936512947,0.4528998080641031
95,1.2103878498077392,10.51706314086914,0.3223978877067566,0.5995126962661743,0.5636717677116394,1.0779194831848145,0.48694315552711487,0.9093701839447021,0.9447004795074463,0.7113028168678284,0.4335509417578578,0.45615922985598445
96,1.2132424116134644,10.52669620513916,0.32676634192466736,0.5993441343307495,0.5666882991790771,1.083861231803894,0.4746543765068054,0.900153636932373,0.9462365508079529,0.7153666019439697,0.5578220807947218,0.5811181357130408
97,1.2119280099868774,10.551222801208496,0.32748672366142273,0.5993264317512512,0.5687921643257141,1.0838171243667603,0.4900153577327728,0.9078341126441956,0.9508448243141174,0.7151774168014526,0.43098781583830714,0.45361289381980896
98,1.2107874155044556,10.590723991394043,0.32022321224212646,0.6074832677841187,0.5668094754219055,1.083728313446045,0.47311827540397644,0.9047619104385376,0.9462365508079529,0.7154509425163269,0.429733922239393,0.45243996009230614
99,1.2060795783996583,10.58306884765625,0.32782647013664246,0.6066910624504089,0.5647323727607727,1.0822542905807495,0.48694315552711487,0.9139785170555115,0.9462365508079529,0.7143750786781311,0.4322873488999903,0.4548949566669762
100,1.2103712797164916,10.620622634887695,0.3282899856567383,0.5954139828681946,0.564741313457489,1.0742108821868896,0.4915514588356018,0.9093701839447021,0.9416282773017883,0.7084778547286987,0.4311183453537524,0.4536417443305254
101,1.2152003049850464,10.619463920593262,0.3248412311077118,0.5972027778625488,0.567507803440094,1.086864948272705,0.4900153577327728,0.9047619104385376,0.9431643486022949,0.7171356081962585,0.4308923673816025,0.4534944551996887
102,1.2119564294815064,10.660489082336426,0.32535865902900696,0.6058602929115295,0.5646763443946838,1.0781418085098267,0.4992319643497467,0.9109063148498535,0.9385560750961304,0.7113112211227417,0.6449711606837809,0.6680138967931271
103,1.2143163919448852,10.68764877319336,0.3261632025241852,0.6103416681289673,0.5688455104827881,1.0834267139434814,0.48079878091812134,0.9062979817390442,0.9477726817131042,0.7154406905174255,0.440571554005146,0.46344250114634633
104,1.207731032371521,10.697486877441406,0.3295593559741974,0.6123872995376587,0.5679275989532471,1.0826997756958008,0.48079878091812134,0.9047619104385376,0.9493087530136108,0.7149181962013245,0.4322800892405212,0.45490408735349774
105,1.2071205854415894,10.70943546295166,0.33450281620025635,0.5971643924713135,0.562459409236908,1.078216552734375,0.4777265787124634,0.9093701839447021,0.940092146396637,0.7111652493476868,0.43010852113366127,0.452657719142735
106,1.211521601676941,10.699586868286133,0.33024194836616516,0.5911563038825989,0.5662752389907837,1.0818010568618774,0.4746543765068054,0.9047619104385376,0.940092146396637,0.713668942451477,0.4298297921195626,0.4524294198490679
107,1.2095012187957763,10.694704055786133,0.3340624272823334,0.6015695333480835,0.5733518004417419,1.084519863128662,0.4685099720954895,0.9078341126441956,0.9431643486022949,0.7159363627433777,0.4302801596932113,0.4528538677841425
108,1.2087567806243897,10.688801765441895,0.33524012565612793,0.6013347506523132,0.565859317779541,1.0858012437820435,0.4823348820209503,0.9124423861503601,0.9447004795074463,0.7169194221496582,0.4325074781663716,0.4551293761469424
109,1.2136277914047242,10.699405670166016,0.3368275463581085,0.6040379405021667,0.567128598690033,1.0831652879714966,0.4854070544242859,0.9047619104385376,0.9462365508079529,0.7148380279541016,0.43107638508081436,0.4535983130335808
110,1.210236954689026,10.718888282775879,0.3406388759613037,0.603405773639679,0.5664280652999878,1.0785632133483887,0.48079878091812134,0.8970814347267151,0.9523809552192688,0.7114958763122559,0.43490991508588195,0.46036218805238605
111,1.2107126235961914,10.725273132324219,0.3437661826610565,0.6003128290176392,0.5662979483604431,1.0740931034088135,0.48079878091812134,0.9078341126441956,0.9462365508079529,0.7084916830062866,0.4310715850442648,0.4536396530456841
112,1.2044513463973998,10.715368270874023,0.3441826403141022,0.6011272072792053,0.5678398013114929,1.0860073566436768,0.4838709533214569,0.9016897082328796,0.9447004795074463,0.7170493006706238,0.4312334950082004,0.45379005279392004
113,1.2142560482025146,10.77375602722168,0.342028945684433,0.6011679768562317,0.5685025453567505,1.0831893682479858,0.46390169858932495,0.9047619104385376,0.9416282773017883,0.714967668056488,0.43178550200536847,0.45441155042499304
114,1.2131441116333008,10.795675277709961,0.34706658124923706,0.6022892594337463,0.5701876878738403,1.0823945999145508,0.4900153577327728,0.9032257795333862,0.9477726817131042,0.7141130566596985,0.4297757023014128,0.4522862113080919
115,1.217023253440857,10.796842575073242,0.33772212266921997,0.6080073118209839,0.568374514579773,1.0878658294677734,0.48694315552711487,0.9093701839447021,0.9447004795074463,0.7179364562034607,0.4318063519895077,0.45435374043881893
116,1.2182574272155762,10.787811279296875,0.33579540252685547,0.6141356825828552,0.5688989162445068,1.0792319774627686,0.4700460731983185,0.9093701839447021,0.9508448243141174,0.7122427225112915,0.4307040269486606,0.45359316375106573
117,1.2126012802124024,10.754781723022461,0.33650362491607666,0.6142795085906982,0.5682525634765625,1.0849815607070923,0.4823348820209503,0.9109063148498535,0.9477726817131042,0.7163180112838745,0.43580998899415135,0.4589108251966536
118,1.2089829683303832,10.74242115020752,0.33518388867378235,0.6020628809928894,0.5638000965118408,1.0788789987564087,0.4777265787124634,0.9109063148498535,0.9416282773017883,0.7120120525360107,0.43316400423645973,0.4558525923639536
119,1.2161539554595948,10.769607543945312,0.3293922543525696,0.5932279229164124,0.5633403062820435,1.0809324979782104,0.4823348820209503,0.9032257795333862,0.9416282773017883,0.7132088541984558,0.538939262740314,0.5615478409454226
120,1.2125665903091432,10.788674354553223,0.33537986874580383,0.6068559288978577,0.5702237486839294,1.0845601558685303,0.4838709533214569,0.9093701839447021,0.9431643486022949,0.7158762812614441,0.6554031558334827,0.6781356129795313
121,1.2169362545013427,10.78062629699707,0.32991743087768555,0.6117624640464783,0.5662319660186768,1.081605315208435,0.4838709533214569,0.9078341126441956,0.9447004795074463,0.7137293815612793,0.43091209698468447,0.4535307646729052
122,1.2096569776535033,10.746030807495117,0.3359372019767761,0.6148093342781067,0.5666508674621582,1.0803422927856445,0.48079878091812134,0.9109063148498535,0.9477726817131042,0.7133943438529968,0.4304775889031589,0.45305839693173766
123,1.2072275161743165,10.752983093261719,0.34125804901123047,0.6025669574737549,0.5636797547340393,1.0744209289550781,0.4854070544242859,0.9047619104385376,0.9477726817131042,0.7087731957435608,0.604397039860487,0.62713772803545
124,1.2108259201049805,10.779533386230469,0.3470286428928375,0.5924487113952637,0.5697369575500488,1.083717942237854,0.4746543765068054,0.9093701839447021,0.9431643486022949,0.7146584987640381,0.43297981517389417,0.4555972530506551
125,1.209257388114929,10.802470207214355,0.3376610577106476,0.6009158492088318,0.5724631547927856,1.0901864767074585,0.48694315552711487,0.9093701839447021,0.940092146396637,0.7194650173187256,0.43026887997984886,0.45277826813980937
126,1.2189275741577148,10.817662239074707,0.3355604410171509,0.6097404956817627,0.5636313557624817,1.081482172012329,0.48694315552711487,0.9109063148498535,0.9416282773017883,0.7139244079589844,0.43167189229279757,0.4542092499323189
127,1.2108861923217773,10.833752632141113,0.338595986366272,0.6065553426742554,0.5706638693809509,1.0861155986785889,0.48079878091812134,0.9047619104385376,0.9462365508079529,0.7168794274330139,0.43037211894989014,0.4528918080031872
128,1.213137650489807,10.893136024475098,0.3389360010623932,0.603996753692627,0.563765823841095,1.0737197399139404,0.4976958632469177,0.9139785170555115,0.9462365508079529,0.7080124616622925,0.43465313594788313,0.4575161528773606
129,1.2156681537628173,10.90757942199707,0.33502107858657837,0.607349693775177,0.5664322376251221,1.083662748336792,0.4823348820209503,0.9062979817390442,0.9477726817131042,0.7152283787727356,0.4320058198645711,0.45494631584733725
130,1.2158462047576903,10.899893760681152,0.33516785502433777,0.6109143495559692,0.5699731111526489,1.0823036432266235,0.4700460731983185,0.9078341126441956,0.9447004795074463,0.7144028544425964,0.4333179439418018,0.455876462161541
131,1.21226007938385,10.909032821655273,0.3387160897254944,0.612951934337616,0.5653479099273682,1.0803773403167725,0.48694315552711487,0.9124423861503601,0.9416282773017883,0.7129981517791748,0.4328551460057497,0.45542396418750286
132,1.211260724067688,10.886079788208008,0.34537526965141296,0.6008328199386597,0.5663755536079407,1.0801169872283936,0.4838709533214569,0.9078341126441956,0.9493087530136108,0.7126136422157288,0.4306491371244192,0.4531870363280177
133,1.211482286453247,10.902121543884277,0.34034958481788635,0.5971898436546326,0.5648403763771057,1.0822685956954956,0.48694315552711487,0.9032257795333862,0.9447004795074463,0.7139488458633423,0.4328726348467171,0.4554433226585388
134,1.2067914009094238,10.911053657531738,0.3495540916919708,0.6026225686073303,0.5650012493133545,1.075346827507019,0.4823348820209503,0.9093701839447021,0.9431643486022949,0.7092764973640442,0.43002150068059564,0.4526373390108347
135,1.2065579414367675,10.876256942749023,0.352568119764328,0.5988476276397705,0.5655834078788757,1.0769023895263672,0.48079878091812134,0.9124423861503601,0.940092146396637,0.710330605506897,0.4310781960375607,0.4536451241001487
136,1.2124864339828492,10.896295547485352,0.35098838806152344,0.5940101742744446,0.568625807762146,1.0898864269256592,0.4838709533214569,0.9016897082328796,0.9431643486022949,0.7192003130912781,0.43191842129454017,0.45465543819591403
137,1.213651752471924,10.904080390930176,0.36098524928092957,0.6052258610725403,0.5696538090705872,1.0814288854599,0.47926267981529236,0.9093701839447021,0.9493087530136108,0.7135853171348572,0.43610492814332247,0.45876083616167307
138,1.2133910179138183,10.890054702758789,0.35860735177993774,0.6071704626083374,0.5662969946861267,1.0803120136260986,0.4838709533214569,0.9078341126441956,0.9462365508079529,0.7132058143615723,0.4336261712014675,0.45698486594483256
139,1.2141898632049561,10.96804141998291,0.36072584986686707,0.6057565212249756,0.5635258555412292,1.073065996170044,0.4915514588356018,0.9093701839447021,0.9462365508079529,0.7077522277832031,0.4326850757934153,0.4555564629845321
140,1.2147084474563599,11.00944709777832,0.36435407400131226,0.6044325232505798,0.5694164037704468,1.081018090248108,0.4700460731983185,0.9047619104385376,0.9493087530136108,0.7132850885391235,0.430895937141031,0.45341782504692674
141,1.2078047037124633,11.039323806762695,0.35771334171295166,0.6087964773178101,0.5679540038108826,1.0857548713684082,0.4823348820209503,0.9109063148498535,0.9431643486022949,0.7168639302253723,0.430520077701658,0.4530283468775451
142,1.2196954250335694,11.083857536315918,0.35367852449417114,0.5903847217559814,0.5640047788619995,1.0835514068603516,0.48079878091812134,0.9062979817390442,0.940092146396637,0.7147190570831299,0.4317332711070776,0.45431035989895463
143,1.215824007987976,11.103119850158691,0.3580217659473419,0.6184709072113037,0.5685538649559021,1.0792195796966553,0.47926267981529236,0.9124423861503601,0.9477726817131042,0.7122210264205933,0.714968103915453,0.7379887900315225
144,1.2096653223037719,11.098045349121094,0.3622308671474457,0.6207084059715271,0.5695949196815491,1.080978274345398,0.4823348820209503,0.9093701839447021,0.9477726817131042,0.7134438753128052,0.43673879466950893,0.4593472830019891
145,1.2198940515518188,11.107855796813965,0.3472824692726135,0.5994371771812439,0.5657287836074829,1.0867304801940918,0.4915514588356018,0.9032257795333862,0.9447004795074463,0.717012345790863,0.43314796406775713,0.4560467912815511
146,1.2101672649383546,11.124080657958984,0.352068692445755,0.6057156324386597,0.5662416815757751,1.0777597427368164,0.4746543765068054,0.9078341126441956,0.9447004795074463,0.7110759019851685,0.4311902751214802,0.45367415295913815
147,1.2001734972000122,11.169142723083496,0.344593346118927,0.5980852842330933,0.567832887172699,1.0818445682525635,0.4854070544242859,0.9062979817390442,0.9447004795074463,0.7137644290924072,0.43150925263762474,0.4541414207778871
148,1.208338212966919,11.152957916259766,0.34773969650268555,0.5830707550048828,0.568272590637207,1.0866950750350952,0.4777265787124634,0.900153636932373,0.9462365508079529,0.7164238691329956,0.43062134785577655,0.45311021571978927
149,1.2163159608840943,11.126084327697754,0.3579430878162384,0.5928565263748169,0.5656651854515076,1.0802583694458008,0.47926267981529236,0.9062979817390442,0.9431643486022949,0.7125057578086853,0.43149901321157813,0.4540749010629952
150,1.2133146047592163,11.12537670135498,0.3604387044906616,0.6213874816894531,0.5688631534576416,1.0819445848464966,0.4900153577327728,0.9093701839447021,0.9462365508079529,0.714031994342804,0.4328653858974576,0.45538094406947494
151,1.2105613470077514,11.117095947265625,0.3578201234340668,0.6249971985816956,0.5640137195587158,1.0744690895080566,0.4854070544242859,0.9124423861503601,0.9477726817131042,0.709056556224823,0.4364826763048768,0.45901195518672466
152,1.210741400718689,11.130561828613281,0.3525056838989258,0.5949661135673523,0.5659262537956238,1.079930067062378,0.4700460731983185,0.9016897082328796,0.9385560750961304,0.7123894095420837,0.43215919891372323,0.45482327695935965
153,1.2070883512496948,11.141274452209473,0.3581583797931671,0.578228771686554,0.5675325989723206,1.081153392791748,0.4746543765068054,0.8955453038215637,0.9385560750961304,0.7128317356109619,0.43048250768333673,0.4529736968688667
154,1.2126826047897339,11.152507781982422,0.3587456941604614,0.602152943611145,0.5620835423469543,1.0774791240692139,0.49462366104125977,0.9078341126441956,0.9385560750961304,0.7110006809234619,0.4315210827626288,0.45405517192557454
155,1.2170117378234864,11.119973182678223,0.3587799072265625,0.6113265156745911,0.5711929798126221,1.0872269868850708,0.4915514588356018,0.9078341126441956,0.9508448243141174,0.7179805636405945,0.43058224814012647,0.453105955850333
156,1.2157824277877807,11.147150993347168,0.35713422298431396,0.6184114217758179,0.5662347078323364,1.078283667564392,0.4900153577327728,0.9124423861503601,0.9477726817131042,0.7117164134979248,0.43092614598572254,0.45345801394432783
157,1.2086437463760376,11.105609893798828,0.3644838333129883,0.6096247434616089,0.5672563314437866,1.080924153327942,0.47926267981529236,0.9109063148498535,0.9477726817131042,0.7130952477455139,0.43034544913098216,0.45272992830723524
158,1.2046170949935913,11.146299362182617,0.3580721914768219,0.5889143943786621,0.567924439907074,1.0870455503463745,0.4823348820209503,0.9016897082328796,0.937019944190979,0.7171211838722229,0.4325460880063474,0.45497172698378563
159,1.215233564376831,11.1476411819458,0.36061015725135803,0.5868712663650513,0.5656049847602844,1.0786675214767456,0.4777265787124634,0.9032257795333862,0.940092146396637,0.7113415598869324,0.5295125753618777,0.552098433021456
160,1.205992293357849,11.162992477416992,0.36291852593421936,0.6056368947029114,0.5669936537742615,1.0782034397125244,0.47158217430114746,0.9093701839447021,0.9462365508079529,0.711580753326416,0.4293868849053979,0.4519229931756854
161,1.2100035429000855,11.136564254760742,0.3596547245979309,0.6091719269752502,0.5643123984336853,1.0819945335388184,0.4854070544242859,0.9170507192611694,0.9416282773017883,0.7139075994491577,0.42856429796665907,0.45099528692662716
162,1.2161396980285644,11.145212173461914,0.3653242290019989,0.5980395674705505,0.5654304027557373,1.078621745109558,0.4761904776096344,0.9062979817390442,0.9447004795074463,0.7114968299865723,0.42842587921768427,0.4509174581617117
163,1.2063823699951173,11.158561706542969,0.36778372526168823,0.6073251962661743,0.5685300827026367,1.0818246603012085,0.4777265787124634,0.9078341126441956,0.9477726817131042,0.7141503095626831,0.43073721695691347,0.45331268524751067
164,1.2081348657608033,11.124593734741211,0.35983335971832275,0.5962930917739868,0.5725700259208679,1.100200891494751,0.47926267981529236,0.8970814347267151,0.937019944190979,0.7267018556594849,0.42838390031829476,0.45078149903565645
165,1.2038416147232056,11.123947143554688,0.3737776577472687,0.5918998718261719,0.5662388801574707,1.0750600099563599,0.4761904776096344,0.9078341126441956,0.9477726817131042,0.708888828754425,0.6478831460699439,0.6706580631434917
166,1.2156990051269532,11.153457641601562,0.3683041036128998,0.58814936876297,0.5625537037849426,1.0809521675109863,0.4900153577327728,0.9032257795333862,0.940092146396637,0.7126275897026062,0.4296168927103281,0.45206446200609207
167,1.2149354696273804,11.214574813842773,0.36389052867889404,0.6195979714393616,0.5697303414344788,1.0819709300994873,0.48694315552711487,0.9109063148498535,0.9431643486022949,0.7143936157226562,0.43204598035663366,0.4544879593886435
168,1.204319143295288,11.192608833312988,0.36607784032821655,0.6162751913070679,0.5680386424064636,1.0779030323028564,0.4854070544242859,0.9155145883560181,0.9462365508079529,0.7115025520324707,0.4292153650894761,0.4517192943021655
169,1.2116542339324952,11.254792213439941,0.36242952942848206,0.5850186347961426,0.5652760863304138,1.0839667320251465,0.47926267981529236,0.9016897082328796,0.9385560750961304,0.71466064453125,0.4299802612513304,0.4525751690380275
170,1.2063583850860595,11.24930191040039,0.3687259554862976,0.5873266458511353,0.5643542408943176,1.0790878534317017,0.47926267981529236,0.9093701839447021,0.9385560750961304,0.7117005586624146,0.42938860366120934,0.45192964281886816
171,1.2067315578460693,11.281230926513672,0.3658442199230194,0.6010901927947998,0.5644686222076416,1.0758203268051147,0.4838709533214569,0.9062979817390442,0.9462365508079529,0.7098521590232849,0.4352739523164928,0.459427822381258
172,1.209725022315979,11.281416893005371,0.3676181435585022,0.6047112345695496,0.5626030564308167,1.0769102573394775,0.47926267981529236,0.9139785170555115,0.9431643486022949,0.7105477452278137,0.4413079498335719,0.4638820579275489
173,1.2062213659286498,11.2877779006958,0.3736920952796936,0.600116491317749,0.5660548806190491,1.0783531665802002,0.48694315552711487,0.9093701839447021,0.9493087530136108,0.711211621761322,0.4300131411291659,0.452536519151181
174,1.2048051834106446,11.295856475830078,0.37040576338768005,0.5919116139411926,0.5680028200149536,1.0816746950149536,0.4838709533214569,0.9016897082328796,0.940092146396637,0.7134002447128296,0.4287679069675505,0.45124112581834197
175,1.2133167266845704,11.29156494140625,0.3715287446975708,0.5903969407081604,0.5681431293487549,1.0810697078704834,0.4761904776096344,0.9016897082328796,0.9385560750961304,0.7126574516296387,0.4288250277750194,0.45131405675783753
176,1.2073017597198485,11.2724609375,0.3727482557296753,0.6130697727203369,0.5699988603591919,1.0847758054733276,0.4823348820209503,0.9139785170555115,0.9477726817131042,0.7163446545600891,0.4307508277706802,0.4532938161864877
177,1.2170541763305665,11.292130470275879,0.3755285441875458,0.6057681441307068,0.5641419291496277,1.0773067474365234,0.48079878091812134,0.9124423861503601,0.9431643486022949,0.7109214663505554,0.4294174243696034,0.4519004230387509
178,1.2021337270736694,11.31216049194336,0.37388890981674194,0.6009637117385864,0.5635605454444885,1.078377604484558,0.4761904776096344,0.9078341126441956,0.9431643486022949,0.7112794518470764,0.42964101303368807,0.45212620217353106
179,1.2101243019104004,11.309377670288086,0.3740103840827942,0.5865448117256165,0.5685557723045349,1.0853817462921143,0.47158217430114746,0.8986175060272217,0.940092146396637,0.7158346176147461,0.4310480747371912,0.4535224540159106
180,1.2065304517745972,11.303508758544922,0.3844332993030548,0.5903375148773193,0.5690488219261169,1.07999587059021,0.4669739007949829,0.9109063148498535,0.9447004795074463,0.7119928598403931,0.43000189075246453,0.45242892019450665
181,1.217353892326355,11.336837768554688,0.3714248538017273,0.6127759218215942,0.5659672617912292,1.08428955078125,0.4746543765068054,0.9047619104385376,0.9447004795074463,0.7162156701087952,0.7806486398912966,0.8035863460972905
182,1.220187282562256,11.34481430053711,0.37673476338386536,0.6116305589675903,0.5687322616577148,1.0897868871688843,0.4838709533214569,0.9032257795333862,0.9462365508079529,0.7194119095802307,0.4299003421328962,0.4523374610580504
183,1.205719518661499,11.27865219116211,0.37539082765579224,0.619595468044281,0.5681635737419128,1.0796691179275513,0.4838709533214569,0.9170507192611694,0.9523809552192688,0.7124041318893433,0.43054801877588034,0.4530433169566095
184,1.2094248056411743,11.236806869506836,0.3675857186317444,0.590256929397583,0.5641986727714539,1.0756433010101318,0.4746543765068054,0.9016897082328796,0.9416282773017883,0.7091497778892517,0.8027433608658612,0.8252959800884128
185,1.2127996921539306,11.206429481506348,0.3682563006877899,0.5879937410354614,0.5655500888824463,1.0823979377746582,0.47311827540397644,0.9016897082328796,0.9416282773017883,0.7137690782546997,0.8107703570276499,0.8336135940626264
186,1.2076115131378173,11.197604179382324,0.36949601769447327,0.6061092615127563,0.5632938146591187,1.081160545349121,0.48694315552711487,0.9093701839447021,0.9447004795074463,0.7135527729988098,0.4296352230012417,0.4523078203201294
187,1.205082154273987,11.208789825439453,0.37578117847442627,0.6100149750709534,0.5654172897338867,1.075974941253662,0.4900153577327728,0.9078341126441956,0.9477726817131042,0.7096854448318481,0.4294687337242067,0.4519688719883561
188,1.2204689979553223,11.182022094726562,0.3635197579860687,0.5937976837158203,0.5701752305030823,1.0857572555541992,0.4685099720954895,0.9032257795333862,0.9416282773017883,0.7162752747535706,0.4290971555747092,0.45159940468147397
189,1.2171303033828735,11.220812797546387,0.36935070157051086,0.604770302772522,0.5656741261482239,1.0749934911727905,0.4823348820209503,0.9093701839447021,0.9462365508079529,0.7091036438941956,0.42870837822556496,0.45109318709000945
190,1.208393383026123,11.23849868774414,0.3699667453765869,0.6192460060119629,0.567039430141449,1.0807220935821533,0.4823348820209503,0.9078341126441956,0.9493087530136108,0.7135836482048035,0.4302441398613155,0.4526931489817798
191,1.213593339920044,11.271517753601074,0.36831435561180115,0.5992273688316345,0.5688148736953735,1.0794750452041626,0.48079878091812134,0.9032257795333862,0.9447004795074463,0.7123329043388367,0.7724162447266281,0.795673999004066
192,1.2082906723022462,11.248751640319824,0.37019839882850647,0.596298098564148,0.5628474354743958,1.0792607069015503,0.4854070544242859,0.9093701839447021,0.9462365508079529,0.7119166254997253,0.430353038944304,0.4530733870342374
193,1.2216719150543214,11.242849349975586,0.37057986855506897,0.6008988618850708,0.5642183423042297,1.0791808366775513,0.4854070544242859,0.9062979817390442,0.9416282773017883,0.7121962904930115,0.42915733624249697,0.4516760939732194
194,1.2146596908569336,11.23132610321045,0.3789772689342499,0.6173380613327026,0.5656430721282959,1.0774428844451904,0.49462366104125977,0.9201228618621826,0.9539170265197754,0.7110365033149719,0.428915336728096,0.4513746160082519
195,1.2025612354278565,11.284416198730469,0.3753032684326172,0.6056841015815735,0.5653252005577087,1.0810773372650146,0.4900153577327728,0.9078341126441956,0.940092146396637,0.7135265469551086,0.43090355582535267,0.453366634901613
196,1.2039705753326415,11.311884880065918,0.37547793984413147,0.5786493420600891,0.5639511346817017,1.0806714296340942,0.4777265787124634,0.9032257795333862,0.940092146396637,0.7120778560638428,0.4292390951886773,0.45177500415593386
197,1.2100208759307862,11.356149673461914,0.3767610788345337,0.586066722869873,0.5675094723701477,1.076244592666626,0.4777265787124634,0.9109063148498535,0.9416282773017883,0.7091749310493469,0.4286669879220426,0.45112335681915283
198,1.2162370204925537,11.350458145141602,0.3767925202846527,0.610358476638794,0.563520610332489,1.0806379318237305,0.4900153577327728,0.9093701839447021,0.9431643486022949,0.7133513689041138,0.43259992683306336,0.4550518561154604
199,1.211737084388733,11.362855911254883,0.3757255971431732,0.6289947032928467,0.5659568905830383,1.0808120965957642,0.48694315552711487,0.9139785170555115,0.9477726817131042,0.7135002613067627,0.43136453395709395,0.4539238321594894
200,1.2166077852249146,11.365374565124512,0.3731117844581604,0.5989550948143005,0.5645172595977783,1.0824191570281982,0.4915514588356018,0.9047619104385376,0.9416282773017883,0.7142032980918884,0.4300130708143115,0.4526351587846875
201,1.2133774757385254,11.410441398620605,0.37491264939308167,0.603783130645752,0.5653212070465088,1.077545404434204,0.47311827540397644,0.9093701839447021,0.9447004795074463,0.710559606552124,0.42858278891071677,0.4510054481215775
202,1.2051224946975707,11.472591400146484,0.37094172835350037,0.6066467761993408,0.5697669982910156,1.0831599235534668,0.48694315552711487,0.9016897082328796,0.9431643486022949,0.7147605419158936,0.6820185519754887,0.7044947710819542
203,1.2085780143737792,11.478653907775879,0.37299415469169617,0.5892537236213684,0.5681177973747253,1.0830379724502563,0.47311827540397644,0.9032257795333862,0.9385560750961304,0.7145039439201355,0.5432763695716858,0.5658755977638066
204,1.2073972702026368,11.484785079956055,0.37108293175697327,0.5937212109565735,0.5623902082443237,1.0767936706542969,0.4854070544242859,0.9124423861503601,0.940092146396637,0.70991051197052,0.43295250460505486,0.45575114293023944
205,1.216389536857605,11.446622848510742,0.37586894631385803,0.6008332967758179,0.5671836733818054,1.0788655281066895,0.48847925662994385,0.9062979817390442,0.9477726817131042,0.7116572260856628,0.43044421914964914,0.4529129480943084
206,1.206671452522278,11.469942092895508,0.36968332529067993,0.6248441934585571,0.5669371485710144,1.0872862339019775,0.48847925662994385,0.9078341126441956,0.9447004795074463,0.7183142304420471,0.4321913989260793,0.4547806871123612
207,1.203079342842102,11.480158805847168,0.37782660126686096,0.5977926850318909,0.5643201470375061,1.078748106956482,0.4761904776096344,0.9062979817390442,0.9416282773017883,0.7115728855133057,0.4299239106476307,0.45240467973053455
208,1.206896471977234,11.509001731872559,0.3797996938228607,0.570411741733551,0.5695099234580994,1.0859211683273315,0.459293395280838,0.8986175060272217,0.9431643486022949,0.7147846817970276,0.4289418673142791,0.4513182560913265
209,1.2108028411865235,11.526963233947754,0.37708666920661926,0.6026801466941833,0.5640848278999329,1.0843887329101562,0.4838709533214569,0.9109063148498535,0.9416282773017883,0.7155786156654358,0.4283800097182393,0.4508522590622306
210,1.2105061054229735,11.484574317932129,0.3777013123035431,0.622549295425415,0.5645809173583984,1.083688735961914,0.4915514588356018,0.9109063148498535,0.9447004795074463,0.7155808210372925,0.43176394095644355,0.4543962492607534
211,1.207218313217163,11.491562843322754,0.38260921835899353,0.5992459654808044,0.5740170478820801,1.0873386859893799,0.47311827540397644,0.9062979817390442,0.9447004795074463,0.717470109462738,0.4358623600564897,0.45838065817952156
212,1.222608208656311,11.48209285736084,0.3776051104068756,0.5836388468742371,0.5660575032234192,1.0817835330963135,0.48079878091812134,0.8986175060272217,0.9447004795074463,0.7129102349281311,0.4303702488541603,0.45282593788579106
213,1.216568660736084,11.542319297790527,0.3891080617904663,0.6170128583908081,0.5659906268119812,1.0773255825042725,0.48694315552711487,0.9124423861503601,0.9493087530136108,0.7107670903205872,0.428500868845731,0.4510149881243706
214,1.215425968170166,11.516197204589844,0.37350359559059143,0.6441004872322083,0.5718022584915161,1.0902096033096313,0.4915514588356018,0.9078341126441956,0.9493087530136108,0.7204869389533997,0.4285412090830505,0.4512108569033444
215,1.2131829977035522,11.512986183166504,0.3792232275009155,0.5954204797744751,0.5638468861579895,1.0757129192352295,0.47926267981529236,0.9109063148498535,0.9431643486022949,0.7093387842178345,0.4291067849844694,0.45155139407142997
216,1.2115307092666625,11.475214004516602,0.38092041015625,0.5876758098602295,0.5645001530647278,1.079194188117981,0.47311827540397644,0.8986175060272217,0.9447004795074463,0.7114992737770081,0.4296316131949425,0.4522710111923516
217,1.2129823923110963,11.469929695129395,0.3809010684490204,0.6056818962097168,0.5736650824546814,1.087618350982666,0.48079878091812134,0.900153636932373,0.9462365508079529,0.7178652882575989,0.4286693288013339,0.45117191690951586
218,1.2096856117248536,11.469369888305664,0.38257813453674316,0.6162813305854797,0.568545401096344,1.0827206373214722,0.4746543765068054,0.9078341126441956,0.9447004795074463,0.7149317860603333,0.4321324899792671,0.45456618908792734
219,1.215570092201233,11.478147506713867,0.3824915885925293,0.6028066277503967,0.5662334561347961,1.0854629278182983,0.48694315552711487,0.9047619104385376,0.9477726817131042,0.7161327600479126,0.4300818210467696,0.4536231141537428
220,1.2119216203689576,11.46751880645752,0.378133088350296,0.6015204787254333,0.568815290927887,1.0826690196990967,0.48079878091812134,0.9047619104385376,0.9416282773017883,0.7143672704696655,0.430497779045254,0.4529998069629073
221,1.2130538940429687,11.445945739746094,0.38404029607772827,0.6011970639228821,0.5661397576332092,1.083925724029541,0.4777265787124634,0.9093701839447021,0.9431643486022949,0.7151291966438293,0.42910939594730735,0.4515897147357464
222,1.211170244216919,11.428703308105469,0.3839680552482605,0.6153253316879272,0.5689777135848999,1.082653284072876,0.4854070544242859,0.9078341126441956,0.9462365508079529,0.7147576212882996,0.42877025809139013,0.4511607070453465
223,1.2112531900405883,11.406900405883789,0.38153690099716187,0.60728520154953,0.5669982433319092,1.0787009000778198,0.48694315552711487,0.9139785170555115,0.9462365508079529,0.7116184234619141,0.428618588950485,0.45126562705263495
224,1.2176976442337035,11.419898986816406,0.38140571117401123,0.5988471508026123,0.5703217387199402,1.090765357017517,0.4746543765068054,0.9032257795333862,0.9462365508079529,0.7201679944992065,0.42978322226554155,0.45218840101733804
225,1.2039816617965697,11.496268272399902,0.37051522731781006,0.6142763495445251,0.5647499561309814,1.0804195404052734,0.4838709533214569,0.9124423861503601,0.9447004795074463,0.7130002975463867,0.42940519470721483,0.451851193793118
226,1.2122612953186036,11.505074501037598,0.3792366087436676,0.5995237827301025,0.5684618949890137,1.082053542137146,0.4685099720954895,0.9078341126441956,0.9493087530136108,0.7136721611022949,0.6779440240934491,0.7007517609745264
227,1.2164370536804199,11.521629333496094,0.3718402683734894,0.5975528955459595,0.5663305521011353,1.0807019472122192,0.46236559748649597,0.9032257795333862,0.9431643486022949,0.7128406763076782,0.42945716390386224,0.4519381527788937
228,1.222174072265625,11.496293067932129,0.35799893736839294,0.6162134408950806,0.5715710520744324,1.09280264377594,0.48079878091812134,0.9093701839447021,0.940092146396637,0.7219398021697998,0.4292058958671987,0.45172375394031405
229,1.2108603239059448,11.433765411376953,0.36605170369148254,0.6297430992126465,0.5663651823997498,1.0778472423553467,0.4930875599384308,0.9124423861503601,0.9554531574249268,0.7113173604011536,0.42961772298440337,0.45212682196870446
230,1.2116870880126953,11.449868202209473,0.36819514632225037,0.5866870284080505,0.5694050192832947,1.0824881792068481,0.4746543765068054,0.9062979817390442,0.9462365508079529,0.7132734060287476,0.4301764313131571,0.4527643392793834
231,1.2258630752563477,11.422649383544922,0.3509294092655182,0.5987942814826965,0.5696225166320801,1.0901122093200684,0.4761904776096344,0.9032257795333862,0.9462365508079529,0.7195350527763367,0.43103982508182526,0.4535360340960324
232,1.2201919555664062,11.340208053588867,0.3634377419948578,0.639221727848053,0.5642228722572327,1.0771297216415405,0.4976958632469177,0.9170507192611694,0.9477726817131042,0.7109763026237488,0.4303793986327946,0.4528686976991594
233,1.2242763042449951,11.313786506652832,0.36577996611595154,0.6280953288078308,0.5707852244377136,1.0826964378356934,0.4823348820209503,0.9155145883560181,0.9493087530136108,0.7147547006607056,0.4319222513586283,0.4544535893946886
234,1.2049533367156982,11.28469467163086,0.35791662335395813,0.6028931140899658,0.5673781037330627,1.0847620964050293,0.4823348820209503,0.9062979817390442,0.9447004795074463,0.7159417867660522,0.4301318400539458,0.45282220793887973
235,1.2080636501312256,11.315600395202637,0.3588748574256897,0.5820543766021729,0.5660276412963867,1.0823768377304077,0.4761904776096344,0.9016897082328796,0.937019944190979,0.7133871912956238,0.42971974331885576,0.45226334128528833
236,1.2217344999313355,11.311426162719727,0.3638204038143158,0.5896607637405396,0.5645862817764282,1.0767978429794312,0.4761904776096344,0.9078341126441956,0.9462365508079529,0.709913432598114,0.4296539621427655,0.45211106119677424
237,1.2077579259872437,11.2366361618042,0.364774227142334,0.641289472579956,0.5677176117897034,1.0833755731582642,0.5007680654525757,0.9155145883560181,0.9508448243141174,0.7156564593315125,0.4293377152644098,0.45180839393287897
238,1.2112743854522705,11.32658863067627,0.365562379360199,0.6105849742889404,0.563653290271759,1.0747007131576538,0.4746543765068054,0.9170507192611694,0.9416282773017883,0.7090336680412292,0.4325600969605148,0.4549876260571182
239,1.2124969959259033,11.31245231628418,0.3740026652812958,0.581257164478302,0.5646358728408813,1.08173668384552,0.4746543765068054,0.900153636932373,0.937019944190979,0.7129586338996887,0.43040634877979755,0.4528575581498444
240,1.2147688627243043,11.328542709350586,0.3719271123409271,0.5918169021606445,0.5651270151138306,1.0761479139328003,0.46390169858932495,0.9047619104385376,0.9447004795074463,0.709489107131958,0.43204210000112653,0.454490399453789
241,1.2133599281311036,11.345916748046875,0.3746929168701172,0.6237839460372925,0.5684861540794373,1.0823959112167358,0.4823348820209503,0.9047619104385376,0.9477726817131042,0.7147218585014343,0.42944875406101346,0.45209430204704404
242,1.2087194204330445,11.314623832702637,0.38308578729629517,0.6181897521018982,0.5635113716125488,1.076935052871704,0.48847925662994385,0.9109063148498535,0.9493087530136108,0.7104501724243164,0.6551007968373597,0.6775756860151887
243,1.204278039932251,11.373859405517578,0.37099307775497437,0.5825483798980713,0.5644530057907104,1.0840909481048584,0.4700460731983185,0.9032257795333862,0.9447004795074463,0.7148023247718811,0.4296127427369356,0.4521230417303741
244,1.210926079750061,11.431306838989258,0.38279977440834045,0.5781364440917969,0.5674244165420532,1.0797256231307983,0.4700460731983185,0.8970814347267151,0.9447004795074463,0.7112946510314941,0.47710534697398543,0.4999030642211437
245,1.2126991271972656,11.434074401855469,0.3811115026473999,0.6194930672645569,0.5680742859840393,1.0795425176620483,0.4823348820209503,0.9124423861503601,0.9477726817131042,0.712523341178894,0.42913071578368545,0.45163785479962826
246,1.21017644405365,11.505367279052734,0.3697725236415863,0.6137223243713379,0.5635359287261963,1.078903317451477,0.4930875599384308,0.9093701839447021,0.9477726817131042,0.7119867205619812,0.4326895256526768,0.45515574468299747
247,1.22191264629364,11.459085464477539,0.37148526310920715,0.5956668853759766,0.5686323642730713,1.084719181060791,0.4777265787124634,0.9016897082328796,0.9462365508079529,0.7157518863677979,0.8177235699258745,0.8405105769634247
248,1.219606637954712,11.470460891723633,0.37572944164276123,0.6244572401046753,0.5683856010437012,1.0825996398925781,0.48694315552711487,0.918586790561676,0.9508448243141174,0.7145951390266418,0.43383669992908835,0.4564796080812812
249,1.2140950679779052,11.4730224609375,0.3656429946422577,0.6317493319511414,0.5654424428939819,1.0792136192321777,0.4976958632469177,0.9124423861503601,0.9447004795074463,0.7123355269432068,0.4289660560898483,0.45145808486267924
250,1.2094592571258544,11.432405471801758,0.3674892783164978,0.5952111482620239,0.5675445199012756,1.088253378868103,0.4823348820209503,0.900153636932373,0.9431643486022949,0.7178053259849548,0.42910993518307805,0.4517320040613413
251,1.2092621088027955,11.460005760192871,0.37700071930885315,0.5918842554092407,0.568170964717865,1.0787556171417236,0.4685099720954895,0.9109063148498535,0.9477726817131042,0.7110112309455872,0.4299004920758307,0.4524708101525903
252,1.2060747385025024,11.458340644836426,0.368204265832901,0.5962532162666321,0.5671032667160034,1.0892629623413086,0.4777265787124634,0.9016897082328796,0.9431643486022949,0.7189435362815857,0.42934156488627195,0.4518569530919194
253,1.2137168169021606,11.490710258483887,0.3657318949699402,0.6088675856590271,0.5664143562316895,1.0817970037460327,0.4915514588356018,0.9062979817390442,0.9431643486022949,0.7142072916030884,0.7235815580934286,0.7463742052204907
254,1.2092440366744994,11.452188491821289,0.37038809061050415,0.6011945605278015,0.5685930252075195,1.081538438796997,0.48847925662994385,0.9124423861503601,0.9493087530136108,0.7132419347763062,0.43115681502968073,0.45363985328003764
255,1.2159141778945923,11.50147533416748,0.3645361363887787,0.6011431217193604,0.5663338899612427,1.084507703781128,0.4761904776096344,0.9062979817390442,0.9462365508079529,0.715596079826355,0.42921774461865425,0.4517000736668706
256,1.2166892290115356,11.51082706451416,0.368655264377594,0.6106425523757935,0.5666717886924744,1.0811548233032227,0.4900153577327728,0.9124423861503601,0.9416282773017883,0.7135303616523743,0.4291665959171951,0.45178633416071534
257,1.2072284698486329,11.505517959594727,0.3739743232727051,0.6173397302627563,0.5699590444564819,1.0849424600601196,0.4761904776096344,0.9170507192611694,0.9493087530136108,0.7160607576370239,0.4295900329016149,0.4520858018659055
258,1.214220976829529,11.471667289733887,0.3621441125869751,0.5999936461448669,0.5671442747116089,1.0833911895751953,0.4669739007949829,0.9062979817390442,0.9477726817131042,0.714869499206543,0.434870065189898,0.4575234418734908
259,1.21670503616333,11.445699691772461,0.36745184659957886,0.5996360182762146,0.5665186643600464,1.0801206827163696,0.4838709533214569,0.9016897082328796,0.9447004795074463,0.7127798199653625,0.4306025472469628,0.45310208620503545
260,1.2112347602844238,11.444892883300781,0.37634432315826416,0.6119111776351929,0.569157063961029,1.080855131149292,0.4915514588356018,0.9078341126441956,0.9462365508079529,0.7133448719978333,0.43225418915972114,0.45497250696644187
261,1.2176711559295654,11.421769142150879,0.3667243421077728,0.607413649559021,0.566528856754303,1.0862326622009277,0.4823348820209503,0.9078341126441956,0.9447004795074463,0.7169896960258484,0.42966498201712966,0.4526345790363848
262,1.2141937494277955,11.444974899291992,0.37131431698799133,0.6012292504310608,0.5624192953109741,1.0740368366241455,0.49615976214408875,0.9109063148498535,0.9447004795074463,0.7086255550384521,0.4345688261091709,0.4571962542831898
263,1.2137986421585083,11.46676254272461,0.3740957975387573,0.6089433431625366,0.5711034536361694,1.0825082063674927,0.4761904776096344,0.9109063148498535,0.9508448243141174,0.7144531011581421,0.430620557628572,0.45312927663326263
264,1.2082082033157349,11.472482681274414,0.36848902702331543,0.6142237782478333,0.5645837783813477,1.0807908773422241,0.4900153577327728,0.9078341126441956,0.9416282773017883,0.713668167591095,0.4304785090498626,0.4530649669468403
265,1.2083839893341064,11.448775291442871,0.37633460760116577,0.5919951796531677,0.5656874179840088,1.0785728693008423,0.4777265787124634,0.9093701839447021,0.9385560750961304,0.7112637758255005,0.4300622600130737,0.4526173588819802
266,1.2118175268173217,11.435063362121582,0.3835563361644745,0.5918456315994263,0.5696287155151367,1.078834056854248,0.48079878091812134,0.9078341126441956,0.9477726817131042,0.7113203406333923,0.47671948932111263,0.49983561504632235
267,1.2054242372512818,11.426323890686035,0.3715638816356659,0.6089251637458801,0.5673729181289673,1.087913155555725,0.4854070544242859,0.9016897082328796,0.9462365508079529,0.7184399962425232,0.43353485176339746,0.456485188100487
268,1.2168692111968995,11.465985298156738,0.3815020024776459,0.607612133026123,0.5665581226348877,1.0835639238357544,0.4854070544242859,0.9109063148498535,0.9477726817131042,0.715140163898468,0.4301057211123407,0.4525798801332712
269,1.212448239326477,11.525394439697266,0.38327649235725403,0.6079585552215576,0.5708358883857727,1.0839290618896484,0.47311827540397644,0.9124423861503601,0.9539170265197754,0.7154272198677063,0.4296088330447674,0.4523814101703465
270,1.2189923763275146,11.553993225097656,0.36571788787841797,0.6007595062255859,0.5702946782112122,1.0932285785675049,0.4823348820209503,0.9016897082328796,0.9493087530136108,0.7217687964439392,0.42942896392196417,0.4520486118271947
271,1.2183807373046875,11.513165473937988,0.38407498598098755,0.6253052949905396,0.5708156228065491,1.0837308168411255,0.4823348820209503,0.9139785170555115,0.9493087530136108,0.7151573896408081,0.4292907346971333,0.45185317285358906
272,1.2001769304275514,11.529738426208496,0.37460803985595703,0.6063590049743652,0.564793050289154,1.0756285190582275,0.4838709533214569,0.9109063148498535,0.9447004795074463,0.7094576358795166,0.4284871998243034,0.4510011179372668
273,1.2173450469970704,11.586169242858887,0.3639119565486908,0.5679059028625488,0.566956639289856,1.0915549993515015,0.4685099720954895,0.8970814347267151,0.937019944190979,0.7187548875808716,0.43051335820928216,0.4531624959781766
274,1.2179688215255737,11.555474281311035,0.3711090683937073,0.6260604858398438,0.5713923573493958,1.0856562852859497,0.4777265787124634,0.9078341126441956,0.9539170265197754,0.7169423699378967,0.43665476562455297,0.45977864088490605
275,1.2159377813339234,11.544313430786133,0.3668864667415619,0.6309686303138733,0.5663266777992249,1.079492211341858,0.4900153577327728,0.9201228618621826,0.9462365508079529,0.7125276327133179,0.4307748368009925,0.45342777483165264
276,1.2123125314712524,11.511298179626465,0.367087721824646,0.6098425388336182,0.5667115449905396,1.0856046676635742,0.48847925662994385,0.9047619104385376,0.9431643486022949,0.7166188955307007,0.43174934200942516,0.4544316497631371
277,1.2146251440048217,11.522787094116211,0.3765547275543213,0.5941064357757568,0.5707401037216187,1.0808910131454468,0.46543779969215393,0.9078341126441956,0.9431643486022949,0.7127969264984131,0.4283205703832209,0.45078510930761695
278,1.2052820205688477,11.493767738342285,0.36768200993537903,0.609963595867157,0.5649881958961487,1.0809144973754883,0.4746543765068054,0.9078341126441956,0.9462365508079529,0.7133255004882812,0.4286717288196087,0.45113438786938787
279,1.2172521829605103,11.498491287231445,0.3779398202896118,0.5921736359596252,0.5634880661964417,1.073551058769226,0.4777265787124634,0.9062979817390442,0.9462365508079529,0.7079521417617798,0.42855944903567433,0.4509579478763044
280,1.2088138580322265,11.45988941192627,0.38312357664108276,0.6134467124938965,0.5680150389671326,1.0809282064437866,0.48847925662994385,0.9109063148498535,0.9508448243141174,0.7134803533554077,0.4322913386859,0.454797837883234
281,1.2054342031478882,11.455850601196289,0.3825415074825287,0.6033060550689697,0.566872775554657,1.0862252712249756,0.4823348820209503,0.9093701839447021,0.940092146396637,0.7169128060340881,0.43053951812908053,0.4533025352284312
282,1.2101154327392578,11.496213912963867,0.3833564519882202,0.585925281047821,0.5670042634010315,1.0791605710983276,0.4761904776096344,0.9016897082328796,0.9385560750961304,0.7113222479820251,0.6614134330302477,0.683962931856513
283,1.2127923011779784,11.482394218444824,0.38221728801727295,0.5981061458587646,0.5612980723381042,1.075197458267212,0.4930875599384308,0.9078341126441956,0.940092146396637,0.7091347575187683,0.42938132397830486,0.45205859187990427
284,1.2050006151199342,11.507624626159668,0.3883395195007324,0.6058356165885925,0.5643765926361084,1.0796438455581665,0.4823348820209503,0.9016897082328796,0.9477726817131042,0.7123892307281494,0.42916348529979587,0.4517358331941068
285,1.210522675514221,11.504014015197754,0.3926234245300293,0.5991542339324951,0.5668421983718872,1.0762444734573364,0.4685099720954895,0.9124423861503601,0.9447004795074463,0.7098982930183411,0.4288732367567718,0.4513199059292674
286,1.2080280780792236,11.505101203918457,0.38485056161880493,0.5971220135688782,0.5678562521934509,1.0807081460952759,0.48079878091812134,0.9124423861503601,0.9416282773017883,0.7129303216934204,0.4292154060676694,0.45163162471726537
287,1.2094664812088012,11.47513484954834,0.3924766182899475,0.5931803584098816,0.5679750442504883,1.0815330743789673,0.48847925662994385,0.9093701839447021,0.9462365508079529,0.7133738994598389,0.4295912538655102,0.45202644309028983
288,1.2122769832611084,11.470637321472168,0.3901176452636719,0.6033858060836792,0.568253219127655,1.081576943397522,0.46390169858932495,0.9062979817390442,0.9431643486022949,0.7137041091918945,0.6332423449493945,0.6564629501663148
289,1.220375394821167,11.490971565246582,0.39179036021232605,0.6080797910690308,0.5674983859062195,1.0818626880645752,0.4838709533214569,0.9047619104385376,0.9431643486022949,0.7139286398887634,0.43087581684812903,0.45345675479620695
290,1.2214195013046265,11.462974548339844,0.38929954171180725,0.6329456567764282,0.5697254538536072,1.0867489576339722,0.4976958632469177,0.9139785170555115,0.9462365508079529,0.7175208330154419,0.4290001760236919,0.4514446151442826
291,1.2150643825531007,11.45714282989502,0.3879724144935608,0.6123276948928833,0.5681058168411255,1.0807021856307983,0.47311827540397644,0.9124423861503601,0.9447004795074463,0.7130898833274841,0.42906573601067066,0.4515181048773229
292,1.215943956375122,11.425032615661621,0.39459189772605896,0.5869995951652527,0.5648126006126404,1.0784846544265747,0.4777265787124634,0.9062979817390442,0.9416282773017883,0.7111493945121765,0.4312758441083133,0.4538749121129513
293,1.214150619506836,11.486326217651367,0.384612500667572,0.6065030097961426,0.5668250322341919,1.0855058431625366,0.4915514588356018,0.9032257795333862,0.9416282773017883,0.7164085507392883,0.42910236585885286,0.45156547520309687
294,1.2118698358535767,11.566082954406738,0.38258782029151917,0.6229181289672852,0.5665870308876038,1.076776146888733,0.47926267981529236,0.9155145883560181,0.9493087530136108,0.7103946805000305,0.43108687503263354,0.4536354336887598
295,1.2195878505706788,11.584403038024902,0.37877804040908813,0.6013898849487305,0.5678367018699646,1.0777363777160645,0.48079878091812134,0.9078341126441956,0.9462365508079529,0.7112571597099304,0.4343773969449103,0.4568420657888055
296,1.208114457130432,11.6253080368042,0.3738061785697937,0.6120615601539612,0.5667005777359009,1.0867598056793213,0.4854070544242859,0.9062979817390442,0.9462365508079529,0.7175191044807434,0.43055377760902047,0.45329150557518005
297,1.2048290014266967,11.660481452941895,0.37471744418144226,0.5999458432197571,0.5708962082862854,1.0860239267349243,0.4838709533214569,0.9078341126441956,0.9431643486022949,0.7165657877922058,0.4282774003222585,0.45067983912304044
298,1.2035260677337647,11.675971031188965,0.37080082297325134,0.5788480639457703,0.5700981616973877,1.0907119512557983,0.46236559748649597,0.8970814347267151,0.9416282773017883,0.7186640501022339,0.4281545407138765,0.4505974897183478
299,1.2092743635177612,11.692768096923828,0.3745834231376648,0.5931393504142761,0.5675995349884033,1.0796438455581665,0.46236559748649597,0.9016897082328796,0.9431643486022949,0.7120907306671143,0.42889432702213526,0.451314106117934
300,1.209108328819275,11.661874771118164,0.3701174557209015,0.6159441471099854,0.564791738986969,1.0800117254257202,0.48847925662994385,0.9093701839447021,0.9431643486022949,0.7128532528877258,0.42990681109949946,0.45240285992622375
301,1.2062709331512451,11.695348739624023,0.37918737530708313,0.6160799860954285,0.5647562742233276,1.0788248777389526,0.4915514588356018,0.9078341126441956,0.9462365508079529,0.711900532245636,0.42965446319431067,0.452036262024194
302,1.2043075799942016,11.670950889587402,0.3808217942714691,0.5817983746528625,0.5674722790718079,1.0839489698410034,0.4746543765068054,0.900153636932373,0.940092146396637,0.7148200273513794,0.43238528771325946,0.45486358692869544
303,1.2081823587417602,11.630690574645996,0.38267308473587036,0.5857959389686584,0.5689622163772583,1.085179090499878,0.4685099720954895,0.8955453038215637,0.940092146396637,0.7155110239982605,0.42945032427087426,0.4519729232415557
304,1.2107115030288695,11.604588508605957,0.38746535778045654,0.6101090312004089,0.5640498995780945,1.0748231410980225,0.4854070544242859,0.9093701839447021,0.9431643486022949,0.7088497281074524,0.4295648126862943,0.451986881904304
305,1.2142423391342163,11.632152557373047,0.3928852081298828,0.623005747795105,0.5611395835876465,1.0750476121902466,0.4915514588356018,0.9139785170555115,0.9462365508079529,0.7090879678726196,0.42984161200001836,0.45236315997317433
306,1.205614972114563,11.62682819366455,0.3874191641807556,0.5967616438865662,0.569165825843811,1.0833706855773926,0.48079878091812134,0.9062979817390442,0.9416282773017883,0.7148693799972534,0.428851337172091,0.4513406059704721
307,1.21192524433136,11.626516342163086,0.3903394937515259,0.5812705159187317,0.5687384009361267,1.0864282846450806,0.4761904776096344,0.9016897082328796,0.940092146396637,0.7158101201057434,0.43031081883236766,0.45290302811190486
308,1.207635498046875,11.603999137878418,0.3936150074005127,0.6121320724487305,0.5609423518180847,1.075928807258606,0.5007680654525757,0.9155145883560181,0.9447004795074463,0.7099742889404297,0.43625798681750894,0.45877901604399085
309,1.21996328830719,11.6060791015625,0.39252158999443054,0.608181893825531,0.568425714969635,1.0792121887207031,0.48694315552711487,0.9093701839447021,0.9569892287254333,0.7119702696800232,0.9355385452508926,0.9584748619236052
310,1.207778811454773,11.659798622131348,0.3883308470249176,0.6107102036476135,0.5634506940841675,1.0742764472961426,0.4930875599384308,0.9109063148498535,0.9447004795074463,0.7087423205375671,0.42981973197311163,0.45234710024669766
311,1.2084139585494995,11.68018627166748,0.3984915614128113,0.5968984365463257,0.5678587555885315,1.0790060758590698,0.4746543765068054,0.9016897082328796,0.9493087530136108,0.7118333578109741,0.4289153767749667,0.4513443657197058
312,1.2104705333709718,11.72568130493164,0.39407485723495483,0.5924625396728516,0.5707614421844482,1.0867877006530762,0.4761904776096344,0.9078341126441956,0.940092146396637,0.7166846394538879,0.4306698879227042,0.45316737703979015
313,1.214536714553833,11.724757194519043,0.39781060814857483,0.6014941930770874,0.5631245970726013,1.0793125629425049,0.4976958632469177,0.9093701839447021,0.937019944190979,0.712483286857605,0.4288592073135078,0.4512896863743663
314,1.2057832479476929,11.668279647827148,0.39848199486732483,0.6204513311386108,0.5685753226280212,1.082887887954712,0.4823348820209503,0.9139785170555115,0.9493087530136108,0.7151060104370117,0.42929848469793797,0.4517229637131095
315,1.2106554508209229,11.683267593383789,0.3856261968612671,0.5984512567520142,0.5676450729370117,1.0833351612091064,0.48079878091812134,0.9047619104385376,0.9447004795074463,0.7150011658668518,0.6408337941393256,0.6639728490263224
316,1.2152974367141725,11.752020835876465,0.39411404728889465,0.5851681232452393,0.5648640394210815,1.0831630229949951,0.4669739007949829,0.900153636932373,0.9385560750961304,0.714189887046814,0.429745732806623,0.4521838119253516
317,1.2128119707107543,11.750409126281738,0.39708033204078674,0.6204467415809631,0.5696547627449036,1.0813573598861694,0.47926267981529236,0.9124423861503601,0.9477726817131042,0.7138753533363342,0.4300945498980582,0.45249444898217916
318,1.2110604286193847,11.753460884094238,0.39581558108329773,0.619352400302887,0.5679184198379517,1.0837810039520264,0.48694315552711487,0.9032257795333862,0.9447004795074463,0.7158569693565369,0.42893964797258377,0.4514946360141039
319,1.2122588634490967,11.78761100769043,0.38598543405532837,0.5972162485122681,0.5644508600234985,1.0773348808288574,0.4900153577327728,0.9109063148498535,0.9431643486022949,0.7106286883354187,0.42823439091444016,0.45070058899000287
320,1.2066254138946533,11.808965682983398,0.3909938633441925,0.588020920753479,0.5666568875312805,1.0811814069747925,0.4854070544242859,0.9047619104385376,0.9447004795074463,0.7130424380302429,0.42860301816836,0.4511472671292722
321,1.217778754234314,11.777200698852539,0.38218235969543457,0.5990890264511108,0.5692314505577087,1.085099697113037,0.4746543765068054,0.9032257795333862,0.9462365508079529,0.715942919254303,0.429448904003948,0.45188404293730855
322,1.2123140335083007,11.764856338500977,0.3896784782409668,0.6287683248519897,0.5659188628196716,1.077447533607483,0.48847925662994385,0.9124423861503601,0.9462365508079529,0.7111815214157104,0.4321440290659666,0.45499479630962014
323,1.2199963092803956,11.691393852233887,0.3858245313167572,0.6085401773452759,0.5723941922187805,1.0856170654296875,0.4777265787124634,0.9078341126441956,0.9431643486022949,0.7170605063438416,0.4300158713012934,0.45250617899000645
324,1.2054776668548584,11.61312198638916,0.39544200897216797,0.60638827085495,0.5640720725059509,1.0769436359405518,0.4823348820209503,0.9109063148498535,0.9447004795074463,0.7105503678321838,0.42940886365249753,0.4519430426880717
325,1.2064388275146485,11.668265342712402,0.3981860876083374,0.5876951217651367,0.5627458095550537,1.0770800113677979,0.4746543765068054,0.9093701839447021,0.940092146396637,0.7099112868309021,0.4283917397260666,0.45082978904247284
326,1.1985892295837401,11.690877914428711,0.39569252729415894,0.5951663851737976,0.567205548286438,1.080080270767212,0.47158217430114746,0.9032257795333862,0.9462365508079529,0.7123367190361023,0.42856185883283615,0.45098482770845294
327,1.2140734910964965,11.671647071838379,0.4002625346183777,0.5916902422904968,0.5646194815635681,1.0785218477249146,0.48079878091812134,0.9047619104385376,0.9385560750961304,0.7112188339233398,0.4282900602556765,0.4506799792870879
328,1.207982611656189,11.633217811584473,0.4002673327922821,0.6224852204322815,0.5663887858390808,1.0760232210159302,0.48079878091812134,0.9093701839447021,0.9462365508079529,0.7102672457695007,0.5506769102066755,0.573196629062295
329,1.2107028484344482,11.647464752197266,0.4005635678768158,0.604802131652832,0.5624340176582336,1.0763806104660034,0.48847925662994385,0.9139785170555115,0.9462365508079529,0.7103263139724731,0.43147255294024944,0.45511405589058995
330,1.2113787889480592,11.634529113769531,0.3965572118759155,0.5899474620819092,0.568204402923584,1.0919760465621948,0.4854070544242859,0.8970814347267151,0.9416282773017883,0.7202476859092712,0.4306474281474948,0.4531171857379377
331,1.2140417098999023,11.71743392944336,0.4009745121002197,0.6221495866775513,0.5762401223182678,1.0869659185409546,0.4685099720954895,0.9155145883560181,0.9554531574249268,0.7173406481742859,0.42897279700264335,0.4513891860842705
332,1.2145704269409179,11.731271743774414,0.39669638872146606,0.6044270992279053,0.5642631649971008,1.0822639465332031,0.4930875599384308,0.9093701839447021,0.9431643486022949,0.7139817476272583,0.42867191787809134,0.45106245717033744
333,1.2135073661804199,11.729222297668457,0.388897180557251,0.5978034138679504,0.5664291977882385,1.0800156593322754,0.4761904776096344,0.9047619104385376,0.9462365508079529,0.7127522230148315,0.4294372438453138,0.45206311205402017
334,1.2089360713958741,11.676005363464355,0.3906651437282562,0.5958602428436279,0.5630410313606262,1.0747450590133667,0.4900153577327728,0.9047619104385376,0.9462365508079529,0.7086408734321594,0.4292261847294867,0.45169076370075345
335,1.2148842334747314,11.656736373901367,0.3884177505970001,0.6107082366943359,0.5641258358955383,1.0786066055297852,0.48847925662994385,0.9124423861503601,0.940092146396637,0.7117024660110474,0.4289796561934054,0.45146056497469544
336,1.214082622528076,11.646526336669922,0.3810472786426544,0.6073687076568604,0.568859338760376,1.0843605995178223,0.4823348820209503,0.9032257795333862,0.9447004795074463,0.7158191800117493,0.43036880902945995,0.453298875130713
337,1.2013132333755494,11.667200088500977,0.38424399495124817,0.6019418835639954,0.5641101002693176,1.076248049736023,0.47311827540397644,0.9124423861503601,0.9447004795074463,0.7097367644309998,0.7111593750305474,0.7337867128662765
338,1.2135427474975586,11.691153526306152,0.38788309693336487,0.5843555331230164,0.5645654797554016,1.0809149742126465,0.4700460731983185,0.9093701839447021,0.940092146396637,0.7127756476402283,0.4290602458640933,0.4515427448786795
339,1.2091928958892821,11.661153793334961,0.3928355872631073,0.6066533327102661,0.5662866830825806,1.0779987573623657,0.48079878091812134,0.9109063148498535,0.940092146396637,0.7111124992370605,0.42888528667390347,0.4514034856110811
340,1.2116017103195191,11.65050983428955,0.38358479738235474,0.609569787979126,0.5664995908737183,1.0839226245880127,0.48079878091812134,0.9032257795333862,0.9416282773017883,0.7156729698181152,0.4284710790961981,0.45090117771178484
341,1.2138364791870118,11.6633939743042,0.3903990089893341,0.6064082384109497,0.5673906803131104,1.0848199129104614,0.4915514588356018,0.9047619104385376,0.9462365508079529,0.7159260511398315,0.4294945537112653,0.4522902308963239
342,1.219604730606079,11.687067985534668,0.3959774971008301,0.6007744073867798,0.5663964748382568,1.07563316822052,0.4854070544242859,0.9047619104385376,0.9493087530136108,0.7091879844665527,0.428939166944474,0.451589435338974
343,1.2137906551361084,11.609912872314453,0.39297571778297424,0.6272662878036499,0.5656347274780273,1.080426812171936,0.4930875599384308,0.9139785170555115,0.9462365508079529,0.7135185599327087,0.42974004335701466,0.4522574213333428
344,1.2174991369247437,11.611588478088379,0.4025896489620209,0.6014242172241211,0.5683009624481201,1.0804544687271118,0.48694315552711487,0.9062979817390442,0.9477726817131042,0.7126589417457581,0.6401098179630935,0.6625799569301307
345,1.209907865524292,11.652148246765137,0.39726367592811584,0.6084128022193909,0.5659236907958984,1.0801407098770142,0.4915514588356018,0.9078341126441956,0.9462365508079529,0.7126041650772095,0.42990189185366035,0.4524159701541066
346,1.2078439474105835,11.672021865844727,0.3906511962413788,0.5936118364334106,0.567346453666687,1.0843586921691895,0.4854070544242859,0.9047619104385376,0.9385560750961304,0.7152527570724487,0.42894730577245355,0.4513787147589028
347,1.2055837631225585,11.776569366455078,0.3952263593673706,0.5906179547309875,0.5633859634399414,1.0740704536437988,0.47311827540397644,0.9078341126441956,0.940092146396637,0.7079120874404907,0.4294702336192131,0.45192355290055275
348,1.202965998649597,11.803641319274902,0.3983537554740906,0.5903675556182861,0.56425541639328,1.0767945051193237,0.4854070544242859,0.9078341126441956,0.9431643486022949,0.7099359035491943,0.43281047604978085,0.45593674201518297
349,1.2151249647140503,11.775989532470703,0.38997817039489746,0.5994260311126709,0.5688714981079102,1.0885536670684814,0.47926267981529236,0.9032257795333862,0.9431643486022949,0.7183848023414612,0.42933544516563416,0.45181993395090103
350,1.2118707418441772,11.750089645385742,0.39731428027153015,0.6172154545783997,0.567562997341156,1.0787144899368286,0.48694315552711487,0.9032257795333862,0.9447004795074463,0.7118450999259949,0.4827453470788896,0.5052465251646936
351,1.2197327136993408,11.766535758972168,0.4018489420413971,0.6072992086410522,0.562436044216156,1.0732059478759766,0.4838709533214569,0.9062979817390442,0.9447004795074463,0.7077736854553223,0.42853973945602775,0.45096038840711117
352,1.2178759098052978,11.758212089538574,0.4068472683429718,0.6076498031616211,0.5665348172187805,1.08164381980896,0.48079878091812134,0.9109063148498535,0.9523809552192688,0.7139165997505188,0.4285038602538407,0.4509960482828319
353,1.2138725519180298,11.77287769317627,0.40433749556541443,0.6214646697044373,0.5688837766647339,1.0846408605575562,0.48079878091812134,0.9109063148498535,0.9493087530136108,0.7162227630615234,0.42918177507817745,0.45197581220418215
354,1.214342761039734,11.75905704498291,0.3980015516281128,0.6119389533996582,0.5677401423454285,1.0836838483810425,0.48694315552711487,0.9062979817390442,0.9431643486022949,0.7151167392730713,0.4293239340186119,0.45181158278137445
355,1.2118815183639526,11.704020500183105,0.40603572130203247,0.5979533195495605,0.5650490522384644,1.0786346197128296,0.48694315552711487,0.9047619104385376,0.940092146396637,0.7113977074623108,0.4313509543426335,0.45374766318127513
356,1.211950922012329,11.746868133544922,0.4014827609062195,0.5967284440994263,0.5687428116798401,1.0830531120300293,0.47926267981529236,0.9016897082328796,0.9462365508079529,0.7139962911605835,0.42920509492978454,0.45168296387419105
357,1.2106690645217895,11.742627143859863,0.39262908697128296,0.6052526235580444,0.5685135722160339,1.0829248428344727,0.4838709533214569,0.9078341126441956,0.9477726817131042,0.7148573398590088,0.4279597522690892,0.4504366712644696
358,1.2244009494781494,11.786613464355469,0.38983720541000366,0.6050076484680176,0.5658980011940002,1.088033676147461,0.48694315552711487,0.9047619104385376,0.9431643486022949,0.7183176279067993,0.42778485314920545,0.4501953823491931
359,1.214476227760315,11.856527328491211,0.3887682557106018,0.6350056529045105,0.5706823468208313,1.0830671787261963,0.48079878091812134,0.9170507192611694,0.9508448243141174,0.7149625420570374,0.4294988438487053,0.4520746818743646
360,1.2126830577850343,11.82824993133545,0.39044877886772156,0.599631667137146,0.5640557408332825,1.076465129852295,0.4900153577327728,0.9109063148498535,0.9447004795074463,0.7100323438644409,0.42847841000184417,0.45089739887043834
361,1.209334135055542,11.84147834777832,0.3899449408054352,0.5874701738357544,0.5665523409843445,1.0767321586608887,0.47311827540397644,0.9062979817390442,0.9447004795074463,0.7099706530570984,0.43179092090576887,0.4543113298714161
362,1.2092044591903686,11.813204765319824,0.39062562584877014,0.6017566323280334,0.5626280903816223,1.0757900476455688,0.4854070544242859,0.9078341126441956,0.9431643486022949,0.7094650268554688,0.42924578627571464,0.4522474710829556
363,1.2092844009399415,11.809978485107422,0.3950890898704529,0.6082450151443481,0.5668905377388,1.0821737051010132,0.48847925662994385,0.9062979817390442,0.9431643486022949,0.7142797708511353,0.4291262160986662,0.45154644502326846
364,1.2087764024734498,11.838268280029297,0.3985179662704468,0.6001170873641968,0.5656667947769165,1.0740916728973389,0.4854070544242859,0.9124423861503601,0.9508448243141174,0.7080883979797363,0.42900618724524975,0.4514885749667883
365,1.2144639253616334,11.815192222595215,0.391817569732666,0.5941053628921509,0.5644952058792114,1.078179121017456,0.4838709533214569,0.9062979817390442,0.9462365508079529,0.7111234664916992,0.4288901863619685,0.45127727603539824
366,1.2057006359100342,11.869258880615234,0.38849034905433655,0.6116392016410828,0.5658023357391357,1.0815790891647339,0.49462366104125977,0.9047619104385376,0.9416282773017883,0.7140148282051086,0.42949842382222414,0.4521015319041908
367,1.211848545074463,11.775955200195312,0.4000987410545349,0.5920154452323914,0.5627822279930115,1.0758326053619385,0.48079878091812134,0.9047619104385376,0.9462365508079529,0.7090977430343628,0.5019307434558868,0.5245493422262371
368,1.2171733617782592,11.767498016357422,0.39642202854156494,0.602361798286438,0.568169355392456,1.0787889957427979,0.48079878091812134,0.9093701839447021,0.9447004795074463,0.7115540504455566,0.4309541159309447,0.4543642899952829
369,1.2121747970581054,11.759639739990234,0.39934682846069336,0.6347858309745789,0.56611567735672,1.0830198526382446,0.4930875599384308,0.9155145883560181,0.9447004795074463,0.7154350876808167,0.4363118773326278,0.45882545597851276
370,1.2025231838226318,11.810256004333496,0.4070359766483307,0.5990132093429565,0.5679296255111694,1.081797480583191,0.4761904776096344,0.9093701839447021,0.9416282773017883,0.7134692668914795,0.6025470411404967,0.6250033602118492
371,1.2125280618667602,11.820682525634766,0.4018853008747101,0.5703078508377075,0.568669855594635,1.0863226652145386,0.46390169858932495,0.8955453038215637,0.9416282773017883,0.7159109711647034,0.42942632362246513,0.45183261297643185
372,1.2147027015686036,11.817495346069336,0.40374812483787537,0.6126609444618225,0.5656811594963074,1.0762851238250732,0.4854070544242859,0.9124423861503601,0.9447004795074463,0.7098755240440369,0.7300134031102061,0.75254121189937
373,1.2086530685424806,11.855637550354004,0.40061551332473755,0.634087085723877,0.5687087774276733,1.0833176374435425,0.4900153577327728,0.9109063148498535,0.9477726817131042,0.7152396440505981,0.4289610772393644,0.4514097161591053
374,1.2005656003952025,11.906100273132324,0.396560400724411,0.5885487198829651,0.5618401169776917,1.0786850452423096,0.4823348820209503,0.9078341126441956,0.937019944190979,0.7111077308654785,0.43027655966579914,0.45309089589864016
375,1.2208239793777467,11.901875495910645,0.3902934193611145,0.57020103931427,0.5641270279884338,1.0765405893325806,0.47311827540397644,0.9078341126441956,0.940092146396637,0.7088290452957153,0.43048573937267065,0.4529816983267665
376,1.2095330953598022,11.859919548034668,0.3978445827960968,0.6347055435180664,0.571868360042572,1.0818681716918945,0.47926267981529236,0.9201228618621826,0.9554531574249268,0.7140564322471619,0.4299121010117233,0.4523819796741009
377,1.2053210973739623,11.78453254699707,0.3943922817707062,0.6216663718223572,0.5650492906570435,1.083513617515564,0.4976958632469177,0.9155145883560181,0.9416282773017883,0.7157730460166931,0.4287500767968595,0.4511992260813713
378,1.2028308153152465,11.806410789489746,0.3897862136363983,0.570549726486206,0.5662640929222107,1.0854506492614746,0.4761904776096344,0.9016897082328796,0.9385560750961304,0.7149055004119873,0.5477027357555926,0.5704636527225375
379,1.209227991104126,11.856979370117188,0.3940412998199463,0.5830056667327881,0.5612870454788208,1.0754756927490234,0.4823348820209503,0.9047619104385376,0.9385560750961304,0.7086862325668335,0.4302809201180935,0.4533677059225738
380,1.215532898902893,11.88429069519043,0.39443665742874146,0.6123226284980774,0.5673447251319885,1.0798091888427734,0.4838709533214569,0.9124423861503601,0.9477726817131042,0.7124003171920776,0.42967180302366614,0.4520829520188272
381,1.2113221883773804,11.851449012756348,0.38992592692375183,0.637782096862793,0.5708020925521851,1.0842207670211792,0.4900153577327728,0.9124423861503601,0.9523809552192688,0.7157275080680847,0.42992215137928724,0.452394450083375
382,1.210969376564026,11.892633438110352,0.3796687424182892,0.5965386629104614,0.5683717131614685,1.087347388267517,0.4761904776096344,0.9047619104385376,0.9462365508079529,0.7175187468528748,0.4292265451513231,0.4518078831024468
383,1.2064983129501343,11.826859474182129,0.39659854769706726,0.5818005204200745,0.5704866051673889,1.086974024772644,0.4777265787124634,0.8986175060272217,0.9447004795074463,0.7159681916236877,0.4288887167349458,0.4512515268288553
384,1.216151738166809,11.816707611083984,0.39446067810058594,0.6009340286254883,0.5698068141937256,1.0849145650863647,0.47158217430114746,0.9093701839447021,0.9431643486022949,0.7156960368156433,0.42931550508365035,0.4517782339826226
385,1.2132596492767334,11.79878044128418,0.3926472067832947,0.6310849785804749,0.5667068958282471,1.083236813545227,0.49615976214408875,0.9093701839447021,0.9462365508079529,0.7153490781784058,0.4313595141284168,0.454033472109586
386,1.2095302104949952,11.882743835449219,0.3910360038280487,0.6111804246902466,0.5652788877487183,1.0786477327346802,0.4930875599384308,0.9124423861503601,0.9385560750961304,0.711742103099823,0.428365679923445,0.45075955893844366
387,1.2105814218521118,11.853371620178223,0.4005187749862671,0.5785647630691528,0.5662649869918823,1.0775115489959717,0.4669739007949829,0.9062979817390442,0.9447004795074463,0.7098726034164429,0.4314306527376175,0.4540422409772873
388,1.2121161699295044,11.879060745239258,0.3911885619163513,0.6071337461471558,0.5700228810310364,1.0894174575805664,0.4838709533214569,0.9016897082328796,0.9462365508079529,0.7190918326377869,0.4299818407744169,0.45257262885570526
389,1.207884931564331,11.964335441589355,0.3956708610057831,0.6224225759506226,0.5671867728233337,1.0799202919006348,0.49615976214408875,0.9139785170555115,0.9477726817131042,0.7129993438720703,0.42836950020864606,0.4508245992474258
390,1.2102820158004761,11.980273246765137,0.3933534622192383,0.5958455801010132,0.5650081634521484,1.0805916786193848,0.47926267981529236,0.9032257795333862,0.9385560750961304,0.7126269936561584,0.428933737333864,0.45141851529479027
391,1.2101184129714966,11.93531608581543,0.3984324336051941,0.5962008237838745,0.5676918625831604,1.0816524028778076,0.47311827540397644,0.9047619104385376,0.9416282773017883,0.7135977149009705,0.6310331369750202,0.6534517360851169
392,1.211676788330078,11.938879013061523,0.40234965085983276,0.606863260269165,0.5654358267784119,1.0785940885543823,0.4823348820209503,0.9109063148498535,0.9447004795074463,0.7114521265029907,0.42979298206046224,0.4522281219251454
393,1.2155752897262573,11.924428939819336,0.4079812169075012,0.6069945096969604,0.5660062432289124,1.082081913948059,0.4838709533214569,0.9047619104385376,0.9447004795074463,0.714063823223114,0.43020975962281227,0.452739258762449
394,1.2052790880203248,11.889852523803711,0.4071715772151947,0.603790819644928,0.56541907787323,1.074183464050293,0.4823348820209503,0.9078341126441956,0.9431643486022949,0.7084296345710754,0.42881723726168275,0.4512541461735964
395,1.2075109004974365,11.910955429077148,0.40442177653312683,0.5836371183395386,0.5662771463394165,1.0835661888122559,0.4761904776096344,0.9047619104385376,0.9431643486022949,0.7145958542823792,0.4286853182129562,0.4511026870459318
396,1.2114489078521729,11.926386833190918,0.4134165346622467,0.6032060384750366,0.5657878518104553,1.0790053606033325,0.4777265787124634,0.9093701839447021,0.9447004795074463,0.7118899822235107,0.42974382312968373,0.4521178021095693
397,1.2057489156723022,11.932401657104492,0.4022682309150696,0.6074133515357971,0.5649559497833252,1.0765949487686157,0.4746543765068054,0.9093701839447021,0.9431643486022949,0.7101377844810486,0.4298336817882955,0.45222689071670175
398,1.209198236465454,11.941811561584473,0.4132866859436035,0.5913545489311218,0.5687118172645569,1.0824732780456543,0.4761904776096344,0.9139785170555115,0.9508448243141174,0.7138145565986633,0.42989960219711065,0.4523716908879578
399,1.2141970872879029,11.919822692871094,0.4022505581378937,0.6038861870765686,0.5668933987617493,1.078566551208496,0.48079878091812134,0.9062979817390442,0.9462365508079529,0.7117573022842407,0.43011750001460314,0.4527456481009722
400,1.2107665538787842,11.901143074035645,0.40890660881996155,0.6087290644645691,0.5622415542602539,1.0745768547058105,0.4823348820209503,0.9078341126441956,0.9462365508079529,0.7089428901672363,0.43097152607515454,0.4539796421304345
401,1.2174554824829102,11.915993690490723,0.4060364365577698,0.6045026779174805,0.5633655190467834,1.0727033615112305,0.4854070544242859,0.9124423861503601,0.940092146396637,0.7077487111091614,0.42966987285763025,0.45221236115321517
402,1.2170598983764649,11.913662910461426,0.405367374420166,0.6025409698486328,0.5706188082695007,1.086629033088684,0.47926267981529236,0.9016897082328796,0.9447004795074463,0.717153012752533,0.4294596738182008,0.4519564430229366
403,1.2060827016830444,11.913050651550293,0.408041387796402,0.6165998578071594,0.5625070929527283,1.0744582414627075,0.5007680654525757,0.9170507192611694,0.9462365508079529,0.7087475657463074,0.42930264538154006,0.4516938552260399
404,1.2231192111968994,11.930044174194336,0.405291348695755,0.5923314690589905,0.5675540566444397,1.0780075788497925,0.4746543765068054,0.9093701839447021,0.9431643486022949,0.7107713222503662,0.4291454846970737,0.45157223381102085
405,1.2124773979187011,11.92550277709961,0.3985411524772644,0.6210177540779114,0.5705646276473999,1.08804190158844,0.4761904776096344,0.9047619104385376,0.9462365508079529,0.7187860608100891,0.4295791042968631,0.4520748620852828
406,1.2095989465713501,11.923398971557617,0.40084967017173767,0.6094875335693359,0.5639625191688538,1.076944351196289,0.4838709533214569,0.9109063148498535,0.9462365508079529,0.7107834815979004,0.42975921276956797,0.4522953610867262
407,1.2104973077774048,11.922618865966797,0.4049636423587799,0.5934786796569824,0.5687399506568909,1.0829838514328003,0.4823348820209503,0.8986175060272217,0.9416282773017883,0.7142613530158997,0.5591102940961719,0.5819260608404875
408,1.213605237007141,11.910204887390137,0.4046775996685028,0.602397620677948,0.5653014183044434,1.0748320817947388,0.47926267981529236,0.9139785170555115,0.9447004795074463,0.7091283798217773,0.43057771818712354,0.4532242063432932
409,1.2127886533737182,11.930243492126465,0.39909055829048157,0.6115211248397827,0.5637621879577637,1.0802088975906372,0.49462366104125977,0.9047619104385376,0.9477726817131042,0.712898850440979,0.4309366657398641,0.4534303736872971
410,1.2143532752990722,11.91285228729248,0.40748581290245056,0.6028329133987427,0.5690590739250183,1.083095669746399,0.4854070544242859,0.900153636932373,0.9462365508079529,0.7147892713546753,0.4284629188477993,0.45087546901777387
411,1.206376552581787,11.905174255371094,0.4036915600299835,0.605918288230896,0.5647956132888794,1.076539158821106,0.4854070544242859,0.9078341126441956,0.9431643486022949,0.7102147340774536,0.4293064149096608,0.451735463924706
412,1.2113193273544312,11.917332649230957,0.40834304690361023,0.5948560237884521,0.5672860741615295,1.083250880241394,0.47311827540397644,0.9062979817390442,0.9416282773017883,0.7145789265632629,0.430258858948946,0.4527606680057943
413,1.2091871976852417,11.96454906463623,0.4107972979545593,0.6032193303108215,0.5652527809143066,1.0763131380081177,0.4761904776096344,0.9109063148498535,0.9416282773017883,0.7103806138038635,0.6249943189322948,0.6489410600624979
414,1.203983473777771,11.940119743347168,0.40201959013938904,0.5979706645011902,0.5682125091552734,1.086326241493225,0.4777265787124634,0.9032257795333862,0.9462365508079529,0.716759979724884,0.4303976488299668,0.45284514781087637
415,1.2114675521850586,11.91270637512207,0.41197723150253296,0.5910702347755432,0.5659777522087097,1.0841925144195557,0.4838709533214569,0.9047619104385376,0.9447004795074463,0.7153825759887695,0.4283696999773383,0.45079705910757184
416,1.2062350511550903,11.902388572692871,0.4149017035961151,0.6093406081199646,0.5653131008148193,1.0787416696548462,0.4838709533214569,0.9109063148498535,0.9462365508079529,0.7116463780403137,0.4287942168302834,0.4512395956553519
417,1.2123533010482788,11.923566818237305,0.4090927243232727,0.5954450368881226,0.567584753036499,1.0842721462249756,0.4854070544242859,0.9062979817390442,0.9431643486022949,0.7152573466300964,0.42897633695974946,0.45145266596227884
418,1.2099206924438477,11.954172134399414,0.4176212251186371,0.6053926348686218,0.5685632824897766,1.0810105800628662,0.47158217430114746,0.9124423861503601,0.9447004795074463,0.7132881283760071,0.4299917910248041,0.4526912891305983
419,1.2183117389678955,11.951008796691895,0.42127180099487305,0.6070681214332581,0.5709578990936279,1.0805174112319946,0.4761904776096344,0.9109063148498535,0.9447004795074463,0.7129480838775635,0.42862956784665585,0.4511214969679713
420,1.2102409839630126,11.885880470275879,0.40447190403938293,0.610862672328949,0.5729677677154541,1.0965535640716553,0.47311827540397644,0.9016897082328796,0.9477726817131042,0.7245212197303772,0.4319694498553872,0.45537033397704363
421,1.211241316795349,11.938729286193848,0.4118514060974121,0.6101368069648743,0.5681190490722656,1.0789281129837036,0.4838709533214569,0.9124423861503601,0.9462365508079529,0.7118480205535889,0.4331332938745618,0.45564670162275434
422,1.2071178913116456,11.894510269165039,0.4085702896118164,0.6012902855873108,0.5669384598731995,1.0858008861541748,0.4823348820209503,0.9032257795333862,0.9477726817131042,0.7165360450744629,0.5792708657681942,0.6019479339011014
423,1.2151063203811645,11.921998023986816,0.40372195839881897,0.5878778696060181,0.5678746104240417,1.0783122777938843,0.46390169858932495,0.9093701839447021,0.940092146396637,0.7109373807907104,0.42860955791547894,0.45103002712130547
424,1.2117008686065673,11.923330307006836,0.40292444825172424,0.6221791505813599,0.5654898881912231,1.081199288368225,0.48847925662994385,0.9109063148498535,0.9462365508079529,0.7138355374336243,0.42942203395068645,0.4520568121224642
425,1.2188472032546998,11.923867225646973,0.39892181754112244,0.6277008056640625,0.5627948641777039,1.0794789791107178,0.5023041367530823,0.9109063148498535,0.9477726817131042,0.712585985660553,0.4292549751698971,0.4517165841534734
426,1.2128304243087769,11.994789123535156,0.3932162821292877,0.6034123301506042,0.5675125122070312,1.0795319080352783,0.47926267981529236,0.9078341126441956,0.9431643486022949,0.7121899724006653,0.4285481390543282,0.4509674580767751
427,1.215928554534912,11.976194381713867,0.3952614367008209,0.5878316760063171,0.568141758441925,1.0863550901412964,0.47158217430114746,0.8955453038215637,0.9416282773017883,0.7163244485855103,0.4309698948636651,0.45345801394432783
428,1.2140795707702636,11.972331047058105,0.38813212513923645,0.6131821870803833,0.5705958008766174,1.0827690362930298,0.4854070544242859,0.9062979817390442,0.9447004795074463,0.7147344946861267,0.42944499384611845,0.4519891715608537
429,1.2031493663787842,11.917587280273438,0.3936135768890381,0.61823570728302,0.5666666030883789,1.081154704093933,0.49462366104125977,0.9093701839447021,0.9477726817131042,0.7138400673866272,0.6756430761888623,0.6982047143392265
430,1.2142118215560913,11.929129600524902,0.4001964330673218,0.5824396014213562,0.5634597539901733,1.0766738653182983,0.47926267981529236,0.900153636932373,0.9385560750961304,0.7093838453292847,0.42970392294228077,0.4523595212958753
431,1.2118919610977172,11.902303695678711,0.39663490653038025,0.5997013449668884,0.564439058303833,1.08109450340271,0.4746543765068054,0.9062979817390442,0.9447004795074463,0.7133205533027649,0.6476448681205511,0.6701128664426506
432,1.2154618978500367,11.862269401550293,0.40823495388031006,0.6299057602882385,0.5663731694221497,1.0810308456420898,0.4854070544242859,0.9124423861503601,0.9523809552192688,0.7135671377182007,0.47348299669101834,0.4966062316671014
433,1.2203310012817383,11.873993873596191,0.39869794249534607,0.6118823885917664,0.5714979767799377,1.0863791704177856,0.47926267981529236,0.9078341126441956,0.9447004795074463,0.7174586653709412,0.5853125429712236,0.6081100897863507
434,1.2184155941009522,11.804008483886719,0.39514634013175964,0.6096357703208923,0.5689205527305603,1.0869213342666626,0.4854070544242859,0.9093701839447021,0.9447004795074463,0.7177440524101257,0.42849949887022376,0.45091011887416244
435,1.220711636543274,11.890145301818848,0.39261043071746826,0.5923081636428833,0.5674313306808472,1.0812435150146484,0.48079878091812134,0.9032257795333862,0.9431643486022949,0.7132998108863831,0.4300753711722791,0.45254222908988595
436,1.208143663406372,11.996169090270996,0.39149460196495056,0.635214626789093,0.5653868317604065,1.0817018747329712,0.4992319643497467,0.9124423861503601,0.9539170265197754,0.7138726115226746,0.4298187820240855,0.4524416900239885
437,1.2093173742294312,11.96294116973877,0.38484835624694824,0.599551260471344,0.5678107142448425,1.087293028831482,0.47926267981529236,0.9016897082328796,0.9431643486022949,0.7175251245498657,0.4292540946044028,0.45174915390089154
438,1.2115823745727539,11.983612060546875,0.3909628093242645,0.5810386538505554,0.5723581314086914,1.0880694389343262,0.45622119307518005,0.9032257795333862,0.9416282773017883,0.7170917987823486,0.4304737690836191,0.45295663783326745
439,1.2048080444335938,11.951092720031738,0.3886137902736664,0.6083810925483704,0.5653860569000244,1.0805197954177856,0.48847925662994385,0.9062979817390442,0.9447004795074463,0.7130603194236755,0.42993919225409627,0.45277133909985423
440,1.2124073505401611,11.889103889465332,0.3887796700000763,0.6043931245803833,0.5685999393463135,1.084106683731079,0.4854070544242859,0.9062979817390442,0.9431643486022949,0.7156127691268921,0.46459626499563456,0.4869931638240814
441,1.2057268142700195,11.857499122619629,0.3914836645126343,0.6086770296096802,0.5700860619544983,1.0812660455703735,0.4700460731983185,0.9062979817390442,0.9523809552192688,0.7136297821998596,0.4286603881046176,0.45131452567875385
442,1.2104002952575683,11.804766654968262,0.3984946608543396,0.5944327712059021,0.5639970898628235,1.0812797546386719,0.4900153577327728,0.9093701839447021,0.940092146396637,0.7135864496231079,0.43136901315301657,0.4538539219647646
443,1.2078732252120972,11.81081485748291,0.3982298672199249,0.6008171439170837,0.5682695508003235,1.0776801109313965,0.4777265787124634,0.9124423861503601,0.9416282773017883,0.7111787796020508,0.4294404750689864,0.4518540143035352
444,1.2258968353271484,11.847764015197754,0.40258610248565674,0.6070840954780579,0.5641234517097473,1.078385353088379,0.47926267981529236,0.9078341126441956,0.9447004795074463,0.7114830017089844,0.4317873907275498,0.45468397811055183
445,1.2060945510864258,11.858685493469238,0.402993768453598,0.6253553032875061,0.5662277936935425,1.0800108909606934,0.48079878091812134,0.9124423861503601,0.9462365508079529,0.7129144668579102,0.4315068032592535,0.4539819019846618
446,1.2132545232772827,11.821467399597168,0.3907291889190674,0.5970998406410217,0.5673545002937317,1.0844115018844604,0.4669739007949829,0.9047619104385376,0.9431643486022949,0.7157920002937317,0.4302928801625967,0.4527790481224656
447,1.2193687200546264,11.870261192321777,0.4090365171432495,0.5870903730392456,0.570663571357727,1.0833693742752075,0.460829496383667,0.9032257795333862,0.9493087530136108,0.7144460082054138,0.4299684721045196,0.452500999905169
448,1.2200293064117431,11.8555908203125,0.3987835943698883,0.6264331340789795,0.5654392242431641,1.0780558586120605,0.48847925662994385,0.9093701839447021,0.9493087530136108,0.7116895914077759,0.43209645990282297,0.45459873927757144
449,1.2093774795532226,11.850322723388672,0.38974782824516296,0.6281318664550781,0.5660483837127686,1.080804467201233,0.4854070544242859,0.9062979817390442,0.9462365508079529,0.7135657668113708,0.42975252168253064,0.45223582070320845
450,1.2122392654418945,11.884005546569824,0.4053055942058563,0.5862507224082947,0.5659796595573425,1.084234356880188,0.4823348820209503,0.9032257795333862,0.9431643486022949,0.7145494222640991,0.4297923422418535,0.4523522211238742
451,1.2111706018447876,11.9103422164917,0.3977386951446533,0.5870866179466248,0.5694932341575623,1.0821484327316284,0.4761904776096344,0.9047619104385376,0.9385560750961304,0.7136057615280151,0.4496194152161479,0.4745122310705483
452,1.2156062364578246,11.875866889953613,0.386101633310318,0.6199939250946045,0.5657642483711243,1.0798733234405518,0.4976958632469177,0.9093701839447021,0.9416282773017883,0.7129549980163574,0.4504951098933816,0.47333961725234985
453,1.2042911529541016,11.85384464263916,0.3890970051288605,0.6233645677566528,0.5660655498504639,1.0809177160263062,0.4838709533214569,0.9109063148498535,0.9477726817131042,0.7137479782104492,0.6943653752095997,0.71796989813447
454,1.208698034286499,11.891402244567871,0.3926454484462738,0.5871431827545166,0.5639307498931885,1.074857473373413,0.4838709533214569,0.9078341126441956,0.940092146396637,0.7085332274436951,0.44860779121518135,0.47189779533073306
455,1.2144068002700805,11.829230308532715,0.38001561164855957,0.5948033928871155,0.5673167109489441,1.0856976509094238,0.4838709533214569,0.8986175060272217,0.9416282773017883,0.7163854241371155,0.455524864140898,0.47826836071908474
456,1.2043770551681519,11.849377632141113,0.39276355504989624,0.6227530241012573,0.5666288137435913,1.0770554542541504,0.4915514588356018,0.9139785170555115,0.9477726817131042,0.7107959985733032,0.4334380030632019,0.45638260897248983
457,1.207768154144287,11.881709098815918,0.38659316301345825,0.5889189839363098,0.5671144127845764,1.0804699659347534,0.47158217430114746,0.9078341126441956,0.940092146396637,0.7122492790222168,0.437387831043452,0.46026944695040584
458,1.2092036008834839,11.858760833740234,0.3890230357646942,0.593075156211853,0.5653895735740662,1.0811303853988647,0.47311827540397644,0.9016897082328796,0.9477726817131042,0.713285505771637,0.4296800531446934,0.45213054213672876
459,1.215060782432556,11.906059265136719,0.39347466826438904,0.6040974259376526,0.5660438537597656,1.0795564651489258,0.47926267981529236,0.9093701839447021,0.9447004795074463,0.7121168971061707,0.4300731108523905,0.45256849890574813
460,1.2138083457946778,11.981565475463867,0.3952963352203369,0.6174748539924622,0.5679231286048889,1.0814826488494873,0.4854070544242859,0.9109063148498535,0.9447004795074463,0.7138762474060059,0.43026304990053177,0.45275504887104034
461,1.2104773283004762,12.009941101074219,0.39249974489212036,0.6100159883499146,0.5659261345863342,1.0776078701019287,0.48847925662994385,0.9093701839447021,0.9416282773017883,0.7109349966049194,0.4304080791771412,0.4531375663354993
462,1.206994605064392,12.014290809631348,0.39315780997276306,0.600257158279419,0.5661872625350952,1.0768765211105347,0.4746543765068054,0.9139785170555115,0.9462365508079529,0.7105132341384888,0.4294005851261318,0.45189505303278565
463,1.2100245475769043,11.93972110748291,0.39530131220817566,0.5955598950386047,0.5688993334770203,1.0890634059906006,0.48079878091812134,0.9062979817390442,0.9447004795074463,0.7187079787254333,0.4301610803231597,0.4530300870537758
464,1.2163052558898926,12.053263664245605,0.3980279564857483,0.6140198111534119,0.5682214498519897,1.0778850317001343,0.4900153577327728,0.9062979817390442,0.9431643486022949,0.7111092805862427,0.4318832312710583,0.45433574030175805
465,1.2103935718536376,12.059144973754883,0.40459373593330383,0.6120278835296631,0.5693436861038208,1.0821548700332642,0.48847925662994385,0.9047619104385376,0.9523809552192688,0.7144143581390381,0.4295091740787029,0.45198796270415187
466,1.2066388368606566,12.036794662475586,0.3952089548110962,0.5936541557312012,0.5612109303474426,1.0747522115707397,0.4854070544242859,0.9109063148498535,0.9431643486022949,0.7087836861610413,0.42904561618342996,0.4514943649992347
467,1.2094982624053956,12.039458274841309,0.39568525552749634,0.591812014579773,0.5645103454589844,1.0815339088439941,0.4823348820209503,0.900153636932373,0.940092146396637,0.7131990194320679,0.4321719999425113,0.4549485668540001
468,1.2069023609161378,12.087119102478027,0.40509045124053955,0.6110130548477173,0.5705914497375488,1.0821970701217651,0.4669739007949829,0.9016897082328796,0.9477726817131042,0.7141025066375732,0.4306817869655788,0.45319112623110414
469,1.2112550497055055,12.054892539978027,0.4080197215080261,0.608012318611145,0.5634395480155945,1.0808475017547607,0.4992319643497467,0.9078341126441956,0.940092146396637,0.7136349678039551,0.5553522552363575,0.578308321069926
470,1.2088168859481812,12.102402687072754,0.39579248428344727,0.5883367657661438,0.5683627724647522,1.0861413478851318,0.47926267981529236,0.900153636932373,0.9416282773017883,0.7164340019226074,0.4320133402943611,0.4544447590596974
471,1.2130247592926025,12.069228172302246,0.4117347002029419,0.6018349528312683,0.5689538717269897,1.0785011053085327,0.4746543765068054,0.9093701839447021,0.9508448243141174,0.7114152908325195,0.42944219429045916,0.4518589531071484
472,1.2078085660934448,12.083282470703125,0.3964166045188904,0.6157494187355042,0.5686914324760437,1.0860849618911743,0.4854070544242859,0.900153636932373,0.9447004795074463,0.7170552015304565,0.42976339207962155,0.45235679019242525
473,1.2151713848114014,12.07249641418457,0.4004474878311157,0.598152756690979,0.5678787231445312,1.083411455154419,0.4746543765068054,0.900153636932373,0.9447004795074463,0.7147597074508667,0.6854472141712904,0.7079553320072591
474,1.2060862541198731,12.036214828491211,0.4107672870159149,0.6090987324714661,0.5619719624519348,1.0722925662994385,0.4915514588356018,0.9109063148498535,0.9462365508079529,0.7071895003318787,0.4301473409868777,0.4526486787945032
475,1.2129059553146362,12.05044174194336,0.4016271233558655,0.5937209129333496,0.5638923048973083,1.0838838815689087,0.47158217430114746,0.9016897082328796,0.9477726817131042,0.7153419256210327,0.43897768296301365,0.4618230499327183
476,1.2136488914489747,12.095495223999023,0.41833046078681946,0.6013163328170776,0.5712490081787109,1.0847429037094116,0.4777265787124634,0.9047619104385376,0.9493087530136108,0.7155266404151917,0.43205570010468364,0.4544848292134702
477,1.2143695116043092,12.061569213867188,0.402789443731308,0.6245818734169006,0.5676620006561279,1.085423469543457,0.48079878091812134,0.9062979817390442,0.9416282773017883,0.7168917059898376,0.42991050193086267,0.4524085707962513
478,1.2130128383636474,12.050631523132324,0.4037158787250519,0.6095577478408813,0.5702378749847412,1.0867027044296265,0.48847925662994385,0.9109063148498535,0.9462365508079529,0.7172505259513855,0.42869703797623515,0.45129000628367066
479,1.2078536033630372,11.983407020568848,0.40742701292037964,0.5844049453735352,0.566939115524292,1.0830646753311157,0.4823348820209503,0.9093701839447021,0.9416282773017883,0.7140714526176453,0.43624730687588453,0.45893876487389207
480,1.2097196578979492,11.967551231384277,0.4058903157711029,0.5940547585487366,0.5654287338256836,1.0766350030899048,0.47311827540397644,0.9139785170555115,0.9477726817131042,0.7098894119262695,0.429747121874243,0.4522535908035934
481,1.2087196111679077,11.97222900390625,0.3933684825897217,0.6208677887916565,0.5698825120925903,1.0919630527496338,0.4838709533214569,0.9032257795333862,0.9416282773017883,0.7217261791229248,0.428669648244977,0.4511265871115029
482,1.2167543649673462,11.978137969970703,0.39251959323883057,0.6054882407188416,0.5688750147819519,1.0861573219299316,0.48079878091812134,0.9032257795333862,0.9431643486022949,0.7171255350112915,0.4326404770836234,0.4555162931792438
483,1.215939998626709,11.94408130645752,0.40731534361839294,0.600004255771637,0.563551127910614,1.0749589204788208,0.4746543765068054,0.9109063148498535,0.9477726817131042,0.7089921832084656,0.4301026309840381,0.4525902201421559
484,1.2108367204666137,11.919563293457031,0.4037535786628723,0.6077325940132141,0.5642535090446472,1.0787718296051025,0.4838709533214569,0.9139785170555115,0.9416282773017883,0.7117605805397034,0.43000974087044597,0.45254865009337664
485,1.2114515781402588,11.933733940124512,0.3953639268875122,0.6111313104629517,0.5692620873451233,1.0902514457702637,0.47311827540397644,0.9062979817390442,0.9431643486022949,0.7201240658760071,0.43208891013637185,0.4550475561991334
486,1.2215325593948365,11.975286483764648,0.4039565622806549,0.5948721766471863,0.5646162629127502,1.0754116773605347,0.4823348820209503,0.9047619104385376,0.9431643486022949,0.7091293931007385,0.43009139131754637,0.4526587291620672
487,1.2106431484222413,11.926969528198242,0.4061586260795593,0.6190412640571594,0.5640526413917542,1.075373649597168,0.4900153577327728,0.918586790561676,0.9431643486022949,0.7095701694488525,0.4294835440814495,0.45197072299197316
488,1.2123515605926514,11.958489418029785,0.40058353543281555,0.6098529696464539,0.5638539791107178,1.0781551599502563,0.4838709533214569,0.9078341126441956,0.9416282773017883,0.711249053478241,0.4322718079201877,0.4551190249621868
489,1.2118802309036254,11.958935737609863,0.4071086049079895,0.5910130143165588,0.5653066635131836,1.078976035118103,0.4669739007949829,0.9047619104385376,0.9416282773017883,0.7115662693977356,0.431321423035115,0.45382879208773375
490,1.210416579246521,11.948688507080078,0.4074196517467499,0.6094264984130859,0.5653225183486938,1.0747674703598022,0.4746543765068054,0.9170507192611694,0.940092146396637,0.7089986205101013,0.42839492997154593,0.45088212797418237
491,1.2121324062347412,11.935957908630371,0.4144626259803772,0.6120315194129944,0.568710446357727,1.0831111669540405,0.4761904776096344,0.9047619104385376,0.9477726817131042,0.7144715189933777,0.9268435421399772,0.9501664163544774
492,1.21211097240448,11.981352806091309,0.4025923013687134,0.6091766357421875,0.5658006072044373,1.0826753377914429,0.4930875599384308,0.9078341126441956,0.9431643486022949,0.7147935032844543,0.6323794592171907,0.6549181579612195
493,1.2110221147537232,11.994635581970215,0.3901877999305725,0.5953047275543213,0.5679130554199219,1.0850330591201782,0.48079878091812134,0.9047619104385376,0.9431643486022949,0.7159898281097412,0.43105721566826105,0.454398269765079
494,1.20916850566864,11.985926628112793,0.4129495620727539,0.5986699461936951,0.5695128440856934,1.0831118822097778,0.4746543765068054,0.9093701839447021,0.9447004795074463,0.7144913077354431,0.4296918329782784,0.45218131178990006
495,1.2184838771820068,11.977602005004883,0.3944508731365204,0.6029565334320068,0.569183886051178,1.0858283042907715,0.4761904776096344,0.9062979817390442,0.9447004795074463,0.7168622612953186,0.5653789206407964,0.5879603889770806
496,1.2085252761840821,11.983844757080078,0.393441379070282,0.6164655685424805,0.5634873509407043,1.0802286863327026,0.5007680654525757,0.9109063148498535,0.940092146396637,0.7126420140266418,0.43059315672144294,0.45337627502158284
497,1.2082294702529908,11.978145599365234,0.3905791640281677,0.5994055271148682,0.5707311034202576,1.084704875946045,0.4823348820209503,0.9047619104385376,0.9416282773017883,0.7158099412918091,0.4305698177777231,0.4529983070679009
498,1.2154925346374512,11.995471954345703,0.38751155138015747,0.5921629667282104,0.5688261389732361,1.0844149589538574,0.4777265787124634,0.9093701839447021,0.940092146396637,0.715305745601654,0.42958280304446816,0.452163090929389
499,1.2140776634216308,11.967379570007324,0.3853607475757599,0.628298819065094,0.5682395696640015,1.0908255577087402,0.49462366104125977,0.9062979817390442,0.9508448243141174,0.7205790877342224,0.4300260809250176,0.4527594679966569
