iteration,loss,lengthscale,outputscale,likelyhood_noise,test_MAE,test_NLL,test_PICP50,test_PICP90,test_PICP95,test_RMSE,it_time_training,it_time
0,1.4280600547790527,3.2665836811065674,1,0.644496738910675,6.423239707946777,3.6004464626312256,0.6717687249183655,0.9846938848495483,0.9931972622871399,8.156752586364746,0.35421585990116,0.6663967343047261
1,1.4110267162322998,3.4579849243164062,1,0.5982881784439087,6.295225143432617,3.5767548084259033,0.6700680255889893,0.9778911471366882,0.9914966225624084,8.04018497467041,0.04410785576328635,0.14515185169875622
2,1.3953381776809692,3.669235944747925,1,0.5546576976776123,6.173651695251465,3.551410675048828,0.6717687249183655,0.976190447807312,0.9914966225624084,7.9066290855407715,0.04196303617209196,0.13404843397438526
3,1.3788965940475464,3.896977424621582,1,0.5136334896087646,6.053452014923096,3.5248026847839355,0.6717687249183655,0.9744898080825806,0.9914966225624084,7.7633957862854,0.03915652213618159,0.13206500187516212
4,1.36189866065979,4.1393513679504395,1,0.475243479013443,5.9365315437316895,3.497948408126831,0.6598639488220215,0.9727891087532043,0.9914966225624084,7.622708320617676,0.039159041829407215,0.13268324686214328
5,1.3451335430145264,4.395052433013916,1,0.4395257830619812,5.826756000518799,3.4732770919799805,0.6377550959587097,0.9676870703697205,0.9863945841789246,7.505894184112549,0.03913004230707884,0.13392210518941283
6,1.3290619850158691,4.662900924682617,1,0.4065379798412323,5.719191551208496,3.448413133621216,0.6275510191917419,0.9591836929321289,0.9863945841789246,7.385733127593994,0.03918016189709306,0.13446134002879262
7,1.313878059387207,4.941609859466553,1,0.3763679563999176,5.619941234588623,3.4254393577575684,0.6105442047119141,0.9506802558898926,0.9863945841789246,7.282515525817871,0.03967463690787554,0.14250348694622517
8,1.2997221946716309,5.229561805725098,1,0.34914612770080566,5.530035972595215,3.403945207595825,0.6020408272743225,0.9506802558898926,0.9778911471366882,7.180074691772461,0.039296521339565516,0.14318583998829126
9,1.2867953777313232,5.524683475494385,1,0.3250536322593689,5.45046854019165,3.3854193687438965,0.5867347121238708,0.9489796161651611,0.9676870703697205,7.091675281524658,0.03924418007954955,0.15013889595866203
10,1.2752454280853271,5.8246870040893555,1,0.30431175231933594,5.382540702819824,3.367374897003174,0.5765306353569031,0.9472789168357849,0.9625850319862366,7.000917911529541,0.03912764182314277,0.15677523566409945
11,1.2649966478347778,6.127176284790039,1,0.2871409058570862,5.334528923034668,3.3534481525421143,0.557823121547699,0.9455782175064087,0.9574829936027527,6.931641101837158,0.039146821945905685,0.16443253587931395
12,1.2557529211044312,6.429502964019775,1,0.27369359135627747,5.290274620056152,3.340829372406006,0.5544217824935913,0.9370748400688171,0.9574829936027527,6.85918664932251,0.03924546064808965,0.16577264294028282
13,1.2470991611480713,6.731112480163574,1,0.2639889419078827,5.255767822265625,3.3313279151916504,0.5408163070678711,0.930272102355957,0.9557822942733765,6.805468559265137,0.039221351966261864,0.16580431396141648
14,1.2385783195495605,7.032484531402588,1,0.25788381695747375,5.202652931213379,3.319960594177246,0.5340136289596558,0.9217687249183655,0.9557822942733765,6.735710620880127,0.039345100056380033,0.16937789088115096
15,1.2298080921173096,7.334291458129883,1,0.255097359418869,5.159483432769775,3.3116209506988525,0.5340136289596558,0.9217687249183655,0.9557822942733765,6.68425989151001,0.03962105792015791,0.17222643503919244
16,1.2206752300262451,7.634180068969727,1,0.2552727162837982,5.109054088592529,3.3015639781951904,0.5408163070678711,0.918367326259613,0.954081654548645,6.6218647956848145,0.03940901905298233,0.16661714483052492
17,1.2114288806915283,7.919467449188232,1,0.2580353319644928,5.074255466461182,3.2939019203186035,0.5561224222183228,0.9217687249183655,0.9489796161651611,6.573017597198486,0.03924544109031558,0.16725723026320338
18,1.202508568763733,8.199237823486328,1,0.2630237936973572,5.034900665283203,3.286647319793701,0.5544217824935913,0.9200680255889893,0.9506802558898926,6.5248236656188965,0.03920744080096483,0.15990458661690354
19,1.1943156719207764,8.47760009765625,1,0.26989638805389404,4.99589729309082,3.280123233795166,0.5544217824935913,0.9234693646430969,0.9489796161651611,6.479915618896484,0.03920032223686576,0.15933789312839508
20,1.187077283859253,8.7562837600708,1,0.2783227860927582,4.979969501495361,3.2777299880981445,0.5595238208770752,0.9268707633018494,0.9489796161651611,6.460679054260254,0.0390887432731688,0.15240010619163513
21,1.1808106899261475,9.03634262084961,1,0.28796789050102234,4.942680835723877,3.271878480911255,0.5612244606018066,0.930272102355957,0.9557822942733765,6.417656421661377,0.03917528223246336,0.15234254719689488
22,1.1753933429718018,9.318351745605469,1,0.2984774112701416,4.921128273010254,3.2686116695404053,0.5646258592605591,0.930272102355957,0.9557822942733765,6.388742446899414,0.03917153179645538,0.14688612706959248
23,1.1706598997116089,9.602404594421387,1,0.30946946144104004,4.91134786605835,3.267059326171875,0.5663265585899353,0.930272102355957,0.9574829936027527,6.369131088256836,0.0391766419634223,0.14560991805046797
24,1.1664613485336304,9.888250350952148,1,0.3205353319644928,4.890449523925781,3.26432466506958,0.569727897644043,0.930272102355957,0.9574829936027527,6.341148853302002,0.039117061998695135,0.13928358629345894
25,1.1626845598220825,10.175466537475586,1,0.33125102519989014,4.875412940979004,3.2625296115875244,0.5765306353569031,0.930272102355957,0.9608843326568604,6.318903923034668,0.03912730235606432,0.13964851200580597
26,1.1592469215393066,10.463565826416016,1,0.3411988914012909,4.861295223236084,3.2608859539031982,0.581632673740387,0.930272102355957,0.9608843326568604,6.296936988830566,0.039183101151138544,0.13992138020694256
27,1.156084656715393,10.75204086303711,1,0.3499971926212311,4.848880290985107,3.259122610092163,0.5850340127944946,0.930272102355957,0.9625850319862366,6.275455951690674,0.03934971010312438,0.13895583897829056
28,1.1531391143798828,11.040375709533691,1,0.3573324680328369,4.842906951904297,3.2578718662261963,0.5918367505073547,0.930272102355957,0.9625850319862366,6.259729385375977,0.039644177071750164,0.1419291510246694
29,1.150355577468872,11.328045845031738,1,0.3629870116710663,4.835033893585205,3.2563724517822266,0.5918367505073547,0.9319728016853333,0.9625850319862366,6.244734287261963,0.03926492063328624,0.13952910294756293
30,1.1476855278015137,11.614513397216797,1,0.36685696244239807,4.8263654708862305,3.254537582397461,0.5935373902320862,0.9319728016853333,0.9625850319862366,6.2307209968566895,0.03950504818931222,0.14015808841213584
31,1.1450953483581543,11.899236679077148,1,0.36895751953125,4.826186180114746,3.253086566925049,0.5918367505073547,0.9319728016853333,0.9608843326568604,6.2224650382995605,0.03924055118113756,0.14559264807030559
32,1.1425693035125732,12.18166732788086,1,0.36941513419151306,4.825305461883545,3.2513372898101807,0.5867347121238708,0.9319728016853333,0.9608843326568604,6.214572429656982,0.03946016915142536,0.1405356340110302
33,1.1401143074035645,12.461264610290527,1,0.3684512674808502,4.824448585510254,3.249450206756592,0.5850340127944946,0.930272102355957,0.9608843326568604,6.207714080810547,0.03925973130390048,0.1399584603495896
34,1.1377533674240112,12.737502098083496,1,0.36635950207710266,4.812036514282227,3.2465455532073975,0.5867347121238708,0.930272102355957,0.9608843326568604,6.194714546203613,0.039172711316496134,0.14103741012513638
35,1.1355191469192505,13.009873390197754,1,0.3634808659553528,4.8093390464782715,3.2446036338806152,0.5833333134651184,0.9285714030265808,0.9591836929321289,6.189083576202393,0.03917151177302003,0.14088204177096486
36,1.133443832397461,13.277914047241211,1,0.3601780831813812,4.806854248046875,3.242709159851074,0.5799319744110107,0.9268707633018494,0.9608843326568604,6.183438301086426,0.03916386188939214,0.1407017926685512
37,1.1315498352050781,13.541204452514648,1,0.3568114936351776,4.808785438537598,3.24103045463562,0.5782312750816345,0.9251700639724731,0.9574829936027527,6.179581642150879,0.03910121228545904,0.14076198218390346
38,1.129842758178711,13.79939079284668,1,0.35371583700180054,4.807300090789795,3.2393128871917725,0.5748299360275269,0.9251700639724731,0.9574829936027527,6.1736907958984375,0.03912480268627405,0.14070533262565732
39,1.1283092498779297,14.052188873291016,1,0.3511798679828644,4.809791564941406,3.238349199295044,0.5748299360275269,0.9251700639724731,0.9574829936027527,6.1716461181640625,0.039142530877143145,0.14056203374639153
40,1.1269205808639526,14.299396514892578,1,0.349429190158844,4.805002689361572,3.2370619773864746,0.5731292366981506,0.9268707633018494,0.9574829936027527,6.166000843048096,0.039135882165282965,0.14142191736027598
41,1.1256389617919922,14.540901184082031,1,0.3486138880252838,4.802636623382568,3.236281156539917,0.5714285969734192,0.9251700639724731,0.9574829936027527,6.162871360778809,0.03915050206705928,0.14209986012429
42,1.1244269609451294,14.7766752243042,1,0.34880220890045166,4.797154903411865,3.235569953918457,0.5765306353569031,0.9234693646430969,0.9574829936027527,6.156650066375732,0.039135422091931105,0.14047666499391198
43,1.1232562065124512,15.006775856018066,1,0.3499803841114044,4.795586109161377,3.2350642681121826,0.5748299360275269,0.9234693646430969,0.9574829936027527,6.152552604675293,0.03911634208634496,0.14055366395041347
44,1.12211275100708,15.231329917907715,1,0.35205793380737305,4.793631076812744,3.2346396446228027,0.5748299360275269,0.9234693646430969,0.9574829936027527,6.14782190322876,0.03913576202467084,0.14051649486646056
45,1.1209956407546997,15.45052719116211,1,0.3548780381679535,4.792290687561035,3.2343294620513916,0.5765306353569031,0.9268707633018494,0.9574829936027527,6.143338203430176,0.039125891868025064,0.14086471078917384
46,1.1199160814285278,15.664591789245605,1,0.35823163390159607,4.791024684906006,3.234166145324707,0.5731292366981506,0.9285714030265808,0.9574829936027527,6.139019012451172,0.03912103222683072,0.14065255317837
47,1.1188874244689941,15.87377643585205,1,0.3618748188018799,4.79114294052124,3.2337164878845215,0.5782312750816345,0.9268707633018494,0.9574829936027527,6.133307456970215,0.03914744220674038,0.14204031135886908
48,1.1179213523864746,16.078336715698242,1,0.36554843187332153,4.786069393157959,3.2337992191314697,0.5799319744110107,0.9336734414100647,0.9574829936027527,6.128840923309326,0.03917338093742728,0.1405728138051927
49,1.1170227527618408,16.27852439880371,1,0.3689998984336853,4.783392906188965,3.233586072921753,0.581632673740387,0.9336734414100647,0.9591836929321289,6.1237568855285645,0.03926200093701482,0.1406864239834249
50,1.116187334060669,16.474573135375977,1,0.3720042109489441,4.779352188110352,3.2330410480499268,0.5799319744110107,0.9353741407394409,0.9591836929321289,6.117300987243652,0.03913685213774443,0.14360094722360373
51,1.1154043674468994,16.666688919067383,1,0.37438324093818665,4.779247283935547,3.233110189437866,0.581632673740387,0.9353741407394409,0.9608843326568604,6.115185737609863,0.0392098119482398,0.1410165699198842
52,1.1146599054336548,16.85505485534668,1,0.3760201632976532,4.776784896850586,3.2326955795288086,0.581632673740387,0.9353741407394409,0.9608843326568604,6.110783100128174,0.03915938222780824,0.14063545316457748
53,1.1139404773712158,17.039827346801758,1,0.3768673241138458,4.77445125579834,3.231980562210083,0.581632673740387,0.9353741407394409,0.9608843326568604,6.105515480041504,0.03910339204594493,0.14228887809440494
54,1.113236904144287,17.221132278442383,1,0.3769470453262329,4.774993896484375,3.2318458557128906,0.581632673740387,0.9353741407394409,0.9608843326568604,6.104987621307373,0.03905288269743323,0.1420525098219514
55,1.1125456094741821,17.399070739746094,1,0.37634554505348206,4.772891998291016,3.231065273284912,0.5833333134651184,0.9336734414100647,0.9591836929321289,6.101158142089844,0.03920065192505717,0.14297543186694384
56,1.1118680238723755,17.573732376098633,1,0.3752005398273468,4.769781589508057,3.2302699089050293,0.581632673740387,0.9336734414100647,0.9591836929321289,6.097437858581543,0.03922139108181,0.14233632804825902
57,1.111209511756897,17.745187759399414,1,0.3736855387687683,4.766742706298828,3.22933030128479,0.5799319744110107,0.9319728016853333,0.9591836929321289,6.093236923217773,0.03917789226397872,0.14212769037112594
58,1.1105760335922241,17.913497924804688,1,0.37199169397354126,4.765286445617676,3.2286152839660645,0.5782312750816345,0.9319728016853333,0.9591836929321289,6.090768337249756,0.039152782410383224,0.14222708903253078
59,1.1099718809127808,18.0787296295166,1,0.37030908465385437,4.765341758728027,3.227938413619995,0.5765306353569031,0.930272102355957,0.9591836929321289,6.08851432800293,0.039111061953008175,0.14341256767511368
60,1.1093981266021729,18.240947723388672,1,0.36881014704704285,4.762237548828125,3.2272398471832275,0.5799319744110107,0.9285714030265808,0.9591836929321289,6.08575439453125,0.03913096338510513,0.14121005916967988
61,1.1088526248931885,18.400226593017578,1,0.36763519048690796,4.762198448181152,3.2266621589660645,0.5782312750816345,0.9268707633018494,0.9574829936027527,6.083474636077881,0.039073103107512,0.14420879073441029
62,1.108330488204956,18.556657791137695,1,0.36688196659088135,4.760557651519775,3.2261369228363037,0.5782312750816345,0.9268707633018494,0.9574829936027527,6.080905437469482,0.03948745923116803,0.14308316120877862
63,1.1078259944915771,18.710342407226562,1,0.366599977016449,4.760425090789795,3.2258899211883545,0.5748299360275269,0.9268707633018494,0.9574829936027527,6.079668045043945,0.039303630124777555,0.14359940635040402
64,1.107334852218628,18.86139678955078,1,0.36678922176361084,4.756480693817139,3.225212574005127,0.5765306353569031,0.9268707633018494,0.9574829936027527,6.07511043548584,0.039169891737401485,0.14275330398231745
65,1.1068545579910278,19.009952545166016,1,0.3674035966396332,4.755489349365234,3.224874496459961,0.5748299360275269,0.9268707633018494,0.9591836929321289,6.073078632354736,0.03911473182961345,0.14128752704709768
66,1.1063858270645142,19.15614891052246,1,0.3683587312698364,4.753088474273682,3.2246265411376953,0.5765306353569031,0.9268707633018494,0.9608843326568604,6.069781303405762,0.03909678291529417,0.142834494356066
67,1.1059304475784302,19.30012321472168,1,0.36954233050346375,4.750882148742676,3.224337339401245,0.5748299360275269,0.9268707633018494,0.9608843326568604,6.066737174987793,0.039098471868783236,0.14276953414082527
68,1.105491042137146,19.44202423095703,1,0.3708270788192749,4.749989986419678,3.224269151687622,0.5748299360275269,0.9268707633018494,0.9608843326568604,6.0648512840271,0.03935494972392917,0.1429799720644951
69,1.105069637298584,19.581981658935547,1,0.37208420038223267,4.748116493225098,3.2240347862243652,0.5748299360275269,0.9268707633018494,0.9625850319862366,6.06212854385376,0.03921489184722304,0.1429932019673288
70,1.1046661138534546,19.72011947631836,1,0.3731967806816101,4.746401309967041,3.2238330841064453,0.5748299360275269,0.9268707633018494,0.9625850319862366,6.059645652770996,0.03917823126539588,0.1438857731409371
71,1.1042793989181519,19.85655403137207,1,0.3740708529949188,4.746189117431641,3.223529815673828,0.5765306353569031,0.930272102355957,0.9625850319862366,6.05784273147583,0.03938430966809392,0.14246581681072712
72,1.1039071083068848,19.99137306213379,1,0.3746442198753357,4.744452953338623,3.2232370376586914,0.5765306353569031,0.9285714030265808,0.9625850319862366,6.05535888671875,0.03916570218279958,0.141973992343992
73,1.103546380996704,20.124658584594727,1,0.3748905658721924,4.740201473236084,3.2226173877716064,0.5731292366981506,0.930272102355957,0.9625850319862366,6.051060199737549,0.03919313196092844,0.14140057703480124
74,1.1031955480575562,20.256473541259766,1,0.3748200535774231,4.740020751953125,3.2228071689605713,0.5748299360275269,0.9285714030265808,0.9625850319862366,6.051687717437744,0.03910417202860117,0.14198592072352767
75,1.1028532981872559,20.38686180114746,1,0.3744758367538452,4.738025665283203,3.2223711013793945,0.5765306353569031,0.9234693646430969,0.9608843326568604,6.049374103546143,0.039364240132272243,0.14241663739085197
76,1.1025196313858032,20.5158634185791,1,0.37392687797546387,4.73921537399292,3.2219369411468506,0.5765306353569031,0.9268707633018494,0.9608843326568604,6.048427581787109,0.03915798105299473,0.1419574711471796
77,1.1021955013275146,20.643503189086914,1,0.3732588589191437,4.7339959144592285,3.221466064453125,0.5748299360275269,0.9234693646430969,0.9608843326568604,6.045055866241455,0.03909924300387502,0.14205436082556844
78,1.1018810272216797,20.769805908203125,1,0.37256374955177307,4.732205867767334,3.2210350036621094,0.5765306353569031,0.9234693646430969,0.9608843326568604,6.043165683746338,0.039100981783121824,0.14200374111533165
79,1.1015769243240356,20.894786834716797,1,0.37192946672439575,4.732604026794434,3.2208869457244873,0.5765306353569031,0.9234693646430969,0.9608843326568604,6.043093204498291,0.03948280913755298,0.14241071790456772
80,1.1012824773788452,21.018470764160156,1,0.3714306950569153,4.734196186065674,3.2209086418151855,0.5748299360275269,0.9234693646430969,0.9608843326568604,6.044076442718506,0.0392290810123086,0.14242821699008346
81,1.100996732711792,21.140878677368164,1,0.3711218535900116,4.732006549835205,3.2205088138580322,0.5765306353569031,0.9234693646430969,0.9608843326568604,6.041851997375488,0.039158330764621496,0.14223609864711761
82,1.1007184982299805,21.262039184570312,1,0.37103262543678284,4.731832027435303,3.220080614089966,0.5680271983146667,0.9234693646430969,0.9608843326568604,6.0403218269348145,0.03953102929517627,0.14215569011867046
83,1.100446343421936,21.381982803344727,1,0.37116673588752747,4.7278642654418945,3.219541311264038,0.5714285969734192,0.9234693646430969,0.9608843326568604,6.03661584854126,0.03916664142161608,0.141711903270334
84,1.1001795530319214,21.500751495361328,1,0.37150314450263977,4.726215362548828,3.2195940017700195,0.5765306353569031,0.9234693646430969,0.9625850319862366,6.036008834838867,0.039127502124756575,0.14152834517881274
85,1.0999181270599365,21.618383407592773,1,0.37200039625167847,4.730566024780273,3.2200937271118164,0.5748299360275269,0.9234693646430969,0.9625850319862366,6.038856506347656,0.039132351987063885,0.14270107401534915
86,1.0996623039245605,21.734920501708984,1,0.3726027011871338,4.727248191833496,3.2193899154663086,0.5731292366981506,0.9234693646430969,0.9625850319862366,6.034641265869141,0.039028683211654425,0.14526346139609814
87,1.099412202835083,21.85040855407715,1,0.3732471168041229,4.725651741027832,3.219510316848755,0.5765306353569031,0.9234693646430969,0.9625850319862366,6.033899307250977,0.039576778188347816,0.14301266195252538
88,1.099168300628662,21.96488380432129,1,0.373871386051178,4.725400924682617,3.219170570373535,0.5748299360275269,0.9234693646430969,0.9625850319862366,6.031921863555908,0.03915701201185584,0.14230656810104847
89,1.0989303588867188,22.078384399414062,1,0.3744208514690399,4.725045204162598,3.2190897464752197,0.5714285969734192,0.9234693646430969,0.9625850319862366,6.0310444831848145,0.039129242300987244,0.14134830702096224
90,1.0986977815628052,22.19093894958496,1,0.3748542368412018,4.7251787185668945,3.2190968990325928,0.569727897644043,0.9234693646430969,0.9625850319862366,6.030742168426514,0.03908505290746689,0.14116091886535287
91,1.098470687866211,22.302576065063477,1,0.37514764070510864,4.72255277633667,3.219038963317871,0.5731292366981506,0.9251700639724731,0.9625850319862366,6.0295209884643555,0.039205860812217,0.1414346657693386
92,1.09824800491333,22.413311004638672,1,0.3752957582473755,4.725000381469727,3.219198226928711,0.5714285969734192,0.9251700639724731,0.9625850319862366,6.030808448791504,0.03911372274160385,0.14135133661329746
93,1.0980298519134521,22.523155212402344,1,0.3753111958503723,4.724460124969482,3.2187485694885254,0.5680271983146667,0.9251700639724731,0.9625850319862366,6.028439998626709,0.03915691189467907,0.14150011586025357
94,1.097815752029419,22.63212013244629,1,0.3752213418483734,4.720164775848389,3.218135118484497,0.5680271983146667,0.9251700639724731,0.9625850319862366,6.024350643157959,0.03907657274976373,0.1421128800138831
95,1.0976063013076782,22.740211486816406,1,0.375063955783844,4.719902515411377,3.2179532051086426,0.5680271983146667,0.9251700639724731,0.9625850319862366,6.023553371429443,0.03945524897426367,0.1418965319171548
96,1.0974011421203613,22.84743309020996,1,0.3748815953731537,4.723450183868408,3.21854305267334,0.5714285969734192,0.9251700639724731,0.9625850319862366,6.027528762817383,0.0400053639896214,0.1427989942021668
97,1.0972003936767578,22.95379066467285,1,0.3747161030769348,4.721959590911865,3.2183635234832764,0.5748299360275269,0.9251700639724731,0.9625850319862366,6.026388645172119,0.039552087895572186,0.1425469359382987
98,1.0970039367675781,23.05928611755371,1,0.3746033012866974,4.723883152008057,3.2185003757476807,0.5765306353569031,0.9251700639724731,0.9625850319862366,6.027673244476318,0.03912229184061289,0.14208450075238943
99,1.0968118906021118,23.1639347076416,1,0.3745691776275635,4.7209553718566895,3.2174441814422607,0.5680271983146667,0.9251700639724731,0.9625850319862366,6.021443843841553,0.03912683296948671,0.14137226715683937
100,1.096623420715332,23.26774787902832,1,0.37462732195854187,4.721093654632568,3.2173519134521484,0.5680271983146667,0.9251700639724731,0.9625850319862366,6.020903587341309,0.03919680090621114,0.1418405519798398
101,1.0964387655258179,23.37074089050293,1,0.3747781813144684,4.721042156219482,3.217261791229248,0.5680271983146667,0.9268707633018494,0.9625850319862366,6.020267009735107,0.039216290693730116,0.1414584256708622
102,1.096257209777832,23.47293472290039,1,0.37501001358032227,4.722320556640625,3.2173614501953125,0.5680271983146667,0.9268707633018494,0.9625850319862366,6.0208659172058105,0.03914130199700594,0.14142346614971757
103,1.096078872680664,23.574352264404297,1,0.375301331281662,4.721882343292236,3.2172298431396484,0.5680271983146667,0.9268707633018494,0.9625850319862366,6.019853115081787,0.03921085223555565,0.14146950608119369
104,1.0959041118621826,23.675020217895508,1,0.37562432885169983,4.720029830932617,3.2169532775878906,0.5680271983146667,0.9268707633018494,0.9625850319862366,6.01771354675293,0.03922644117847085,0.14325763005763292
105,1.0957322120666504,23.77496337890625,1,0.375948965549469,4.721287727355957,3.217038154602051,0.5680271983146667,0.9268707633018494,0.9625850319862366,6.018166542053223,0.03985517518594861,0.14251816598698497
106,1.0955637693405151,23.874202728271484,1,0.37624701857566833,4.722593784332275,3.218015670776367,0.569727897644043,0.9268707633018494,0.9625850319862366,6.023920059204102,0.039161771070212126,0.14206745009869337
107,1.095398187637329,23.972768783569336,1,0.3764955699443817,4.720720291137695,3.21686053276062,0.5680271983146667,0.9268707633018494,0.9625850319862366,6.016624927520752,0.039061772637069225,0.14156902488321066
108,1.0952355861663818,24.0706787109375,1,0.3766796290874481,4.719228267669678,3.2166080474853516,0.569727897644043,0.9268707633018494,0.9625850319862366,6.014829158782959,0.039132071658968925,0.14173929300159216
109,1.0950756072998047,24.167953491210938,1,0.37679344415664673,4.719230651855469,3.2165205478668213,0.5680271983146667,0.9268707633018494,0.9625850319862366,6.014311790466309,0.03911505173891783,0.14165178406983614
110,1.0949182510375977,24.264606475830078,1,0.37684065103530884,4.720894813537598,3.2167601585388184,0.5680271983146667,0.9268707633018494,0.9625850319862366,6.015998363494873,0.039271051064133644,0.1415632450953126
111,1.0947635173797607,24.360654830932617,1,0.3768329322338104,4.719274997711182,3.216366767883301,0.5680271983146667,0.9268707633018494,0.9625850319862366,6.013488292694092,0.03910810220986605,0.14138657599687576
112,1.0946110486984253,24.456111907958984,1,0.3767879605293274,4.719141960144043,3.216264247894287,0.569727897644043,0.9268707633018494,0.9625850319862366,6.013011455535889,0.03909775195643306,0.141779073048383
113,1.09446120262146,24.550987243652344,1,0.3767264485359192,4.718674182891846,3.216111183166504,0.5680271983146667,0.9268707633018494,0.9625850319862366,6.012179851531982,0.03915250115096569,0.14166535390540957
114,1.0943138599395752,24.645294189453125,1,0.37666937708854675,4.716526508331299,3.215776205062866,0.569727897644043,0.9268707633018494,0.9625850319862366,6.010069370269775,0.03911272203549743,0.14177636336535215
115,1.094168782234192,24.73904037475586,1,0.3766348958015442,4.715771675109863,3.2165706157684326,0.5714285969734192,0.9268707633018494,0.9625850319862366,6.01507043838501,0.03925591101869941,0.14218830969184637
116,1.0940260887145996,24.83224105834961,1,0.37663644552230835,4.7183661460876465,3.215907096862793,0.5680271983146667,0.9268707633018494,0.9625850319862366,6.011257171630859,0.03909294307231903,0.14162274496629834
117,1.0938854217529297,24.924909591674805,1,0.37668099999427795,4.717212200164795,3.2156221866607666,0.569727897644043,0.9268707633018494,0.9625850319862366,6.0094475746154785,0.03919516084715724,0.14140553586184978
118,1.0937470197677612,25.017057418823242,1,0.37676912546157837,4.715141773223877,3.215301275253296,0.5680271983146667,0.9268707633018494,0.9625850319862366,6.007274627685547,0.03924616100266576,0.14233239786699414
119,1.0936107635498047,25.108699798583984,1,0.3768949806690216,4.716087818145752,3.215351104736328,0.5663265585899353,0.9268707633018494,0.9625850319862366,6.007661819458008,0.03923445101827383,0.14161246363073587
120,1.0934762954711914,25.199851989746094,1,0.3770480155944824,4.716671943664551,3.215446949005127,0.5663265585899353,0.9268707633018494,0.9625850319862366,6.008292198181152,0.03906689304858446,0.14146849606186152
121,1.09334397315979,25.290531158447266,1,0.3772147297859192,4.715322017669678,3.2151598930358887,0.5680271983146667,0.9268707633018494,0.9625850319862366,6.006302833557129,0.039171232376247644,0.14149306621402502
122,1.0932135581970215,25.380748748779297,1,0.37738093733787537,4.714810848236084,3.215057373046875,0.5680271983146667,0.9268707633018494,0.9625850319862366,6.005504608154297,0.039184131659567356,0.14139806665480137
123,1.0930851697921753,25.470521926879883,1,0.37753358483314514,4.713240146636963,3.214818239212036,0.5646258592605591,0.9268707633018494,0.9625850319862366,6.003842830657959,0.03911383217200637,0.1414639363065362
124,1.0929585695266724,25.559860229492188,1,0.3776628077030182,4.714132308959961,3.2159132957458496,0.5663265585899353,0.9268707633018494,0.9625850319862366,6.010828018188477,0.03911020187661052,0.14204823970794678
125,1.0928337574005127,25.648775100708008,1,0.3777628540992737,4.7122087478637695,3.2145931720733643,0.5663265585899353,0.9268707633018494,0.9625850319862366,6.002312660217285,0.039134742226451635,0.1415774649940431
126,1.0927106142044067,25.737276077270508,1,0.3778328597545624,4.713937282562256,3.2147607803344727,0.5629251599311829,0.9268707633018494,0.9625850319862366,6.003589153289795,0.03921724110841751,0.14134805742651224
127,1.092589259147644,25.825366973876953,1,0.3778762221336365,4.7127766609191895,3.2156779766082764,0.5663265585899353,0.9268707633018494,0.9625850319862366,6.009329319000244,0.039968185126781464,0.14352638693526387
128,1.0924694538116455,25.913057327270508,1,0.37790003418922424,4.711035251617432,3.215421199798584,0.5663265585899353,0.9268707633018494,0.9625850319862366,6.0077056884765625,0.039311620872467756,0.1423519179224968
129,1.0923513174057007,26.000349044799805,1,0.3779136836528778,4.711334228515625,3.2142374515533447,0.5629251599311829,0.9268707633018494,0.9625850319862366,6.000226020812988,0.039128282107412815,0.14129901677370071
130,1.0922348499298096,26.087249755859375,1,0.37792718410491943,4.711379051208496,3.2153618335723877,0.5646258592605591,0.9268707633018494,0.9625850319862366,6.007495403289795,0.03906965209171176,0.14230321813374758
131,1.0921199321746826,26.17375946044922,1,0.3779498338699341,4.711398601531982,3.2153120040893555,0.5680271983146667,0.9268707633018494,0.9625850319862366,6.007284164428711,0.039166571106761694,0.1421321388334036
132,1.0920064449310303,26.2598819732666,1,0.3779888153076172,4.710620403289795,3.2151730060577393,0.5680271983146667,0.9268707633018494,0.9625850319862366,6.006430625915527,0.03909932216629386,0.1420828397385776
133,1.0918943881988525,26.345626831054688,1,0.37804824113845825,4.710360050201416,3.215097665786743,0.5663265585899353,0.9268707633018494,0.9625850319862366,6.005962371826172,0.039999364875257015,0.14645672077313066
134,1.091783881187439,26.43099021911621,1,0.3781289756298065,4.710319995880127,3.215054988861084,0.5646258592605591,0.9285714030265808,0.9625850319862366,6.005690097808838,0.039731896948069334,0.14515293296426535
135,1.0916746854782104,26.5159854888916,1,0.3782285153865814,4.709921836853027,3.214961528778076,0.5646258592605591,0.9285714030265808,0.9625850319862366,6.005138397216797,0.03929222980514169,0.14279715297743678
136,1.091566801071167,26.600616455078125,1,0.3783419132232666,4.710409164428711,3.214998722076416,0.5663265585899353,0.9285714030265808,0.9625850319862366,6.005369663238525,0.03929043095558882,0.1428525927476585
137,1.0914603471755981,26.684885025024414,1,0.3784625232219696,4.709743499755859,3.2148849964141846,0.5663265585899353,0.9285714030265808,0.9625850319862366,6.004565715789795,0.03919893084093928,0.14284719293937087
138,1.0913550853729248,26.768800735473633,1,0.378583163022995,4.709461688995361,3.214820384979248,0.5663265585899353,0.9285714030265808,0.9625850319862366,6.004125118255615,0.03927345992997289,0.14286115299910307
139,1.0912513732910156,26.852367401123047,1,0.3786972463130951,4.7093682289123535,3.2147889137268066,0.5663265585899353,0.9268707633018494,0.9625850319862366,6.003882884979248,0.03921100124716759,0.1427314942702651
140,1.0911487340927124,26.935592651367188,1,0.3787996768951416,4.709017276763916,3.2146964073181152,0.5663265585899353,0.9268707633018494,0.9625850319862366,6.003353595733643,0.03926385100930929,0.1427587941288948
141,1.0910474061965942,27.018476486206055,1,0.3788875937461853,4.708615779876709,3.214617967605591,0.5663265585899353,0.9268707633018494,0.9625850319862366,6.002766132354736,0.03969341702759266,0.14577091671526432
142,1.0909473896026611,27.101024627685547,1,0.37896040081977844,4.7087836265563965,3.2146053314208984,0.5663265585899353,0.9268707633018494,0.9625850319862366,6.002765655517578,0.03954052925109863,0.14377786498516798
143,1.0908482074737549,27.183244705200195,1,0.37901994585990906,4.707782745361328,3.214442253112793,0.5646258592605591,0.9268707633018494,0.9608843326568604,6.001705646514893,0.03931321110576391,0.143240159843117
144,1.0907504558563232,27.26513671875,1,0.3790697753429413,4.708423137664795,3.214484691619873,0.5663265585899353,0.9268707633018494,0.9608843326568604,6.00208044052124,0.03937325906008482,0.14292740169912577
145,1.090653896331787,27.346702575683594,1,0.37911444902420044,4.707173824310303,3.2142984867095947,0.5663265585899353,0.9268707633018494,0.9608843326568604,6.000855922698975,0.03928956016898155,0.14274628413841128
146,1.0905582904815674,27.427947998046875,1,0.37915894389152527,4.7077484130859375,3.2143282890319824,0.5663265585899353,0.9268707633018494,0.9608843326568604,6.001148700714111,0.03925997018814087,0.14300188096240163
147,1.0904637575149536,27.50887680053711,1,0.379207581281662,4.707581996917725,3.2142717838287354,0.5663265585899353,0.9268707633018494,0.9608843326568604,6.000813007354736,0.039382248651236296,0.1430629906244576
148,1.0903704166412354,27.589488983154297,1,0.3792635500431061,4.706881999969482,3.2141458988189697,0.5629251599311829,0.9268707633018494,0.9608843326568604,6.000024318695068,0.039242621045559645,0.14302950212731957
149,1.0902780294418335,27.66979217529297,1,0.3793284595012665,4.707176208496094,3.2141664028167725,0.5646258592605591,0.9268707633018494,0.9608843326568604,6.0001397132873535,0.03959010820835829,0.1448107361793518
150,1.090186595916748,27.749788284301758,1,0.37940219044685364,4.706483364105225,3.214052677154541,0.5629251599311829,0.9268707633018494,0.9608843326568604,5.999399185180664,0.03928668098524213,0.14279890386387706
151,1.090096354484558,27.829484939575195,1,0.379483163356781,4.706425666809082,3.214001178741455,0.5629251599311829,0.9268707633018494,0.9608843326568604,5.999154567718506,0.03963988786563277,0.14341584779322147
152,1.0900070667266846,27.908885955810547,1,0.3795686364173889,4.706295967102051,3.2139716148376465,0.5629251599311829,0.9268707633018494,0.9608843326568604,5.998953342437744,0.039405958727002144,0.14315528003498912
153,1.089918613433838,27.987991333007812,1,0.37965524196624756,4.705694198608398,3.213857889175415,0.5629251599311829,0.9268707633018494,0.9608843326568604,5.998248100280762,0.03963627805933356,0.14335631905123591
154,1.0898312330245972,28.066814422607422,1,0.37973958253860474,4.7056450843811035,3.2138288021087646,0.5629251599311829,0.9268707633018494,0.9608843326568604,5.998035907745361,0.03963616816326976,0.14338097907602787
155,1.0897448062896729,28.145357131958008,1,0.379818856716156,4.706718444824219,3.2139408588409424,0.5646258592605591,0.9268707633018494,0.9608843326568604,5.998854160308838,0.03940582927316427,0.14340625796467066
156,1.0896592140197754,28.223621368408203,1,0.37989121675491333,4.705419063568115,3.2137277126312256,0.5646258592605591,0.9268707633018494,0.9608843326568604,5.997488975524902,0.03929320117458701,0.1432336401194334
157,1.0895745754241943,28.301612854003906,1,0.379955917596817,4.705099582672119,3.2136592864990234,0.5629251599311829,0.9268707633018494,0.9608843326568604,5.997045040130615,0.03959681699052453,0.14341240795329213
158,1.0894906520843506,28.37933921813965,1,0.3800135552883148,4.705142021179199,3.2136476039886475,0.5629251599311829,0.9268707633018494,0.9608843326568604,5.996978759765625,0.03935222979635,0.14297634176909924
159,1.0894076824188232,28.456798553466797,1,0.3800656199455261,4.705227851867676,3.2136220932006836,0.5646258592605591,0.9268707633018494,0.9608843326568604,5.996866703033447,0.039379939902573824,0.14299723180010915
160,1.0893256664276123,28.534000396728516,1,0.38011434674263,4.704836845397949,3.2135462760925293,0.5646258592605591,0.9268707633018494,0.9608843326568604,5.996415615081787,0.03936890000477433,0.14313322119414806
161,1.0892443656921387,28.610942840576172,1,0.3801622688770294,4.70460319519043,3.213484525680542,0.5629251599311829,0.9268707633018494,0.9608843326568604,5.996046543121338,0.03931141970679164,0.14291888196021318
162,1.089163899421692,28.68762969970703,1,0.3802116811275482,4.7046918869018555,3.213468074798584,0.5629251599311829,0.9268707633018494,0.9608843326568604,5.996000289916992,0.03928602999076247,0.1431382498703897
163,1.089084267616272,28.764068603515625,1,0.3802644610404968,4.705346584320068,3.2135307788848877,0.5612244606018066,0.9268707633018494,0.9608843326568604,5.996456146240234,0.03943393984809518,0.14307177206501365
164,1.089005470275879,28.840259552001953,1,0.38032153248786926,4.704051971435547,3.213322401046753,0.5612244606018066,0.9268707633018494,0.9608843326568604,5.995113849639893,0.039238270837813616,0.1427436238154769
165,1.0889272689819336,28.916208267211914,1,0.38038310408592224,4.703817844390869,3.2132699489593506,0.5612244606018066,0.9268707633018494,0.9608843326568604,5.994776248931885,0.03927889000624418,0.1429516519419849
166,1.0888500213623047,28.991914749145508,1,0.38044849038124084,4.704297065734863,3.213306188583374,0.5629251599311829,0.9268707633018494,0.9608843326568604,5.995054721832275,0.03924530139192939,0.14283352298662066
167,1.088773488998413,29.067386627197266,1,0.38051638007164,4.703946113586426,3.2132303714752197,0.5629251599311829,0.9268707633018494,0.9608843326568604,5.9946112632751465,0.039216381032019854,0.14226808911189437
168,1.0886976718902588,29.142623901367188,1,0.38058507442474365,4.703065872192383,3.213108777999878,0.5612244606018066,0.9268707633018494,0.9608843326568604,5.9937591552734375,0.03918649069964886,0.14226431772112846
169,1.0886225700378418,29.21763038635254,1,0.38065290451049805,4.703413963317871,3.2131173610687256,0.5629251599311829,0.9268707633018494,0.9608843326568604,5.993882179260254,0.03917301166802645,0.14221299905329943
170,1.088548183441162,29.292409896850586,1,0.3807184398174286,4.70361328125,3.213127374649048,0.5629251599311829,0.9268707633018494,0.9608843326568604,5.99394416809082,0.03915668185800314,0.14233939768746495
171,1.0884745121002197,29.36696434020996,1,0.38078072667121887,4.703397274017334,3.2130632400512695,0.5629251599311829,0.9268707633018494,0.9608843326568604,5.993609428405762,0.03915187204256654,0.14274689415469766
172,1.0884015560150146,29.441299438476562,1,0.38083943724632263,4.703036785125732,3.2129933834075928,0.5629251599311829,0.9268707633018494,0.9608843326568604,5.993122577667236,0.03908307198435068,0.14244670700281858
173,1.0883291959762573,29.51541519165039,1,0.3808947801589966,4.702998161315918,3.2129576206207275,0.5646258592605591,0.9268707633018494,0.9608843326568604,5.992981910705566,0.03911185171455145,0.1431960598565638
174,1.0882575511932373,29.58931541442871,1,0.380947470664978,4.703018665313721,3.212939500808716,0.5646258592605591,0.9268707633018494,0.9608843326568604,5.992902755737305,0.039211491122841835,0.1425667549483478
175,1.0881866216659546,29.663000106811523,1,0.3809986710548401,4.7031426429748535,3.2129223346710205,0.5629251599311829,0.9268707633018494,0.9608843326568604,5.992880344390869,0.039174522273242474,0.1421655798330903
176,1.08811616897583,29.736473083496094,1,0.38104957342147827,4.702529430389404,3.2128288745880127,0.5612244606018066,0.9268707633018494,0.9608843326568604,5.992225170135498,0.0391063722781837,0.14302395097911358
177,1.0880465507507324,29.809736251831055,1,0.3811013102531433,4.702595233917236,3.2128140926361084,0.5629251599311829,0.9268707633018494,0.9608843326568604,5.99215841293335,0.03914698213338852,0.14213231019675732
178,1.087977409362793,29.88279151916504,1,0.3811546266078949,4.703469753265381,3.212902784347534,0.5612244606018066,0.9268707633018494,0.9608843326568604,5.992837905883789,0.03913410194218159,0.14279459370300174
179,1.0879089832305908,29.95564079284668,1,0.38120993971824646,4.70234489440918,3.2127327919006348,0.5629251599311829,0.9268707633018494,0.9608843326568604,5.991690158843994,0.03930342989042401,0.14249060675501823
180,1.0878410339355469,30.02828598022461,1,0.3812671899795532,4.702473163604736,3.2127223014831543,0.5629251599311829,0.9268707633018494,0.9608843326568604,5.991672039031982,0.03916047187522054,0.14246962685137987
181,1.0877739191055298,30.100732803344727,1,0.38132596015930176,4.702524185180664,3.212696075439453,0.5629251599311829,0.9268707633018494,0.9608843326568604,5.991570472717285,0.03912164177745581,0.14255998563021421
182,1.0877071619033813,30.172977447509766,1,0.38138556480407715,4.701817512512207,3.2125911712646484,0.5612244606018066,0.9268707633018494,0.9608843326568604,5.99088191986084,0.03908044192939997,0.14243410667404532
183,1.0876410007476807,30.245025634765625,1,0.3814450204372406,4.701718330383301,3.212548017501831,0.5612244606018066,0.9268707633018494,0.9608843326568604,5.990645408630371,0.03914532205089927,0.14246419724076986
184,1.0875754356384277,30.316879272460938,1,0.38150346279144287,4.702045440673828,3.212573766708374,0.5629251599311829,0.9268707633018494,0.9608843326568604,5.990820407867432,0.03922100178897381,0.14230318879708648
185,1.087510585784912,30.388540267944336,1,0.3815602958202362,4.70195198059082,3.212536573410034,0.5629251599311829,0.9268707633018494,0.9608843326568604,5.99062967300415,0.03912263177335262,0.14211153984069824
186,1.0874460935592651,30.460010528564453,1,0.38161513209342957,4.7003631591796875,3.212376117706299,0.5612244606018066,0.9268707633018494,0.9608843326568604,5.989484786987305,0.0392006216570735,0.14232671773061156
187,1.0873823165893555,30.531291961669922,1,0.38166794180870056,4.701936721801758,3.2125046253204346,0.5629251599311829,0.9268707633018494,0.9608843326568604,5.990479469299316,0.03925171121954918,0.1432623602449894
188,1.0873188972473145,30.602388381958008,1,0.3817189931869507,4.7017388343811035,3.212446928024292,0.5629251599311829,0.9268707633018494,0.9608843326568604,5.9901299476623535,0.03944280883297324,0.14316326985135674
189,1.0872560739517212,30.67329978942871,1,0.38176873326301575,4.701661109924316,3.212414503097534,0.5629251599311829,0.9268707633018494,0.9608843326568604,5.989926338195801,0.03937726002186537,0.14296487206593156
190,1.0871937274932861,30.74402618408203,1,0.3818177878856659,4.7011895179748535,3.212334394454956,0.5629251599311829,0.9268707633018494,0.9608843326568604,5.98942756652832,0.03922171099111438,0.14259225502610207
191,1.0871320962905884,30.8145751953125,1,0.38186678290367126,4.701479911804199,3.2123470306396484,0.5629251599311829,0.9268707633018494,0.9608843326568604,5.98954963684082,0.039250451140105724,0.14252802589908242
192,1.0870708227157593,30.88494300842285,1,0.38191619515419006,4.700836658477783,3.2119619846343994,0.5629251599311829,0.9268707633018494,0.9608843326568604,5.987030029296875,0.03963931789621711,0.1424303068779409
193,1.0870099067687988,30.95513153076172,1,0.38196641206741333,4.701414108276367,3.2122819423675537,0.5629251599311829,0.9268707633018494,0.9608843326568604,5.989190101623535,0.039248261135071516,0.14267302444204688
194,1.0869498252868652,31.025148391723633,1,0.38201746344566345,4.701537132263184,3.2122883796691895,0.5612244606018066,0.9268707633018494,0.9608843326568604,5.989226818084717,0.039177182130515575,0.14259744575247169
195,1.0868899822235107,31.094987869262695,1,0.3820692002773285,4.701061248779297,3.2122011184692383,0.5629251599311829,0.9268707633018494,0.9608843326568604,5.988711357116699,0.039129741955548525,0.14283990301191807
196,1.086830735206604,31.16465950012207,1,0.3821212947368622,4.70142126083374,3.2122185230255127,0.5612244606018066,0.9268707633018494,0.9608843326568604,5.9888410568237305,0.03930321987718344,0.14308356121182442
197,1.086771845817566,31.23415756225586,1,0.3821733593940735,4.701266288757324,3.2121756076812744,0.5629251599311829,0.9268707633018494,0.9608843326568604,5.988614082336426,0.04009492276236415,0.1433828677982092
198,1.0867135524749756,31.30348777770996,1,0.3822249472141266,4.701137065887451,3.212141513824463,0.5629251599311829,0.9268707633018494,0.9608843326568604,5.988396644592285,0.03916682209819555,0.1423384379595518
199,1.0866554975509644,31.372650146484375,1,0.38227567076683044,4.701074123382568,3.212111234664917,0.5629251599311829,0.9268707633018494,0.9608843326568604,5.988231658935547,0.039146041963249445,0.14230350917205215
200,1.0865981578826904,31.441650390625,1,0.3823253810405731,4.700765132904053,3.2120516300201416,0.5629251599311829,0.9268707633018494,0.9608843326568604,5.9878339767456055,0.03914359211921692,0.14264022512361407
201,1.0865411758422852,31.510486602783203,1,0.3823739290237427,4.700408935546875,3.2119834423065186,0.5629251599311829,0.9268707633018494,0.9608843326568604,5.987428665161133,0.03907876322045922,0.14202152099460363
202,1.086484432220459,31.579160690307617,1,0.38242149353027344,4.700788497924805,3.212015151977539,0.5629251599311829,0.9268707633018494,0.9608843326568604,5.987649917602539,0.03908334206789732,0.1421235199086368
203,1.0864285230636597,31.647674560546875,1,0.3824683427810669,4.700691223144531,3.211989164352417,0.5629251599311829,0.9268707633018494,0.9608843326568604,5.9874982833862305,0.03915060218423605,0.1425557560287416
204,1.08637273311615,31.716028213500977,1,0.38251468539237976,4.7010297775268555,3.212003231048584,0.5612244606018066,0.9268707633018494,0.9608843326568604,5.987683296203613,0.039177552331238985,0.14251146698370576
205,1.086317539215088,31.784225463867188,1,0.38256093859672546,4.700434684753418,3.2119061946868896,0.5629251599311829,0.9268707633018494,0.9608843326568604,5.98703145980835,0.03909115307033062,0.14220121875405312
206,1.0862627029418945,31.852266311645508,1,0.3826073110103607,4.700371265411377,3.211873769760132,0.5629251599311829,0.9268707633018494,0.9608843326568604,5.986866474151611,0.03913784073665738,0.14228537771850824
207,1.0862082242965698,31.920150756835938,1,0.38265398144721985,4.7003326416015625,3.211871385574341,0.5629251599311829,0.9268707633018494,0.9608843326568604,5.986776351928711,0.039192921947687864,0.1420018612407148
208,1.0861542224884033,31.987884521484375,1,0.38270103931427,4.700392723083496,3.211836099624634,0.5629251599311829,0.9268707633018494,0.9608843326568604,5.986678123474121,0.03913110215216875,0.14248198689892888
209,1.0861005783081055,32.05546188354492,1,0.38274839520454407,4.700267791748047,3.2118163108825684,0.5629251599311829,0.9268707633018494,0.9608843326568604,5.986502647399902,0.03923118207603693,0.14253902714699507
210,1.0860474109649658,32.122894287109375,1,0.3827958106994629,4.6999993324279785,3.2117600440979004,0.5612244606018066,0.9268707633018494,0.9608843326568604,5.986180305480957,0.039154691621661186,0.14225869765505195
211,1.0859946012496948,32.1901741027832,1,0.38284313678741455,4.7005085945129395,3.2118160724639893,0.5595238208770752,0.9268707633018494,0.9608843326568604,5.98656702041626,0.03917119186371565,0.14218361023813486
212,1.085942029953003,32.25730514526367,1,0.38289016485214233,4.699981689453125,3.211716413497925,0.5612244606018066,0.9268707633018494,0.9608843326568604,5.985963821411133,0.039082182105630636,0.14207510044798255
213,1.0858900547027588,32.32428741455078,1,0.3829366862773895,4.699737071990967,3.2116854190826416,0.5612244606018066,0.9268707633018494,0.9608843326568604,5.985718250274658,0.0390670127235353,0.14228159794583917
214,1.0858383178710938,32.3911247253418,1,0.3829825520515442,4.7000298500061035,3.211700439453125,0.5612244606018066,0.9268707633018494,0.9608843326568604,5.985875606536865,0.039170421194285154,0.14274747390300035
215,1.085787057876587,32.45781707763672,1,0.38302773237228394,4.699860572814941,3.2116587162017822,0.5629251599311829,0.9268707633018494,0.9608843326568604,5.985624313354492,0.03922630101442337,0.14297144208103418
216,1.0857360363006592,32.52436828613281,1,0.38307228684425354,4.699814319610596,3.2116482257843018,0.5629251599311829,0.9268707633018494,0.9608843326568604,5.985546112060547,0.03938969969749451,0.1429115030914545
217,1.0856856107711792,32.59077453613281,1,0.38311639428138733,4.699516296386719,3.2115845680236816,0.5629251599311829,0.9268707633018494,0.9608843326568604,5.985191345214844,0.03931429982185364,0.14256206573918462
218,1.0856354236602783,32.65704345703125,1,0.38316017389297485,4.700374603271484,3.2116851806640625,0.5595238208770752,0.9268707633018494,0.9608843326568604,5.985918045043945,0.039198070764541626,0.14279013266786933
219,1.085585594177246,32.723167419433594,1,0.38320380449295044,4.699522972106934,3.2115557193756104,0.5629251599311829,0.9268707633018494,0.9608843326568604,5.985052585601807,0.03923849109560251,0.14534960081800818
220,1.085536003112793,32.78915023803711,1,0.38324740529060364,4.699370384216309,3.2115256786346436,0.5629251599311829,0.9268707633018494,0.9608843326568604,5.984864234924316,0.03962417785078287,0.14355360670015216
221,1.0854867696762085,32.85499954223633,1,0.38329100608825684,4.699156284332275,3.211470603942871,0.5629251599311829,0.9268707633018494,0.9608843326568604,5.984597206115723,0.03926284098997712,0.14234103774651885
222,1.0854380130767822,32.92070770263672,1,0.3833346664905548,4.699273586273193,3.2114744186401367,0.5629251599311829,0.9268707633018494,0.9608843326568604,5.9846110343933105,0.039342820178717375,0.14233771804720163
223,1.085389494895935,32.98628234863281,1,0.3833782970905304,4.6989288330078125,3.2114193439483643,0.5629251599311829,0.9268707633018494,0.9608843326568604,5.984209060668945,0.03924516076222062,0.14296285202726722
224,1.0853413343429565,33.051719665527344,1,0.3834218382835388,4.698840618133545,3.2113890647888184,0.5629251599311829,0.9268707633018494,0.9608843326568604,5.984094619750977,0.03922924119979143,0.1428272631019354
225,1.0852936506271362,33.11702346801758,1,0.38346514105796814,4.699509620666504,3.211472988128662,0.5595238208770752,0.9268707633018494,0.9608843326568604,5.984637260437012,0.039201960898935795,0.1429262920282781
226,1.0852460861206055,33.182193756103516,1,0.3835081458091736,4.698126316070557,3.211286783218384,0.5612244606018066,0.9268707633018494,0.9608843326568604,5.983435153961182,0.039322399999946356,0.14318950986489654
227,1.085198998451233,33.247230529785156,1,0.3835507929325104,4.698886394500732,3.2113759517669678,0.5629251599311829,0.9268707633018494,0.9608843326568604,5.983997344970703,0.03916204208508134,0.1427627238444984
228,1.0851521492004395,33.312137603759766,1,0.38359296321868896,4.698250770568848,3.2112715244293213,0.5629251599311829,0.9268707633018494,0.9608843326568604,5.9833984375,0.03913798229768872,0.14272721391171217
229,1.0851056575775146,33.37691879272461,1,0.3836347460746765,4.6985979080200195,3.2113025188446045,0.5629251599311829,0.9268707633018494,0.9608843326568604,5.983623504638672,0.03904531290754676,0.14210032019764185
230,1.085059404373169,33.44156265258789,1,0.383676141500473,4.698513507843018,3.211280345916748,0.5629251599311829,0.9268707633018494,0.9608843326568604,5.983490467071533,0.039110452868044376,0.14276223396882415
231,1.0850136280059814,33.50608444213867,1,0.38371723890304565,4.698702812194824,3.21130108833313,0.5612244606018066,0.9268707633018494,0.9608843326568604,5.983614444732666,0.03909863205626607,0.1423011077567935
232,1.084968090057373,33.57047653198242,1,0.3837580680847168,4.698702335357666,3.2112812995910645,0.5612244606018066,0.9268707633018494,0.9608843326568604,5.983553886413574,0.039218350779265165,0.143058180809021
233,1.0849227905273438,33.63473892211914,1,0.3837987780570984,4.698426246643066,3.2112441062927246,0.5629251599311829,0.9268707633018494,0.9608843326568604,5.983266830444336,0.039214412216097116,0.14270130498334765
234,1.084877610206604,33.698875427246094,1,0.38383933901786804,4.698375701904297,3.211209297180176,0.5612244606018066,0.9251700639724731,0.9608843326568604,5.983147144317627,0.03914259187877178,0.14266473380848765
235,1.084833025932312,33.76288986206055,1,0.3838798403739929,4.698470592498779,3.21097731590271,0.5561224222183228,0.9268707633018494,0.9608843326568604,5.981679916381836,0.039094171952456236,0.14204386994242668
236,1.0847886800765991,33.8267822265625,1,0.38392022252082825,4.698296070098877,3.211186170578003,0.5595238208770752,0.9251700639724731,0.9608843326568604,5.983010292053223,0.03910226188600063,0.14231881825253367
237,1.0847446918487549,33.89054489135742,1,0.3839605152606964,4.6978983879089355,3.21112060546875,0.5612244606018066,0.9251700639724731,0.9608843326568604,5.982572078704834,0.03913442185148597,0.14231949765235186
238,1.0847008228302002,33.95418930053711,1,0.3840007185935974,4.69774866104126,3.211097240447998,0.5612244606018066,0.9251700639724731,0.9608843326568604,5.98243522644043,0.039122371934354305,0.14244249695912004
239,1.0846571922302246,34.0177116394043,1,0.3840406835079193,4.6979451179504395,3.2111117839813232,0.5595238208770752,0.9251700639724731,0.9608843326568604,5.982527732849121,0.039101912174373865,0.14198944112285972
240,1.0846140384674072,34.08111572265625,1,0.38408035039901733,4.697185039520264,3.2110025882720947,0.5612244606018066,0.9251700639724731,0.9608843326568604,5.9818549156188965,0.03920985106378794,0.14240196719765663
241,1.084571123123169,34.14439392089844,1,0.38411974906921387,4.697625160217285,3.21104097366333,0.5612244606018066,0.9251700639724731,0.9608843326568604,5.982178688049316,0.03911878215149045,0.14199048141017556
242,1.0845283269882202,34.207557678222656,1,0.38415881991386414,4.6975178718566895,3.2110235691070557,0.5612244606018066,0.9251700639724731,0.9608843326568604,5.98203706741333,0.03950279904529452,0.14411899214610457
243,1.0844860076904297,34.270599365234375,1,0.38419756293296814,4.69752836227417,3.2110137939453125,0.5595238208770752,0.9251700639724731,0.9608843326568604,5.982002258300781,0.039361730217933655,0.14302668208256364
244,1.0844438076019287,34.33352279663086,1,0.38423606753349304,4.697510242462158,3.210996389389038,0.557823121547699,0.9251700639724731,0.9608843326568604,5.981939315795898,0.03916569193825126,0.14284591283649206
245,1.0844019651412964,34.396331787109375,1,0.38427433371543884,4.697457790374756,3.210982322692871,0.557823121547699,0.9251700639724731,0.9608843326568604,5.9818644523620605,0.039041902869939804,0.1427438142709434
246,1.0843603610992432,34.45902633666992,1,0.3843124508857727,4.69730806350708,3.2109644412994385,0.557823121547699,0.9251700639724731,0.9608843326568604,5.981718063354492,0.0393774900585413,0.14288742281496525
247,1.0843188762664795,34.521602630615234,1,0.384350448846817,4.6970744132995605,3.2109177112579346,0.5595238208770752,0.9251700639724731,0.9608843326568604,5.981454372406006,0.03919609077274799,0.14271004498004913
248,1.084277868270874,34.58406066894531,1,0.38438835740089417,4.697271823883057,3.2109313011169434,0.5561224222183228,0.9251700639724731,0.9608843326568604,5.981578826904297,0.039207370951771736,0.1427041538991034
249,1.0842370986938477,34.64641189575195,1,0.38442614674568176,4.696946144104004,3.2108893394470215,0.557823121547699,0.9251700639724731,0.9608843326568604,5.981297492980957,0.03918765112757683,0.1422907980158925
250,1.0841963291168213,34.70864486694336,1,0.38446375727653503,4.697002410888672,3.210895538330078,0.5561224222183228,0.9251700639724731,0.9608843326568604,5.981340408325195,0.03914926201105118,0.1421974990516901
251,1.0841560363769531,34.7707633972168,1,0.38450121879577637,4.696893215179443,3.2108685970306396,0.5561224222183228,0.9251700639724731,0.9608843326568604,5.981204986572266,0.039268000051379204,0.14275114424526691
252,1.0841161012649536,34.8327751159668,1,0.384538471698761,4.696778297424316,3.210844039916992,0.5561224222183228,0.9251700639724731,0.9608843326568604,5.98105001449585,0.03923746105283499,0.14264251524582505
253,1.084076166152954,34.89467239379883,1,0.3845754861831665,4.696743011474609,3.2108306884765625,0.5561224222183228,0.9251700639724731,0.9608843326568604,5.98101806640625,0.03929352108389139,0.14244451699778438
254,1.0840365886688232,34.95645523071289,1,0.3846122920513153,4.696351051330566,3.210767984390259,0.557823121547699,0.9251700639724731,0.9608843326568604,5.980615139007568,0.03920509107410908,0.14233093801885843
255,1.0839972496032715,35.01813507080078,1,0.384648859500885,4.696627140045166,3.2108006477355957,0.5561224222183228,0.9251700639724731,0.9608843326568604,5.980894565582275,0.03923304099589586,0.14263000525534153
256,1.0839581489562988,35.0797004699707,1,0.38468512892723083,4.6960248947143555,3.2107198238372803,0.557823121547699,0.9251700639724731,0.9608843326568604,5.980321884155273,0.03919630078598857,0.14262097515165806
257,1.0839190483093262,35.14115524291992,1,0.38472118973731995,4.696413040161133,3.210761547088623,0.5561224222183228,0.9251700639724731,0.9608843326568604,5.98062801361084,0.03913229191675782,0.14206364005804062
258,1.0838806629180908,35.2025032043457,1,0.38475701212882996,4.696136951446533,3.210714340209961,0.5561224222183228,0.9251700639724731,0.9608843326568604,5.980345726013184,0.039072141982614994,0.14243411691859365
259,1.0838422775268555,35.26374435424805,1,0.3847927451133728,4.696100234985352,3.2107067108154297,0.5561224222183228,0.9251700639724731,0.9608843326568604,5.980321884155273,0.03915695194154978,0.14222317887470126
260,1.0838041305541992,35.32487869262695,1,0.3848282992839813,4.6966633796691895,3.210779905319214,0.5544217824935913,0.9251700639724731,0.9608843326568604,5.980804920196533,0.03945230878889561,0.14314022986218333
261,1.083766222000122,35.38590621948242,1,0.3848637342453003,4.695895195007324,3.210667371749878,0.557823121547699,0.9251700639724731,0.9608843326568604,5.980098724365234,0.03928945120424032,0.14286380307748914
262,1.083728313446045,35.44682693481445,1,0.3848990499973297,4.695897102355957,3.2106595039367676,0.5561224222183228,0.9251700639724731,0.9608843326568604,5.980091094970703,0.03907806193456054,0.14232544787228107
263,1.0836907625198364,35.50764465332031,1,0.3849342465400696,4.695601463317871,3.210616111755371,0.557823121547699,0.9251700639724731,0.9608843326568604,5.9797868728637695,0.03914724197238684,0.14282147400081158
264,1.083653450012207,35.568355560302734,1,0.3849692642688751,4.69568395614624,3.210615634918213,0.5561224222183228,0.9251700639724731,0.9608843326568604,5.9798407554626465,0.03922437224537134,0.142796004191041
265,1.0836164951324463,35.62895965576172,1,0.38500407338142395,4.696488380432129,3.2107229232788086,0.5544217824935913,0.9251700639724731,0.9608843326568604,5.980546474456787,0.039251609705388546,0.14285120274871588
266,1.083579659461975,35.6894645690918,1,0.38503870368003845,4.695535659790039,3.2105953693389893,0.5561224222183228,0.9251700639724731,0.9608843326568604,5.979679107666016,0.0392107218503952,0.14283585362136364
267,1.083543062210083,35.74986267089844,1,0.38507312536239624,4.695596694946289,3.2105958461761475,0.5561224222183228,0.9251700639724731,0.9608843326568604,5.979724884033203,0.03916081227362156,0.14222012925893068
268,1.0835065841674805,35.810157775878906,1,0.38510727882385254,4.695468425750732,3.2105727195739746,0.5561224222183228,0.9251700639724731,0.9608843326568604,5.979599952697754,0.039184232242405415,0.14283572416752577
269,1.083470344543457,35.87035369873047,1,0.3851412236690521,4.695529937744141,3.210580348968506,0.5544217824935913,0.9251700639724731,0.9608843326568604,5.979637145996094,0.03911006171256304,0.14268277492374182
270,1.0834343433380127,35.93044662475586,1,0.385174959897995,4.695024490356445,3.2105014324188232,0.557823121547699,0.9251700639724731,0.9608843326568604,5.979189395904541,0.03917760169133544,0.1427578036673367
271,1.0833985805511475,35.990440368652344,1,0.3852085769176483,4.695003032684326,3.2104897499084473,0.5544217824935913,0.9251700639724731,0.9608843326568604,5.97910213470459,0.03914602193981409,0.1441514608450234
272,1.0833629369735718,36.050331115722656,1,0.3852420151233673,4.695077419281006,3.210496664047241,0.5544217824935913,0.9251700639724731,0.9608843326568604,5.979206085205078,0.03966704709455371,0.14367073494940996
273,1.0833275318145752,36.11012268066406,1,0.38527536392211914,4.695039749145508,3.2104880809783936,0.5544217824935913,0.9251700639724731,0.9625850319862366,5.979143142700195,0.03924539126455784,0.1430554213002324
274,1.0832923650741577,36.16981506347656,1,0.3853085935115814,4.694806098937988,3.210444688796997,0.5544217824935913,0.9268707633018494,0.9625850319862366,5.978906631469727,0.0392644708044827,0.14325593970716
275,1.0832574367523193,36.229408264160156,1,0.38534170389175415,4.694836616516113,3.2104549407958984,0.5544217824935913,0.9268707633018494,0.9625850319862366,5.978939533233643,0.03923898097127676,0.1420891210436821
276,1.0832226276397705,36.288902282714844,1,0.38537466526031494,4.695155620574951,3.2104947566986084,0.5527210831642151,0.9268707633018494,0.9625850319862366,5.979244709014893,0.03911011200398207,0.14264233456924558
277,1.0831880569458008,36.34830093383789,1,0.3854074478149414,4.694716930389404,3.2104272842407227,0.5544217824935913,0.9268707633018494,0.9625850319862366,5.978829860687256,0.0390897118486464,0.14296378195285797
278,1.0831537246704102,36.407596588134766,1,0.38544008135795593,4.693562984466553,3.2101125717163086,0.5544217824935913,0.9268707633018494,0.9608843326568604,5.9767842292785645,0.03917284123599529,0.1415340551175177
279,1.083119511604309,36.466800689697266,1,0.38547247648239136,4.694624900817871,3.2104153633117676,0.5544217824935913,0.9268707633018494,0.9625850319862366,5.978775501251221,0.03911494230851531,0.1423519584350288
280,1.083085536956787,36.52590560913086,1,0.38550469279289246,4.6944098472595215,3.210381031036377,0.5544217824935913,0.9268707633018494,0.9625850319862366,5.978574275970459,0.03910730220377445,0.14248897600919008
281,1.0830516815185547,36.58491516113281,1,0.3855367600917816,4.694371223449707,3.2103538513183594,0.5527210831642151,0.9268707633018494,0.9625850319862366,5.978452205657959,0.03913584165275097,0.14242521673440933
282,1.0830180644989014,36.643829345703125,1,0.38556861877441406,4.694356918334961,3.210365056991577,0.5527210831642151,0.9268707633018494,0.9625850319862366,5.978491306304932,0.039142252411693335,0.14232222829014063
283,1.0829845666885376,36.70264434814453,1,0.38560032844543457,4.694336891174316,3.2103512287139893,0.5527210831642151,0.9268707633018494,0.9625850319862366,5.978464603424072,0.03942271042615175,0.14312872104346752
284,1.082951307296753,36.76137161254883,1,0.385631799697876,4.694103240966797,3.2103219032287598,0.5544217824935913,0.9268707633018494,0.9625850319862366,5.978259563446045,0.039151402190327644,0.14222510904073715
285,1.0829181671142578,36.81999969482422,1,0.3856631815433502,4.693851947784424,3.2102861404418945,0.5561224222183228,0.9268707633018494,0.9625850319862366,5.978028774261475,0.03906410280615091,0.14230102812871337
286,1.0828853845596313,36.878536224365234,1,0.3856944441795349,4.6939520835876465,3.2102813720703125,0.5527210831642151,0.9268707633018494,0.9625850319862366,5.9780354499816895,0.03911194298416376,0.14215369010344148
287,1.0828526020050049,36.936973571777344,1,0.38572564721107483,4.693843841552734,3.210275650024414,0.5544217824935913,0.9268707633018494,0.9625850319862366,5.977992534637451,0.03909385157749057,0.14248135592788458
288,1.082820177078247,36.995323181152344,1,0.3857567012310028,4.693845272064209,3.2102701663970947,0.5527210831642151,0.9268707633018494,0.9625850319862366,5.97799825668335,0.03912079194560647,0.14245457714423537
289,1.0827877521514893,37.05358123779297,1,0.38578763604164124,4.693800926208496,3.2102549076080322,0.5527210831642151,0.9268707633018494,0.9625850319862366,5.977899551391602,0.039113671984523535,0.14203554997220635
290,1.0827555656433105,37.11174011230469,1,0.3858184218406677,4.6938300132751465,3.21026611328125,0.5527210831642151,0.9268707633018494,0.9625850319862366,5.977970600128174,0.03916878206655383,0.14274703385308385
291,1.082723617553711,37.16981506347656,1,0.3858490288257599,4.693203926086426,3.2101693153381348,0.5561224222183228,0.9268707633018494,0.9625850319862366,5.977369785308838,0.039088082034140825,0.1426731450483203
292,1.0826916694641113,37.2277946472168,1,0.38587942719459534,4.6927032470703125,3.2101285457611084,0.5561224222183228,0.9268707633018494,0.9625850319862366,5.977077484130859,0.0391630120575428,0.14271041378378868
293,1.0826600790023804,37.285682678222656,1,0.38590964674949646,4.693410396575928,3.210191011428833,0.5527210831642151,0.9268707633018494,0.9625850319862366,5.9775495529174805,0.0390987629070878,0.14258940611034632
294,1.0826287269592285,37.34347915649414,1,0.38593971729278564,4.69345235824585,3.2102010250091553,0.5527210831642151,0.9268707633018494,0.9625850319862366,5.977613925933838,0.03915945114567876,0.14292429201304913
295,1.0825973749160767,37.401187896728516,1,0.3859696388244629,4.693228721618652,3.21016263961792,0.5527210831642151,0.9268707633018494,0.9625850319862366,5.977405548095703,0.03909375239163637,0.14213011041283607
296,1.0825660228729248,37.45880889892578,1,0.3859993815422058,4.693017959594727,3.2101337909698486,0.5544217824935913,0.9268707633018494,0.9625850319862366,5.97722053527832,0.03934027999639511,0.14284740295261145
297,1.0825350284576416,37.51633834838867,1,0.38602903485298157,4.6937055587768555,3.21022891998291,0.5527210831642151,0.9268707633018494,0.9625850319862366,5.977878093719482,0.039296600967645645,0.14283611299470067
298,1.0825042724609375,37.57377624511719,1,0.386058509349823,4.693242073059082,3.2101683616638184,0.5544217824935913,0.9268707633018494,0.9625850319862366,5.977467060089111,0.039406299125403166,0.1438498143106699
299,1.0824737548828125,37.631126403808594,1,0.38608789443969727,4.692930698394775,3.2101171016693115,0.5561224222183228,0.9268707633018494,0.9625850319862366,5.977179527282715,0.040356870740652084,0.14379537478089333
300,1.0824429988861084,37.68838882446289,1,0.3861171305179596,4.6928534507751465,3.210094451904297,0.5544217824935913,0.9268707633018494,0.9625850319862366,5.977067470550537,0.039187852293252945,0.14239505818113685
301,1.0824127197265625,37.74556350708008,1,0.38614627718925476,4.692535400390625,3.2100613117218018,0.557823121547699,0.9268707633018494,0.9625850319862366,5.976823806762695,0.039103223010897636,0.14221698883920908
302,1.0823826789855957,37.80265426635742,1,0.3861753046512604,4.6923956871032715,3.2100436687469482,0.5595238208770752,0.9268707633018494,0.9625850319862366,5.976743698120117,0.03909923229366541,0.1421808092854917
303,1.082352638244629,37.85965347290039,1,0.38620415329933167,4.692737102508545,3.2100770473480225,0.5561224222183228,0.9268707633018494,0.9625850319862366,5.976980686187744,0.03924559103325009,0.14300018223002553
304,1.082322597503662,37.91656494140625,1,0.3862329125404358,4.693380832672119,3.2101619243621826,0.5561224222183228,0.9268707633018494,0.9625850319862366,5.977567672729492,0.03926646104082465,0.14239151822403073
305,1.0822930335998535,37.973392486572266,1,0.38626155257225037,4.69262170791626,3.210054397583008,0.5561224222183228,0.9268707633018494,0.9625850319862366,5.976871490478516,0.03920646104961634,0.14240613719448447
306,1.082263469696045,38.03013229370117,1,0.3862899839878082,4.69244384765625,3.210026264190674,0.5561224222183228,0.9268707633018494,0.9625850319862366,5.9767374992370605,0.03922598110511899,0.1424259371124208
307,1.0822340250015259,38.08678436279297,1,0.38631829619407654,4.6926774978637695,3.2100584506988525,0.5561224222183228,0.9268707633018494,0.9625850319862366,5.976966381072998,0.03919654106721282,0.14231651835143566
308,1.0822046995162964,38.14335632324219,1,0.38634639978408813,4.692330837249756,3.2100136280059814,0.5561224222183228,0.9268707633018494,0.9625850319862366,5.976668357849121,0.039216611068695784,0.14245566725730896
309,1.082175612449646,38.1998405456543,1,0.3863743841648102,4.692261219024658,3.210002899169922,0.5544217824935913,0.9268707633018494,0.9625850319862366,5.976619243621826,0.039240640588104725,0.14239642675966024
310,1.0821466445922852,38.25624084472656,1,0.3864022195339203,4.692076206207275,3.2099733352661133,0.5544217824935913,0.9268707633018494,0.9625850319862366,5.976436614990234,0.03952897805720568,0.1430140621960163
311,1.0821179151535034,38.31255340576172,1,0.3864299952983856,4.691931247711182,3.209959030151367,0.557823121547699,0.9268707633018494,0.9625850319862366,5.97637414932251,0.039185781031847,0.14278266299515963
312,1.0820891857147217,38.3687858581543,1,0.3864575922489166,4.691781044006348,3.209932565689087,0.5544217824935913,0.9268707633018494,0.9625850319862366,5.976166248321533,0.039074413012713194,0.14283865317702293
313,1.082060694694519,38.42493438720703,1,0.3864850699901581,4.692185401916504,3.209975242614746,0.5544217824935913,0.9268707633018494,0.9625850319862366,5.976547718048096,0.03920759120956063,0.14259794494137168
314,1.0820322036743164,38.480995178222656,1,0.38651242852211,4.691999912261963,3.2099616527557373,0.5544217824935913,0.9268707633018494,0.9625850319862366,5.9764084815979,0.03913402184844017,0.1424020971171558
315,1.0820040702819824,38.5369758605957,1,0.3865396976470947,4.691688060760498,3.2099151611328125,0.5544217824935913,0.9268707633018494,0.9625850319862366,5.9761247634887695,0.03916005231440067,0.14224714925512671
316,1.081976056098938,38.59287643432617,1,0.3865668773651123,4.691683769226074,3.2098965644836426,0.5544217824935913,0.9268707633018494,0.9625850319862366,5.976085186004639,0.03909743297845125,0.1422049691900611
317,1.0819480419158936,38.64868927001953,1,0.38659390807151794,4.692288398742676,3.209989547729492,0.5544217824935913,0.9268707633018494,0.9625850319862366,5.976665019989014,0.03914239117875695,0.14247093629091978
318,1.0819202661514282,38.70442581176758,1,0.3866208493709564,4.692818641662598,3.210070848464966,0.5544217824935913,0.9268707633018494,0.9625850319862366,5.977242469787598,0.0391898020170629,0.14231979893520474
319,1.0818926095962524,38.760074615478516,1,0.38664761185646057,4.690685272216797,3.209782600402832,0.557823121547699,0.9268707633018494,0.9625850319862366,5.975342750549316,0.03914846200495958,0.14257199596613646
320,1.0818651914596558,38.81564712524414,1,0.38667428493499756,4.692947864532471,3.209789514541626,0.5561224222183228,0.9268707633018494,0.9625850319862366,5.975489616394043,0.03905373299494386,0.14212530013173819
321,1.0818376541137695,38.87113571166992,1,0.3867008090019226,4.69136381149292,3.2098641395568848,0.5544217824935913,0.9268707633018494,0.9625850319862366,5.975911617279053,0.039134962018579245,0.14301350200548768
322,1.081810474395752,38.92654037475586,1,0.38672712445259094,4.691082954406738,3.209812879562378,0.5544217824935913,0.9268707633018494,0.9625850319862366,5.9755940437316895,0.039116011932492256,0.14280188269913197
323,1.0817832946777344,38.98187255859375,1,0.3867533504962921,4.691254138946533,3.2098379135131836,0.5544217824935913,0.9268707633018494,0.9625850319862366,5.975788593292236,0.03910248214378953,0.14292568294331431
324,1.081756353378296,39.03711700439453,1,0.38677942752838135,4.692004203796387,3.2099413871765137,0.5544217824935913,0.9268707633018494,0.9625850319862366,5.976522445678711,0.03910087235271931,0.14242545701563358
325,1.0817294120788574,39.09228515625,1,0.38680535554885864,4.691219329833984,3.2098381519317627,0.5561224222183228,0.9268707633018494,0.9625850319862366,5.975827693939209,0.03912943135946989,0.14278118312358856
326,1.0817028284072876,39.147369384765625,1,0.38683125376701355,4.691183090209961,3.2098236083984375,0.5561224222183228,0.9268707633018494,0.9625850319862366,5.975796222686768,0.03918869234621525,0.14214449003338814
327,1.0816762447357178,39.2023811340332,1,0.3868570625782013,4.691673755645752,3.209897756576538,0.5561224222183228,0.9268707633018494,0.9625850319862366,5.976259708404541,0.039163402281701565,0.14224238926544785
328,1.0816497802734375,39.25730895996094,1,0.3868827819824219,4.690982818603516,3.2098021507263184,0.5561224222183228,0.9268707633018494,0.9625850319862366,5.975611686706543,0.03930510999634862,0.14249822590500116
329,1.0816233158111572,39.312156677246094,1,0.3869083821773529,4.690939903259277,3.209801435470581,0.5561224222183228,0.9268707633018494,0.9625850319862366,5.975648403167725,0.03924896102398634,0.14222337864339352
330,1.0815972089767456,39.36692810058594,1,0.386933833360672,4.690799713134766,3.2097835540771484,0.5561224222183228,0.9268707633018494,0.9625850319862366,5.975555896759033,0.039204461965709925,0.14224230917170644
331,1.081571102142334,39.42162322998047,1,0.38695916533470154,4.6919145584106445,3.2099297046661377,0.5561224222183228,0.9268707633018494,0.9625850319862366,5.976586818695068,0.03909839317202568,0.14241349836811423
332,1.081545114517212,39.47623825073242,1,0.38698434829711914,4.6906514167785645,3.209765672683716,0.5561224222183228,0.9268707633018494,0.9625850319862366,5.9754638671875,0.039204941131174564,0.1426883041858673
333,1.081519365310669,39.5307731628418,1,0.3870094418525696,4.690555095672607,3.2097465991973877,0.5561224222183228,0.9268707633018494,0.9625850319862366,5.9753851890563965,0.039124852046370506,0.14210405014455318
334,1.081493616104126,39.585235595703125,1,0.38703441619873047,4.690466403961182,3.2097320556640625,0.5561224222183228,0.9268707633018494,0.9625850319862366,5.975301742553711,0.039220410864800215,0.14221237925812602
335,1.081468105316162,39.639617919921875,1,0.3870592713356018,4.690876007080078,3.209787130355835,0.5561224222183228,0.9268707633018494,0.9625850319862366,5.975680828094482,0.039159201085567474,0.14247665600851178
336,1.0814427137374878,39.69392395019531,1,0.3870840072631836,4.690516471862793,3.209740161895752,0.5561224222183228,0.9268707633018494,0.9625850319862366,5.975379943847656,0.039159872103482485,0.14242291823029518
337,1.081417441368103,39.74815368652344,1,0.3871086835861206,4.690037727355957,3.2096571922302246,0.5561224222183228,0.9268707633018494,0.9625850319862366,5.9748640060424805,0.039436450228095055,0.14244523691013455
338,1.0813921689987183,39.80230712890625,1,0.3871332108974457,4.69003438949585,3.209669828414917,0.5561224222183228,0.9268707633018494,0.9625850319862366,5.9749627113342285,0.03910036198794842,0.1423801169730723
339,1.081367015838623,39.85638427734375,1,0.3871575593948364,4.69025993347168,3.209707736968994,0.5561224222183228,0.9268707633018494,0.9625850319862366,5.975229263305664,0.039185420610010624,0.14234741684049368
340,1.081342101097107,39.91038513183594,1,0.3871818482875824,4.6897478103637695,3.209627628326416,0.5561224222183228,0.9268707633018494,0.9625850319862366,5.974715709686279,0.03912879200652242,0.14230181789025664
341,1.0813173055648804,39.96431350708008,1,0.3872060179710388,4.690090656280518,3.20967698097229,0.5561224222183228,0.9268707633018494,0.9625850319862366,5.975042819976807,0.039305750746279955,0.14273395389318466
342,1.0812925100326538,40.01816177368164,1,0.38723015785217285,4.690486907958984,3.209735870361328,0.5561224222183228,0.9268707633018494,0.9625850319862366,5.97539758682251,0.0391188426874578,0.14242106769233942
343,1.0812679529190063,40.071937561035156,1,0.38725414872169495,4.689981460571289,3.2096636295318604,0.5561224222183228,0.9268707633018494,0.9625850319862366,5.9749836921691895,0.03918081196025014,0.14211898995563388
344,1.0812435150146484,40.12563705444336,1,0.3872780501842499,4.691012859344482,3.209810972213745,0.5561224222183228,0.9268707633018494,0.9608843326568604,5.975987434387207,0.039423730224370956,0.14272855501621962
345,1.08121919631958,40.179264068603516,1,0.38730189204216003,4.689663410186768,3.209624767303467,0.5561224222183228,0.9268707633018494,0.9608843326568604,5.974738121032715,0.03918329160660505,0.14225020864978433
346,1.0811948776245117,40.23281478881836,1,0.38732555508613586,4.690408706665039,3.2097249031066895,0.5561224222183228,0.9268707633018494,0.9608843326568604,5.975417137145996,0.03910436201840639,0.1422596089541912
347,1.081170678138733,40.286293029785156,1,0.3873491585254669,4.689813137054443,3.209648370742798,0.557823121547699,0.9268707633018494,0.9608843326568604,5.97493839263916,0.03918050089851022,0.14236581698060036
348,1.0811465978622437,40.33969497680664,1,0.38737261295318604,4.6904802322387695,3.2097296714782715,0.5561224222183228,0.9268707633018494,0.9608843326568604,5.97554349899292,0.039214320946484804,0.142505066934973
349,1.081122636795044,40.393028259277344,1,0.3873958885669708,4.68954610824585,3.2095959186553955,0.557823121547699,0.9268707633018494,0.9608843326568604,5.974695205688477,0.03906489256769419,0.14287687465548515
350,1.0810987949371338,40.446285247802734,1,0.3874191343784332,4.68925142288208,3.209575653076172,0.557823121547699,0.9268707633018494,0.9608843326568604,5.974481582641602,0.03911026194691658,0.14209057996049523
351,1.0810751914978027,40.49946975708008,1,0.3874422013759613,4.689525127410889,3.2096121311187744,0.557823121547699,0.9268707633018494,0.9608843326568604,5.974768161773682,0.03914333134889603,0.14244210720062256
352,1.0810515880584717,40.552581787109375,1,0.3874652087688446,4.688972473144531,3.209528923034668,0.557823121547699,0.9268707633018494,0.9608843326568604,5.974214553833008,0.03921397076919675,0.1425788658671081
353,1.0810281038284302,40.605621337890625,1,0.3874881863594055,4.689053058624268,3.209536552429199,0.557823121547699,0.9268707633018494,0.9608843326568604,5.974328517913818,0.039086111821234226,0.14278209302574396
354,1.0810047388076782,40.65858459472656,1,0.38751107454299927,4.688994884490967,3.209535598754883,0.557823121547699,0.9268707633018494,0.9608843326568604,5.974287509918213,0.03919050097465515,0.14270164398476481
355,1.0809814929962158,40.71147918701172,1,0.38753384351730347,4.68937349319458,3.209603786468506,0.557823121547699,0.9268707633018494,0.9608843326568604,5.9747538566589355,0.039131492376327515,0.14289100328460336
356,1.0809582471847534,40.76430130004883,1,0.3875565230846405,4.688979625701904,3.2095320224761963,0.557823121547699,0.9268707633018494,0.9608843326568604,5.9743266105651855,0.03912847209721804,0.14238448813557625
357,1.0809352397918701,40.817054748535156,1,0.3875790536403656,4.68907356262207,3.209545850753784,0.5561224222183228,0.9268707633018494,0.9608843326568604,5.974454879760742,0.039206841960549355,0.1423058989457786
358,1.0809123516082764,40.86973571777344,1,0.38760143518447876,4.689062118530273,3.2095465660095215,0.5561224222183228,0.9268707633018494,0.9608843326568604,5.97447395324707,0.039163532201200724,0.14272619411349297
359,1.0808895826339722,40.92234420776367,1,0.38762378692626953,4.688632488250732,3.209477663040161,0.5561224222183228,0.9268707633018494,0.9608843326568604,5.974032878875732,0.03920687176287174,0.14261176576837897
360,1.0808666944503784,40.97488021850586,1,0.38764604926109314,4.688883304595947,3.209520101547241,0.5561224222183228,0.9268707633018494,0.9608843326568604,5.974301815032959,0.03915042197331786,0.14214665908366442
361,1.0808441638946533,41.027347564697266,1,0.3876682221889496,4.688711643218994,3.2095110416412354,0.5561224222183228,0.9268707633018494,0.9608843326568604,5.974234580993652,0.039192702155560255,0.14287051279097795
362,1.0808215141296387,41.079742431640625,1,0.3876902461051941,4.688575744628906,3.2094810009002686,0.5561224222183228,0.9268707633018494,0.9608843326568604,5.974079608917236,0.039381689857691526,0.1425381270237267
363,1.0807991027832031,41.1320686340332,1,0.3877122104167938,4.688668251037598,3.2094943523406982,0.5561224222183228,0.9268707633018494,0.9608843326568604,5.974212169647217,0.039211811032146215,0.14243269711732864
364,1.0807766914367676,41.184326171875,1,0.3877340257167816,4.688327312469482,3.209446907043457,0.5561224222183228,0.9268707633018494,0.9608843326568604,5.973921775817871,0.03926349012181163,0.1428331728093326
365,1.0807546377182007,41.23651123046875,1,0.3877558410167694,4.6894965171813965,3.2096095085144043,0.5561224222183228,0.9268707633018494,0.9608843326568604,5.975017547607422,0.039184520952403545,0.1428263229317963
366,1.0807324647903442,41.28862762451172,1,0.3877774775028229,4.688507080078125,3.2094879150390625,0.557823121547699,0.9268707633018494,0.9608843326568604,5.974184989929199,0.039060101844370365,0.14221818884834647
367,1.0807104110717773,41.340675354003906,1,0.38779911398887634,4.688313007354736,3.209449291229248,0.5561224222183228,0.9268707633018494,0.9608843326568604,5.973935127258301,0.039368640165776014,0.1430160221643746
368,1.0806884765625,41.39265441894531,1,0.38782066106796265,4.688475131988525,3.209468126296997,0.5561224222183228,0.9268707633018494,0.9608843326568604,5.974074363708496,0.03907016199082136,0.14220140920951962
369,1.0806666612625122,41.44456481933594,1,0.3878420889377594,4.688423156738281,3.2094671726226807,0.5561224222183228,0.9268707633018494,0.9608843326568604,5.974117755889893,0.03929582145065069,0.14260413637384772
370,1.0806448459625244,41.49640655517578,1,0.3878633975982666,4.688159465789795,3.209425210952759,0.5561224222183228,0.9268707633018494,0.9608843326568604,5.973865985870361,0.03906538197770715,0.14207744970917702
371,1.0806232690811157,41.548179626464844,1,0.38788458704948425,4.6881914138793945,3.2094287872314453,0.5561224222183228,0.9268707633018494,0.9608843326568604,5.973933696746826,0.03910556202754378,0.1419633012264967
372,1.0806018114089966,41.599884033203125,1,0.38790571689605713,4.687831401824951,3.2094132900238037,0.557823121547699,0.9268707633018494,0.9608843326568604,5.973767280578613,0.039086341857910156,0.1420996501110494
373,1.080580234527588,41.651519775390625,1,0.3879266679286957,4.688473224639893,3.209470510482788,0.5561224222183228,0.9268707633018494,0.9608843326568604,5.974233150482178,0.03911203192546964,0.142451667226851
374,1.0805590152740479,41.703086853027344,1,0.38794761896133423,4.6878533363342285,3.2093923091888428,0.5561224222183228,0.9268707633018494,0.9608843326568604,5.973718643188477,0.03909815289080143,0.14227039879187942
375,1.0805375576019287,41.75458908081055,1,0.3879684805870056,4.687963008880615,3.2094194889068604,0.5561224222183228,0.9268707633018494,0.9608843326568604,5.9738898277282715,0.03915297193452716,0.14257925562560558
376,1.0805165767669678,41.80602264404297,1,0.3879892826080322,4.687808513641357,3.20939040184021,0.5561224222183228,0.9268707633018494,0.9608843326568604,5.973729610443115,0.03911110199987888,0.14225241914391518
377,1.0804954767227173,41.85738754272461,1,0.3880099654197693,4.687744617462158,3.2093896865844727,0.5561224222183228,0.9268707633018494,0.9608843326568604,5.973703384399414,0.0391467921435833,0.14255595579743385
378,1.0804744958877563,41.90868377685547,1,0.3880305886268616,4.687711715698242,3.2093777656555176,0.5561224222183228,0.9268707633018494,0.9608843326568604,5.9737067222595215,0.0391235719434917,0.1427531042136252
379,1.080453634262085,41.95991897583008,1,0.3880511224269867,4.687369346618652,3.209346055984497,0.5561224222183228,0.9268707633018494,0.9608843326568604,5.973435401916504,0.039225720800459385,0.1427363040857017
380,1.0804327726364136,42.011085510253906,1,0.38807156682014465,4.687484264373779,3.2093594074249268,0.5561224222183228,0.9268707633018494,0.9608843326568604,5.973581314086914,0.039159171748906374,0.1426272657699883
381,1.0804121494293213,42.06218338012695,1,0.38809195160865784,4.687697410583496,3.2093818187713623,0.5561224222183228,0.9268707633018494,0.9608843326568604,5.973742485046387,0.039226741064339876,0.14244195679202676
382,1.080391526222229,42.113216400146484,1,0.38811224699020386,4.687639236450195,3.2093770503997803,0.5544217824935913,0.9268707633018494,0.9608843326568604,5.9737162590026855,0.03914560191333294,0.142813122831285
383,1.0803709030151367,42.164180755615234,1,0.38813236355781555,4.687009811401367,3.209285259246826,0.5544217824935913,0.9268707633018494,0.9608843326568604,5.973153591156006,0.03916305210441351,0.14237640798091888
384,1.080350637435913,42.215084075927734,1,0.3881523907184601,4.687383651733398,3.2093522548675537,0.5544217824935913,0.9268707633018494,0.9608843326568604,5.973578929901123,0.03919854061678052,0.14238550700247288
385,1.0803301334381104,42.26591491699219,1,0.38817232847213745,4.687394142150879,3.209354877471924,0.5544217824935913,0.9268707633018494,0.9608843326568604,5.973635196685791,0.03918559243902564,0.14279665425419807
386,1.0803098678588867,42.316688537597656,1,0.38819220662117004,4.687437057495117,3.2093544006347656,0.5544217824935913,0.9268707633018494,0.9608843326568604,5.973662853240967,0.03921642201021314,0.14270747499540448
387,1.0802898406982422,42.367393493652344,1,0.38821202516555786,4.68749475479126,3.2093682289123535,0.5544217824935913,0.9268707633018494,0.9608843326568604,5.973720073699951,0.039196322206407785,0.14232785813510418
388,1.0802698135375977,42.418033599853516,1,0.3882318139076233,4.687305450439453,3.209352493286133,0.5527210831642151,0.9268707633018494,0.9608843326568604,5.973649978637695,0.039174292236566544,0.14237497793510556
389,1.0802496671676636,42.46860885620117,1,0.38825154304504395,4.687321662902832,3.209345817565918,0.5527210831642151,0.9268707633018494,0.9608843326568604,5.973596572875977,0.03925029095262289,0.14250776590779424
390,1.0802297592163086,42.51911926269531,1,0.38827115297317505,4.687046527862549,3.2093021869659424,0.5527210831642151,0.9268707633018494,0.9608843326568604,5.9733428955078125,0.039198832120746374,0.14248544676229358
391,1.0802099704742432,42.56956481933594,1,0.38829073309898376,4.687068462371826,3.2093071937561035,0.5527210831642151,0.9268707633018494,0.9608843326568604,5.973397731781006,0.03920926060527563,0.14519286155700684
392,1.0801901817321777,42.61994552612305,1,0.38831016421318054,4.68705415725708,3.2093052864074707,0.5527210831642151,0.9268707633018494,0.9608843326568604,5.973391532897949,0.03977311588823795,0.14355095708742738
393,1.0801706314086914,42.67026138305664,1,0.3883294463157654,4.686793327331543,3.2092766761779785,0.5527210831642151,0.9268707633018494,0.9608843326568604,5.973217010498047,0.03916311217471957,0.14303692197427154
394,1.080151081085205,42.720516204833984,1,0.38834866881370544,4.687108516693115,3.209324836730957,0.5527210831642151,0.9268707633018494,0.9608843326568604,5.973540306091309,0.0391900222748518,0.14297516318038106
395,1.0801315307617188,42.77070617675781,1,0.38836780190467834,4.68684720993042,3.209279775619507,0.5527210831642151,0.9268707633018494,0.9608843326568604,5.973254680633545,0.039211831986904144,0.14225702919065952
396,1.080112099647522,42.82083511352539,1,0.3883868455886841,4.686812877655029,3.209278106689453,0.5527210831642151,0.9268707633018494,0.9608843326568604,5.9732584953308105,0.03914859192445874,0.14254570612683892
397,1.0800927877426147,42.87089538574219,1,0.3884058892726898,4.6867475509643555,3.2092742919921875,0.5527210831642151,0.9268707633018494,0.9608843326568604,5.973243236541748,0.039224411360919476,0.1422862382605672
398,1.080073595046997,42.920894622802734,1,0.3884248435497284,4.686683177947998,3.2092807292938232,0.5527210831642151,0.9251700639724731,0.9608843326568604,5.9732842445373535,0.03926098020747304,0.14248246606439352
399,1.0800544023513794,42.970829010009766,1,0.3884437084197998,4.686174392700195,3.209203004837036,0.5527210831642151,0.9268707633018494,0.9608843326568604,5.9727983474731445,0.039277061354368925,0.14254483627155423
400,1.0800352096557617,43.02070617675781,1,0.38846254348754883,4.6864190101623535,3.209226608276367,0.5527210831642151,0.9268707633018494,0.9625850319862366,5.9729790687561035,0.03926519025117159,0.14240684732794762
401,1.0800163745880127,43.070518493652344,1,0.3884812891483307,4.686638355255127,3.2092642784118652,0.5527210831642151,0.9251700639724731,0.9625850319862366,5.973250865936279,0.03968268679454923,0.1433939877897501
402,1.0799973011016846,43.12026596069336,1,0.3884999454021454,4.686493396759033,3.209249496459961,0.5527210831642151,0.9251700639724731,0.9625850319862366,5.9731621742248535,0.039122052025049925,0.14245475735515356
403,1.0799784660339355,43.169952392578125,1,0.38851848244667053,4.686370849609375,3.209221363067627,0.5527210831642151,0.9251700639724731,0.9625850319862366,5.972994804382324,0.039363139774650335,0.14258208591490984
404,1.0799596309661865,43.21957778930664,1,0.3885369896888733,4.686729431152344,3.2092819213867188,0.5527210831642151,0.9251700639724731,0.9625850319862366,5.973381996154785,0.03910007234662771,0.14246065728366375
405,1.0799411535263062,43.269142150878906,1,0.3885554075241089,4.686258792877197,3.2092201709747314,0.5527210831642151,0.9251700639724731,0.9625850319862366,5.97300386428833,0.03908317210152745,0.1422784081660211
406,1.0799224376678467,43.318641662597656,1,0.3885737359523773,4.686251640319824,3.2092182636260986,0.5527210831642151,0.9251700639724731,0.9625850319862366,5.973027229309082,0.039128060918301344,0.14271809393540025
407,1.0799038410186768,43.368080139160156,1,0.38859203457832336,4.686185836791992,3.209213972091675,0.5527210831642151,0.9234693646430969,0.9625850319862366,5.972981929779053,0.039155212230980396,0.1428942228667438
408,1.079885482788086,43.417457580566406,1,0.38861018419265747,4.68638801574707,3.2092278003692627,0.5527210831642151,0.9234693646430969,0.9625850319862366,5.97310733795166,0.03915853099897504,0.1429847120307386
409,1.0798671245574951,43.466773986816406,1,0.3886283040046692,4.686316967010498,3.209233045578003,0.5527210831642151,0.9234693646430969,0.9625850319862366,5.973169326782227,0.03914235206320882,0.14274965412914753
410,1.0798487663269043,43.51603317260742,1,0.3886463940143585,4.685993194580078,3.2091872692108154,0.5527210831642151,0.9234693646430969,0.9625850319862366,5.972832202911377,0.03919377224519849,0.14287293329834938
411,1.0798306465148926,43.56522750854492,1,0.3886643946170807,4.686203956604004,3.209214687347412,0.5527210831642151,0.9234693646430969,0.9625850319862366,5.973049640655518,0.039543398190289736,0.14267814485356212
412,1.0798125267028809,43.61436080932617,1,0.38868236541748047,4.6858439445495605,3.2091574668884277,0.5527210831642151,0.9234693646430969,0.9625850319862366,5.972715854644775,0.039229031186550856,0.14262078516185284
413,1.0797944068908691,43.66343307495117,1,0.3887001574039459,4.686829566955566,3.209301710128784,0.5527210831642151,0.9234693646430969,0.9625850319862366,5.973676681518555,0.03916054172441363,0.1425611856393516
414,1.079776406288147,43.71244812011719,1,0.388717919588089,4.685781002044678,3.209158420562744,0.5527210831642151,0.9234693646430969,0.9625850319862366,5.972719669342041,0.039154541213065386,0.142643874976784
415,1.0797584056854248,43.76139831542969,1,0.3887355327606201,4.686407089233398,3.2092502117156982,0.5527210831642151,0.9234693646430969,0.9625850319862366,5.973337650299072,0.039346289820969105,0.14289967296645045
416,1.0797405242919922,43.8102912902832,1,0.38875308632850647,4.68597936630249,3.209191083908081,0.5527210831642151,0.9234693646430969,0.9625850319862366,5.972973823547363,0.03918982204049826,0.14247264713048935
417,1.0797228813171387,43.859127044677734,1,0.38877058029174805,4.6859354972839355,3.209193706512451,0.5527210831642151,0.9234693646430969,0.9625850319862366,5.972980499267578,0.039210930932313204,0.1427686340175569
418,1.0797052383422852,43.90789794921875,1,0.38878804445266724,4.685644149780273,3.2091386318206787,0.5527210831642151,0.9234693646430969,0.9625850319862366,5.972690105438232,0.039197002071887255,0.1427914840169251
419,1.0796873569488525,43.95661163330078,1,0.3888055086135864,4.68575382232666,3.209165096282959,0.5527210831642151,0.9234693646430969,0.9625850319862366,5.972846508026123,0.03935794020071626,0.14290383318439126
420,1.0796699523925781,44.00526809692383,1,0.38882288336753845,4.685605049133301,3.2091517448425293,0.5527210831642151,0.9234693646430969,0.9625850319862366,5.972734451293945,0.03912797197699547,0.14252702705562115
421,1.0796524286270142,44.053863525390625,1,0.3888401687145233,4.6859025955200195,3.2091946601867676,0.5510203838348389,0.9234693646430969,0.9625850319862366,5.9730544090271,0.03945322893559933,0.14339151792228222
422,1.0796350240707397,44.10240173339844,1,0.3888573944568634,4.685486316680908,3.209132194519043,0.5527210831642151,0.9234693646430969,0.9625850319862366,5.97265625,0.03915031207725406,0.1427656738087535
423,1.0796176195144653,44.150875091552734,1,0.3888745605945587,4.685611248016357,3.2091567516326904,0.5510203838348389,0.9234693646430969,0.9625850319862366,5.972814083099365,0.03923329105600715,0.14267367497086525
424,1.0796003341674805,44.19929885864258,1,0.3888915777206421,4.685300350189209,3.2090988159179688,0.5527210831642151,0.9234693646430969,0.9625850319862366,5.972455024719238,0.03918512165546417,0.142857622820884
425,1.0795831680297852,44.247657775878906,1,0.3889085352420807,4.685537815093994,3.2091400623321533,0.5510203838348389,0.9234693646430969,0.9625850319862366,5.972784519195557,0.0391294420696795,0.1427214341238141
426,1.0795660018920898,44.29595947265625,1,0.3889254033565521,4.685500144958496,3.2091524600982666,0.5510203838348389,0.9234693646430969,0.9625850319862366,5.972835063934326,0.0391506920568645,0.14248650707304478
427,1.079548954963684,44.344200134277344,1,0.38894224166870117,4.685525417327881,3.2091524600982666,0.5510203838348389,0.9234693646430969,0.9625850319862366,5.9728546142578125,0.03909560199826956,0.14270893391221762
428,1.0795319080352783,44.39238739013672,1,0.38895899057388306,4.684963703155518,3.2090792655944824,0.5510203838348389,0.9234693646430969,0.9625850319862366,5.972382545471191,0.039184330962598324,0.14268995402380824
429,1.079514980316162,44.440513610839844,1,0.38897573947906494,4.685131072998047,3.209085702896118,0.5510203838348389,0.9234693646430969,0.9625850319862366,5.972460746765137,0.03916569100692868,0.14254295593127608
430,1.079498052597046,44.488582611083984,1,0.38899245858192444,4.685233116149902,3.2091004848480225,0.5510203838348389,0.9234693646430969,0.9625850319862366,5.972573280334473,0.039221351966261864,0.14273340487852693
431,1.0794813632965088,44.53659439086914,1,0.3890090584754944,4.685049533843994,3.209078550338745,0.5510203838348389,0.9234693646430969,0.9625850319862366,5.972452163696289,0.03917625127360225,0.14277884410694242
432,1.0794646739959717,44.58455276489258,1,0.3890257179737091,4.6848835945129395,3.2090728282928467,0.5510203838348389,0.9234693646430969,0.9625850319862366,5.972386360168457,0.039197701029479504,0.1425880859605968
433,1.079447865486145,44.632450103759766,1,0.3890422582626343,4.684996604919434,3.209080696105957,0.5510203838348389,0.9234693646430969,0.9625850319862366,5.972472667694092,0.039157402236014605,0.14254305604845285
434,1.0794312953948975,44.68029022216797,1,0.3890586495399475,4.6851606369018555,3.2091007232666016,0.5510203838348389,0.9234693646430969,0.9625850319862366,5.972635746002197,0.039078231900930405,0.14212480001151562
435,1.0794148445129395,44.72807312011719,1,0.38907501101493835,4.686002731323242,3.2092175483703613,0.5510203838348389,0.9234693646430969,0.9625850319862366,5.973399639129639,0.039085001684725285,0.14230731781572104
436,1.0793981552124023,44.77579879760742,1,0.38909122347831726,4.684174060821533,3.2089922428131104,0.5527210831642151,0.9234693646430969,0.9625850319862366,5.971898555755615,0.03920986084267497,0.1433998979628086
437,1.0793819427490234,44.82347106933594,1,0.389107346534729,4.684746742248535,3.209035873413086,0.5510203838348389,0.9234693646430969,0.9625850319862366,5.972202777862549,0.03920056112110615,0.14280297374352813
438,1.0793654918670654,44.87108612060547,1,0.38912340998649597,4.684959411621094,3.2090773582458496,0.5510203838348389,0.9234693646430969,0.9625850319862366,5.972532272338867,0.03918463131412864,0.1428641933016479
439,1.0793492794036865,44.91864013671875,1,0.38913944363594055,4.684812068939209,3.209062099456787,0.5510203838348389,0.9234693646430969,0.9625850319862366,5.9724202156066895,0.03917149221524596,0.1425268561579287
440,1.0793330669403076,44.96614074707031,1,0.38915547728538513,4.684806823730469,3.20906138420105,0.5510203838348389,0.9234693646430969,0.9625850319862366,5.972391605377197,0.039213450625538826,0.1424078168347478
441,1.0793169736862183,45.013587951660156,1,0.3891714811325073,4.684773921966553,3.209062337875366,0.5510203838348389,0.9234693646430969,0.9625850319862366,5.97244119644165,0.03908800287172198,0.14252610597759485
442,1.079300880432129,45.060977935791016,1,0.38918745517730713,4.684624671936035,3.209031343460083,0.5510203838348389,0.9234693646430969,0.9625850319862366,5.972288131713867,0.03912199195474386,0.14280651370063424
443,1.0792847871780396,45.10831069946289,1,0.38920339941978455,4.684688568115234,3.2090494632720947,0.5510203838348389,0.9234693646430969,0.9625850319862366,5.972373008728027,0.0391044020652771,0.1423264080658555
444,1.0792688131332397,45.15558624267578,1,0.3892192542552948,4.684786796569824,3.209069013595581,0.5510203838348389,0.9234693646430969,0.9625850319862366,5.972530364990234,0.03914122190326452,0.1422280091792345
445,1.0792529582977295,45.20280838012695,1,0.3892349898815155,4.684650421142578,3.2090566158294678,0.5510203838348389,0.9234693646430969,0.9625850319862366,5.972450256347656,0.03914447221904993,0.1421203501522541
446,1.0792369842529297,45.249977111816406,1,0.38925060629844666,4.684529781341553,3.2090375423431396,0.5510203838348389,0.9234693646430969,0.9625850319862366,5.972330570220947,0.03943629004061222,0.14277142425999045
447,1.079221248626709,45.297088623046875,1,0.3892661929130554,4.684824466705322,3.2090861797332764,0.5510203838348389,0.9234693646430969,0.9625850319862366,5.972690582275391,0.039117971900850534,0.14246719563379884
448,1.0792055130004883,45.34414291381836,1,0.38928160071372986,4.684258937835693,3.2090001106262207,0.5510203838348389,0.9234693646430969,0.9625850319862366,5.972157955169678,0.03913195198401809,0.14245226606726646
449,1.0791900157928467,45.391143798828125,1,0.3892970085144043,4.684212684631348,3.2089781761169434,0.5510203838348389,0.9234693646430969,0.9625850319862366,5.972011566162109,0.03967426670715213,0.14395133266225457
450,1.0791743993759155,45.43809127807617,1,0.38931241631507874,4.684741973876953,3.2090647220611572,0.5510203838348389,0.9234693646430969,0.9625850319862366,5.9725775718688965,0.03927619103342295,0.14288216270506382
451,1.0791587829589844,45.4849853515625,1,0.3893278241157532,4.6842522621154785,3.2089972496032715,0.5510203838348389,0.9234693646430969,0.9625850319862366,5.972160816192627,0.03920997120440006,0.14297355199232697
452,1.0791432857513428,45.531822204589844,1,0.3893432319164276,4.684295654296875,3.209003210067749,0.5510203838348389,0.9234693646430969,0.9625850319862366,5.972229957580566,0.039141821675002575,0.14284876268357038
453,1.0791279077529907,45.57860565185547,1,0.3893585801124573,4.684266090393066,3.2090096473693848,0.5510203838348389,0.9234693646430969,0.9625850319862366,5.972243309020996,0.039132301695644855,0.14218627894297242
454,1.0791126489639282,45.625335693359375,1,0.38937386870384216,4.6846513748168945,3.209059476852417,0.5510203838348389,0.9234693646430969,0.9625850319862366,5.972588539123535,0.03910068329423666,0.1421197298914194
455,1.0790972709655762,45.67201232910156,1,0.3893890380859375,4.684187412261963,3.208991527557373,0.5510203838348389,0.9234693646430969,0.9625850319862366,5.972157955169678,0.03917393181473017,0.1422624089755118
456,1.0790821313858032,45.718631744384766,1,0.3894041180610657,4.684313774108887,3.209022283554077,0.5510203838348389,0.9234693646430969,0.9625850319862366,5.972365379333496,0.03918888093903661,0.1425986047834158
457,1.0790669918060303,45.76519775390625,1,0.3894191384315491,4.684322357177734,3.2090229988098145,0.5510203838348389,0.9234693646430969,0.9625850319862366,5.972404956817627,0.03907228307798505,0.14218003023415804
458,1.0790517330169678,45.811710357666016,1,0.3894340395927429,4.683963298797607,3.208972215652466,0.5510203838348389,0.9234693646430969,0.9625850319862366,5.972072124481201,0.03908159304410219,0.1424303869716823
459,1.0790367126464844,45.85816955566406,1,0.389448881149292,4.684145450592041,3.2090003490448,0.5510203838348389,0.9234693646430969,0.9625850319862366,5.97224760055542,0.039081063121557236,0.14225955912843347
460,1.0790215730667114,45.904579162597656,1,0.3894636332988739,4.683988571166992,3.2089810371398926,0.5510203838348389,0.9234693646430969,0.9625850319862366,5.972126483917236,0.03910495201125741,0.1426581647247076
461,1.0790066719055176,45.950931549072266,1,0.3894783556461334,4.683218955993652,3.2088892459869385,0.5527210831642151,0.9234693646430969,0.9625850319862366,5.971519947052002,0.03922795131802559,0.14277768414467573
462,1.0789918899536133,45.99723434448242,1,0.38949310779571533,4.683900356292725,3.2086963653564453,0.5476190447807312,0.9234693646430969,0.9625850319862366,5.970377445220947,0.039173922035843134,0.14138482697308064
463,1.0789769887924194,46.043479919433594,1,0.38950785994529724,4.684192657470703,3.2090189456939697,0.5510203838348389,0.9234693646430969,0.9625850319862366,5.972438335418701,0.03927681129425764,0.14284161431714892
464,1.0789620876312256,46.08967590332031,1,0.3895224928855896,4.683801651000977,3.208962917327881,0.5510203838348389,0.9234693646430969,0.9625850319862366,5.97205924987793,0.03912405204027891,0.14269430423155427
465,1.0789474248886108,46.13581848144531,1,0.38953709602355957,4.6840291023254395,3.2089836597442627,0.5510203838348389,0.9234693646430969,0.9625850319862366,5.97226619720459,0.039122642017900944,0.14243505708873272
466,1.078932762145996,46.181907653808594,1,0.38955169916152954,4.683667182922363,3.2089362144470215,0.5510203838348389,0.9234693646430969,0.9625850319862366,5.971912860870361,0.03915042197331786,0.1427983739413321
467,1.078918218612671,46.22794723510742,1,0.3895662724971771,4.683910369873047,3.208986282348633,0.5510203838348389,0.9234693646430969,0.9625850319862366,5.9722161293029785,0.039104241877794266,0.14227860793471336
468,1.0789036750793457,46.27393341064453,1,0.38958075642585754,4.683877468109131,3.208965301513672,0.5510203838348389,0.9234693646430969,0.9625850319862366,5.972143173217773,0.03909402200952172,0.14244025712832808
469,1.0788891315460205,46.319862365722656,1,0.3895951509475708,4.683782577514648,3.208961009979248,0.5510203838348389,0.9234693646430969,0.9625850319862366,5.972099304199219,0.039370660204440355,0.14242322696372867
470,1.0788745880126953,46.365745544433594,1,0.3896093964576721,4.68364143371582,3.208935022354126,0.5510203838348389,0.9234693646430969,0.9625850319862366,5.971953868865967,0.03924670070409775,0.14267254481092095
471,1.0788602828979492,46.41157531738281,1,0.38962358236312866,4.683614730834961,3.208937883377075,0.5510203838348389,0.9234693646430969,0.9625850319862366,5.9719929695129395,0.03919758228585124,0.14244996709749103
472,1.0788459777832031,46.45735168457031,1,0.38963770866394043,4.683773040771484,3.2089619636535645,0.5510203838348389,0.9234693646430969,0.9625850319862366,5.972166538238525,0.039142332039773464,0.14262410486117005
473,1.078831672668457,46.50307846069336,1,0.3896518051624298,4.683837890625,3.2089717388153076,0.5510203838348389,0.9234693646430969,0.9625850319862366,5.972225189208984,0.03916333196684718,0.1425177571363747
474,1.078817367553711,46.54875183105469,1,0.3896659314632416,4.683475017547607,3.208923578262329,0.5510203838348389,0.9234693646430969,0.9625850319862366,5.97194766998291,0.03916992200538516,0.1428698031231761
475,1.0788031816482544,46.5943717956543,1,0.3896799683570862,4.683534622192383,3.2089338302612305,0.5510203838348389,0.9234693646430969,0.9625850319862366,5.972026348114014,0.03920813091099262,0.14249195577576756
476,1.0787889957427979,46.63994598388672,1,0.38969409465789795,4.683712482452393,3.208965301513672,0.5510203838348389,0.9234693646430969,0.9625850319862366,5.9722442626953125,0.039217421784996986,0.14248094707727432
477,1.0787749290466309,46.68546676635742,1,0.3897080719470978,4.683326721191406,3.2089219093322754,0.5510203838348389,0.9234693646430969,0.9625850319862366,5.971953868865967,0.03919121203944087,0.1425694660283625
478,1.0787608623504639,46.730934143066406,1,0.3897220194339752,4.683947563171387,3.208991527557373,0.5510203838348389,0.9234693646430969,0.9625850319862366,5.972428798675537,0.03913096198812127,0.14261695509776473
479,1.0787469148635864,46.7763557434082,1,0.3897358477115631,4.68287467956543,3.208867073059082,0.5527210831642151,0.9234693646430969,0.9625850319862366,5.97157621383667,0.03924111137166619,0.14216399006545544
480,1.078732967376709,46.82172393798828,1,0.38974958658218384,4.68355655670166,3.208946943283081,0.5510203838348389,0.9234693646430969,0.9625850319862366,5.97217321395874,0.03919222205877304,0.14229071885347366
481,1.078719139099121,46.867042541503906,1,0.38976332545280457,4.68349552154541,3.2089390754699707,0.5510203838348389,0.9217687249183655,0.9625850319862366,5.972127437591553,0.039151161909103394,0.14237692765891552
482,1.0787053108215332,46.91231155395508,1,0.3897770047187805,4.683341979980469,3.208933115005493,0.5510203838348389,0.9217687249183655,0.9625850319862366,5.972057342529297,0.039120671804994345,0.142082329839468
483,1.0786914825439453,46.95752716064453,1,0.3897906541824341,4.6834306716918945,3.2089343070983887,0.5510203838348389,0.9217687249183655,0.9625850319862366,5.972098350524902,0.03909799316897988,0.14232118939980865
484,1.0786778926849365,47.00269317626953,1,0.38980430364608765,4.6835503578186035,3.208951950073242,0.5510203838348389,0.9217687249183655,0.9625850319862366,5.972253322601318,0.03913262207061052,0.14216492883861065
485,1.0786640644073486,47.047813415527344,1,0.38981786370277405,4.683358192443848,3.2089293003082275,0.5510203838348389,0.9217687249183655,0.9625850319862366,5.972083568572998,0.039228111039847136,0.14247177680954337
486,1.0786504745483398,47.09288024902344,1,0.3898313641548157,4.683325290679932,3.2089247703552246,0.5510203838348389,0.9217687249183655,0.9625850319862366,5.972106456756592,0.03918613214045763,0.14250530721619725
487,1.078636884689331,47.13789749145508,1,0.3898448646068573,4.682798385620117,3.208839178085327,0.5510203838348389,0.9217687249183655,0.9625850319862366,5.9715352058410645,0.03920614207163453,0.14259696612134576
488,1.0786235332489014,47.182865142822266,1,0.38985830545425415,4.6830735206604,3.2088913917541504,0.5510203838348389,0.9217687249183655,0.9625850319862366,5.971864700317383,0.03915418218821287,0.14225174812600017
489,1.0786099433898926,47.227783203125,1,0.3898716866970062,4.683333396911621,3.2089321613311768,0.5510203838348389,0.9217687249183655,0.9625850319862366,5.972179889678955,0.03911495301872492,0.14253304712474346
490,1.0785963535308838,47.272647857666016,1,0.38988494873046875,4.683317184448242,3.208930015563965,0.5510203838348389,0.9217687249183655,0.9625850319862366,5.972142696380615,0.03922305069863796,0.14237537793815136
491,1.0785831212997437,47.31747055053711,1,0.3898981511592865,4.683182716369629,3.2088987827301025,0.5510203838348389,0.9217687249183655,0.9625850319862366,5.971959590911865,0.03919675201177597,0.142684955149889
492,1.078569769859314,47.362239837646484,1,0.3899112343788147,4.6834235191345215,3.2089548110961914,0.5510203838348389,0.9217687249183655,0.9625850319862366,5.972325325012207,0.039266470819711685,0.142881752923131
493,1.0785565376281738,47.406959533691406,1,0.3899243474006653,4.683104038238525,3.208907127380371,0.5510203838348389,0.9217687249183655,0.9625850319862366,5.972012996673584,0.03921912098303437,0.14301687199622393
494,1.0785433053970337,47.451629638671875,1,0.38993749022483826,4.683164596557617,3.2088968753814697,0.5510203838348389,0.9217687249183655,0.9625850319862366,5.971988677978516,0.039177291095256805,0.14246593602001667
495,1.0785300731658936,47.496253967285156,1,0.38995063304901123,4.683053493499756,3.208888053894043,0.5510203838348389,0.9217687249183655,0.9625850319862366,5.97194242477417,0.03907048190012574,0.14281591307371855
496,1.0785168409347534,47.540828704833984,1,0.38996368646621704,4.683058738708496,3.208888292312622,0.5510203838348389,0.9217687249183655,0.9625850319862366,5.971953392028809,0.03917780099436641,0.1427051741629839
497,1.0785038471221924,47.58535385131836,1,0.38997676968574524,4.683063507080078,3.2088794708251953,0.5510203838348389,0.9217687249183655,0.9625850319862366,5.971921443939209,0.039292351342737675,0.14326727017760277
498,1.0784907341003418,47.62982940673828,1,0.38998979330062866,4.683046340942383,3.2088937759399414,0.5510203838348389,0.9217687249183655,0.9625850319862366,5.971978187561035,0.03929211013019085,0.1433855383656919
499,1.0784778594970703,47.674259185791016,1,0.39000269770622253,4.6829657554626465,3.208879232406616,0.5510203838348389,0.9217687249183655,0.9625850319862366,5.971884250640869,0.039400000125169754,0.14275240385904908
