iteration,loss,lengthscale,outputscale,likelyhood_noise,test_MAE,test_NLL,test_PICP50,test_PICP90,test_PICP95,test_RMSE,it_time_training,it_time
0,1.424825636628184,2.449845419284945,1,0.3703460833595748,0.6287720951004435,1.2109497723883569,0.6221804618835449,0.9492481350898743,0.9642857313156128,0.8054574993716037,0.5546753732487559,0.5920349108055234
1,1.363646683464575,2.7669189832049517,1,0.14734832281540572,0.6277109105242372,1.2050882869225188,0.490601509809494,0.8815789222717285,0.9473684430122375,0.8142417462937019,0.026554014533758163,0.03889870550483465
2,1.3232986432240161,2.952371989764747,1,0.1261822509175314,0.6282213472333062,1.2192657831680547,0.4774436056613922,0.8627819418907166,0.932330846786499,0.8090247644734297,0.01730956695973873,0.02904169261455536
3,1.3170758002012595,2.9693631905686098,1,0.15003689832342082,0.6266296078579675,1.2070027475353324,0.4981203079223633,0.8759398460388184,0.9342105388641357,0.8063650321068,0.017678894102573395,0.029334249906241894
4,1.312455944859604,3.520545513827586,1,0.3245648961626697,0.6173873206060264,1.1793630574351281,0.5413534045219421,0.9229323267936707,0.9530075192451477,0.7943956847814291,0.017548665404319763,0.029052043333649635
5,1.2996928299188757,3.651228978073932,1,0.25285372645497595,0.6204576987958473,1.1892172618896302,0.5131579041481018,0.896616518497467,0.9417293071746826,0.7989813111656286,0.017626133747398853,0.029081092216074467
6,1.2885062903163478,4.522247682610552,1,0.23308781811774237,0.6236428485760003,1.2119143098706895,0.47180449962615967,0.8627819418907166,0.9210526347160339,0.8017085874565371,0.017728732898831367,0.029509308747947216
7,1.274975667367337,5.465834804023433,1,0.2877548271063025,0.6167242826637737,1.195183615330534,0.4624060094356537,0.8646616339683533,0.9210526347160339,0.7937250161021197,0.01814267970621586,0.029626947827637196
8,1.2653777586262884,8.635266687211814,1,0.5951009472867542,0.5893904682586373,1.1230042943655492,0.5526315569877625,0.9116541147232056,0.9642857313156128,0.7525090699654958,0.018046990036964417,0.029550488106906414
9,1.2529334731445414,8.637127377750314,1,0.4655308117025641,0.5910534609494549,1.1247115040019968,0.5093985199928284,0.8646616339683533,0.9360902309417725,0.7540639172667803,0.013598528690636158,0.022466651163995266
10,1.2384766033538301,10.60974969722518,1,0.494371943002184,0.5761839712095078,1.10763431582603,0.4887218177318573,0.8703007698059082,0.9304511547088623,0.7398567249651335,0.013843057677149773,0.022779648192226887
11,1.2239352260388119,18.342991959050202,1,0.7287823007773524,0.567256704236696,1.1024524084238028,0.5639097690582275,0.9154135584831238,0.9548872113227844,0.7303255308598837,0.014114394783973694,0.02300984598696232
12,1.2238678884352299,15.861043419793246,1,0.5622530075718203,0.5642955089732972,1.098811350942152,0.49624061584472656,0.8740601539611816,0.932330846786499,0.7299170972566843,0.013984725810587406,0.02288809698075056
13,1.2089601957805396,15.076390320372376,1,0.5439186260184806,0.5641307969894271,1.099779232273722,0.490601509809494,0.8721804618835449,0.9248120188713074,0.7299837417949822,0.014035004191100597,0.022885446436703205
14,1.208361516415392,14.195821750602672,1,0.5370056626384899,0.5640276415702253,1.0997082638163957,0.49624061584472656,0.8721804618835449,0.9248120188713074,0.7300521187686949,0.01422287430614233,0.02319752424955368
15,1.207680076685103,13.503794650538422,1,0.5333436226810339,0.565733501680665,1.1025713571029538,0.5037593841552734,0.8703007698059082,0.9191729426383972,0.7326105969131042,0.014760568737983704,0.02381666749715805
16,1.2048261795600061,13.988902495220692,1,0.540690717821243,0.5658113213569083,1.103191952543271,0.4981203079223633,0.8740601539611816,0.9210526347160339,0.7326701543233618,0.014472461305558681,0.023380582220852375
17,1.2032554869709429,14.952912761983438,1,0.5502340868085839,0.5658257461031923,1.1029744490246702,0.49624061584472656,0.8796992301940918,0.9229323267936707,0.7315500576455545,0.014733280055224895,0.023884108290076256
18,1.2017730866811458,15.57492995139796,1,0.5476507506063644,0.5642757542580757,1.09819533251789,0.5,0.8815789222717285,0.9229323267936707,0.7275542678383439,0.027707785367965698,0.03656699601560831
19,1.2007084807168564,16.090652680778415,1,0.5486231404031405,0.5651898267193397,1.1018277065784952,0.490601509809494,0.8796992301940918,0.9229323267936707,0.729575820681778,0.014677329920232296,0.024021416902542114
20,1.2006064208178435,16.64196255136905,1,0.5458282483159947,0.5648915379500812,1.1017094928736293,0.4868420958518982,0.8759398460388184,0.9210526347160339,0.7289141432082794,0.014845699071884155,0.023667379282414913
21,1.2002609507499524,17.39471538799782,1,0.543870434657543,0.5651344489669822,1.101792999585107,0.49624061584472656,0.8740601539611816,0.9210526347160339,0.7285403518867936,0.015289935283362865,0.024101106449961662
22,1.2000911431263892,17.510732188842226,1,0.5446342150502649,0.5656898967103303,1.1030734986141275,0.49248120188713074,0.8778195381164551,0.9229323267936707,0.7293877200128417,0.015042287297546864,0.02382655907422304
23,1.199782140088456,18.071239205893107,1,0.5466556123676121,0.5673594614323273,1.1056445556533836,0.4868420958518982,0.8796992301940918,0.9248120188713074,0.7311681963648471,0.01508253626525402,0.023829879239201546
24,1.1994059533237944,18.48175353803651,1,0.5495142516522553,0.567827926806422,1.106162960369321,0.4887218177318573,0.8759398460388184,0.9248120188713074,0.7315501014802193,0.015375444665551186,0.024220275692641735
25,1.1992810224047172,19.190299174052267,1,0.5535916146758425,0.567966957152747,1.106231839510569,0.4981203079223633,0.8740601539611816,0.9248120188713074,0.7315590086290011,0.015235965140163898,0.024189664982259274
26,1.19912823792705,19.599647850296897,1,0.5539724854507596,0.5676708388156718,1.1060952981564445,0.5,0.8740601539611816,0.9248120188713074,0.7313342184860993,0.016013797372579575,0.02501978725194931
27,1.1990356786838823,20.173445758984364,1,0.554686467879531,0.5673406509416504,1.1058649484973029,0.5,0.8740601539611816,0.9248120188713074,0.7311131507538765,0.015379123389720917,0.02409534528851509
28,1.1988157975694183,20.731854952748083,1,0.5517845839620292,0.5669341390534588,1.1062198242739427,0.49624061584472656,0.8740601539611816,0.9248120188713074,0.7312200434913728,0.015508003532886505,0.024265214800834656
29,1.1985232241566084,20.978735308974322,1,0.5489954893806651,0.567048605227458,1.1069807065748463,0.4887218177318573,0.8721804618835449,0.9248120188713074,0.7317512058542011,0.015784289687871933,0.024656890891492367
30,1.1983511058794976,21.018027145931935,1,0.547358824921907,0.5675476334255353,1.1077914626595813,0.490601509809494,0.8740601539611816,0.9229323267936707,0.7324039136721079,0.016424783505499363,0.02533311489969492
31,1.1982401242668383,20.974931763037983,1,0.5467364998153946,0.568233463291207,1.108523912803839,0.4887218177318573,0.8759398460388184,0.9248120188713074,0.73305325569777,0.016091177240014076,0.02477496024221182
32,1.1981441264189996,21.014957925036313,1,0.546925350860255,0.5683840410489821,1.1084925776129682,0.4887218177318573,0.8759398460388184,0.9248120188713074,0.7330981230011712,0.016211066395044327,0.024908998981118202
33,1.1980810660128614,21.162371597774353,1,0.5471074344189586,0.5682461274721808,1.108100578599187,0.4868420958518982,0.8740601539611816,0.9229323267936707,0.7329327800030867,0.016482673585414886,0.025145037099719048
34,1.1980215038305186,21.44765664158069,1,0.5472020079671553,0.5678919996243064,1.107564413043915,0.4868420958518982,0.8740601539611816,0.9210526347160339,0.732678170166412,0.016481604427099228,0.025703992694616318
35,1.1979704688401562,21.965646535842048,1,0.5470833369275381,0.5674610110343425,1.106993525494495,0.4868420958518982,0.8740601539611816,0.9191729426383972,0.7323872216990439,0.016736132092773914,0.025719571858644485
36,1.1979093881745513,23.060597431768247,1,0.5467845383058895,0.5669198890187646,1.1063157981478906,0.4849624037742615,0.8721804618835449,0.9191729426383972,0.731977424511238,0.01651438232511282,0.025318234227597713
37,1.1978084601456123,25.004928590965836,1,0.5466509468891675,0.5666726765218655,1.105951055907617,0.490601509809494,0.8721804618835449,0.9229323267936707,0.7315626653715717,0.016661012545228004,0.0254770340397954
38,1.1976850470785065,26.149297425970012,1,0.5468893048847228,0.5667596456751947,1.1062103944784005,0.49248120188713074,0.8721804618835449,0.9210526347160339,0.7315674821841647,0.01693740952759981,0.02608018834143877
39,1.1976457210138447,26.67529595801107,1,0.5464656028952136,0.5669261137459971,1.106488627080048,0.490601509809494,0.8721804618835449,0.9210526347160339,0.7317189270679427,0.01691463030874729,0.02568394225090742
40,1.1976346037350822,27.20916766605852,1,0.5463787059011814,0.5671332853013279,1.1068575525417674,0.4887218177318573,0.8721804618835449,0.9210526347160339,0.7319287227980386,0.017094499431550503,0.025884571485221386
41,1.1976240397407134,28.038300197037724,1,0.5462777701725752,0.5673183393179287,1.1072242478206444,0.4887218177318573,0.8721804618835449,0.9210526347160339,0.7321436774247803,0.016985909081995487,0.025826341472566128
42,1.1976089061579935,29.929210819652113,1,0.546220315581025,0.5675111052159912,1.1077108368365243,0.4887218177318573,0.8721804618835449,0.9210526347160339,0.7324223283445899,0.0174581166356802,0.027031361125409603
43,1.1975761385467325,32.723353121215666,1,0.5461618653137659,0.5674951532438426,1.1079756044877351,0.4868420958518982,0.8721804618835449,0.9210526347160339,0.7325693562704315,0.017254007048904896,0.025977980345487595
44,1.1975318899786422,35.75358950213651,1,0.5461717090483442,0.5672317761767995,1.107849744296979,0.4868420958518982,0.8721804618835449,0.9210526347160339,0.7325054553988406,0.017219366505742073,0.025931209325790405
45,1.1974936788023074,37.64815627301514,1,0.5463289499722797,0.5669983862795925,1.107559885544199,0.4887218177318573,0.8721804618835449,0.9191729426383972,0.7323734224368781,0.017361716367304325,0.026183517649769783
46,1.1974749556526527,38.98923583246496,1,0.546441062178304,0.5668217607546302,1.1072548944563243,0.490601509809494,0.8721804618835449,0.9210526347160339,0.7322457569123537,0.01820338796824217,0.027026799507439137
47,1.1974630177053371,40.03245167162281,1,0.5464470095626048,0.5667142780252351,1.1070089355633184,0.49248120188713074,0.8740601539611816,0.9210526347160339,0.7321531354948424,0.01774545293301344,0.026539894752204418
48,1.1974515651010371,41.390944017440745,1,0.5463018064794728,0.5666629663718682,1.1068235598670664,0.490601509809494,0.8740601539611816,0.9210526347160339,0.7321108581078511,0.017808412201702595,0.026610594242811203
49,1.1974352113541715,42.84374863935227,1,0.5461041154414225,0.5667417873679793,1.106889002042763,0.490601509809494,0.8740601539611816,0.9210526347160339,0.7321883090237868,0.01788515131920576,0.02688125241547823
50,1.197421076786123,44.43415896072524,1,0.5460668026997931,0.5668924430209514,1.1071226475662501,0.4887218177318573,0.8740601539611816,0.9229323267936707,0.7323220193310829,0.018403977155685425,0.027167110703885555
51,1.1974112497405165,46.807123658125754,1,0.5461465748012225,0.5670541417987811,1.1074117304097568,0.4887218177318573,0.8740601539611816,0.9229323267936707,0.7324649395308067,0.018145140260457993,0.026866422034800053
52,1.1974021430943103,50.44391973161019,1,0.5463060594446183,0.5671704446970937,1.1076346211760284,0.4887218177318573,0.8721804618835449,0.9229323267936707,0.7325682083992838,0.018191308714449406,0.02694118022918701
53,1.1973924516298853,56.72021921671928,1,0.5464435802140702,0.5672342580725287,1.10769080394831,0.4887218177318573,0.8721804618835449,0.9229323267936707,0.7325923913002631,0.018433937802910805,0.027178789488971233
54,1.1973774055716397,69.30206058528246,1,0.5463661665397482,0.5672237822043624,1.1073428376367787,0.490601509809494,0.8721804618835449,0.9229323267936707,0.7324374723212133,0.01911700051277876,0.027856593020260334
55,1.1973477802372963,83.46515052172806,1,0.5460921416397513,0.5671661273997325,1.1067909976728738,0.4887218177318573,0.8721804618835449,0.9229323267936707,0.7322083387384911,0.01881807390600443,0.027630805037915707
56,1.1973310359081064,90.77176171979463,1,0.5460685149373067,0.5671163859968045,1.1066099910304819,0.4887218177318573,0.8721804618835449,0.9229323267936707,0.7321191688532879,0.018799123354256153,0.027580775320529938
57,1.197328074793639,98.88849645499212,1,0.545781500764393,0.5671346881177705,1.1065416979585696,0.4887218177318573,0.8721804618835449,0.9229323267936707,0.7320838227472638,0.018794022500514984,0.027545295655727386
58,1.1973261145460024,107.06660899545776,1,0.5458393478389586,0.5671445827542924,1.1065319392179822,0.490601509809494,0.8721804618835449,0.9229323267936707,0.7320838276842837,0.019447687081992626,0.028209440410137177
59,1.1973241805786694,126.81802777463794,1,0.5458710285821126,0.5671257680213276,1.106588717842224,0.490601509809494,0.8721804618835449,0.9229323267936707,0.732118651532726,0.019028021953999996,0.027739563956856728
60,1.1973201901557413,152.25622165879017,1,0.5460508781723432,0.5671370719565223,1.106684890910968,0.49248120188713074,0.8721804618835449,0.9229323267936707,0.732179159845889,0.019206118769943714,0.027911041863262653
61,1.1973166208598518,181.9291994146837,1,0.5460677988567141,0.5671160612610017,1.1067677440242023,0.49248120188713074,0.8721804618835449,0.9229323267936707,0.7322155325920924,0.01911665964871645,0.027870342135429382
62,1.1973144893035108,215.31146337215827,1,0.5463964319882929,0.5671421693380349,1.106827670622693,0.4887218177318573,0.8721804618835449,0.9229323267936707,0.7322388969537533,0.019760604947805405,0.028544257394969463
63,1.19731325767867,229.81904473735574,1,0.5461113744961397,0.5671496736220859,1.1068728443933487,0.4887218177318573,0.8721804618835449,0.9229323267936707,0.732260812517197,0.019634895958006382,0.02848934754729271
64,1.1973126358052268,260.5059204134627,1,0.5458645447627829,0.5671560482888822,1.1068961017425158,0.490601509809494,0.8721804618835449,0.9229323267936707,0.7322722486085012,0.019802703522145748,0.028653785586357117
65,1.1973120376089685,299.2381909557956,1,0.5457943901058919,0.5671590988287754,1.1068866160889321,0.490601509809494,0.8721804618835449,0.9229323267936707,0.7322686257734937,0.019905103370547295,0.028978132642805576
66,1.1973115441647575,364.52238683051274,1,0.5458600574269455,0.5671601106263381,1.106854586050536,0.490601509809494,0.8721804618835449,0.9229323267936707,0.7322551745207412,0.02076925616711378,0.029470639303326607
67,1.1973109627071274,442.3475105132052,1,0.545987528910152,0.5671574723888684,1.1068262156069244,0.4887218177318573,0.8721804618835449,0.9229323267936707,0.7322428919701455,0.02004365250468254,0.028750005178153515
68,1.1973105756430305,527.051487435134,1,0.5460684875370401,0.5671526660093158,1.1068124011282823,0.4887218177318573,0.8721804618835449,0.9229323267936707,0.7322362281981639,0.020621446892619133,0.029468298889696598
69,1.1973103667658334,628.2255595122231,1,0.546094576980618,0.5671479927616295,1.1068091279656989,0.4887218177318573,0.8721804618835449,0.9229323267936707,0.7322341832827587,0.020462199114263058,0.02937088068574667
70,1.1973102234133246,763.4990350981519,1,0.546076640693641,0.5671451600014079,1.106813126303139,0.4887218177318573,0.8721804618835449,0.9229323267936707,0.7322355461598365,0.020846866071224213,0.029581008478999138
71,1.1973101045831438,931.5295213838398,1,0.5460380524398616,0.5671461329890158,1.1068211138418758,0.4887218177318573,0.8721804618835449,0.9229323267936707,0.7322392753660811,0.020389819517731667,0.02914856094866991
72,1.197310021118131,1125.0897560396197,1,0.5460108215991522,0.5671488422087596,1.106827701196772,0.4887218177318573,0.8721804618835449,0.9229323267936707,0.7322429582284548,0.020528017543256283,0.029446318745613098
73,1.1973099709511752,1356.7481357799436,1,0.5460020067984784,0.5671512010351166,1.1068305354560288,0.4887218177318573,0.8721804618835449,0.9229323267936707,0.7322447927254464,0.021607618778944016,0.030413600616157055
74,1.1973099375239846,1652.5983369766845,1,0.5460084417634158,0.5671522115268082,1.106829961188784,0.4887218177318573,0.8721804618835449,0.9229323267936707,0.7322447822328839,0.020973334088921547,0.029706736095249653
75,1.1973099124680595,2018.5751689394274,1,0.5460211251816421,0.5671515442664257,1.1068271660908267,0.4887218177318573,0.8721804618835449,0.9229323267936707,0.7322433519440307,0.020827325992286205,0.029546348378062248
76,1.1973098951662235,2449.9140729612486,1,0.546030422033662,0.5671505181703579,1.1068246572512785,0.4887218177318573,0.8721804618835449,0.9229323267936707,0.7322419522848356,0.021191412582993507,0.030108113773167133
77,1.1973098843109007,2970.47322110743,1,0.5460333084637904,0.567149787348659,1.1068236159301859,0.4887218177318573,0.8721804618835449,0.9229323267936707,0.732241328029333,0.021553599275648594,0.030300202779471874
78,1.1973098770563828,3624.117850211308,1,0.5460308607576925,0.5671496750799014,1.1068239920400242,0.4887218177318573,0.8721804618835449,0.9229323267936707,0.7322414709212512,0.02120326180011034,0.03000321425497532
79,1.1973098718453676,4427.384842797297,1,0.5460263463937619,0.5671499914909458,1.106825132356861,0.4887218177318573,0.8721804618835449,0.9229323267936707,0.7322421205949682,0.021375919692218304,0.030152122490108013
80,1.1973098683095496,5385.29572857665,1,0.5460233466841885,0.5671503085394777,1.10682593619647,0.4887218177318573,0.8721804618835449,0.9229323267936707,0.7322425667470956,0.021667818538844585,0.03041760064661503
81,1.1973098660368366,6550.530961653225,1,0.5460224879279225,0.5671505131745906,1.1068262795743173,0.4887218177318573,0.8721804618835449,0.9229323267936707,0.7322427609994322,0.022376781329512596,0.03126014303416014
82,1.1973098645077864,7997.9679255744295,1,0.5460234549228544,0.5671504780844849,1.106826080656254,0.4887218177318573,0.8721804618835449,0.9229323267936707,0.7322426796135342,0.02219710312783718,0.03096719551831484
83,1.197309863440346,7997.9679255744295,1,0.5460234549228544,0.5671504780844849,1.106826080656254,0.4887218177318573,0.8721804618835449,0.9229323267936707,0.7322426796135342,0.01597398892045021,0.024844510480761528
84,1.197309863440346,7997.9679255744295,1,0.5460234549228544,0.5671504780844849,1.106826080656254,0.4887218177318573,0.8721804618835449,0.9229323267936707,0.7322426796135342,0.0158633291721344,0.02468558121472597
85,1.197309863440346,7997.9679255744295,1,0.5460234549228544,0.5671504780844849,1.106826080656254,0.4887218177318573,0.8721804618835449,0.9229323267936707,0.7322426796135342,0.015742589719593525,0.024469902738928795
86,1.197309863440346,7997.9679255744295,1,0.5460234549228544,0.5671504780844849,1.106826080656254,0.4887218177318573,0.8721804618835449,0.9229323267936707,0.7322426796135342,0.016324205324053764,0.02526397630572319
87,1.197309863440346,7997.9679255744295,1,0.5460234549228544,0.5671504780844849,1.106826080656254,0.4887218177318573,0.8721804618835449,0.9229323267936707,0.7322426796135342,0.01589769870042801,0.024746700190007687
88,1.197309863440346,7997.9679255744295,1,0.5460234549228544,0.5671504780844849,1.106826080656254,0.4887218177318573,0.8721804618835449,0.9229323267936707,0.7322426796135342,0.015616551972925663,0.024561893194913864
89,1.197309863440346,7997.9679255744295,1,0.5460234549228544,0.5671504780844849,1.106826080656254,0.4887218177318573,0.8721804618835449,0.9229323267936707,0.7322426796135342,0.016738071106374264,0.02564443275332451
90,1.197309863440346,7997.9679255744295,1,0.5460234549228544,0.5671504780844849,1.106826080656254,0.4887218177318573,0.8721804618835449,0.9229323267936707,0.7322426796135342,0.016273485496640205,0.02504884824156761
91,1.197309863440346,7997.9679255744295,1,0.5460234549228544,0.5671504780844849,1.106826080656254,0.4887218177318573,0.8721804618835449,0.9229323267936707,0.7322426796135342,0.01569242961704731,0.024470333009958267
92,1.197309863440346,7997.9679255744295,1,0.5460234549228544,0.5671504780844849,1.106826080656254,0.4887218177318573,0.8721804618835449,0.9229323267936707,0.7322426796135342,0.015609011985361576,0.024401234462857246
93,1.197309863440346,7997.9679255744295,1,0.5460234549228544,0.5671504780844849,1.106826080656254,0.4887218177318573,0.8721804618835449,0.9229323267936707,0.7322426796135342,0.015894629061222076,0.024885169230401516
94,1.197309863440346,7997.9679255744295,1,0.5460234549228544,0.5671504780844849,1.106826080656254,0.4887218177318573,0.8721804618835449,0.9229323267936707,0.7322426796135342,0.01636466570198536,0.025334184989333153
95,1.197309863440346,7997.9679255744295,1,0.5460234549228544,0.5671504780844849,1.106826080656254,0.4887218177318573,0.8721804618835449,0.9229323267936707,0.7322426796135342,0.015850619412958622,0.024600432254374027
96,1.197309863440346,7997.9679255744295,1,0.5460234549228544,0.5671504780844849,1.106826080656254,0.4887218177318573,0.8721804618835449,0.9229323267936707,0.7322426796135342,0.015897958539426327,0.024616471491754055
97,1.197309863440346,7997.9679255744295,1,0.5460234549228544,0.5671504780844849,1.106826080656254,0.4887218177318573,0.8721804618835449,0.9229323267936707,0.7322426796135342,0.015816019847989082,0.024555522948503494
98,1.197309863440346,7997.9679255744295,1,0.5460234549228544,0.5671504780844849,1.106826080656254,0.4887218177318573,0.8721804618835449,0.9229323267936707,0.7322426796135342,0.015873990021646023,0.024882120080292225
99,1.197309863440346,7997.9679255744295,1,0.5460234549228544,0.5671504780844849,1.106826080656254,0.4887218177318573,0.8721804618835449,0.9229323267936707,0.7322426796135342,0.015908398665487766,0.024862388148903847
100,1.197309863440346,7997.9679255744295,1,0.5460234549228544,0.5671504780844849,1.106826080656254,0.4887218177318573,0.8721804618835449,0.9229323267936707,0.7322426796135342,0.016338505782186985,0.025350715033710003
101,1.197309863440346,7997.9679255744295,1,0.5460234549228544,0.5671504780844849,1.106826080656254,0.4887218177318573,0.8721804618835449,0.9229323267936707,0.7322426796135342,0.016374344937503338,0.025448454543948174
102,1.197309863440346,7997.9679255744295,1,0.5460234549228544,0.5671504780844849,1.106826080656254,0.4887218177318573,0.8721804618835449,0.9229323267936707,0.7322426796135342,0.015860079787671566,0.024640982039272785
103,1.197309863440346,7997.9679255744295,1,0.5460234549228544,0.5671504780844849,1.106826080656254,0.4887218177318573,0.8721804618835449,0.9229323267936707,0.7322426796135342,0.015846109949052334,0.024600522592663765
104,1.197309863440346,7997.9679255744295,1,0.5460234549228544,0.5671504780844849,1.106826080656254,0.4887218177318573,0.8721804618835449,0.9229323267936707,0.7322426796135342,0.01584584917873144,0.024810520000755787
105,1.197309863440346,7997.9679255744295,1,0.5460234549228544,0.5671504780844849,1.106826080656254,0.4887218177318573,0.8721804618835449,0.9229323267936707,0.7322426796135342,0.01592485886067152,0.02468759100884199
106,1.197309863440346,7997.9679255744295,1,0.5460234549228544,0.5671504780844849,1.106826080656254,0.4887218177318573,0.8721804618835449,0.9229323267936707,0.7322426796135342,0.016315405257046223,0.02520205546170473
107,1.197309863440346,7997.9679255744295,1,0.5460234549228544,0.5671504780844849,1.106826080656254,0.4887218177318573,0.8721804618835449,0.9229323267936707,0.7322426796135342,0.015975937247276306,0.02483529970049858
108,1.197309863440346,7997.9679255744295,1,0.5460234549228544,0.5671504780844849,1.106826080656254,0.4887218177318573,0.8721804618835449,0.9229323267936707,0.7322426796135342,0.015840798616409302,0.024580292403697968
109,1.197309863440346,7997.9679255744295,1,0.5460234549228544,0.5671504780844849,1.106826080656254,0.4887218177318573,0.8721804618835449,0.9229323267936707,0.7322426796135342,0.01595113892108202,0.028077331371605396
110,1.197309863440346,7997.9679255744295,1,0.5460234549228544,0.5671504780844849,1.106826080656254,0.4887218177318573,0.8721804618835449,0.9229323267936707,0.7322426796135342,0.01660166308283806,0.02560796309262514
111,1.197309863440346,7997.9679255744295,1,0.5460234549228544,0.5671504780844849,1.106826080656254,0.4887218177318573,0.8721804618835449,0.9229323267936707,0.7322426796135342,0.01590584870427847,0.024813329800963402
112,1.197309863440346,7997.9679255744295,1,0.5460234549228544,0.5671504780844849,1.106826080656254,0.4887218177318573,0.8721804618835449,0.9229323267936707,0.7322426796135342,0.01628725603222847,0.025070328265428543
113,1.197309863440346,7997.9679255744295,1,0.5460234549228544,0.5671504780844849,1.106826080656254,0.4887218177318573,0.8721804618835449,0.9229323267936707,0.7322426796135342,0.015993257984519005,0.02475899923592806
114,1.197309863440346,7997.9679255744295,1,0.5460234549228544,0.5671504780844849,1.106826080656254,0.4887218177318573,0.8721804618835449,0.9229323267936707,0.7322426796135342,0.01640748418867588,0.025451183319091797
115,1.197309863440346,7997.9679255744295,1,0.5460234549228544,0.5671504780844849,1.106826080656254,0.4887218177318573,0.8721804618835449,0.9229323267936707,0.7322426796135342,0.01642697397619486,0.025278965942561626
116,1.197309863440346,7997.9679255744295,1,0.5460234549228544,0.5671504780844849,1.106826080656254,0.4887218177318573,0.8721804618835449,0.9229323267936707,0.7322426796135342,0.016339074820280075,0.025264806114137173
117,1.197309863440346,7997.9679255744295,1,0.5460234549228544,0.5671504780844849,1.106826080656254,0.4887218177318573,0.8721804618835449,0.9229323267936707,0.7322426796135342,0.016412174329161644,0.02535692509263754
118,1.197309863440346,7997.9679255744295,1,0.5460234549228544,0.5671504780844849,1.106826080656254,0.4887218177318573,0.8721804618835449,0.9229323267936707,0.7322426796135342,0.016444804146885872,0.0254083639010787
119,1.197309863440346,7997.9679255744295,1,0.5460234549228544,0.5671504780844849,1.106826080656254,0.4887218177318573,0.8721804618835449,0.9229323267936707,0.7322426796135342,0.01641154382377863,0.02536093443632126
120,1.197309863440346,7997.9679255744295,1,0.5460234549228544,0.5671504780844849,1.106826080656254,0.4887218177318573,0.8721804618835449,0.9229323267936707,0.7322426796135342,0.016519193537533283,0.0254947142675519
121,1.197309863440346,7997.9679255744295,1,0.5460234549228544,0.5671504780844849,1.106826080656254,0.4887218177318573,0.8721804618835449,0.9229323267936707,0.7322426796135342,0.01637283433228731,0.025332005694508553
122,1.197309863440346,7997.9679255744295,1,0.5460234549228544,0.5671504780844849,1.106826080656254,0.4887218177318573,0.8721804618835449,0.9229323267936707,0.7322426796135342,0.016490483656525612,0.025406974367797375
123,1.197309863440346,7997.9679255744295,1,0.5460234549228544,0.5671504780844849,1.106826080656254,0.4887218177318573,0.8721804618835449,0.9229323267936707,0.7322426796135342,0.016303446143865585,0.025447433814406395
124,1.197309863440346,7997.9679255744295,1,0.5460234549228544,0.5671504780844849,1.106826080656254,0.4887218177318573,0.8721804618835449,0.9229323267936707,0.7322426796135342,0.016299715265631676,0.025212306529283524
125,1.197309863440346,7997.9679255744295,1,0.5460234549228544,0.5671504780844849,1.106826080656254,0.4887218177318573,0.8721804618835449,0.9229323267936707,0.7322426796135342,0.016019487753510475,0.024781130254268646
126,1.197309863440346,7997.9679255744295,1,0.5460234549228544,0.5671504780844849,1.106826080656254,0.4887218177318573,0.8721804618835449,0.9229323267936707,0.7322426796135342,0.01596709806472063,0.024834970012307167
127,1.197309863440346,7997.9679255744295,1,0.5460234549228544,0.5671504780844849,1.106826080656254,0.4887218177318573,0.8721804618835449,0.9229323267936707,0.7322426796135342,0.016082746908068657,0.024992487393319607
128,1.197309863440346,7997.9679255744295,1,0.5460234549228544,0.5671504780844849,1.106826080656254,0.4887218177318573,0.8721804618835449,0.9229323267936707,0.7322426796135342,0.01621753629297018,0.02510883752256632
129,1.197309863440346,7997.9679255744295,1,0.5460234549228544,0.5671504780844849,1.106826080656254,0.4887218177318573,0.8721804618835449,0.9229323267936707,0.7322426796135342,0.01613019686192274,0.025066368281841278
130,1.197309863440346,7997.9679255744295,1,0.5460234549228544,0.5671504780844849,1.106826080656254,0.4887218177318573,0.8721804618835449,0.9229323267936707,0.7322426796135342,0.01575649995356798,0.02451522182673216
131,1.197309863440346,7997.9679255744295,1,0.5460234549228544,0.5671504780844849,1.106826080656254,0.4887218177318573,0.8721804618835449,0.9229323267936707,0.7322426796135342,0.015752090141177177,0.02445664256811142
132,1.197309863440346,7997.9679255744295,1,0.5460234549228544,0.5671504780844849,1.106826080656254,0.4887218177318573,0.8721804618835449,0.9229323267936707,0.7322426796135342,0.016089756973087788,0.024888338521122932
133,1.197309863440346,7997.9679255744295,1,0.5460234549228544,0.5671504780844849,1.106826080656254,0.4887218177318573,0.8721804618835449,0.9229323267936707,0.7322426796135342,0.015825849026441574,0.024555182084441185
134,1.197309863440346,7997.9679255744295,1,0.5460234549228544,0.5671504780844849,1.106826080656254,0.4887218177318573,0.8721804618835449,0.9229323267936707,0.7322426796135342,0.015674181282520294,0.024351813830435276
135,1.197309863440346,7997.9679255744295,1,0.5460234549228544,0.5671504780844849,1.106826080656254,0.4887218177318573,0.8721804618835449,0.9229323267936707,0.7322426796135342,0.01572356093674898,0.02442277316004038
136,1.197309863440346,7997.9679255744295,1,0.5460234549228544,0.5671504780844849,1.106826080656254,0.4887218177318573,0.8721804618835449,0.9229323267936707,0.7322426796135342,0.015781949274241924,0.024512392468750477
137,1.197309863440346,7997.9679255744295,1,0.5460234549228544,0.5671504780844849,1.106826080656254,0.4887218177318573,0.8721804618835449,0.9229323267936707,0.7322426796135342,0.015873240306973457,0.024671081453561783
138,1.197309863440346,7997.9679255744295,1,0.5460234549228544,0.5671504780844849,1.106826080656254,0.4887218177318573,0.8721804618835449,0.9229323267936707,0.7322426796135342,0.016312534920871258,0.025138027034699917
139,1.197309863440346,7997.9679255744295,1,0.5460234549228544,0.5671504780844849,1.106826080656254,0.4887218177318573,0.8721804618835449,0.9229323267936707,0.7322426796135342,0.015903028659522533,0.024645301513373852
140,1.197309863440346,7997.9679255744295,1,0.5460234549228544,0.5671504780844849,1.106826080656254,0.4887218177318573,0.8721804618835449,0.9229323267936707,0.7322426796135342,0.015895389020442963,0.024667061865329742
141,1.197309863440346,7997.9679255744295,1,0.5460234549228544,0.5671504780844849,1.106826080656254,0.4887218177318573,0.8721804618835449,0.9229323267936707,0.7322426796135342,0.015896739438176155,0.024641861207783222
142,1.197309863440346,7997.9679255744295,1,0.5460234549228544,0.5671504780844849,1.106826080656254,0.4887218177318573,0.8721804618835449,0.9229323267936707,0.7322426796135342,0.015940229408442974,0.024662021547555923
143,1.197309863440346,7997.9679255744295,1,0.5460234549228544,0.5671504780844849,1.106826080656254,0.4887218177318573,0.8721804618835449,0.9229323267936707,0.7322426796135342,0.015911479480564594,0.02470846101641655
144,1.197309863440346,7997.9679255744295,1,0.5460234549228544,0.5671504780844849,1.106826080656254,0.4887218177318573,0.8721804618835449,0.9229323267936707,0.7322426796135342,0.016338614746928215,0.025224385783076286
145,1.197309863440346,7997.9679255744295,1,0.5460234549228544,0.5671504780844849,1.106826080656254,0.4887218177318573,0.8721804618835449,0.9229323267936707,0.7322426796135342,0.01603292766958475,0.0248886588960886
146,1.197309863440346,7997.9679255744295,1,0.5460234549228544,0.5671504780844849,1.106826080656254,0.4887218177318573,0.8721804618835449,0.9229323267936707,0.7322426796135342,0.015871848911046982,0.024715240113437176
147,1.197309863440346,7997.9679255744295,1,0.5460234549228544,0.5671504780844849,1.106826080656254,0.4887218177318573,0.8721804618835449,0.9229323267936707,0.7322426796135342,0.01601375825703144,0.02487918920814991
148,1.197309863440346,7997.9679255744295,1,0.5460234549228544,0.5671504780844849,1.106826080656254,0.4887218177318573,0.8721804618835449,0.9229323267936707,0.7322426796135342,0.01642565429210663,0.02526329644024372
149,1.197309863440346,7997.9679255744295,1,0.5460234549228544,0.5671504780844849,1.106826080656254,0.4887218177318573,0.8721804618835449,0.9229323267936707,0.7322426796135342,0.016315076500177383,0.0251096086576581
150,1.197309863440346,7997.9679255744295,1,0.5460234549228544,0.5671504780844849,1.106826080656254,0.4887218177318573,0.8721804618835449,0.9229323267936707,0.7322426796135342,0.015889398753643036,0.025137366726994514
151,1.197309863440346,7997.9679255744295,1,0.5460234549228544,0.5671504780844849,1.106826080656254,0.4887218177318573,0.8721804618835449,0.9229323267936707,0.7322426796135342,0.015963368117809296,0.024766179732978344
152,1.197309863440346,7997.9679255744295,1,0.5460234549228544,0.5671504780844849,1.106826080656254,0.4887218177318573,0.8721804618835449,0.9229323267936707,0.7322426796135342,0.015861529856920242,0.025099587626755238
153,1.197309863440346,7997.9679255744295,1,0.5460234549228544,0.5671504780844849,1.106826080656254,0.4887218177318573,0.8721804618835449,0.9229323267936707,0.7322426796135342,0.016113818623125553,0.025477245450019836
154,1.197309863440346,7997.9679255744295,1,0.5460234549228544,0.5671504780844849,1.106826080656254,0.4887218177318573,0.8721804618835449,0.9229323267936707,0.7322426796135342,0.016024396754801273,0.02483339887112379
155,1.197309863440346,7997.9679255744295,1,0.5460234549228544,0.5671504780844849,1.106826080656254,0.4887218177318573,0.8721804618835449,0.9229323267936707,0.7322426796135342,0.015988098457455635,0.024748310446739197
156,1.197309863440346,7997.9679255744295,1,0.5460234549228544,0.5671504780844849,1.106826080656254,0.4887218177318573,0.8721804618835449,0.9229323267936707,0.7322426796135342,0.015794900245964527,0.024628072045743465
157,1.197309863440346,7997.9679255744295,1,0.5460234549228544,0.5671504780844849,1.106826080656254,0.4887218177318573,0.8721804618835449,0.9229323267936707,0.7322426796135342,0.015903289429843426,0.024691361002624035
158,1.197309863440346,7997.9679255744295,1,0.5460234549228544,0.5671504780844849,1.106826080656254,0.4887218177318573,0.8721804618835449,0.9229323267936707,0.7322426796135342,0.01583608891814947,0.024583391845226288
159,1.197309863440346,7997.9679255744295,1,0.5460234549228544,0.5671504780844849,1.106826080656254,0.4887218177318573,0.8721804618835449,0.9229323267936707,0.7322426796135342,0.015943938866257668,0.024693910963833332
160,1.197309863440346,7997.9679255744295,1,0.5460234549228544,0.5671504780844849,1.106826080656254,0.4887218177318573,0.8721804618835449,0.9229323267936707,0.7322426796135342,0.015858168713748455,0.0245779724791646
161,1.197309863440346,7997.9679255744295,1,0.5460234549228544,0.5671504780844849,1.106826080656254,0.4887218177318573,0.8721804618835449,0.9229323267936707,0.7322426796135342,0.01594501920044422,0.024792689830064774
162,1.197309863440346,7997.9679255744295,1,0.5460234549228544,0.5671504780844849,1.106826080656254,0.4887218177318573,0.8721804618835449,0.9229323267936707,0.7322426796135342,0.01595998927950859,0.02471524104475975
163,1.197309863440346,7997.9679255744295,1,0.5460234549228544,0.5671504780844849,1.106826080656254,0.4887218177318573,0.8721804618835449,0.9229323267936707,0.7322426796135342,0.015907898545265198,0.024699321016669273
164,1.197309863440346,7997.9679255744295,1,0.5460234549228544,0.5671504780844849,1.106826080656254,0.4887218177318573,0.8721804618835449,0.9229323267936707,0.7322426796135342,0.015895219519734383,0.024645102210342884
165,1.197309863440346,7997.9679255744295,1,0.5460234549228544,0.5671504780844849,1.106826080656254,0.4887218177318573,0.8721804618835449,0.9229323267936707,0.7322426796135342,0.016053898259997368,0.024896870367228985
166,1.197309863440346,7997.9679255744295,1,0.5460234549228544,0.5671504780844849,1.106826080656254,0.4887218177318573,0.8721804618835449,0.9229323267936707,0.7322426796135342,0.01589884888380766,0.024792729876935482
167,1.197309863440346,7997.9679255744295,1,0.5460234549228544,0.5671504780844849,1.106826080656254,0.4887218177318573,0.8721804618835449,0.9229323267936707,0.7322426796135342,0.015711931511759758,0.024425464682281017
168,1.197309863440346,7997.9679255744295,1,0.5460234549228544,0.5671504780844849,1.106826080656254,0.4887218177318573,0.8721804618835449,0.9229323267936707,0.7322426796135342,0.015763770788908005,0.024521193467080593
169,1.197309863440346,7997.9679255744295,1,0.5460234549228544,0.5671504780844849,1.106826080656254,0.4887218177318573,0.8721804618835449,0.9229323267936707,0.7322426796135342,0.015831338241696358,0.024608291685581207
170,1.197309863440346,7997.9679255744295,1,0.5460234549228544,0.5671504780844849,1.106826080656254,0.4887218177318573,0.8721804618835449,0.9229323267936707,0.7322426796135342,0.01632956601679325,0.02520834654569626
171,1.197309863440346,7997.9679255744295,1,0.5460234549228544,0.5671504780844849,1.106826080656254,0.4887218177318573,0.8721804618835449,0.9229323267936707,0.7322426796135342,0.016003518365323544,0.02480040956288576
172,1.197309863440346,7997.9679255744295,1,0.5460234549228544,0.5671504780844849,1.106826080656254,0.4887218177318573,0.8721804618835449,0.9229323267936707,0.7322426796135342,0.015864258632063866,0.024665581062436104
173,1.197309863440346,7997.9679255744295,1,0.5460234549228544,0.5671504780844849,1.106826080656254,0.4887218177318573,0.8721804618835449,0.9229323267936707,0.7322426796135342,0.01565308216959238,0.02432397473603487
174,1.197309863440346,7997.9679255744295,1,0.5460234549228544,0.5671504780844849,1.106826080656254,0.4887218177318573,0.8721804618835449,0.9229323267936707,0.7322426796135342,0.015722690150141716,0.024430503137409687
175,1.197309863440346,7997.9679255744295,1,0.5460234549228544,0.5671504780844849,1.106826080656254,0.4887218177318573,0.8721804618835449,0.9229323267936707,0.7322426796135342,0.015882899053394794,0.0245767617598176
176,1.197309863440346,7997.9679255744295,1,0.5460234549228544,0.5671504780844849,1.106826080656254,0.4887218177318573,0.8721804618835449,0.9229323267936707,0.7322426796135342,0.016123777255415916,0.024939268827438354
177,1.197309863440346,7997.9679255744295,1,0.5460234549228544,0.5671504780844849,1.106826080656254,0.4887218177318573,0.8721804618835449,0.9229323267936707,0.7322426796135342,0.01583250891417265,0.024641821160912514
178,1.197309863440346,7997.9679255744295,1,0.5460234549228544,0.5671504780844849,1.106826080656254,0.4887218177318573,0.8721804618835449,0.9229323267936707,0.7322426796135342,0.015813020057976246,0.02453665155917406
179,1.197309863440346,7997.9679255744295,1,0.5460234549228544,0.5671504780844849,1.106826080656254,0.4887218177318573,0.8721804618835449,0.9229323267936707,0.7322426796135342,0.015911108814179897,0.02483471017330885
180,1.197309863440346,7997.9679255744295,1,0.5460234549228544,0.5671504780844849,1.106826080656254,0.4887218177318573,0.8721804618835449,0.9229323267936707,0.7322426796135342,0.016036396846175194,0.02483888901770115
181,1.197309863440346,7997.9679255744295,1,0.5460234549228544,0.5671504780844849,1.106826080656254,0.4887218177318573,0.8721804618835449,0.9229323267936707,0.7322426796135342,0.015820709988474846,0.028109640814363956
182,1.197309863440346,7997.9679255744295,1,0.5460234549228544,0.5671504780844849,1.106826080656254,0.4887218177318573,0.8721804618835449,0.9229323267936707,0.7322426796135342,0.016071178019046783,0.024892720393836498
183,1.197309863440346,7997.9679255744295,1,0.5460234549228544,0.5671504780844849,1.106826080656254,0.4887218177318573,0.8721804618835449,0.9229323267936707,0.7322426796135342,0.01582195982336998,0.024533293209969997
184,1.197309863440346,7997.9679255744295,1,0.5460234549228544,0.5671504780844849,1.106826080656254,0.4887218177318573,0.8721804618835449,0.9229323267936707,0.7322426796135342,0.015832779929041862,0.024541142396628857
185,1.197309863440346,7997.9679255744295,1,0.5460234549228544,0.5671504780844849,1.106826080656254,0.4887218177318573,0.8721804618835449,0.9229323267936707,0.7322426796135342,0.015866260044276714,0.024592272005975246
186,1.197309863440346,7997.9679255744295,1,0.5460234549228544,0.5671504780844849,1.106826080656254,0.4887218177318573,0.8721804618835449,0.9229323267936707,0.7322426796135342,0.01575331948697567,0.024452042765915394
187,1.197309863440346,7997.9679255744295,1,0.5460234549228544,0.5671504780844849,1.106826080656254,0.4887218177318573,0.8721804618835449,0.9229323267936707,0.7322426796135342,0.015872739255428314,0.0246205423027277
188,1.197309863440346,7997.9679255744295,1,0.5460234549228544,0.5671504780844849,1.106826080656254,0.4887218177318573,0.8721804618835449,0.9229323267936707,0.7322426796135342,0.015915638767182827,0.024685600772500038
189,1.197309863440346,7997.9679255744295,1,0.5460234549228544,0.5671504780844849,1.106826080656254,0.4887218177318573,0.8721804618835449,0.9229323267936707,0.7322426796135342,0.016064687632024288,0.02491062879562378
190,1.197309863440346,7997.9679255744295,1,0.5460234549228544,0.5671504780844849,1.106826080656254,0.4887218177318573,0.8721804618835449,0.9229323267936707,0.7322426796135342,0.015995069406926632,0.024892490357160568
191,1.197309863440346,7997.9679255744295,1,0.5460234549228544,0.5671504780844849,1.106826080656254,0.4887218177318573,0.8721804618835449,0.9229323267936707,0.7322426796135342,0.016092367470264435,0.024977377615869045
192,1.197309863440346,7997.9679255744295,1,0.5460234549228544,0.5671504780844849,1.106826080656254,0.4887218177318573,0.8721804618835449,0.9229323267936707,0.7322426796135342,0.01586174964904785,0.024700550362467766
193,1.197309863440346,7997.9679255744295,1,0.5460234549228544,0.5671504780844849,1.106826080656254,0.4887218177318573,0.8721804618835449,0.9229323267936707,0.7322426796135342,0.015970798209309578,0.024760181084275246
194,1.197309863440346,7997.9679255744295,1,0.5460234549228544,0.5671504780844849,1.106826080656254,0.4887218177318573,0.8721804618835449,0.9229323267936707,0.7322426796135342,0.015853350050747395,0.024702731519937515
195,1.197309863440346,7997.9679255744295,1,0.5460234549228544,0.5671504780844849,1.106826080656254,0.4887218177318573,0.8721804618835449,0.9229323267936707,0.7322426796135342,0.015780980698764324,0.024566812440752983
196,1.197309863440346,7997.9679255744295,1,0.5460234549228544,0.5671504780844849,1.106826080656254,0.4887218177318573,0.8721804618835449,0.9229323267936707,0.7322426796135342,0.01585409976541996,0.024685331620275974
197,1.197309863440346,7997.9679255744295,1,0.5460234549228544,0.5671504780844849,1.106826080656254,0.4887218177318573,0.8721804618835449,0.9229323267936707,0.7322426796135342,0.01591708790510893,0.024708679877221584
198,1.197309863440346,7997.9679255744295,1,0.5460234549228544,0.5671504780844849,1.106826080656254,0.4887218177318573,0.8721804618835449,0.9229323267936707,0.7322426796135342,0.01592301856726408,0.024725910276174545
199,1.197309863440346,7997.9679255744295,1,0.5460234549228544,0.5671504780844849,1.106826080656254,0.4887218177318573,0.8721804618835449,0.9229323267936707,0.7322426796135342,0.01585288904607296,0.02465233113616705
200,1.197309863440346,7997.9679255744295,1,0.5460234549228544,0.5671504780844849,1.106826080656254,0.4887218177318573,0.8721804618835449,0.9229323267936707,0.7322426796135342,0.01589031983166933,0.024687890894711018
201,1.197309863440346,7997.9679255744295,1,0.5460234549228544,0.5671504780844849,1.106826080656254,0.4887218177318573,0.8721804618835449,0.9229323267936707,0.7322426796135342,0.016285356134176254,0.025091568008065224
202,1.197309863440346,7997.9679255744295,1,0.5460234549228544,0.5671504780844849,1.106826080656254,0.4887218177318573,0.8721804618835449,0.9229323267936707,0.7322426796135342,0.016089177690446377,0.02505254838615656
203,1.197309863440346,7997.9679255744295,1,0.5460234549228544,0.5671504780844849,1.106826080656254,0.4887218177318573,0.8721804618835449,0.9229323267936707,0.7322426796135342,0.015841019339859486,0.024617371149361134
204,1.197309863440346,7997.9679255744295,1,0.5460234549228544,0.5671504780844849,1.106826080656254,0.4887218177318573,0.8721804618835449,0.9229323267936707,0.7322426796135342,0.015889449045062065,0.024739611893892288
205,1.197309863440346,7997.9679255744295,1,0.5460234549228544,0.5671504780844849,1.106826080656254,0.4887218177318573,0.8721804618835449,0.9229323267936707,0.7322426796135342,0.01623403560370207,0.02512931637465954
206,1.197309863440346,7997.9679255744295,1,0.5460234549228544,0.5671504780844849,1.106826080656254,0.4887218177318573,0.8721804618835449,0.9229323267936707,0.7322426796135342,0.015806700102984905,0.024620440788567066
207,1.197309863440346,7997.9679255744295,1,0.5460234549228544,0.5671504780844849,1.106826080656254,0.4887218177318573,0.8721804618835449,0.9229323267936707,0.7322426796135342,0.015919899567961693,0.0248886002227664
208,1.197309863440346,7997.9679255744295,1,0.5460234549228544,0.5671504780844849,1.106826080656254,0.4887218177318573,0.8721804618835449,0.9229323267936707,0.7322426796135342,0.016060457564890385,0.024902889505028725
209,1.197309863440346,7997.9679255744295,1,0.5460234549228544,0.5671504780844849,1.106826080656254,0.4887218177318573,0.8721804618835449,0.9229323267936707,0.7322426796135342,0.016040867194533348,0.024985898286104202
210,1.197309863440346,7997.9679255744295,1,0.5460234549228544,0.5671504780844849,1.106826080656254,0.4887218177318573,0.8721804618835449,0.9229323267936707,0.7322426796135342,0.015782701782882214,0.024527503177523613
211,1.197309863440346,7997.9679255744295,1,0.5460234549228544,0.5671504780844849,1.106826080656254,0.4887218177318573,0.8721804618835449,0.9229323267936707,0.7322426796135342,0.015844030305743217,0.02456572186201811
212,1.197309863440346,7997.9679255744295,1,0.5460234549228544,0.5671504780844849,1.106826080656254,0.4887218177318573,0.8721804618835449,0.9229323267936707,0.7322426796135342,0.015749460086226463,0.024474252946674824
213,1.197309863440346,7997.9679255744295,1,0.5460234549228544,0.5671504780844849,1.106826080656254,0.4887218177318573,0.8721804618835449,0.9229323267936707,0.7322426796135342,0.016002577729523182,0.02472575008869171
214,1.197309863440346,7997.9679255744295,1,0.5460234549228544,0.5671504780844849,1.106826080656254,0.4887218177318573,0.8721804618835449,0.9229323267936707,0.7322426796135342,0.01612936705350876,0.024859639815986156
215,1.197309863440346,7997.9679255744295,1,0.5460234549228544,0.5671504780844849,1.106826080656254,0.4887218177318573,0.8721804618835449,0.9229323267936707,0.7322426796135342,0.015679221600294113,0.02437533438205719
216,1.197309863440346,7997.9679255744295,1,0.5460234549228544,0.5671504780844849,1.106826080656254,0.4887218177318573,0.8721804618835449,0.9229323267936707,0.7322426796135342,0.01575405988842249,0.024540702812373638
217,1.197309863440346,7997.9679255744295,1,0.5460234549228544,0.5671504780844849,1.106826080656254,0.4887218177318573,0.8721804618835449,0.9229323267936707,0.7322426796135342,0.01574924122542143,0.02445962280035019
218,1.197309863440346,7997.9679255744295,1,0.5460234549228544,0.5671504780844849,1.106826080656254,0.4887218177318573,0.8721804618835449,0.9229323267936707,0.7322426796135342,0.016251934692263603,0.02496549766510725
219,1.197309863440346,7997.9679255744295,1,0.5460234549228544,0.5671504780844849,1.106826080656254,0.4887218177318573,0.8721804618835449,0.9229323267936707,0.7322426796135342,0.015685240738093853,0.024361624382436275
220,1.197309863440346,7997.9679255744295,1,0.5460234549228544,0.5671504780844849,1.106826080656254,0.4887218177318573,0.8721804618835449,0.9229323267936707,0.7322426796135342,0.015824769623577595,0.02477433066815138
221,1.197309863440346,7997.9679255744295,1,0.5460234549228544,0.5671504780844849,1.106826080656254,0.4887218177318573,0.8721804618835449,0.9229323267936707,0.7322426796135342,0.01580046024173498,0.02456389181315899
222,1.197309863440346,7997.9679255744295,1,0.5460234549228544,0.5671504780844849,1.106826080656254,0.4887218177318573,0.8721804618835449,0.9229323267936707,0.7322426796135342,0.016435973346233368,0.025247405283153057
223,1.197309863440346,7997.9679255744295,1,0.5460234549228544,0.5671504780844849,1.106826080656254,0.4887218177318573,0.8721804618835449,0.9229323267936707,0.7322426796135342,0.01592104882001877,0.024835510179400444
224,1.197309863440346,7997.9679255744295,1,0.5460234549228544,0.5671504780844849,1.106826080656254,0.4887218177318573,0.8721804618835449,0.9229323267936707,0.7322426796135342,0.016098047606647015,0.024986568838357925
225,1.197309863440346,7997.9679255744295,1,0.5460234549228544,0.5671504780844849,1.106826080656254,0.4887218177318573,0.8721804618835449,0.9229323267936707,0.7322426796135342,0.015698891133069992,0.024449333548545837
226,1.197309863440346,7997.9679255744295,1,0.5460234549228544,0.5671504780844849,1.106826080656254,0.4887218177318573,0.8721804618835449,0.9229323267936707,0.7322426796135342,0.01605144701898098,0.024881348945200443
227,1.197309863440346,7997.9679255744295,1,0.5460234549228544,0.5671504780844849,1.106826080656254,0.4887218177318573,0.8721804618835449,0.9229323267936707,0.7322426796135342,0.01631175633519888,0.025517474859952927
228,1.197309863440346,7997.9679255744295,1,0.5460234549228544,0.5671504780844849,1.106826080656254,0.4887218177318573,0.8721804618835449,0.9229323267936707,0.7322426796135342,0.0160578778013587,0.024910219945013523
229,1.197309863440346,7997.9679255744295,1,0.5460234549228544,0.5671504780844849,1.106826080656254,0.4887218177318573,0.8721804618835449,0.9229323267936707,0.7322426796135342,0.01600733771920204,0.024815459735691547
230,1.197309863440346,7997.9679255744295,1,0.5460234549228544,0.5671504780844849,1.106826080656254,0.4887218177318573,0.8721804618835449,0.9229323267936707,0.7322426796135342,0.015675241127610207,0.024450303055346012
231,1.197309863440346,7997.9679255744295,1,0.5460234549228544,0.5671504780844849,1.106826080656254,0.4887218177318573,0.8721804618835449,0.9229323267936707,0.7322426796135342,0.01570617128163576,0.02472120150923729
232,1.197309863440346,7997.9679255744295,1,0.5460234549228544,0.5671504780844849,1.106826080656254,0.4887218177318573,0.8721804618835449,0.9229323267936707,0.7322426796135342,0.015831789933145046,0.024609452113509178
233,1.197309863440346,7997.9679255744295,1,0.5460234549228544,0.5671504780844849,1.106826080656254,0.4887218177318573,0.8721804618835449,0.9229323267936707,0.7322426796135342,0.015618451870977879,0.024298815056681633
234,1.197309863440346,7997.9679255744295,1,0.5460234549228544,0.5671504780844849,1.106826080656254,0.4887218177318573,0.8721804618835449,0.9229323267936707,0.7322426796135342,0.01606045849621296,0.02490916009992361
235,1.197309863440346,7997.9679255744295,1,0.5460234549228544,0.5671504780844849,1.106826080656254,0.4887218177318573,0.8721804618835449,0.9229323267936707,0.7322426796135342,0.01577148027718067,0.024741601198911667
236,1.197309863440346,7997.9679255744295,1,0.5460234549228544,0.5671504780844849,1.106826080656254,0.4887218177318573,0.8721804618835449,0.9229323267936707,0.7322426796135342,0.015827649272978306,0.02482579927891493
237,1.197309863440346,7997.9679255744295,1,0.5460234549228544,0.5671504780844849,1.106826080656254,0.4887218177318573,0.8721804618835449,0.9229323267936707,0.7322426796135342,0.015608261339366436,0.024277624674141407
238,1.197309863440346,7997.9679255744295,1,0.5460234549228544,0.5671504780844849,1.106826080656254,0.4887218177318573,0.8721804618835449,0.9229323267936707,0.7322426796135342,0.015608510933816433,0.024310193955898285
239,1.197309863440346,7997.9679255744295,1,0.5460234549228544,0.5671504780844849,1.106826080656254,0.4887218177318573,0.8721804618835449,0.9229323267936707,0.7322426796135342,0.015569902025163174,0.02427925541996956
240,1.197309863440346,7997.9679255744295,1,0.5460234549228544,0.5671504780844849,1.106826080656254,0.4887218177318573,0.8721804618835449,0.9229323267936707,0.7322426796135342,0.015823308378458023,0.02450730185955763
241,1.197309863440346,7997.9679255744295,1,0.5460234549228544,0.5671504780844849,1.106826080656254,0.4887218177318573,0.8721804618835449,0.9229323267936707,0.7322426796135342,0.016132516786456108,0.024848190136253834
242,1.197309863440346,7997.9679255744295,1,0.5460234549228544,0.5671504780844849,1.106826080656254,0.4887218177318573,0.8721804618835449,0.9229323267936707,0.7322426796135342,0.015559622086584568,0.02426400501281023
243,1.197309863440346,7997.9679255744295,1,0.5460234549228544,0.5671504780844849,1.106826080656254,0.4887218177318573,0.8721804618835449,0.9229323267936707,0.7322426796135342,0.015585032291710377,0.024222285486757755
244,1.197309863440346,7997.9679255744295,1,0.5460234549228544,0.5671504780844849,1.106826080656254,0.4887218177318573,0.8721804618835449,0.9229323267936707,0.7322426796135342,0.01557985134422779,0.024267003871500492
245,1.197309863440346,7997.9679255744295,1,0.5460234549228544,0.5671504780844849,1.106826080656254,0.4887218177318573,0.8721804618835449,0.9229323267936707,0.7322426796135342,0.01592257898300886,0.024606091901659966
246,1.197309863440346,7997.9679255744295,1,0.5460234549228544,0.5671504780844849,1.106826080656254,0.4887218177318573,0.8721804618835449,0.9229323267936707,0.7322426796135342,0.015849138610064983,0.02451816201210022
247,1.197309863440346,7997.9679255744295,1,0.5460234549228544,0.5671504780844849,1.106826080656254,0.4887218177318573,0.8721804618835449,0.9229323267936707,0.7322426796135342,0.015698331408202648,0.0244889035820961
248,1.197309863440346,7997.9679255744295,1,0.5460234549228544,0.5671504780844849,1.106826080656254,0.4887218177318573,0.8721804618835449,0.9229323267936707,0.7322426796135342,0.015782329253852367,0.024547511711716652
249,1.197309863440346,7997.9679255744295,1,0.5460234549228544,0.5671504780844849,1.106826080656254,0.4887218177318573,0.8721804618835449,0.9229323267936707,0.7322426796135342,0.015704941004514694,0.024501402862370014
250,1.197309863440346,7997.9679255744295,1,0.5460234549228544,0.5671504780844849,1.106826080656254,0.4887218177318573,0.8721804618835449,0.9229323267936707,0.7322426796135342,0.016068488359451294,0.024795450270175934
251,1.197309863440346,7997.9679255744295,1,0.5460234549228544,0.5671504780844849,1.106826080656254,0.4887218177318573,0.8721804618835449,0.9229323267936707,0.7322426796135342,0.01565676089376211,0.024341813288629055
252,1.197309863440346,7997.9679255744295,1,0.5460234549228544,0.5671504780844849,1.106826080656254,0.4887218177318573,0.8721804618835449,0.9229323267936707,0.7322426796135342,0.015691770240664482,0.024400273337960243
253,1.197309863440346,7997.9679255744295,1,0.5460234549228544,0.5671504780844849,1.106826080656254,0.4887218177318573,0.8721804618835449,0.9229323267936707,0.7322426796135342,0.015753059647977352,0.024513971991837025
254,1.197309863440346,7997.9679255744295,1,0.5460234549228544,0.5671504780844849,1.106826080656254,0.4887218177318573,0.8721804618835449,0.9229323267936707,0.7322426796135342,0.01605106797069311,0.024917729198932648
255,1.197309863440346,7997.9679255744295,1,0.5460234549228544,0.5671504780844849,1.106826080656254,0.4887218177318573,0.8721804618835449,0.9229323267936707,0.7322426796135342,0.01587556954473257,0.024558122269809246
256,1.197309863440346,7997.9679255744295,1,0.5460234549228544,0.5671504780844849,1.106826080656254,0.4887218177318573,0.8721804618835449,0.9229323267936707,0.7322426796135342,0.018182598054409027,0.02703235950320959
257,1.197309863440346,7997.9679255744295,1,0.5460234549228544,0.5671504780844849,1.106826080656254,0.4887218177318573,0.8721804618835449,0.9229323267936707,0.7322426796135342,0.016363135538995266,0.025407515466213226
258,1.197309863440346,7997.9679255744295,1,0.5460234549228544,0.5671504780844849,1.106826080656254,0.4887218177318573,0.8721804618835449,0.9229323267936707,0.7322426796135342,0.016001857817173004,0.024934318847954273
259,1.197309863440346,7997.9679255744295,1,0.5460234549228544,0.5671504780844849,1.106826080656254,0.4887218177318573,0.8721804618835449,0.9229323267936707,0.7322426796135342,0.015993718057870865,0.024776010774075985
260,1.197309863440346,7997.9679255744295,1,0.5460234549228544,0.5671504780844849,1.106826080656254,0.4887218177318573,0.8721804618835449,0.9229323267936707,0.7322426796135342,0.015741780400276184,0.024460433050990105
261,1.197309863440346,7997.9679255744295,1,0.5460234549228544,0.5671504780844849,1.106826080656254,0.4887218177318573,0.8721804618835449,0.9229323267936707,0.7322426796135342,0.01610465720295906,0.024866510182619095
262,1.197309863440346,7997.9679255744295,1,0.5460234549228544,0.5671504780844849,1.106826080656254,0.4887218177318573,0.8721804618835449,0.9229323267936707,0.7322426796135342,0.015748980455100536,0.024690350517630577
263,1.197309863440346,7997.9679255744295,1,0.5460234549228544,0.5671504780844849,1.106826080656254,0.4887218177318573,0.8721804618835449,0.9229323267936707,0.7322426796135342,0.015819109044969082,0.024524742737412453
264,1.197309863440346,7997.9679255744295,1,0.5460234549228544,0.5671504780844849,1.106826080656254,0.4887218177318573,0.8721804618835449,0.9229323267936707,0.7322426796135342,0.016062937676906586,0.024775430560112
265,1.197309863440346,7997.9679255744295,1,0.5460234549228544,0.5671504780844849,1.106826080656254,0.4887218177318573,0.8721804618835449,0.9229323267936707,0.7322426796135342,0.015799169428646564,0.02456701174378395
266,1.197309863440346,7997.9679255744295,1,0.5460234549228544,0.5671504780844849,1.106826080656254,0.4887218177318573,0.8721804618835449,0.9229323267936707,0.7322426796135342,0.015728470869362354,0.024455142207443714
267,1.197309863440346,7997.9679255744295,1,0.5460234549228544,0.5671504780844849,1.106826080656254,0.4887218177318573,0.8721804618835449,0.9229323267936707,0.7322426796135342,0.015826440416276455,0.024578262120485306
268,1.197309863440346,7997.9679255744295,1,0.5460234549228544,0.5671504780844849,1.106826080656254,0.4887218177318573,0.8721804618835449,0.9229323267936707,0.7322426796135342,0.015982577577233315,0.02498289756476879
269,1.197309863440346,7997.9679255744295,1,0.5460234549228544,0.5671504780844849,1.106826080656254,0.4887218177318573,0.8721804618835449,0.9229323267936707,0.7322426796135342,0.015733669511973858,0.024413802661001682
270,1.197309863440346,7997.9679255744295,1,0.5460234549228544,0.5671504780844849,1.106826080656254,0.4887218177318573,0.8721804618835449,0.9229323267936707,0.7322426796135342,0.015627951361238956,0.024403173476457596
271,1.197309863440346,7997.9679255744295,1,0.5460234549228544,0.5671504780844849,1.106826080656254,0.4887218177318573,0.8721804618835449,0.9229323267936707,0.7322426796135342,0.01562133152037859,0.024317004717886448
272,1.197309863440346,7997.9679255744295,1,0.5460234549228544,0.5671504780844849,1.106826080656254,0.4887218177318573,0.8721804618835449,0.9229323267936707,0.7322426796135342,0.01631935592740774,0.025195767171680927
273,1.197309863440346,7997.9679255744295,1,0.5460234549228544,0.5671504780844849,1.106826080656254,0.4887218177318573,0.8721804618835449,0.9229323267936707,0.7322426796135342,0.016057627275586128,0.024749199859797955
274,1.197309863440346,7997.9679255744295,1,0.5460234549228544,0.5671504780844849,1.106826080656254,0.4887218177318573,0.8721804618835449,0.9229323267936707,0.7322426796135342,0.016030757687985897,0.024907588958740234
275,1.197309863440346,7997.9679255744295,1,0.5460234549228544,0.5671504780844849,1.106826080656254,0.4887218177318573,0.8721804618835449,0.9229323267936707,0.7322426796135342,0.015694711357355118,0.024409404024481773
276,1.197309863440346,7997.9679255744295,1,0.5460234549228544,0.5671504780844849,1.106826080656254,0.4887218177318573,0.8721804618835449,0.9229323267936707,0.7322426796135342,0.01557869277894497,0.02426882553845644
277,1.197309863440346,7997.9679255744295,1,0.5460234549228544,0.5671504780844849,1.106826080656254,0.4887218177318573,0.8721804618835449,0.9229323267936707,0.7322426796135342,0.015809769742190838,0.024790880270302296
278,1.197309863440346,7997.9679255744295,1,0.5460234549228544,0.5671504780844849,1.106826080656254,0.4887218177318573,0.8721804618835449,0.9229323267936707,0.7322426796135342,0.015585942193865776,0.024280105717480183
279,1.197309863440346,7997.9679255744295,1,0.5460234549228544,0.5671504780844849,1.106826080656254,0.4887218177318573,0.8721804618835449,0.9229323267936707,0.7322426796135342,0.015537742525339127,0.02421723585575819
280,1.197309863440346,7997.9679255744295,1,0.5460234549228544,0.5671504780844849,1.106826080656254,0.4887218177318573,0.8721804618835449,0.9229323267936707,0.7322426796135342,0.015573160722851753,0.02424564491957426
281,1.197309863440346,7997.9679255744295,1,0.5460234549228544,0.5671504780844849,1.106826080656254,0.4887218177318573,0.8721804618835449,0.9229323267936707,0.7322426796135342,0.015767539851367474,0.024457202292978764
282,1.197309863440346,7997.9679255744295,1,0.5460234549228544,0.5671504780844849,1.106826080656254,0.4887218177318573,0.8721804618835449,0.9229323267936707,0.7322426796135342,0.016188285313546658,0.024943619035184383
283,1.197309863440346,7997.9679255744295,1,0.5460234549228544,0.5671504780844849,1.106826080656254,0.4887218177318573,0.8721804618835449,0.9229323267936707,0.7322426796135342,0.015608381479978561,0.024303894490003586
284,1.197309863440346,7997.9679255744295,1,0.5460234549228544,0.5671504780844849,1.106826080656254,0.4887218177318573,0.8721804618835449,0.9229323267936707,0.7322426796135342,0.015615222044289112,0.02430784422904253
285,1.197309863440346,7997.9679255744295,1,0.5460234549228544,0.5671504780844849,1.106826080656254,0.4887218177318573,0.8721804618835449,0.9229323267936707,0.7322426796135342,0.01561433169990778,0.024337603710591793
286,1.197309863440346,7997.9679255744295,1,0.5460234549228544,0.5671504780844849,1.106826080656254,0.4887218177318573,0.8721804618835449,0.9229323267936707,0.7322426796135342,0.01590493880212307,0.024963309057056904
287,1.197309863440346,7997.9679255744295,1,0.5460234549228544,0.5671504780844849,1.106826080656254,0.4887218177318573,0.8721804618835449,0.9229323267936707,0.7322426796135342,0.015564502216875553,0.024380244314670563
288,1.197309863440346,7997.9679255744295,1,0.5460234549228544,0.5671504780844849,1.106826080656254,0.4887218177318573,0.8721804618835449,0.9229323267936707,0.7322426796135342,0.015594512224197388,0.024278215132653713
289,1.197309863440346,7997.9679255744295,1,0.5460234549228544,0.5671504780844849,1.106826080656254,0.4887218177318573,0.8721804618835449,0.9229323267936707,0.7322426796135342,0.016051056794822216,0.02479615993797779
290,1.197309863440346,7997.9679255744295,1,0.5460234549228544,0.5671504780844849,1.106826080656254,0.4887218177318573,0.8721804618835449,0.9229323267936707,0.7322426796135342,0.01580984052270651,0.02454727329313755
291,1.197309863440346,7997.9679255744295,1,0.5460234549228544,0.5671504780844849,1.106826080656254,0.4887218177318573,0.8721804618835449,0.9229323267936707,0.7322426796135342,0.016422133892774582,0.025332115590572357
292,1.197309863440346,7997.9679255744295,1,0.5460234549228544,0.5671504780844849,1.106826080656254,0.4887218177318573,0.8721804618835449,0.9229323267936707,0.7322426796135342,0.016175725497305393,0.02520874608308077
293,1.197309863440346,7997.9679255744295,1,0.5460234549228544,0.5671504780844849,1.106826080656254,0.4887218177318573,0.8721804618835449,0.9229323267936707,0.7322426796135342,0.01584199909120798,0.024552161805331707
294,1.197309863440346,7997.9679255744295,1,0.5460234549228544,0.5671504780844849,1.106826080656254,0.4887218177318573,0.8721804618835449,0.9229323267936707,0.7322426796135342,0.01575542986392975,0.024633372202515602
295,1.197309863440346,7997.9679255744295,1,0.5460234549228544,0.5671504780844849,1.106826080656254,0.4887218177318573,0.8721804618835449,0.9229323267936707,0.7322426796135342,0.016615621745586395,0.025733942165970802
296,1.197309863440346,7997.9679255744295,1,0.5460234549228544,0.5671504780844849,1.106826080656254,0.4887218177318573,0.8721804618835449,0.9229323267936707,0.7322426796135342,0.016302695497870445,0.025083357468247414
297,1.197309863440346,7997.9679255744295,1,0.5460234549228544,0.5671504780844849,1.106826080656254,0.4887218177318573,0.8721804618835449,0.9229323267936707,0.7322426796135342,0.015769120305776596,0.024490161798894405
298,1.197309863440346,7997.9679255744295,1,0.5460234549228544,0.5671504780844849,1.106826080656254,0.4887218177318573,0.8721804618835449,0.9229323267936707,0.7322426796135342,0.015848820097744465,0.02469422109425068
299,1.197309863440346,7997.9679255744295,1,0.5460234549228544,0.5671504780844849,1.106826080656254,0.4887218177318573,0.8721804618835449,0.9229323267936707,0.7322426796135342,0.01609370857477188,0.024898630566895008
300,1.197309863440346,7997.9679255744295,1,0.5460234549228544,0.5671504780844849,1.106826080656254,0.4887218177318573,0.8721804618835449,0.9229323267936707,0.7322426796135342,0.01643985416740179,0.025229426100850105
301,1.197309863440346,7997.9679255744295,1,0.5460234549228544,0.5671504780844849,1.106826080656254,0.4887218177318573,0.8721804618835449,0.9229323267936707,0.7322426796135342,0.015581241808831692,0.0242574755102396
302,1.197309863440346,7997.9679255744295,1,0.5460234549228544,0.5671504780844849,1.106826080656254,0.4887218177318573,0.8721804618835449,0.9229323267936707,0.7322426796135342,0.01595803815871477,0.024794540368020535
303,1.197309863440346,7997.9679255744295,1,0.5460234549228544,0.5671504780844849,1.106826080656254,0.4887218177318573,0.8721804618835449,0.9229323267936707,0.7322426796135342,0.015933838672935963,0.024960958398878574
304,1.197309863440346,7997.9679255744295,1,0.5460234549228544,0.5671504780844849,1.106826080656254,0.4887218177318573,0.8721804618835449,0.9229323267936707,0.7322426796135342,0.016627222299575806,0.025533773005008698
305,1.197309863440346,7997.9679255744295,1,0.5460234549228544,0.5671504780844849,1.106826080656254,0.4887218177318573,0.8721804618835449,0.9229323267936707,0.7322426796135342,0.01603576820343733,0.024876030161976814
306,1.197309863440346,7997.9679255744295,1,0.5460234549228544,0.5671504780844849,1.106826080656254,0.4887218177318573,0.8721804618835449,0.9229323267936707,0.7322426796135342,0.01601126790046692,0.02486326824873686
307,1.197309863440346,7997.9679255744295,1,0.5460234549228544,0.5671504780844849,1.106826080656254,0.4887218177318573,0.8721804618835449,0.9229323267936707,0.7322426796135342,0.016001217998564243,0.024856879375874996
308,1.197309863440346,7997.9679255744295,1,0.5460234549228544,0.5671504780844849,1.106826080656254,0.4887218177318573,0.8721804618835449,0.9229323267936707,0.7322426796135342,0.016274225898087025,0.025163196958601475
309,1.197309863440346,7997.9679255744295,1,0.5460234549228544,0.5671504780844849,1.106826080656254,0.4887218177318573,0.8721804618835449,0.9229323267936707,0.7322426796135342,0.01620273571461439,0.025108116678893566
310,1.197309863440346,7997.9679255744295,1,0.5460234549228544,0.5671504780844849,1.106826080656254,0.4887218177318573,0.8721804618835449,0.9229323267936707,0.7322426796135342,0.01605390850454569,0.024915519170463085
311,1.197309863440346,7997.9679255744295,1,0.5460234549228544,0.5671504780844849,1.106826080656254,0.4887218177318573,0.8721804618835449,0.9229323267936707,0.7322426796135342,0.016024528071284294,0.024875858798623085
312,1.197309863440346,7997.9679255744295,1,0.5460234549228544,0.5671504780844849,1.106826080656254,0.4887218177318573,0.8721804618835449,0.9229323267936707,0.7322426796135342,0.015618251636624336,0.024481212720274925
313,1.197309863440346,7997.9679255744295,1,0.5460234549228544,0.5671504780844849,1.106826080656254,0.4887218177318573,0.8721804618835449,0.9229323267936707,0.7322426796135342,0.016141526401042938,0.025090986862778664
314,1.197309863440346,7997.9679255744295,1,0.5460234549228544,0.5671504780844849,1.106826080656254,0.4887218177318573,0.8721804618835449,0.9229323267936707,0.7322426796135342,0.015813619829714298,0.02452787198126316
315,1.197309863440346,7997.9679255744295,1,0.5460234549228544,0.5671504780844849,1.106826080656254,0.4887218177318573,0.8721804618835449,0.9229323267936707,0.7322426796135342,0.015789300203323364,0.024558241479098797
316,1.197309863440346,7997.9679255744295,1,0.5460234549228544,0.5671504780844849,1.106826080656254,0.4887218177318573,0.8721804618835449,0.9229323267936707,0.7322426796135342,0.01566425058990717,0.02445936296135187
317,1.197309863440346,7997.9679255744295,1,0.5460234549228544,0.5671504780844849,1.106826080656254,0.4887218177318573,0.8721804618835449,0.9229323267936707,0.7322426796135342,0.01599428802728653,0.024899049662053585
318,1.197309863440346,7997.9679255744295,1,0.5460234549228544,0.5671504780844849,1.106826080656254,0.4887218177318573,0.8721804618835449,0.9229323267936707,0.7322426796135342,0.015819729305803776,0.02456706203520298
319,1.197309863440346,7997.9679255744295,1,0.5460234549228544,0.5671504780844849,1.106826080656254,0.4887218177318573,0.8721804618835449,0.9229323267936707,0.7322426796135342,0.01556315179914236,0.02425018511712551
320,1.197309863440346,7997.9679255744295,1,0.5460234549228544,0.5671504780844849,1.106826080656254,0.4887218177318573,0.8721804618835449,0.9229323267936707,0.7322426796135342,0.015580802224576473,0.0243237242102623
321,1.197309863440346,7997.9679255744295,1,0.5460234549228544,0.5671504780844849,1.106826080656254,0.4887218177318573,0.8721804618835449,0.9229323267936707,0.7322426796135342,0.015620951540768147,0.024385983124375343
322,1.197309863440346,7997.9679255744295,1,0.5460234549228544,0.5671504780844849,1.106826080656254,0.4887218177318573,0.8721804618835449,0.9229323267936707,0.7322426796135342,0.016318034380674362,0.025169726461172104
323,1.197309863440346,7997.9679255744295,1,0.5460234549228544,0.5671504780844849,1.106826080656254,0.4887218177318573,0.8721804618835449,0.9229323267936707,0.7322426796135342,0.015601740218698978,0.02426285482943058
324,1.197309863440346,7997.9679255744295,1,0.5460234549228544,0.5671504780844849,1.106826080656254,0.4887218177318573,0.8721804618835449,0.9229323267936707,0.7322426796135342,0.015563592314720154,0.024266035296022892
325,1.197309863440346,7997.9679255744295,1,0.5460234549228544,0.5671504780844849,1.106826080656254,0.4887218177318573,0.8721804618835449,0.9229323267936707,0.7322426796135342,0.015601991675794125,0.024273274466395378
326,1.197309863440346,7997.9679255744295,1,0.5460234549228544,0.5671504780844849,1.106826080656254,0.4887218177318573,0.8721804618835449,0.9229323267936707,0.7322426796135342,0.01656209211796522,0.025439714081585407
327,1.197309863440346,7997.9679255744295,1,0.5460234549228544,0.5671504780844849,1.106826080656254,0.4887218177318573,0.8721804618835449,0.9229323267936707,0.7322426796135342,0.01567360106855631,0.024424733594059944
328,1.197309863440346,7997.9679255744295,1,0.5460234549228544,0.5671504780844849,1.106826080656254,0.4887218177318573,0.8721804618835449,0.9229323267936707,0.7322426796135342,0.01612380798906088,0.024983919225633144
329,1.197309863440346,7997.9679255744295,1,0.5460234549228544,0.5671504780844849,1.106826080656254,0.4887218177318573,0.8721804618835449,0.9229323267936707,0.7322426796135342,0.020565466955304146,0.029980413615703583
330,1.197309863440346,7997.9679255744295,1,0.5460234549228544,0.5671504780844849,1.106826080656254,0.4887218177318573,0.8721804618835449,0.9229323267936707,0.7322426796135342,0.016882439143955708,0.02567097172141075
331,1.197309863440346,7997.9679255744295,1,0.5460234549228544,0.5671504780844849,1.106826080656254,0.4887218177318573,0.8721804618835449,0.9229323267936707,0.7322426796135342,0.016006617806851864,0.024868919514119625
332,1.197309863440346,7997.9679255744295,1,0.5460234549228544,0.5671504780844849,1.106826080656254,0.4887218177318573,0.8721804618835449,0.9229323267936707,0.7322426796135342,0.015628510154783726,0.024307293817400932
333,1.197309863440346,7997.9679255744295,1,0.5460234549228544,0.5671504780844849,1.106826080656254,0.4887218177318573,0.8721804618835449,0.9229323267936707,0.7322426796135342,0.01605766825377941,0.02491781860589981
334,1.197309863440346,7997.9679255744295,1,0.5460234549228544,0.5671504780844849,1.106826080656254,0.4887218177318573,0.8721804618835449,0.9229323267936707,0.7322426796135342,0.01592828892171383,0.02465167175978422
335,1.197309863440346,7997.9679255744295,1,0.5460234549228544,0.5671504780844849,1.106826080656254,0.4887218177318573,0.8721804618835449,0.9229323267936707,0.7322426796135342,0.016247306019067764,0.02508221846073866
336,1.197309863440346,7997.9679255744295,1,0.5460234549228544,0.5671504780844849,1.106826080656254,0.4887218177318573,0.8721804618835449,0.9229323267936707,0.7322426796135342,0.015607552602887154,0.024318573996424675
337,1.197309863440346,7997.9679255744295,1,0.5460234549228544,0.5671504780844849,1.106826080656254,0.4887218177318573,0.8721804618835449,0.9229323267936707,0.7322426796135342,0.015752810053527355,0.024629991501569748
338,1.197309863440346,7997.9679255744295,1,0.5460234549228544,0.5671504780844849,1.106826080656254,0.4887218177318573,0.8721804618835449,0.9229323267936707,0.7322426796135342,0.015554073266685009,0.024258384481072426
339,1.197309863440346,7997.9679255744295,1,0.5460234549228544,0.5671504780844849,1.106826080656254,0.4887218177318573,0.8721804618835449,0.9229323267936707,0.7322426796135342,0.016694271937012672,0.02556587290018797
340,1.197309863440346,7997.9679255744295,1,0.5460234549228544,0.5671504780844849,1.106826080656254,0.4887218177318573,0.8721804618835449,0.9229323267936707,0.7322426796135342,0.016135387122631073,0.02494502905756235
341,1.197309863440346,7997.9679255744295,1,0.5460234549228544,0.5671504780844849,1.106826080656254,0.4887218177318573,0.8721804618835449,0.9229323267936707,0.7322426796135342,0.015691420994699,0.024445884861052036
342,1.197309863440346,7997.9679255744295,1,0.5460234549228544,0.5671504780844849,1.106826080656254,0.4887218177318573,0.8721804618835449,0.9229323267936707,0.7322426796135342,0.015617990866303444,0.024326404556632042
343,1.197309863440346,7997.9679255744295,1,0.5460234549228544,0.5671504780844849,1.106826080656254,0.4887218177318573,0.8721804618835449,0.9229323267936707,0.7322426796135342,0.015871469862759113,0.02457795199006796
344,1.197309863440346,7997.9679255744295,1,0.5460234549228544,0.5671504780844849,1.106826080656254,0.4887218177318573,0.8721804618835449,0.9229323267936707,0.7322426796135342,0.016229155473411083,0.02492683846503496
345,1.197309863440346,7997.9679255744295,1,0.5460234549228544,0.5671504780844849,1.106826080656254,0.4887218177318573,0.8721804618835449,0.9229323267936707,0.7322426796135342,0.015536462888121605,0.024211915209889412
346,1.197309863440346,7997.9679255744295,1,0.5460234549228544,0.5671504780844849,1.106826080656254,0.4887218177318573,0.8721804618835449,0.9229323267936707,0.7322426796135342,0.01553790271282196,0.024257034994661808
347,1.197309863440346,7997.9679255744295,1,0.5460234549228544,0.5671504780844849,1.106826080656254,0.4887218177318573,0.8721804618835449,0.9229323267936707,0.7322426796135342,0.015500073321163654,0.02413102611899376
348,1.197309863440346,7997.9679255744295,1,0.5460234549228544,0.5671504780844849,1.106826080656254,0.4887218177318573,0.8721804618835449,0.9229323267936707,0.7322426796135342,0.016521123237907887,0.025288655422627926
349,1.197309863440346,7997.9679255744295,1,0.5460234549228544,0.5671504780844849,1.106826080656254,0.4887218177318573,0.8721804618835449,0.9229323267936707,0.7322426796135342,0.01562806125730276,0.024290195666253567
350,1.197309863440346,7997.9679255744295,1,0.5460234549228544,0.5671504780844849,1.106826080656254,0.4887218177318573,0.8721804618835449,0.9229323267936707,0.7322426796135342,0.015993397682905197,0.02477498073130846
351,1.197309863440346,7997.9679255744295,1,0.5460234549228544,0.5671504780844849,1.106826080656254,0.4887218177318573,0.8721804618835449,0.9229323267936707,0.7322426796135342,0.015565192326903343,0.024264764972031116
352,1.197309863440346,7997.9679255744295,1,0.5460234549228544,0.5671504780844849,1.106826080656254,0.4887218177318573,0.8721804618835449,0.9229323267936707,0.7322426796135342,0.015829650685191154,0.02456165198236704
353,1.197309863440346,7997.9679255744295,1,0.5460234549228544,0.5671504780844849,1.106826080656254,0.4887218177318573,0.8721804618835449,0.9229323267936707,0.7322426796135342,0.015856648795306683,0.024564902298152447
354,1.197309863440346,7997.9679255744295,1,0.5460234549228544,0.5671504780844849,1.106826080656254,0.4887218177318573,0.8721804618835449,0.9229323267936707,0.7322426796135342,0.015610340982675552,0.02429699432104826
355,1.197309863440346,7997.9679255744295,1,0.5460234549228544,0.5671504780844849,1.106826080656254,0.4887218177318573,0.8721804618835449,0.9229323267936707,0.7322426796135342,0.015615971758961678,0.024299854412674904
356,1.197309863440346,7997.9679255744295,1,0.5460234549228544,0.5671504780844849,1.106826080656254,0.4887218177318573,0.8721804618835449,0.9229323267936707,0.7322426796135342,0.015521921217441559,0.02421367447823286
357,1.197309863440346,7997.9679255744295,1,0.5460234549228544,0.5671504780844849,1.106826080656254,0.4887218177318573,0.8721804618835449,0.9229323267936707,0.7322426796135342,0.01571820117533207,0.02457365207374096
358,1.197309863440346,7997.9679255744295,1,0.5460234549228544,0.5671504780844849,1.106826080656254,0.4887218177318573,0.8721804618835449,0.9229323267936707,0.7322426796135342,0.015609310939908028,0.024271175265312195
359,1.197309863440346,7997.9679255744295,1,0.5460234549228544,0.5671504780844849,1.106826080656254,0.4887218177318573,0.8721804618835449,0.9229323267936707,0.7322426796135342,0.015570482239127159,0.02427359577268362
360,1.197309863440346,7997.9679255744295,1,0.5460234549228544,0.5671504780844849,1.106826080656254,0.4887218177318573,0.8721804618835449,0.9229323267936707,0.7322426796135342,0.01563253253698349,0.024313035421073437
361,1.197309863440346,7997.9679255744295,1,0.5460234549228544,0.5671504780844849,1.106826080656254,0.4887218177318573,0.8721804618835449,0.9229323267936707,0.7322426796135342,0.015629042871296406,0.024536723271012306
362,1.197309863440346,7997.9679255744295,1,0.5460234549228544,0.5671504780844849,1.106826080656254,0.4887218177318573,0.8721804618835449,0.9229323267936707,0.7322426796135342,0.016720260493457317,0.02554619312286377
363,1.197309863440346,7997.9679255744295,1,0.5460234549228544,0.5671504780844849,1.106826080656254,0.4887218177318573,0.8721804618835449,0.9229323267936707,0.7322426796135342,0.01566158141940832,0.024439903907477856
364,1.197309863440346,7997.9679255744295,1,0.5460234549228544,0.5671504780844849,1.106826080656254,0.4887218177318573,0.8721804618835449,0.9229323267936707,0.7322426796135342,0.015590432099997997,0.024304275400936604
365,1.197309863440346,7997.9679255744295,1,0.5460234549228544,0.5671504780844849,1.106826080656254,0.4887218177318573,0.8721804618835449,0.9229323267936707,0.7322426796135342,0.015823100693523884,0.02453281357884407
366,1.197309863440346,7997.9679255744295,1,0.5460234549228544,0.5671504780844849,1.106826080656254,0.4887218177318573,0.8721804618835449,0.9229323267936707,0.7322426796135342,0.015783069655299187,0.024501812644302845
367,1.197309863440346,7997.9679255744295,1,0.5460234549228544,0.5671504780844849,1.106826080656254,0.4887218177318573,0.8721804618835449,0.9229323267936707,0.7322426796135342,0.01576299127191305,0.024460612796247005
368,1.197309863440346,7997.9679255744295,1,0.5460234549228544,0.5671504780844849,1.106826080656254,0.4887218177318573,0.8721804618835449,0.9229323267936707,0.7322426796135342,0.015574071556329727,0.024245074950158596
369,1.197309863440346,7997.9679255744295,1,0.5460234549228544,0.5671504780844849,1.106826080656254,0.4887218177318573,0.8721804618835449,0.9229323267936707,0.7322426796135342,0.015720991417765617,0.024409784004092216
370,1.197309863440346,7997.9679255744295,1,0.5460234549228544,0.5671504780844849,1.106826080656254,0.4887218177318573,0.8721804618835449,0.9229323267936707,0.7322426796135342,0.015570451505482197,0.024275404401123524
371,1.197309863440346,7997.9679255744295,1,0.5460234549228544,0.5671504780844849,1.106826080656254,0.4887218177318573,0.8721804618835449,0.9229323267936707,0.7322426796135342,0.015819440595805645,0.024785781279206276
372,1.197309863440346,7997.9679255744295,1,0.5460234549228544,0.5671504780844849,1.106826080656254,0.4887218177318573,0.8721804618835449,0.9229323267936707,0.7322426796135342,0.015651500783860683,0.024348103441298008
373,1.197309863440346,7997.9679255744295,1,0.5460234549228544,0.5671504780844849,1.106826080656254,0.4887218177318573,0.8721804618835449,0.9229323267936707,0.7322426796135342,0.015658880583941936,0.024300064891576767
374,1.197309863440346,7997.9679255744295,1,0.5460234549228544,0.5671504780844849,1.106826080656254,0.4887218177318573,0.8721804618835449,0.9229323267936707,0.7322426796135342,0.01558994222432375,0.02426740527153015
375,1.197309863440346,7997.9679255744295,1,0.5460234549228544,0.5671504780844849,1.106826080656254,0.4887218177318573,0.8721804618835449,0.9229323267936707,0.7322426796135342,0.015780690126121044,0.02443500328809023
376,1.197309863440346,7997.9679255744295,1,0.5460234549228544,0.5671504780844849,1.106826080656254,0.4887218177318573,0.8721804618835449,0.9229323267936707,0.7322426796135342,0.01587894931435585,0.024648341350257397
377,1.197309863440346,7997.9679255744295,1,0.5460234549228544,0.5671504780844849,1.106826080656254,0.4887218177318573,0.8721804618835449,0.9229323267936707,0.7322426796135342,0.015638550743460655,0.024367923848330975
378,1.197309863440346,7997.9679255744295,1,0.5460234549228544,0.5671504780844849,1.106826080656254,0.4887218177318573,0.8721804618835449,0.9229323267936707,0.7322426796135342,0.016376204788684845,0.02527997549623251
379,1.197309863440346,7997.9679255744295,1,0.5460234549228544,0.5671504780844849,1.106826080656254,0.4887218177318573,0.8721804618835449,0.9229323267936707,0.7322426796135342,0.01576326973736286,0.024553622119128704
380,1.197309863440346,7997.9679255744295,1,0.5460234549228544,0.5671504780844849,1.106826080656254,0.4887218177318573,0.8721804618835449,0.9229323267936707,0.7322426796135342,0.01618797518312931,0.025288645178079605
381,1.197309863440346,7997.9679255744295,1,0.5460234549228544,0.5671504780844849,1.106826080656254,0.4887218177318573,0.8721804618835449,0.9229323267936707,0.7322426796135342,0.01578975934535265,0.024558131583034992
382,1.197309863440346,7997.9679255744295,1,0.5460234549228544,0.5671504780844849,1.106826080656254,0.4887218177318573,0.8721804618835449,0.9229323267936707,0.7322426796135342,0.01583746913820505,0.02459709160029888
383,1.197309863440346,7997.9679255744295,1,0.5460234549228544,0.5671504780844849,1.106826080656254,0.4887218177318573,0.8721804618835449,0.9229323267936707,0.7322426796135342,0.01594522874802351,0.02469198126345873
384,1.197309863440346,7997.9679255744295,1,0.5460234549228544,0.5671504780844849,1.106826080656254,0.4887218177318573,0.8721804618835449,0.9229323267936707,0.7322426796135342,0.01569430995732546,0.024431772530078888
385,1.197309863440346,7997.9679255744295,1,0.5460234549228544,0.5671504780844849,1.106826080656254,0.4887218177318573,0.8721804618835449,0.9229323267936707,0.7322426796135342,0.015591360628604889,0.024295703507959843
386,1.197309863440346,7997.9679255744295,1,0.5460234549228544,0.5671504780844849,1.106826080656254,0.4887218177318573,0.8721804618835449,0.9229323267936707,0.7322426796135342,0.015588982030749321,0.024308184161782265
387,1.197309863440346,7997.9679255744295,1,0.5460234549228544,0.5671504780844849,1.106826080656254,0.4887218177318573,0.8721804618835449,0.9229323267936707,0.7322426796135342,0.01579625066369772,0.024876989424228668
388,1.197309863440346,7997.9679255744295,1,0.5460234549228544,0.5671504780844849,1.106826080656254,0.4887218177318573,0.8721804618835449,0.9229323267936707,0.7322426796135342,0.01570628024637699,0.02444826252758503
389,1.197309863440346,7997.9679255744295,1,0.5460234549228544,0.5671504780844849,1.106826080656254,0.4887218177318573,0.8721804618835449,0.9229323267936707,0.7322426796135342,0.015488442964851856,0.024236055091023445
390,1.197309863440346,7997.9679255744295,1,0.5460234549228544,0.5671504780844849,1.106826080656254,0.4887218177318573,0.8721804618835449,0.9229323267936707,0.7322426796135342,0.015494543127715588,0.024164246395230293
391,1.197309863440346,7997.9679255744295,1,0.5460234549228544,0.5671504780844849,1.106826080656254,0.4887218177318573,0.8721804618835449,0.9229323267936707,0.7322426796135342,0.015749680809676647,0.02444679383188486
392,1.197309863440346,7997.9679255744295,1,0.5460234549228544,0.5671504780844849,1.106826080656254,0.4887218177318573,0.8721804618835449,0.9229323267936707,0.7322426796135342,0.01599543821066618,0.02470755111426115
393,1.197309863440346,7997.9679255744295,1,0.5460234549228544,0.5671504780844849,1.106826080656254,0.4887218177318573,0.8721804618835449,0.9229323267936707,0.7322426796135342,0.015633752569556236,0.0243218457326293
394,1.197309863440346,7997.9679255744295,1,0.5460234549228544,0.5671504780844849,1.106826080656254,0.4887218177318573,0.8721804618835449,0.9229323267936707,0.7322426796135342,0.015520473010838032,0.024219236336648464
395,1.197309863440346,7997.9679255744295,1,0.5460234549228544,0.5671504780844849,1.106826080656254,0.4887218177318573,0.8721804618835449,0.9229323267936707,0.7322426796135342,0.015578952617943287,0.024463923647999763
396,1.197309863440346,7997.9679255744295,1,0.5460234549228544,0.5671504780844849,1.106826080656254,0.4887218177318573,0.8721804618835449,0.9229323267936707,0.7322426796135342,0.016074067912995815,0.024764690548181534
397,1.197309863440346,7997.9679255744295,1,0.5460234549228544,0.5671504780844849,1.106826080656254,0.4887218177318573,0.8721804618835449,0.9229323267936707,0.7322426796135342,0.01566046103835106,0.02437275368720293
398,1.197309863440346,7997.9679255744295,1,0.5460234549228544,0.5671504780844849,1.106826080656254,0.4887218177318573,0.8721804618835449,0.9229323267936707,0.7322426796135342,0.015832360833883286,0.02459651231765747
399,1.197309863440346,7997.9679255744295,1,0.5460234549228544,0.5671504780844849,1.106826080656254,0.4887218177318573,0.8721804618835449,0.9229323267936707,0.7322426796135342,0.015667861327528954,0.024315245449543
400,1.197309863440346,7997.9679255744295,1,0.5460234549228544,0.5671504780844849,1.106826080656254,0.4887218177318573,0.8721804618835449,0.9229323267936707,0.7322426796135342,0.0163822453469038,0.02545362524688244
401,1.197309863440346,7997.9679255744295,1,0.5460234549228544,0.5671504780844849,1.106826080656254,0.4887218177318573,0.8721804618835449,0.9229323267936707,0.7322426796135342,0.01569544058293104,0.024466472677886486
402,1.197309863440346,7997.9679255744295,1,0.5460234549228544,0.5671504780844849,1.106826080656254,0.4887218177318573,0.8721804618835449,0.9229323267936707,0.7322426796135342,0.01567235216498375,0.02437867410480976
403,1.197309863440346,7997.9679255744295,1,0.5460234549228544,0.5671504780844849,1.106826080656254,0.4887218177318573,0.8721804618835449,0.9229323267936707,0.7322426796135342,0.01636978518217802,0.02545477543026209
404,1.197309863440346,7997.9679255744295,1,0.5460234549228544,0.5671504780844849,1.106826080656254,0.4887218177318573,0.8721804618835449,0.9229323267936707,0.7322426796135342,0.015834858641028404,0.024519152007997036
405,1.197309863440346,7997.9679255744295,1,0.5460234549228544,0.5671504780844849,1.106826080656254,0.4887218177318573,0.8721804618835449,0.9229323267936707,0.7322426796135342,0.01649480313062668,0.025439473800361156
406,1.197309863440346,7997.9679255744295,1,0.5460234549228544,0.5671504780844849,1.106826080656254,0.4887218177318573,0.8721804618835449,0.9229323267936707,0.7322426796135342,0.015602401457726955,0.024288014508783817
407,1.197309863440346,7997.9679255744295,1,0.5460234549228544,0.5671504780844849,1.106826080656254,0.4887218177318573,0.8721804618835449,0.9229323267936707,0.7322426796135342,0.015569952316582203,0.024221294559538364
408,1.197309863440346,7997.9679255744295,1,0.5460234549228544,0.5671504780844849,1.106826080656254,0.4887218177318573,0.8721804618835449,0.9229323267936707,0.7322426796135342,0.015673951245844364,0.024363944306969643
409,1.197309863440346,7997.9679255744295,1,0.5460234549228544,0.5671504780844849,1.106826080656254,0.4887218177318573,0.8721804618835449,0.9229323267936707,0.7322426796135342,0.016178435645997524,0.0248466981574893
410,1.197309863440346,7997.9679255744295,1,0.5460234549228544,0.5671504780844849,1.106826080656254,0.4887218177318573,0.8721804618835449,0.9229323267936707,0.7322426796135342,0.015550311654806137,0.024242854677140713
411,1.197309863440346,7997.9679255744295,1,0.5460234549228544,0.5671504780844849,1.106826080656254,0.4887218177318573,0.8721804618835449,0.9229323267936707,0.7322426796135342,0.015581462532281876,0.024263654835522175
412,1.197309863440346,7997.9679255744295,1,0.5460234549228544,0.5671504780844849,1.106826080656254,0.4887218177318573,0.8721804618835449,0.9229323267936707,0.7322426796135342,0.015540163032710552,0.024220666848123074
413,1.197309863440346,7997.9679255744295,1,0.5460234549228544,0.5671504780844849,1.106826080656254,0.4887218177318573,0.8721804618835449,0.9229323267936707,0.7322426796135342,0.015881739556789398,0.024930808693170547
414,1.197309863440346,7997.9679255744295,1,0.5460234549228544,0.5671504780844849,1.106826080656254,0.4887218177318573,0.8721804618835449,0.9229323267936707,0.7322426796135342,0.015592060983181,0.024294864386320114
415,1.197309863440346,7997.9679255744295,1,0.5460234549228544,0.5671504780844849,1.106826080656254,0.4887218177318573,0.8721804618835449,0.9229323267936707,0.7322426796135342,0.015649260953068733,0.02445080317556858
416,1.197309863440346,7997.9679255744295,1,0.5460234549228544,0.5671504780844849,1.106826080656254,0.4887218177318573,0.8721804618835449,0.9229323267936707,0.7322426796135342,0.015506813302636147,0.024271585047245026
417,1.197309863440346,7997.9679255744295,1,0.5460234549228544,0.5671504780844849,1.106826080656254,0.4887218177318573,0.8721804618835449,0.9229323267936707,0.7322426796135342,0.015767519362270832,0.024448012933135033
418,1.197309863440346,7997.9679255744295,1,0.5460234549228544,0.5671504780844849,1.106826080656254,0.4887218177318573,0.8721804618835449,0.9229323267936707,0.7322426796135342,0.015808990225195885,0.024529913440346718
419,1.197309863440346,7997.9679255744295,1,0.5460234549228544,0.5671504780844849,1.106826080656254,0.4887218177318573,0.8721804618835449,0.9229323267936707,0.7322426796135342,0.01554077211767435,0.024192504584789276
420,1.197309863440346,7997.9679255744295,1,0.5460234549228544,0.5671504780844849,1.106826080656254,0.4887218177318573,0.8721804618835449,0.9229323267936707,0.7322426796135342,0.01558151189237833,0.024254015646874905
421,1.197309863440346,7997.9679255744295,1,0.5460234549228544,0.5671504780844849,1.106826080656254,0.4887218177318573,0.8721804618835449,0.9229323267936707,0.7322426796135342,0.015524063259363174,0.024195006117224693
422,1.197309863440346,7997.9679255744295,1,0.5460234549228544,0.5671504780844849,1.106826080656254,0.4887218177318573,0.8721804618835449,0.9229323267936707,0.7322426796135342,0.015937568619847298,0.024744530208408833
423,1.197309863440346,7997.9679255744295,1,0.5460234549228544,0.5671504780844849,1.106826080656254,0.4887218177318573,0.8721804618835449,0.9229323267936707,0.7322426796135342,0.015879749320447445,0.02468813117593527
424,1.197309863440346,7997.9679255744295,1,0.5460234549228544,0.5671504780844849,1.106826080656254,0.4887218177318573,0.8721804618835449,0.9229323267936707,0.7322426796135342,0.01558008138090372,0.02424544468522072
425,1.197309863440346,7997.9679255744295,1,0.5460234549228544,0.5671504780844849,1.106826080656254,0.4887218177318573,0.8721804618835449,0.9229323267936707,0.7322426796135342,0.015609502792358398,0.02427632547914982
426,1.197309863440346,7997.9679255744295,1,0.5460234549228544,0.5671504780844849,1.106826080656254,0.4887218177318573,0.8721804618835449,0.9229323267936707,0.7322426796135342,0.01584766898304224,0.024546831846237183
427,1.197309863440346,7997.9679255744295,1,0.5460234549228544,0.5671504780844849,1.106826080656254,0.4887218177318573,0.8721804618835449,0.9229323267936707,0.7322426796135342,0.016097516752779484,0.024820559658110142
428,1.197309863440346,7997.9679255744295,1,0.5460234549228544,0.5671504780844849,1.106826080656254,0.4887218177318573,0.8721804618835449,0.9229323267936707,0.7322426796135342,0.015627380460500717,0.024304364807903767
429,1.197309863440346,7997.9679255744295,1,0.5460234549228544,0.5671504780844849,1.106826080656254,0.4887218177318573,0.8721804618835449,0.9229323267936707,0.7322426796135342,0.015550642274320126,0.024226405657827854
430,1.197309863440346,7997.9679255744295,1,0.5460234549228544,0.5671504780844849,1.106826080656254,0.4887218177318573,0.8721804618835449,0.9229323267936707,0.7322426796135342,0.0156119829043746,0.024311764165759087
431,1.197309863440346,7997.9679255744295,1,0.5460234549228544,0.5671504780844849,1.106826080656254,0.4887218177318573,0.8721804618835449,0.9229323267936707,0.7322426796135342,0.015874039381742477,0.02472076006233692
432,1.197309863440346,7997.9679255744295,1,0.5460234549228544,0.5671504780844849,1.106826080656254,0.4887218177318573,0.8721804618835449,0.9229323267936707,0.7322426796135342,0.016177085228264332,0.024877958931028843
433,1.197309863440346,7997.9679255744295,1,0.5460234549228544,0.5671504780844849,1.106826080656254,0.4887218177318573,0.8721804618835449,0.9229323267936707,0.7322426796135342,0.016084996983408928,0.02486124075949192
434,1.197309863440346,7997.9679255744295,1,0.5460234549228544,0.5671504780844849,1.106826080656254,0.4887218177318573,0.8721804618835449,0.9229323267936707,0.7322426796135342,0.015638690441846848,0.024371993727982044
435,1.197309863440346,7997.9679255744295,1,0.5460234549228544,0.5671504780844849,1.106826080656254,0.4887218177318573,0.8721804618835449,0.9229323267936707,0.7322426796135342,0.01561078242957592,0.024271865375339985
436,1.197309863440346,7997.9679255744295,1,0.5460234549228544,0.5671504780844849,1.106826080656254,0.4887218177318573,0.8721804618835449,0.9229323267936707,0.7322426796135342,0.01584380865097046,0.024716049432754517
437,1.197309863440346,7997.9679255744295,1,0.5460234549228544,0.5671504780844849,1.106826080656254,0.4887218177318573,0.8721804618835449,0.9229323267936707,0.7322426796135342,0.015527862124145031,0.024201414547860622
438,1.197309863440346,7997.9679255744295,1,0.5460234549228544,0.5671504780844849,1.106826080656254,0.4887218177318573,0.8721804618835449,0.9229323267936707,0.7322426796135342,0.015665301121771336,0.024361114017665386
439,1.197309863440346,7997.9679255744295,1,0.5460234549228544,0.5671504780844849,1.106826080656254,0.4887218177318573,0.8721804618835449,0.9229323267936707,0.7322426796135342,0.015660950914025307,0.02432094421237707
440,1.197309863440346,7997.9679255744295,1,0.5460234549228544,0.5671504780844849,1.106826080656254,0.4887218177318573,0.8721804618835449,0.9229323267936707,0.7322426796135342,0.015674831345677376,0.02444994356483221
441,1.197309863440346,7997.9679255744295,1,0.5460234549228544,0.5671504780844849,1.106826080656254,0.4887218177318573,0.8721804618835449,0.9229323267936707,0.7322426796135342,0.016295205801725388,0.025032457895576954
442,1.197309863440346,7997.9679255744295,1,0.5460234549228544,0.5671504780844849,1.106826080656254,0.4887218177318573,0.8721804618835449,0.9229323267936707,0.7322426796135342,0.015609720721840858,0.024300403892993927
443,1.197309863440346,7997.9679255744295,1,0.5460234549228544,0.5671504780844849,1.106826080656254,0.4887218177318573,0.8721804618835449,0.9229323267936707,0.7322426796135342,0.01567868050187826,0.024349314160645008
444,1.197309863440346,7997.9679255744295,1,0.5460234549228544,0.5671504780844849,1.106826080656254,0.4887218177318573,0.8721804618835449,0.9229323267936707,0.7322426796135342,0.015540571883320808,0.02421068586409092
445,1.197309863440346,7997.9679255744295,1,0.5460234549228544,0.5671504780844849,1.106826080656254,0.4887218177318573,0.8721804618835449,0.9229323267936707,0.7322426796135342,0.01579688023775816,0.02466477081179619
446,1.197309863440346,7997.9679255744295,1,0.5460234549228544,0.5671504780844849,1.106826080656254,0.4887218177318573,0.8721804618835449,0.9229323267936707,0.7322426796135342,0.0155327832326293,0.024212616495788097
447,1.197309863440346,7997.9679255744295,1,0.5460234549228544,0.5671504780844849,1.106826080656254,0.4887218177318573,0.8721804618835449,0.9229323267936707,0.7322426796135342,0.01563183218240738,0.024316195398569107
448,1.197309863440346,7997.9679255744295,1,0.5460234549228544,0.5671504780844849,1.106826080656254,0.4887218177318573,0.8721804618835449,0.9229323267936707,0.7322426796135342,0.015652560628950596,0.024368593469262123
449,1.197309863440346,7997.9679255744295,1,0.5460234549228544,0.5671504780844849,1.106826080656254,0.4887218177318573,0.8721804618835449,0.9229323267936707,0.7322426796135342,0.015536381863057613,0.024213705211877823
450,1.197309863440346,7997.9679255744295,1,0.5460234549228544,0.5671504780844849,1.106826080656254,0.4887218177318573,0.8721804618835449,0.9229323267936707,0.7322426796135342,0.016311245039105415,0.02512089628726244
451,1.197309863440346,7997.9679255744295,1,0.5460234549228544,0.5671504780844849,1.106826080656254,0.4887218177318573,0.8721804618835449,0.9229323267936707,0.7322426796135342,0.015589001588523388,0.024263924919068813
452,1.197309863440346,7997.9679255744295,1,0.5460234549228544,0.5671504780844849,1.106826080656254,0.4887218177318573,0.8721804618835449,0.9229323267936707,0.7322426796135342,0.015584020875394344,0.02426791377365589
453,1.197309863440346,7997.9679255744295,1,0.5460234549228544,0.5671504780844849,1.106826080656254,0.4887218177318573,0.8721804618835449,0.9229323267936707,0.7322426796135342,0.015688280574977398,0.0244227834045887
454,1.197309863440346,7997.9679255744295,1,0.5460234549228544,0.5671504780844849,1.106826080656254,0.4887218177318573,0.8721804618835449,0.9229323267936707,0.7322426796135342,0.016348334960639477,0.025142746977508068
455,1.197309863440346,7997.9679255744295,1,0.5460234549228544,0.5671504780844849,1.106826080656254,0.4887218177318573,0.8721804618835449,0.9229323267936707,0.7322426796135342,0.015590311959385872,0.024282005615532398
456,1.197309863440346,7997.9679255744295,1,0.5460234549228544,0.5671504780844849,1.106826080656254,0.4887218177318573,0.8721804618835449,0.9229323267936707,0.7322426796135342,0.015567351132631302,0.024258894845843315
457,1.197309863440346,7997.9679255744295,1,0.5460234549228544,0.5671504780844849,1.106826080656254,0.4887218177318573,0.8721804618835449,0.9229323267936707,0.7322426796135342,0.015530773438513279,0.024208536371588707
458,1.197309863440346,7997.9679255744295,1,0.5460234549228544,0.5671504780844849,1.106826080656254,0.4887218177318573,0.8721804618835449,0.9229323267936707,0.7322426796135342,0.015678291209042072,0.024571983143687248
459,1.197309863440346,7997.9679255744295,1,0.5460234549228544,0.5671504780844849,1.106826080656254,0.4887218177318573,0.8721804618835449,0.9229323267936707,0.7322426796135342,0.015818229876458645,0.024898759089410305
460,1.197309863440346,7997.9679255744295,1,0.5460234549228544,0.5671504780844849,1.106826080656254,0.4887218177318573,0.8721804618835449,0.9229323267936707,0.7322426796135342,0.015604941174387932,0.02431736420840025
461,1.197309863440346,7997.9679255744295,1,0.5460234549228544,0.5671504780844849,1.106826080656254,0.4887218177318573,0.8721804618835449,0.9229323267936707,0.7322426796135342,0.01602779794484377,0.02488143928349018
462,1.197309863440346,7997.9679255744295,1,0.5460234549228544,0.5671504780844849,1.106826080656254,0.4887218177318573,0.8721804618835449,0.9229323267936707,0.7322426796135342,0.015561161562800407,0.02425460424274206
463,1.197309863440346,7997.9679255744295,1,0.5460234549228544,0.5671504780844849,1.106826080656254,0.4887218177318573,0.8721804618835449,0.9229323267936707,0.7322426796135342,0.015872269868850708,0.024557762779295444
464,1.197309863440346,7997.9679255744295,1,0.5460234549228544,0.5671504780844849,1.106826080656254,0.4887218177318573,0.8721804618835449,0.9229323267936707,0.7322426796135342,0.01640403550118208,0.02517216745764017
465,1.197309863440346,7997.9679255744295,1,0.5460234549228544,0.5671504780844849,1.106826080656254,0.4887218177318573,0.8721804618835449,0.9229323267936707,0.7322426796135342,0.015629631467163563,0.02430769521743059
466,1.197309863440346,7997.9679255744295,1,0.5460234549228544,0.5671504780844849,1.106826080656254,0.4887218177318573,0.8721804618835449,0.9229323267936707,0.7322426796135342,0.015561833046376705,0.02418944612145424
467,1.197309863440346,7997.9679255744295,1,0.5460234549228544,0.5671504780844849,1.106826080656254,0.4887218177318573,0.8721804618835449,0.9229323267936707,0.7322426796135342,0.01607400644570589,0.025107196532189846
468,1.197309863440346,7997.9679255744295,1,0.5460234549228544,0.5671504780844849,1.106826080656254,0.4887218177318573,0.8721804618835449,0.9229323267936707,0.7322426796135342,0.016116446815431118,0.02519324515014887
469,1.197309863440346,7997.9679255744295,1,0.5460234549228544,0.5671504780844849,1.106826080656254,0.4887218177318573,0.8721804618835449,0.9229323267936707,0.7322426796135342,0.016115267761051655,0.024797210469841957
470,1.197309863440346,7997.9679255744295,1,0.5460234549228544,0.5671504780844849,1.106826080656254,0.4887218177318573,0.8721804618835449,0.9229323267936707,0.7322426796135342,0.015605690889060497,0.024313993752002716
471,1.197309863440346,7997.9679255744295,1,0.5460234549228544,0.5671504780844849,1.106826080656254,0.4887218177318573,0.8721804618835449,0.9229323267936707,0.7322426796135342,0.015566222369670868,0.024317683652043343
472,1.197309863440346,7997.9679255744295,1,0.5460234549228544,0.5671504780844849,1.106826080656254,0.4887218177318573,0.8721804618835449,0.9229323267936707,0.7322426796135342,0.015945378690958023,0.024774729274213314
473,1.197309863440346,7997.9679255744295,1,0.5460234549228544,0.5671504780844849,1.106826080656254,0.4887218177318573,0.8721804618835449,0.9229323267936707,0.7322426796135342,0.0159126790240407,0.024626120924949646
474,1.197309863440346,7997.9679255744295,1,0.5460234549228544,0.5671504780844849,1.106826080656254,0.4887218177318573,0.8721804618835449,0.9229323267936707,0.7322426796135342,0.016369055025279522,0.02524482738226652
475,1.197309863440346,7997.9679255744295,1,0.5460234549228544,0.5671504780844849,1.106826080656254,0.4887218177318573,0.8721804618835449,0.9229323267936707,0.7322426796135342,0.015624621883034706,0.02432115562260151
476,1.197309863440346,7997.9679255744295,1,0.5460234549228544,0.5671504780844849,1.106826080656254,0.4887218177318573,0.8721804618835449,0.9229323267936707,0.7322426796135342,0.015569401904940605,0.024232786148786545
477,1.197309863440346,7997.9679255744295,1,0.5460234549228544,0.5671504780844849,1.106826080656254,0.4887218177318573,0.8721804618835449,0.9229323267936707,0.7322426796135342,0.015487851575016975,0.024311304092407227
478,1.197309863440346,7997.9679255744295,1,0.5460234549228544,0.5671504780844849,1.106826080656254,0.4887218177318573,0.8721804618835449,0.9229323267936707,0.7322426796135342,0.016088957898318768,0.024993578903377056
479,1.197309863440346,7997.9679255744295,1,0.5460234549228544,0.5671504780844849,1.106826080656254,0.4887218177318573,0.8721804618835449,0.9229323267936707,0.7322426796135342,0.0156087726354599,0.024289474822580814
480,1.197309863440346,7997.9679255744295,1,0.5460234549228544,0.5671504780844849,1.106826080656254,0.4887218177318573,0.8721804618835449,0.9229323267936707,0.7322426796135342,0.015596701763570309,0.02427864447236061
481,1.197309863440346,7997.9679255744295,1,0.5460234549228544,0.5671504780844849,1.106826080656254,0.4887218177318573,0.8721804618835449,0.9229323267936707,0.7322426796135342,0.015518942847847939,0.02428774442523718
482,1.197309863440346,7997.9679255744295,1,0.5460234549228544,0.5671504780844849,1.106826080656254,0.4887218177318573,0.8721804618835449,0.9229323267936707,0.7322426796135342,0.015852118842303753,0.024955838918685913
483,1.197309863440346,7997.9679255744295,1,0.5460234549228544,0.5671504780844849,1.106826080656254,0.4887218177318573,0.8721804618835449,0.9229323267936707,0.7322426796135342,0.015588762238621712,0.024259304627776146
484,1.197309863440346,7997.9679255744295,1,0.5460234549228544,0.5671504780844849,1.106826080656254,0.4887218177318573,0.8721804618835449,0.9229323267936707,0.7322426796135342,0.015613561496138573,0.02430610451847315
485,1.197309863440346,7997.9679255744295,1,0.5460234549228544,0.5671504780844849,1.106826080656254,0.4887218177318573,0.8721804618835449,0.9229323267936707,0.7322426796135342,0.015670190565288067,0.02432771399617195
486,1.197309863440346,7997.9679255744295,1,0.5460234549228544,0.5671504780844849,1.106826080656254,0.4887218177318573,0.8721804618835449,0.9229323267936707,0.7322426796135342,0.015569551847875118,0.024321174249053
487,1.197309863440346,7997.9679255744295,1,0.5460234549228544,0.5671504780844849,1.106826080656254,0.4887218177318573,0.8721804618835449,0.9229323267936707,0.7322426796135342,0.016042337752878666,0.02474845014512539
488,1.197309863440346,7997.9679255744295,1,0.5460234549228544,0.5671504780844849,1.106826080656254,0.4887218177318573,0.8721804618835449,0.9229323267936707,0.7322426796135342,0.015751349739730358,0.024489043280482292
489,1.197309863440346,7997.9679255744295,1,0.5460234549228544,0.5671504780844849,1.106826080656254,0.4887218177318573,0.8721804618835449,0.9229323267936707,0.7322426796135342,0.015867148526012897,0.024573221802711487
490,1.197309863440346,7997.9679255744295,1,0.5460234549228544,0.5671504780844849,1.106826080656254,0.4887218177318573,0.8721804618835449,0.9229323267936707,0.7322426796135342,0.01577994041144848,0.02447979338467121
491,1.197309863440346,7997.9679255744295,1,0.5460234549228544,0.5671504780844849,1.106826080656254,0.4887218177318573,0.8721804618835449,0.9229323267936707,0.7322426796135342,0.015895948745310307,0.024792050011456013
492,1.197309863440346,7997.9679255744295,1,0.5460234549228544,0.5671504780844849,1.106826080656254,0.4887218177318573,0.8721804618835449,0.9229323267936707,0.7322426796135342,0.01569054089486599,0.024405663833022118
493,1.197309863440346,7997.9679255744295,1,0.5460234549228544,0.5671504780844849,1.106826080656254,0.4887218177318573,0.8721804618835449,0.9229323267936707,0.7322426796135342,0.015660962089896202,0.024366323836147785
494,1.197309863440346,7997.9679255744295,1,0.5460234549228544,0.5671504780844849,1.106826080656254,0.4887218177318573,0.8721804618835449,0.9229323267936707,0.7322426796135342,0.01557968184351921,0.024237634614109993
495,1.197309863440346,7997.9679255744295,1,0.5460234549228544,0.5671504780844849,1.106826080656254,0.4887218177318573,0.8721804618835449,0.9229323267936707,0.7322426796135342,0.01550270151346922,0.02496766857802868
496,1.197309863440346,7997.9679255744295,1,0.5460234549228544,0.5671504780844849,1.106826080656254,0.4887218177318573,0.8721804618835449,0.9229323267936707,0.7322426796135342,0.01623269636183977,0.02496165968477726
497,1.197309863440346,7997.9679255744295,1,0.5460234549228544,0.5671504780844849,1.106826080656254,0.4887218177318573,0.8721804618835449,0.9229323267936707,0.7322426796135342,0.01564869098365307,0.02442355267703533
498,1.197309863440346,7997.9679255744295,1,0.5460234549228544,0.5671504780844849,1.106826080656254,0.4887218177318573,0.8721804618835449,0.9229323267936707,0.7322426796135342,0.015634432435035706,0.02432805486023426
499,1.197309863440346,7997.9679255744295,1,0.5460234549228544,0.5671504780844849,1.106826080656254,0.4887218177318573,0.8721804618835449,0.9229323267936707,0.7322426796135342,0.015610732138156891,0.02429436519742012
