iteration,loss,lengthscale,outputscale,likelyhood_noise,test_MAE,test_NLL,test_PICP50,test_PICP90,test_PICP95,test_RMSE,it_time_training,it_time
0,1.4283934975374868,2.4331500467235427,1,0.37957464934908636,0.6103547709762949,1.1977998412594923,0.6541353464126587,0.9492481350898743,0.9661654233932495,0.7743871235731976,0.261326452717185,0.29979569371789694
1,1.3758551617449468,2.8328975741545563,1,0.09327433849121608,0.618064699088904,1.2305379600729982,0.5056390762329102,0.8721804618835449,0.9248120188713074,0.7954124715875954,0.01800461020320654,0.02987482864409685
2,1.3489828061938316,2.7134069375314893,1,0.1499566901935659,0.6111139654277661,1.187900001220189,0.5206766724586487,0.902255654335022,0.9417293071746826,0.7832584621748715,0.017460843548178673,0.02942867111414671
3,1.3366266318125701,2.780216034549336,1,0.1623676028580727,0.6099959910890019,1.185320804020217,0.5338345766067505,0.9097744226455688,0.9436089992523193,0.780969757909136,0.017605774104595184,0.029199903830885887
4,1.3327922023127967,3.518346786631927,1,0.24424897526359318,0.5995362382511868,1.1648536857941443,0.5827067494392395,0.9172932505607605,0.951127827167511,0.7653903919669197,0.017629923298954964,0.029180203564465046
5,1.3179791621773027,3.972221290896376,1,0.22995709535053027,0.5973983847701745,1.1632567059682462,0.5620300769805908,0.9172932505607605,0.9454887509346008,0.7620071308835409,0.017803211696445942,0.029366311617195606
6,1.3100912817413013,5.4452458333193,1,0.3049423276604989,0.5875530839926415,1.143492734688053,0.5451127886772156,0.9078947305679321,0.9473684430122375,0.7504052163656816,0.017978510819375515,0.029651429504156113
7,1.2925511834538705,9.17765283358571,1,0.5778103079072902,0.566124189568403,1.1093311118029887,0.5751879811286926,0.9191729426383972,0.9624060392379761,0.7273194746468898,0.018083279952406883,0.027397838421165943
8,1.2664134175468937,12.110803397882437,1,0.5423717092704544,0.5526947733054339,1.0823543602622436,0.5357142686843872,0.9078947305679321,0.9379699230194092,0.7115346664729371,0.014133949764072895,0.023529657162725925
9,1.2366836644883712,13.569110468637112,1,0.5472987106291157,0.5488549490515068,1.0729573038075217,0.5206766724586487,0.902255654335022,0.9398496150970459,0.7045739345611933,0.014247419312596321,0.023453127592802048
10,1.2319814071196344,15.32487940919887,1,0.5794167152923153,0.5443382998980542,1.063861749262312,0.5244361162185669,0.9078947305679321,0.9454887509346008,0.6982792870477036,0.014116491191089153,0.02329448889940977
11,1.2294966176130555,15.849101348399808,1,0.541045017509483,0.542632600073028,1.0624864273463788,0.5150375962257385,0.8984962701797485,0.9417293071746826,0.6969910564815494,0.014606896787881851,0.024049272760748863
12,1.2284294942615281,16.359682256677615,1,0.5606276375663201,0.5416003777936373,1.0605134708040433,0.5263158082962036,0.9003759622573853,0.9436089992523193,0.696061778577188,0.014382769353687763,0.023521117866039276
13,1.2275109555380932,17.134498055824853,1,0.5796280272876855,0.5402787476498246,1.0596171858922772,0.5394737124443054,0.902255654335022,0.9454887509346008,0.6955792788559249,0.014537466689944267,0.023777415975928307
14,1.2262310614598564,17.609949240367936,1,0.5824209322538675,0.5400425594130858,1.0610571862775096,0.5413534045219421,0.9060150384902954,0.9473684430122375,0.6966589105862332,0.014645406045019627,0.02376952674239874
15,1.2254589488180383,17.52296856549762,1,0.5758212351251074,0.5401036629998093,1.0621181840157192,0.530075192451477,0.9041353464126587,0.9473684430122375,0.6974672190390173,0.014174651354551315,0.023034412413835526
16,1.2251797846869896,17.37255908254919,1,0.5696572586642599,0.5400388080133112,1.0623101743091303,0.5225563645362854,0.9060150384902954,0.9473684430122375,0.6976187479739302,0.014109271578490734,0.022871993482112885
17,1.225061021521084,17.305791891186306,1,0.5679222004457319,0.539881981632583,1.0618955294129861,0.5225563645362854,0.9041353464126587,0.9473684430122375,0.6973454913099079,0.0142615782096982,0.023039180785417557
18,1.2249925793965681,17.196316071697968,1,0.567661678610488,0.5393438428286452,1.0604088768183952,0.5225563645362854,0.9041353464126587,0.9454887509346008,0.6963960909464102,0.014325709082186222,0.023087001405656338
19,1.2248277238783833,17.002408615424805,1,0.5691180530129069,0.5385756062111356,1.0586634738710572,0.5244361162185669,0.9060150384902954,0.9454887509346008,0.6953066484665946,0.014461267739534378,0.023257949389517307
20,1.2246347768029482,16.429666186201274,1,0.5692880325037909,0.5376212105446887,1.056855682067183,0.5281955003738403,0.9060150384902954,0.9454887509346008,0.694149400600526,0.014463157393038273,0.023129859939217567
21,1.224385332023104,15.095297916043517,1,0.5693552959525177,0.5363227055486978,1.053935000381375,0.5244361162185669,0.9097744226455688,0.9454887509346008,0.6921816741942368,0.014954392798244953,0.023794025182724
22,1.2239749142849492,13.59873781305668,1,0.5680972080754447,0.5348521910428672,1.0505532939134345,0.5225563645362854,0.9116541147232056,0.9473684430122375,0.6895615615034227,0.01525403093546629,0.024105972610414028
23,1.2236287217254613,13.36123559998786,1,0.5675609907209255,0.5343921770206574,1.050253184598177,0.5263158082962036,0.9116541147232056,0.9473684430122375,0.6890724917698183,0.014763535000383854,0.023412427864968777
24,1.2232539102760829,12.921806135813581,1,0.5629942546901077,0.5337274503033128,1.049911679839612,0.5338345766067505,0.9116541147232056,0.9473684430122375,0.6884716542142479,0.01502357330173254,0.023780125193297863
25,1.222927406141867,12.57092200109651,1,0.554926361972101,0.5338733793701613,1.0509824938004244,0.5338345766067505,0.9078947305679321,0.9473684430122375,0.6885919972643139,0.015185752883553505,0.024004514329135418
26,1.2224332798684554,12.43359285935305,1,0.5511509764823492,0.5337127289544856,1.05049483614692,0.5375939607620239,0.9116541147232056,0.9473684430122375,0.6878839540663835,0.015099242329597473,0.02420670259743929
27,1.2222959181577504,13.559301730271013,1,0.5521110791198529,0.5346293973063314,1.0513313412777132,0.5319548845291138,0.9116541147232056,0.9473684430122375,0.6889606150077489,0.015326270833611488,0.024094313383102417
28,1.2219843504525714,13.643470628487549,1,0.5546820047762508,0.5334843826732466,1.0491214894850418,0.530075192451477,0.9097744226455688,0.9473684430122375,0.6874519417210055,0.015542838722467422,0.02433887030929327
29,1.221832736231244,13.638571939959578,1,0.5532856972941803,0.5335334395306245,1.049710967086441,0.5281955003738403,0.9097744226455688,0.9473684430122375,0.6877419138253241,0.01573662832379341,0.024437010288238525
30,1.221690178331168,13.739007248602864,1,0.5538687867124155,0.5336700028890308,1.0511823225446704,0.5338345766067505,0.9097744226455688,0.9473684430122375,0.6886602159831481,0.015861347317695618,0.024730107747018337
31,1.2215463251704988,13.990970285350476,1,0.5548929721640193,0.5337710202965331,1.0512868325418203,0.5357142686843872,0.9097744226455688,0.9473684430122375,0.6888115607417976,0.015863236971199512,0.024596779607236385
32,1.2215162175948204,14.245173964666662,1,0.5563230906539809,0.5338722091122742,1.0513001842601024,0.5375939607620239,0.9097744226455688,0.9473684430122375,0.6889060746863944,0.015908436849713326,0.024774957448244095
33,1.2214968232019574,14.470317117139436,1,0.5570625277697929,0.5339321849294428,1.051468261554569,0.5357142686843872,0.9135338068008423,0.9473684430122375,0.6890621468275995,0.016172753646969795,0.024950546212494373
34,1.2214772346506453,14.941578058165115,1,0.559351478482496,0.5340317800730371,1.0516872031316313,0.5357142686843872,0.9116541147232056,0.9473684430122375,0.6892551190159237,0.01648647151887417,0.025399022735655308
35,1.2214335596218062,15.556529256345245,1,0.5604862011581399,0.5342247026599527,1.052239288218603,0.530075192451477,0.9078947305679321,0.9473684430122375,0.6896656067914616,0.016539311967790127,0.025272933766245842
36,1.22138566586545,16.588912143812482,1,0.5641781085390684,0.5347348413723527,1.0533344126215411,0.5281955003738403,0.9097744226455688,0.9473684430122375,0.6904862771681919,0.01639164239168167,0.025159494951367378
37,1.2213414047385671,18.052012286039968,1,0.5676908323141608,0.5357125341628602,1.0549930841204864,0.530075192451477,0.9097744226455688,0.9454887509346008,0.6917555837020544,0.0164559418335557,0.02518613450229168
38,1.2213078791671694,19.61387964221761,1,0.570003175249934,0.5366184843930814,1.0565274325885965,0.530075192451477,0.9041353464126587,0.9454887509346008,0.6929615856305782,0.017008998431265354,0.02624551672488451
39,1.2212700612727847,22.68205497194723,1,0.573729640712911,0.5381194359196745,1.058714283346386,0.5338345766067505,0.9003759622573853,0.9436089992523193,0.6946880635466343,0.01662510074675083,0.02538850251585245
40,1.2212083771409108,24.720263740488537,1,0.5738276046755687,0.5391127029543619,1.0596534832341633,0.5357142686843872,0.902255654335022,0.9436089992523193,0.695455335058636,0.016855680383741856,0.025624861009418964
41,1.2211553684747833,24.77176864073213,1,0.5741536379215554,0.5392522044345939,1.0600005566424882,0.5319548845291138,0.902255654335022,0.9436089992523193,0.6957044587543242,0.016959439031779766,0.025654860772192478
42,1.2210989171410518,24.895985714447082,1,0.5747687011342713,0.5394181392191548,1.0601505332196584,0.5319548845291138,0.902255654335022,0.9436089992523193,0.6958415588175749,0.016949407756328583,0.02562815137207508
43,1.2210346241398673,26.66488864166335,1,0.5774676606493837,0.540451024227661,1.0615570802924226,0.5338345766067505,0.902255654335022,0.9436089992523193,0.696964576570146,0.01733869593590498,0.026089347898960114
44,1.2209544416721985,30.279245509005044,1,0.5821357387365677,0.5415900994423553,1.062691657783677,0.530075192451477,0.902255654335022,0.9436089992523193,0.6979806653849665,0.017693333327770233,0.026383046060800552
45,1.2208135490744918,34.87689006755251,1,0.584431038830243,0.5428245263027717,1.0641991436379596,0.5319548845291138,0.9060150384902954,0.9454887509346008,0.6992265826838334,0.017264255322515965,0.02600919734686613
46,1.2206949904470108,40.0384899008841,1,0.5739063255852334,0.5437512417329281,1.065582001800269,0.5281955003738403,0.9041353464126587,0.9417293071746826,0.7003297771033243,0.017894702032208443,0.026803892105817795
47,1.2205892326167234,43.065721904219245,1,0.5798767946693063,0.5441992340427948,1.0658715903356422,0.5263158082962036,0.902255654335022,0.9436089992523193,0.7006745630074176,0.01763980370014906,0.026572364382445812
48,1.2205295674548526,44.52587069112784,1,0.5818153854024148,0.544461936323757,1.0661057344713414,0.5281955003738403,0.9041353464126587,0.9417293071746826,0.7008973520920103,0.01771677378565073,0.026421595364809036
49,1.2205212671042922,45.053915410246084,1,0.5817564280777845,0.5445282049106488,1.0661941708284615,0.5319548845291138,0.9041353464126587,0.9417293071746826,0.7009616935329666,0.017780331894755363,0.026546074077486992
50,1.220520269668579,45.517476949166344,1,0.5816483487815777,0.5445841139552637,1.066267142472092,0.5319548845291138,0.9041353464126587,0.9417293071746826,0.7010104312328764,0.017875281162559986,0.02662908285856247
51,1.2205183955880958,46.5881746618263,1,0.581426339420185,0.5447158900481537,1.0664358331001178,0.5319548845291138,0.9060150384902954,0.9417293071746826,0.7011212015295325,0.018145959824323654,0.026821591891348362
52,1.22051258066026,47.608047153706565,1,0.5812440832824662,0.544843413296416,1.0665838844398774,0.5319548845291138,0.9060150384902954,0.9398496150970459,0.7012194092953492,0.0181147288531065,0.026923131197690964
53,1.2205029811137837,48.96238033505796,1,0.5809452440117042,0.5450190822554764,1.066762188120789,0.530075192451477,0.9060150384902954,0.9398496150970459,0.7013395446063326,0.018231757916510105,0.0269982498139143
54,1.2204767577725308,49.75382662080666,1,0.5804429577415332,0.5451446770824927,1.0668104925968094,0.530075192451477,0.9060150384902954,0.9398496150970459,0.701373853570665,0.019049053080379963,0.02830818109214306
55,1.2204152864685514,48.02516782370411,1,0.5792777734763355,0.5449650138167721,1.0663130365652074,0.530075192451477,0.9041353464126587,0.9379699230194092,0.701039629263537,0.0189544428139925,0.02796026226133108
56,1.2202497938654047,42.45406686312976,1,0.5774005348746529,0.5436031670755911,1.064286905156053,0.5338345766067505,0.9041353464126587,0.9398496150970459,0.6996921049164909,0.025614150799810886,0.03454739227890968
57,1.2199832161100146,46.54408767794651,1,0.5818480895549799,0.5438895168561219,1.0647423771536435,0.5338345766067505,0.9060150384902954,0.9398496150970459,0.7002303113679108,0.019230221398174763,0.028224941343069077
58,1.2198509793241177,52.385191445481766,1,0.585240320971157,0.5448066794509699,1.0655330085218,0.5357142686843872,0.9078947305679321,0.9398496150970459,0.7009842106080327,0.01938143838196993,0.028314629569649696
59,1.219806999465524,53.92019527361209,1,0.5841975883365386,0.5442372357858366,1.0646024500283875,0.5375939607620239,0.9078947305679321,0.9398496150970459,0.7004131685847755,0.01951281912624836,0.02847043890506029
60,1.2197744574249083,55.262937587123204,1,0.5832353806704873,0.5444336651486597,1.06495335121707,0.5375939607620239,0.9078947305679321,0.9398496150970459,0.7006317326222345,0.019581847824156284,0.028514929115772247
61,1.2197515879541871,63.497829220034035,1,0.5818322235526948,0.5448292725797172,1.0656584819596011,0.5338345766067505,0.9078947305679321,0.9379699230194092,0.7010889498295857,0.019564637914299965,0.02842041850090027
62,1.2196984821123573,76.65661278256668,1,0.581916510353442,0.5451405288137205,1.0661625250132307,0.5319548845291138,0.9078947305679321,0.9379699230194092,0.7014140983491712,0.020031235180795193,0.02888948656618595
63,1.2196465701958672,97.71965348970657,1,0.5826716526894569,0.5453727571739617,1.0665458197142552,0.530075192451477,0.9060150384902954,0.9379699230194092,0.7016506564160834,0.01993406657129526,0.028826046735048294
64,1.219590003520687,119.42869594415693,1,0.5834783648706581,0.5455076619926026,1.0667565963759018,0.530075192451477,0.9060150384902954,0.9379699230194092,0.7017832537442843,0.020171353593468666,0.028989925980567932
65,1.219560053543252,139.79838640497832,1,0.5837330392684531,0.5456364870679361,1.06695930807061,0.5281955003738403,0.9060150384902954,0.9360902309417725,0.7019092874908313,0.019996844232082367,0.02874277625232935
66,1.2195472439693953,163.46925060656346,1,0.5838980443563888,0.5457437559804372,1.0671387272169817,0.5281955003738403,0.9060150384902954,0.9360902309417725,0.7020211666245513,0.019674367271363735,0.028434799052774906
67,1.2195385369745508,193.81311070005066,1,0.5837724211914965,0.5458997709385344,1.0674105068280133,0.5281955003738403,0.9060150384902954,0.9360902309417725,0.70219229043283,0.019801557064056396,0.03591436240822077
68,1.2195322672972677,225.50332311395096,1,0.5837430775616096,0.5459703590497329,1.067546536056486,0.5263158082962036,0.9060150384902954,0.9360902309417725,0.7022784029261923,0.021046197041869164,0.030109607614576817
69,1.2195284205547359,260.2202477721096,1,0.5837852123684748,0.5460349705316437,1.0676590735710023,0.5263158082962036,0.9060150384902954,0.9360902309417725,0.7023523509990514,0.020940707996487617,0.02962236013263464
70,1.219526433490402,302.5510800851246,1,0.5837812991803496,0.5460890628612585,1.0677533092595628,0.5263158082962036,0.9060150384902954,0.9360902309417725,0.7024103992623302,0.020090773701667786,0.02889801561832428
71,1.2195250729489855,353.24203828884515,1,0.5838678569493716,0.5461098647211847,1.0677939894809416,0.5263158082962036,0.9060150384902954,0.9360902309417725,0.7024353093996634,0.02030240185558796,0.029107104055583477
72,1.219524193707966,410.00511462061576,1,0.5839252624594219,0.5461386346824763,1.0678411604606395,0.5263158082962036,0.9060150384902954,0.9360902309417725,0.7024645138453993,0.020519621670246124,0.029454371891915798
73,1.2195236640691292,474.5181318387896,1,0.5839302473995917,0.5461520884908773,1.0678700093924252,0.5263158082962036,0.9060150384902954,0.9360902309417725,0.7024818244422117,0.0211833156645298,0.029922707937657833
74,1.2195233490245925,557.7154357085358,1,0.5839900717485692,0.5461764342989249,1.0679006610641104,0.5263158082962036,0.9060150384902954,0.9360902309417725,0.7024997375585519,0.020329591818153858,0.029081284068524837
75,1.2195231479460058,640.4924061377079,1,0.5839588963082045,0.5461858618336624,1.0679274986315417,0.5263158082962036,0.9060150384902954,0.9360902309417725,0.7025178766915269,0.020703649148344994,0.02957375068217516
76,1.219523000748116,744.8840023412441,1,0.5839444049091376,0.5461933766131203,1.0679445197356006,0.5263158082962036,0.9060150384902954,0.9360902309417725,0.7025290613620847,0.02055566105991602,0.029367951676249504
77,1.2195229114145754,865.1291757331554,1,0.5839389534502197,0.5462008861383895,1.067959610576486,0.5263158082962036,0.9060150384902954,0.9360902309417725,0.7025383858238682,0.021184515208005905,0.030248614959418774
78,1.2195228547421304,1017.3688897583579,1,0.583950238256239,0.5462061708194046,1.0679682328739237,0.5263158082962036,0.9060150384902954,0.9360902309417725,0.7025434677701226,0.02109838556498289,0.02970952820032835
79,1.2195228142795524,1201.253602758714,1,0.5839589354679492,0.5462098791156149,1.067974472050558,0.5263158082962036,0.9060150384902954,0.9360902309417725,0.7025472405854005,0.020954307168722153,0.029681339859962463
80,1.219522787641101,1422.3738176438162,1,0.5839641545965233,0.5462124246996808,1.0679786938972229,0.5263158082962036,0.9060150384902954,0.9360902309417725,0.7025498463228379,0.0217183418571949,0.030421514064073563
81,1.2195227702880909,1690.7749270153465,1,0.5839649434217413,0.5462145037655359,1.0679826645675927,0.5263158082962036,0.9060150384902954,0.9360902309417725,0.7025523288206484,0.022290706634521484,0.031032158993184566
82,1.2195227585835475,2021.006875609007,1,0.5839642164536013,0.5462161851876204,1.0679858852397928,0.5263158082962036,0.9060150384902954,0.9360902309417725,0.7025543134347995,0.021359384059906006,0.030130266211926937
83,1.2195227505685196,2424.238397396597,1,0.5839656796179205,0.5462173982686768,1.0679882116066213,0.5263158082962036,0.9060150384902954,0.9360902309417725,0.7025557891365117,0.02161992248147726,0.03034919500350952
84,1.2195227451649007,2918.509354820165,1,0.5839634974862504,0.5462184042296417,1.0679901221844177,0.5263158082962036,0.9060150384902954,0.9360902309417725,0.7025569726006335,0.022169707342982292,0.030985528603196144
85,1.2195227415510135,3519.268882932153,1,0.5839650708148488,0.5462189073524986,1.0679910238690349,0.5263158082962036,0.9060150384902954,0.9360902309417725,0.7025575359157208,0.021823469549417496,0.030972909182310104
86,1.2195227391191472,4260.1399043885785,1,0.583965770967561,0.5462192291484907,1.0679915563559321,0.5263158082962036,0.9060150384902954,0.9360902309417725,0.7025578638186716,0.021944359876215458,0.03075341135263443
87,1.2195227374706037,4260.1399043885785,1,0.583965770967561,0.5462192291484907,1.0679915563559321,0.5263158082962036,0.9060150384902954,0.9360902309417725,0.7025578638186716,0.00598494429141283,0.014727326110005379
88,1.2195227374706037,4260.1399043885785,1,0.583965770967561,0.5462192291484907,1.0679915563559321,0.5263158082962036,0.9060150384902954,0.9360902309417725,0.7025578638186716,0.0059922728687524796,0.014762665145099163
89,1.2195227374706037,4260.1399043885785,1,0.583965770967561,0.5462192291484907,1.0679915563559321,0.5263158082962036,0.9060150384902954,0.9360902309417725,0.7025578638186716,0.005997544154524803,0.014774876646697521
90,1.2195227374706037,4260.1399043885785,1,0.583965770967561,0.5462192291484907,1.0679915563559321,0.5263158082962036,0.9060150384902954,0.9360902309417725,0.7025578638186716,0.006097082979977131,0.015120483003556728
91,1.2195227374706037,4260.1399043885785,1,0.583965770967561,0.5462192291484907,1.0679915563559321,0.5263158082962036,0.9060150384902954,0.9360902309417725,0.7025578638186716,0.005960713140666485,0.014727365225553513
92,1.2195227374706037,4260.1399043885785,1,0.583965770967561,0.5462192291484907,1.0679915563559321,0.5263158082962036,0.9060150384902954,0.9360902309417725,0.7025578638186716,0.005977173335850239,0.014680355787277222
93,1.2195227374706037,4260.1399043885785,1,0.583965770967561,0.5462192291484907,1.0679915563559321,0.5263158082962036,0.9060150384902954,0.9360902309417725,0.7025578638186716,0.00603876356035471,0.01483361516147852
94,1.2195227374706037,4260.1399043885785,1,0.583965770967561,0.5462192291484907,1.0679915563559321,0.5263158082962036,0.9060150384902954,0.9360902309417725,0.7025578638186716,0.005955063737928867,0.01469238568097353
95,1.2195227374706037,4260.1399043885785,1,0.583965770967561,0.5462192291484907,1.0679915563559321,0.5263158082962036,0.9060150384902954,0.9360902309417725,0.7025578638186716,0.005985913798213005,0.014717006124556065
96,1.2195227374706037,4260.1399043885785,1,0.583965770967561,0.5462192291484907,1.0679915563559321,0.5263158082962036,0.9060150384902954,0.9360902309417725,0.7025578638186716,0.005963744595646858,0.014913625083863735
97,1.2195227374706037,4260.1399043885785,1,0.583965770967561,0.5462192291484907,1.0679915563559321,0.5263158082962036,0.9060150384902954,0.9360902309417725,0.7025578638186716,0.005966502241790295,0.014902723953127861
98,1.2195227374706037,4260.1399043885785,1,0.583965770967561,0.5462192291484907,1.0679915563559321,0.5263158082962036,0.9060150384902954,0.9360902309417725,0.7025578638186716,0.005969453603029251,0.01478288508951664
99,1.2195227374706037,4260.1399043885785,1,0.583965770967561,0.5462192291484907,1.0679915563559321,0.5263158082962036,0.9060150384902954,0.9360902309417725,0.7025578638186716,0.00596795417368412,0.014968453906476498
100,1.2195227374706037,4260.1399043885785,1,0.583965770967561,0.5462192291484907,1.0679915563559321,0.5263158082962036,0.9060150384902954,0.9360902309417725,0.7025578638186716,0.005980842746794224,0.01472367625683546
101,1.2195227374706037,4260.1399043885785,1,0.583965770967561,0.5462192291484907,1.0679915563559321,0.5263158082962036,0.9060150384902954,0.9360902309417725,0.7025578638186716,0.005967414006590843,0.014707076363265514
102,1.2195227374706037,4260.1399043885785,1,0.583965770967561,0.5462192291484907,1.0679915563559321,0.5263158082962036,0.9060150384902954,0.9360902309417725,0.7025578638186716,0.005989302881062031,0.01475643552839756
103,1.2195227374706037,4260.1399043885785,1,0.583965770967561,0.5462192291484907,1.0679915563559321,0.5263158082962036,0.9060150384902954,0.9360902309417725,0.7025578638186716,0.0060028936713933945,0.01475190557539463
104,1.2195227374706037,4260.1399043885785,1,0.583965770967561,0.5462192291484907,1.0679915563559321,0.5263158082962036,0.9060150384902954,0.9360902309417725,0.7025578638186716,0.005977343767881393,0.014710265211760998
105,1.2195227374706037,4260.1399043885785,1,0.583965770967561,0.5462192291484907,1.0679915563559321,0.5263158082962036,0.9060150384902954,0.9360902309417725,0.7025578638186716,0.006106683053076267,0.015057362616062164
106,1.2195227374706037,4260.1399043885785,1,0.583965770967561,0.5462192291484907,1.0679915563559321,0.5263158082962036,0.9060150384902954,0.9360902309417725,0.7025578638186716,0.0060148825868964195,0.014903583563864231
107,1.2195227374706037,4260.1399043885785,1,0.583965770967561,0.5462192291484907,1.0679915563559321,0.5263158082962036,0.9060150384902954,0.9360902309417725,0.7025578638186716,0.0060358429327607155,0.014780554920434952
108,1.2195227374706037,4260.1399043885785,1,0.583965770967561,0.5462192291484907,1.0679915563559321,0.5263158082962036,0.9060150384902954,0.9360902309417725,0.7025578638186716,0.005977913737297058,0.014711885713040829
109,1.2195227374706037,4260.1399043885785,1,0.583965770967561,0.5462192291484907,1.0679915563559321,0.5263158082962036,0.9060150384902954,0.9360902309417725,0.7025578638186716,0.0059805940836668015,0.014675017446279526
110,1.2195227374706037,4260.1399043885785,1,0.583965770967561,0.5462192291484907,1.0679915563559321,0.5263158082962036,0.9060150384902954,0.9360902309417725,0.7025578638186716,0.005982273258268833,0.014683845452964306
111,1.2195227374706037,4260.1399043885785,1,0.583965770967561,0.5462192291484907,1.0679915563559321,0.5263158082962036,0.9060150384902954,0.9360902309417725,0.7025578638186716,0.006083793006837368,0.014840914867818356
112,1.2195227374706037,4260.1399043885785,1,0.583965770967561,0.5462192291484907,1.0679915563559321,0.5263158082962036,0.9060150384902954,0.9360902309417725,0.7025578638186716,0.006294340826570988,0.01516721211373806
113,1.2195227374706037,4260.1399043885785,1,0.583965770967561,0.5462192291484907,1.0679915563559321,0.5263158082962036,0.9060150384902954,0.9360902309417725,0.7025578638186716,0.006004324182868004,0.01474702637642622
114,1.2195227374706037,4260.1399043885785,1,0.583965770967561,0.5462192291484907,1.0679915563559321,0.5263158082962036,0.9060150384902954,0.9360902309417725,0.7025578638186716,0.0062561118975281715,0.01539304107427597
115,1.2195227374706037,4260.1399043885785,1,0.583965770967561,0.5462192291484907,1.0679915563559321,0.5263158082962036,0.9060150384902954,0.9360902309417725,0.7025578638186716,0.005994864739477634,0.014742226339876652
116,1.2195227374706037,4260.1399043885785,1,0.583965770967561,0.5462192291484907,1.0679915563559321,0.5263158082962036,0.9060150384902954,0.9360902309417725,0.7025578638186716,0.005970924161374569,0.01469192560762167
117,1.2195227374706037,4260.1399043885785,1,0.583965770967561,0.5462192291484907,1.0679915563559321,0.5263158082962036,0.9060150384902954,0.9360902309417725,0.7025578638186716,0.006029932759702206,0.01487717404961586
118,1.2195227374706037,4260.1399043885785,1,0.583965770967561,0.5462192291484907,1.0679915563559321,0.5263158082962036,0.9060150384902954,0.9360902309417725,0.7025578638186716,0.005979073233902454,0.014722486026585102
119,1.2195227374706037,4260.1399043885785,1,0.583965770967561,0.5462192291484907,1.0679915563559321,0.5263158082962036,0.9060150384902954,0.9360902309417725,0.7025578638186716,0.00596169289201498,0.014716114848852158
120,1.2195227374706037,4260.1399043885785,1,0.583965770967561,0.5462192291484907,1.0679915563559321,0.5263158082962036,0.9060150384902954,0.9360902309417725,0.7025578638186716,0.006023054011166096,0.014917124062776566
121,1.2195227374706037,4260.1399043885785,1,0.583965770967561,0.5462192291484907,1.0679915563559321,0.5263158082962036,0.9060150384902954,0.9360902309417725,0.7025578638186716,0.006024433299899101,0.015136032365262508
122,1.2195227374706037,4260.1399043885785,1,0.583965770967561,0.5462192291484907,1.0679915563559321,0.5263158082962036,0.9060150384902954,0.9360902309417725,0.7025578638186716,0.0061962418258190155,0.015080053359270096
123,1.2195227374706037,4260.1399043885785,1,0.583965770967561,0.5462192291484907,1.0679915563559321,0.5263158082962036,0.9060150384902954,0.9360902309417725,0.7025578638186716,0.005952073261141777,0.014721916057169437
124,1.2195227374706037,4260.1399043885785,1,0.583965770967561,0.5462192291484907,1.0679915563559321,0.5263158082962036,0.9060150384902954,0.9360902309417725,0.7025578638186716,0.005961534567177296,0.014686916023492813
125,1.2195227374706037,4260.1399043885785,1,0.583965770967561,0.5462192291484907,1.0679915563559321,0.5263158082962036,0.9060150384902954,0.9360902309417725,0.7025578638186716,0.0059450538828969,0.014640206471085548
126,1.2195227374706037,4260.1399043885785,1,0.583965770967561,0.5462192291484907,1.0679915563559321,0.5263158082962036,0.9060150384902954,0.9360902309417725,0.7025578638186716,0.005992372520267963,0.01471557468175888
127,1.2195227374706037,4260.1399043885785,1,0.583965770967561,0.5462192291484907,1.0679915563559321,0.5263158082962036,0.9060150384902954,0.9360902309417725,0.7025578638186716,0.005980582907795906,0.014786304906010628
128,1.2195227374706037,4260.1399043885785,1,0.583965770967561,0.5462192291484907,1.0679915563559321,0.5263158082962036,0.9060150384902954,0.9360902309417725,0.7025578638186716,0.006003593094646931,0.014913554303348064
129,1.2195227374706037,4260.1399043885785,1,0.583965770967561,0.5462192291484907,1.0679915563559321,0.5263158082962036,0.9060150384902954,0.9360902309417725,0.7025578638186716,0.00613799225538969,0.01491539366543293
130,1.2195227374706037,4260.1399043885785,1,0.583965770967561,0.5462192291484907,1.0679915563559321,0.5263158082962036,0.9060150384902954,0.9360902309417725,0.7025578638186716,0.0060339430347085,0.014989323914051056
131,1.2195227374706037,4260.1399043885785,1,0.583965770967561,0.5462192291484907,1.0679915563559321,0.5263158082962036,0.9060150384902954,0.9360902309417725,0.7025578638186716,0.005984023213386536,0.014729715883731842
132,1.2195227374706037,4260.1399043885785,1,0.583965770967561,0.5462192291484907,1.0679915563559321,0.5263158082962036,0.9060150384902954,0.9360902309417725,0.7025578638186716,0.0059732431545853615,0.01468130573630333
133,1.2195227374706037,4260.1399043885785,1,0.583965770967561,0.5462192291484907,1.0679915563559321,0.5263158082962036,0.9060150384902954,0.9360902309417725,0.7025578638186716,0.00600989256054163,0.01490769349038601
134,1.2195227374706037,4260.1399043885785,1,0.583965770967561,0.5462192291484907,1.0679915563559321,0.5263158082962036,0.9060150384902954,0.9360902309417725,0.7025578638186716,0.006011044606566429,0.01492154411971569
135,1.2195227374706037,4260.1399043885785,1,0.583965770967561,0.5462192291484907,1.0679915563559321,0.5263158082962036,0.9060150384902954,0.9360902309417725,0.7025578638186716,0.006156423129141331,0.014947493560612202
136,1.2195227374706037,4260.1399043885785,1,0.583965770967561,0.5462192291484907,1.0679915563559321,0.5263158082962036,0.9060150384902954,0.9360902309417725,0.7025578638186716,0.006340980529785156,0.01503700390458107
137,1.2195227374706037,4260.1399043885785,1,0.583965770967561,0.5462192291484907,1.0679915563559321,0.5263158082962036,0.9060150384902954,0.9360902309417725,0.7025578638186716,0.0059437742456793785,0.014648077078163624
138,1.2195227374706037,4260.1399043885785,1,0.583965770967561,0.5462192291484907,1.0679915563559321,0.5263158082962036,0.9060150384902954,0.9360902309417725,0.7025578638186716,0.005954064428806305,0.014670186676084995
139,1.2195227374706037,4260.1399043885785,1,0.583965770967561,0.5462192291484907,1.0679915563559321,0.5263158082962036,0.9060150384902954,0.9360902309417725,0.7025578638186716,0.005992583930492401,0.014692885801196098
140,1.2195227374706037,4260.1399043885785,1,0.583965770967561,0.5462192291484907,1.0679915563559321,0.5263158082962036,0.9060150384902954,0.9360902309417725,0.7025578638186716,0.005918835289776325,0.014673987403512001
141,1.2195227374706037,4260.1399043885785,1,0.583965770967561,0.5462192291484907,1.0679915563559321,0.5263158082962036,0.9060150384902954,0.9360902309417725,0.7025578638186716,0.005947653204202652,0.014750545844435692
142,1.2195227374706037,4260.1399043885785,1,0.583965770967561,0.5462192291484907,1.0679915563559321,0.5263158082962036,0.9060150384902954,0.9360902309417725,0.7025578638186716,0.006112502887845039,0.014702565968036652
143,1.2195227374706037,4260.1399043885785,1,0.583965770967561,0.5462192291484907,1.0679915563559321,0.5263158082962036,0.9060150384902954,0.9360902309417725,0.7025578638186716,0.005956554785370827,0.01470449659973383
144,1.2195227374706037,4260.1399043885785,1,0.583965770967561,0.5462192291484907,1.0679915563559321,0.5263158082962036,0.9060150384902954,0.9360902309417725,0.7025578638186716,0.005955912172794342,0.014715025201439857
145,1.2195227374706037,4260.1399043885785,1,0.583965770967561,0.5462192291484907,1.0679915563559321,0.5263158082962036,0.9060150384902954,0.9360902309417725,0.7025578638186716,0.006013094447553158,0.014683996327221394
146,1.2195227374706037,4260.1399043885785,1,0.583965770967561,0.5462192291484907,1.0679915563559321,0.5263158082962036,0.9060150384902954,0.9360902309417725,0.7025578638186716,0.005879893898963928,0.014509767293930054
147,1.2195227374706037,4260.1399043885785,1,0.583965770967561,0.5462192291484907,1.0679915563559321,0.5263158082962036,0.9060150384902954,0.9360902309417725,0.7025578638186716,0.0059534041211009026,0.014692266471683979
148,1.2195227374706037,4260.1399043885785,1,0.583965770967561,0.5462192291484907,1.0679915563559321,0.5263158082962036,0.9060150384902954,0.9360902309417725,0.7025578638186716,0.006123492494225502,0.014817465096712112
149,1.2195227374706037,4260.1399043885785,1,0.583965770967561,0.5462192291484907,1.0679915563559321,0.5263158082962036,0.9060150384902954,0.9360902309417725,0.7025578638186716,0.0060169631615281105,0.015185262076556683
150,1.2195227374706037,4260.1399043885785,1,0.583965770967561,0.5462192291484907,1.0679915563559321,0.5263158082962036,0.9060150384902954,0.9360902309417725,0.7025578638186716,0.005918044596910477,0.014558116905391216
151,1.2195227374706037,4260.1399043885785,1,0.583965770967561,0.5462192291484907,1.0679915563559321,0.5263158082962036,0.9060150384902954,0.9360902309417725,0.7025578638186716,0.005999833345413208,0.01469371560961008
152,1.2195227374706037,4260.1399043885785,1,0.583965770967561,0.5462192291484907,1.0679915563559321,0.5263158082962036,0.9060150384902954,0.9360902309417725,0.7025578638186716,0.005931803956627846,0.014642116613686085
153,1.2195227374706037,4260.1399043885785,1,0.583965770967561,0.5462192291484907,1.0679915563559321,0.5263158082962036,0.9060150384902954,0.9360902309417725,0.7025578638186716,0.005962233059108257,0.014664446003735065
154,1.2195227374706037,4260.1399043885785,1,0.583965770967561,0.5462192291484907,1.0679915563559321,0.5263158082962036,0.9060150384902954,0.9360902309417725,0.7025578638186716,0.0060460325330495834,0.014704945497214794
155,1.2195227374706037,4260.1399043885785,1,0.583965770967561,0.5462192291484907,1.0679915563559321,0.5263158082962036,0.9060150384902954,0.9360902309417725,0.7025578638186716,0.006137813441455364,0.014896715059876442
156,1.2195227374706037,4260.1399043885785,1,0.583965770967561,0.5462192291484907,1.0679915563559321,0.5263158082962036,0.9060150384902954,0.9360902309417725,0.7025578638186716,0.005967942997813225,0.014701105654239655
157,1.2195227374706037,4260.1399043885785,1,0.583965770967561,0.5462192291484907,1.0679915563559321,0.5263158082962036,0.9060150384902954,0.9360902309417725,0.7025578638186716,0.0059562744572758675,0.014974623918533325
158,1.2195227374706037,4260.1399043885785,1,0.583965770967561,0.5462192291484907,1.0679915563559321,0.5263158082962036,0.9060150384902954,0.9360902309417725,0.7025578638186716,0.006043633446097374,0.014814095571637154
159,1.2195227374706037,4260.1399043885785,1,0.583965770967561,0.5462192291484907,1.0679915563559321,0.5263158082962036,0.9060150384902954,0.9360902309417725,0.7025578638186716,0.0059684328734874725,0.01478173490613699
160,1.2195227374706037,4260.1399043885785,1,0.583965770967561,0.5462192291484907,1.0679915563559321,0.5263158082962036,0.9060150384902954,0.9360902309417725,0.7025578638186716,0.005996223539113998,0.014874025247991085
161,1.2195227374706037,4260.1399043885785,1,0.583965770967561,0.5462192291484907,1.0679915563559321,0.5263158082962036,0.9060150384902954,0.9360902309417725,0.7025578638186716,0.0060185631737113,0.014941644854843616
162,1.2195227374706037,4260.1399043885785,1,0.583965770967561,0.5462192291484907,1.0679915563559321,0.5263158082962036,0.9060150384902954,0.9360902309417725,0.7025578638186716,0.0059718238189816475,0.01473192498087883
163,1.2195227374706037,4260.1399043885785,1,0.583965770967561,0.5462192291484907,1.0679915563559321,0.5263158082962036,0.9060150384902954,0.9360902309417725,0.7025578638186716,0.005902823992073536,0.015042402781546116
164,1.2195227374706037,4260.1399043885785,1,0.583965770967561,0.5462192291484907,1.0679915563559321,0.5263158082962036,0.9060150384902954,0.9360902309417725,0.7025578638186716,0.0059764329344034195,0.014866223558783531
165,1.2195227374706037,4260.1399043885785,1,0.583965770967561,0.5462192291484907,1.0679915563559321,0.5263158082962036,0.9060150384902954,0.9360902309417725,0.7025578638186716,0.005998413078486919,0.015188181772828102
166,1.2195227374706037,4260.1399043885785,1,0.583965770967561,0.5462192291484907,1.0679915563559321,0.5263158082962036,0.9060150384902954,0.9360902309417725,0.7025578638186716,0.005951964296400547,0.014726916328072548
167,1.2195227374706037,4260.1399043885785,1,0.583965770967561,0.5462192291484907,1.0679915563559321,0.5263158082962036,0.9060150384902954,0.9360902309417725,0.7025578638186716,0.0060117729008197784,0.014976964332163334
168,1.2195227374706037,4260.1399043885785,1,0.583965770967561,0.5462192291484907,1.0679915563559321,0.5263158082962036,0.9060150384902954,0.9360902309417725,0.7025578638186716,0.0060381535440683365,0.014845025725662708
169,1.2195227374706037,4260.1399043885785,1,0.583965770967561,0.5462192291484907,1.0679915563559321,0.5263158082962036,0.9060150384902954,0.9360902309417725,0.7025578638186716,0.00603142287582159,0.014891323633491993
170,1.2195227374706037,4260.1399043885785,1,0.583965770967561,0.5462192291484907,1.0679915563559321,0.5263158082962036,0.9060150384902954,0.9360902309417725,0.7025578638186716,0.005944743752479553,0.014775765128433704
171,1.2195227374706037,4260.1399043885785,1,0.583965770967561,0.5462192291484907,1.0679915563559321,0.5263158082962036,0.9060150384902954,0.9360902309417725,0.7025578638186716,0.005999493412673473,0.015032723546028137
172,1.2195227374706037,4260.1399043885785,1,0.583965770967561,0.5462192291484907,1.0679915563559321,0.5263158082962036,0.9060150384902954,0.9360902309417725,0.7025578638186716,0.005920033901929855,0.015069332905113697
173,1.2195227374706037,4260.1399043885785,1,0.583965770967561,0.5462192291484907,1.0679915563559321,0.5263158082962036,0.9060150384902954,0.9360902309417725,0.7025578638186716,0.006026064045727253,0.014899925328791142
174,1.2195227374706037,4260.1399043885785,1,0.583965770967561,0.5462192291484907,1.0679915563559321,0.5263158082962036,0.9060150384902954,0.9360902309417725,0.7025578638186716,0.0060261934995651245,0.014924994669854641
175,1.2195227374706037,4260.1399043885785,1,0.583965770967561,0.5462192291484907,1.0679915563559321,0.5263158082962036,0.9060150384902954,0.9360902309417725,0.7025578638186716,0.006027473136782646,0.015275832265615463
176,1.2195227374706037,4260.1399043885785,1,0.583965770967561,0.5462192291484907,1.0679915563559321,0.5263158082962036,0.9060150384902954,0.9360902309417725,0.7025578638186716,0.005939883179962635,0.014814064837992191
177,1.2195227374706037,4260.1399043885785,1,0.583965770967561,0.5462192291484907,1.0679915563559321,0.5263158082962036,0.9060150384902954,0.9360902309417725,0.7025578638186716,0.006001392379403114,0.01484596449881792
178,1.2195227374706037,4260.1399043885785,1,0.583965770967561,0.5462192291484907,1.0679915563559321,0.5263158082962036,0.9060150384902954,0.9360902309417725,0.7025578638186716,0.0059852637350559235,0.014873825013637543
179,1.2195227374706037,4260.1399043885785,1,0.583965770967561,0.5462192291484907,1.0679915563559321,0.5263158082962036,0.9060150384902954,0.9360902309417725,0.7025578638186716,0.006046382710337639,0.014942053705453873
180,1.2195227374706037,4260.1399043885785,1,0.583965770967561,0.5462192291484907,1.0679915563559321,0.5263158082962036,0.9060150384902954,0.9360902309417725,0.7025578638186716,0.005996213294565678,0.014737965539097786
181,1.2195227374706037,4260.1399043885785,1,0.583965770967561,0.5462192291484907,1.0679915563559321,0.5263158082962036,0.9060150384902954,0.9360902309417725,0.7025578638186716,0.006015922874212265,0.015438389964401722
182,1.2195227374706037,4260.1399043885785,1,0.583965770967561,0.5462192291484907,1.0679915563559321,0.5263158082962036,0.9060150384902954,0.9360902309417725,0.7025578638186716,0.0060077328234910965,0.014811335131525993
183,1.2195227374706037,4260.1399043885785,1,0.583965770967561,0.5462192291484907,1.0679915563559321,0.5263158082962036,0.9060150384902954,0.9360902309417725,0.7025578638186716,0.0060439445078372955,0.014979624189436436
184,1.2195227374706037,4260.1399043885785,1,0.583965770967561,0.5462192291484907,1.0679915563559321,0.5263158082962036,0.9060150384902954,0.9360902309417725,0.7025578638186716,0.005936724133789539,0.014645966701209545
185,1.2195227374706037,4260.1399043885785,1,0.583965770967561,0.5462192291484907,1.0679915563559321,0.5263158082962036,0.9060150384902954,0.9360902309417725,0.7025578638186716,0.0059702834114432335,0.015072183683514595
186,1.2195227374706037,4260.1399043885785,1,0.583965770967561,0.5462192291484907,1.0679915563559321,0.5263158082962036,0.9060150384902954,0.9360902309417725,0.7025578638186716,0.00593914370983839,0.014615106396377087
187,1.2195227374706037,4260.1399043885785,1,0.583965770967561,0.5462192291484907,1.0679915563559321,0.5263158082962036,0.9060150384902954,0.9360902309417725,0.7025578638186716,0.006001822650432587,0.014882033690810204
188,1.2195227374706037,4260.1399043885785,1,0.583965770967561,0.5462192291484907,1.0679915563559321,0.5263158082962036,0.9060150384902954,0.9360902309417725,0.7025578638186716,0.0059927236288785934,0.014707615599036217
189,1.2195227374706037,4260.1399043885785,1,0.583965770967561,0.5462192291484907,1.0679915563559321,0.5263158082962036,0.9060150384902954,0.9360902309417725,0.7025578638186716,0.006006833165884018,0.015034903772175312
190,1.2195227374706037,4260.1399043885785,1,0.583965770967561,0.5462192291484907,1.0679915563559321,0.5263158082962036,0.9060150384902954,0.9360902309417725,0.7025578638186716,0.005937113426625729,0.015190131962299347
191,1.2195227374706037,4260.1399043885785,1,0.583965770967561,0.5462192291484907,1.0679915563559321,0.5263158082962036,0.9060150384902954,0.9360902309417725,0.7025578638186716,0.005902743898332119,0.014621317386627197
192,1.2195227374706037,4260.1399043885785,1,0.583965770967561,0.5462192291484907,1.0679915563559321,0.5263158082962036,0.9060150384902954,0.9360902309417725,0.7025578638186716,0.005978683941066265,0.014606897719204426
193,1.2195227374706037,4260.1399043885785,1,0.583965770967561,0.5462192291484907,1.0679915563559321,0.5263158082962036,0.9060150384902954,0.9360902309417725,0.7025578638186716,0.005935664288699627,0.014657387509942055
194,1.2195227374706037,4260.1399043885785,1,0.583965770967561,0.5462192291484907,1.0679915563559321,0.5263158082962036,0.9060150384902954,0.9360902309417725,0.7025578638186716,0.005949903279542923,0.014692636206746101
195,1.2195227374706037,4260.1399043885785,1,0.583965770967561,0.5462192291484907,1.0679915563559321,0.5263158082962036,0.9060150384902954,0.9360902309417725,0.7025578638186716,0.006003412418067455,0.014956723898649216
196,1.2195227374706037,4260.1399043885785,1,0.583965770967561,0.5462192291484907,1.0679915563559321,0.5263158082962036,0.9060150384902954,0.9360902309417725,0.7025578638186716,0.005905834026634693,0.014703435823321342
197,1.2195227374706037,4260.1399043885785,1,0.583965770967561,0.5462192291484907,1.0679915563559321,0.5263158082962036,0.9060150384902954,0.9360902309417725,0.7025578638186716,0.005946384742856026,0.014678196050226688
198,1.2195227374706037,4260.1399043885785,1,0.583965770967561,0.5462192291484907,1.0679915563559321,0.5263158082962036,0.9060150384902954,0.9360902309417725,0.7025578638186716,0.0060728928074240685,0.014741065911948681
199,1.2195227374706037,4260.1399043885785,1,0.583965770967561,0.5462192291484907,1.0679915563559321,0.5263158082962036,0.9060150384902954,0.9360902309417725,0.7025578638186716,0.00596950389444828,0.014710266143083572
200,1.2195227374706037,4260.1399043885785,1,0.583965770967561,0.5462192291484907,1.0679915563559321,0.5263158082962036,0.9060150384902954,0.9360902309417725,0.7025578638186716,0.006167571991682053,0.014785625040531158
201,1.2195227374706037,4260.1399043885785,1,0.583965770967561,0.5462192291484907,1.0679915563559321,0.5263158082962036,0.9060150384902954,0.9360902309417725,0.7025578638186716,0.005870765075087547,0.014490777626633644
202,1.2195227374706037,4260.1399043885785,1,0.583965770967561,0.5462192291484907,1.0679915563559321,0.5263158082962036,0.9060150384902954,0.9360902309417725,0.7025578638186716,0.0059690531343221664,0.015096643008291721
203,1.2195227374706037,4260.1399043885785,1,0.583965770967561,0.5462192291484907,1.0679915563559321,0.5263158082962036,0.9060150384902954,0.9360902309417725,0.7025578638186716,0.006094392389059067,0.014896084554493427
204,1.2195227374706037,4260.1399043885785,1,0.583965770967561,0.5462192291484907,1.0679915563559321,0.5263158082962036,0.9060150384902954,0.9360902309417725,0.7025578638186716,0.0060192737728357315,0.014984074048697948
205,1.2195227374706037,4260.1399043885785,1,0.583965770967561,0.5462192291484907,1.0679915563559321,0.5263158082962036,0.9060150384902954,0.9360902309417725,0.7025578638186716,0.006036902777850628,0.015002553351223469
206,1.2195227374706037,4260.1399043885785,1,0.583965770967561,0.5462192291484907,1.0679915563559321,0.5263158082962036,0.9060150384902954,0.9360902309417725,0.7025578638186716,0.006294321268796921,0.015101563185453415
207,1.2195227374706037,4260.1399043885785,1,0.583965770967561,0.5462192291484907,1.0679915563559321,0.5263158082962036,0.9060150384902954,0.9360902309417725,0.7025578638186716,0.005975542590022087,0.014707855880260468
208,1.2195227374706037,4260.1399043885785,1,0.583965770967561,0.5462192291484907,1.0679915563559321,0.5263158082962036,0.9060150384902954,0.9360902309417725,0.7025578638186716,0.00595441460609436,0.01467906590551138
209,1.2195227374706037,4260.1399043885785,1,0.583965770967561,0.5462192291484907,1.0679915563559321,0.5263158082962036,0.9060150384902954,0.9360902309417725,0.7025578638186716,0.006837636232376099,0.015764456242322922
210,1.2195227374706037,4260.1399043885785,1,0.583965770967561,0.5462192291484907,1.0679915563559321,0.5263158082962036,0.9060150384902954,0.9360902309417725,0.7025578638186716,0.006017282605171204,0.014842875301837921
211,1.2195227374706037,4260.1399043885785,1,0.583965770967561,0.5462192291484907,1.0679915563559321,0.5263158082962036,0.9060150384902954,0.9360902309417725,0.7025578638186716,0.006060113199055195,0.015048743225634098
212,1.2195227374706037,4260.1399043885785,1,0.583965770967561,0.5462192291484907,1.0679915563559321,0.5263158082962036,0.9060150384902954,0.9360902309417725,0.7025578638186716,0.0058403052389621735,0.01442931778728962
213,1.2195227374706037,4260.1399043885785,1,0.583965770967561,0.5462192291484907,1.0679915563559321,0.5263158082962036,0.9060150384902954,0.9360902309417725,0.7025578638186716,0.0059308139607310295,0.014669345691800117
214,1.2195227374706037,4260.1399043885785,1,0.583965770967561,0.5462192291484907,1.0679915563559321,0.5263158082962036,0.9060150384902954,0.9360902309417725,0.7025578638186716,0.005980033427476883,0.01472084503620863
215,1.2195227374706037,4260.1399043885785,1,0.583965770967561,0.5462192291484907,1.0679915563559321,0.5263158082962036,0.9060150384902954,0.9360902309417725,0.7025578638186716,0.006007642485201359,0.014756444841623306
216,1.2195227374706037,4260.1399043885785,1,0.583965770967561,0.5462192291484907,1.0679915563559321,0.5263158082962036,0.9060150384902954,0.9360902309417725,0.7025578638186716,0.005955014377832413,0.014674607664346695
217,1.2195227374706037,4260.1399043885785,1,0.583965770967561,0.5462192291484907,1.0679915563559321,0.5263158082962036,0.9060150384902954,0.9360902309417725,0.7025578638186716,0.005954393185675144,0.014874343760311604
218,1.2195227374706037,4260.1399043885785,1,0.583965770967561,0.5462192291484907,1.0679915563559321,0.5263158082962036,0.9060150384902954,0.9360902309417725,0.7025578638186716,0.006191210821270943,0.015165712684392929
219,1.2195227374706037,4260.1399043885785,1,0.583965770967561,0.5462192291484907,1.0679915563559321,0.5263158082962036,0.9060150384902954,0.9360902309417725,0.7025578638186716,0.005971493199467659,0.014726655557751656
220,1.2195227374706037,4260.1399043885785,1,0.583965770967561,0.5462192291484907,1.0679915563559321,0.5263158082962036,0.9060150384902954,0.9360902309417725,0.7025578638186716,0.005964453332126141,0.01470283605158329
221,1.2195227374706037,4260.1399043885785,1,0.583965770967561,0.5462192291484907,1.0679915563559321,0.5263158082962036,0.9060150384902954,0.9360902309417725,0.7025578638186716,0.00591692328453064,0.014540276490151882
222,1.2195227374706037,4260.1399043885785,1,0.583965770967561,0.5462192291484907,1.0679915563559321,0.5263158082962036,0.9060150384902954,0.9360902309417725,0.7025578638186716,0.006029672920703888,0.014737095683813095
223,1.2195227374706037,4260.1399043885785,1,0.583965770967561,0.5462192291484907,1.0679915563559321,0.5263158082962036,0.9060150384902954,0.9360902309417725,0.7025578638186716,0.005957853049039841,0.014741304330527782
224,1.2195227374706037,4260.1399043885785,1,0.583965770967561,0.5462192291484907,1.0679915563559321,0.5263158082962036,0.9060150384902954,0.9360902309417725,0.7025578638186716,0.005967672914266586,0.014696666039526463
225,1.2195227374706037,4260.1399043885785,1,0.583965770967561,0.5462192291484907,1.0679915563559321,0.5263158082962036,0.9060150384902954,0.9360902309417725,0.7025578638186716,0.006094353273510933,0.014976823702454567
226,1.2195227374706037,4260.1399043885785,1,0.583965770967561,0.5462192291484907,1.0679915563559321,0.5263158082962036,0.9060150384902954,0.9360902309417725,0.7025578638186716,0.0060265930369496346,0.01474770437926054
227,1.2195227374706037,4260.1399043885785,1,0.583965770967561,0.5462192291484907,1.0679915563559321,0.5263158082962036,0.9060150384902954,0.9360902309417725,0.7025578638186716,0.005975422449409962,0.014747424982488155
228,1.2195227374706037,4260.1399043885785,1,0.583965770967561,0.5462192291484907,1.0679915563559321,0.5263158082962036,0.9060150384902954,0.9360902309417725,0.7025578638186716,0.005965943448245525,0.014762195758521557
229,1.2195227374706037,4260.1399043885785,1,0.583965770967561,0.5462192291484907,1.0679915563559321,0.5263158082962036,0.9060150384902954,0.9360902309417725,0.7025578638186716,0.006015384569764137,0.014748496003448963
230,1.2195227374706037,4260.1399043885785,1,0.583965770967561,0.5462192291484907,1.0679915563559321,0.5263158082962036,0.9060150384902954,0.9360902309417725,0.7025578638186716,0.005943372845649719,0.014645085670053959
231,1.2195227374706037,4260.1399043885785,1,0.583965770967561,0.5462192291484907,1.0679915563559321,0.5263158082962036,0.9060150384902954,0.9360902309417725,0.7025578638186716,0.005970034748315811,0.014750506728887558
232,1.2195227374706037,4260.1399043885785,1,0.583965770967561,0.5462192291484907,1.0679915563559321,0.5263158082962036,0.9060150384902954,0.9360902309417725,0.7025578638186716,0.005969693884253502,0.014904074370861053
233,1.2195227374706037,4260.1399043885785,1,0.583965770967561,0.5462192291484907,1.0679915563559321,0.5263158082962036,0.9060150384902954,0.9360902309417725,0.7025578638186716,0.005957203917205334,0.014679216779768467
234,1.2195227374706037,4260.1399043885785,1,0.583965770967561,0.5462192291484907,1.0679915563559321,0.5263158082962036,0.9060150384902954,0.9360902309417725,0.7025578638186716,0.005973692983388901,0.014739266596734524
235,1.2195227374706037,4260.1399043885785,1,0.583965770967561,0.5462192291484907,1.0679915563559321,0.5263158082962036,0.9060150384902954,0.9360902309417725,0.7025578638186716,0.0059746140614151955,0.014731455594301224
236,1.2195227374706037,4260.1399043885785,1,0.583965770967561,0.5462192291484907,1.0679915563559321,0.5263158082962036,0.9060150384902954,0.9360902309417725,0.7025578638186716,0.005948484875261784,0.014704716391861439
237,1.2195227374706037,4260.1399043885785,1,0.583965770967561,0.5462192291484907,1.0679915563559321,0.5263158082962036,0.9060150384902954,0.9360902309417725,0.7025578638186716,0.005969933234155178,0.014842434786260128
238,1.2195227374706037,4260.1399043885785,1,0.583965770967561,0.5462192291484907,1.0679915563559321,0.5263158082962036,0.9060150384902954,0.9360902309417725,0.7025578638186716,0.006070522591471672,0.015135622583329678
239,1.2195227374706037,4260.1399043885785,1,0.583965770967561,0.5462192291484907,1.0679915563559321,0.5263158082962036,0.9060150384902954,0.9360902309417725,0.7025578638186716,0.005963054485619068,0.01469876617193222
240,1.2195227374706037,4260.1399043885785,1,0.583965770967561,0.5462192291484907,1.0679915563559321,0.5263158082962036,0.9060150384902954,0.9360902309417725,0.7025578638186716,0.005970883183181286,0.014714255928993225
241,1.2195227374706037,4260.1399043885785,1,0.583965770967561,0.5462192291484907,1.0679915563559321,0.5263158082962036,0.9060150384902954,0.9360902309417725,0.7025578638186716,0.005949513986706734,0.014683756045997143
242,1.2195227374706037,4260.1399043885785,1,0.583965770967561,0.5462192291484907,1.0679915563559321,0.5263158082962036,0.9060150384902954,0.9360902309417725,0.7025578638186716,0.005970863625407219,0.014829214662313461
243,1.2195227374706037,4260.1399043885785,1,0.583965770967561,0.5462192291484907,1.0679915563559321,0.5263158082962036,0.9060150384902954,0.9360902309417725,0.7025578638186716,0.006001552566885948,0.014740345068275928
244,1.2195227374706037,4260.1399043885785,1,0.583965770967561,0.5462192291484907,1.0679915563559321,0.5263158082962036,0.9060150384902954,0.9360902309417725,0.7025578638186716,0.006032693199813366,0.015111743472516537
245,1.2195227374706037,4260.1399043885785,1,0.583965770967561,0.5462192291484907,1.0679915563559321,0.5263158082962036,0.9060150384902954,0.9360902309417725,0.7025578638186716,0.0059942035004496574,0.01466426718980074
246,1.2195227374706037,4260.1399043885785,1,0.583965770967561,0.5462192291484907,1.0679915563559321,0.5263158082962036,0.9060150384902954,0.9360902309417725,0.7025578638186716,0.00588416401296854,0.014589237049221992
247,1.2195227374706037,4260.1399043885785,1,0.583965770967561,0.5462192291484907,1.0679915563559321,0.5263158082962036,0.9060150384902954,0.9360902309417725,0.7025578638186716,0.0059708040207624435,0.014729375950992107
248,1.2195227374706037,4260.1399043885785,1,0.583965770967561,0.5462192291484907,1.0679915563559321,0.5263158082962036,0.9060150384902954,0.9360902309417725,0.7025578638186716,0.006005752831697464,0.01488773338496685
249,1.2195227374706037,4260.1399043885785,1,0.583965770967561,0.5462192291484907,1.0679915563559321,0.5263158082962036,0.9060150384902954,0.9360902309417725,0.7025578638186716,0.005967362783849239,0.01462128572165966
250,1.2195227374706037,4260.1399043885785,1,0.583965770967561,0.5462192291484907,1.0679915563559321,0.5263158082962036,0.9060150384902954,0.9360902309417725,0.7025578638186716,0.005922194570302963,0.014778446406126022
251,1.2195227374706037,4260.1399043885785,1,0.583965770967561,0.5462192291484907,1.0679915563559321,0.5263158082962036,0.9060150384902954,0.9360902309417725,0.7025578638186716,0.006027413532137871,0.014772355556488037
252,1.2195227374706037,4260.1399043885785,1,0.583965770967561,0.5462192291484907,1.0679915563559321,0.5263158082962036,0.9060150384902954,0.9360902309417725,0.7025578638186716,0.006055113859474659,0.014763856306672096
253,1.2195227374706037,4260.1399043885785,1,0.583965770967561,0.5462192291484907,1.0679915563559321,0.5263158082962036,0.9060150384902954,0.9360902309417725,0.7025578638186716,0.006254951469600201,0.014958283863961697
254,1.2195227374706037,4260.1399043885785,1,0.583965770967561,0.5462192291484907,1.0679915563559321,0.5263158082962036,0.9060150384902954,0.9360902309417725,0.7025578638186716,0.005892454646527767,0.014595926739275455
255,1.2195227374706037,4260.1399043885785,1,0.583965770967561,0.5462192291484907,1.0679915563559321,0.5263158082962036,0.9060150384902954,0.9360902309417725,0.7025578638186716,0.005970942787826061,0.014879113994538784
256,1.2195227374706037,4260.1399043885785,1,0.583965770967561,0.5462192291484907,1.0679915563559321,0.5263158082962036,0.9060150384902954,0.9360902309417725,0.7025578638186716,0.006015894003212452,0.01487964577972889
257,1.2195227374706037,4260.1399043885785,1,0.583965770967561,0.5462192291484907,1.0679915563559321,0.5263158082962036,0.9060150384902954,0.9360902309417725,0.7025578638186716,0.006102683022618294,0.014914403669536114
258,1.2195227374706037,4260.1399043885785,1,0.583965770967561,0.5462192291484907,1.0679915563559321,0.5263158082962036,0.9060150384902954,0.9360902309417725,0.7025578638186716,0.00591767393052578,0.014636196196079254
259,1.2195227374706037,4260.1399043885785,1,0.583965770967561,0.5462192291484907,1.0679915563559321,0.5263158082962036,0.9060150384902954,0.9360902309417725,0.7025578638186716,0.005980693735182285,0.015023963525891304
260,1.2195227374706037,4260.1399043885785,1,0.583965770967561,0.5462192291484907,1.0679915563559321,0.5263158082962036,0.9060150384902954,0.9360902309417725,0.7025578638186716,0.006014583632349968,0.014893844723701477
261,1.2195227374706037,4260.1399043885785,1,0.583965770967561,0.5462192291484907,1.0679915563559321,0.5263158082962036,0.9060150384902954,0.9360902309417725,0.7025578638186716,0.006427980028092861,0.015290121547877789
262,1.2195227374706037,4260.1399043885785,1,0.583965770967561,0.5462192291484907,1.0679915563559321,0.5263158082962036,0.9060150384902954,0.9360902309417725,0.7025578638186716,0.005942624062299728,0.014673995785415173
263,1.2195227374706037,4260.1399043885785,1,0.583965770967561,0.5462192291484907,1.0679915563559321,0.5263158082962036,0.9060150384902954,0.9360902309417725,0.7025578638186716,0.0060054836794734,0.014876184985041618
264,1.2195227374706037,4260.1399043885785,1,0.583965770967561,0.5462192291484907,1.0679915563559321,0.5263158082962036,0.9060150384902954,0.9360902309417725,0.7025578638186716,0.006030494347214699,0.014905325137078762
265,1.2195227374706037,4260.1399043885785,1,0.583965770967561,0.5462192291484907,1.0679915563559321,0.5263158082962036,0.9060150384902954,0.9360902309417725,0.7025578638186716,0.006025252863764763,0.014839135110378265
266,1.2195227374706037,4260.1399043885785,1,0.583965770967561,0.5462192291484907,1.0679915563559321,0.5263158082962036,0.9060150384902954,0.9360902309417725,0.7025578638186716,0.006014403887093067,0.0148403849452734
267,1.2195227374706037,4260.1399043885785,1,0.583965770967561,0.5462192291484907,1.0679915563559321,0.5263158082962036,0.9060150384902954,0.9360902309417725,0.7025578638186716,0.0059260036796331406,0.014827734790742397
268,1.2195227374706037,4260.1399043885785,1,0.583965770967561,0.5462192291484907,1.0679915563559321,0.5263158082962036,0.9060150384902954,0.9360902309417725,0.7025578638186716,0.005978814326226711,0.014843685552477837
269,1.2195227374706037,4260.1399043885785,1,0.583965770967561,0.5462192291484907,1.0679915563559321,0.5263158082962036,0.9060150384902954,0.9360902309417725,0.7025578638186716,0.006045724265277386,0.01509129349142313
270,1.2195227374706037,4260.1399043885785,1,0.583965770967561,0.5462192291484907,1.0679915563559321,0.5263158082962036,0.9060150384902954,0.9360902309417725,0.7025578638186716,0.00604479294270277,0.01483913417905569
271,1.2195227374706037,4260.1399043885785,1,0.583965770967561,0.5462192291484907,1.0679915563559321,0.5263158082962036,0.9060150384902954,0.9360902309417725,0.7025578638186716,0.006010392680764198,0.014818924479186535
272,1.2195227374706037,4260.1399043885785,1,0.583965770967561,0.5462192291484907,1.0679915563559321,0.5263158082962036,0.9060150384902954,0.9360902309417725,0.7025578638186716,0.0060094427317380905,0.014904193580150604
273,1.2195227374706037,4260.1399043885785,1,0.583965770967561,0.5462192291484907,1.0679915563559321,0.5263158082962036,0.9060150384902954,0.9360902309417725,0.7025578638186716,0.006292550824582577,0.015169992111623287
274,1.2195227374706037,4260.1399043885785,1,0.583965770967561,0.5462192291484907,1.0679915563559321,0.5263158082962036,0.9060150384902954,0.9360902309417725,0.7025578638186716,0.006065523251891136,0.014978593215346336
275,1.2195227374706037,4260.1399043885785,1,0.583965770967561,0.5462192291484907,1.0679915563559321,0.5263158082962036,0.9060150384902954,0.9360902309417725,0.7025578638186716,0.006182202138006687,0.01509439293295145
276,1.2195227374706037,4260.1399043885785,1,0.583965770967561,0.5462192291484907,1.0679915563559321,0.5263158082962036,0.9060150384902954,0.9360902309417725,0.7025578638186716,0.006001303903758526,0.014727125875651836
277,1.2195227374706037,4260.1399043885785,1,0.583965770967561,0.5462192291484907,1.0679915563559321,0.5263158082962036,0.9060150384902954,0.9360902309417725,0.7025578638186716,0.005919363349676132,0.014536966569721699
278,1.2195227374706037,4260.1399043885785,1,0.583965770967561,0.5462192291484907,1.0679915563559321,0.5263158082962036,0.9060150384902954,0.9360902309417725,0.7025578638186716,0.005926874466240406,0.014647186733782291
279,1.2195227374706037,4260.1399043885785,1,0.583965770967561,0.5462192291484907,1.0679915563559321,0.5263158082962036,0.9060150384902954,0.9360902309417725,0.7025578638186716,0.006052693352103233,0.014776195399463177
280,1.2195227374706037,4260.1399043885785,1,0.583965770967561,0.5462192291484907,1.0679915563559321,0.5263158082962036,0.9060150384902954,0.9360902309417725,0.7025578638186716,0.0059729935601353645,0.014721106737852097
281,1.2195227374706037,4260.1399043885785,1,0.583965770967561,0.5462192291484907,1.0679915563559321,0.5263158082962036,0.9060150384902954,0.9360902309417725,0.7025578638186716,0.005958183668553829,0.014783685095608234
282,1.2195227374706037,4260.1399043885785,1,0.583965770967561,0.5462192291484907,1.0679915563559321,0.5263158082962036,0.9060150384902954,0.9360902309417725,0.7025578638186716,0.005915605463087559,0.014553157612681389
283,1.2195227374706037,4260.1399043885785,1,0.583965770967561,0.5462192291484907,1.0679915563559321,0.5263158082962036,0.9060150384902954,0.9360902309417725,0.7025578638186716,0.006028482690453529,0.014812304638326168
284,1.2195227374706037,4260.1399043885785,1,0.583965770967561,0.5462192291484907,1.0679915563559321,0.5263158082962036,0.9060150384902954,0.9360902309417725,0.7025578638186716,0.005954624153673649,0.014692217111587524
285,1.2195227374706037,4260.1399043885785,1,0.583965770967561,0.5462192291484907,1.0679915563559321,0.5263158082962036,0.9060150384902954,0.9360902309417725,0.7025578638186716,0.005956562235951424,0.014822844415903091
286,1.2195227374706037,4260.1399043885785,1,0.583965770967561,0.5462192291484907,1.0679915563559321,0.5263158082962036,0.9060150384902954,0.9360902309417725,0.7025578638186716,0.006075763143599033,0.014742465689778328
287,1.2195227374706037,4260.1399043885785,1,0.583965770967561,0.5462192291484907,1.0679915563559321,0.5263158082962036,0.9060150384902954,0.9360902309417725,0.7025578638186716,0.005917654372751713,0.014584287069737911
288,1.2195227374706037,4260.1399043885785,1,0.583965770967561,0.5462192291484907,1.0679915563559321,0.5263158082962036,0.9060150384902954,0.9360902309417725,0.7025578638186716,0.006007364019751549,0.015079442411661148
289,1.2195227374706037,4260.1399043885785,1,0.583965770967561,0.5462192291484907,1.0679915563559321,0.5263158082962036,0.9060150384902954,0.9360902309417725,0.7025578638186716,0.006177810952067375,0.01489266473799944
290,1.2195227374706037,4260.1399043885785,1,0.583965770967561,0.5462192291484907,1.0679915563559321,0.5263158082962036,0.9060150384902954,0.9360902309417725,0.7025578638186716,0.006065943278372288,0.014947254210710526
291,1.2195227374706037,4260.1399043885785,1,0.583965770967561,0.5462192291484907,1.0679915563559321,0.5263158082962036,0.9060150384902954,0.9360902309417725,0.7025578638186716,0.006239411421120167,0.014942304231226444
292,1.2195227374706037,4260.1399043885785,1,0.583965770967561,0.5462192291484907,1.0679915563559321,0.5263158082962036,0.9060150384902954,0.9360902309417725,0.7025578638186716,0.005906013771891594,0.014505356550216675
293,1.2195227374706037,4260.1399043885785,1,0.583965770967561,0.5462192291484907,1.0679915563559321,0.5263158082962036,0.9060150384902954,0.9360902309417725,0.7025578638186716,0.005956773646175861,0.01467488519847393
294,1.2195227374706037,4260.1399043885785,1,0.583965770967561,0.5462192291484907,1.0679915563559321,0.5263158082962036,0.9060150384902954,0.9360902309417725,0.7025578638186716,0.006060242652893066,0.014935963787138462
295,1.2195227374706037,4260.1399043885785,1,0.583965770967561,0.5462192291484907,1.0679915563559321,0.5263158082962036,0.9060150384902954,0.9360902309417725,0.7025578638186716,0.005972203798592091,0.014749405905604362
296,1.2195227374706037,4260.1399043885785,1,0.583965770967561,0.5462192291484907,1.0679915563559321,0.5263158082962036,0.9060150384902954,0.9360902309417725,0.7025578638186716,0.00595750380307436,0.014606976881623268
297,1.2195227374706037,4260.1399043885785,1,0.583965770967561,0.5462192291484907,1.0679915563559321,0.5263158082962036,0.9060150384902954,0.9360902309417725,0.7025578638186716,0.006174062378704548,0.014834275469183922
298,1.2195227374706037,4260.1399043885785,1,0.583965770967561,0.5462192291484907,1.0679915563559321,0.5263158082962036,0.9060150384902954,0.9360902309417725,0.7025578638186716,0.005937154404819012,0.014578557573258877
299,1.2195227374706037,4260.1399043885785,1,0.583965770967561,0.5462192291484907,1.0679915563559321,0.5263158082962036,0.9060150384902954,0.9360902309417725,0.7025578638186716,0.005931613966822624,0.014655856415629387
300,1.2195227374706037,4260.1399043885785,1,0.583965770967561,0.5462192291484907,1.0679915563559321,0.5263158082962036,0.9060150384902954,0.9360902309417725,0.7025578638186716,0.005971584469079971,0.014722825959324837
301,1.2195227374706037,4260.1399043885785,1,0.583965770967561,0.5462192291484907,1.0679915563559321,0.5263158082962036,0.9060150384902954,0.9360902309417725,0.7025578638186716,0.006064793094992638,0.014853885397315025
302,1.2195227374706037,4260.1399043885785,1,0.583965770967561,0.5462192291484907,1.0679915563559321,0.5263158082962036,0.9060150384902954,0.9360902309417725,0.7025578638186716,0.005933934822678566,0.014550627209246159
303,1.2195227374706037,4260.1399043885785,1,0.583965770967561,0.5462192291484907,1.0679915563559321,0.5263158082962036,0.9060150384902954,0.9360902309417725,0.7025578638186716,0.005998402833938599,0.015053513459861279
304,1.2195227374706037,4260.1399043885785,1,0.583965770967561,0.5462192291484907,1.0679915563559321,0.5263158082962036,0.9060150384902954,0.9360902309417725,0.7025578638186716,0.005997953005135059,0.014886744320392609
305,1.2195227374706037,4260.1399043885785,1,0.583965770967561,0.5462192291484907,1.0679915563559321,0.5263158082962036,0.9060150384902954,0.9360902309417725,0.7025578638186716,0.006017472594976425,0.014773794449865818
306,1.2195227374706037,4260.1399043885785,1,0.583965770967561,0.5462192291484907,1.0679915563559321,0.5263158082962036,0.9060150384902954,0.9360902309417725,0.7025578638186716,0.006111662834882736,0.014951873570680618
307,1.2195227374706037,4260.1399043885785,1,0.583965770967561,0.5462192291484907,1.0679915563559321,0.5263158082962036,0.9060150384902954,0.9360902309417725,0.7025578638186716,0.005947033874690533,0.014659586362540722
308,1.2195227374706037,4260.1399043885785,1,0.583965770967561,0.5462192291484907,1.0679915563559321,0.5263158082962036,0.9060150384902954,0.9360902309417725,0.7025578638186716,0.005887333303689957,0.014464226551353931
309,1.2195227374706037,4260.1399043885785,1,0.583965770967561,0.5462192291484907,1.0679915563559321,0.5263158082962036,0.9060150384902954,0.9360902309417725,0.7025578638186716,0.005891455337405205,0.014670217409729958
310,1.2195227374706037,4260.1399043885785,1,0.583965770967561,0.5462192291484907,1.0679915563559321,0.5263158082962036,0.9060150384902954,0.9360902309417725,0.7025578638186716,0.0060072531923651695,0.014709535986185074
311,1.2195227374706037,4260.1399043885785,1,0.583965770967561,0.5462192291484907,1.0679915563559321,0.5263158082962036,0.9060150384902954,0.9360902309417725,0.7025578638186716,0.00597161240875721,0.014693155884742737
312,1.2195227374706037,4260.1399043885785,1,0.583965770967561,0.5462192291484907,1.0679915563559321,0.5263158082962036,0.9060150384902954,0.9360902309417725,0.7025578638186716,0.006175532005727291,0.014892814680933952
313,1.2195227374706037,4260.1399043885785,1,0.583965770967561,0.5462192291484907,1.0679915563559321,0.5263158082962036,0.9060150384902954,0.9360902309417725,0.7025578638186716,0.006070992909371853,0.014797386713325977
314,1.2195227374706037,4260.1399043885785,1,0.583965770967561,0.5462192291484907,1.0679915563559321,0.5263158082962036,0.9060150384902954,0.9360902309417725,0.7025578638186716,0.005957184359431267,0.014687696471810341
315,1.2195227374706037,4260.1399043885785,1,0.583965770967561,0.5462192291484907,1.0679915563559321,0.5263158082962036,0.9060150384902954,0.9360902309417725,0.7025578638186716,0.00602379348129034,0.014945514500141144
316,1.2195227374706037,4260.1399043885785,1,0.583965770967561,0.5462192291484907,1.0679915563559321,0.5263158082962036,0.9060150384902954,0.9360902309417725,0.7025578638186716,0.005954233929514885,0.014642616733908653
317,1.2195227374706037,4260.1399043885785,1,0.583965770967561,0.5462192291484907,1.0679915563559321,0.5263158082962036,0.9060150384902954,0.9360902309417725,0.7025578638186716,0.006027913652360439,0.014897694811224937
318,1.2195227374706037,4260.1399043885785,1,0.583965770967561,0.5462192291484907,1.0679915563559321,0.5263158082962036,0.9060150384902954,0.9360902309417725,0.7025578638186716,0.005993924103677273,0.014713605865836143
319,1.2195227374706037,4260.1399043885785,1,0.583965770967561,0.5462192291484907,1.0679915563559321,0.5263158082962036,0.9060150384902954,0.9360902309417725,0.7025578638186716,0.006100133061408997,0.014861185103654861
320,1.2195227374706037,4260.1399043885785,1,0.583965770967561,0.5462192291484907,1.0679915563559321,0.5263158082962036,0.9060150384902954,0.9360902309417725,0.7025578638186716,0.006019923835992813,0.014887834899127483
321,1.2195227374706037,4260.1399043885785,1,0.583965770967561,0.5462192291484907,1.0679915563559321,0.5263158082962036,0.9060150384902954,0.9360902309417725,0.7025578638186716,0.00597770418971777,0.01468922570347786
322,1.2195227374706037,4260.1399043885785,1,0.583965770967561,0.5462192291484907,1.0679915563559321,0.5263158082962036,0.9060150384902954,0.9360902309417725,0.7025578638186716,0.005985924042761326,0.01497278455644846
323,1.2195227374706037,4260.1399043885785,1,0.583965770967561,0.5462192291484907,1.0679915563559321,0.5263158082962036,0.9060150384902954,0.9360902309417725,0.7025578638186716,0.006059783510863781,0.014902654103934765
324,1.2195227374706037,4260.1399043885785,1,0.583965770967561,0.5462192291484907,1.0679915563559321,0.5263158082962036,0.9060150384902954,0.9360902309417725,0.7025578638186716,0.005973673425614834,0.014705635607242584
325,1.2195227374706037,4260.1399043885785,1,0.583965770967561,0.5462192291484907,1.0679915563559321,0.5263158082962036,0.9060150384902954,0.9360902309417725,0.7025578638186716,0.00602309312671423,0.015135882422327995
326,1.2195227374706037,4260.1399043885785,1,0.583965770967561,0.5462192291484907,1.0679915563559321,0.5263158082962036,0.9060150384902954,0.9360902309417725,0.7025578638186716,0.005953043699264526,0.014692125841975212
327,1.2195227374706037,4260.1399043885785,1,0.583965770967561,0.5462192291484907,1.0679915563559321,0.5263158082962036,0.9060150384902954,0.9360902309417725,0.7025578638186716,0.005967963486909866,0.014713665470480919
328,1.2195227374706037,4260.1399043885785,1,0.583965770967561,0.5462192291484907,1.0679915563559321,0.5263158082962036,0.9060150384902954,0.9360902309417725,0.7025578638186716,0.0059706829488277435,0.014675105921924114
329,1.2195227374706037,4260.1399043885785,1,0.583965770967561,0.5462192291484907,1.0679915563559321,0.5263158082962036,0.9060150384902954,0.9360902309417725,0.7025578638186716,0.005986873991787434,0.014698545448482037
330,1.2195227374706037,4260.1399043885785,1,0.583965770967561,0.5462192291484907,1.0679915563559321,0.5263158082962036,0.9060150384902954,0.9360902309417725,0.7025578638186716,0.005978533066809177,0.0146964555606246
331,1.2195227374706037,4260.1399043885785,1,0.583965770967561,0.5462192291484907,1.0679915563559321,0.5263158082962036,0.9060150384902954,0.9360902309417725,0.7025578638186716,0.006002022884786129,0.015082603320479393
332,1.2195227374706037,4260.1399043885785,1,0.583965770967561,0.5462192291484907,1.0679915563559321,0.5263158082962036,0.9060150384902954,0.9360902309417725,0.7025578638186716,0.005955263040959835,0.01464784611016512
333,1.2195227374706037,4260.1399043885785,1,0.583965770967561,0.5462192291484907,1.0679915563559321,0.5263158082962036,0.9060150384902954,0.9360902309417725,0.7025578638186716,0.006268131546676159,0.015131033025681973
334,1.2195227374706037,4260.1399043885785,1,0.583965770967561,0.5462192291484907,1.0679915563559321,0.5263158082962036,0.9060150384902954,0.9360902309417725,0.7025578638186716,0.006022343412041664,0.014913924038410187
335,1.2195227374706037,4260.1399043885785,1,0.583965770967561,0.5462192291484907,1.0679915563559321,0.5263158082962036,0.9060150384902954,0.9360902309417725,0.7025578638186716,0.00602751225233078,0.01502523384988308
336,1.2195227374706037,4260.1399043885785,1,0.583965770967561,0.5462192291484907,1.0679915563559321,0.5263158082962036,0.9060150384902954,0.9360902309417725,0.7025578638186716,0.006010993383824825,0.0147758349776268
337,1.2195227374706037,4260.1399043885785,1,0.583965770967561,0.5462192291484907,1.0679915563559321,0.5263158082962036,0.9060150384902954,0.9360902309417725,0.7025578638186716,0.005913614295423031,0.014507707208395004
338,1.2195227374706037,4260.1399043885785,1,0.583965770967561,0.5462192291484907,1.0679915563559321,0.5263158082962036,0.9060150384902954,0.9360902309417725,0.7025578638186716,0.005938984453678131,0.014772515743970871
339,1.2195227374706037,4260.1399043885785,1,0.583965770967561,0.5462192291484907,1.0679915563559321,0.5263158082962036,0.9060150384902954,0.9360902309417725,0.7025578638186716,0.005968844518065453,0.014894815161824226
340,1.2195227374706037,4260.1399043885785,1,0.583965770967561,0.5462192291484907,1.0679915563559321,0.5263158082962036,0.9060150384902954,0.9360902309417725,0.7025578638186716,0.005957744084298611,0.014707496389746666
341,1.2195227374706037,4260.1399043885785,1,0.583965770967561,0.5462192291484907,1.0679915563559321,0.5263158082962036,0.9060150384902954,0.9360902309417725,0.7025578638186716,0.005942502990365028,0.014552036300301552
342,1.2195227374706037,4260.1399043885785,1,0.583965770967561,0.5462192291484907,1.0679915563559321,0.5263158082962036,0.9060150384902954,0.9360902309417725,0.7025578638186716,0.005873784422874451,0.014596426859498024
343,1.2195227374706037,4260.1399043885785,1,0.583965770967561,0.5462192291484907,1.0679915563559321,0.5263158082962036,0.9060150384902954,0.9360902309417725,0.7025578638186716,0.005987333133816719,0.014721325598657131
344,1.2195227374706037,4260.1399043885785,1,0.583965770967561,0.5462192291484907,1.0679915563559321,0.5263158082962036,0.9060150384902954,0.9360902309417725,0.7025578638186716,0.005953613668680191,0.014662215486168861
345,1.2195227374706037,4260.1399043885785,1,0.583965770967561,0.5462192291484907,1.0679915563559321,0.5263158082962036,0.9060150384902954,0.9360902309417725,0.7025578638186716,0.0059501538053154945,0.014604817144572735
346,1.2195227374706037,4260.1399043885785,1,0.583965770967561,0.5462192291484907,1.0679915563559321,0.5263158082962036,0.9060150384902954,0.9360902309417725,0.7025578638186716,0.00602235272526741,0.01505438331514597
347,1.2195227374706037,4260.1399043885785,1,0.583965770967561,0.5462192291484907,1.0679915563559321,0.5263158082962036,0.9060150384902954,0.9360902309417725,0.7025578638186716,0.006028403528034687,0.014935663901269436
348,1.2195227374706037,4260.1399043885785,1,0.583965770967561,0.5462192291484907,1.0679915563559321,0.5263158082962036,0.9060150384902954,0.9360902309417725,0.7025578638186716,0.005927573889493942,0.014969563111662865
349,1.2195227374706037,4260.1399043885785,1,0.583965770967561,0.5462192291484907,1.0679915563559321,0.5263158082962036,0.9060150384902954,0.9360902309417725,0.7025578638186716,0.005960553884506226,0.014705635607242584
350,1.2195227374706037,4260.1399043885785,1,0.583965770967561,0.5462192291484907,1.0679915563559321,0.5263158082962036,0.9060150384902954,0.9360902309417725,0.7025578638186716,0.005973434075713158,0.01467018574476242
351,1.2195227374706037,4260.1399043885785,1,0.583965770967561,0.5462192291484907,1.0679915563559321,0.5263158082962036,0.9060150384902954,0.9360902309417725,0.7025578638186716,0.005960692651569843,0.014698405750095844
352,1.2195227374706037,4260.1399043885785,1,0.583965770967561,0.5462192291484907,1.0679915563559321,0.5263158082962036,0.9060150384902954,0.9360902309417725,0.7025578638186716,0.005974792875349522,0.014747055247426033
353,1.2195227374706037,4260.1399043885785,1,0.583965770967561,0.5462192291484907,1.0679915563559321,0.5263158082962036,0.9060150384902954,0.9360902309417725,0.7025578638186716,0.005941473878920078,0.014640276320278645
354,1.2195227374706037,4260.1399043885785,1,0.583965770967561,0.5462192291484907,1.0679915563559321,0.5263158082962036,0.9060150384902954,0.9360902309417725,0.7025578638186716,0.005961843766272068,0.01505185291171074
355,1.2195227374706037,4260.1399043885785,1,0.583965770967561,0.5462192291484907,1.0679915563559321,0.5263158082962036,0.9060150384902954,0.9360902309417725,0.7025578638186716,0.00604341272264719,0.014893634244799614
356,1.2195227374706037,4260.1399043885785,1,0.583965770967561,0.5462192291484907,1.0679915563559321,0.5263158082962036,0.9060150384902954,0.9360902309417725,0.7025578638186716,0.00594728346914053,0.014973173849284649
357,1.2195227374706037,4260.1399043885785,1,0.583965770967561,0.5462192291484907,1.0679915563559321,0.5263158082962036,0.9060150384902954,0.9360902309417725,0.7025578638186716,0.0059410640969872475,0.014610867016017437
358,1.2195227374706037,4260.1399043885785,1,0.583965770967561,0.5462192291484907,1.0679915563559321,0.5263158082962036,0.9060150384902954,0.9360902309417725,0.7025578638186716,0.005959462374448776,0.014709445647895336
359,1.2195227374706037,4260.1399043885785,1,0.583965770967561,0.5462192291484907,1.0679915563559321,0.5263158082962036,0.9060150384902954,0.9360902309417725,0.7025578638186716,0.006113003008067608,0.0150656932964921
360,1.2195227374706037,4260.1399043885785,1,0.583965770967561,0.5462192291484907,1.0679915563559321,0.5263158082962036,0.9060150384902954,0.9360902309417725,0.7025578638186716,0.005943853408098221,0.014678096398711205
361,1.2195227374706037,4260.1399043885785,1,0.583965770967561,0.5462192291484907,1.0679915563559321,0.5263158082962036,0.9060150384902954,0.9360902309417725,0.7025578638186716,0.00595894455909729,0.014637686312198639
362,1.2195227374706037,4260.1399043885785,1,0.583965770967561,0.5462192291484907,1.0679915563559321,0.5263158082962036,0.9060150384902954,0.9360902309417725,0.7025578638186716,0.005970043130218983,0.014773605391383171
363,1.2195227374706037,4260.1399043885785,1,0.583965770967561,0.5462192291484907,1.0679915563559321,0.5263158082962036,0.9060150384902954,0.9360902309417725,0.7025578638186716,0.005947713740170002,0.0146581269800663
364,1.2195227374706037,4260.1399043885785,1,0.583965770967561,0.5462192291484907,1.0679915563559321,0.5263158082962036,0.9060150384902954,0.9360902309417725,0.7025578638186716,0.005980504676699638,0.014702776446938515
365,1.2195227374706037,4260.1399043885785,1,0.583965770967561,0.5462192291484907,1.0679915563559321,0.5263158082962036,0.9060150384902954,0.9360902309417725,0.7025578638186716,0.005943343974649906,0.014640207402408123
366,1.2195227374706037,4260.1399043885785,1,0.583965770967561,0.5462192291484907,1.0679915563559321,0.5263158082962036,0.9060150384902954,0.9360902309417725,0.7025578638186716,0.006031433120369911,0.014868823811411858
367,1.2195227374706037,4260.1399043885785,1,0.583965770967561,0.5462192291484907,1.0679915563559321,0.5263158082962036,0.9060150384902954,0.9360902309417725,0.7025578638186716,0.0059757838025689125,0.014690326526761055
368,1.2195227374706037,4260.1399043885785,1,0.583965770967561,0.5462192291484907,1.0679915563559321,0.5263158082962036,0.9060150384902954,0.9360902309417725,0.7025578638186716,0.005929573439061642,0.014661425724625587
369,1.2195227374706037,4260.1399043885785,1,0.583965770967561,0.5462192291484907,1.0679915563559321,0.5263158082962036,0.9060150384902954,0.9360902309417725,0.7025578638186716,0.00594281405210495,0.014719946309924126
370,1.2195227374706037,4260.1399043885785,1,0.583965770967561,0.5462192291484907,1.0679915563559321,0.5263158082962036,0.9060150384902954,0.9360902309417725,0.7025578638186716,0.006054152734577656,0.014768664725124836
371,1.2195227374706037,4260.1399043885785,1,0.583965770967561,0.5462192291484907,1.0679915563559321,0.5263158082962036,0.9060150384902954,0.9360902309417725,0.7025578638186716,0.0060460325330495834,0.014795775525271893
372,1.2195227374706037,4260.1399043885785,1,0.583965770967561,0.5462192291484907,1.0679915563559321,0.5263158082962036,0.9060150384902954,0.9360902309417725,0.7025578638186716,0.005912204273045063,0.014814655296504498
373,1.2195227374706037,4260.1399043885785,1,0.583965770967561,0.5462192291484907,1.0679915563559321,0.5263158082962036,0.9060150384902954,0.9360902309417725,0.7025578638186716,0.006031312979757786,0.014841425232589245
374,1.2195227374706037,4260.1399043885785,1,0.583965770967561,0.5462192291484907,1.0679915563559321,0.5263158082962036,0.9060150384902954,0.9360902309417725,0.7025578638186716,0.005962483584880829,0.014696765691041946
375,1.2195227374706037,4260.1399043885785,1,0.583965770967561,0.5462192291484907,1.0679915563559321,0.5263158082962036,0.9060150384902954,0.9360902309417725,0.7025578638186716,0.005965223535895348,0.014757545664906502
376,1.2195227374706037,4260.1399043885785,1,0.583965770967561,0.5462192291484907,1.0679915563559321,0.5263158082962036,0.9060150384902954,0.9360902309417725,0.7025578638186716,0.006134643219411373,0.01485061552375555
377,1.2195227374706037,4260.1399043885785,1,0.583965770967561,0.5462192291484907,1.0679915563559321,0.5263158082962036,0.9060150384902954,0.9360902309417725,0.7025578638186716,0.005896175280213356,0.014533738605678082
378,1.2195227374706037,4260.1399043885785,1,0.583965770967561,0.5462192291484907,1.0679915563559321,0.5263158082962036,0.9060150384902954,0.9360902309417725,0.7025578638186716,0.005982593633234501,0.014679416082799435
379,1.2195227374706037,4260.1399043885785,1,0.583965770967561,0.5462192291484907,1.0679915563559321,0.5263158082962036,0.9060150384902954,0.9360902309417725,0.7025578638186716,0.0059708040207624435,0.014742515981197357
380,1.2195227374706037,4260.1399043885785,1,0.583965770967561,0.5462192291484907,1.0679915563559321,0.5263158082962036,0.9060150384902954,0.9360902309417725,0.7025578638186716,0.006016162224113941,0.014906304888427258
381,1.2195227374706037,4260.1399043885785,1,0.583965770967561,0.5462192291484907,1.0679915563559321,0.5263158082962036,0.9060150384902954,0.9360902309417725,0.7025578638186716,0.0059514837339520454,0.014635547064244747
382,1.2195227374706037,4260.1399043885785,1,0.583965770967561,0.5462192291484907,1.0679915563559321,0.5263158082962036,0.9060150384902954,0.9360902309417725,0.7025578638186716,0.006104993633925915,0.014960343949496746
383,1.2195227374706037,4260.1399043885785,1,0.583965770967561,0.5462192291484907,1.0679915563559321,0.5263158082962036,0.9060150384902954,0.9360902309417725,0.7025578638186716,0.00596634391695261,0.014712966047227383
384,1.2195227374706037,4260.1399043885785,1,0.583965770967561,0.5462192291484907,1.0679915563559321,0.5263158082962036,0.9060150384902954,0.9360902309417725,0.7025578638186716,0.005976582877337933,0.01469400618225336
385,1.2195227374706037,4260.1399043885785,1,0.583965770967561,0.5462192291484907,1.0679915563559321,0.5263158082962036,0.9060150384902954,0.9360902309417725,0.7025578638186716,0.005958274006843567,0.0147408964112401
386,1.2195227374706037,4260.1399043885785,1,0.583965770967561,0.5462192291484907,1.0679915563559321,0.5263158082962036,0.9060150384902954,0.9360902309417725,0.7025578638186716,0.005962252616882324,0.014730344526469707
387,1.2195227374706037,4260.1399043885785,1,0.583965770967561,0.5462192291484907,1.0679915563559321,0.5263158082962036,0.9060150384902954,0.9360902309417725,0.7025578638186716,0.005949073471128941,0.01470146607607603
388,1.2195227374706037,4260.1399043885785,1,0.583965770967561,0.5462192291484907,1.0679915563559321,0.5263158082962036,0.9060150384902954,0.9360902309417725,0.7025578638186716,0.0059683239087462425,0.01522350125014782
389,1.2195227374706037,4260.1399043885785,1,0.583965770967561,0.5462192291484907,1.0679915563559321,0.5263158082962036,0.9060150384902954,0.9360902309417725,0.7025578638186716,0.005970563739538193,0.014682936482131481
390,1.2195227374706037,4260.1399043885785,1,0.583965770967561,0.5462192291484907,1.0679915563559321,0.5263158082962036,0.9060150384902954,0.9360902309417725,0.7025578638186716,0.005965054035186768,0.014760475605726242
391,1.2195227374706037,4260.1399043885785,1,0.583965770967561,0.5462192291484907,1.0679915563559321,0.5263158082962036,0.9060150384902954,0.9360902309417725,0.7025578638186716,0.006037132814526558,0.015287620946764946
392,1.2195227374706037,4260.1399043885785,1,0.583965770967561,0.5462192291484907,1.0679915563559321,0.5263158082962036,0.9060150384902954,0.9360902309417725,0.7025578638186716,0.005952124483883381,0.014677616767585278
393,1.2195227374706037,4260.1399043885785,1,0.583965770967561,0.5462192291484907,1.0679915563559321,0.5263158082962036,0.9060150384902954,0.9360902309417725,0.7025578638186716,0.005983114242553711,0.014781286008656025
394,1.2195227374706037,4260.1399043885785,1,0.583965770967561,0.5462192291484907,1.0679915563559321,0.5263158082962036,0.9060150384902954,0.9360902309417725,0.7025578638186716,0.006009574048221111,0.014894284307956696
395,1.2195227374706037,4260.1399043885785,1,0.583965770967561,0.5462192291484907,1.0679915563559321,0.5263158082962036,0.9060150384902954,0.9360902309417725,0.7025578638186716,0.00597397331148386,0.014725805260241032
396,1.2195227374706037,4260.1399043885785,1,0.583965770967561,0.5462192291484907,1.0679915563559321,0.5263158082962036,0.9060150384902954,0.9360902309417725,0.7025578638186716,0.0059663839638233185,0.014696515165269375
397,1.2195227374706037,4260.1399043885785,1,0.583965770967561,0.5462192291484907,1.0679915563559321,0.5263158082962036,0.9060150384902954,0.9360902309417725,0.7025578638186716,0.006130672991275787,0.015054103918373585
398,1.2195227374706037,4260.1399043885785,1,0.583965770967561,0.5462192291484907,1.0679915563559321,0.5263158082962036,0.9060150384902954,0.9360902309417725,0.7025578638186716,0.005985093303024769,0.014748435467481613
399,1.2195227374706037,4260.1399043885785,1,0.583965770967561,0.5462192291484907,1.0679915563559321,0.5263158082962036,0.9060150384902954,0.9360902309417725,0.7025578638186716,0.0059684040024876595,0.014694545418024063
400,1.2195227374706037,4260.1399043885785,1,0.583965770967561,0.5462192291484907,1.0679915563559321,0.5263158082962036,0.9060150384902954,0.9360902309417725,0.7025578638186716,0.005962713621556759,0.014687136746942997
401,1.2195227374706037,4260.1399043885785,1,0.583965770967561,0.5462192291484907,1.0679915563559321,0.5263158082962036,0.9060150384902954,0.9360902309417725,0.7025578638186716,0.006009552627801895,0.014930703677237034
402,1.2195227374706037,4260.1399043885785,1,0.583965770967561,0.5462192291484907,1.0679915563559321,0.5263158082962036,0.9060150384902954,0.9360902309417725,0.7025578638186716,0.006027762778103352,0.014950633980333805
403,1.2195227374706037,4260.1399043885785,1,0.583965770967561,0.5462192291484907,1.0679915563559321,0.5263158082962036,0.9060150384902954,0.9360902309417725,0.7025578638186716,0.005986323580145836,0.015034472569823265
404,1.2195227374706037,4260.1399043885785,1,0.583965770967561,0.5462192291484907,1.0679915563559321,0.5263158082962036,0.9060150384902954,0.9360902309417725,0.7025578638186716,0.005922404117882252,0.014789775013923645
405,1.2195227374706037,4260.1399043885785,1,0.583965770967561,0.5462192291484907,1.0679915563559321,0.5263158082962036,0.9060150384902954,0.9360902309417725,0.7025578638186716,0.00600605271756649,0.014908414334058762
406,1.2195227374706037,4260.1399043885785,1,0.583965770967561,0.5462192291484907,1.0679915563559321,0.5263158082962036,0.9060150384902954,0.9360902309417725,0.7025578638186716,0.006010943092405796,0.01491821464151144
407,1.2195227374706037,4260.1399043885785,1,0.583965770967561,0.5462192291484907,1.0679915563559321,0.5263158082962036,0.9060150384902954,0.9360902309417725,0.7025578638186716,0.0060259634628891945,0.014938483946025372
408,1.2195227374706037,4260.1399043885785,1,0.583965770967561,0.5462192291484907,1.0679915563559321,0.5263158082962036,0.9060150384902954,0.9360902309417725,0.7025578638186716,0.00599848385900259,0.014963313937187195
409,1.2195227374706037,4260.1399043885785,1,0.583965770967561,0.5462192291484907,1.0679915563559321,0.5263158082962036,0.9060150384902954,0.9360902309417725,0.7025578638186716,0.006419571116566658,0.015307902358472347
410,1.2195227374706037,4260.1399043885785,1,0.583965770967561,0.5462192291484907,1.0679915563559321,0.5263158082962036,0.9060150384902954,0.9360902309417725,0.7025578638186716,0.00600169412791729,0.014872594736516476
411,1.2195227374706037,4260.1399043885785,1,0.583965770967561,0.5462192291484907,1.0679915563559321,0.5263158082962036,0.9060150384902954,0.9360902309417725,0.7025578638186716,0.006012423895299435,0.014936824329197407
412,1.2195227374706037,4260.1399043885785,1,0.583965770967561,0.5462192291484907,1.0679915563559321,0.5263158082962036,0.9060150384902954,0.9360902309417725,0.7025578638186716,0.006018642336130142,0.014896913431584835
413,1.2195227374706037,4260.1399043885785,1,0.583965770967561,0.5462192291484907,1.0679915563559321,0.5263158082962036,0.9060150384902954,0.9360902309417725,0.7025578638186716,0.006015072576701641,0.014892593957483768
414,1.2195227374706037,4260.1399043885785,1,0.583965770967561,0.5462192291484907,1.0679915563559321,0.5263158082962036,0.9060150384902954,0.9360902309417725,0.7025578638186716,0.006012873724102974,0.014944844879209995
415,1.2195227374706037,4260.1399043885785,1,0.583965770967561,0.5462192291484907,1.0679915563559321,0.5263158082962036,0.9060150384902954,0.9360902309417725,0.7025578638186716,0.005988313816487789,0.014872195199131966
416,1.2195227374706037,4260.1399043885785,1,0.583965770967561,0.5462192291484907,1.0679915563559321,0.5263158082962036,0.9060150384902954,0.9360902309417725,0.7025578638186716,0.005996433086693287,0.014868824742734432
417,1.2195227374706037,4260.1399043885785,1,0.583965770967561,0.5462192291484907,1.0679915563559321,0.5263158082962036,0.9060150384902954,0.9360902309417725,0.7025578638186716,0.006011693738400936,0.014883864670991898
418,1.2195227374706037,4260.1399043885785,1,0.583965770967561,0.5462192291484907,1.0679915563559321,0.5263158082962036,0.9060150384902954,0.9360902309417725,0.7025578638186716,0.006235952489078045,0.015116353519260883
419,1.2195227374706037,4260.1399043885785,1,0.583965770967561,0.5462192291484907,1.0679915563559321,0.5263158082962036,0.9060150384902954,0.9360902309417725,0.7025578638186716,0.00611291266977787,0.014903824776411057
420,1.2195227374706037,4260.1399043885785,1,0.583965770967561,0.5462192291484907,1.0679915563559321,0.5263158082962036,0.9060150384902954,0.9360902309417725,0.7025578638186716,0.0059651825577020645,0.014807344414293766
421,1.2195227374706037,4260.1399043885785,1,0.583965770967561,0.5462192291484907,1.0679915563559321,0.5263158082962036,0.9060150384902954,0.9360902309417725,0.7025578638186716,0.006011852994561195,0.015030902810394764
422,1.2195227374706037,4260.1399043885785,1,0.583965770967561,0.5462192291484907,1.0679915563559321,0.5263158082962036,0.9060150384902954,0.9360902309417725,0.7025578638186716,0.0060379523783922195,0.014913623221218586
423,1.2195227374706037,4260.1399043885785,1,0.583965770967561,0.5462192291484907,1.0679915563559321,0.5263158082962036,0.9060150384902954,0.9360902309417725,0.7025578638186716,0.006010663695633411,0.0149241853505373
424,1.2195227374706037,4260.1399043885785,1,0.583965770967561,0.5462192291484907,1.0679915563559321,0.5263158082962036,0.9060150384902954,0.9360902309417725,0.7025578638186716,0.006003503687679768,0.014907484874129295
425,1.2195227374706037,4260.1399043885785,1,0.583965770967561,0.5462192291484907,1.0679915563559321,0.5263158082962036,0.9060150384902954,0.9360902309417725,0.7025578638186716,0.0060187531635165215,0.01473278645426035
426,1.2195227374706037,4260.1399043885785,1,0.583965770967561,0.5462192291484907,1.0679915563559321,0.5263158082962036,0.9060150384902954,0.9360902309417725,0.7025578638186716,0.005974032916128635,0.01470277551561594
427,1.2195227374706037,4260.1399043885785,1,0.583965770967561,0.5462192291484907,1.0679915563559321,0.5263158082962036,0.9060150384902954,0.9360902309417725,0.7025578638186716,0.005970324389636517,0.014872895553708076
428,1.2195227374706037,4260.1399043885785,1,0.583965770967561,0.5462192291484907,1.0679915563559321,0.5263158082962036,0.9060150384902954,0.9360902309417725,0.7025578638186716,0.0060907332226634026,0.014785855077207088
429,1.2195227374706037,4260.1399043885785,1,0.583965770967561,0.5462192291484907,1.0679915563559321,0.5263158082962036,0.9060150384902954,0.9360902309417725,0.7025578638186716,0.0060746921226382256,0.014935273677110672
430,1.2195227374706037,4260.1399043885785,1,0.583965770967561,0.5462192291484907,1.0679915563559321,0.5263158082962036,0.9060150384902954,0.9360902309417725,0.7025578638186716,0.006011722609400749,0.014902363531291485
431,1.2195227374706037,4260.1399043885785,1,0.583965770967561,0.5462192291484907,1.0679915563559321,0.5263158082962036,0.9060150384902954,0.9360902309417725,0.7025578638186716,0.006008383817970753,0.014959394000470638
432,1.2195227374706037,4260.1399043885785,1,0.583965770967561,0.5462192291484907,1.0679915563559321,0.5263158082962036,0.9060150384902954,0.9360902309417725,0.7025578638186716,0.006096352823078632,0.014865084551274776
433,1.2195227374706037,4260.1399043885785,1,0.583965770967561,0.5462192291484907,1.0679915563559321,0.5263158082962036,0.9060150384902954,0.9360902309417725,0.7025578638186716,0.005881943739950657,0.014681676402688026
434,1.2195227374706037,4260.1399043885785,1,0.583965770967561,0.5462192291484907,1.0679915563559321,0.5263158082962036,0.9060150384902954,0.9360902309417725,0.7025578638186716,0.005961704067885876,0.0148648452013731
435,1.2195227374706037,4260.1399043885785,1,0.583965770967561,0.5462192291484907,1.0679915563559321,0.5263158082962036,0.9060150384902954,0.9360902309417725,0.7025578638186716,0.006378340534865856,0.015254251658916473
436,1.2195227374706037,4260.1399043885785,1,0.583965770967561,0.5462192291484907,1.0679915563559321,0.5263158082962036,0.9060150384902954,0.9360902309417725,0.7025578638186716,0.006137252785265446,0.015082843601703644
437,1.2195227374706037,4260.1399043885785,1,0.583965770967561,0.5462192291484907,1.0679915563559321,0.5263158082962036,0.9060150384902954,0.9360902309417725,0.7025578638186716,0.0059210555627942085,0.014614507555961609
438,1.2195227374706037,4260.1399043885785,1,0.583965770967561,0.5462192291484907,1.0679915563559321,0.5263158082962036,0.9060150384902954,0.9360902309417725,0.7025578638186716,0.005929584614932537,0.014633496291935444
439,1.2195227374706037,4260.1399043885785,1,0.583965770967561,0.5462192291484907,1.0679915563559321,0.5263158082962036,0.9060150384902954,0.9360902309417725,0.7025578638186716,0.005971054546535015,0.014849985018372536
440,1.2195227374706037,4260.1399043885785,1,0.583965770967561,0.5462192291484907,1.0679915563559321,0.5263158082962036,0.9060150384902954,0.9360902309417725,0.7025578638186716,0.006013263948261738,0.014781965874135494
441,1.2195227374706037,4260.1399043885785,1,0.583965770967561,0.5462192291484907,1.0679915563559321,0.5263158082962036,0.9060150384902954,0.9360902309417725,0.7025578638186716,0.005917323753237724,0.014660906977951527
442,1.2195227374706037,4260.1399043885785,1,0.583965770967561,0.5462192291484907,1.0679915563559321,0.5263158082962036,0.9060150384902954,0.9360902309417725,0.7025578638186716,0.006089511327445507,0.014996442943811417
443,1.2195227374706037,4260.1399043885785,1,0.583965770967561,0.5462192291484907,1.0679915563559321,0.5263158082962036,0.9060150384902954,0.9360902309417725,0.7025578638186716,0.0060032447800040245,0.014891075901687145
444,1.2195227374706037,4260.1399043885785,1,0.583965770967561,0.5462192291484907,1.0679915563559321,0.5263158082962036,0.9060150384902954,0.9360902309417725,0.7025578638186716,0.005989762954413891,0.015134371817111969
445,1.2195227374706037,4260.1399043885785,1,0.583965770967561,0.5462192291484907,1.0679915563559321,0.5263158082962036,0.9060150384902954,0.9360902309417725,0.7025578638186716,0.005976053886115551,0.014722095802426338
446,1.2195227374706037,4260.1399043885785,1,0.583965770967561,0.5462192291484907,1.0679915563559321,0.5263158082962036,0.9060150384902954,0.9360902309417725,0.7025578638186716,0.005937184207141399,0.014703406020998955
447,1.2195227374706037,4260.1399043885785,1,0.583965770967561,0.5462192291484907,1.0679915563559321,0.5263158082962036,0.9060150384902954,0.9360902309417725,0.7025578638186716,0.0059862639755010605,0.014854565262794495
448,1.2195227374706037,4260.1399043885785,1,0.583965770967561,0.5462192291484907,1.0679915563559321,0.5263158082962036,0.9060150384902954,0.9360902309417725,0.7025578638186716,0.006055573001503944,0.014878635294735432
449,1.2195227374706037,4260.1399043885785,1,0.583965770967561,0.5462192291484907,1.0679915563559321,0.5263158082962036,0.9060150384902954,0.9360902309417725,0.7025578638186716,0.005917273461818695,0.014613726176321507
450,1.2195227374706037,4260.1399043885785,1,0.583965770967561,0.5462192291484907,1.0679915563559321,0.5263158082962036,0.9060150384902954,0.9360902309417725,0.7025578638186716,0.006189602427184582,0.014887405559420586
451,1.2195227374706037,4260.1399043885785,1,0.583965770967561,0.5462192291484907,1.0679915563559321,0.5263158082962036,0.9060150384902954,0.9360902309417725,0.7025578638186716,0.006037212908267975,0.014784795232117176
452,1.2195227374706037,4260.1399043885785,1,0.583965770967561,0.5462192291484907,1.0679915563559321,0.5263158082962036,0.9060150384902954,0.9360902309417725,0.7025578638186716,0.006128252483904362,0.01504532340914011
453,1.2195227374706037,4260.1399043885785,1,0.583965770967561,0.5462192291484907,1.0679915563559321,0.5263158082962036,0.9060150384902954,0.9360902309417725,0.7025578638186716,0.005900705233216286,0.014511258341372013
454,1.2195227374706037,4260.1399043885785,1,0.583965770967561,0.5462192291484907,1.0679915563559321,0.5263158082962036,0.9060150384902954,0.9360902309417725,0.7025578638186716,0.005871663801372051,0.014610396698117256
455,1.2195227374706037,4260.1399043885785,1,0.583965770967561,0.5462192291484907,1.0679915563559321,0.5263158082962036,0.9060150384902954,0.9360902309417725,0.7025578638186716,0.006057373248040676,0.01497863419353962
456,1.2195227374706037,4260.1399043885785,1,0.583965770967561,0.5462192291484907,1.0679915563559321,0.5263158082962036,0.9060150384902954,0.9360902309417725,0.7025578638186716,0.006043922156095505,0.014818085357546806
457,1.2195227374706037,4260.1399043885785,1,0.583965770967561,0.5462192291484907,1.0679915563559321,0.5263158082962036,0.9060150384902954,0.9360902309417725,0.7025578638186716,0.005940994247794151,0.014555387198925018
458,1.2195227374706037,4260.1399043885785,1,0.583965770967561,0.5462192291484907,1.0679915563559321,0.5263158082962036,0.9060150384902954,0.9360902309417725,0.7025578638186716,0.006241941824555397,0.015121922828257084
459,1.2195227374706037,4260.1399043885785,1,0.583965770967561,0.5462192291484907,1.0679915563559321,0.5263158082962036,0.9060150384902954,0.9360902309417725,0.7025578638186716,0.006028233096003532,0.014867893420159817
460,1.2195227374706037,4260.1399043885785,1,0.583965770967561,0.5462192291484907,1.0679915563559321,0.5263158082962036,0.9060150384902954,0.9360902309417725,0.7025578638186716,0.00619227159768343,0.015041062608361244
461,1.2195227374706037,4260.1399043885785,1,0.583965770967561,0.5462192291484907,1.0679915563559321,0.5263158082962036,0.9060150384902954,0.9360902309417725,0.7025578638186716,0.005942213349044323,0.01467878557741642
462,1.2195227374706037,4260.1399043885785,1,0.583965770967561,0.5462192291484907,1.0679915563559321,0.5263158082962036,0.9060150384902954,0.9360902309417725,0.7025578638186716,0.006223532371222973,0.015100173652172089
463,1.2195227374706037,4260.1399043885785,1,0.583965770967561,0.5462192291484907,1.0679915563559321,0.5263158082962036,0.9060150384902954,0.9360902309417725,0.7025578638186716,0.006150612607598305,0.014799505472183228
464,1.2195227374706037,4260.1399043885785,1,0.583965770967561,0.5462192291484907,1.0679915563559321,0.5263158082962036,0.9060150384902954,0.9360902309417725,0.7025578638186716,0.00584835559129715,0.014466708526015282
465,1.2195227374706037,4260.1399043885785,1,0.583965770967561,0.5462192291484907,1.0679915563559321,0.5263158082962036,0.9060150384902954,0.9360902309417725,0.7025578638186716,0.005978913977742195,0.014914683997631073
466,1.2195227374706037,4260.1399043885785,1,0.583965770967561,0.5462192291484907,1.0679915563559321,0.5263158082962036,0.9060150384902954,0.9360902309417725,0.7025578638186716,0.006041563116014004,0.01495884358882904
467,1.2195227374706037,4260.1399043885785,1,0.583965770967561,0.5462192291484907,1.0679915563559321,0.5263158082962036,0.9060150384902954,0.9360902309417725,0.7025578638186716,0.006025303155183792,0.014770206063985825
468,1.2195227374706037,4260.1399043885785,1,0.583965770967561,0.5462192291484907,1.0679915563559321,0.5263158082962036,0.9060150384902954,0.9360902309417725,0.7025578638186716,0.0059400442987680435,0.014613347128033638
469,1.2195227374706037,4260.1399043885785,1,0.583965770967561,0.5462192291484907,1.0679915563559321,0.5263158082962036,0.9060150384902954,0.9360902309417725,0.7025578638186716,0.005992433056235313,0.014743556268513203
470,1.2195227374706037,4260.1399043885785,1,0.583965770967561,0.5462192291484907,1.0679915563559321,0.5263158082962036,0.9060150384902954,0.9360902309417725,0.7025578638186716,0.005960023961961269,0.014672376215457916
471,1.2195227374706037,4260.1399043885785,1,0.583965770967561,0.5462192291484907,1.0679915563559321,0.5263158082962036,0.9060150384902954,0.9360902309417725,0.7025578638186716,0.005958814173936844,0.014697425998747349
472,1.2195227374706037,4260.1399043885785,1,0.583965770967561,0.5462192291484907,1.0679915563559321,0.5263158082962036,0.9060150384902954,0.9360902309417725,0.7025578638186716,0.006172101944684982,0.01477824430912733
473,1.2195227374706037,4260.1399043885785,1,0.583965770967561,0.5462192291484907,1.0679915563559321,0.5263158082962036,0.9060150384902954,0.9360902309417725,0.7025578638186716,0.005889364518225193,0.014534357003867626
474,1.2195227374706037,4260.1399043885785,1,0.583965770967561,0.5462192291484907,1.0679915563559321,0.5263158082962036,0.9060150384902954,0.9360902309417725,0.7025578638186716,0.005951213650405407,0.014738685451447964
475,1.2195227374706037,4260.1399043885785,1,0.583965770967561,0.5462192291484907,1.0679915563559321,0.5263158082962036,0.9060150384902954,0.9360902309417725,0.7025578638186716,0.005964973941445351,0.01474668551236391
476,1.2195227374706037,4260.1399043885785,1,0.583965770967561,0.5462192291484907,1.0679915563559321,0.5263158082962036,0.9060150384902954,0.9360902309417725,0.7025578638186716,0.005985383875668049,0.01472549606114626
477,1.2195227374706037,4260.1399043885785,1,0.583965770967561,0.5462192291484907,1.0679915563559321,0.5263158082962036,0.9060150384902954,0.9360902309417725,0.7025578638186716,0.005940823815762997,0.015129812993109226
478,1.2195227374706037,4260.1399043885785,1,0.583965770967561,0.5462192291484907,1.0679915563559321,0.5263158082962036,0.9060150384902954,0.9360902309417725,0.7025578638186716,0.0058961836621165276,0.014580406248569489
479,1.2195227374706037,4260.1399043885785,1,0.583965770967561,0.5462192291484907,1.0679915563559321,0.5263158082962036,0.9060150384902954,0.9360902309417725,0.7025578638186716,0.005993973463773727,0.014790954999625683
480,1.2195227374706037,4260.1399043885785,1,0.583965770967561,0.5462192291484907,1.0679915563559321,0.5263158082962036,0.9060150384902954,0.9360902309417725,0.7025578638186716,0.006019522435963154,0.014690565876662731
481,1.2195227374706037,4260.1399043885785,1,0.583965770967561,0.5462192291484907,1.0679915563559321,0.5263158082962036,0.9060150384902954,0.9360902309417725,0.7025578638186716,0.0058945342898368835,0.014588247053325176
482,1.2195227374706037,4260.1399043885785,1,0.583965770967561,0.5462192291484907,1.0679915563559321,0.5263158082962036,0.9060150384902954,0.9360902309417725,0.7025578638186716,0.005928562954068184,0.014671506360173225
483,1.2195227374706037,4260.1399043885785,1,0.583965770967561,0.5462192291484907,1.0679915563559321,0.5263158082962036,0.9060150384902954,0.9360902309417725,0.7025578638186716,0.00593822356313467,0.017025337554514408
484,1.2195227374706037,4260.1399043885785,1,0.583965770967561,0.5462192291484907,1.0679915563559321,0.5263158082962036,0.9060150384902954,0.9360902309417725,0.7025578638186716,0.006184863857924938,0.014952564612030983
485,1.2195227374706037,4260.1399043885785,1,0.583965770967561,0.5462192291484907,1.0679915563559321,0.5263158082962036,0.9060150384902954,0.9360902309417725,0.7025578638186716,0.006209922023117542,0.015149703249335289
486,1.2195227374706037,4260.1399043885785,1,0.583965770967561,0.5462192291484907,1.0679915563559321,0.5263158082962036,0.9060150384902954,0.9360902309417725,0.7025578638186716,0.006021763198077679,0.014988693408668041
487,1.2195227374706037,4260.1399043885785,1,0.583965770967561,0.5462192291484907,1.0679915563559321,0.5263158082962036,0.9060150384902954,0.9360902309417725,0.7025578638186716,0.005998843349516392,0.014744195155799389
488,1.2195227374706037,4260.1399043885785,1,0.583965770967561,0.5462192291484907,1.0679915563559321,0.5263158082962036,0.9060150384902954,0.9360902309417725,0.7025578638186716,0.005975173786282539,0.014688495546579361
489,1.2195227374706037,4260.1399043885785,1,0.583965770967561,0.5462192291484907,1.0679915563559321,0.5263158082962036,0.9060150384902954,0.9360902309417725,0.7025578638186716,0.006041843444108963,0.014814075082540512
490,1.2195227374706037,4260.1399043885785,1,0.583965770967561,0.5462192291484907,1.0679915563559321,0.5263158082962036,0.9060150384902954,0.9360902309417725,0.7025578638186716,0.006042903289198875,0.014933744445443153
491,1.2195227374706037,4260.1399043885785,1,0.583965770967561,0.5462192291484907,1.0679915563559321,0.5263158082962036,0.9060150384902954,0.9360902309417725,0.7025578638186716,0.006086891517043114,0.01502098236232996
492,1.2195227374706037,4260.1399043885785,1,0.583965770967561,0.5462192291484907,1.0679915563559321,0.5263158082962036,0.9060150384902954,0.9360902309417725,0.7025578638186716,0.005941192619502544,0.015122851356863976
493,1.2195227374706037,4260.1399043885785,1,0.583965770967561,0.5462192291484907,1.0679915563559321,0.5263158082962036,0.9060150384902954,0.9360902309417725,0.7025578638186716,0.00598494429141283,0.014690236188471317
494,1.2195227374706037,4260.1399043885785,1,0.583965770967561,0.5462192291484907,1.0679915563559321,0.5263158082962036,0.9060150384902954,0.9360902309417725,0.7025578638186716,0.006025223061442375,0.014777334406971931
495,1.2195227374706037,4260.1399043885785,1,0.583965770967561,0.5462192291484907,1.0679915563559321,0.5263158082962036,0.9060150384902954,0.9360902309417725,0.7025578638186716,0.00597971398383379,0.014732236042618752
496,1.2195227374706037,4260.1399043885785,1,0.583965770967561,0.5462192291484907,1.0679915563559321,0.5263158082962036,0.9060150384902954,0.9360902309417725,0.7025578638186716,0.0059978533536195755,0.01472550630569458
497,1.2195227374706037,4260.1399043885785,1,0.583965770967561,0.5462192291484907,1.0679915563559321,0.5263158082962036,0.9060150384902954,0.9360902309417725,0.7025578638186716,0.006016703322529793,0.014902484603226185
498,1.2195227374706037,4260.1399043885785,1,0.583965770967561,0.5462192291484907,1.0679915563559321,0.5263158082962036,0.9060150384902954,0.9360902309417725,0.7025578638186716,0.006002133712172508,0.01477848645299673
499,1.2195227374706037,4260.1399043885785,1,0.583965770967561,0.5462192291484907,1.0679915563559321,0.5263158082962036,0.9060150384902954,0.9360902309417725,0.7025578638186716,0.0059470534324646,0.014675105921924114
