iteration,loss,lengthscale,likelyhood_noise,val_MAE,val_NLL,val_PICP50,val_PICP90,val_PICP95,val_RMSE,it_time_training,it_time
0,1.410210132598877,3.266077995300293,0.644496738910675,6.67447566986084,3.6106374263763428,0.6536170244216919,0.9727659821510315,0.9914893507957458,8.433300018310547,0.25401056598639116,0.3186456479888875
1,1.3892271518707275,3.4539268016815186,0.5982486605644226,6.542145252227783,3.5878078937530518,0.6382978558540344,0.9642553329467773,0.9906383156776428,8.319629669189453,0.0076013130019418895,0.022564768005395308
2,1.3699071407318115,3.660536289215088,0.5545121431350708,6.422606468200684,3.5650179386138916,0.6297872066497803,0.9557446837425232,0.9880850911140442,8.21391487121582,0.007561315986094996,0.022783772001275793
3,1.3512005805969238,3.883488178253174,0.5132965445518494,6.312005519866943,3.5421853065490723,0.6280850768089294,0.9497872591018677,0.9855319261550903,8.109679222106934,0.007556577998911962,0.02150864599389024
4,1.3322621583938599,4.121028900146484,0.47461193799972534,6.219298839569092,3.51975679397583,0.611914873123169,0.9438297748565674,0.9812765717506409,8.008360862731934,0.007329430984100327,0.02205210897955112
5,1.3131903409957886,4.371554851531982,0.43847325444221497,6.134999752044678,3.4983062744140625,0.6025531888008118,0.9370212554931641,0.9770212769508362,7.91280460357666,0.007199632003903389,0.021832227997947484
6,1.2945836782455444,4.633347034454346,0.4049067497253418,6.059809684753418,3.4782700538635254,0.5897872447967529,0.9353191256523132,0.9702127575874329,7.823666572570801,0.006982221006182954,0.021885341993765905
7,1.276978611946106,4.904534339904785,0.3739561140537262,5.989528179168701,3.4598817825317383,0.5753191709518433,0.925957441329956,0.9634042382240295,7.739307880401611,0.0074429230007808656,0.02209503497579135
8,1.2606472969055176,5.183221340179443,0.3456853926181793,5.91646671295166,3.4431204795837402,0.5710638165473938,0.9208510518074036,0.9591489434242249,7.656432628631592,0.007242801017127931,0.023819966008886695
9,1.2455878257751465,5.467680931091309,0.32017606496810913,5.840165138244629,3.427887439727783,0.5600000023841858,0.9157446622848511,0.9548935890197754,7.572257041931152,0.007754442980512977,0.02211709797848016
10,1.2316408157348633,5.756488800048828,0.2975195646286011,5.76953649520874,3.4144577980041504,0.5514893531799316,0.9055319428443909,0.9497872591018677,7.487931728363037,0.00747033700463362,0.021981914003845304
11,1.2187061309814453,6.048408031463623,0.27781158685684204,5.7056403160095215,3.403496503829956,0.5353191494941711,0.8978723287582397,0.9421276450157166,7.408058166503906,0.007362263975664973,0.02196661799098365
12,1.2068740129470825,6.3420867919921875,0.2611458897590637,5.649218559265137,3.395336151123047,0.5251063704490662,0.8919149041175842,0.9404255151748657,7.335764408111572,0.007240990991704166,0.021924169006524608
13,1.1962711811065674,6.635915279388428,0.2475976049900055,5.600008964538574,3.3894808292388916,0.5148935914039612,0.8893616795539856,0.936170220375061,7.270078659057617,0.007312174013350159,0.02189799299230799
14,1.186787486076355,6.928234577178955,0.23719123005867004,5.550573348999023,3.3848912715911865,0.4995744824409485,0.8834042549133301,0.9319148659706116,7.207925319671631,0.007237562007503584,0.02192225301405415
15,1.1780681610107422,7.217702388763428,0.22987517714500427,5.501857280731201,3.3806190490722656,0.4961702227592468,0.8791489601135254,0.9276595711708069,7.147375106811523,0.00724165397696197,0.02183635698747821
16,1.169830083847046,7.503444194793701,0.22552257776260376,5.453089237213135,3.3760788440704346,0.48680850863456726,0.8817021250724792,0.9285106658935547,7.088376045227051,0.00725881801918149,0.0221051330154296
17,1.1620324850082397,7.785001277923584,0.22394996881484985,5.405246257781982,3.370945453643799,0.48510637879371643,0.8851063847541809,0.9234042763710022,7.031543254852295,0.0071859580057207495,0.022055053006624803
18,1.1546779870986938,8.062288284301758,0.22493499517440796,5.358728408813477,3.36513352394104,0.4876595735549927,0.8868085145950317,0.9225531816482544,6.977802753448486,0.007230268005514517,0.021952046983642504
19,1.1476986408233643,8.335567474365234,0.2282339185476303,5.315142631530762,3.3587300777435303,0.4876595735549927,0.8851063847541809,0.9234042763710022,6.928045749664307,0.007458566018613055,0.021979646000545472
20,1.1410545110702515,8.605369567871094,0.23359671235084534,5.276112079620361,3.351846218109131,0.48595744371414185,0.8842552900314331,0.9268085360527039,6.882376194000244,0.007701552007347345,0.021409715991467237
21,1.1347627639770508,8.872387886047363,0.2407708317041397,5.241716384887695,3.344616651535034,0.48595744371414185,0.8876595497131348,0.9276595711708069,6.840186595916748,0.00778437900589779,0.021417251002276316
22,1.128858208656311,9.137395858764648,0.24949388206005096,5.210465908050537,3.3372509479522705,0.4893617033958435,0.8893616795539856,0.9302127957344055,6.800783634185791,0.007824642001651227,0.022190313989995047
23,1.123382806777954,9.401155471801758,0.2594810426235199,5.1827850341796875,3.3300156593322754,0.4961702227592468,0.8944680690765381,0.9310638308525085,6.763720989227295,0.00790502698509954,0.022195686004124582
24,1.1183907985687256,9.664346694946289,0.2704121768474579,5.157535076141357,3.3231728076934814,0.4995744824409485,0.8978723287582397,0.9353191256523132,6.728795051574707,0.007965582015458494,0.022167657007230446
25,1.1139371395111084,9.927501678466797,0.2819235324859619,5.134067058563232,3.316926956176758,0.5072340369224548,0.9004255533218384,0.9387233853340149,6.69595193862915,0.007504034001613036,0.02222854402498342
26,1.1100513935089111,10.190961837768555,0.2936091125011444,5.1128106117248535,3.3113980293273926,0.5191489458084106,0.9029787182807922,0.9404255151748657,6.665210247039795,0.007492035016184673,0.022108077013399452
27,1.1067214012145996,10.454856872558594,0.30503207445144653,5.09360408782959,3.3066177368164062,0.5217021107673645,0.90382981300354,0.9421276450157166,6.636611461639404,0.007453964004525915,0.022234923002542928
28,1.1038860082626343,10.71911907196045,0.31574904918670654,5.075185775756836,3.302543878555298,0.5293617248535156,0.9080851078033447,0.9429787397384644,6.610188961029053,0.007308946020202711,0.022099777008406818
29,1.1014479398727417,10.983515739440918,0.32534271478652954,5.057530879974365,3.2990825176239014,0.5344681143760681,0.9097872376441956,0.9438297748565674,6.585948944091797,0.007130593003239483,0.021802439005114138
30,1.099289894104004,11.247696876525879,0.33345693349838257,5.040884017944336,3.296116590499878,0.537021279335022,0.9097872376441956,0.946382999420166,6.5638628005981445,0.0070726989943068475,0.021791224979097024
31,1.0972959995269775,11.51124095916748,0.33982789516448975,5.025376319885254,3.2935307025909424,0.5438297986984253,0.9131914973258972,0.947234034538269,6.543858528137207,0.007138226996175945,0.021084326988784596
32,1.095367431640625,11.773689270019531,0.34430477023124695,5.010936260223389,3.2912282943725586,0.5489361882209778,0.9140425324440002,0.947234034538269,6.525826454162598,0.00776670899358578,0.02140521100955084
33,1.0934360027313232,12.034564971923828,0.34685713052749634,4.997493267059326,3.2891440391540527,0.5489361882209778,0.9131914973258972,0.946382999420166,6.509624004364014,0.007734868006082252,0.021462836011778563
34,1.0914666652679443,12.29338550567627,0.34756922721862793,4.985142707824707,3.2872445583343506,0.5531914830207825,0.9123404026031494,0.946382999420166,6.495084285736084,0.007530810020398349,0.021376885997597128
35,1.0894579887390137,12.549674987792969,0.3466251492500305,4.973764896392822,3.285524845123291,0.5506383180618286,0.9131914973258972,0.9455319046974182,6.482027053833008,0.007354864996159449,0.021386648004408926
36,1.0874359607696533,12.80296516418457,0.3442872166633606,4.9631123542785645,3.2839977741241455,0.547234058380127,0.9131914973258972,0.9455319046974182,6.470264434814453,0.0074256549996789545,0.02122175498516299
37,1.0854450464248657,13.052803993225098,0.3408726155757904,4.95318078994751,3.2826850414276123,0.5429787039756775,0.9123404026031494,0.9446808695793152,6.459609508514404,0.007471557997632772,0.021206103003351018
38,1.0835371017456055,13.298760414123535,0.3367299735546112,4.943929672241211,3.2816011905670166,0.5395744442939758,0.9114893674850464,0.9438297748565674,6.449881076812744,0.007617156981723383,0.021374576987000182
39,1.081761121749878,13.540435791015625,0.3322174847126007,4.93559455871582,3.2807438373565674,0.5327659845352173,0.9106382727622986,0.9421276450157166,6.440904140472412,0.0076404050050769,0.021605608984827995
40,1.0801537036895752,13.77746868133545,0.3276832103729248,4.9278974533081055,3.2800889015197754,0.5319148898124695,0.9080851078033447,0.9387233853340149,6.432516098022461,0.007577045005746186,0.02143864700337872
41,1.0787315368652344,14.009547233581543,0.3234473764896393,4.920993804931641,3.2795844078063965,0.5285106301307678,0.9063829779624939,0.9370212554931641,6.4245686531066895,0.007361967000178993,0.021321501990314573
42,1.077488660812378,14.236427307128906,0.31978723406791687,4.914539337158203,3.279158592224121,0.5251063704490662,0.9055319428443909,0.9370212554931641,6.416931629180908,0.007038404990453273,0.020842567988438532
43,1.0763988494873047,14.457930564880371,0.3169246315956116,4.908331871032715,3.2787275314331055,0.516595721244812,0.9029787182807922,0.9378723502159119,6.4094977378845215,0.00729094201233238,0.021119379001902416
44,1.0754202604293823,14.67396068572998,0.3150169551372528,4.902376174926758,3.278212308883667,0.5131914615631104,0.9021276831626892,0.9370212554931641,6.40219259262085,0.007410874997731298,0.021114092000061646
45,1.074507474899292,14.88450813293457,0.3141523599624634,4.8965349197387695,3.277552366256714,0.5140425562858582,0.9021276831626892,0.936170220375061,6.3949713706970215,0.007568330998765305,0.02136940197669901
46,1.0736193656921387,15.089637756347656,0.31434905529022217,4.890933990478516,3.276716709136963,0.5148935914039612,0.9021276831626892,0.936170220375061,6.387821197509766,0.007521821011323482,0.021351608011173084
47,1.0727298259735107,15.2894926071167,0.31555864214897156,4.885546684265137,3.2757067680358887,0.515744686126709,0.9012765884399414,0.936170220375061,6.380762100219727,0.007486644986784086,0.021390603011241183
48,1.071829080581665,15.484272956848145,0.31767284870147705,4.880365371704102,3.2745556831359863,0.5182978510856628,0.9021276831626892,0.9370212554931641,6.373831748962402,0.007463866990292445,0.021227552002528682
49,1.070924997329712,15.674222946166992,0.32053276896476746,4.875412940979004,3.273315668106079,0.5199999809265137,0.9029787182807922,0.9370212554931641,6.367087364196777,0.007112656981917098,0.021141748991794884
50,1.070035457611084,15.859618186950684,0.32393980026245117,4.870718955993652,3.272047758102417,0.5234042406082153,0.9029787182807922,0.9370212554931641,6.360588550567627,0.007383856020169333,0.02113593800459057
51,1.0691826343536377,16.04074478149414,0.3276691734790802,4.866264343261719,3.270810604095459,0.525957465171814,0.90382981300354,0.9378723502159119,6.354391098022461,0.007456852006725967,0.02123177400790155
52,1.0683850049972534,16.217878341674805,0.33148443698883057,4.8620381355285645,3.269648790359497,0.5310638546943665,0.90382981300354,0.9378723502159119,6.348543167114258,0.0073717799969017506,0.02114155699382536
53,1.0676524639129639,16.39128875732422,0.3351534903049469,4.857978343963623,3.2685928344726562,0.5327659845352173,0.9046808481216431,0.9378723502159119,6.343079566955566,0.007666975987376645,0.021496569010196254
54,1.0669848918914795,16.561216354370117,0.3384648263454437,4.854128360748291,3.267655849456787,0.5336170196533203,0.9055319428443909,0.9378723502159119,6.338018417358398,0.007698856003116816,0.021378435980295762
55,1.0663728713989258,16.727876663208008,0.3412421941757202,4.850552082061768,3.2668380737304688,0.5353191494941711,0.9055319428443909,0.9378723502159119,6.333362579345703,0.007894276001024991,0.022229831985896453
56,1.0658013820648193,16.891450881958008,0.3433570861816406,4.8471832275390625,3.26613187789917,0.537021279335022,0.9063829779624939,0.9387233853340149,6.329102039337158,0.007709080004133284,0.02191462297923863
57,1.0652540922164917,17.052095413208008,0.3447362184524536,4.844066143035889,3.265526056289673,0.537021279335022,0.9063829779624939,0.9395744800567627,6.325213432312012,0.00766864899196662,0.021871474978979677
58,1.064717411994934,17.209932327270508,0.3453645408153534,4.841166973114014,3.265009641647339,0.537021279335022,0.9063829779624939,0.9404255151748657,6.321664810180664,0.00817475700750947,0.022459726984379813
59,1.0641827583312988,17.365060806274414,0.3452827036380768,4.8384480476379395,3.264573335647583,0.5387234091758728,0.9055319428443909,0.9404255151748657,6.318420886993408,0.007836873992346227,0.022178423998411745
60,1.0636484622955322,17.517560958862305,0.34458041191101074,4.8358964920043945,3.264209508895874,0.5361701846122742,0.9055319428443909,0.9404255151748657,6.315436840057373,0.00785014100256376,0.022134739003377035
61,1.0631177425384521,17.66749382019043,0.3433855473995209,4.833489418029785,3.2639107704162598,0.5361701846122742,0.9055319428443909,0.9404255151748657,6.312670707702637,0.007497879007132724,0.021606435999274254
62,1.0625975131988525,17.814908981323242,0.3418518900871277,4.83121919631958,3.26366925239563,0.5344681143760681,0.9046808481216431,0.9395744800567627,6.3100786209106445,0.007520150014897808,0.0213279580057133
63,1.0620956420898438,17.95984649658203,0.3401453197002411,4.8290581703186035,3.2634708881378174,0.5344681143760681,0.90382981300354,0.9387233853340149,6.307618141174316,0.0077264049905352294,0.022038861992768943
64,1.0616180896759033,18.10234832763672,0.3384302854537964,4.827005386352539,3.263301134109497,0.5327659845352173,0.90382981300354,0.9387233853340149,6.305248260498047,0.00790265400428325,0.022111031983513385
65,1.0611674785614014,18.24245834350586,0.3368579149246216,4.825035572052002,3.263139009475708,0.5293617248535156,0.9029787182807922,0.9387233853340149,6.302934169769287,0.007944873999804258,0.022103690018411726
66,1.060742735862732,18.380226135253906,0.3355550765991211,4.8231306076049805,3.2629642486572266,0.5285106301307678,0.9029787182807922,0.9387233853340149,6.300647735595703,0.0076101629820186645,0.02208716399036348
67,1.060339331626892,18.51571273803711,0.3346174657344818,4.821272373199463,3.2627573013305664,0.5276595950126648,0.9021276831626892,0.9387233853340149,6.298367023468018,0.007853614981286228,0.02215792899369262
68,1.0599509477615356,18.648988723754883,0.3341040313243866,4.819442272186279,3.262504816055298,0.5276595950126648,0.9029787182807922,0.9378723502159119,6.296082019805908,0.007966720993863419,0.022163572983117774
69,1.0595719814300537,18.780141830444336,0.3340355157852173,4.817633628845215,3.262199640274048,0.5276595950126648,0.9029787182807922,0.9378723502159119,6.293788433074951,0.007848462992114946,0.021971905982354656
70,1.059198021888733,18.909263610839844,0.33439573645591736,4.815842151641846,3.261842966079712,0.5276595950126648,0.9029787182807922,0.9378723502159119,6.291490077972412,0.007814998010871932,0.02216632800991647
71,1.0588274002075195,19.036462783813477,0.3351350426673889,4.814074993133545,3.2614426612854004,0.5276595950126648,0.9029787182807922,0.9378723502159119,6.289201259613037,0.007839831989258528,0.021955392992822453
72,1.0584614276885986,19.161849975585938,0.33617696166038513,4.812444686889648,3.2610127925872803,0.5276595950126648,0.9029787182807922,0.9378723502159119,6.286938190460205,0.007960643008118495,0.022215949022211134
73,1.0581021308898926,19.285533905029297,0.33742547035217285,4.810854434967041,3.2605695724487305,0.5276595950126648,0.90382981300354,0.9378723502159119,6.2847185134887695,0.007760854990920052,0.022026905993698165
74,1.057753086090088,19.407630920410156,0.3387743830680847,4.809300899505615,3.260128974914551,0.5285106301307678,0.9055319428443909,0.9387233853340149,6.2825608253479,0.007754671009024605,0.022080841998104006
75,1.0574159622192383,19.528242111206055,0.34011662006378174,4.807822227478027,3.259705066680908,0.5302127599716187,0.9055319428443909,0.9387233853340149,6.280483722686768,0.00777820500661619,0.022033145010937005
76,1.0570920705795288,19.647462844848633,0.341353178024292,4.8064141273498535,3.2593088150024414,0.5302127599716187,0.9055319428443909,0.9395744800567627,6.278496742248535,0.007797127997037023,0.02205839499947615
77,1.0567800998687744,19.765380859375,0.34240108728408813,4.8050994873046875,3.2589471340179443,0.5293617248535156,0.9055319428443909,0.9395744800567627,6.276610374450684,0.007897346979007125,0.02233935598633252
78,1.0564786195755005,19.88206672668457,0.3431996703147888,4.8038411140441895,3.2586240768432617,0.5293617248535156,0.9055319428443909,0.9412766098976135,6.2748260498046875,0.007886618986958638,0.022129196993773803
79,1.0561848878860474,19.997581481933594,0.34371426701545715,4.802619457244873,3.2583394050598145,0.5293617248535156,0.9046808481216431,0.9412766098976135,6.273143291473389,0.008009573008166626,0.02236162399640307
80,1.055896520614624,20.111968994140625,0.343937486410141,4.801461696624756,3.2580931186676025,0.5302127599716187,0.9046808481216431,0.9412766098976135,6.271554470062256,0.007659132010303438,0.021872106997761875
81,1.055612564086914,20.225269317626953,0.3438880443572998,4.800389766693115,3.2578811645507812,0.5302127599716187,0.9046808481216431,0.9412766098976135,6.270051002502441,0.007866927975555882,0.022281254001427442
82,1.0553326606750488,20.337509155273438,0.34360700845718384,4.799386024475098,3.257699966430664,0.5302127599716187,0.9046808481216431,0.9412766098976135,6.268621921539307,0.007626826001796871,0.02203900701715611
83,1.0550569295883179,20.448705673217773,0.3431524932384491,4.7984490394592285,3.2575433254241943,0.5293617248535156,0.9046808481216431,0.9404255151748657,6.267251968383789,0.007737233012448996,0.022107955999672413
84,1.0547868013381958,20.558874130249023,0.34259313344955444,4.797541618347168,3.257404088973999,0.5285106301307678,0.9046808481216431,0.9395744800567627,6.265928268432617,0.0077202510146889836,0.021343858999898657
85,1.054523229598999,20.668025970458984,0.34200093150138855,4.796653747558594,3.257275104522705,0.5285106301307678,0.90382981300354,0.9395744800567627,6.2646355628967285,0.0076147650252096355,0.021453016001032665
86,1.0542666912078857,20.776172637939453,0.34144487977027893,4.795783519744873,3.257148027420044,0.5276595950126648,0.90382981300354,0.9395744800567627,6.263363838195801,0.007631947984918952,0.02137815998867154
87,1.054017186164856,20.88332748413086,0.3409844934940338,4.794925212860107,3.257014513015747,0.5276595950126648,0.90382981300354,0.9395744800567627,6.262101173400879,0.007965984987094998,0.022210097988136113
88,1.0537738800048828,20.989505767822266,0.3406655490398407,4.794132709503174,3.2568695545196533,0.5276595950126648,0.9029787182807922,0.9395744800567627,6.260842323303223,0.0077998059859965,0.02216518798377365
89,1.0535361766815186,21.094724655151367,0.34051674604415894,4.793369293212891,3.2567079067230225,0.525957465171814,0.9021276831626892,0.9395744800567627,6.259580135345459,0.007851631002267823,0.02238205200410448
90,1.0533031225204468,21.19901466369629,0.3405485451221466,4.792613506317139,3.2565271854400635,0.5251063704490662,0.9021276831626892,0.9395744800567627,6.258317947387695,0.007627375016454607,0.02149002900114283
91,1.0530736446380615,21.302396774291992,0.3407536447048187,4.791863441467285,3.256329298019409,0.5251063704490662,0.9021276831626892,0.9395744800567627,6.257056713104248,0.006896551989484578,0.020880978991044685
92,1.0528478622436523,21.4049072265625,0.34110891819000244,4.791118621826172,3.2561168670654297,0.5251063704490662,0.9021276831626892,0.9395744800567627,6.255800724029541,0.007439003005856648,0.02144599999883212
93,1.0526255369186401,21.506580352783203,0.34157872200012207,4.790379524230957,3.255894660949707,0.5251063704490662,0.9029787182807922,0.9395744800567627,6.254557132720947,0.007915446010883898,0.022241197002585977
94,1.0524072647094727,21.607446670532227,0.34211936593055725,4.78965425491333,3.2556686401367188,0.525957465171814,0.9021276831626892,0.9395744800567627,6.25333309173584,0.008043143985560164,0.022427790972869843
95,1.0521931648254395,21.70754051208496,0.34268367290496826,4.788938045501709,3.2554445266723633,0.525957465171814,0.9029787182807922,0.9395744800567627,6.252136707305908,0.00758040402433835,0.021455877023981884
96,1.0519838333129883,21.80689811706543,0.34322589635849,4.7882399559021,3.25522780418396,0.525957465171814,0.90382981300354,0.9395744800567627,6.250973224639893,0.007658496004296467,0.021474756009411067
97,1.051778793334961,21.90554428100586,0.343705952167511,4.787564754486084,3.2550222873687744,0.526808500289917,0.90382981300354,0.9395744800567627,6.249847888946533,0.007666161982342601,0.02156903297873214
98,1.051578164100647,22.003503799438477,0.3440930247306824,4.786900997161865,3.2548317909240723,0.525957465171814,0.90382981300354,0.9395744800567627,6.2487640380859375,0.007379842980299145,0.021233592997305095
99,1.0513811111450195,22.100799560546875,0.3443678021430969,4.786247253417969,3.254657030105591,0.525957465171814,0.9046808481216431,0.9395744800567627,6.247720241546631,0.007468387979315594,0.021297187980962917
100,1.051187515258789,22.197444915771484,0.3445236384868622,4.785606384277344,3.2544987201690674,0.525957465171814,0.9046808481216431,0.9395744800567627,6.246717929840088,0.007268128974828869,0.02106247199117206
101,1.0509971380233765,22.293453216552734,0.3445660173892975,4.784976482391357,3.2543559074401855,0.526808500289917,0.9046808481216431,0.9395744800567627,6.245752811431885,0.007248023001011461,0.021225511998636648
102,1.0508095026016235,22.388830184936523,0.3445113003253937,4.78435754776001,3.2542266845703125,0.526808500289917,0.9046808481216431,0.9395744800567627,6.244821071624756,0.007960385992191732,0.02148977600154467
103,1.0506250858306885,22.483583450317383,0.3443840444087982,4.783754825592041,3.2541074752807617,0.525957465171814,0.9029787182807922,0.9395744800567627,6.243915557861328,0.007793383003445342,0.021458828006871045
104,1.050443410873413,22.577714920043945,0.3442138135433197,4.783164024353027,3.253995895385742,0.525957465171814,0.9029787182807922,0.9395744800567627,6.243034362792969,0.007510008988901973,0.0214285230031237
105,1.0502653121948242,22.671228408813477,0.34403195977211,4.7825798988342285,3.25388765335083,0.525957465171814,0.90382981300354,0.9395744800567627,6.2421674728393555,0.007934167020721361,0.024032209999859333
106,1.0500900745391846,22.764129638671875,0.3438681364059448,4.7820048332214355,3.253779649734497,0.526808500289917,0.90382981300354,0.9395744800567627,6.241313457489014,0.008277607994386926,0.02248163500917144
107,1.0499181747436523,22.856416702270508,0.3437473773956299,4.781454086303711,3.253668785095215,0.525957465171814,0.90382981300354,0.9395744800567627,6.240467071533203,0.007954660977702588,0.022210002003703266
108,1.0497491359710693,22.94809913635254,0.343688040971756,4.780907154083252,3.2535526752471924,0.525957465171814,0.90382981300354,0.9395744800567627,6.239624977111816,0.007804078981280327,0.02237381599843502
109,1.0495829582214355,23.039186477661133,0.3437002897262573,4.780364990234375,3.253429889678955,0.525957465171814,0.90382981300354,0.9395744800567627,6.23878812789917,0.008224259014241397,0.022541512007592246
110,1.0494191646575928,23.129682540893555,0.34378582239151,4.779828071594238,3.253300666809082,0.525957465171814,0.90382981300354,0.9395744800567627,6.237955093383789,0.007917220005765557,0.02227559598395601
111,1.0492579936981201,23.2196044921875,0.34393826127052307,4.779293060302734,3.2531652450561523,0.525957465171814,0.90382981300354,0.9387233853340149,6.237127304077148,0.0076540359877981246,0.022111408005002886
112,1.0490992069244385,23.308961868286133,0.34414467215538025,4.778763294219971,3.253025770187378,0.525957465171814,0.90382981300354,0.9387233853340149,6.2363080978393555,0.007739233988104388,0.022102179005742073
113,1.0489428043365479,23.397769927978516,0.3443872332572937,4.778237819671631,3.2528836727142334,0.5251063704490662,0.90382981300354,0.9395744800567627,6.235500335693359,0.00822546798735857,0.02277534399763681
114,1.0487886667251587,23.486042022705078,0.3446457087993622,4.777716159820557,3.252741813659668,0.525957465171814,0.90382981300354,0.9395744800567627,6.234705924987793,0.008087198017165065,0.022356168017722666
115,1.0486371517181396,23.57379150390625,0.34489965438842773,4.777255535125732,3.252603054046631,0.525957465171814,0.90382981300354,0.9395744800567627,6.233928203582764,0.007876515010138974,0.022192233009263873
116,1.048487901687622,23.661029815673828,0.3451308310031891,4.776806354522705,3.2524688243865967,0.525957465171814,0.90382981300354,0.9395744800567627,6.233170032501221,0.0077608970168512315,0.02207561899558641
117,1.0483410358428955,23.747772216796875,0.345324844121933,4.776361465454102,3.252340793609619,0.525957465171814,0.90382981300354,0.9395744800567627,6.2324323654174805,0.007686213008128107,0.022015134018147364
118,1.0481961965560913,23.834022521972656,0.345472514629364,4.775935649871826,3.2522199153900146,0.5251063704490662,0.90382981300354,0.9395744800567627,6.231715202331543,0.007790441013639793,0.02200449799420312
119,1.0480536222457886,23.91979217529297,0.34557029604911804,4.775520324707031,3.2521064281463623,0.5242553353309631,0.90382981300354,0.9387233853340149,6.231018543243408,0.007491330994525924,0.02114993697614409
120,1.0479129552841187,24.00508689880371,0.3456204831600189,4.775106906890869,3.252000093460083,0.5251063704490662,0.90382981300354,0.9387233853340149,6.230340480804443,0.0072253019898198545,0.021356004988774657
121,1.047774314880371,24.08991241455078,0.3456302583217621,4.774702548980713,3.2518999576568604,0.5251063704490662,0.90382981300354,0.9387233853340149,6.22968053817749,0.007622865989105776,0.02157495799474418
122,1.0476375818252563,24.17426872253418,0.3456105887889862,4.77430534362793,3.2518045902252197,0.5251063704490662,0.90382981300354,0.9387233853340149,6.229034423828125,0.007628235995071009,0.02142213998013176
123,1.0475027561187744,24.258161544799805,0.34557458758354187,4.7739105224609375,3.2517123222351074,0.5251063704490662,0.90382981300354,0.9387233853340149,6.228402137756348,0.007574696996016428,0.021292821009410545
124,1.0473698377609253,24.341596603393555,0.3455360531806946,4.773519039154053,3.251621723175049,0.525957465171814,0.90382981300354,0.9387233853340149,6.227778911590576,0.007711379003012553,0.021374872012529522
125,1.047238826751709,24.424571990966797,0.34550777077674866,4.773128509521484,3.2515316009521484,0.525957465171814,0.90382981300354,0.9387233853340149,6.227163314819336,0.007551327988039702,0.021564436989137903
126,1.0471094846725464,24.50709342956543,0.34550005197525024,4.772744655609131,3.2514402866363525,0.5251063704490662,0.90382981300354,0.9387233853340149,6.226554870605469,0.0075742980116046965,0.021513070008950308
127,1.0469818115234375,24.58916664123535,0.34551993012428284,4.772362232208252,3.2513465881347656,0.5251063704490662,0.90382981300354,0.9387233853340149,6.225950241088867,0.007569959998363629,0.02122896700166166
128,1.0468560457229614,24.670793533325195,0.34557050466537476,4.7719831466674805,3.251250743865967,0.5251063704490662,0.90382981300354,0.9387233853340149,6.225350856781006,0.007542601000750437,0.02131307899253443
129,1.0467318296432495,24.751983642578125,0.3456510603427887,4.771605014801025,3.251152992248535,0.5251063704490662,0.90382981300354,0.9387233853340149,6.224756717681885,0.0073495469987392426,0.021098521974636242
130,1.0466092824935913,24.832740783691406,0.3457573652267456,4.771228313446045,3.2510533332824707,0.5251063704490662,0.90382981300354,0.9387233853340149,6.224167823791504,0.007633403001818806,0.02150326597620733
131,1.0464882850646973,24.913074493408203,0.34588250517845154,4.770853042602539,3.2509524822235107,0.525957465171814,0.90382981300354,0.9387233853340149,6.223585605621338,0.00769393501104787,0.02157525101210922
132,1.0463688373565674,24.992990493774414,0.34601786732673645,4.770480155944824,3.250852346420288,0.525957465171814,0.90382981300354,0.9387233853340149,6.2230119705200195,0.007563671009847894,0.021387343993410468
133,1.046250820159912,25.072494506835938,0.3461543917655945,4.7701096534729,3.250753402709961,0.5251063704490662,0.90382981300354,0.9387233853340149,6.222448348999023,0.007700160989770666,0.021373480994952843
134,1.0461342334747314,25.15159797668457,0.346283495426178,4.769739627838135,3.2506563663482666,0.5251063704490662,0.9046808481216431,0.9395744800567627,6.221894264221191,0.007554547017207369,0.021380412013968453
135,1.0460193157196045,25.230300903320312,0.346398264169693,4.769370079040527,3.2505621910095215,0.5251063704490662,0.9046808481216431,0.9387233853340149,6.221351146697998,0.008009223995031789,0.022227608016692102
136,1.0459057092666626,25.30861473083496,0.34649404883384705,4.769002437591553,3.250471830368042,0.5251063704490662,0.9046808481216431,0.9387233853340149,6.220819473266602,0.007525206019636244,0.02139915502630174
137,1.0457936525344849,25.386545181274414,0.34656867384910583,4.768634796142578,3.25038480758667,0.5251063704490662,0.9046808481216431,0.9387233853340149,6.220299243927002,0.007760535023408011,0.022009719017660245
138,1.045682668685913,25.46409034729004,0.3466227948665619,4.7682671546936035,3.2503015995025635,0.5251063704490662,0.9046808481216431,0.9387233853340149,6.219790458679199,0.007348335988353938,0.021209145983448252
139,1.045573115348816,25.541257858276367,0.3466593027114868,4.767901420593262,3.2502214908599854,0.525957465171814,0.9055319428443909,0.9387233853340149,6.219291687011719,0.0075171630014665425,0.021488088998012245
140,1.0454649925231934,25.618051528930664,0.34668296575546265,4.767533302307129,3.2501437664031982,0.525957465171814,0.9063829779624939,0.9387233853340149,6.218801498413086,0.007135805004509166,0.020905768004013225
141,1.0453579425811768,25.694473266601562,0.34669965505599976,4.767168998718262,3.250068187713623,0.525957465171814,0.9063829779624939,0.9387233853340149,6.218319416046143,0.007160864013712853,0.02132271000300534
142,1.0452522039413452,25.770526885986328,0.3467154800891876,4.766828536987305,3.2499935626983643,0.526808500289917,0.9063829779624939,0.9387233853340149,6.217844486236572,0.007496786012779921,0.021293683006661013
143,1.0451478958129883,25.84621238708496,0.3467360734939575,4.766488075256348,3.2499194145202637,0.526808500289917,0.9055319428443909,0.9387233853340149,6.217376232147217,0.007508167007472366,0.02135517800343223
144,1.0450445413589478,25.92153549194336,0.34676599502563477,4.766147136688232,3.249845504760742,0.526808500289917,0.9055319428443909,0.9387233853340149,6.216911792755127,0.007271201990079135,0.021219972986727953
145,1.0449423789978027,25.996498107910156,0.3468081057071686,4.765806674957275,3.2497708797454834,0.526808500289917,0.9055319428443909,0.9387233853340149,6.2164530754089355,0.007665779005037621,0.021933060023002326
146,1.0448415279388428,26.071102142333984,0.3468635678291321,4.76546573638916,3.2496955394744873,0.526808500289917,0.9055319428443909,0.9387233853340149,6.21599817276001,0.007864874001825228,0.022097492998000234
147,1.0447417497634888,26.145357131958008,0.34693172574043274,4.765127182006836,3.2496204376220703,0.526808500289917,0.9055319428443909,0.9387233853340149,6.215548992156982,0.007425071991747245,0.021790406986838207
148,1.0446429252624512,26.219263076782227,0.3470103144645691,4.764791965484619,3.249544620513916,0.526808500289917,0.9055319428443909,0.9387233853340149,6.2151031494140625,0.0077650630264543,0.02218503601034172
149,1.044545292854309,26.292821884155273,0.3470959961414337,4.764457702636719,3.249469041824341,0.525957465171814,0.9055319428443909,0.9387233853340149,6.214663505554199,0.007773178978823125,0.02210421400377527
150,1.0444488525390625,26.366044998168945,0.34718477725982666,4.764123916625977,3.249394178390503,0.526808500289917,0.9055319428443909,0.9387233853340149,6.214230060577393,0.0076031310018152,0.021949481015326455
151,1.0443532466888428,26.43893051147461,0.3472725749015808,4.763795375823975,3.2493200302124023,0.526808500289917,0.9055319428443909,0.9387233853340149,6.213802337646484,0.007827815017662942,0.022006476006936282
152,1.0442588329315186,26.51148796081543,0.34735584259033203,4.763485431671143,3.2492475509643555,0.526808500289917,0.9055319428443909,0.9395744800567627,6.213380813598633,0.00789024299592711,0.021963383012916893
153,1.0441653728485107,26.58371925354004,0.34743186831474304,4.7631754875183105,3.2491774559020996,0.526808500289917,0.9055319428443909,0.9404255151748657,6.212967872619629,0.007559234014479443,0.02188399402075447
154,1.0440729856491089,26.655624389648438,0.3474990725517273,4.762864589691162,3.2491085529327393,0.526808500289917,0.9055319428443909,0.9404255151748657,6.212561130523682,0.007628919003764167,0.022073995001846924
155,1.0439815521240234,26.727210998535156,0.3475571274757385,4.7625532150268555,3.24904203414917,0.526808500289917,0.9055319428443909,0.9404255151748657,6.212162494659424,0.007853404007619247,0.022103369003161788
156,1.043891191482544,26.798480987548828,0.34760695695877075,4.762241363525391,3.2489776611328125,0.526808500289917,0.9055319428443909,0.9404255151748657,6.211770057678223,0.007836564007448032,0.022242759994696826
157,1.0438016653060913,26.86943817138672,0.3476503789424896,4.761929035186768,3.2489144802093506,0.526808500289917,0.9055319428443909,0.9404255151748657,6.2113847732543945,0.007942288008052856,0.022105156996985897
158,1.043713092803955,26.940080642700195,0.3476898670196533,4.7616167068481445,3.2488529682159424,0.526808500289917,0.9055319428443909,0.9404255151748657,6.211005210876465,0.007895761984400451,0.02223530298215337
159,1.0436255931854248,27.010417938232422,0.3477282226085663,4.761303901672363,3.2487924098968506,0.5242553353309631,0.9055319428443909,0.9404255151748657,6.210631847381592,0.007511912001064047,0.02126680500805378
160,1.043539047241211,27.080446243286133,0.34776803851127625,4.76099157333374,3.248732566833496,0.5242553353309631,0.9055319428443909,0.9404255151748657,6.210264205932617,0.007932601001812145,0.022101659997133538
161,1.0434532165527344,27.150175094604492,0.34781160950660706,4.760678768157959,3.2486732006073,0.5242553353309631,0.9055319428443909,0.9404255151748657,6.209899425506592,0.007557019009254873,0.02186876701307483
162,1.0433683395385742,27.2195987701416,0.3478603959083557,4.7603654861450195,3.2486140727996826,0.5251063704490662,0.9055319428443909,0.9404255151748657,6.2095417976379395,0.007895153015851974,0.02223488100571558
163,1.0432846546173096,27.288726806640625,0.34791505336761475,4.76005220413208,3.2485551834106445,0.5251063704490662,0.9055319428443909,0.9412766098976135,6.209187030792236,0.007890823995694518,0.022190952993696555
164,1.0432015657424927,27.35755729675293,0.3479754626750946,4.759740352630615,3.2484962940216064,0.525957465171814,0.9055319428443909,0.9412766098976135,6.208837032318115,0.00786449501174502,0.02206660501542501
165,1.0431195497512817,27.426097869873047,0.3480406105518341,4.759427547454834,3.2484381198883057,0.525957465171814,0.9055319428443909,0.9412766098976135,6.208491325378418,0.007708352990448475,0.02210745500633493
166,1.043038249015808,27.494346618652344,0.34810906648635864,4.759117603302002,3.248380422592163,0.526808500289917,0.9055319428443909,0.9412766098976135,6.208151340484619,0.007990050013177097,0.022116481006378308
167,1.0429580211639404,27.56231117248535,0.3481789529323578,4.758810043334961,3.2483224868774414,0.5276595950126648,0.9055319428443909,0.9412766098976135,6.207815170288086,0.007955348992254585,0.02226785200764425
168,1.0428786277770996,27.629993438720703,0.3482484519481659,4.7585039138793945,3.2482664585113525,0.5276595950126648,0.9055319428443909,0.9412766098976135,6.207484245300293,0.008139200013829395,0.02251061302376911
169,1.042799949645996,27.6973934173584,0.3483158349990845,4.758200645446777,3.2482106685638428,0.5285106301307678,0.9055319428443909,0.9412766098976135,6.20715856552124,0.007995504012797028,0.0223535250115674
170,1.042722225189209,27.76451873779297,0.3483799397945404,4.757898330688477,3.2481563091278076,0.5276595950126648,0.9055319428443909,0.9412766098976135,6.206838607788086,0.007821370993042365,0.022213263990124688
171,1.0426452159881592,27.831369400024414,0.348440021276474,4.75759744644165,3.2481038570404053,0.5276595950126648,0.9055319428443909,0.9421276450157166,6.20652437210083,0.007891315006418154,0.021555398998316377
172,1.0425691604614258,27.897947311401367,0.3484960198402405,4.757320404052734,3.248051643371582,0.5276595950126648,0.9055319428443909,0.9421276450157166,6.20621395111084,0.007768278999719769,0.02207872600411065
173,1.0424940586090088,27.964256286621094,0.34854844212532043,4.757052421569824,3.2480008602142334,0.5276595950126648,0.9055319428443909,0.9421276450157166,6.205909729003906,0.0077745739836245775,0.022176696977112442
174,1.042419672012329,28.030298233032227,0.34859803318977356,4.756785869598389,3.2479517459869385,0.5276595950126648,0.9055319428443909,0.9421276450157166,6.205611228942871,0.007679609989281744,0.022072280989959836
175,1.0423461198806763,28.09607696533203,0.3486460745334625,4.756519794464111,3.2479028701782227,0.5276595950126648,0.9055319428443909,0.9421276450157166,6.205316543579102,0.007235266006318852,0.021076543984236196
176,1.0422732830047607,28.161592483520508,0.34869372844696045,4.7562665939331055,3.2478551864624023,0.5276595950126648,0.9055319428443909,0.9421276450157166,6.205027103424072,0.0077233439951669425,0.02164114499464631
177,1.042201280593872,28.226848602294922,0.34874221682548523,4.756016254425049,3.247807741165161,0.5276595950126648,0.9055319428443909,0.9421276450157166,6.204741477966309,0.007893339992733672,0.02167255198583007
178,1.0421302318572998,28.291845321655273,0.3487924039363861,4.755767345428467,3.2477610111236572,0.5276595950126648,0.9063829779624939,0.9412766098976135,6.204460144042969,0.007665783981792629,0.02146255600382574
179,1.0420600175857544,28.356586456298828,0.34884482622146606,4.755520820617676,3.2477145195007324,0.5276595950126648,0.9063829779624939,0.9412766098976135,6.204183101654053,0.007796674995915964,0.021630587987601757
180,1.0419905185699463,28.42107582092285,0.3488996922969818,4.755275726318359,3.247668504714966,0.5276595950126648,0.9063829779624939,0.9412766098976135,6.203909873962402,0.007577038981253281,0.021386858978075907
181,1.041921854019165,28.48531150817871,0.34895673394203186,4.75503396987915,3.2476227283477783,0.526808500289917,0.9063829779624939,0.9412766098976135,6.203640937805176,0.007712756021646783,0.02155732800019905
182,1.041853904724121,28.549299240112305,0.3490152955055237,4.754795074462891,3.247577428817749,0.526808500289917,0.9063829779624939,0.9412766098976135,6.203374862670898,0.007376952009508386,0.021279181994032115
183,1.0417866706848145,28.613039016723633,0.34907466173171997,4.7545576095581055,3.247533082962036,0.526808500289917,0.9063829779624939,0.9412766098976135,6.203113079071045,0.007498062012018636,0.021410003013443202
184,1.0417203903198242,28.676536560058594,0.3491338789463043,4.754323482513428,3.247488498687744,0.526808500289917,0.9063829779624939,0.9412766098976135,6.202854633331299,0.007002914004260674,0.021309347008354962
185,1.0416548252105713,28.739791870117188,0.34919217228889465,4.754091739654541,3.2474448680877686,0.526808500289917,0.9063829779624939,0.9412766098976135,6.202600002288818,0.006933016993571073,0.021291629993356764
186,1.0415899753570557,28.802806854248047,0.3492487668991089,4.753864288330078,3.2474019527435303,0.526808500289917,0.9063829779624939,0.9412766098976135,6.202349662780762,0.007393905019853264,0.022153823025291786
187,1.0415258407592773,28.865583419799805,0.3493032455444336,4.753641605377197,3.2473599910736084,0.526808500289917,0.9063829779624939,0.9412766098976135,6.2021026611328125,0.007649414998013526,0.022268376022111624
188,1.0414625406265259,28.92812728881836,0.34935539960861206,4.7534284591674805,3.2473180294036865,0.5276595950126648,0.9063829779624939,0.9412766098976135,6.201858043670654,0.007442064001224935,0.02222854201681912
189,1.0413999557495117,28.990434646606445,0.34940528869628906,4.753219127655029,3.2472774982452393,0.526808500289917,0.9063829779624939,0.9412766098976135,6.201618194580078,0.007321384997339919,0.022145929018734023
190,1.0413379669189453,29.05251121520996,0.34945327043533325,4.753012657165527,3.247237205505371,0.526808500289917,0.9063829779624939,0.9412766098976135,6.201380729675293,0.0074430310050956905,0.022333984990837052
191,1.0412766933441162,29.114360809326172,0.3494998514652252,4.752809524536133,3.247197151184082,0.526808500289917,0.9063829779624939,0.9412766098976135,6.201146602630615,0.007399411988444626,0.022248408989980817
192,1.0412163734436035,29.175979614257812,0.34954550862312317,4.752610683441162,3.2471585273742676,0.526808500289917,0.9063829779624939,0.9412766098976135,6.200915336608887,0.006968995003262535,0.02187419999972917
193,1.0411566495895386,29.237375259399414,0.34959086775779724,4.752413749694824,3.2471189498901367,0.526808500289917,0.9063829779624939,0.9412766098976135,6.200685977935791,0.00728944200091064,0.022145315015222877
194,1.041097640991211,29.29854393005371,0.34963637590408325,4.752223014831543,3.2470808029174805,0.5276595950126648,0.9063829779624939,0.9412766098976135,6.200460910797119,0.007621375989401713,0.02211160000297241
195,1.041039228439331,29.359493255615234,0.3496823012828827,4.752033710479736,3.247041940689087,0.526808500289917,0.9063829779624939,0.9412766098976135,6.2002363204956055,0.007598220021463931,0.02221758000086993
196,1.040981411933899,29.42022132873535,0.3497287333011627,4.751849174499512,3.2470040321350098,0.526808500289917,0.9063829779624939,0.9404255151748657,6.200015068054199,0.007291826012078673,0.022173909994307905
197,1.040924310684204,29.480731964111328,0.3497755527496338,4.751668930053711,3.2469661235809326,0.526808500289917,0.9063829779624939,0.9404255151748657,6.199796199798584,0.007398179004667327,0.021920442988630384
198,1.040867805480957,29.541025161743164,0.3498225212097168,4.751491069793701,3.2469282150268555,0.526808500289917,0.9063829779624939,0.9404255151748657,6.199578762054443,0.00728991098003462,0.022217085992451757
199,1.0408120155334473,29.601102828979492,0.3498692512512207,4.751319885253906,3.2468907833099365,0.525957465171814,0.9055319428443909,0.9404255151748657,6.199364185333252,0.007065433019306511,0.022006633022101596
200,1.0407567024230957,29.660968780517578,0.3499152958393097,4.751151084899902,3.2468533515930176,0.525957465171814,0.9055319428443909,0.9404255151748657,6.199150562286377,0.0074991500005126,0.022333964006975293
201,1.0407021045684814,29.720624923706055,0.3499603271484375,4.750987529754639,3.246816635131836,0.525957465171814,0.9055319428443909,0.9404255151748657,6.198939800262451,0.007491216994822025,0.02212344601866789
202,1.0406482219696045,29.780071258544922,0.35000401735305786,4.750826358795166,3.2467799186706543,0.5251063704490662,0.9046808481216431,0.9404255151748657,6.198729991912842,0.007272557995747775,0.022066503996029496
203,1.0405948162078857,29.839311599731445,0.3500461280345917,4.750670433044434,3.2467434406280518,0.5242553353309631,0.9046808481216431,0.9404255151748657,6.198522567749023,0.007635121000930667,0.022521367005538195
204,1.0405420064926147,29.898345947265625,0.35008662939071655,4.750518321990967,3.2467074394226074,0.5242553353309631,0.9046808481216431,0.9404255151748657,6.19831657409668,0.007527460984420031,0.02250166400335729
205,1.040489673614502,29.957176208496094,0.35012558102607727,4.750370025634766,3.246671676635742,0.5242553353309631,0.9046808481216431,0.9404255151748657,6.1981120109558105,0.0071013629785738885,0.02114614099264145
206,1.040437936782837,30.015804290771484,0.35016319155693054,4.750224590301514,3.246636152267456,0.5242553353309631,0.9046808481216431,0.9404255151748657,6.197909355163574,0.007033428002614528,0.021826818003319204
207,1.0403869152069092,30.07423210144043,0.3501996099948883,4.750082492828369,3.24660062789917,0.5242553353309631,0.9046808481216431,0.9404255151748657,6.1977081298828125,0.0074550269928295165,0.022116145002655685
208,1.04033625125885,30.132463455200195,0.3502352237701416,4.749948024749756,3.2465660572052,0.5242553353309631,0.9046808481216431,0.9404255151748657,6.197508811950684,0.007483080989914015,0.02229250900563784
209,1.0402860641479492,30.19049644470215,0.35027027130126953,4.749822616577148,3.2465310096740723,0.5234042406082153,0.9046808481216431,0.9404255151748657,6.197310447692871,0.007694496016483754,0.022286327002802864
210,1.0402365922927856,30.248332977294922,0.3503050208091736,4.749699115753174,3.2464962005615234,0.5234042406082153,0.9046808481216431,0.9404255151748657,6.197113037109375,0.007163436006521806,0.02208441199036315
211,1.0401875972747803,30.305978775024414,0.35033950209617615,4.749579429626465,3.2464616298675537,0.5234042406082153,0.9046808481216431,0.9404255151748657,6.19691801071167,0.007291909016203135,0.022160360007546842
212,1.040138840675354,30.363431930541992,0.35037386417388916,4.749461650848389,3.246427536010742,0.5234042406082153,0.9046808481216431,0.9404255151748657,6.196723937988281,0.007288026012247428,0.02235328301321715
213,1.0400909185409546,30.420690536499023,0.35040801763534546,4.749347686767578,3.2463929653167725,0.5234042406082153,0.9046808481216431,0.9404255151748657,6.196530818939209,0.0076912459917366505,0.02225985800032504
214,1.0400432348251343,30.47776222229004,0.3504418730735779,4.749235153198242,3.246358633041382,0.5234042406082153,0.9046808481216431,0.9412766098976135,6.1963396072387695,0.007443969021551311,0.022124534007161856
215,1.0399961471557617,30.534648895263672,0.3504752516746521,4.7491254806518555,3.2463245391845703,0.5242553353309631,0.9046808481216431,0.9412766098976135,6.1961493492126465,0.007295173010788858,0.022254416020587087
216,1.0399494171142578,30.59134864807129,0.35050806403160095,4.74901819229126,3.246290683746338,0.5242553353309631,0.9046808481216431,0.9412766098976135,6.195960998535156,0.007074705004924908,0.02214914801879786
217,1.039903163909912,30.64786148071289,0.3505401611328125,4.748913764953613,3.2462573051452637,0.5242553353309631,0.9046808481216431,0.9412766098976135,6.195773124694824,0.007496887992601842,0.02226343099027872
218,1.039857268333435,30.704193115234375,0.35057133436203003,4.748810768127441,3.2462234497070312,0.5242553353309631,0.90382981300354,0.9412766098976135,6.195587635040283,0.007898890995420516,0.02246163401287049
219,1.0398119688034058,30.76034164428711,0.3506016433238983,4.7487101554870605,3.2461907863616943,0.5242553353309631,0.90382981300354,0.9412766098976135,6.195404052734375,0.007411034021060914,0.022249673027545214
220,1.0397670269012451,30.81631088256836,0.35063105821609497,4.7486114501953125,3.246157646179199,0.5242553353309631,0.90382981300354,0.9412766098976135,6.195221900939941,0.00735074799740687,0.022152290999656543
221,1.0397224426269531,30.872102737426758,0.35065966844558716,4.748515605926514,3.2461252212524414,0.5234042406082153,0.90382981300354,0.9412766098976135,6.195041179656982,0.007469733012840152,0.02218146502855234
222,1.0396782159805298,30.92771339416504,0.3506876230239868,4.748420238494873,3.2460925579071045,0.5234042406082153,0.90382981300354,0.9412766098976135,6.194860935211182,0.007147982018068433,0.02199080301215872
223,1.0396344661712646,30.983150482177734,0.3507150709629059,4.74832820892334,3.246060609817505,0.5225532054901123,0.90382981300354,0.9412766098976135,6.194684028625488,0.007070775987813249,0.02190930797951296
224,1.0395911931991577,31.038410186767578,0.3507421314716339,4.748236179351807,3.246028423309326,0.5225532054901123,0.90382981300354,0.9412766098976135,6.194506645202637,0.007411294995108619,0.022119255998404697
225,1.0395481586456299,31.093494415283203,0.3507688641548157,4.7481465339660645,3.2459969520568848,0.5225532054901123,0.90382981300354,0.9412766098976135,6.194332122802734,0.007551902992418036,0.022175997990416363
226,1.0395054817199707,31.148408889770508,0.3507955074310303,4.7480597496032715,3.2459652423858643,0.5225532054901123,0.90382981300354,0.9412766098976135,6.194159507751465,0.006939108017832041,0.021084397012600675
227,1.0394634008407593,31.203149795532227,0.3508220613002777,4.747974872589111,3.245934247970581,0.5225532054901123,0.90382981300354,0.9412766098976135,6.19398832321167,0.007102881005266681,0.021177668997552246
228,1.039421558380127,31.25771713256836,0.3508484959602356,4.747891426086426,3.2459027767181396,0.5225532054901123,0.90382981300354,0.9412766098976135,6.193818092346191,0.0075243710016366094,0.022395567008061334
229,1.0393800735473633,31.31212043762207,0.3508748412132263,4.747808456420898,3.2458717823028564,0.5225532054901123,0.90382981300354,0.9412766098976135,6.1936492919921875,0.0075437279883772135,0.022287456988124177
230,1.0393389463424683,31.36635398864746,0.3509010374546051,4.747727394104004,3.2458412647247314,0.5225532054901123,0.90382981300354,0.9412766098976135,6.193483352661133,0.007495514000765979,0.022421575005864725
231,1.039298176765442,31.42041778564453,0.3509269952774048,4.747647285461426,3.2458107471466064,0.5225532054901123,0.90382981300354,0.9412766098976135,6.193318843841553,0.0073075029940810055,0.02217504699365236
232,1.0392576456069946,31.474315643310547,0.350952684879303,4.747567176818848,3.2457809448242188,0.5217021107673645,0.90382981300354,0.9412766098976135,6.193155765533447,0.007491680997190997,0.022238174977246672
233,1.0392177104949951,31.52804946899414,0.3509780466556549,4.74749231338501,3.245751142501831,0.5225532054901123,0.90382981300354,0.9412766098976135,6.192994594573975,0.0074658989906311035,0.02211642000474967
234,1.0391778945922852,31.58161735534668,0.3510030210018158,4.747421741485596,3.2457211017608643,0.5225532054901123,0.90382981300354,0.9412766098976135,6.192835330963135,0.007181507011409849,0.022073102998547256
235,1.0391384363174438,31.63502311706543,0.35102757811546326,4.747352600097656,3.245692014694214,0.5225532054901123,0.90382981300354,0.9412766098976135,6.192677021026611,0.007459979999111965,0.022114022984169424
236,1.0390993356704712,31.688264846801758,0.35105177760124207,4.747283935546875,3.2456629276275635,0.5234042406082153,0.90382981300354,0.9412766098976135,6.192521572113037,0.007396976987365633,0.022272845002589747
237,1.0390605926513672,31.74134635925293,0.3510756194591522,4.74721622467041,3.245633840560913,0.5234042406082153,0.90382981300354,0.9412766098976135,6.1923675537109375,0.00713514699600637,0.02204966699355282
238,1.0390220880508423,31.794265747070312,0.3510991930961609,4.747148513793945,3.245605945587158,0.5242553353309631,0.90382981300354,0.9412766098976135,6.1922149658203125,0.007539051002822816,0.022195333993295208
239,1.038983941078186,31.847026824951172,0.35112264752388,4.747081756591797,3.245577573776245,0.5242553353309631,0.90382981300354,0.9412766098976135,6.192063808441162,0.007322989986278117,0.022182366985362023
240,1.0389461517333984,31.899627685546875,0.3511459529399872,4.747015476226807,3.245549440383911,0.5234042406082153,0.90382981300354,0.9412766098976135,6.1919145584106445,0.0068242650013417006,0.021185600984608755
241,1.0389087200164795,31.95207405090332,0.3511691987514496,4.746949672698975,3.2455217838287354,0.5225532054901123,0.90382981300354,0.9412766098976135,6.191766738891602,0.006729087996063754,0.02088832898880355
242,1.0388715267181396,32.00436019897461,0.3511924743652344,4.746885776519775,3.2454946041107178,0.5225532054901123,0.90382981300354,0.9412766098976135,6.191622257232666,0.007044721016427502,0.02227476501138881
243,1.0388344526290894,32.05649185180664,0.3512156903743744,4.746822357177734,3.245467185974121,0.5225532054901123,0.90382981300354,0.9412766098976135,6.1914777755737305,0.007618750008987263,0.022431068995501846
244,1.0387978553771973,32.10846710205078,0.3512389063835144,4.746759414672852,3.2454400062561035,0.5225532054901123,0.90382981300354,0.9412766098976135,6.1913347244262695,0.007475703983800486,0.022316913004033267
245,1.0387613773345947,32.1602897644043,0.3512619435787201,4.74669885635376,3.2454135417938232,0.5225532054901123,0.90382981300354,0.9412766098976135,6.191193580627441,0.007647473976248875,0.0225649899803102
246,1.0387253761291504,32.211952209472656,0.3512848913669586,4.746637344360352,3.245386838912964,0.5225532054901123,0.90382981300354,0.9412766098976135,6.191054344177246,0.007528948975959793,0.02241777000017464
247,1.0386896133422852,32.26346969604492,0.35130763053894043,4.74657678604126,3.245360851287842,0.5225532054901123,0.90382981300354,0.9412766098976135,6.190916061401367,0.007458275998942554,0.02228774898685515
248,1.038654088973999,32.31483459472656,0.35133013129234314,4.746516704559326,3.2453346252441406,0.5225532054901123,0.90382981300354,0.9412766098976135,6.190779685974121,0.007326674007344991,0.02210655200178735
249,1.038618803024292,32.36604690551758,0.35135239362716675,4.746457576751709,3.2453088760375977,0.5225532054901123,0.90382981300354,0.9412766098976135,6.19064474105835,0.007429244986269623,0.022081300005083904
250,1.0385839939117432,32.41710662841797,0.35137438774108887,4.746397972106934,3.245283365249634,0.5225532054901123,0.90382981300354,0.9412766098976135,6.190511226654053,0.007468408002750948,0.022234831005334854
251,1.0385491847991943,32.46802520751953,0.3513961434364319,4.746339321136475,3.245258092880249,0.5225532054901123,0.90382981300354,0.9412766098976135,6.190378665924072,0.007427656993968412,0.022220041981199756
252,1.0385148525238037,32.51879119873047,0.3514176607131958,4.74628210067749,3.2452332973480225,0.5225532054901123,0.90382981300354,0.9412766098976135,6.190248489379883,0.007013832015218213,0.021325882989913225
253,1.0384807586669922,32.56940841674805,0.35143905878067017,4.746224880218506,3.245208263397217,0.5225532054901123,0.90382981300354,0.9412766098976135,6.190118789672852,0.00691052500042133,0.02116089701303281
254,1.0384469032287598,32.6198844909668,0.3514603078365326,4.7461676597595215,3.2451841831207275,0.5225532054901123,0.90382981300354,0.9412766098976135,6.189991474151611,0.006922693981323391,0.02095114698749967
255,1.0384132862091064,32.67021179199219,0.35148146748542786,4.746110916137695,3.245159387588501,0.5225532054901123,0.90382981300354,0.9412766098976135,6.189863681793213,0.006858087988803163,0.021109571011038497
256,1.0383799076080322,32.720394134521484,0.35150253772735596,4.7460551261901855,3.245135545730591,0.5225532054901123,0.90382981300354,0.9412766098976135,6.189739227294922,0.006774110981496051,0.021087169996462762
257,1.038346767425537,32.77043533325195,0.3515234887599945,4.745999813079834,3.2451114654541016,0.5225532054901123,0.90382981300354,0.9412766098976135,6.189614772796631,0.0065834809793159366,0.02083718398353085
258,1.038313865661621,32.820335388183594,0.3515443801879883,4.745944023132324,3.2450878620147705,0.5234042406082153,0.90382981300354,0.9412766098976135,6.1894917488098145,0.007093598978826776,0.02118492597946897
259,1.0382812023162842,32.87009048461914,0.35156509280204773,4.745889663696289,3.2450640201568604,0.5234042406082153,0.90382981300354,0.9412766098976135,6.1893696784973145,0.007051916007185355,0.021240645000943914
260,1.0382487773895264,32.91970443725586,0.3515856862068176,4.74583625793457,3.2450411319732666,0.5234042406082153,0.90382981300354,0.9412766098976135,6.189249515533447,0.006991509988438338,0.021077740006148815
261,1.0382168292999268,32.96918487548828,0.3516061007976532,4.745781898498535,3.2450177669525146,0.5234042406082153,0.90382981300354,0.9412766098976135,6.1891303062438965,0.006950796989258379,0.02107667800737545
262,1.0381848812103271,33.01852035522461,0.35162636637687683,4.745729446411133,3.244995355606079,0.5234042406082153,0.90382981300354,0.9412766098976135,6.189012050628662,0.006860081979539245,0.021199859998887405
263,1.0381531715393066,33.06772232055664,0.35164639353752136,4.745675563812256,3.2449724674224854,0.5234042406082153,0.90382981300354,0.9412766098976135,6.188894748687744,0.007236858975375071,0.02143980297842063
264,1.0381217002868652,33.11678695678711,0.35166624188423157,4.7456231117248535,3.24495005607605,0.5234042406082153,0.90382981300354,0.9412766098976135,6.188778400421143,0.007220287981908768,0.02113791898591444
265,1.038090467453003,33.165714263916016,0.35168594121932983,4.745571613311768,3.2449276447296143,0.5234042406082153,0.90382981300354,0.9412766098976135,6.188663482666016,0.007676245993934572,0.021563943999353796
266,1.0380594730377197,33.214508056640625,0.3517054617404938,4.745521068572998,3.244905948638916,0.5234042406082153,0.90382981300354,0.9412766098976135,6.188549995422363,0.007525913999415934,0.022340094990795478
267,1.0380288362503052,33.26316833496094,0.35172486305236816,4.745469570159912,3.2448835372924805,0.5234042406082153,0.90382981300354,0.9412766098976135,6.188436985015869,0.007106685021426529,0.021131259010871872
268,1.0379981994628906,33.31169891357422,0.351744145154953,4.745419025421143,3.2448620796203613,0.5225532054901123,0.90382981300354,0.9412766098976135,6.188324928283691,0.006851849990198389,0.021177541988436133
269,1.0379681587219238,33.36009216308594,0.3517633378505707,4.7453694343566895,3.244840621948242,0.5225532054901123,0.90382981300354,0.9412766098976135,6.188214302062988,0.0068868439993821084,0.02109973900951445
270,1.037937879562378,33.408355712890625,0.3517824113368988,4.745319366455078,3.244819164276123,0.5225532054901123,0.90382981300354,0.9412766098976135,6.188103675842285,0.006791554013034329,0.020976935018552467
271,1.0379079580307007,33.45648956298828,0.3518013656139374,4.745269775390625,3.244798183441162,0.5225532054901123,0.90382981300354,0.9412766098976135,6.187995433807373,0.00753208200330846,0.02222487301332876
272,1.0378782749176025,33.50449752807617,0.351820170879364,4.7452192306518555,3.244777202606201,0.5225532054901123,0.90382981300354,0.9412766098976135,6.187887668609619,0.007558722019894049,0.022297043004073203
273,1.037848949432373,33.552371978759766,0.3518388271331787,4.745171546936035,3.2447564601898193,0.5217021107673645,0.90382981300354,0.9412766098976135,6.187780857086182,0.007299189979676157,0.022008153988281265
274,1.0378196239471436,33.600120544433594,0.35185742378234863,4.745123386383057,3.2447359561920166,0.5208510756492615,0.90382981300354,0.9412766098976135,6.1876749992370605,0.00731809000717476,0.022059845010517165
275,1.0377907752990723,33.64774703979492,0.351875901222229,4.7450761795043945,3.244715452194214,0.5208510756492615,0.90382981300354,0.9412766098976135,6.187570095062256,0.007471174001693726,0.02233667398104444
276,1.0377616882324219,33.69524383544922,0.35189419984817505,4.745028018951416,3.244694948196411,0.5208510756492615,0.9046808481216431,0.9412766098976135,6.187466144561768,0.0076434490038082,0.02210453897714615
277,1.0377331972122192,33.742618560791016,0.3519124388694763,4.744980335235596,3.2446746826171875,0.5208510756492615,0.9046808481216431,0.9412766098976135,6.187362194061279,0.007246204011607915,0.022084855008870363
278,1.037704586982727,33.78986740112305,0.35193052887916565,4.744934558868408,3.244654893875122,0.5208510756492615,0.9046808481216431,0.9412766098976135,6.187260627746582,0.007338442024774849,0.022105475014541298
279,1.0376763343811035,33.83699417114258,0.35194844007492065,4.744886875152588,3.2446351051330566,0.5208510756492615,0.9046808481216431,0.9412766098976135,6.187159538269043,0.0074464560020715,0.02213219500845298
280,1.0376484394073486,33.88399887084961,0.3519662618637085,4.744840621948242,3.2446157932281494,0.5208510756492615,0.9046808481216431,0.9412766098976135,6.187058448791504,0.007375874993158504,0.022079019981902093
281,1.0376205444335938,33.930885314941406,0.3519839942455292,4.744795322418213,3.244596242904663,0.5208510756492615,0.9046808481216431,0.9412766098976135,6.186959743499756,0.007319918979192153,0.022228792979149148
282,1.037592887878418,33.9776496887207,0.3520016372203827,4.744748592376709,3.2445766925811768,0.5208510756492615,0.9046808481216431,0.9412766098976135,6.186859607696533,0.007427995005855337,0.0223676820169203
283,1.0375654697418213,34.024295806884766,0.35201919078826904,4.744704246520996,3.2445576190948486,0.5208510756492615,0.9046808481216431,0.9412766098976135,6.18676233291626,0.007325620972551405,0.02204819698818028
284,1.0375380516052246,34.07081985473633,0.35203665494918823,4.744659423828125,3.2445387840270996,0.5208510756492615,0.9046808481216431,0.9412766098976135,6.1866655349731445,0.007723096990957856,0.021476126014022157
285,1.0375111103057861,34.11722946166992,0.35205402970314026,4.744614124298096,3.2445197105407715,0.5208510756492615,0.9046808481216431,0.9412766098976135,6.186569690704346,0.007387545017991215,0.021999184013111517
286,1.0374841690063477,34.16352081298828,0.3520713150501251,4.744569778442383,3.244501829147339,0.5208510756492615,0.9046808481216431,0.9412766098976135,6.186474800109863,0.007200424006441608,0.02093189599690959
287,1.0374573469161987,34.20969772338867,0.3520885407924652,4.744526386260986,3.24448299407959,0.5208510756492615,0.9046808481216431,0.9412766098976135,6.186380386352539,0.007754285994451493,0.021406070998637006
288,1.037430763244629,34.25575637817383,0.35210567712783813,4.744481563568115,3.244464874267578,0.5199999809265137,0.9046808481216431,0.9412766098976135,6.186286926269531,0.008049134019529447,0.022291433007922024
289,1.0374044179916382,34.30170440673828,0.3521227538585663,4.744439125061035,3.2444467544555664,0.5199999809265137,0.9046808481216431,0.9412766098976135,6.186193943023682,0.007505946006858721,0.021424831997137517
290,1.0373783111572266,34.3475341796875,0.3521397113800049,4.7443952560424805,3.2444286346435547,0.5199999809265137,0.9046808481216431,0.9412766098976135,6.186101913452148,0.007381222007097676,0.021168425999348983
291,1.037352204322815,34.393253326416016,0.35215654969215393,4.744352340698242,3.244410514831543,0.5199999809265137,0.9046808481216431,0.9412766098976135,6.186010837554932,0.007718309992924333,0.021531619015149772
292,1.0373263359069824,34.43886184692383,0.3521732985973358,4.744309902191162,3.2443928718566895,0.5199999809265137,0.9046808481216431,0.9412766098976135,6.185920238494873,0.007373924017883837,0.021337330021196976
293,1.0373005867004395,34.484352111816406,0.35218989849090576,4.744266510009766,3.244375228881836,0.5199999809265137,0.9046808481216431,0.9412766098976135,6.185830593109131,0.007352574000833556,0.02118406299268827
294,1.0372751951217651,34.52973937988281,0.35220643877983093,4.744224548339844,3.2443578243255615,0.5199999809265137,0.9046808481216431,0.9412766098976135,6.185741424560547,0.0072613999946042895,0.022176781989401206
295,1.0372498035430908,34.57501220703125,0.35222288966178894,4.74418306350708,3.244340419769287,0.5199999809265137,0.9046808481216431,0.9412766098976135,6.1856536865234375,0.007365943019976839,0.02133890599361621
296,1.0372246503829956,34.620174407958984,0.3522392511367798,4.74414587020874,3.2443230152130127,0.5199999809265137,0.9046808481216431,0.9412766098976135,6.18556547164917,0.007436871994286776,0.022126818977994844
297,1.0371997356414795,34.66522979736328,0.35225552320480347,4.744110107421875,3.2443063259124756,0.5199999809265137,0.9046808481216431,0.9412766098976135,6.185479164123535,0.0076105000043753535,0.02136569601134397
298,1.0371748208999634,34.71017837524414,0.35227176547050476,4.744074821472168,3.2442891597747803,0.5199999809265137,0.9046808481216431,0.9412766098976135,6.185393810272217,0.007735691004199907,0.021380685997428373
299,1.0371501445770264,34.7550163269043,0.3522879183292389,4.744040012359619,3.244272470474243,0.5208510756492615,0.9046808481216431,0.9412766098976135,6.185308933258057,0.0070601149927824736,0.02095985598862171
300,1.037125587463379,34.79975128173828,0.35230404138565063,4.744004726409912,3.244256019592285,0.5208510756492615,0.9046808481216431,0.9412766098976135,6.1852240562438965,0.007677706016693264,0.021357815014198422
301,1.0371010303497314,34.84437942504883,0.35232001543045044,4.743969917297363,3.244239091873169,0.5208510756492615,0.9055319428443909,0.9412766098976135,6.185140609741211,0.007623161014635116,0.022688555996865034
302,1.0370769500732422,34.88890075683594,0.35233598947525024,4.7439351081848145,3.244222402572632,0.5208510756492615,0.9055319428443909,0.9412766098976135,6.185056686401367,0.007516779995057732,0.02231855399440974
303,1.0370529890060425,34.933319091796875,0.3523518741130829,4.743899822235107,3.244206666946411,0.5208510756492615,0.9055319428443909,0.9412766098976135,6.184974670410156,0.007489454990718514,0.022238206991460174
304,1.0370291471481323,34.97763442993164,0.35236772894859314,4.743865489959717,3.2441904544830322,0.5199999809265137,0.9055319428443909,0.9412766098976135,6.1848931312561035,0.007624679972650483,0.021384436986409128
305,1.0370051860809326,35.02184295654297,0.35238343477249146,4.743832111358643,3.2441742420196533,0.5199999809265137,0.9055319428443909,0.9412766098976135,6.184812068939209,0.007590258988784626,0.021367531997384503
306,1.0369817018508911,35.065948486328125,0.3523990213871002,4.743798732757568,3.2441587448120117,0.5199999809265137,0.9055319428443909,0.9412766098976135,6.184731960296631,0.007627861021319404,0.021589700016193092
307,1.0369582176208496,35.109954833984375,0.352414608001709,4.743764877319336,3.244143009185791,0.5199999809265137,0.9055319428443909,0.9412766098976135,6.184652805328369,0.007670368009712547,0.021350647002691403
308,1.0369348526000977,35.15385818481445,0.3524300158023834,4.743731498718262,3.244127035140991,0.5199999809265137,0.9055319428443909,0.9412766098976135,6.184573173522949,0.00807727500796318,0.021527295000851154
309,1.0369117259979248,35.19765853881836,0.35244542360305786,4.7436981201171875,3.2441117763519287,0.5199999809265137,0.9055319428443909,0.9412766098976135,6.184494495391846,0.008111182978609577,0.02250565998838283
310,1.036888599395752,35.241363525390625,0.352460652589798,4.743666172027588,3.244096279144287,0.5199999809265137,0.9055319428443909,0.9412766098976135,6.184417724609375,0.0076876239909324795,0.02326313400408253
311,1.0368658304214478,35.28496551513672,0.3524758219718933,4.743632793426514,3.2440812587738037,0.5199999809265137,0.9055319428443909,0.9412766098976135,6.184340000152588,0.007435653009451926,0.021390467998571694
312,1.036842942237854,35.328468322753906,0.3524909019470215,4.743600368499756,3.244065761566162,0.5199999809265137,0.9055319428443909,0.9412766098976135,6.184263706207275,0.007631366985151544,0.021490337006980553
313,1.036820411682129,35.37187194824219,0.3525058925151825,4.743567943572998,3.2440507411956787,0.5199999809265137,0.9055319428443909,0.9412766098976135,6.184187412261963,0.0074662030092440546,0.021273013000609353
314,1.0367980003356934,35.41518020629883,0.35252079367637634,4.743536472320557,3.2440359592437744,0.5199999809265137,0.9055319428443909,0.9412766098976135,6.184112071990967,0.007305964012630284,0.02116178799769841
315,1.0367757081985474,35.45838928222656,0.35253575444221497,4.743504524230957,3.244020700454712,0.5199999809265137,0.9055319428443909,0.9412766098976135,6.184037685394287,0.007786075992044061,0.021415727998828515
316,1.0367534160614014,35.501502990722656,0.35255059599876404,4.743472576141357,3.244006395339966,0.5199999809265137,0.9055319428443909,0.9412766098976135,6.183963775634766,0.0072678270225878805,0.02218261201051064
317,1.0367313623428345,35.544517517089844,0.3525654375553131,4.743440628051758,3.2439918518066406,0.5199999809265137,0.9046808481216431,0.9412766098976135,6.183890342712402,0.007466429000487551,0.021225314994808286
318,1.0367093086242676,35.58744430541992,0.35258015990257263,4.743409633636475,3.2439773082733154,0.5199999809265137,0.9046808481216431,0.9412766098976135,6.183816909790039,0.007177471008617431,0.020969075994798914
319,1.0366877317428589,35.63026809692383,0.352594792842865,4.74337911605835,3.2439630031585693,0.5208510756492615,0.9046808481216431,0.9412766098976135,6.183745384216309,0.007699940993916243,0.021382242994150147
320,1.0366660356521606,35.67300033569336,0.3526093661785126,4.74334716796875,3.243948221206665,0.5208510756492615,0.9046808481216431,0.9412766098976135,6.1836724281311035,0.007645712001249194,0.02131953099160455
321,1.036644458770752,35.71563720703125,0.352623850107193,4.743317127227783,3.243934392929077,0.5208510756492615,0.9046808481216431,0.9412766098976135,6.183602333068848,0.007582152989925817,0.02151937098824419
322,1.036623239517212,35.758182525634766,0.35263824462890625,4.743285655975342,3.243919849395752,0.5208510756492615,0.9046808481216431,0.9412766098976135,6.183531284332275,0.007481383014237508,0.02119555399985984
323,1.0366019010543823,35.80063247680664,0.3526526093482971,4.743256092071533,3.243906021118164,0.5208510756492615,0.9046808481216431,0.9412766098976135,6.183460712432861,0.007015232986304909,0.020948695979313925
324,1.0365805625915527,35.842994689941406,0.35266685485839844,4.743225574493408,3.243892192840576,0.5208510756492615,0.90382981300354,0.9412766098976135,6.183391571044922,0.007106056989869103,0.020840419980231673
325,1.0365597009658813,35.88526153564453,0.3526810109615326,4.743195533752441,3.2438783645629883,0.5208510756492615,0.90382981300354,0.9412766098976135,6.183322906494141,0.007534308999311179,0.021380146004958078
326,1.03653883934021,35.92743682861328,0.352695107460022,4.743167400360107,3.2438650131225586,0.5208510756492615,0.90382981300354,0.9412766098976135,6.183253765106201,0.007381217990769073,0.02103142801206559
327,1.036517858505249,35.96952438354492,0.352709025144577,4.743140697479248,3.2438511848449707,0.5208510756492615,0.90382981300354,0.9412766098976135,6.1831865310668945,0.007186041009845212,0.02099037100560963
328,1.0364974737167358,36.01152038574219,0.3527229428291321,4.743112087249756,3.243837356567383,0.5208510756492615,0.90382981300354,0.9412766098976135,6.183117866516113,0.007573996001156047,0.021387054002843797
329,1.0364768505096436,36.05342483520508,0.35273680090904236,4.7430853843688965,3.2438244819641113,0.5208510756492615,0.90382981300354,0.9412766098976135,6.183051586151123,0.007357769994996488,0.02121463799267076
330,1.0364563465118408,36.09524154663086,0.35275059938430786,4.743058681488037,3.2438106536865234,0.5199999809265137,0.90382981300354,0.9412766098976135,6.182985305786133,0.007746571995085105,0.021612210985040292
331,1.0364362001419067,36.13697052001953,0.35276439785957336,4.743031978607178,3.243797779083252,0.5199999809265137,0.90382981300354,0.9412766098976135,6.182919502258301,0.008152942988090217,0.02229072799673304
332,1.0364160537719727,36.178611755371094,0.3527781367301941,4.743003845214844,3.2437844276428223,0.5199999809265137,0.90382981300354,0.9412766098976135,6.182854175567627,0.007547849992988631,0.02125840200460516
333,1.0363959074020386,36.22016525268555,0.35279178619384766,4.742978096008301,3.243771553039551,0.5199999809265137,0.90382981300354,0.9412766098976135,6.182789325714111,0.007429403020069003,0.02114456702838652
334,1.036375880241394,36.26163101196289,0.35280540585517883,4.7429518699646,3.2437586784362793,0.5199999809265137,0.90382981300354,0.9412766098976135,6.182724952697754,0.007620949996635318,0.021912847994826734
335,1.036355972290039,36.303009033203125,0.35281890630722046,4.74292516708374,3.2437455654144287,0.5199999809265137,0.90382981300354,0.9412766098976135,6.1826605796813965,0.007417258020723239,0.021263166010612622
336,1.0363364219665527,36.344303131103516,0.3528323471546173,4.742898941040039,3.2437326908111572,0.5199999809265137,0.90382981300354,0.9412766098976135,6.1825971603393555,0.007407521014101803,0.021335847006412223
337,1.0363167524337769,36.3855094909668,0.352845698595047,4.742873191833496,3.243720293045044,0.5199999809265137,0.90382981300354,0.9412766098976135,6.182534694671631,0.007475943013560027,0.02227569799288176
338,1.03629732131958,36.426631927490234,0.3528589606285095,4.742847442626953,3.2437076568603516,0.5199999809265137,0.90382981300354,0.9412766098976135,6.182471752166748,0.007646800979273394,0.021471290005138144
339,1.0362778902053833,36.46767044067383,0.35287216305732727,4.742822170257568,3.2436952590942383,0.5199999809265137,0.90382981300354,0.9412766098976135,6.182410717010498,0.0074725489830598235,0.02119375899201259
340,1.0362586975097656,36.50862121582031,0.35288527607917786,4.742796897888184,3.243682861328125,0.5199999809265137,0.90382981300354,0.9412766098976135,6.182348728179932,0.007227965979836881,0.02107314098975621
341,1.036239504814148,36.54949188232422,0.35289835929870605,4.742771148681641,3.243670701980591,0.5199999809265137,0.90382981300354,0.9412766098976135,6.182287693023682,0.007545804983237758,0.021405776991741732
342,1.0362203121185303,36.59027862548828,0.3529113233089447,4.742745876312256,3.2436585426330566,0.5199999809265137,0.90382981300354,0.9404255151748657,6.182227611541748,0.007450097007676959,0.021420830016722903
343,1.0362014770507812,36.6309814453125,0.35292428731918335,4.7427215576171875,3.2436466217041016,0.5208510756492615,0.90382981300354,0.9404255151748657,6.182167053222656,0.007651883992366493,0.021501748997252434
344,1.0361826419830322,36.671600341796875,0.3529372215270996,4.742696762084961,3.2436342239379883,0.5208510756492615,0.90382981300354,0.9404255151748657,6.182107925415039,0.007359393028309569,0.022200619016075507
345,1.0361638069152832,36.71213912963867,0.3529501259326935,4.742671966552734,3.2436225414276123,0.5217021107673645,0.90382981300354,0.9404255151748657,6.182048320770264,0.007582460006233305,0.02148165600374341
346,1.0361452102661133,36.75259780883789,0.35296300053596497,4.742648601531982,3.243610143661499,0.5217021107673645,0.90382981300354,0.9404255151748657,6.181989669799805,0.0075027789862360805,0.022157098981551826
347,1.0361268520355225,36.79297637939453,0.3529758155345917,4.7426276206970215,3.243598461151123,0.5217021107673645,0.9029787182807922,0.9404255151748657,6.181931495666504,0.007491288997698575,0.02219866300583817
348,1.0361082553863525,36.83327102661133,0.3529885709285736,4.742606163024902,3.243586778640747,0.5217021107673645,0.9029787182807922,0.9404255151748657,6.181872844696045,0.007622874982189387,0.022194894991116598
349,1.0360900163650513,36.87348556518555,0.3530012369155884,4.742586135864258,3.2435755729675293,0.5217021107673645,0.9021276831626892,0.9404255151748657,6.181816101074219,0.007743511989247054,0.022408639983041212
350,1.03607177734375,36.91361999511719,0.3530137836933136,4.742565155029297,3.243563652038574,0.5217021107673645,0.9021276831626892,0.9404255151748657,6.181758880615234,0.0073888890037778765,0.02216210201731883
351,1.0360536575317383,36.953678131103516,0.35302624106407166,4.742544651031494,3.2435522079467773,0.5217021107673645,0.9021276831626892,0.9404255151748657,6.181702136993408,0.007383591990219429,0.022015666007064283
352,1.0360355377197266,36.993656158447266,0.3530386984348297,4.74252462387085,3.2435405254364014,0.5217021107673645,0.9021276831626892,0.9404255151748657,6.181646347045898,0.007484959991415963,0.022185821988387033
353,1.036017656326294,37.03355407714844,0.353051096200943,4.742503643035889,3.243529796600342,0.5217021107673645,0.9021276831626892,0.9404255151748657,6.181590557098389,0.007524874003138393,0.022139736014651135
354,1.0359998941421509,37.0733757019043,0.3530633747577667,4.742483615875244,3.243518352508545,0.5208510756492615,0.9021276831626892,0.9404255151748657,6.181535243988037,0.007637205009814352,0.021414260001620278
355,1.0359821319580078,37.113121032714844,0.35307565331459045,4.7424635887146,3.243507146835327,0.5208510756492615,0.9021276831626892,0.9404255151748657,6.181480407714844,0.007330291991820559,0.02195372199639678
356,1.0359644889831543,37.15278625488281,0.3530879020690918,4.742444038391113,3.2434959411621094,0.5208510756492615,0.9021276831626892,0.9404255151748657,6.181426048278809,0.00748285002191551,0.021242034999886528
357,1.0359470844268799,37.19237518310547,0.35310009121894836,4.742424488067627,3.2434849739074707,0.5208510756492615,0.9021276831626892,0.9404255151748657,6.181371688842773,0.007839544006856158,0.021429073996841908
358,1.0359294414520264,37.23188781738281,0.35311222076416016,4.742404937744141,3.243474245071411,0.5208510756492615,0.9021276831626892,0.9404255151748657,6.181318283081055,0.007342173979850486,0.022204962995601818
359,1.0359121561050415,37.271324157714844,0.3531242907047272,4.742384433746338,3.2434630393981934,0.5208510756492615,0.9021276831626892,0.9404255151748657,6.181264400482178,0.0076430120097938925,0.02159273298457265
360,1.0358949899673462,37.31068420410156,0.3531363308429718,4.742364406585693,3.243452548980713,0.5208510756492615,0.9021276831626892,0.9404255151748657,6.181211948394775,0.007811707007931545,0.022108289995230734
361,1.0358777046203613,37.349971771240234,0.35314834117889404,4.742345333099365,3.243441581726074,0.5208510756492615,0.9021276831626892,0.9404255151748657,6.181159496307373,0.00759145399206318,0.02185980000649579
362,1.035860538482666,37.389183044433594,0.35316023230552673,4.742325782775879,3.2434310913085938,0.5208510756492615,0.9021276831626892,0.9404255151748657,6.181107044219971,0.00761785198119469,0.02193405298748985
363,1.0358436107635498,37.42831802368164,0.35317203402519226,4.742307186126709,3.2434208393096924,0.5208510756492615,0.9021276831626892,0.9395744800567627,6.181056022644043,0.007765049987938255,0.02208552000229247
364,1.0358266830444336,37.46738052368164,0.3531838059425354,4.742288112640381,3.243410110473633,0.5208510756492615,0.9021276831626892,0.9395744800567627,6.181004524230957,0.007919579977169633,0.022378520981874317
365,1.0358099937438965,37.506370544433594,0.3531954884529114,4.7422685623168945,3.2433996200561523,0.5208510756492615,0.9021276831626892,0.9395744800567627,6.180953025817871,0.007949958991957828,0.022126143012428656
366,1.0357930660247803,37.545284271240234,0.3532071113586426,4.742249965667725,3.243389368057251,0.5208510756492615,0.9029787182807922,0.9395744800567627,6.18090295791626,0.0074638590158429,0.021781667019240558
367,1.0357764959335327,37.584129333496094,0.3532187342643738,4.7422308921813965,3.2433791160583496,0.5208510756492615,0.9029787182807922,0.9395744800567627,6.180853366851807,0.007076654001139104,0.021996516996296123
368,1.0357599258422852,37.62289810180664,0.3532303273677826,4.742212295532227,3.243368625640869,0.5208510756492615,0.9029787182807922,0.9395744800567627,6.180803298950195,0.007630773994605988,0.022330769017571583
369,1.0357434749603271,37.66159439086914,0.35324180126190186,4.742193222045898,3.243358850479126,0.5199999809265137,0.9029787182807922,0.9395744800567627,6.180752754211426,0.0075099490059074014,0.02235294200363569
370,1.0357271432876587,37.70022201538086,0.3532532751560211,4.742175579071045,3.2433485984802246,0.5199999809265137,0.9029787182807922,0.9395744800567627,6.180704116821289,0.007503068016376346,0.022287825006060302
371,1.0357108116149902,37.73877716064453,0.353264719247818,4.742157459259033,3.2433385848999023,0.5199999809265137,0.9029787182807922,0.9395744800567627,6.180655479431152,0.007603392994496971,0.022324240009766072
372,1.0356947183609009,37.777259826660156,0.35327616333961487,4.742140769958496,3.24332857131958,0.5199999809265137,0.9029787182807922,0.9395744800567627,6.180607318878174,0.007406557007925585,0.02223374502500519
373,1.0356786251068115,37.815670013427734,0.35328757762908936,4.742123126983643,3.243318557739258,0.5199999809265137,0.9029787182807922,0.9395744800567627,6.180559158325195,0.0074638449877966195,0.0213823470112402
374,1.0356624126434326,37.85401153564453,0.3532988727092743,4.742105484008789,3.2433090209960938,0.5199999809265137,0.9029787182807922,0.9395744800567627,6.180510997772217,0.007704355986788869,0.02140084598795511
375,1.0356464385986328,37.89228439331055,0.35331013798713684,4.742088794708252,3.2432990074157715,0.5199999809265137,0.9029787182807922,0.9395744800567627,6.180463790893555,0.00790815701475367,0.022095645021181554
376,1.0356305837631226,37.93048858642578,0.3533213436603546,4.742071628570557,3.2432894706726074,0.5199999809265137,0.9029787182807922,0.9395744800567627,6.180416584014893,0.008049812982790172,0.022362048999639228
377,1.0356148481369019,37.96862030029297,0.35333251953125,4.742053985595703,3.2432799339294434,0.5199999809265137,0.9029787182807922,0.9395744800567627,6.180370330810547,0.0076533549872692674,0.02160937400185503
378,1.0355989933013916,38.006683349609375,0.3533436059951782,4.742037296295166,3.2432703971862793,0.5199999809265137,0.9029787182807922,0.9395744800567627,6.180323600769043,0.007503200002247468,0.0222147699969355
379,1.03558349609375,38.044681549072266,0.3533546030521393,4.742021083831787,3.2432610988616943,0.5199999809265137,0.9029787182807922,0.9395744800567627,6.180278301239014,0.0075190380157437176,0.02129864800372161
380,1.0355679988861084,38.08260726928711,0.35336557030677795,4.74200439453125,3.2432515621185303,0.5208510756492615,0.9029787182807922,0.9395744800567627,6.180232524871826,0.0074701989942695946,0.021265207993565127
381,1.0355522632598877,38.12046432495117,0.35337644815444946,4.7419867515563965,3.2432425022125244,0.5208510756492615,0.9029787182807922,0.9395744800567627,6.180186748504639,0.0076090880029369146,0.021365182008594275
382,1.0355370044708252,38.158260345458984,0.35338732600212097,4.741970539093018,3.2432329654693604,0.5208510756492615,0.9029787182807922,0.9395744800567627,6.180142402648926,0.007820406986866146,0.02146465197438374
383,1.0355216264724731,38.19598388671875,0.3533981740474701,4.7419538497924805,3.2432239055633545,0.5208510756492615,0.9029787182807922,0.9395744800567627,6.180098056793213,0.007845325017115101,0.02213074400788173
384,1.035506248474121,38.233642578125,0.35340896248817444,4.741936683654785,3.2432143688201904,0.5208510756492615,0.9029787182807922,0.9395744800567627,6.180052280426025,0.00754176898044534,0.021294100995874032
385,1.0354912281036377,38.27123260498047,0.3534197211265564,4.7419209480285645,3.2432053089141846,0.5208510756492615,0.9029787182807922,0.9395744800567627,6.180008411407471,0.00789441997767426,0.022187690978171304
386,1.0354759693145752,38.30875778198242,0.3534303903579712,4.741905212402344,3.2431962490081787,0.5208510756492615,0.9029787182807922,0.9395744800567627,6.179965972900391,0.007163316011428833,0.02091456501511857
387,1.035461187362671,38.346214294433594,0.3534410893917084,4.741888523101807,3.243187427520752,0.5208510756492615,0.9029787182807922,0.9395744800567627,6.179921627044678,0.007527526002377272,0.02121993899345398
388,1.0354461669921875,38.38360595703125,0.3534516990184784,4.741873741149902,3.243178606033325,0.5208510756492615,0.9029787182807922,0.9395744800567627,6.179878234863281,0.007356879999861121,0.022052545013139024
389,1.035431146621704,38.42093276977539,0.35346224904060364,4.741859436035156,3.2431695461273193,0.5208510756492615,0.9029787182807922,0.9395744800567627,6.179835796356201,0.007794003002345562,0.021466888982104138
390,1.0354164838790894,38.45819854736328,0.35347285866737366,4.74184513092041,3.2431607246398926,0.5208510756492615,0.9029787182807922,0.9395744800567627,6.179792881011963,0.007350490021053702,0.021071574999950826
391,1.0354018211364746,38.495391845703125,0.3534834384918213,4.741830348968506,3.243152141571045,0.5208510756492615,0.9029787182807922,0.9395744800567627,6.179750919342041,0.00744230198324658,0.02110825397539884
392,1.0353870391845703,38.532527923583984,0.35349395871162415,4.741815567016602,3.2431435585021973,0.5208510756492615,0.9029787182807922,0.9395744800567627,6.179708957672119,0.007229241018649191,0.021309634001227096
393,1.035372257232666,38.56959915161133,0.35350435972213745,4.7418012619018555,3.2431344985961914,0.5208510756492615,0.9029787182807922,0.9395744800567627,6.1796674728393555,0.007503451983211562,0.02129839500412345
394,1.03535795211792,38.60660171508789,0.353514701128006,4.741786956787109,3.243126153945923,0.5208510756492615,0.9029787182807922,0.9395744800567627,6.17962646484375,0.007533238007454202,0.022006254002917558
395,1.0353435277938843,38.6435432434082,0.3535250127315521,4.7417731285095215,3.243117570877075,0.5208510756492615,0.9029787182807922,0.9395744800567627,6.179585933685303,0.007871203008107841,0.021696632989915088
396,1.0353291034698486,38.680423736572266,0.3535352647304535,4.741758346557617,3.2431092262268066,0.5208510756492615,0.9029787182807922,0.9395744800567627,6.179544925689697,0.007344698009546846,0.021019462001277134
397,1.035314679145813,38.71724319458008,0.3535453975200653,4.741744041442871,3.243100881576538,0.5208510756492615,0.9029787182807922,0.9395744800567627,6.17950439453125,0.007327607017941773,0.021096204000059515
398,1.0353004932403564,38.75399398803711,0.3535555303096771,4.741729736328125,3.2430920600891113,0.5208510756492615,0.9029787182807922,0.9395744800567627,6.179463863372803,0.007297446980373934,0.021081846993183717
399,1.0352863073349,38.79068374633789,0.35356566309928894,4.741715431213379,3.243083953857422,0.5208510756492615,0.9029787182807922,0.9395744800567627,6.179424285888672,0.007658123009605333,0.021407385007478297
400,1.0352721214294434,38.82731246948242,0.3535757064819336,4.741701126098633,3.2430756092071533,0.5208510756492615,0.9021276831626892,0.9395744800567627,6.179383754730225,0.007628047023899853,0.021315356018021703
401,1.0352580547332764,38.8638801574707,0.35358577966690063,4.741687774658203,3.243067741394043,0.5208510756492615,0.9021276831626892,0.9395744800567627,6.17934513092041,0.0073040699935518205,0.021089852001750842
402,1.0352442264556885,38.900386810302734,0.3535958528518677,4.741673946380615,3.2430593967437744,0.5208510756492615,0.9021276831626892,0.9395744800567627,6.1793060302734375,0.007452130987076089,0.021294776001013815
403,1.035230278968811,38.936832427978516,0.3536059558391571,4.741660118103027,3.243051528930664,0.5208510756492615,0.9021276831626892,0.9395744800567627,6.179267883300781,0.007475999009329826,0.021298648993251845
404,1.0352164506912231,38.97321701049805,0.35361596941947937,4.741645812988281,3.2430431842803955,0.5208510756492615,0.9021276831626892,0.9395744800567627,6.179228782653809,0.0074552509759087116,0.021298834995832294
405,1.0352027416229248,39.00954055786133,0.35362592339515686,4.741632461547852,3.243035316467285,0.5208510756492615,0.9021276831626892,0.9395744800567627,6.179190635681152,0.007257839984958991,0.021133382979314774
406,1.0351890325546265,39.045806884765625,0.35363584756851196,4.741619110107422,3.2430272102355957,0.5208510756492615,0.9021276831626892,0.9395744800567627,6.179152488708496,0.007496326987165958,0.0213776660093572
407,1.0351753234863281,39.082008361816406,0.3536457121372223,4.741605281829834,3.2430193424224854,0.5208510756492615,0.9021276831626892,0.9395744800567627,6.179114818572998,0.007550334994448349,0.021555629005888477
408,1.0351617336273193,39.1181526184082,0.35365548729896545,4.741591930389404,3.243011474609375,0.5208510756492615,0.9021276831626892,0.9395744800567627,6.1790771484375,0.007759707979857922,0.02156208798987791
409,1.0351481437683105,39.15423583984375,0.35366520285606384,4.741578102111816,3.2430036067962646,0.5208510756492615,0.9021276831626892,0.9395744800567627,6.179039478302002,0.007654132001334801,0.021513192012207583
410,1.0351346731185913,39.19026184082031,0.3536747992038727,4.741565227508545,3.2429959774017334,0.5208510756492615,0.9021276831626892,0.9395744800567627,6.179003715515137,0.007736753992503509,0.021451891981996596
411,1.035121202468872,39.22623062133789,0.35368436574935913,4.741552352905273,3.242988109588623,0.5208510756492615,0.9021276831626892,0.9395744800567627,6.178966999053955,0.007519952981965616,0.021359770995331928
412,1.0351080894470215,39.26213455200195,0.3536939024925232,4.741539001464844,3.242980480194092,0.5208510756492615,0.9021276831626892,0.9395744800567627,6.178930759429932,0.007415775005938485,0.02212887501809746
413,1.0350947380065918,39.2979850769043,0.35370340943336487,4.741526126861572,3.2429733276367188,0.5208510756492615,0.9021276831626892,0.9395744800567627,6.178894996643066,0.007381720992270857,0.021090277994517237
414,1.0350816249847412,39.333778381347656,0.35371294617652893,4.741512775421143,3.2429656982421875,0.5208510756492615,0.9012765884399414,0.9395744800567627,6.178859233856201,0.007198778010206297,0.02109198400285095
415,1.0350682735443115,39.369510650634766,0.35372254252433777,4.741499423980713,3.2429583072662354,0.5208510756492615,0.9012765884399414,0.9395744800567627,6.178822994232178,0.007543568994151428,0.0221761470020283
416,1.03505539894104,39.40518569946289,0.35373207926750183,4.7414870262146,3.242950201034546,0.5208510756492615,0.9012765884399414,0.9395744800567627,6.178788185119629,0.007417808985337615,0.022170038981130347
417,1.0350422859191895,39.4408073425293,0.3537416458129883,4.741473197937012,3.242943048477173,0.5208510756492615,0.9012765884399414,0.9395744800567627,6.1787519454956055,0.0075615160167217255,0.021260559995425865
418,1.0350292921066284,39.47636795043945,0.3537510931491852,4.741460800170898,3.2429354190826416,0.5217021107673645,0.9012765884399414,0.9395744800567627,6.178717136383057,0.007474110985640436,0.021532590995775536
419,1.0350162982940674,39.511871337890625,0.3537605404853821,4.741447448730469,3.2429285049438477,0.5217021107673645,0.9012765884399414,0.9395744800567627,6.178682804107666,0.007573539012810215,0.021448198007419705
420,1.035003662109375,39.54732131958008,0.3537699282169342,4.741435527801514,3.2429211139678955,0.5217021107673645,0.9012765884399414,0.9395744800567627,6.178648471832275,0.007553289004135877,0.021636902005411685
421,1.0349907875061035,39.58271408081055,0.3537791967391968,4.741422176361084,3.2429139614105225,0.5217021107673645,0.9012765884399414,0.9395744800567627,6.178614139556885,0.007716033986071125,0.02198384900111705
422,1.034977912902832,39.61804962158203,0.3537884056568146,4.741409778594971,3.2429068088531494,0.5217021107673645,0.9012765884399414,0.9395744800567627,6.1785807609558105,0.007703684997977689,0.02200990600977093
423,1.0349652767181396,39.6533317565918,0.3537974953651428,4.741396903991699,3.2428996562957764,0.5217021107673645,0.9012765884399414,0.9395744800567627,6.1785454750061035,0.007897001021774486,0.02208391501335427
424,1.0349526405334473,39.68855667114258,0.3538065552711487,4.741384029388428,3.2428925037384033,0.5217021107673645,0.9012765884399414,0.9395744800567627,6.1785125732421875,0.008038067986490205,0.022523331979755312
425,1.034940242767334,39.72372817993164,0.35381561517715454,4.741373062133789,3.2428855895996094,0.5225532054901123,0.9012765884399414,0.9395744800567627,6.17848014831543,0.007975281972903758,0.02213245799066499
426,1.0349276065826416,39.75884246826172,0.3538246750831604,4.741359233856201,3.2428786754608154,0.5225532054901123,0.9012765884399414,0.9395744800567627,6.1784467697143555,0.0077703169954475015,0.021493936015758663
427,1.0349152088165283,39.79390335083008,0.35383379459381104,4.741347312927246,3.242871046066284,0.5225532054901123,0.9012765884399414,0.9395744800567627,6.178413391113281,0.007923422002932057,0.022291425004368648
428,1.034902811050415,39.82891082763672,0.35384291410446167,4.741335391998291,3.2428646087646484,0.5225532054901123,0.9012765884399414,0.9395744800567627,6.178381443023682,0.007896998024079949,0.022200366016477346
429,1.0348904132843018,39.863861083984375,0.3538520038127899,4.7413225173950195,3.2428576946258545,0.5225532054901123,0.9012765884399414,0.9395744800567627,6.178348541259766,0.007457605010131374,0.021953869989374653
430,1.0348780155181885,39.89875793457031,0.353861004114151,4.741310119628906,3.2428507804870605,0.5225532054901123,0.9012765884399414,0.9395744800567627,6.178316116333008,0.0074124690145254135,0.021788801008369774
431,1.0348658561706543,39.93360137939453,0.3538699746131897,4.741298198699951,3.2428441047668457,0.5225532054901123,0.9012765884399414,0.9395744800567627,6.178284645080566,0.007768904994009063,0.022193621000042185
432,1.0348536968231201,39.9683952331543,0.35387885570526123,4.741285800933838,3.2428369522094727,0.5225532054901123,0.9012765884399414,0.9395744800567627,6.178252220153809,0.007752209989121184,0.021281105000525713
433,1.034841537475586,40.00313186645508,0.3538877069950104,4.741274356842041,3.242830514907837,0.5225532054901123,0.9012765884399414,0.9395744800567627,6.178220748901367,0.0076639770122710615,0.021467193990247324
434,1.0348294973373413,40.03781509399414,0.35389649868011475,4.7412614822387695,3.242823839187622,0.5225532054901123,0.9012765884399414,0.9395744800567627,6.178189277648926,0.007642470009159297,0.021453677996760234
435,1.0348174571990967,40.07244873046875,0.35390526056289673,4.741250991821289,3.2428171634674072,0.5225532054901123,0.9012765884399414,0.9395744800567627,6.178158760070801,0.00771167001221329,0.021148547006305307
436,1.034805417060852,40.107025146484375,0.3539140224456787,4.741238594055176,3.2428107261657715,0.5225532054901123,0.9012765884399414,0.9395744800567627,6.178128242492676,0.007070546998875216,0.02097592898644507
437,1.0347936153411865,40.14155197143555,0.35392266511917114,4.7412261962890625,3.2428038120269775,0.5225532054901123,0.9012765884399414,0.9395744800567627,6.178097248077393,0.007190914999227971,0.021261412010062486
438,1.0347816944122314,40.176025390625,0.35393136739730835,4.741214752197266,3.2427978515625,0.5225532054901123,0.9012765884399414,0.9395744800567627,6.178066730499268,0.007594035007059574,0.021332056989194825
439,1.0347697734832764,40.21044921875,0.3539399802684784,4.7412028312683105,3.242791175842285,0.5225532054901123,0.9012765884399414,0.9395744800567627,6.178036212921143,0.007542692997958511,0.02126782201230526
440,1.0347580909729004,40.24481964111328,0.35394859313964844,4.741190433502197,3.2427847385406494,0.5225532054901123,0.9012765884399414,0.9395744800567627,6.178005218505859,0.007719673012616113,0.021437926014186814
441,1.0347464084625244,40.279136657714844,0.3539572060108185,4.741179943084717,3.2427783012390137,0.5225532054901123,0.9012765884399414,0.9395744800567627,6.177977085113525,0.00769413000671193,0.021479885006556287
442,1.0347347259521484,40.31340408325195,0.3539658486843109,4.741168022155762,3.242772102355957,0.5225532054901123,0.9012765884399414,0.9395744800567627,6.177947521209717,0.007739293010672554,0.022111147991381586
443,1.034723162651062,40.347625732421875,0.35397446155548096,4.741156101226807,3.2427656650543213,0.5225532054901123,0.9012765884399414,0.9395744800567627,6.177917003631592,0.007875208015320823,0.022152243996970356
444,1.0347115993499756,40.38179016113281,0.3539830148220062,4.74114465713501,3.2427592277526855,0.5225532054901123,0.9012765884399414,0.9395744800567627,6.177887916564941,0.007788827002514154,0.021637219993863255
445,1.0347000360488892,40.4159049987793,0.3539915680885315,4.741133689880371,3.242753028869629,0.5225532054901123,0.9012765884399414,0.9395744800567627,6.177859783172607,0.007667385012609884,0.021544131013797596
446,1.0346887111663818,40.44997024536133,0.3540000319480896,4.741121768951416,3.2427468299865723,0.5225532054901123,0.9012765884399414,0.9395744800567627,6.177830219268799,0.00836771898320876,0.022886678983923048
447,1.034677267074585,40.48398208618164,0.35400840640068054,4.741109848022461,3.2427408695220947,0.5225532054901123,0.9012765884399414,0.9395744800567627,6.177801609039307,0.008097813988570124,0.022697376989526674
448,1.0346657037734985,40.517948150634766,0.3540167212486267,4.7410993576049805,3.242734909057617,0.5225532054901123,0.9012765884399414,0.9395744800567627,6.1777729988098145,0.00787317898357287,0.02179224300198257
449,1.0346543788909912,40.55186462402344,0.3540249168872833,4.741087913513184,3.2427284717559814,0.5225532054901123,0.9012765884399414,0.9395744800567627,6.177745342254639,0.007966336997924373,0.021755317982751876
450,1.0346431732177734,40.58572769165039,0.3540331721305847,4.741076946258545,3.242722272872925,0.5225532054901123,0.9012765884399414,0.9395744800567627,6.177716255187988,0.007551878021331504,0.021166833001188934
451,1.0346319675445557,40.619544982910156,0.3540413975715637,4.7410664558410645,3.2427165508270264,0.5225532054901123,0.9012765884399414,0.9395744800567627,6.177689075469971,0.007098879985278472,0.020910277991788462
452,1.0346208810806274,40.65331268310547,0.3540496826171875,4.741055965423584,3.242710590362549,0.5225532054901123,0.9012765884399414,0.9395744800567627,6.177661418914795,0.007429358985973522,0.021299472980899736
453,1.0346096754074097,40.68703079223633,0.3540579676628113,4.741044998168945,3.2427046298980713,0.5225532054901123,0.9012765884399414,0.9395744800567627,6.177633762359619,0.007734504994004965,0.02141852499335073
454,1.0345985889434814,40.720699310302734,0.35406628251075745,4.741035461425781,3.2426986694335938,0.5234042406082153,0.9012765884399414,0.9395744800567627,6.177606105804443,0.007631718006450683,0.02142147399717942
455,1.0345876216888428,40.75432205200195,0.35407453775405884,4.741024971008301,3.242692708969116,0.5234042406082153,0.9012765884399414,0.9395744800567627,6.177578926086426,0.007365005993051454,0.021336575999157503
456,1.034576654434204,40.78789520263672,0.35408276319503784,4.741015434265137,3.2426869869232178,0.5234042406082153,0.9012765884399414,0.9395744800567627,6.177551746368408,0.007405884010950103,0.02136929502012208
457,1.0345655679702759,40.82141876220703,0.3540908694267273,4.741004943847656,3.2426812648773193,0.5234042406082153,0.9012765884399414,0.9395744800567627,6.177525043487549,0.0077832440147176385,0.022108739998657256
458,1.0345547199249268,40.854896545410156,0.3540988862514496,4.740996360778809,3.242675304412842,0.5234042406082153,0.9012765884399414,0.9395744800567627,6.1774983406066895,0.007480119005776942,0.02178492900566198
459,1.0345439910888672,40.88832473754883,0.3541068136692047,4.740991592407227,3.2426700592041016,0.5234042406082153,0.9012765884399414,0.9395744800567627,6.177472114562988,0.007578325021313503,0.02130810302332975
460,1.0345330238342285,40.92170715332031,0.35411474108695984,4.740985870361328,3.242664098739624,0.5234042406082153,0.9012765884399414,0.9395744800567627,6.177446365356445,0.007854922994738445,0.02219335301197134
461,1.034522294998169,40.95504379272461,0.3541226089000702,4.7409796714782715,3.2426581382751465,0.5234042406082153,0.9012765884399414,0.9395744800567627,6.177419662475586,0.007867519016144797,0.022060969000449404
462,1.0345115661621094,40.98833084106445,0.3541305363178253,4.740973949432373,3.242652654647827,0.5234042406082153,0.9012765884399414,0.9395744800567627,6.177393436431885,0.0077372100204229355,0.021370441012550145
463,1.0345008373260498,41.02157211303711,0.3541385233402252,4.740969181060791,3.242647171020508,0.5242553353309631,0.9012765884399414,0.9395744800567627,6.177368640899658,0.007853794988477603,0.022096456988947466
464,1.0344902276992798,41.05476379394531,0.3541465103626251,4.740963459014893,3.2426416873931885,0.5242553353309631,0.9012765884399414,0.9395744800567627,6.177342891693115,0.007909403997473419,0.02218313599587418
465,1.0344796180725098,41.08790969848633,0.35415446758270264,4.740957736968994,3.242636203765869,0.5242553353309631,0.9012765884399414,0.9395744800567627,6.177317142486572,0.008002549991942942,0.022243960993364453
466,1.0344691276550293,41.12101364135742,0.35416245460510254,4.7409515380859375,3.24263072013855,0.5242553353309631,0.9012765884399414,0.9395744800567627,6.177291393280029,0.007863972976338118,0.022224715998163447
467,1.0344586372375488,41.15406799316406,0.3541702926158905,4.7409467697143555,3.2426249980926514,0.5251063704490662,0.9004255533218384,0.9395744800567627,6.1772661209106445,0.007936543988762423,0.022156141989398748
468,1.0344481468200684,41.187076568603516,0.3541780710220337,4.740942478179932,3.242619752883911,0.5251063704490662,0.9004255533218384,0.9395744800567627,6.177241802215576,0.00764822299242951,0.022049694001907483
469,1.034437894821167,41.22003936767578,0.3541858196258545,4.740936756134033,3.2426140308380127,0.5251063704490662,0.9004255533218384,0.9395744800567627,6.177217960357666,0.007494622986996546,0.021866511000553146
470,1.0344274044036865,41.25295639038086,0.3541935086250305,4.740931034088135,3.2426087856292725,0.5251063704490662,0.9004255533218384,0.9395744800567627,6.177192687988281,0.007976172986673191,0.022380271984729916
471,1.034416913986206,41.285831451416016,0.35420116782188416,4.7409257888793945,3.2426037788391113,0.5251063704490662,0.9004255533218384,0.9395744800567627,6.177168369293213,0.008054042991716415,0.022321872995235026
472,1.0344066619873047,41.31865692138672,0.3542087972164154,4.740920543670654,3.242598295211792,0.5251063704490662,0.9004255533218384,0.9395744800567627,6.177143573760986,0.0075646190089173615,0.021403268008725718
473,1.0343964099884033,41.351436614990234,0.35421639680862427,4.740914821624756,3.2425930500030518,0.5251063704490662,0.9004255533218384,0.9395744800567627,6.177119731903076,0.007999133988050744,0.02173977901111357
474,1.034386157989502,41.384178161621094,0.35422396659851074,4.740909099578857,3.2425878047943115,0.5251063704490662,0.9004255533218384,0.9395744800567627,6.177095413208008,0.007612310990225524,0.022180706990184262
475,1.0343761444091797,41.4168701171875,0.3542315661907196,4.740903854370117,3.2425825595855713,0.5251063704490662,0.9004255533218384,0.9395744800567627,6.177071571350098,0.007940057024825364,0.02222184301353991
476,1.0343660116195679,41.44951629638672,0.35423916578292847,4.74090051651001,3.2425777912139893,0.5251063704490662,0.8995744585990906,0.9395744800567627,6.177048206329346,0.007965370983583853,0.022282969992375
477,1.0343557596206665,41.482120513916016,0.35424670577049255,4.740897178649902,3.242572069168091,0.5242553353309631,0.8995744585990906,0.9395744800567627,6.1770243644714355,0.0071851389948278666,0.021884544985368848
478,1.0343456268310547,41.514678955078125,0.35425421595573425,4.740893363952637,3.2425668239593506,0.5242553353309631,0.8995744585990906,0.9395744800567627,6.177001476287842,0.0076625549991149455,0.02227689401479438
479,1.0343358516693115,41.54719543457031,0.35426169633865356,4.740891456604004,3.2425620555877686,0.5242553353309631,0.9004255533218384,0.9395744800567627,6.176978588104248,0.007690258004004136,0.021451007982250303
480,1.0343258380889893,41.57966613769531,0.35426923632621765,4.740888595581055,3.2425570487976074,0.5242553353309631,0.9004255533218384,0.9395744800567627,6.176955223083496,0.007883749000029638,0.02155084500554949
481,1.034315824508667,41.61209487915039,0.35427671670913696,4.740885257720947,3.2425520420074463,0.5242553353309631,0.9004255533218384,0.9395744800567627,6.1769328117370605,0.008038930973270908,0.02220971998758614
482,1.0343060493469238,41.64448165893555,0.3542841672897339,4.740882396697998,3.242547035217285,0.5242553353309631,0.9004255533218384,0.9395744800567627,6.176909446716309,0.0075746319780591875,0.021442794997710735
483,1.0342960357666016,41.676822662353516,0.35429155826568604,4.740879535675049,3.242542028427124,0.5242553353309631,0.9004255533218384,0.9395744800567627,6.176887035369873,0.007760956999845803,0.021377753000706434
484,1.0342862606048584,41.70912170410156,0.3542988896369934,4.740876197814941,3.242537021636963,0.5242553353309631,0.9004255533218384,0.9395744800567627,6.1768646240234375,0.007651141000678763,0.021437153016449884
485,1.0342764854431152,41.74137496948242,0.3543062210083008,4.740873336791992,3.2425317764282227,0.5242553353309631,0.9004255533218384,0.9395744800567627,6.176843166351318,0.007585014012875035,0.021417005016701296
486,1.034266710281372,41.773590087890625,0.3543134927749634,4.740870475769043,3.2425272464752197,0.5242553353309631,0.9004255533218384,0.9395744800567627,6.176820278167725,0.007420041016303003,0.021265032002702355
487,1.034257173538208,41.80575942993164,0.35432079434394836,4.740867614746094,3.2425222396850586,0.5242553353309631,0.9004255533218384,0.9395744800567627,6.176797866821289,0.007343998004216701,0.02146364501095377
488,1.0342473983764648,41.837886810302734,0.35432809591293335,4.740864276885986,3.2425174713134766,0.5242553353309631,0.9004255533218384,0.9395744800567627,6.17677640914917,0.007710402976954356,0.021511892991838977
489,1.0342378616333008,41.869972229003906,0.35433536767959595,4.740861892700195,3.2425124645233154,0.5251063704490662,0.9004255533218384,0.9395744800567627,6.176754474639893,0.008055010985117406,0.022164250985952094
490,1.0342282056808472,41.902015686035156,0.35434260964393616,4.740859508514404,3.2425079345703125,0.5251063704490662,0.9004255533218384,0.9395744800567627,6.176732540130615,0.007562126003904268,0.021417838986963034
491,1.034218668937683,41.93402099609375,0.354349821805954,4.740856170654297,3.2425029277801514,0.5251063704490662,0.9004255533218384,0.9395744800567627,6.176711559295654,0.007521467981860042,0.022343144984915853
492,1.0342092514038086,41.965980529785156,0.3543570041656494,4.740853786468506,3.2424986362457275,0.5251063704490662,0.9004255533218384,0.9395744800567627,6.176690578460693,0.0075139119871892035,0.022072138002840802
493,1.0341997146606445,41.997901916503906,0.3543641269207001,4.740850925445557,3.2424938678741455,0.5251063704490662,0.9004255533218384,0.9395744800567627,6.176668643951416,0.007609542983118445,0.021417954994831234
494,1.03419029712677,42.0297737121582,0.35437119007110596,4.740848541259766,3.2424890995025635,0.5251063704490662,0.9004255533218384,0.9395744800567627,6.1766486167907715,0.007415018015308306,0.02157497499138117
495,1.0341808795928955,42.06161117553711,0.35437822341918945,4.740845203399658,3.2424845695495605,0.5251063704490662,0.9004255533218384,0.9395744800567627,6.1766276359558105,0.007433667982695624,0.021213612984865904
496,1.0341715812683105,42.093406677246094,0.35438525676727295,4.740843772888184,3.2424798011779785,0.5251063704490662,0.9004255533218384,0.9395744800567627,6.17660665512085,0.007926772988867015,0.022143707989016548
497,1.0341620445251465,42.125160217285156,0.35439226031303406,4.740840911865234,3.2424755096435547,0.5251063704490662,0.9004255533218384,0.9395744800567627,6.176585674285889,0.008117666991893202,0.022446191986091435
498,1.0341527462005615,42.15687561035156,0.354399174451828,4.740837574005127,3.2424707412719727,0.5251063704490662,0.9004255533218384,0.9395744800567627,6.176565170288086,0.007914711983175948,0.02218954698764719
499,1.0341434478759766,42.18854904174805,0.3544061779975891,4.7408342361450195,3.2424659729003906,0.5251063704490662,0.9004255533218384,0.9395744800567627,6.176544189453125,0.007680380978854373,0.02164186298614368
