iteration,loss,lengthscale,outputscale,likelyhood_noise,test_MAE,test_NLL,test_PICP50,test_PICP90,test_PICP95,test_RMSE,it_time_training,it_time
0,1.3218114297732761,2.432531823273956,0.4377964832167416,0.3174538945852946,0.544209125469533,1.055248129162077,0.5582706928253174,0.9078947305679321,0.9398496150970459,0.7071819834116565,0.5780014339834452,0.6757321255281568
1,1.2367489349012495,2.5581188326419793,0.4877771805574187,0.28881156495882854,0.5409109592327963,1.049059541793695,0.5582706928253174,0.9041353464126587,0.9417293071746826,0.7045785289609506,0.2506683822721243,0.3232684712857008
2,1.2284531247804251,3.0488208733243276,0.6914967793474086,0.21645209596080142,0.5345009628348477,1.0326709823189164,0.5432330965995789,0.9003759622573853,0.9436089992523193,0.6963562818590251,0.25441121589392424,0.32793414779007435
3,1.2155179869056678,3.306611460802026,0.6327822047027973,0.24749548111366793,0.5331169735596517,1.0316850611140305,0.530075192451477,0.8928571343421936,0.9379699230194092,0.693613721212477,0.2527713468298316,0.3257686421275139
4,1.2112389493229403,3.7815896600893044,0.550250797614768,0.33292846965180906,0.5321137864208573,1.0315987780769216,0.5357142686843872,0.8984962701797485,0.9454887509346008,0.6904337391730724,0.3796388413757086,0.45179358404129744
5,1.2037635599227172,4.339363290710384,0.48407886715838144,0.42139933497158677,0.5328383210309175,1.0346338085744016,0.5432330965995789,0.9097744226455688,0.9492481350898743,0.6891333074026543,0.38267588894814253,0.4555372977629304
6,1.1993215342195467,5.18439978208996,0.46084388250160335,0.47418995002580816,0.5337201169523063,1.0361017993683002,0.5469924807548523,0.9135338068008423,0.9492481350898743,0.6878943479225245,0.253807439468801,0.3262800592929125
7,1.1951768390715818,6.5767604348594695,0.4905728656102013,0.4698833691638267,0.5339646466029829,1.0340272598132085,0.5263158082962036,0.9078947305679321,0.9436089992523193,0.6863520000167886,0.2531853737309575,0.3260141909122467
8,1.1891389338755256,8.161372478298713,0.5001234702121709,0.4938825345970298,0.5359382836955683,1.036043119867246,0.5131579041481018,0.9078947305679321,0.9436089992523193,0.6865800303132651,0.25421368703246117,0.3273955509066582
9,1.1862846053449327,9.80812377544123,0.5235040012389136,0.5114754058298905,0.5375250388116273,1.0384773140788266,0.5225563645362854,0.9078947305679321,0.9417293071746826,0.6875161264197244,0.2539146477356553,0.3262718990445137
10,1.184352237035949,11.304738850140794,0.5692121673475264,0.5123871938583145,0.538142176395984,1.0398392689557785,0.5150375962257385,0.9078947305679321,0.9398496150970459,0.6879573654603167,0.2533943522721529,0.32561250403523445
11,1.1833929935995264,12.911599796443323,0.6097773910759682,0.5325076961748992,0.5390741482375746,1.0412555064135398,0.518796980381012,0.9060150384902954,0.9436089992523193,0.6886431447540038,0.2544540837407112,0.32770904805511236
12,1.1829978944686323,13.889111520924896,0.6659322684306483,0.5258496718072487,0.5389794680592099,1.0415573583677196,0.5112782120704651,0.9041353464126587,0.9436089992523193,0.6886737919967366,0.255379406735301,0.32809977512806654
13,1.1827833794406455,14.606540730123632,0.710122336156786,0.5277380824375204,0.5389988986950576,1.0417411112307962,0.5150375962257385,0.902255654335022,0.9436089992523193,0.6887447024490609,0.2552059292793274,0.3275304203853011
14,1.1826873405458262,15.241801664107244,0.7871419472576971,0.5297862600989064,0.5382887789398888,1.0407220897248106,0.5131579041481018,0.9041353464126587,0.9436089992523193,0.6881008011190094,0.2551451288163662,0.3284641522914171
15,1.1824012210283583,15.482783825473238,0.8564123606669173,0.5292131971545723,0.5375239491887543,1.0394787344417016,0.5131579041481018,0.9041353464126587,0.9436089992523193,0.6873496014882141,0.2553985873237252,0.32863766234368086
16,1.1822686804776448,15.574121242392016,0.8751793552588668,0.5292771319328179,0.5374809623968487,1.039352843305689,0.5150375962257385,0.9060150384902954,0.9436089992523193,0.6872828334332546,0.25452805310487747,0.3267445648089051
17,1.1822509149792757,15.84552872247818,0.9229892336005168,0.5294718802606246,0.5376075973918755,1.0393364010594668,0.5112782120704651,0.9078947305679321,0.9436089992523193,0.6873088895404549,0.2548285024240613,0.32880043145269156
18,1.1822129080075576,15.99631620245909,0.9469584806655619,0.5295078335868326,0.5378313833592527,1.0395392712908544,0.5150375962257385,0.9078947305679321,0.9436089992523193,0.6874670056919875,0.2528976360335946,0.3263731487095356
19,1.1821926630134936,16.10834015491782,0.9672551608057002,0.529241394428574,0.5380350160936106,1.0396790574555426,0.5150375962257385,0.9097744226455688,0.9436089992523193,0.6876106400666422,0.2553062979131937,0.3277765279635787
20,1.1821692856518968,16.134755116843163,0.9812243659433371,0.5286518083593754,0.538222283437149,1.0397638396945124,0.5169172883033752,0.9116541147232056,0.9436089992523193,0.6877556615497317,0.2546119736507535,0.3277686284855008
21,1.1821463364761924,16.086790419534807,0.9828354601960825,0.5281208972771869,0.5381963982965027,1.0396958920964061,0.5206766724586487,0.9116541147232056,0.9454887509346008,0.6877566690314731,0.2553524971008301,0.3280867263674736
22,1.1821336106993756,16.019190527712592,0.976654262099669,0.5278610773509639,0.5380923858607907,1.0395750954790994,0.5169172883033752,0.9116541147232056,0.9454887509346008,0.6876948679985119,0.25510457996279,0.32745827082544565
23,1.1821261578345326,16.010508335898425,0.973851114410976,0.5278687488443804,0.5380503455954277,1.0395316494587266,0.5169172883033752,0.9116541147232056,0.9454887509346008,0.6876592126874004,0.25574924517422915,0.3288225904107094
24,1.182124033633426,15.990350717460668,0.9677797502407597,0.527985627177633,0.5380367835780939,1.0395064257133888,0.5150375962257385,0.9116541147232056,0.9454887509346008,0.687628805625933,0.25570569559931755,0.3284574141725898
25,1.1821201717616152,15.979211650017406,0.9638712562734095,0.5280362416093028,0.5380684389337348,1.0395173079454392,0.5150375962257385,0.9116541147232056,0.9454887509346008,0.6876270385218178,0.2557487552985549,0.32809917628765106
26,1.1821179182124117,15.988169998786054,0.964318542598388,0.5280481336256071,0.538099926604766,1.0395357422921923,0.5150375962257385,0.9116541147232056,0.9454887509346008,0.6876381861174096,0.25559325609356165,0.32882387936115265
27,1.182117441284369,15.995887068793314,0.9649783500300956,0.5280594875097474,0.538116262723774,1.0395443860472608,0.5150375962257385,0.9116541147232056,0.9454887509346008,0.6876453962732969,0.25628993939608335,0.3290424672886729
28,1.1821173124647288,16.00159014451683,0.9648986795778285,0.5280790695229015,0.5381274995446341,1.0395479272529509,0.5150375962257385,0.9116541147232056,0.9454887509346008,0.6876491786326256,0.25614619068801403,0.32852965220808983
29,1.182117181256745,16.005734009803103,0.9634463937597502,0.5281181310698276,0.5381360917719202,1.0395451185357392,0.5131579041481018,0.9116541147232056,0.9454887509346008,0.6876483518569412,0.2563443901017308,0.3297466831281781
30,1.182116990066361,16.002886389358817,0.9616065664166159,0.5281400425612298,0.5381319277052603,1.039536077275192,0.5131579041481018,0.9116541147232056,0.9454887509346008,0.6876414381463267,0.2560996422544122,0.3285773126408458
31,1.1821168963207271,15.998981866311523,0.9606116407214231,0.528135949463848,0.5381264576094016,1.039528203194172,0.5131579041481018,0.9116541147232056,0.9454887509346008,0.6876347106669923,0.2547976626083255,0.3277622377499938
32,1.1821168570927498,15.996614257212297,0.9601417174962287,0.5281306718542027,0.5381241901136066,1.0395215674051184,0.5131579041481018,0.9116541147232056,0.9454887509346008,0.6876291026528669,0.25751947052776814,0.33090143371373415
33,1.1821168381180744,15.995848521453667,0.9600007127103125,0.5281254844408287,0.5381249822957304,1.0395171611761502,0.5131579041481018,0.9116541147232056,0.9454887509346008,0.6876254174758276,0.25676228757947683,0.3293918566778302
34,1.1821168279558363,15.996810239050332,0.9600767287568318,0.5281208976241664,0.5381279477696487,1.039515124111877,0.5131579041481018,0.9116541147232056,0.9454887509346008,0.6876237456490426,0.25752852112054825,0.330700796097517
35,1.1821168222177616,15.999352662315717,0.9601226496180941,0.5281188334753358,0.5381316284279936,1.0395150792438352,0.5131579041481018,0.9116541147232056,0.9454887509346008,0.6876233788889017,0.25787195935845375,0.3306356268003583
36,1.1821168178056525,16.002497086265606,0.9602284546255097,0.5281198103976845,0.538134830711252,1.0395159588601337,0.5131579041481018,0.9116541147232056,0.9454887509346008,0.6876237725512094,0.25649970956146717,0.3291777968406677
37,1.1821168155118054,16.004398236685617,0.9602828879546447,0.5281214063634664,0.5381361939178783,1.0395170529067561,0.5131579041481018,0.9116541147232056,0.9454887509346008,0.6876243532420433,0.25739662256091833,0.330374289304018
38,1.1821168143414855,16.00717681536795,0.9603031837372896,0.5281229573393902,0.5381385702783708,1.0395205398336145,0.5131579041481018,0.9116541147232056,0.9454887509346008,0.6876264020368508,0.25781105924397707,0.3310533231124282
39,1.1821168122239745,16.006845065219572,0.960161640867382,0.5281183424363962,0.5381400983075116,1.0395242892644903,0.5131579041481018,0.9116541147232056,0.9454887509346008,0.6876290996075763,0.25839309487491846,0.3307746956124902
40,1.1821168110140094,16.006845065219572,0.960161640867382,0.5281183424363962,0.5381400983075116,1.0395242892644903,0.5131579041481018,0.9116541147232056,0.9454887509346008,0.6876290996075763,0.1298539424315095,0.20129161048680544
41,1.1821168110140094,16.006845065219572,0.960161640867382,0.5281183424363962,0.5381400983075116,1.0395242892644903,0.5131579041481018,0.9116541147232056,0.9454887509346008,0.6876290996075763,0.1298408331349492,0.20243453234434128
42,1.1821168110140094,16.006845065219572,0.960161640867382,0.5281183424363962,0.5381400983075116,1.0395242892644903,0.5131579041481018,0.9116541147232056,0.9454887509346008,0.6876290996075763,0.13064448721706867,0.20327672641724348
43,1.1821168110140094,16.006845065219572,0.960161640867382,0.5281183424363962,0.5381400983075116,1.0395242892644903,0.5131579041481018,0.9116541147232056,0.9454887509346008,0.6876290996075763,0.1302462499588728,0.20285939890891314
44,1.1821168110140094,16.006845065219572,0.960161640867382,0.5281183424363962,0.5381400983075116,1.0395242892644903,0.5131579041481018,0.9116541147232056,0.9454887509346008,0.6876290996075763,0.13014181051403284,0.20193936582654715
45,1.1821168110140094,16.006845065219572,0.960161640867382,0.5281183424363962,0.5381400983075116,1.0395242892644903,0.5131579041481018,0.9116541147232056,0.9454887509346008,0.6876290996075763,0.13076321594417095,0.20241308212280273
46,1.1821168110140094,16.006845065219572,0.960161640867382,0.5281183424363962,0.5381400983075116,1.0395242892644903,0.5131579041481018,0.9116541147232056,0.9454887509346008,0.6876290996075763,0.1300554210320115,0.20129515137523413
47,1.1821168110140094,16.006845065219572,0.960161640867382,0.5281183424363962,0.5381400983075116,1.0395242892644903,0.5131579041481018,0.9116541147232056,0.9454887509346008,0.6876290996075763,0.13123938255012035,0.2034344244748354
48,1.1821168110140094,16.006845065219572,0.960161640867382,0.5281183424363962,0.5381400983075116,1.0395242892644903,0.5131579041481018,0.9116541147232056,0.9454887509346008,0.6876290996075763,0.12968988344073296,0.20260370057076216
49,1.1821168110140094,16.006845065219572,0.960161640867382,0.5281183424363962,0.5381400983075116,1.0395242892644903,0.5131579041481018,0.9116541147232056,0.9454887509346008,0.6876290996075763,0.13055157661437988,0.20269764959812164
50,1.1821168110140094,16.006845065219572,0.960161640867382,0.5281183424363962,0.5381400983075116,1.0395242892644903,0.5131579041481018,0.9116541147232056,0.9454887509346008,0.6876290996075763,0.13010079972445965,0.2029088782146573
51,1.1821168110140094,16.006845065219572,0.960161640867382,0.5281183424363962,0.5381400983075116,1.0395242892644903,0.5131579041481018,0.9116541147232056,0.9454887509346008,0.6876290996075763,0.1309414142742753,0.2031958159059286
52,1.1821168110140094,16.006845065219572,0.960161640867382,0.5281183424363962,0.5381400983075116,1.0395242892644903,0.5131579041481018,0.9116541147232056,0.9454887509346008,0.6876290996075763,0.13008210062980652,0.20166101772338152
53,1.1821168110140094,16.006845065219572,0.960161640867382,0.5281183424363962,0.5381400983075116,1.0395242892644903,0.5131579041481018,0.9116541147232056,0.9454887509346008,0.6876290996075763,0.13027997873723507,0.20185368601232767
54,1.1821168110140094,16.006845065219572,0.960161640867382,0.5281183424363962,0.5381400983075116,1.0395242892644903,0.5131579041481018,0.9116541147232056,0.9454887509346008,0.6876290996075763,0.13132375106215477,0.20337253529578447
55,1.1821168110140094,16.006845065219572,0.960161640867382,0.5281183424363962,0.5381400983075116,1.0395242892644903,0.5131579041481018,0.9116541147232056,0.9454887509346008,0.6876290996075763,0.12945765629410744,0.20215023402124643
56,1.1821168110140094,16.006845065219572,0.960161640867382,0.5281183424363962,0.5381400983075116,1.0395242892644903,0.5131579041481018,0.9116541147232056,0.9454887509346008,0.6876290996075763,0.13074321579188108,0.20378708187490702
57,1.1821168110140094,16.006845065219572,0.960161640867382,0.5281183424363962,0.5381400983075116,1.0395242892644903,0.5131579041481018,0.9116541147232056,0.9454887509346008,0.6876290996075763,0.13079801481217146,0.2030300172045827
58,1.1821168110140094,16.006845065219572,0.960161640867382,0.5281183424363962,0.5381400983075116,1.0395242892644903,0.5131579041481018,0.9116541147232056,0.9454887509346008,0.6876290996075763,0.1305347578600049,0.20209899451583624
59,1.1821168110140094,16.006845065219572,0.960161640867382,0.5281183424363962,0.5381400983075116,1.0395242892644903,0.5131579041481018,0.9116541147232056,0.9454887509346008,0.6876290996075763,0.13112019281834364,0.20293909776955843
60,1.1821168110140094,16.006845065219572,0.960161640867382,0.5281183424363962,0.5381400983075116,1.0395242892644903,0.5131579041481018,0.9116541147232056,0.9454887509346008,0.6876290996075763,0.13001611083745956,0.20139082986861467
61,1.1821168110140094,16.006845065219572,0.960161640867382,0.5281183424363962,0.5381400983075116,1.0395242892644903,0.5131579041481018,0.9116541147232056,0.9454887509346008,0.6876290996075763,0.13092338480055332,0.20277457032352686
62,1.1821168110140094,16.006845065219572,0.960161640867382,0.5281183424363962,0.5381400983075116,1.0395242892644903,0.5131579041481018,0.9116541147232056,0.9454887509346008,0.6876290996075763,0.13086805492639542,0.20323402620851994
63,1.1821168110140094,16.006845065219572,0.960161640867382,0.5281183424363962,0.5381400983075116,1.0395242892644903,0.5131579041481018,0.9116541147232056,0.9454887509346008,0.6876290996075763,0.12996032275259495,0.20246161241084337
64,1.1821168110140094,16.006845065219572,0.960161640867382,0.5281183424363962,0.5381400983075116,1.0395242892644903,0.5131579041481018,0.9116541147232056,0.9454887509346008,0.6876290996075763,0.1312935221940279,0.20388444140553474
65,1.1821168110140094,16.006845065219572,0.960161640867382,0.5281183424363962,0.5381400983075116,1.0395242892644903,0.5131579041481018,0.9116541147232056,0.9454887509346008,0.6876290996075763,0.13052679784595966,0.20211448520421982
66,1.1821168110140094,16.006845065219572,0.960161640867382,0.5281183424363962,0.5381400983075116,1.0395242892644903,0.5131579041481018,0.9116541147232056,0.9454887509346008,0.6876290996075763,0.13055845722556114,0.2019148850813508
67,1.1821168110140094,16.006845065219572,0.960161640867382,0.5281183424363962,0.5381400983075116,1.0395242892644903,0.5131579041481018,0.9116541147232056,0.9454887509346008,0.6876290996075763,0.13062786683440208,0.20240781176835299
68,1.1821168110140094,16.006845065219572,0.960161640867382,0.5281183424363962,0.5381400983075116,1.0395242892644903,0.5131579041481018,0.9116541147232056,0.9454887509346008,0.6876290996075763,0.13129672221839428,0.20332156587392092
69,1.1821168110140094,16.006845065219572,0.960161640867382,0.5281183424363962,0.5381400983075116,1.0395242892644903,0.5131579041481018,0.9116541147232056,0.9454887509346008,0.6876290996075763,0.12940816581249237,0.20175060629844666
70,1.1821168110140094,16.006845065219572,0.960161640867382,0.5281183424363962,0.5381400983075116,1.0395242892644903,0.5131579041481018,0.9116541147232056,0.9454887509346008,0.6876290996075763,0.1307630566880107,0.20337738562375307
71,1.1821168110140094,16.006845065219572,0.960161640867382,0.5281183424363962,0.5381400983075116,1.0395242892644903,0.5131579041481018,0.9116541147232056,0.9454887509346008,0.6876290996075763,0.1314894501119852,0.20392689108848572
72,1.1821168110140094,16.006845065219572,0.960161640867382,0.5281183424363962,0.5381400983075116,1.0395242892644903,0.5131579041481018,0.9116541147232056,0.9454887509346008,0.6876290996075763,0.1308474550023675,0.20259055122733116
73,1.1821168110140094,16.006845065219572,0.960161640867382,0.5281183424363962,0.5381400983075116,1.0395242892644903,0.5131579041481018,0.9116541147232056,0.9454887509346008,0.6876290996075763,0.1305978363379836,0.2044544257223606
74,1.1821168110140094,16.006845065219572,0.960161640867382,0.5281183424363962,0.5381400983075116,1.0395242892644903,0.5131579041481018,0.9116541147232056,0.9454887509346008,0.6876290996075763,0.13075718563050032,0.20240243151783943
75,1.1821168110140094,16.006845065219572,0.960161640867382,0.5281183424363962,0.5381400983075116,1.0395242892644903,0.5131579041481018,0.9116541147232056,0.9454887509346008,0.6876290996075763,0.1307925647124648,0.20305304694920778
76,1.1821168110140094,16.006845065219572,0.960161640867382,0.5281183424363962,0.5381400983075116,1.0395242892644903,0.5131579041481018,0.9116541147232056,0.9454887509346008,0.6876290996075763,0.1303738495334983,0.20302897691726685
77,1.1821168110140094,16.006845065219572,0.960161640867382,0.5281183424363962,0.5381400983075116,1.0395242892644903,0.5131579041481018,0.9116541147232056,0.9454887509346008,0.6876290996075763,0.12986016273498535,0.20251679047942162
78,1.1821168110140094,16.006845065219572,0.960161640867382,0.5281183424363962,0.5381400983075116,1.0395242892644903,0.5131579041481018,0.9116541147232056,0.9454887509346008,0.6876290996075763,0.1312386319041252,0.20375277195125818
79,1.1821168110140094,16.006845065219572,0.960161640867382,0.5281183424363962,0.5381400983075116,1.0395242892644903,0.5131579041481018,0.9116541147232056,0.9454887509346008,0.6876290996075763,0.13066283613443375,0.20235568191856146
80,1.1821168110140094,16.006845065219572,0.960161640867382,0.5281183424363962,0.5381400983075116,1.0395242892644903,0.5131579041481018,0.9116541147232056,0.9454887509346008,0.6876290996075763,0.13063903711736202,0.2022084640339017
81,1.1821168110140094,16.006845065219572,0.960161640867382,0.5281183424363962,0.5381400983075116,1.0395242892644903,0.5131579041481018,0.9116541147232056,0.9454887509346008,0.6876290996075763,0.13072835560888052,0.20230055321007967
82,1.1821168110140094,16.006845065219572,0.960161640867382,0.5281183424363962,0.5381400983075116,1.0395242892644903,0.5131579041481018,0.9116541147232056,0.9454887509346008,0.6876290996075763,0.13169913925230503,0.20397260040044785
83,1.1821168110140094,16.006845065219572,0.960161640867382,0.5281183424363962,0.5381400983075116,1.0395242892644903,0.5131579041481018,0.9116541147232056,0.9454887509346008,0.6876290996075763,0.1298880623653531,0.2027326598763466
84,1.1821168110140094,16.006845065219572,0.960161640867382,0.5281183424363962,0.5381400983075116,1.0395242892644903,0.5131579041481018,0.9116541147232056,0.9454887509346008,0.6876290996075763,0.13001844193786383,0.20268888026475906
85,1.1821168110140094,16.006845065219572,0.960161640867382,0.5281183424363962,0.5381400983075116,1.0395242892644903,0.5131579041481018,0.9116541147232056,0.9454887509346008,0.6876290996075763,0.1310418238863349,0.2038264013826847
86,1.1821168110140094,16.006845065219572,0.960161640867382,0.5281183424363962,0.5381400983075116,1.0395242892644903,0.5131579041481018,0.9116541147232056,0.9454887509346008,0.6876290996075763,0.13060601707547903,0.20248965080827475
87,1.1821168110140094,16.006845065219572,0.960161640867382,0.5281183424363962,0.5381400983075116,1.0395242892644903,0.5131579041481018,0.9116541147232056,0.9454887509346008,0.6876290996075763,0.13056021742522717,0.2024618210271001
88,1.1821168110140094,16.006845065219572,0.960161640867382,0.5281183424363962,0.5381400983075116,1.0395242892644903,0.5131579041481018,0.9116541147232056,0.9454887509346008,0.6876290996075763,0.13086489494889975,0.20258770138025284
89,1.1821168110140094,16.006845065219572,0.960161640867382,0.5281183424363962,0.5381400983075116,1.0395242892644903,0.5131579041481018,0.9116541147232056,0.9454887509346008,0.6876290996075763,0.13072615675628185,0.20255436096340418
90,1.1821168110140094,16.006845065219572,0.960161640867382,0.5281183424363962,0.5381400983075116,1.0395242892644903,0.5131579041481018,0.9116541147232056,0.9454887509346008,0.6876290996075763,0.1295594247058034,0.20228281244635582
91,1.1821168110140094,16.006845065219572,0.960161640867382,0.5281183424363962,0.5381400983075116,1.0395242892644903,0.5131579041481018,0.9116541147232056,0.9454887509346008,0.6876290996075763,0.1305935876443982,0.20333466585725546
92,1.1821168110140094,16.006845065219572,0.960161640867382,0.5281183424363962,0.5381400983075116,1.0395242892644903,0.5131579041481018,0.9116541147232056,0.9454887509346008,0.6876290996075763,0.13164983969181776,0.20366270374506712
93,1.1821168110140094,16.006845065219572,0.960161640867382,0.5281183424363962,0.5381400983075116,1.0395242892644903,0.5131579041481018,0.9116541147232056,0.9454887509346008,0.6876290996075763,0.13074503559619188,0.20243539195507765
94,1.1821168110140094,16.006845065219572,0.960161640867382,0.5281183424363962,0.5381400983075116,1.0395242892644903,0.5131579041481018,0.9116541147232056,0.9454887509346008,0.6876290996075763,0.13048293814063072,0.20205917488783598
95,1.1821168110140094,16.006845065219572,0.960161640867382,0.5281183424363962,0.5381400983075116,1.0395242892644903,0.5131579041481018,0.9116541147232056,0.9454887509346008,0.6876290996075763,0.13113879226148129,0.20292143803089857
96,1.1821168110140094,16.006845065219572,0.960161640867382,0.5281183424363962,0.5381400983075116,1.0395242892644903,0.5131579041481018,0.9116541147232056,0.9454887509346008,0.6876290996075763,0.13143560104072094,0.20418834872543812
97,1.1821168110140094,16.006845065219572,0.960161640867382,0.5281183424363962,0.5381400983075116,1.0395242892644903,0.5131579041481018,0.9116541147232056,0.9454887509346008,0.6876290996075763,0.13110364321619272,0.20375790167599916
98,1.1821168110140094,16.006845065219572,0.960161640867382,0.5281183424363962,0.5381400983075116,1.0395242892644903,0.5131579041481018,0.9116541147232056,0.9454887509346008,0.6876290996075763,0.1316312002018094,0.20423675887286663
99,1.1821168110140094,16.006845065219572,0.960161640867382,0.5281183424363962,0.5381400983075116,1.0395242892644903,0.5131579041481018,0.9116541147232056,0.9454887509346008,0.6876290996075763,0.1308053256943822,0.20268064085394144
100,1.1821168110140094,16.006845065219572,0.960161640867382,0.5281183424363962,0.5381400983075116,1.0395242892644903,0.5131579041481018,0.9116541147232056,0.9454887509346008,0.6876290996075763,0.13014731090515852,0.20201972499489784
101,1.1821168110140094,16.006845065219572,0.960161640867382,0.5281183424363962,0.5381400983075116,1.0395242892644903,0.5131579041481018,0.9116541147232056,0.9454887509346008,0.6876290996075763,0.1306023970246315,0.20222958456724882
102,1.1821168110140094,16.006845065219572,0.960161640867382,0.5281183424363962,0.5381400983075116,1.0395242892644903,0.5131579041481018,0.9116541147232056,0.9454887509346008,0.6876290996075763,0.13130356185138226,0.2033636150881648
103,1.1821168110140094,16.006845065219572,0.960161640867382,0.5281183424363962,0.5381400983075116,1.0395242892644903,0.5131579041481018,0.9116541147232056,0.9454887509346008,0.6876290996075763,0.1297400826588273,0.20194277446717024
104,1.1821168110140094,16.006845065219572,0.960161640867382,0.5281183424363962,0.5381400983075116,1.0395242892644903,0.5131579041481018,0.9116541147232056,0.9454887509346008,0.6876290996075763,0.13042043894529343,0.20274208020418882
105,1.1821168110140094,16.006845065219572,0.960161640867382,0.5281183424363962,0.5381400983075116,1.0395242892644903,0.5131579041481018,0.9116541147232056,0.9454887509346008,0.6876290996075763,0.1307706357911229,0.20361252315342426
106,1.1821168110140094,16.006845065219572,0.960161640867382,0.5281183424363962,0.5381400983075116,1.0395242892644903,0.5131579041481018,0.9116541147232056,0.9454887509346008,0.6876290996075763,0.13067312631756067,0.20255156140774488
107,1.1821168110140094,16.006845065219572,0.960161640867382,0.5281183424363962,0.5381400983075116,1.0395242892644903,0.5131579041481018,0.9116541147232056,0.9454887509346008,0.6876290996075763,0.13094532396644354,0.20274403970688581
108,1.1821168110140094,16.006845065219572,0.960161640867382,0.5281183424363962,0.5381400983075116,1.0395242892644903,0.5131579041481018,0.9116541147232056,0.9454887509346008,0.6876290996075763,0.13061874732375145,0.202101725153625
109,1.1821168110140094,16.006845065219572,0.960161640867382,0.5281183424363962,0.5381400983075116,1.0395242892644903,0.5131579041481018,0.9116541147232056,0.9454887509346008,0.6876290996075763,0.13034303858876228,0.2020627437159419
110,1.1821168110140094,16.006845065219572,0.960161640867382,0.5281183424363962,0.5381400983075116,1.0395242892644903,0.5131579041481018,0.9116541147232056,0.9454887509346008,0.6876290996075763,0.131894176825881,0.2042524479329586
111,1.1821168110140094,16.006845065219572,0.960161640867382,0.5281183424363962,0.5381400983075116,1.0395242892644903,0.5131579041481018,0.9116541147232056,0.9454887509346008,0.6876290996075763,0.12977554369717836,0.2027051504701376
112,1.1821168110140094,16.006845065219572,0.960161640867382,0.5281183424363962,0.5381400983075116,1.0395242892644903,0.5131579041481018,0.9116541147232056,0.9454887509346008,0.6876290996075763,0.12991729285568,0.20288501866161823
113,1.1821168110140094,16.006845065219572,0.960161640867382,0.5281183424363962,0.5381400983075116,1.0395242892644903,0.5131579041481018,0.9116541147232056,0.9454887509346008,0.6876290996075763,0.13064192701131105,0.2033367156982422
114,1.1821168110140094,16.006845065219572,0.960161640867382,0.5281183424363962,0.5381400983075116,1.0395242892644903,0.5131579041481018,0.9116541147232056,0.9454887509346008,0.6876290996075763,0.1308228550478816,0.20320365577936172
115,1.1821168110140094,16.006845065219572,0.960161640867382,0.5281183424363962,0.5381400983075116,1.0395242892644903,0.5131579041481018,0.9116541147232056,0.9454887509346008,0.6876290996075763,0.1314330706372857,0.20342495385557413
116,1.1821168110140094,16.006845065219572,0.960161640867382,0.5281183424363962,0.5381400983075116,1.0395242892644903,0.5131579041481018,0.9116541147232056,0.9454887509346008,0.6876290996075763,0.13078707456588745,0.20295755751430988
117,1.1821168110140094,16.006845065219572,0.960161640867382,0.5281183424363962,0.5381400983075116,1.0395242892644903,0.5131579041481018,0.9116541147232056,0.9454887509346008,0.6876290996075763,0.13028645887970924,0.20221187267452478
118,1.1821168110140094,16.006845065219572,0.960161640867382,0.5281183424363962,0.5381400983075116,1.0395242892644903,0.5131579041481018,0.9116541147232056,0.9454887509346008,0.6876290996075763,0.13094900455325842,0.20305393729358912
119,1.1821168110140094,16.006845065219572,0.960161640867382,0.5281183424363962,0.5381400983075116,1.0395242892644903,0.5131579041481018,0.9116541147232056,0.9454887509346008,0.6876290996075763,0.12967108376324177,0.20193559490144253
120,1.1821168110140094,16.006845065219572,0.960161640867382,0.5281183424363962,0.5381400983075116,1.0395242892644903,0.5131579041481018,0.9116541147232056,0.9454887509346008,0.6876290996075763,0.13041396904736757,0.20305727794766426
121,1.1821168110140094,16.006845065219572,0.960161640867382,0.5281183424363962,0.5381400983075116,1.0395242892644903,0.5131579041481018,0.9116541147232056,0.9454887509346008,0.6876290996075763,0.13139825128018856,0.20446171704679728
122,1.1821168110140094,16.006845065219572,0.960161640867382,0.5281183424363962,0.5381400983075116,1.0395242892644903,0.5131579041481018,0.9116541147232056,0.9454887509346008,0.6876290996075763,0.13101043365895748,0.2030906369909644
123,1.1821168110140094,16.006845065219572,0.960161640867382,0.5281183424363962,0.5381400983075116,1.0395242892644903,0.5131579041481018,0.9116541147232056,0.9454887509346008,0.6876290996075763,0.13064356613904238,0.20249731186777353
124,1.1821168110140094,16.006845065219572,0.960161640867382,0.5281183424363962,0.5381400983075116,1.0395242892644903,0.5131579041481018,0.9116541147232056,0.9454887509346008,0.6876290996075763,0.12995135132223368,0.20148028898984194
125,1.1821168110140094,16.006845065219572,0.960161640867382,0.5281183424363962,0.5381400983075116,1.0395242892644903,0.5131579041481018,0.9116541147232056,0.9454887509346008,0.6876290996075763,0.1307300254702568,0.20255917124450207
126,1.1821168110140094,16.006845065219572,0.960161640867382,0.5281183424363962,0.5381400983075116,1.0395242892644903,0.5131579041481018,0.9116541147232056,0.9454887509346008,0.6876290996075763,0.13162359036505222,0.20356867462396622
127,1.1821168110140094,16.006845065219572,0.960161640867382,0.5281183424363962,0.5381400983075116,1.0395242892644903,0.5131579041481018,0.9116541147232056,0.9454887509346008,0.6876290996075763,0.13062653690576553,0.20349754393100739
128,1.1821168110140094,16.006845065219572,0.960161640867382,0.5281183424363962,0.5381400983075116,1.0395242892644903,0.5131579041481018,0.9116541147232056,0.9454887509346008,0.6876290996075763,0.13230049330741167,0.20461032446473837
129,1.1821168110140094,16.006845065219572,0.960161640867382,0.5281183424363962,0.5381400983075116,1.0395242892644903,0.5131579041481018,0.9116541147232056,0.9454887509346008,0.6876290996075763,0.1312513817101717,0.20292440801858902
130,1.1821168110140094,16.006845065219572,0.960161640867382,0.5281183424363962,0.5381400983075116,1.0395242892644903,0.5131579041481018,0.9116541147232056,0.9454887509346008,0.6876290996075763,0.1308142365887761,0.20264476165175438
131,1.1821168110140094,16.006845065219572,0.960161640867382,0.5281183424363962,0.5381400983075116,1.0395242892644903,0.5131579041481018,0.9116541147232056,0.9454887509346008,0.6876290996075763,0.13128875195980072,0.20341150369495153
132,1.1821168110140094,16.006845065219572,0.960161640867382,0.5281183424363962,0.5381400983075116,1.0395242892644903,0.5131579041481018,0.9116541147232056,0.9454887509346008,0.6876290996075763,0.13110045343637466,0.20335682481527328
133,1.1821168110140094,16.006845065219572,0.960161640867382,0.5281183424363962,0.5381400983075116,1.0395242892644903,0.5131579041481018,0.9116541147232056,0.9454887509346008,0.6876290996075763,0.13016488030552864,0.20270934980362654
134,1.1821168110140094,16.006845065219572,0.960161640867382,0.5281183424363962,0.5381400983075116,1.0395242892644903,0.5131579041481018,0.9116541147232056,0.9454887509346008,0.6876290996075763,0.13118456210941076,0.20408633910119534
135,1.1821168110140094,16.006845065219572,0.960161640867382,0.5281183424363962,0.5381400983075116,1.0395242892644903,0.5131579041481018,0.9116541147232056,0.9454887509346008,0.6876290996075763,0.13072979543358088,0.2024945104494691
136,1.1821168110140094,16.006845065219572,0.960161640867382,0.5281183424363962,0.5381400983075116,1.0395242892644903,0.5131579041481018,0.9116541147232056,0.9454887509346008,0.6876290996075763,0.13053498696535826,0.2023742627352476
137,1.1821168110140094,16.006845065219572,0.960161640867382,0.5281183424363962,0.5381400983075116,1.0395242892644903,0.5131579041481018,0.9116541147232056,0.9454887509346008,0.6876290996075763,0.13021157961338758,0.201704116538167
138,1.1821168110140094,16.006845065219572,0.960161640867382,0.5281183424363962,0.5381400983075116,1.0395242892644903,0.5131579041481018,0.9116541147232056,0.9454887509346008,0.6876290996075763,0.13109034299850464,0.2026917189359665
139,1.1821168110140094,16.006845065219572,0.960161640867382,0.5281183424363962,0.5381400983075116,1.0395242892644903,0.5131579041481018,0.9116541147232056,0.9454887509346008,0.6876290996075763,0.13066810742020607,0.2031963961198926
140,1.1821168110140094,16.006845065219572,0.960161640867382,0.5281183424363962,0.5381400983075116,1.0395242892644903,0.5131579041481018,0.9116541147232056,0.9454887509346008,0.6876290996075763,0.13043657783418894,0.20322527550160885
141,1.1821168110140094,16.006845065219572,0.960161640867382,0.5281183424363962,0.5381400983075116,1.0395242892644903,0.5131579041481018,0.9116541147232056,0.9454887509346008,0.6876290996075763,0.13093272410333157,0.20338579546660185
142,1.1821168110140094,16.006845065219572,0.960161640867382,0.5281183424363962,0.5381400983075116,1.0395242892644903,0.5131579041481018,0.9116541147232056,0.9454887509346008,0.6876290996075763,0.1307041561231017,0.20245131198316813
143,1.1821168110140094,16.006845065219572,0.960161640867382,0.5281183424363962,0.5381400983075116,1.0395242892644903,0.5131579041481018,0.9116541147232056,0.9454887509346008,0.6876290996075763,0.13054752815514803,0.20232584327459335
144,1.1821168110140094,16.006845065219572,0.960161640867382,0.5281183424363962,0.5381400983075116,1.0395242892644903,0.5131579041481018,0.9116541147232056,0.9454887509346008,0.6876290996075763,0.13070115726441145,0.2027445901185274
145,1.1821168110140094,16.006845065219572,0.960161640867382,0.5281183424363962,0.5381400983075116,1.0395242892644903,0.5131579041481018,0.9116541147232056,0.9454887509346008,0.6876290996075763,0.1325960922986269,0.20613777451217175
146,1.1821168110140094,16.006845065219572,0.960161640867382,0.5281183424363962,0.5381400983075116,1.0395242892644903,0.5131579041481018,0.9116541147232056,0.9454887509346008,0.6876290996075763,0.13040840718895197,0.20306087657809258
147,1.1821168110140094,16.006845065219572,0.960161640867382,0.5281183424363962,0.5381400983075116,1.0395242892644903,0.5131579041481018,0.9116541147232056,0.9454887509346008,0.6876290996075763,0.12926492653787136,0.20120455045253038
148,1.1821168110140094,16.006845065219572,0.960161640867382,0.5281183424363962,0.5381400983075116,1.0395242892644903,0.5131579041481018,0.9116541147232056,0.9454887509346008,0.6876290996075763,0.13162189908325672,0.20357599388808012
149,1.1821168110140094,16.006845065219572,0.960161640867382,0.5281183424363962,0.5381400983075116,1.0395242892644903,0.5131579041481018,0.9116541147232056,0.9454887509346008,0.6876290996075763,0.1306196264922619,0.20367067214101553
150,1.1821168110140094,16.006845065219572,0.960161640867382,0.5281183424363962,0.5381400983075116,1.0395242892644903,0.5131579041481018,0.9116541147232056,0.9454887509346008,0.6876290996075763,0.13070320710539818,0.20347566530108452
151,1.1821168110140094,16.006845065219572,0.960161640867382,0.5281183424363962,0.5381400983075116,1.0395242892644903,0.5131579041481018,0.9116541147232056,0.9454887509346008,0.6876290996075763,0.13128865230828524,0.20411264896392822
152,1.1821168110140094,16.006845065219572,0.960161640867382,0.5281183424363962,0.5381400983075116,1.0395242892644903,0.5131579041481018,0.9116541147232056,0.9454887509346008,0.6876290996075763,0.13083843514323235,0.2025977410376072
153,1.1821168110140094,16.006845065219572,0.960161640867382,0.5281183424363962,0.5381400983075116,1.0395242892644903,0.5131579041481018,0.9116541147232056,0.9454887509346008,0.6876290996075763,0.1305454969406128,0.20214866288006306
154,1.1821168110140094,16.006845065219572,0.960161640867382,0.5281183424363962,0.5381400983075116,1.0395242892644903,0.5131579041481018,0.9116541147232056,0.9454887509346008,0.6876290996075763,0.13125373236835003,0.20308255683630705
155,1.1821168110140094,16.006845065219572,0.960161640867382,0.5281183424363962,0.5381400983075116,1.0395242892644903,0.5131579041481018,0.9116541147232056,0.9454887509346008,0.6876290996075763,0.1314784111455083,0.2034965343773365
156,1.1821168110140094,16.006845065219572,0.960161640867382,0.5281183424363962,0.5381400983075116,1.0395242892644903,0.5131579041481018,0.9116541147232056,0.9454887509346008,0.6876290996075763,0.13059273641556501,0.20335637498646975
157,1.1821168110140094,16.006845065219572,0.960161640867382,0.5281183424363962,0.5381400983075116,1.0395242892644903,0.5131579041481018,0.9116541147232056,0.9454887509346008,0.6876290996075763,0.13138056173920631,0.20434391871094704
158,1.1821168110140094,16.006845065219572,0.960161640867382,0.5281183424363962,0.5381400983075116,1.0395242892644903,0.5131579041481018,0.9116541147232056,0.9454887509346008,0.6876290996075763,0.13079372514039278,0.20283709838986397
159,1.1821168110140094,16.006845065219572,0.960161640867382,0.5281183424363962,0.5381400983075116,1.0395242892644903,0.5131579041481018,0.9116541147232056,0.9454887509346008,0.6876290996075763,0.13068515714257956,0.20265142060816288
160,1.1821168110140094,16.006845065219572,0.960161640867382,0.5281183424363962,0.5381400983075116,1.0395242892644903,0.5131579041481018,0.9116541147232056,0.9454887509346008,0.6876290996075763,0.13140101078897715,0.20298698730766773
161,1.1821168110140094,16.006845065219572,0.960161640867382,0.5281183424363962,0.5381400983075116,1.0395242892644903,0.5131579041481018,0.9116541147232056,0.9454887509346008,0.6876290996075763,0.12992723193019629,0.2028090190142393
162,1.1821168110140094,16.006845065219572,0.960161640867382,0.5281183424363962,0.5381400983075116,1.0395242892644903,0.5131579041481018,0.9116541147232056,0.9454887509346008,0.6876290996075763,0.13170653954148293,0.20440708752721548
163,1.1821168110140094,16.006845065219572,0.960161640867382,0.5281183424363962,0.5381400983075116,1.0395242892644903,0.5131579041481018,0.9116541147232056,0.9454887509346008,0.6876290996075763,0.13116826303303242,0.20340205542743206
164,1.1821168110140094,16.006845065219572,0.960161640867382,0.5281183424363962,0.5381400983075116,1.0395242892644903,0.5131579041481018,0.9116541147232056,0.9454887509346008,0.6876290996075763,0.13057537749409676,0.2027436187490821
165,1.1821168110140094,16.006845065219572,0.960161640867382,0.5281183424363962,0.5381400983075116,1.0395242892644903,0.5131579041481018,0.9116541147232056,0.9454887509346008,0.6876290996075763,0.1308907950296998,0.20250549167394638
166,1.1821168110140094,16.006845065219572,0.960161640867382,0.5281183424363962,0.5381400983075116,1.0395242892644903,0.5131579041481018,0.9116541147232056,0.9454887509346008,0.6876290996075763,0.1308173555880785,0.20307916775345802
167,1.1821168110140094,16.006845065219572,0.960161640867382,0.5281183424363962,0.5381400983075116,1.0395242892644903,0.5131579041481018,0.9116541147232056,0.9454887509346008,0.6876290996075763,0.1312797823920846,0.20380841195583344
168,1.1821168110140094,16.006845065219572,0.960161640867382,0.5281183424363962,0.5381400983075116,1.0395242892644903,0.5131579041481018,0.9116541147232056,0.9454887509346008,0.6876290996075763,0.13112048339098692,0.20370128192007542
169,1.1821168110140094,16.006845065219572,0.960161640867382,0.5281183424363962,0.5381400983075116,1.0395242892644903,0.5131579041481018,0.9116541147232056,0.9454887509346008,0.6876290996075763,0.13034392893314362,0.20217188354581594
170,1.1821168110140094,16.006845065219572,0.960161640867382,0.5281183424363962,0.5381400983075116,1.0395242892644903,0.5131579041481018,0.9116541147232056,0.9454887509346008,0.6876290996075763,0.13017276022583246,0.20197040494531393
171,1.1821168110140094,16.006845065219572,0.960161640867382,0.5281183424363962,0.5381400983075116,1.0395242892644903,0.5131579041481018,0.9116541147232056,0.9454887509346008,0.6876290996075763,0.1313634905964136,0.20334364473819733
172,1.1821168110140094,16.006845065219572,0.960161640867382,0.5281183424363962,0.5381400983075116,1.0395242892644903,0.5131579041481018,0.9116541147232056,0.9454887509346008,0.6876290996075763,0.13069280609488487,0.20361178368330002
173,1.1821168110140094,16.006845065219572,0.960161640867382,0.5281183424363962,0.5381400983075116,1.0395242892644903,0.5131579041481018,0.9116541147232056,0.9454887509346008,0.6876290996075763,0.13062403723597527,0.20338006503880024
174,1.1821168110140094,16.006845065219572,0.960161640867382,0.5281183424363962,0.5381400983075116,1.0395242892644903,0.5131579041481018,0.9116541147232056,0.9454887509346008,0.6876290996075763,0.1304130982607603,0.20317300595343113
175,1.1821168110140094,16.006845065219572,0.960161640867382,0.5281183424363962,0.5381400983075116,1.0395242892644903,0.5131579041481018,0.9116541147232056,0.9454887509346008,0.6876290996075763,0.13114443141967058,0.20288012828677893
176,1.1821168110140094,16.006845065219572,0.960161640867382,0.5281183424363962,0.5381400983075116,1.0395242892644903,0.5131579041481018,0.9116541147232056,0.9454887509346008,0.6876290996075763,0.13111006282269955,0.20271741040050983
177,1.1821168110140094,16.006845065219572,0.960161640867382,0.5281183424363962,0.5381400983075116,1.0395242892644903,0.5131579041481018,0.9116541147232056,0.9454887509346008,0.6876290996075763,0.13138034101575613,0.20359855331480503
178,1.1821168110140094,16.006845065219572,0.960161640867382,0.5281183424363962,0.5381400983075116,1.0395242892644903,0.5131579041481018,0.9116541147232056,0.9454887509346008,0.6876290996075763,0.13314680848270655,0.20622240379452705
179,1.1821168110140094,16.006845065219572,0.960161640867382,0.5281183424363962,0.5381400983075116,1.0395242892644903,0.5131579041481018,0.9116541147232056,0.9454887509346008,0.6876290996075763,0.130787736736238,0.20277782902121544
180,1.1821168110140094,16.006845065219572,0.960161640867382,0.5281183424363962,0.5381400983075116,1.0395242892644903,0.5131579041481018,0.9116541147232056,0.9454887509346008,0.6876290996075763,0.13090124540030956,0.20291171967983246
181,1.1821168110140094,16.006845065219572,0.960161640867382,0.5281183424363962,0.5381400983075116,1.0395242892644903,0.5131579041481018,0.9116541147232056,0.9454887509346008,0.6876290996075763,0.13134806137531996,0.20307358726859093
182,1.1821168110140094,16.006845065219572,0.960161640867382,0.5281183424363962,0.5381400983075116,1.0395242892644903,0.5131579041481018,0.9116541147232056,0.9454887509346008,0.6876290996075763,0.13029599841684103,0.20328106451779604
183,1.1821168110140094,16.006845065219572,0.960161640867382,0.5281183424363962,0.5381400983075116,1.0395242892644903,0.5131579041481018,0.9116541147232056,0.9454887509346008,0.6876290996075763,0.1310877026990056,0.20388363022357225
184,1.1821168110140094,16.006845065219572,0.960161640867382,0.5281183424363962,0.5381400983075116,1.0395242892644903,0.5131579041481018,0.9116541147232056,0.9454887509346008,0.6876290996075763,0.13101187348365784,0.20320552587509155
185,1.1821168110140094,16.006845065219572,0.960161640867382,0.5281183424363962,0.5381400983075116,1.0395242892644903,0.5131579041481018,0.9116541147232056,0.9454887509346008,0.6876290996075763,0.13053030706942081,0.20246867090463638
186,1.1821168110140094,16.006845065219572,0.960161640867382,0.5281183424363962,0.5381400983075116,1.0395242892644903,0.5131579041481018,0.9116541147232056,0.9454887509346008,0.6876290996075763,0.13108872342854738,0.20292809791862965
187,1.1821168110140094,16.006845065219572,0.960161640867382,0.5281183424363962,0.5381400983075116,1.0395242892644903,0.5131579041481018,0.9116541147232056,0.9454887509346008,0.6876290996075763,0.13094549532979727,0.2031519366428256
188,1.1821168110140094,16.006845065219572,0.960161640867382,0.5281183424363962,0.5381400983075116,1.0395242892644903,0.5131579041481018,0.9116541147232056,0.9454887509346008,0.6876290996075763,0.1303107189014554,0.2031862959265709
189,1.1821168110140094,16.006845065219572,0.960161640867382,0.5281183424363962,0.5381400983075116,1.0395242892644903,0.5131579041481018,0.9116541147232056,0.9454887509346008,0.6876290996075763,0.1310278745368123,0.2040328998118639
190,1.1821168110140094,16.006845065219572,0.960161640867382,0.5281183424363962,0.5381400983075116,1.0395242892644903,0.5131579041481018,0.9116541147232056,0.9454887509346008,0.6876290996075763,0.13108282443135977,0.20327774621546268
191,1.1821168110140094,16.006845065219572,0.960161640867382,0.5281183424363962,0.5381400983075116,1.0395242892644903,0.5131579041481018,0.9116541147232056,0.9454887509346008,0.6876290996075763,0.13115855306386948,0.2032211860641837
192,1.1821168110140094,16.006845065219572,0.960161640867382,0.5281183424363962,0.5381400983075116,1.0395242892644903,0.5131579041481018,0.9116541147232056,0.9454887509346008,0.6876290996075763,0.1310406941920519,0.20311413705348969
193,1.1821168110140094,16.006845065219572,0.960161640867382,0.5281183424363962,0.5381400983075116,1.0395242892644903,0.5131579041481018,0.9116541147232056,0.9454887509346008,0.6876290996075763,0.1306466357782483,0.20335720479488373
194,1.1821168110140094,16.006845065219572,0.960161640867382,0.5281183424363962,0.5381400983075116,1.0395242892644903,0.5131579041481018,0.9116541147232056,0.9454887509346008,0.6876290996075763,0.13110211305320263,0.2038202416151762
195,1.1821168110140094,16.006845065219572,0.960161640867382,0.5281183424363962,0.5381400983075116,1.0395242892644903,0.5131579041481018,0.9116541147232056,0.9454887509346008,0.6876290996075763,0.1313041504472494,0.20398731995373964
196,1.1821168110140094,16.006845065219572,0.960161640867382,0.5281183424363962,0.5381400983075116,1.0395242892644903,0.5131579041481018,0.9116541147232056,0.9454887509346008,0.6876290996075763,0.13146394025534391,0.20346597395837307
197,1.1821168110140094,16.006845065219572,0.960161640867382,0.5281183424363962,0.5381400983075116,1.0395242892644903,0.5131579041481018,0.9116541147232056,0.9454887509346008,0.6876290996075763,0.1311589227989316,0.20329013466835022
198,1.1821168110140094,16.006845065219572,0.960161640867382,0.5281183424363962,0.5381400983075116,1.0395242892644903,0.5131579041481018,0.9116541147232056,0.9454887509346008,0.6876290996075763,0.1308453157544136,0.20365810301154852
199,1.1821168110140094,16.006845065219572,0.960161640867382,0.5281183424363962,0.5381400983075116,1.0395242892644903,0.5131579041481018,0.9116541147232056,0.9454887509346008,0.6876290996075763,0.13134737219661474,0.2041923590004444
200,1.1821168110140094,16.006845065219572,0.960161640867382,0.5281183424363962,0.5381400983075116,1.0395242892644903,0.5131579041481018,0.9116541147232056,0.9454887509346008,0.6876290996075763,0.13137315213680267,0.20360320433974266
201,1.1821168110140094,16.006845065219572,0.960161640867382,0.5281183424363962,0.5381400983075116,1.0395242892644903,0.5131579041481018,0.9116541147232056,0.9454887509346008,0.6876290996075763,0.13128124177455902,0.20324300602078438
202,1.1821168110140094,16.006845065219572,0.960161640867382,0.5281183424363962,0.5381400983075116,1.0395242892644903,0.5131579041481018,0.9116541147232056,0.9454887509346008,0.6876290996075763,0.13066218607127666,0.2026996286585927
203,1.1821168110140094,16.006845065219572,0.960161640867382,0.5281183424363962,0.5381400983075116,1.0395242892644903,0.5131579041481018,0.9116541147232056,0.9454887509346008,0.6876290996075763,0.1311773732304573,0.20360001362860203
204,1.1821168110140094,16.006845065219572,0.960161640867382,0.5281183424363962,0.5381400983075116,1.0395242892644903,0.5131579041481018,0.9116541147232056,0.9454887509346008,0.6876290996075763,0.13055107649415731,0.20332032442092896
205,1.1821168110140094,16.006845065219572,0.960161640867382,0.5281183424363962,0.5381400983075116,1.0395242892644903,0.5131579041481018,0.9116541147232056,0.9454887509346008,0.6876290996075763,0.13119612354785204,0.20374474208801985
206,1.1821168110140094,16.006845065219572,0.960161640867382,0.5281183424363962,0.5381400983075116,1.0395242892644903,0.5131579041481018,0.9116541147232056,0.9454887509346008,0.6876290996075763,0.13116058241575956,0.20314488653093576
207,1.1821168110140094,16.006845065219572,0.960161640867382,0.5281183424363962,0.5381400983075116,1.0395242892644903,0.5131579041481018,0.9116541147232056,0.9454887509346008,0.6876290996075763,0.13034514896571636,0.20212746411561966
208,1.1821168110140094,16.006845065219572,0.960161640867382,0.5281183424363962,0.5381400983075116,1.0395242892644903,0.5131579041481018,0.9116541147232056,0.9454887509346008,0.6876290996075763,0.1316602500155568,0.2035982646048069
209,1.1821168110140094,16.006845065219572,0.960161640867382,0.5281183424363962,0.5381400983075116,1.0395242892644903,0.5131579041481018,0.9116541147232056,0.9454887509346008,0.6876290996075763,0.13054698705673218,0.20336512569338083
210,1.1821168110140094,16.006845065219572,0.960161640867382,0.5281183424363962,0.5381400983075116,1.0395242892644903,0.5131579041481018,0.9116541147232056,0.9454887509346008,0.6876290996075763,0.13119867350906134,0.20394849125295877
211,1.1821168110140094,16.006845065219572,0.960161640867382,0.5281183424363962,0.5381400983075116,1.0395242892644903,0.5131579041481018,0.9116541147232056,0.9454887509346008,0.6876290996075763,0.13103369437158108,0.2036487627774477
212,1.1821168110140094,16.006845065219572,0.960161640867382,0.5281183424363962,0.5381400983075116,1.0395242892644903,0.5131579041481018,0.9116541147232056,0.9454887509346008,0.6876290996075763,0.13080807495862246,0.20265250001102686
213,1.1821168110140094,16.006845065219572,0.960161640867382,0.5281183424363962,0.5381400983075116,1.0395242892644903,0.5131579041481018,0.9116541147232056,0.9454887509346008,0.6876290996075763,0.13079893589019775,0.2022266136482358
214,1.1821168110140094,16.006845065219572,0.960161640867382,0.5281183424363962,0.5381400983075116,1.0395242892644903,0.5131579041481018,0.9116541147232056,0.9454887509346008,0.6876290996075763,0.13125570211559534,0.2038023518398404
215,1.1821168110140094,16.006845065219572,0.960161640867382,0.5281183424363962,0.5381400983075116,1.0395242892644903,0.5131579041481018,0.9116541147232056,0.9454887509346008,0.6876290996075763,0.1316776191815734,0.20426927879452705
216,1.1821168110140094,16.006845065219572,0.960161640867382,0.5281183424363962,0.5381400983075116,1.0395242892644903,0.5131579041481018,0.9116541147232056,0.9454887509346008,0.6876290996075763,0.13069322612136602,0.20346059370785952
217,1.1821168110140094,16.006845065219572,0.960161640867382,0.5281183424363962,0.5381400983075116,1.0395242892644903,0.5131579041481018,0.9116541147232056,0.9454887509346008,0.6876290996075763,0.1313380217179656,0.2035518642514944
218,1.1821168110140094,16.006845065219572,0.960161640867382,0.5281183424363962,0.5381400983075116,1.0395242892644903,0.5131579041481018,0.9116541147232056,0.9454887509346008,0.6876290996075763,0.13040545769035816,0.20230344217270613
219,1.1821168110140094,16.006845065219572,0.960161640867382,0.5281183424363962,0.5381400983075116,1.0395242892644903,0.5131579041481018,0.9116541147232056,0.9454887509346008,0.6876290996075763,0.13105471339076757,0.20318326633423567
220,1.1821168110140094,16.006845065219572,0.960161640867382,0.5281183424363962,0.5381400983075116,1.0395242892644903,0.5131579041481018,0.9116541147232056,0.9454887509346008,0.6876290996075763,0.13036141823977232,0.20306244678795338
221,1.1821168110140094,16.006845065219572,0.960161640867382,0.5281183424363962,0.5381400983075116,1.0395242892644903,0.5131579041481018,0.9116541147232056,0.9454887509346008,0.6876290996075763,0.1312480317428708,0.20383534114807844
222,1.1821168110140094,16.006845065219572,0.960161640867382,0.5281183424363962,0.5381400983075116,1.0395242892644903,0.5131579041481018,0.9116541147232056,0.9454887509346008,0.6876290996075763,0.13169696927070618,0.2040889197960496
223,1.1821168110140094,16.006845065219572,0.960161640867382,0.5281183424363962,0.5381400983075116,1.0395242892644903,0.5131579041481018,0.9116541147232056,0.9454887509346008,0.6876290996075763,0.1307154856622219,0.20226182229816914
224,1.1821168110140094,16.006845065219572,0.960161640867382,0.5281183424363962,0.5381400983075116,1.0395242892644903,0.5131579041481018,0.9116541147232056,0.9454887509346008,0.6876290996075763,0.13087689504027367,0.20270926039665937
225,1.1821168110140094,16.006845065219572,0.960161640867382,0.5281183424363962,0.5381400983075116,1.0395242892644903,0.5131579041481018,0.9116541147232056,0.9454887509346008,0.6876290996075763,0.13058281689882278,0.20376995205879211
226,1.1821168110140094,16.006845065219572,0.960161640867382,0.5281183424363962,0.5381400983075116,1.0395242892644903,0.5131579041481018,0.9116541147232056,0.9454887509346008,0.6876290996075763,0.13149282056838274,0.20438126754015684
227,1.1821168110140094,16.006845065219572,0.960161640867382,0.5281183424363962,0.5381400983075116,1.0395242892644903,0.5131579041481018,0.9116541147232056,0.9454887509346008,0.6876290996075763,0.13209095504134893,0.20404585916548967
228,1.1821168110140094,16.006845065219572,0.960161640867382,0.5281183424363962,0.5381400983075116,1.0395242892644903,0.5131579041481018,0.9116541147232056,0.9454887509346008,0.6876290996075763,0.1308439550921321,0.202672578394413
229,1.1821168110140094,16.006845065219572,0.960161640867382,0.5281183424363962,0.5381400983075116,1.0395242892644903,0.5131579041481018,0.9116541147232056,0.9454887509346008,0.6876290996075763,0.13088428508490324,0.20281846914440393
230,1.1821168110140094,16.006845065219572,0.960161640867382,0.5281183424363962,0.5381400983075116,1.0395242892644903,0.5131579041481018,0.9116541147232056,0.9454887509346008,0.6876290996075763,0.13157348986715078,0.20398466102778912
231,1.1821168110140094,16.006845065219572,0.960161640867382,0.5281183424363962,0.5381400983075116,1.0395242892644903,0.5131579041481018,0.9116541147232056,0.9454887509346008,0.6876290996075763,0.1304259765893221,0.20313134510070086
232,1.1821168110140094,16.006845065219572,0.960161640867382,0.5281183424363962,0.5381400983075116,1.0395242892644903,0.5131579041481018,0.9116541147232056,0.9454887509346008,0.6876290996075763,0.131149441935122,0.2041190778836608
233,1.1821168110140094,16.006845065219572,0.960161640867382,0.5281183424363962,0.5381400983075116,1.0395242892644903,0.5131579041481018,0.9116541147232056,0.9454887509346008,0.6876290996075763,0.13133468199521303,0.20352125354111195
234,1.1821168110140094,16.006845065219572,0.960161640867382,0.5281183424363962,0.5381400983075116,1.0395242892644903,0.5131579041481018,0.9116541147232056,0.9454887509346008,0.6876290996075763,0.13041217904537916,0.20215563382953405
235,1.1821168110140094,16.006845065219572,0.960161640867382,0.5281183424363962,0.5381400983075116,1.0395242892644903,0.5131579041481018,0.9116541147232056,0.9454887509346008,0.6876290996075763,0.131205172277987,0.20324958581477404
236,1.1821168110140094,16.006845065219572,0.960161640867382,0.5281183424363962,0.5381400983075116,1.0395242892644903,0.5131579041481018,0.9116541147232056,0.9454887509346008,0.6876290996075763,0.131297891959548,0.2041103197261691
237,1.1821168110140094,16.006845065219572,0.960161640867382,0.5281183424363962,0.5381400983075116,1.0395242892644903,0.5131579041481018,0.9116541147232056,0.9454887509346008,0.6876290996075763,0.1306846458464861,0.20350777357816696
238,1.1821168110140094,16.006845065219572,0.960161640867382,0.5281183424363962,0.5381400983075116,1.0395242892644903,0.5131579041481018,0.9116541147232056,0.9454887509346008,0.6876290996075763,0.13149330019950867,0.20415060874074697
239,1.1821168110140094,16.006845065219572,0.960161640867382,0.5281183424363962,0.5381400983075116,1.0395242892644903,0.5131579041481018,0.9116541147232056,0.9454887509346008,0.6876290996075763,0.1310480935499072,0.20297346822917461
240,1.1821168110140094,16.006845065219572,0.960161640867382,0.5281183424363962,0.5381400983075116,1.0395242892644903,0.5131579041481018,0.9116541147232056,0.9454887509346008,0.6876290996075763,0.13126003183424473,0.20314112585037947
241,1.1821168110140094,16.006845065219572,0.960161640867382,0.5281183424363962,0.5381400983075116,1.0395242892644903,0.5131579041481018,0.9116541147232056,0.9454887509346008,0.6876290996075763,0.13121360260993242,0.20428183861076832
242,1.1821168110140094,16.006845065219572,0.960161640867382,0.5281183424363962,0.5381400983075116,1.0395242892644903,0.5131579041481018,0.9116541147232056,0.9454887509346008,0.6876290996075763,0.13103632349520922,0.20357777271419764
243,1.1821168110140094,16.006845065219572,0.960161640867382,0.5281183424363962,0.5381400983075116,1.0395242892644903,0.5131579041481018,0.9116541147232056,0.9454887509346008,0.6876290996075763,0.1317948680371046,0.2043999070301652
244,1.1821168110140094,16.006845065219572,0.960161640867382,0.5281183424363962,0.5381400983075116,1.0395242892644903,0.5131579041481018,0.9116541147232056,0.9454887509346008,0.6876290996075763,0.131171602755785,0.20311092678457499
245,1.1821168110140094,16.006845065219572,0.960161640867382,0.5281183424363962,0.5381400983075116,1.0395242892644903,0.5131579041481018,0.9116541147232056,0.9454887509346008,0.6876290996075763,0.13120372220873833,0.2033485947176814
246,1.1821168110140094,16.006845065219572,0.960161640867382,0.5281183424363962,0.5381400983075116,1.0395242892644903,0.5131579041481018,0.9116541147232056,0.9454887509346008,0.6876290996075763,0.13090578466653824,0.20360659435391426
247,1.1821168110140094,16.006845065219572,0.960161640867382,0.5281183424363962,0.5381400983075116,1.0395242892644903,0.5131579041481018,0.9116541147232056,0.9454887509346008,0.6876290996075763,0.13106533326208591,0.20385615061968565
248,1.1821168110140094,16.006845065219572,0.960161640867382,0.5281183424363962,0.5381400983075116,1.0395242892644903,0.5131579041481018,0.9116541147232056,0.9454887509346008,0.6876290996075763,0.1310701034963131,0.20350239425897598
249,1.1821168110140094,16.006845065219572,0.960161640867382,0.5281183424363962,0.5381400983075116,1.0395242892644903,0.5131579041481018,0.9116541147232056,0.9454887509346008,0.6876290996075763,0.1310302633792162,0.20340710319578648
250,1.1821168110140094,16.006845065219572,0.960161640867382,0.5281183424363962,0.5381400983075116,1.0395242892644903,0.5131579041481018,0.9116541147232056,0.9454887509346008,0.6876290996075763,0.13052279688417912,0.2023971015587449
251,1.1821168110140094,16.006845065219572,0.960161640867382,0.5281183424363962,0.5381400983075116,1.0395242892644903,0.5131579041481018,0.9116541147232056,0.9454887509346008,0.6876290996075763,0.13143322058022022,0.2036547427996993
252,1.1821168110140094,16.006845065219572,0.960161640867382,0.5281183424363962,0.5381400983075116,1.0395242892644903,0.5131579041481018,0.9116541147232056,0.9454887509346008,0.6876290996075763,0.13069232739508152,0.2034136550500989
253,1.1821168110140094,16.006845065219572,0.960161640867382,0.5281183424363962,0.5381400983075116,1.0395242892644903,0.5131579041481018,0.9116541147232056,0.9454887509346008,0.6876290996075763,0.13122042175382376,0.20431066770106554
254,1.1821168110140094,16.006845065219572,0.960161640867382,0.5281183424363962,0.5381400983075116,1.0395242892644903,0.5131579041481018,0.9116541147232056,0.9454887509346008,0.6876290996075763,0.1308484049513936,0.2029137685894966
255,1.1821168110140094,16.006845065219572,0.960161640867382,0.5281183424363962,0.5381400983075116,1.0395242892644903,0.5131579041481018,0.9116541147232056,0.9454887509346008,0.6876290996075763,0.13105184398591518,0.20296984817832708
256,1.1821168110140094,16.006845065219572,0.960161640867382,0.5281183424363962,0.5381400983075116,1.0395242892644903,0.5131579041481018,0.9116541147232056,0.9454887509346008,0.6876290996075763,0.13099392410367727,0.20321772526949644
257,1.1821168110140094,16.006845065219572,0.960161640867382,0.5281183424363962,0.5381400983075116,1.0395242892644903,0.5131579041481018,0.9116541147232056,0.9454887509346008,0.6876290996075763,0.13071740698069334,0.20339995436370373
258,1.1821168110140094,16.006845065219572,0.960161640867382,0.5281183424363962,0.5381400983075116,1.0395242892644903,0.5131579041481018,0.9116541147232056,0.9454887509346008,0.6876290996075763,0.13188055716454983,0.2079781899228692
259,1.1821168110140094,16.006845065219572,0.960161640867382,0.5281183424363962,0.5381400983075116,1.0395242892644903,0.5131579041481018,0.9116541147232056,0.9454887509346008,0.6876290996075763,0.13048290740698576,0.2027767589315772
260,1.1821168110140094,16.006845065219572,0.960161640867382,0.5281183424363962,0.5381400983075116,1.0395242892644903,0.5131579041481018,0.9116541147232056,0.9454887509346008,0.6876290996075763,0.13065504655241966,0.20266291126608849
261,1.1821168110140094,16.006845065219572,0.960161640867382,0.5281183424363962,0.5381400983075116,1.0395242892644903,0.5131579041481018,0.9116541147232056,0.9454887509346008,0.6876290996075763,0.13067538663744926,0.20338374469429255
262,1.1821168110140094,16.006845065219572,0.960161640867382,0.5281183424363962,0.5381400983075116,1.0395242892644903,0.5131579041481018,0.9116541147232056,0.9454887509346008,0.6876290996075763,0.13213897496461868,0.2048594132065773
263,1.1821168110140094,16.006845065219572,0.960161640867382,0.5281183424363962,0.5381400983075116,1.0395242892644903,0.5131579041481018,0.9116541147232056,0.9454887509346008,0.6876290996075763,0.1313691008836031,0.2041115090250969
264,1.1821168110140094,16.006845065219572,0.960161640867382,0.5281183424363962,0.5381400983075116,1.0395242892644903,0.5131579041481018,0.9116541147232056,0.9454887509346008,0.6876290996075763,0.13136363122612238,0.20370451267808676
265,1.1821168110140094,16.006845065219572,0.960161640867382,0.5281183424363962,0.5381400983075116,1.0395242892644903,0.5131579041481018,0.9116541147232056,0.9454887509346008,0.6876290996075763,0.13122984301298857,0.20366170350462198
266,1.1821168110140094,16.006845065219572,0.960161640867382,0.5281183424363962,0.5381400983075116,1.0395242892644903,0.5131579041481018,0.9116541147232056,0.9454887509346008,0.6876290996075763,0.12998397089540958,0.20331804547458887
267,1.1821168110140094,16.006845065219572,0.960161640867382,0.5281183424363962,0.5381400983075116,1.0395242892644903,0.5131579041481018,0.9116541147232056,0.9454887509346008,0.6876290996075763,0.13156097009778023,0.20447144750505686
268,1.1821168110140094,16.006845065219572,0.960161640867382,0.5281183424363962,0.5381400983075116,1.0395242892644903,0.5131579041481018,0.9116541147232056,0.9454887509346008,0.6876290996075763,0.13128756172955036,0.2034221850335598
269,1.1821168110140094,16.006845065219572,0.960161640867382,0.5281183424363962,0.5381400983075116,1.0395242892644903,0.5131579041481018,0.9116541147232056,0.9454887509346008,0.6876290996075763,0.13086416479200125,0.20286282896995544
270,1.1821168110140094,16.006845065219572,0.960161640867382,0.5281183424363962,0.5381400983075116,1.0395242892644903,0.5131579041481018,0.9116541147232056,0.9454887509346008,0.6876290996075763,0.1313476013019681,0.20341494493186474
271,1.1821168110140094,16.006845065219572,0.960161640867382,0.5281183424363962,0.5381400983075116,1.0395242892644903,0.5131579041481018,0.9116541147232056,0.9454887509346008,0.6876290996075763,0.13029395043849945,0.20302311796694994
272,1.1821168110140094,16.006845065219572,0.960161640867382,0.5281183424363962,0.5381400983075116,1.0395242892644903,0.5131579041481018,0.9116541147232056,0.9454887509346008,0.6876290996075763,0.13155512977391481,0.20464997459203005
273,1.1821168110140094,16.006845065219572,0.960161640867382,0.5281183424363962,0.5381400983075116,1.0395242892644903,0.5131579041481018,0.9116541147232056,0.9454887509346008,0.6876290996075763,0.13116397242993116,0.20339447353035212
274,1.1821168110140094,16.006845065219572,0.960161640867382,0.5281183424363962,0.5381400983075116,1.0395242892644903,0.5131579041481018,0.9116541147232056,0.9454887509346008,0.6876290996075763,0.13104558270424604,0.2033578548580408
275,1.1821168110140094,16.006845065219572,0.960161640867382,0.5281183424363962,0.5381400983075116,1.0395242892644903,0.5131579041481018,0.9116541147232056,0.9454887509346008,0.6876290996075763,0.1314654601737857,0.2043231474235654
276,1.1821168110140094,16.006845065219572,0.960161640867382,0.5281183424363962,0.5381400983075116,1.0395242892644903,0.5131579041481018,0.9116541147232056,0.9454887509346008,0.6876290996075763,0.13116240222007036,0.20408093929290771
277,1.1821168110140094,16.006845065219572,0.960161640867382,0.5281183424363962,0.5381400983075116,1.0395242892644903,0.5131579041481018,0.9116541147232056,0.9454887509346008,0.6876290996075763,0.13119501248002052,0.20349370315670967
278,1.1821168110140094,16.006845065219572,0.960161640867382,0.5281183424363962,0.5381400983075116,1.0395242892644903,0.5131579041481018,0.9116541147232056,0.9454887509346008,0.6876290996075763,0.1308524450287223,0.2028602994978428
279,1.1821168110140094,16.006845065219572,0.960161640867382,0.5281183424363962,0.5381400983075116,1.0395242892644903,0.5131579041481018,0.9116541147232056,0.9454887509346008,0.6876290996075763,0.13149388134479523,0.20358895417302847
280,1.1821168110140094,16.006845065219572,0.960161640867382,0.5281183424363962,0.5381400983075116,1.0395242892644903,0.5131579041481018,0.9116541147232056,0.9454887509346008,0.6876290996075763,0.13016470056027174,0.20326144620776176
281,1.1821168110140094,16.006845065219572,0.960161640867382,0.5281183424363962,0.5381400983075116,1.0395242892644903,0.5131579041481018,0.9116541147232056,0.9454887509346008,0.6876290996075763,0.1315691890195012,0.20471568498760462
282,1.1821168110140094,16.006845065219572,0.960161640867382,0.5281183424363962,0.5381400983075116,1.0395242892644903,0.5131579041481018,0.9116541147232056,0.9454887509346008,0.6876290996075763,0.13099982403218746,0.2030659168958664
283,1.1821168110140094,16.006845065219572,0.960161640867382,0.5281183424363962,0.5381400983075116,1.0395242892644903,0.5131579041481018,0.9116541147232056,0.9454887509346008,0.6876290996075763,0.13067867700010538,0.20269566029310226
284,1.1821168110140094,16.006845065219572,0.960161640867382,0.5281183424363962,0.5381400983075116,1.0395242892644903,0.5131579041481018,0.9116541147232056,0.9454887509346008,0.6876290996075763,0.13139890134334564,0.20445543713867664
285,1.1821168110140094,16.006845065219572,0.960161640867382,0.5281183424363962,0.5381400983075116,1.0395242892644903,0.5131579041481018,0.9116541147232056,0.9454887509346008,0.6876290996075763,0.13057245779782534,0.20380698144435883
286,1.1821168110140094,16.006845065219572,0.960161640867382,0.5281183424363962,0.5381400983075116,1.0395242892644903,0.5131579041481018,0.9116541147232056,0.9454887509346008,0.6876290996075763,0.13140505086630583,0.20447390619665384
287,1.1821168110140094,16.006845065219572,0.960161640867382,0.5281183424363962,0.5381400983075116,1.0395242892644903,0.5131579041481018,0.9116541147232056,0.9454887509346008,0.6876290996075763,0.1308788349851966,0.20278255827724934
288,1.1821168110140094,16.006845065219572,0.960161640867382,0.5281183424363962,0.5381400983075116,1.0395242892644903,0.5131579041481018,0.9116541147232056,0.9454887509346008,0.6876290996075763,0.13073679618537426,0.2027130601927638
289,1.1821168110140094,16.006845065219572,0.960161640867382,0.5281183424363962,0.5381400983075116,1.0395242892644903,0.5131579041481018,0.9116541147232056,0.9454887509346008,0.6876290996075763,0.13050983753055334,0.20283196959644556
290,1.1821168110140094,16.006845065219572,0.960161640867382,0.5281183424363962,0.5381400983075116,1.0395242892644903,0.5131579041481018,0.9116541147232056,0.9454887509346008,0.6876290996075763,0.1304445881396532,0.203618043102324
291,1.1821168110140094,16.006845065219572,0.960161640867382,0.5281183424363962,0.5381400983075116,1.0395242892644903,0.5131579041481018,0.9116541147232056,0.9454887509346008,0.6876290996075763,0.13125673215836287,0.20451224595308304
292,1.1821168110140094,16.006845065219572,0.960161640867382,0.5281183424363962,0.5381400983075116,1.0395242892644903,0.5131579041481018,0.9116541147232056,0.9454887509346008,0.6876290996075763,0.13060751650482416,0.20285719726234674
293,1.1821168110140094,16.006845065219572,0.960161640867382,0.5281183424363962,0.5381400983075116,1.0395242892644903,0.5131579041481018,0.9116541147232056,0.9454887509346008,0.6876290996075763,0.13135173078626394,0.20416210871189833
294,1.1821168110140094,16.006845065219572,0.960161640867382,0.5281183424363962,0.5381400983075116,1.0395242892644903,0.5131579041481018,0.9116541147232056,0.9454887509346008,0.6876290996075763,0.13113200291991234,0.20411167945712805
295,1.1821168110140094,16.006845065219572,0.960161640867382,0.5281183424363962,0.5381400983075116,1.0395242892644903,0.5131579041481018,0.9116541147232056,0.9454887509346008,0.6876290996075763,0.13113314285874367,0.20351598411798477
296,1.1821168110140094,16.006845065219572,0.960161640867382,0.5281183424363962,0.5381400983075116,1.0395242892644903,0.5131579041481018,0.9116541147232056,0.9454887509346008,0.6876290996075763,0.13089995551854372,0.2030343282967806
297,1.1821168110140094,16.006845065219572,0.960161640867382,0.5281183424363962,0.5381400983075116,1.0395242892644903,0.5131579041481018,0.9116541147232056,0.9454887509346008,0.6876290996075763,0.13145812135189772,0.20410790015012026
298,1.1821168110140094,16.006845065219572,0.960161640867382,0.5281183424363962,0.5381400983075116,1.0395242892644903,0.5131579041481018,0.9116541147232056,0.9454887509346008,0.6876290996075763,0.13067299593240023,0.2036652434617281
299,1.1821168110140094,16.006845065219572,0.960161640867382,0.5281183424363962,0.5381400983075116,1.0395242892644903,0.5131579041481018,0.9116541147232056,0.9454887509346008,0.6876290996075763,0.13098728377372026,0.2038506604731083
300,1.1821168110140094,16.006845065219572,0.960161640867382,0.5281183424363962,0.5381400983075116,1.0395242892644903,0.5131579041481018,0.9116541147232056,0.9454887509346008,0.6876290996075763,0.13094719406217337,0.20358805358409882
301,1.1821168110140094,16.006845065219572,0.960161640867382,0.5281183424363962,0.5381400983075116,1.0395242892644903,0.5131579041481018,0.9116541147232056,0.9454887509346008,0.6876290996075763,0.13124915212392807,0.20328982453793287
302,1.1821168110140094,16.006845065219572,0.960161640867382,0.5281183424363962,0.5381400983075116,1.0395242892644903,0.5131579041481018,0.9116541147232056,0.9454887509346008,0.6876290996075763,0.13080135453492403,0.20316703524440527
303,1.1821168110140094,16.006845065219572,0.960161640867382,0.5281183424363962,0.5381400983075116,1.0395242892644903,0.5131579041481018,0.9116541147232056,0.9454887509346008,0.6876290996075763,0.13078623451292515,0.2036217926070094
304,1.1821168110140094,16.006845065219572,0.960161640867382,0.5281183424363962,0.5381400983075116,1.0395242892644903,0.5131579041481018,0.9116541147232056,0.9454887509346008,0.6876290996075763,0.13110292330384254,0.20388041157275438
305,1.1821168110140094,16.006845065219572,0.960161640867382,0.5281183424363962,0.5381400983075116,1.0395242892644903,0.5131579041481018,0.9116541147232056,0.9454887509346008,0.6876290996075763,0.13116481248289347,0.20336055476218462
306,1.1821168110140094,16.006845065219572,0.960161640867382,0.5281183424363962,0.5381400983075116,1.0395242892644903,0.5131579041481018,0.9116541147232056,0.9454887509346008,0.6876290996075763,0.131017972715199,0.20300932694226503
307,1.1821168110140094,16.006845065219572,0.960161640867382,0.5281183424363962,0.5381400983075116,1.0395242892644903,0.5131579041481018,0.9116541147232056,0.9454887509346008,0.6876290996075763,0.13134805113077164,0.2036572527140379
308,1.1821168110140094,16.006845065219572,0.960161640867382,0.5281183424363962,0.5381400983075116,1.0395242892644903,0.5131579041481018,0.9116541147232056,0.9454887509346008,0.6876290996075763,0.13046566862612963,0.20357406418770552
309,1.1821168110140094,16.006845065219572,0.960161640867382,0.5281183424363962,0.5381400983075116,1.0395242892644903,0.5131579041481018,0.9116541147232056,0.9454887509346008,0.6876290996075763,0.13099536392837763,0.20381494238972664
310,1.1821168110140094,16.006845065219572,0.960161640867382,0.5281183424363962,0.5381400983075116,1.0395242892644903,0.5131579041481018,0.9116541147232056,0.9454887509346008,0.6876290996075763,0.1311459932476282,0.2034272337332368
311,1.1821168110140094,16.006845065219572,0.960161640867382,0.5281183424363962,0.5381400983075116,1.0395242892644903,0.5131579041481018,0.9116541147232056,0.9454887509346008,0.6876290996075763,0.13041942939162254,0.2022675033658743
312,1.1821168110140094,16.006845065219572,0.960161640867382,0.5281183424363962,0.5381400983075116,1.0395242892644903,0.5131579041481018,0.9116541147232056,0.9454887509346008,0.6876290996075763,0.12893217988312244,0.20120516140013933
313,1.1821168110140094,16.006845065219572,0.960161640867382,0.5281183424363962,0.5381400983075116,1.0395242892644903,0.5131579041481018,0.9116541147232056,0.9454887509346008,0.6876290996075763,0.1312635224312544,0.20329107530415058
314,1.1821168110140094,16.006845065219572,0.960161640867382,0.5281183424363962,0.5381400983075116,1.0395242892644903,0.5131579041481018,0.9116541147232056,0.9454887509346008,0.6876290996075763,0.13095650356262922,0.2042619278654456
315,1.1821168110140094,16.006845065219572,0.960161640867382,0.5281183424363962,0.5381400983075116,1.0395242892644903,0.5131579041481018,0.9116541147232056,0.9454887509346008,0.6876290996075763,0.13142464123666286,0.2044738568365574
316,1.1821168110140094,16.006845065219572,0.960161640867382,0.5281183424363962,0.5381400983075116,1.0395242892644903,0.5131579041481018,0.9116541147232056,0.9454887509346008,0.6876290996075763,0.13192091695964336,0.204542875289917
317,1.1821168110140094,16.006845065219572,0.960161640867382,0.5281183424363962,0.5381400983075116,1.0395242892644903,0.5131579041481018,0.9116541147232056,0.9454887509346008,0.6876290996075763,0.13121966179460287,0.20327830500900745
318,1.1821168110140094,16.006845065219572,0.960161640867382,0.5281183424363962,0.5381400983075116,1.0395242892644903,0.5131579041481018,0.9116541147232056,0.9454887509346008,0.6876290996075763,0.1316359592601657,0.2042715884745121
319,1.1821168110140094,16.006845065219572,0.960161640867382,0.5281183424363962,0.5381400983075116,1.0395242892644903,0.5131579041481018,0.9116541147232056,0.9454887509346008,0.6876290996075763,0.1302652107551694,0.20321490615606308
320,1.1821168110140094,16.006845065219572,0.960161640867382,0.5281183424363962,0.5381400983075116,1.0395242892644903,0.5131579041481018,0.9116541147232056,0.9454887509346008,0.6876290996075763,0.1309398040175438,0.20383519120514393
321,1.1821168110140094,16.006845065219572,0.960161640867382,0.5281183424363962,0.5381400983075116,1.0395242892644903,0.5131579041481018,0.9116541147232056,0.9454887509346008,0.6876290996075763,0.1310744835063815,0.20340264402329922
322,1.1821168110140094,16.006845065219572,0.960161640867382,0.5281183424363962,0.5381400983075116,1.0395242892644903,0.5131579041481018,0.9116541147232056,0.9454887509346008,0.6876290996075763,0.1305088186636567,0.2026012111455202
323,1.1821168110140094,16.006845065219572,0.960161640867382,0.5281183424363962,0.5381400983075116,1.0395242892644903,0.5131579041481018,0.9116541147232056,0.9454887509346008,0.6876290996075763,0.13210027571767569,0.20518635213375092
324,1.1821168110140094,16.006845065219572,0.960161640867382,0.5281183424363962,0.5381400983075116,1.0395242892644903,0.5131579041481018,0.9116541147232056,0.9454887509346008,0.6876290996075763,0.13103353418409824,0.2038001725450158
325,1.1821168110140094,16.006845065219572,0.960161640867382,0.5281183424363962,0.5381400983075116,1.0395242892644903,0.5131579041481018,0.9116541147232056,0.9454887509346008,0.6876290996075763,0.13167744874954224,0.2047977140173316
326,1.1821168110140094,16.006845065219572,0.960161640867382,0.5281183424363962,0.5381400983075116,1.0395242892644903,0.5131579041481018,0.9116541147232056,0.9454887509346008,0.6876290996075763,0.13133093249052763,0.20371530298143625
327,1.1821168110140094,16.006845065219572,0.960161640867382,0.5281183424363962,0.5381400983075116,1.0395242892644903,0.5131579041481018,0.9116541147232056,0.9454887509346008,0.6876290996075763,0.13133705127984285,0.20338177401572466
328,1.1821168110140094,16.006845065219572,0.960161640867382,0.5281183424363962,0.5381400983075116,1.0395242892644903,0.5131579041481018,0.9116541147232056,0.9454887509346008,0.6876290996075763,0.13100652396678925,0.20387648046016693
329,1.1821168110140094,16.006845065219572,0.960161640867382,0.5281183424363962,0.5381400983075116,1.0395242892644903,0.5131579041481018,0.9116541147232056,0.9454887509346008,0.6876290996075763,0.13119936175644398,0.2041080091148615
330,1.1821168110140094,16.006845065219572,0.960161640867382,0.5281183424363962,0.5381400983075116,1.0395242892644903,0.5131579041481018,0.9116541147232056,0.9454887509346008,0.6876290996075763,0.1309120450168848,0.2035063048824668
331,1.1821168110140094,16.006845065219572,0.960161640867382,0.5281183424363962,0.5381400983075116,1.0395242892644903,0.5131579041481018,0.9116541147232056,0.9454887509346008,0.6876290996075763,0.13118554279208183,0.20359731279313564
332,1.1821168110140094,16.006845065219572,0.960161640867382,0.5281183424363962,0.5381400983075116,1.0395242892644903,0.5131579041481018,0.9116541147232056,0.9454887509346008,0.6876290996075763,0.13115861266851425,0.20324161555618048
333,1.1821168110140094,16.006845065219572,0.960161640867382,0.5281183424363962,0.5381400983075116,1.0395242892644903,0.5131579041481018,0.9116541147232056,0.9454887509346008,0.6876290996075763,0.13129427190870047,0.2036109333857894
334,1.1821168110140094,16.006845065219572,0.960161640867382,0.5281183424363962,0.5381400983075116,1.0395242892644903,0.5131579041481018,0.9116541147232056,0.9454887509346008,0.6876290996075763,0.13093250524252653,0.20403521973639727
335,1.1821168110140094,16.006845065219572,0.960161640867382,0.5281183424363962,0.5381400983075116,1.0395242892644903,0.5131579041481018,0.9116541147232056,0.9454887509346008,0.6876290996075763,0.13212855625897646,0.2055687392130494
336,1.1821168110140094,16.006845065219572,0.960161640867382,0.5281183424363962,0.5381400983075116,1.0395242892644903,0.5131579041481018,0.9116541147232056,0.9454887509346008,0.6876290996075763,0.12912198808044195,0.2013912694528699
337,1.1821168110140094,16.006845065219572,0.960161640867382,0.5281183424363962,0.5381400983075116,1.0395242892644903,0.5131579041481018,0.9116541147232056,0.9454887509346008,0.6876290996075763,0.13072334695607424,0.203734933398664
338,1.1821168110140094,16.006845065219572,0.960161640867382,0.5281183424363962,0.5381400983075116,1.0395242892644903,0.5131579041481018,0.9116541147232056,0.9454887509346008,0.6876290996075763,0.1305813565850258,0.2033687848597765
339,1.1821168110140094,16.006845065219572,0.960161640867382,0.5281183424363962,0.5381400983075116,1.0395242892644903,0.5131579041481018,0.9116541147232056,0.9454887509346008,0.6876290996075763,0.13133172132074833,0.20422524772584438
340,1.1821168110140094,16.006845065219572,0.960161640867382,0.5281183424363962,0.5381400983075116,1.0395242892644903,0.5131579041481018,0.9116541147232056,0.9454887509346008,0.6876290996075763,0.1325583215802908,0.20441188663244247
341,1.1821168110140094,16.006845065219572,0.960161640867382,0.5281183424363962,0.5381400983075116,1.0395242892644903,0.5131579041481018,0.9116541147232056,0.9454887509346008,0.6876290996075763,0.13106092251837254,0.20336563512682915
342,1.1821168110140094,16.006845065219572,0.960161640867382,0.5281183424363962,0.5381400983075116,1.0395242892644903,0.5131579041481018,0.9116541147232056,0.9454887509346008,0.6876290996075763,0.13141288049519062,0.20361443236470222
343,1.1821168110140094,16.006845065219572,0.960161640867382,0.5281183424363962,0.5381400983075116,1.0395242892644903,0.5131579041481018,0.9116541147232056,0.9454887509346008,0.6876290996075763,0.13034911826252937,0.20328421518206596
344,1.1821168110140094,16.006845065219572,0.960161640867382,0.5281183424363962,0.5381400983075116,1.0395242892644903,0.5131579041481018,0.9116541147232056,0.9454887509346008,0.6876290996075763,0.13178357761353254,0.20487523265182972
345,1.1821168110140094,16.006845065219572,0.960161640867382,0.5281183424363962,0.5381400983075116,1.0395242892644903,0.5131579041481018,0.9116541147232056,0.9454887509346008,0.6876290996075763,0.1314488211646676,0.20386241097003222
346,1.1821168110140094,16.006845065219572,0.960161640867382,0.5281183424363962,0.5381400983075116,1.0395242892644903,0.5131579041481018,0.9116541147232056,0.9454887509346008,0.6876290996075763,0.13051182683557272,0.20281882863491774
347,1.1821168110140094,16.006845065219572,0.960161640867382,0.5281183424363962,0.5381400983075116,1.0395242892644903,0.5131579041481018,0.9116541147232056,0.9454887509346008,0.6876290996075763,0.13137634098529816,0.2034671539440751
348,1.1821168110140094,16.006845065219572,0.960161640867382,0.5281183424363962,0.5381400983075116,1.0395242892644903,0.5131579041481018,0.9116541147232056,0.9454887509346008,0.6876290996075763,0.1297858227044344,0.20269829966127872
349,1.1821168110140094,16.006845065219572,0.960161640867382,0.5281183424363962,0.5381400983075116,1.0395242892644903,0.5131579041481018,0.9116541147232056,0.9454887509346008,0.6876290996075763,0.13164408970624208,0.20474555436521769
350,1.1821168110140094,16.006845065219572,0.960161640867382,0.5281183424363962,0.5381400983075116,1.0395242892644903,0.5131579041481018,0.9116541147232056,0.9454887509346008,0.6876290996075763,0.1317130671814084,0.20362913236021996
351,1.1821168110140094,16.006845065219572,0.960161640867382,0.5281183424363962,0.5381400983075116,1.0395242892644903,0.5131579041481018,0.9116541147232056,0.9454887509346008,0.6876290996075763,0.1305860672146082,0.2024277113378048
352,1.1821168110140094,16.006845065219572,0.960161640867382,0.5281183424363962,0.5381400983075116,1.0395242892644903,0.5131579041481018,0.9116541147232056,0.9454887509346008,0.6876290996075763,0.13177020754665136,0.20385860092937946
353,1.1821168110140094,16.006845065219572,0.960161640867382,0.5281183424363962,0.5381400983075116,1.0395242892644903,0.5131579041481018,0.9116541147232056,0.9454887509346008,0.6876290996075763,0.13086195476353168,0.20413477905094624
354,1.1821168110140094,16.006845065219572,0.960161640867382,0.5281183424363962,0.5381400983075116,1.0395242892644903,0.5131579041481018,0.9116541147232056,0.9454887509346008,0.6876290996075763,0.1315591298043728,0.20458959601819515
355,1.1821168110140094,16.006845065219572,0.960161640867382,0.5281183424363962,0.5381400983075116,1.0395242892644903,0.5131579041481018,0.9116541147232056,0.9454887509346008,0.6876290996075763,0.13171272911131382,0.20401179045438766
356,1.1821168110140094,16.006845065219572,0.960161640867382,0.5281183424363962,0.5381400983075116,1.0395242892644903,0.5131579041481018,0.9116541147232056,0.9454887509346008,0.6876290996075763,0.13114451244473457,0.20304041635245085
357,1.1821168110140094,16.006845065219572,0.960161640867382,0.5281183424363962,0.5381400983075116,1.0395242892644903,0.5131579041481018,0.9116541147232056,0.9454887509346008,0.6876290996075763,0.1314551206305623,0.20390043035149574
358,1.1821168110140094,16.006845065219572,0.960161640867382,0.5281183424363962,0.5381400983075116,1.0395242892644903,0.5131579041481018,0.9116541147232056,0.9454887509346008,0.6876290996075763,0.13000770285725594,0.2029859684407711
359,1.1821168110140094,16.006845065219572,0.960161640867382,0.5281183424363962,0.5381400983075116,1.0395242892644903,0.5131579041481018,0.9116541147232056,0.9454887509346008,0.6876290996075763,0.13136129081249237,0.20423608738929033
360,1.1821168110140094,16.006845065219572,0.960161640867382,0.5281183424363962,0.5381400983075116,1.0395242892644903,0.5131579041481018,0.9116541147232056,0.9454887509346008,0.6876290996075763,0.1312226913869381,0.20397770963609219
361,1.1821168110140094,16.006845065219572,0.960161640867382,0.5281183424363962,0.5381400983075116,1.0395242892644903,0.5131579041481018,0.9116541147232056,0.9454887509346008,0.6876290996075763,0.13083494547754526,0.20324558578431606
362,1.1821168110140094,16.006845065219572,0.960161640867382,0.5281183424363962,0.5381400983075116,1.0395242892644903,0.5131579041481018,0.9116541147232056,0.9454887509346008,0.6876290996075763,0.13112794421613216,0.20356620475649834
363,1.1821168110140094,16.006845065219572,0.960161640867382,0.5281183424363962,0.5381400983075116,1.0395242892644903,0.5131579041481018,0.9116541147232056,0.9454887509346008,0.6876290996075763,0.13111306354403496,0.20393965113908052
364,1.1821168110140094,16.006845065219572,0.960161640867382,0.5281183424363962,0.5381400983075116,1.0395242892644903,0.5131579041481018,0.9116541147232056,0.9454887509346008,0.6876290996075763,0.13063481729477644,0.2034968137741089
365,1.1821168110140094,16.006845065219572,0.960161640867382,0.5281183424363962,0.5381400983075116,1.0395242892644903,0.5131579041481018,0.9116541147232056,0.9454887509346008,0.6876290996075763,0.1315081100910902,0.20429624803364277
366,1.1821168110140094,16.006845065219572,0.960161640867382,0.5281183424363962,0.5381400983075116,1.0395242892644903,0.5131579041481018,0.9116541147232056,0.9454887509346008,0.6876290996075763,0.13096395414322615,0.202988107688725
367,1.1821168110140094,16.006845065219572,0.960161640867382,0.5281183424363962,0.5381400983075116,1.0395242892644903,0.5131579041481018,0.9116541147232056,0.9454887509346008,0.6876290996075763,0.1312372824177146,0.20297314785420895
368,1.1821168110140094,16.006845065219572,0.960161640867382,0.5281183424363962,0.5381400983075116,1.0395242892644903,0.5131579041481018,0.9116541147232056,0.9454887509346008,0.6876290996075763,0.13119722250849009,0.20378575194627047
369,1.1821168110140094,16.006845065219572,0.960161640867382,0.5281183424363962,0.5381400983075116,1.0395242892644903,0.5131579041481018,0.9116541147232056,0.9454887509346008,0.6876290996075763,0.13100030552595854,0.20390142127871513
370,1.1821168110140094,16.006845065219572,0.960161640867382,0.5281183424363962,0.5381400983075116,1.0395242892644903,0.5131579041481018,0.9116541147232056,0.9454887509346008,0.6876290996075763,0.13185811880975962,0.20484458468854427
371,1.1821168110140094,16.006845065219572,0.960161640867382,0.5281183424363962,0.5381400983075116,1.0395242892644903,0.5131579041481018,0.9116541147232056,0.9454887509346008,0.6876290996075763,0.13103715423494577,0.2034363942220807
372,1.1821168110140094,16.006845065219572,0.960161640867382,0.5281183424363962,0.5381400983075116,1.0395242892644903,0.5131579041481018,0.9116541147232056,0.9454887509346008,0.6876290996075763,0.13153502997010946,0.20345602463930845
373,1.1821168110140094,16.006845065219572,0.960161640867382,0.5281183424363962,0.5381400983075116,1.0395242892644903,0.5131579041481018,0.9116541147232056,0.9454887509346008,0.6876290996075763,0.1314720194786787,0.20410019904375076
374,1.1821168110140094,16.006845065219572,0.960161640867382,0.5281183424363962,0.5381400983075116,1.0395242892644903,0.5131579041481018,0.9116541147232056,0.9454887509346008,0.6876290996075763,0.1313743805512786,0.20453400630503893
375,1.1821168110140094,16.006845065219572,0.960161640867382,0.5281183424363962,0.5381400983075116,1.0395242892644903,0.5131579041481018,0.9116541147232056,0.9454887509346008,0.6876290996075763,0.13132939208298922,0.2035007942467928
376,1.1821168110140094,16.006845065219572,0.960161640867382,0.5281183424363962,0.5381400983075116,1.0395242892644903,0.5131579041481018,0.9116541147232056,0.9454887509346008,0.6876290996075763,0.130576197989285,0.2023425530642271
377,1.1821168110140094,16.006845065219572,0.960161640867382,0.5281183424363962,0.5381400983075116,1.0395242892644903,0.5131579041481018,0.9116541147232056,0.9454887509346008,0.6876290996075763,0.13200384564697742,0.2043429771438241
378,1.1821168110140094,16.006845065219572,0.960161640867382,0.5281183424363962,0.5381400983075116,1.0395242892644903,0.5131579041481018,0.9116541147232056,0.9454887509346008,0.6876290996075763,0.13055797666311264,0.20366058126091957
379,1.1821168110140094,16.006845065219572,0.960161640867382,0.5281183424363962,0.5381400983075116,1.0395242892644903,0.5131579041481018,0.9116541147232056,0.9454887509346008,0.6876290996075763,0.1315719597041607,0.2044926267117262
380,1.1821168110140094,16.006845065219572,0.960161640867382,0.5281183424363962,0.5381400983075116,1.0395242892644903,0.5131579041481018,0.9116541147232056,0.9454887509346008,0.6876290996075763,0.1315151397138834,0.20410517882555723
381,1.1821168110140094,16.006845065219572,0.960161640867382,0.5281183424363962,0.5381400983075116,1.0395242892644903,0.5131579041481018,0.9116541147232056,0.9454887509346008,0.6876290996075763,0.1304821763187647,0.202240202575922
382,1.1821168110140094,16.006845065219572,0.960161640867382,0.5281183424363962,0.5381400983075116,1.0395242892644903,0.5131579041481018,0.9116541147232056,0.9454887509346008,0.6876290996075763,0.13110007252544165,0.20360776223242283
383,1.1821168110140094,16.006845065219572,0.960161640867382,0.5281183424363962,0.5381400983075116,1.0395242892644903,0.5131579041481018,0.9116541147232056,0.9454887509346008,0.6876290996075763,0.13099621422588825,0.20404734928160906
384,1.1821168110140094,16.006845065219572,0.960161640867382,0.5281183424363962,0.5381400983075116,1.0395242892644903,0.5131579041481018,0.9116541147232056,0.9454887509346008,0.6876290996075763,0.13094320334494114,0.20409263856709003
385,1.1821168110140094,16.006845065219572,0.960161640867382,0.5281183424363962,0.5381400983075116,1.0395242892644903,0.5131579041481018,0.9116541147232056,0.9454887509346008,0.6876290996075763,0.1318110078573227,0.20435896795243025
386,1.1821168110140094,16.006845065219572,0.960161640867382,0.5281183424363962,0.5381400983075116,1.0395242892644903,0.5131579041481018,0.9116541147232056,0.9454887509346008,0.6876290996075763,0.1311151534318924,0.20343157555907965
387,1.1821168110140094,16.006845065219572,0.960161640867382,0.5281183424363962,0.5381400983075116,1.0395242892644903,0.5131579041481018,0.9116541147232056,0.9454887509346008,0.6876290996075763,0.1305558169260621,0.20334270503371954
388,1.1821168110140094,16.006845065219572,0.960161640867382,0.5281183424363962,0.5381400983075116,1.0395242892644903,0.5131579041481018,0.9116541147232056,0.9454887509346008,0.6876290996075763,0.13153117056936026,0.20452910661697388
389,1.1821168110140094,16.006845065219572,0.960161640867382,0.5281183424363962,0.5381400983075116,1.0395242892644903,0.5131579041481018,0.9116541147232056,0.9454887509346008,0.6876290996075763,0.1311972327530384,0.20361528266221285
390,1.1821168110140094,16.006845065219572,0.960161640867382,0.5281183424363962,0.5381400983075116,1.0395242892644903,0.5131579041481018,0.9116541147232056,0.9454887509346008,0.6876290996075763,0.13127240166068077,0.20355815347284079
391,1.1821168110140094,16.006845065219572,0.960161640867382,0.5281183424363962,0.5381400983075116,1.0395242892644903,0.5131579041481018,0.9116541147232056,0.9454887509346008,0.6876290996075763,0.13150013983249664,0.20364904310554266
392,1.1821168110140094,16.006845065219572,0.960161640867382,0.5281183424363962,0.5381400983075116,1.0395242892644903,0.5131579041481018,0.9116541147232056,0.9454887509346008,0.6876290996075763,0.13097383454442024,0.2040469404309988
393,1.1821168110140094,16.006845065219572,0.960161640867382,0.5281183424363962,0.5381400983075116,1.0395242892644903,0.5131579041481018,0.9116541147232056,0.9454887509346008,0.6876290996075763,0.1323521239683032,0.20556164905428886
394,1.1821168110140094,16.006845065219572,0.960161640867382,0.5281183424363962,0.5381400983075116,1.0395242892644903,0.5131579041481018,0.9116541147232056,0.9454887509346008,0.6876290996075763,0.13152032066136599,0.20373873226344585
395,1.1821168110140094,16.006845065219572,0.960161640867382,0.5281183424363962,0.5381400983075116,1.0395242892644903,0.5131579041481018,0.9116541147232056,0.9454887509346008,0.6876290996075763,0.13049961626529694,0.20266705937683582
396,1.1821168110140094,16.006845065219572,0.960161640867382,0.5281183424363962,0.5381400983075116,1.0395242892644903,0.5131579041481018,0.9116541147232056,0.9454887509346008,0.6876290996075763,0.13078289572149515,0.20355764403939247
397,1.1821168110140094,16.006845065219572,0.960161640867382,0.5281183424363962,0.5381400983075116,1.0395242892644903,0.5131579041481018,0.9116541147232056,0.9454887509346008,0.6876290996075763,0.1308603249490261,0.20369685254991055
398,1.1821168110140094,16.006845065219572,0.960161640867382,0.5281183424363962,0.5381400983075116,1.0395242892644903,0.5131579041481018,0.9116541147232056,0.9454887509346008,0.6876290996075763,0.1314551206305623,0.2045119060203433
399,1.1821168110140094,16.006845065219572,0.960161640867382,0.5281183424363962,0.5381400983075116,1.0395242892644903,0.5131579041481018,0.9116541147232056,0.9454887509346008,0.6876290996075763,0.13094081450253725,0.2034850437194109
400,1.1821168110140094,16.006845065219572,0.960161640867382,0.5281183424363962,0.5381400983075116,1.0395242892644903,0.5131579041481018,0.9116541147232056,0.9454887509346008,0.6876290996075763,0.1306956959888339,0.20264072995632887
401,1.1821168110140094,16.006845065219572,0.960161640867382,0.5281183424363962,0.5381400983075116,1.0395242892644903,0.5131579041481018,0.9116541147232056,0.9454887509346008,0.6876290996075763,0.13161356933414936,0.20374360214918852
402,1.1821168110140094,16.006845065219572,0.960161640867382,0.5281183424363962,0.5381400983075116,1.0395242892644903,0.5131579041481018,0.9116541147232056,0.9454887509346008,0.6876290996075763,0.13035643938928843,0.20369768235832453
403,1.1821168110140094,16.006845065219572,0.960161640867382,0.5281183424363962,0.5381400983075116,1.0395242892644903,0.5131579041481018,0.9116541147232056,0.9454887509346008,0.6876290996075763,0.13138139061629772,0.20481684431433678
404,1.1821168110140094,16.006845065219572,0.960161640867382,0.5281183424363962,0.5381400983075116,1.0395242892644903,0.5131579041481018,0.9116541147232056,0.9454887509346008,0.6876290996075763,0.13208904583007097,0.20443087723106146
405,1.1821168110140094,16.006845065219572,0.960161640867382,0.5281183424363962,0.5381400983075116,1.0395242892644903,0.5131579041481018,0.9116541147232056,0.9454887509346008,0.6876290996075763,0.13041390758007765,0.20259195007383823
406,1.1821168110140094,16.006845065219572,0.960161640867382,0.5281183424363962,0.5381400983075116,1.0395242892644903,0.5131579041481018,0.9116541147232056,0.9454887509346008,0.6876290996075763,0.13068422582000494,0.2027087388560176
407,1.1821168110140094,16.006845065219572,0.960161640867382,0.5281183424363962,0.5381400983075116,1.0395242892644903,0.5131579041481018,0.9116541147232056,0.9454887509346008,0.6876290996075763,0.13110100384801626,0.20334829576313496
408,1.1821168110140094,16.006845065219572,0.960161640867382,0.5281183424363962,0.5381400983075116,1.0395242892644903,0.5131579041481018,0.9116541147232056,0.9454887509346008,0.6876290996075763,0.1309916554018855,0.2039042515680194
409,1.1821168110140094,16.006845065219572,0.960161640867382,0.5281183424363962,0.5381400983075116,1.0395242892644903,0.5131579041481018,0.9116541147232056,0.9454887509346008,0.6876290996075763,0.1316561996936798,0.2048583934083581
410,1.1821168110140094,16.006845065219572,0.960161640867382,0.5281183424363962,0.5381400983075116,1.0395242892644903,0.5131579041481018,0.9116541147232056,0.9454887509346008,0.6876290996075763,0.13081981614232063,0.20354163460433483
411,1.1821168110140094,16.006845065219572,0.960161640867382,0.5281183424363962,0.5381400983075116,1.0395242892644903,0.5131579041481018,0.9116541147232056,0.9454887509346008,0.6876290996075763,0.13044080883264542,0.20251052174717188
412,1.1821168110140094,16.006845065219572,0.960161640867382,0.5281183424363962,0.5381400983075116,1.0395242892644903,0.5131579041481018,0.9116541147232056,0.9454887509346008,0.6876290996075763,0.13075363542884588,0.20328735560178757
413,1.1821168110140094,16.006845065219572,0.960161640867382,0.5281183424363962,0.5381400983075116,1.0395242892644903,0.5131579041481018,0.9116541147232056,0.9454887509346008,0.6876290996075763,0.13118962291628122,0.20345786400139332
414,1.1821168110140094,16.006845065219572,0.960161640867382,0.5281183424363962,0.5381400983075116,1.0395242892644903,0.5131579041481018,0.9116541147232056,0.9454887509346008,0.6876290996075763,0.13070056587457657,0.20353806391358376
415,1.1821168110140094,16.006845065219572,0.960161640867382,0.5281183424363962,0.5381400983075116,1.0395242892644903,0.5131579041481018,0.9116541147232056,0.9454887509346008,0.6876290996075763,0.13157624006271362,0.20451248716562986
416,1.1821168110140094,16.006845065219572,0.960161640867382,0.5281183424363962,0.5381400983075116,1.0395242892644903,0.5131579041481018,0.9116541147232056,0.9454887509346008,0.6876290996075763,0.13097533397376537,0.20338096469640732
417,1.1821168110140094,16.006845065219572,0.960161640867382,0.5281183424363962,0.5381400983075116,1.0395242892644903,0.5131579041481018,0.9116541147232056,0.9454887509346008,0.6876290996075763,0.1307265553623438,0.20318217668682337
418,1.1821168110140094,16.006845065219572,0.960161640867382,0.5281183424363962,0.5381400983075116,1.0395242892644903,0.5131579041481018,0.9116541147232056,0.9454887509346008,0.6876290996075763,0.13053419720381498,0.202462961897254
419,1.1821168110140094,16.006845065219572,0.960161640867382,0.5281183424363962,0.5381400983075116,1.0395242892644903,0.5131579041481018,0.9116541147232056,0.9454887509346008,0.6876290996075763,0.13076157588511705,0.2024913914501667
420,1.1821168110140094,16.006845065219572,0.960161640867382,0.5281183424363962,0.5381400983075116,1.0395242892644903,0.5131579041481018,0.9116541147232056,0.9454887509346008,0.6876290996075763,0.13097444362938404,0.20320435520261526
421,1.1821168110140094,16.006845065219572,0.960161640867382,0.5281183424363962,0.5381400983075116,1.0395242892644903,0.5131579041481018,0.9116541147232056,0.9454887509346008,0.6876290996075763,0.13115716259926558,0.204905123449862
422,1.1821168110140094,16.006845065219572,0.960161640867382,0.5281183424363962,0.5381400983075116,1.0395242892644903,0.5131579041481018,0.9116541147232056,0.9454887509346008,0.6876290996075763,0.13175085838884115,0.20457238610833883
423,1.1821168110140094,16.006845065219572,0.960161640867382,0.5281183424363962,0.5381400983075116,1.0395242892644903,0.5131579041481018,0.9116541147232056,0.9454887509346008,0.6876290996075763,0.13150434009730816,0.20381479058414698
424,1.1821168110140094,16.006845065219572,0.960161640867382,0.5281183424363962,0.5381400983075116,1.0395242892644903,0.5131579041481018,0.9116541147232056,0.9454887509346008,0.6876290996075763,0.13078912626951933,0.20275880955159664
425,1.1821168110140094,16.006845065219572,0.960161640867382,0.5281183424363962,0.5381400983075116,1.0395242892644903,0.5131579041481018,0.9116541147232056,0.9454887509346008,0.6876290996075763,0.13139561098068953,0.2035169843584299
426,1.1821168110140094,16.006845065219572,0.960161640867382,0.5281183424363962,0.5381400983075116,1.0395242892644903,0.5131579041481018,0.9116541147232056,0.9454887509346008,0.6876290996075763,0.13018979039043188,0.20323799643665552
427,1.1821168110140094,16.006845065219572,0.960161640867382,0.5281183424363962,0.5381400983075116,1.0395242892644903,0.5131579041481018,0.9116541147232056,0.9454887509346008,0.6876290996075763,0.1314830295741558,0.2048104042187333
428,1.1821168110140094,16.006845065219572,0.960161640867382,0.5281183424363962,0.5381400983075116,1.0395242892644903,0.5131579041481018,0.9116541147232056,0.9454887509346008,0.6876290996075763,0.1316334092989564,0.2044114274904132
429,1.1821168110140094,16.006845065219572,0.960161640867382,0.5281183424363962,0.5381400983075116,1.0395242892644903,0.5131579041481018,0.9116541147232056,0.9454887509346008,0.6876290996075763,0.13090735487639904,0.2029593177139759
430,1.1821168110140094,16.006845065219572,0.960161640867382,0.5281183424363962,0.5381400983075116,1.0395242892644903,0.5131579041481018,0.9116541147232056,0.9454887509346008,0.6876290996075763,0.13081503473222256,0.20287386793643236
431,1.1821168110140094,16.006845065219572,0.960161640867382,0.5281183424363962,0.5381400983075116,1.0395242892644903,0.5131579041481018,0.9116541147232056,0.9454887509346008,0.6876290996075763,0.1313269818201661,0.20384418219327927
432,1.1821168110140094,16.006845065219572,0.960161640867382,0.5281183424363962,0.5381400983075116,1.0395242892644903,0.5131579041481018,0.9116541147232056,0.9454887509346008,0.6876290996075763,0.12986855302006006,0.2026088209822774
433,1.1821168110140094,16.006845065219572,0.960161640867382,0.5281183424363962,0.5381400983075116,1.0395242892644903,0.5131579041481018,0.9116541147232056,0.9454887509346008,0.6876290996075763,0.13128633238375187,0.20471421536058187
434,1.1821168110140094,16.006845065219572,0.960161640867382,0.5281183424363962,0.5381400983075116,1.0395242892644903,0.5131579041481018,0.9116541147232056,0.9454887509346008,0.6876290996075763,0.13121350295841694,0.2041029604151845
435,1.1821168110140094,16.006845065219572,0.960161640867382,0.5281183424363962,0.5381400983075116,1.0395242892644903,0.5131579041481018,0.9116541147232056,0.9454887509346008,0.6876290996075763,0.13137908186763525,0.20348347444087267
436,1.1821168110140094,16.006845065219572,0.960161640867382,0.5281183424363962,0.5381400983075116,1.0395242892644903,0.5131579041481018,0.9116541147232056,0.9454887509346008,0.6876290996075763,0.13103127293288708,0.20280619896948338
437,1.1821168110140094,16.006845065219572,0.960161640867382,0.5281183424363962,0.5381400983075116,1.0395242892644903,0.5131579041481018,0.9116541147232056,0.9454887509346008,0.6876290996075763,0.13172735925763845,0.2043094877153635
438,1.1821168110140094,16.006845065219572,0.960161640867382,0.5281183424363962,0.5381400983075116,1.0395242892644903,0.5131579041481018,0.9116541147232056,0.9454887509346008,0.6876290996075763,0.1307121766731143,0.2036142833530903
439,1.1821168110140094,16.006845065219572,0.960161640867382,0.5281183424363962,0.5381400983075116,1.0395242892644903,0.5131579041481018,0.9116541147232056,0.9454887509346008,0.6876290996075763,0.13200463633984327,0.20480318367481232
440,1.1821168110140094,16.006845065219572,0.960161640867382,0.5281183424363962,0.5381400983075116,1.0395242892644903,0.5131579041481018,0.9116541147232056,0.9454887509346008,0.6876290996075763,0.1310890130698681,0.20337912440299988
441,1.1821168110140094,16.006845065219572,0.960161640867382,0.5281183424363962,0.5381400983075116,1.0395242892644903,0.5131579041481018,0.9116541147232056,0.9454887509346008,0.6876290996075763,0.1315865097567439,0.20386558212339878
442,1.1821168110140094,16.006845065219572,0.960161640867382,0.5281183424363962,0.5381400983075116,1.0395242892644903,0.5131579041481018,0.9116541147232056,0.9454887509346008,0.6876290996075763,0.131437411531806,0.20382889080792665
443,1.1821168110140094,16.006845065219572,0.960161640867382,0.5281183424363962,0.5381400983075116,1.0395242892644903,0.5131579041481018,0.9116541147232056,0.9454887509346008,0.6876290996075763,0.13087235484272242,0.20426423754543066
444,1.1821168110140094,16.006845065219572,0.960161640867382,0.5281183424363962,0.5381400983075116,1.0395242892644903,0.5131579041481018,0.9116541147232056,0.9454887509346008,0.6876290996075763,0.13130840193480253,0.204256278462708
445,1.1821168110140094,16.006845065219572,0.960161640867382,0.5281183424363962,0.5381400983075116,1.0395242892644903,0.5131579041481018,0.9116541147232056,0.9454887509346008,0.6876290996075763,0.131632249802351,0.20412493031471968
446,1.1821168110140094,16.006845065219572,0.960161640867382,0.5281183424363962,0.5381400983075116,1.0395242892644903,0.5131579041481018,0.9116541147232056,0.9454887509346008,0.6876290996075763,0.13103699311614037,0.20291558746248484
447,1.1821168110140094,16.006845065219572,0.960161640867382,0.5281183424363962,0.5381400983075116,1.0395242892644903,0.5131579041481018,0.9116541147232056,0.9454887509346008,0.6876290996075763,0.1304850373417139,0.20226667262613773
448,1.1821168110140094,16.006845065219572,0.960161640867382,0.5281183424363962,0.5381400983075116,1.0395242892644903,0.5131579041481018,0.9116541147232056,0.9454887509346008,0.6876290996075763,0.13119138311594725,0.20344456378370523
449,1.1821168110140094,16.006845065219572,0.960161640867382,0.5281183424363962,0.5381400983075116,1.0395242892644903,0.5131579041481018,0.9116541147232056,0.9454887509346008,0.6876290996075763,0.13149065990000963,0.2048278246074915
450,1.1821168110140094,16.006845065219572,0.960161640867382,0.5281183424363962,0.5381400983075116,1.0395242892644903,0.5131579041481018,0.9116541147232056,0.9454887509346008,0.6876290996075763,0.1311768526211381,0.20424024760723114
451,1.1821168110140094,16.006845065219572,0.960161640867382,0.5281183424363962,0.5381400983075116,1.0395242892644903,0.5131579041481018,0.9116541147232056,0.9454887509346008,0.6876290996075763,0.13104501366615295,0.2035154141485691
452,1.1821168110140094,16.006845065219572,0.960161640867382,0.5281183424363962,0.5381400983075116,1.0395242892644903,0.5131579041481018,0.9116541147232056,0.9454887509346008,0.6876290996075763,0.13096312433481216,0.203065887093544
453,1.1821168110140094,16.006845065219572,0.960161640867382,0.5281183424363962,0.5381400983075116,1.0395242892644903,0.5131579041481018,0.9116541147232056,0.9454887509346008,0.6876290996075763,0.13075337558984756,0.20252855122089386
454,1.1821168110140094,16.006845065219572,0.960161640867382,0.5281183424363962,0.5381400983075116,1.0395242892644903,0.5131579041481018,0.9116541147232056,0.9454887509346008,0.6876290996075763,0.1326501127332449,0.2055692384019494
455,1.1821168110140094,16.006845065219572,0.960161640867382,0.5281183424363962,0.5381400983075116,1.0395242892644903,0.5131579041481018,0.9116541147232056,0.9454887509346008,0.6876290996075763,0.13077623583376408,0.2034465642645955
456,1.1821168110140094,16.006845065219572,0.960161640867382,0.5281183424363962,0.5381400983075116,1.0395242892644903,0.5131579041481018,0.9116541147232056,0.9454887509346008,0.6876290996075763,0.13157708942890167,0.20449334662407637
457,1.1821168110140094,16.006845065219572,0.960161640867382,0.5281183424363962,0.5381400983075116,1.0395242892644903,0.5131579041481018,0.9116541147232056,0.9454887509346008,0.6876290996075763,0.13113480247557163,0.2035611541941762
458,1.1821168110140094,16.006845065219572,0.960161640867382,0.5281183424363962,0.5381400983075116,1.0395242892644903,0.5131579041481018,0.9116541147232056,0.9454887509346008,0.6876290996075763,0.1315544992685318,0.20397565979510546
459,1.1821168110140094,16.006845065219572,0.960161640867382,0.5281183424363962,0.5381400983075116,1.0395242892644903,0.5131579041481018,0.9116541147232056,0.9454887509346008,0.6876290996075763,0.1314309611916542,0.20437342766672373
460,1.1821168110140094,16.006845065219572,0.960161640867382,0.5281183424363962,0.5381400983075116,1.0395242892644903,0.5131579041481018,0.9116541147232056,0.9454887509346008,0.6876290996075763,0.1318855369463563,0.2047929735854268
461,1.1821168110140094,16.006845065219572,0.960161640867382,0.5281183424363962,0.5381400983075116,1.0395242892644903,0.5131579041481018,0.9116541147232056,0.9454887509346008,0.6876290996075763,0.1312633715569973,0.20348423346877098
462,1.1821168110140094,16.006845065219572,0.960161640867382,0.5281183424363962,0.5381400983075116,1.0395242892644903,0.5131579041481018,0.9116541147232056,0.9454887509346008,0.6876290996075763,0.13111347239464521,0.20323111582547426
463,1.1821168110140094,16.006845065219572,0.960161640867382,0.5281183424363962,0.5381400983075116,1.0395242892644903,0.5131579041481018,0.9116541147232056,0.9454887509346008,0.6876290996075763,0.13144240994006395,0.2035906622186303
464,1.1821168110140094,16.006845065219572,0.960161640867382,0.5281183424363962,0.5381400983075116,1.0395242892644903,0.5131579041481018,0.9116541147232056,0.9454887509346008,0.6876290996075763,0.13161091040819883,0.20459858607500792
465,1.1821168110140094,16.006845065219572,0.960161640867382,0.5281183424363962,0.5381400983075116,1.0395242892644903,0.5131579041481018,0.9116541147232056,0.9454887509346008,0.6876290996075763,0.13138009142130613,0.2039505811408162
466,1.1821168110140094,16.006845065219572,0.960161640867382,0.5281183424363962,0.5381400983075116,1.0395242892644903,0.5131579041481018,0.9116541147232056,0.9454887509346008,0.6876290996075763,0.1318887174129486,0.20416561886668205
467,1.1821168110140094,16.006845065219572,0.960161640867382,0.5281183424363962,0.5381400983075116,1.0395242892644903,0.5131579041481018,0.9116541147232056,0.9454887509346008,0.6876290996075763,0.13121103215962648,0.20365598239004612
468,1.1821168110140094,16.006845065219572,0.960161640867382,0.5281183424363962,0.5381400983075116,1.0395242892644903,0.5131579041481018,0.9116541147232056,0.9454887509346008,0.6876290996075763,0.13081180583685637,0.2028260286897421
469,1.1821168110140094,16.006845065219572,0.960161640867382,0.5281183424363962,0.5381400983075116,1.0395242892644903,0.5131579041481018,0.9116541147232056,0.9454887509346008,0.6876290996075763,0.13125777151435614,0.20340509433299303
470,1.1821168110140094,16.006845065219572,0.960161640867382,0.5281183424363962,0.5381400983075116,1.0395242892644903,0.5131579041481018,0.9116541147232056,0.9454887509346008,0.6876290996075763,0.12977279350161552,0.20257628057152033
471,1.1821168110140094,16.006845065219572,0.960161640867382,0.5281183424363962,0.5381400983075116,1.0395242892644903,0.5131579041481018,0.9116541147232056,0.9454887509346008,0.6876290996075763,0.13073493633419275,0.2034974042326212
472,1.1821168110140094,16.006845065219572,0.960161640867382,0.5281183424363962,0.5381400983075116,1.0395242892644903,0.5131579041481018,0.9116541147232056,0.9454887509346008,0.6876290996075763,0.1311964225023985,0.20358495321124792
473,1.1821168110140094,16.006845065219572,0.960161640867382,0.5281183424363962,0.5381400983075116,1.0395242892644903,0.5131579041481018,0.9116541147232056,0.9454887509346008,0.6876290996075763,0.13061295729130507,0.20263397973030806
474,1.1821168110140094,16.006845065219572,0.960161640867382,0.5281183424363962,0.5381400983075116,1.0395242892644903,0.5131579041481018,0.9116541147232056,0.9454887509346008,0.6876290996075763,0.13209854625165462,0.20483192428946495
475,1.1821168110140094,16.006845065219572,0.960161640867382,0.5281183424363962,0.5381400983075116,1.0395242892644903,0.5131579041481018,0.9116541147232056,0.9454887509346008,0.6876290996075763,0.13033243920654058,0.2035745233297348
476,1.1821168110140094,16.006845065219572,0.960161640867382,0.5281183424363962,0.5381400983075116,1.0395242892644903,0.5131579041481018,0.9116541147232056,0.9454887509346008,0.6876290996075763,0.13142524100840092,0.20438927691429853
477,1.1821168110140094,16.006845065219572,0.960161640867382,0.5281183424363962,0.5381400983075116,1.0395242892644903,0.5131579041481018,0.9116541147232056,0.9454887509346008,0.6876290996075763,0.1311108125373721,0.20339457411319017
478,1.1821168110140094,16.006845065219572,0.960161640867382,0.5281183424363962,0.5381400983075116,1.0395242892644903,0.5131579041481018,0.9116541147232056,0.9454887509346008,0.6876290996075763,0.13164961989969015,0.204055679962039
479,1.1821168110140094,16.006845065219572,0.960161640867382,0.5281183424363962,0.5381400983075116,1.0395242892644903,0.5131579041481018,0.9116541147232056,0.9454887509346008,0.6876290996075763,0.13147810101509094,0.2034241957589984
480,1.1821168110140094,16.006845065219572,0.960161640867382,0.5281183424363962,0.5381400983075116,1.0395242892644903,0.5131579041481018,0.9116541147232056,0.9454887509346008,0.6876290996075763,0.13043751753866673,0.20330225583165884
481,1.1821168110140094,16.006845065219572,0.960161640867382,0.5281183424363962,0.5381400983075116,1.0395242892644903,0.5131579041481018,0.9116541147232056,0.9454887509346008,0.6876290996075763,0.13137223105877638,0.20444906689226627
482,1.1821168110140094,16.006845065219572,0.960161640867382,0.5281183424363962,0.5381400983075116,1.0395242892644903,0.5131579041481018,0.9116541147232056,0.9454887509346008,0.6876290996075763,0.13161448016762733,0.20362652372568846
483,1.1821168110140094,16.006845065219572,0.960161640867382,0.5281183424363962,0.5381400983075116,1.0395242892644903,0.5131579041481018,0.9116541147232056,0.9454887509346008,0.6876290996075763,0.13104479387402534,0.20304325874894857
484,1.1821168110140094,16.006845065219572,0.960161640867382,0.5281183424363962,0.5381400983075116,1.0395242892644903,0.5131579041481018,0.9116541147232056,0.9454887509346008,0.6876290996075763,0.1319898571819067,0.20427671819925308
485,1.1821168110140094,16.006845065219572,0.960161640867382,0.5281183424363962,0.5381400983075116,1.0395242892644903,0.5131579041481018,0.9116541147232056,0.9454887509346008,0.6876290996075763,0.1312970519065857,0.20443627703934908
486,1.1821168110140094,16.006845065219572,0.960161640867382,0.5281183424363962,0.5381400983075116,1.0395242892644903,0.5131579041481018,0.9116541147232056,0.9454887509346008,0.6876290996075763,0.1314582908526063,0.20436928793787956
487,1.1821168110140094,16.006845065219572,0.960161640867382,0.5281183424363962,0.5381400983075116,1.0395242892644903,0.5131579041481018,0.9116541147232056,0.9454887509346008,0.6876290996075763,0.13112968299537897,0.20352611411362886
488,1.1821168110140094,16.006845065219572,0.960161640867382,0.5281183424363962,0.5381400983075116,1.0395242892644903,0.5131579041481018,0.9116541147232056,0.9454887509346008,0.6876290996075763,0.1305149281397462,0.2026574108749628
489,1.1821168110140094,16.006845065219572,0.960161640867382,0.5281183424363962,0.5381400983075116,1.0395242892644903,0.5131579041481018,0.9116541147232056,0.9454887509346008,0.6876290996075763,0.1315823793411255,0.2035780530422926
490,1.1821168110140094,16.006845065219572,0.960161640867382,0.5281183424363962,0.5381400983075116,1.0395242892644903,0.5131579041481018,0.9116541147232056,0.9454887509346008,0.6876290996075763,0.1309534441679716,0.20392658095806837
491,1.1821168110140094,16.006845065219572,0.960161640867382,0.5281183424363962,0.5381400983075116,1.0395242892644903,0.5131579041481018,0.9116541147232056,0.9454887509346008,0.6876290996075763,0.131363432854414,0.20427751913666725
492,1.1821168110140094,16.006845065219572,0.960161640867382,0.5281183424363962,0.5381400983075116,1.0395242892644903,0.5131579041481018,0.9116541147232056,0.9454887509346008,0.6876290996075763,0.13137223105877638,0.20372885186225176
493,1.1821168110140094,16.006845065219572,0.960161640867382,0.5281183424363962,0.5381400983075116,1.0395242892644903,0.5131579041481018,0.9116541147232056,0.9454887509346008,0.6876290996075763,0.13120831176638603,0.20320231560617685
494,1.1821168110140094,16.006845065219572,0.960161640867382,0.5281183424363962,0.5381400983075116,1.0395242892644903,0.5131579041481018,0.9116541147232056,0.9454887509346008,0.6876290996075763,0.1305470671504736,0.20318566635251045
495,1.1821168110140094,16.006845065219572,0.960161640867382,0.5281183424363962,0.5381400983075116,1.0395242892644903,0.5131579041481018,0.9116541147232056,0.9454887509346008,0.6876290996075763,0.1312559824436903,0.2047602254897356
496,1.1821168110140094,16.006845065219572,0.960161640867382,0.5281183424363962,0.5381400983075116,1.0395242892644903,0.5131579041481018,0.9116541147232056,0.9454887509346008,0.6876290996075763,0.1318685570731759,0.2047584941610694
497,1.1821168110140094,16.006845065219572,0.960161640867382,0.5281183424363962,0.5381400983075116,1.0395242892644903,0.5131579041481018,0.9116541147232056,0.9454887509346008,0.6876290996075763,0.13127787224948406,0.20369327254593372
498,1.1821168110140094,16.006845065219572,0.960161640867382,0.5281183424363962,0.5381400983075116,1.0395242892644903,0.5131579041481018,0.9116541147232056,0.9454887509346008,0.6876290996075763,0.13079616613686085,0.20283457916229963
499,1.1821168110140094,16.006845065219572,0.960161640867382,0.5281183424363962,0.5381400983075116,1.0395242892644903,0.5131579041481018,0.9116541147232056,0.9454887509346008,0.6876290996075763,0.1309827845543623,0.20383644197136164
