iteration,loss,lengthscale,likelyhood_noise,val_MAE,val_NLL,val_PICP50,val_PICP90,val_PICP95,val_RMSE,it_time_training,it_time
0,1.4057036638259888,2.4689173698425293,0.644496738910675,0.5770573616027832,1.1595089435577393,0.6466512680053711,0.960739016532898,0.9807544350624084,0.7382287979125977,0.2419949320028536,0.2987940970051568
1,1.3840864896774292,2.647256374359131,0.5983613729476929,0.5738085508346558,1.1350375413894653,0.6574288010597229,0.9568899273872375,0.9799845814704895,0.7315027713775635,0.006976208998821676,0.019749761995626613
2,1.3663305044174194,2.8338537216186523,0.5550330877304077,0.5693655610084534,1.1134289503097534,0.6389530301094055,0.9476520419120789,0.9776751399040222,0.7261922359466553,0.0070539079897571355,0.019451671978458762
3,1.350718379020691,3.0280840396881104,0.5148469805717468,0.5650160908699036,1.095149040222168,0.6066204905509949,0.937644362449646,0.9699769020080566,0.7217065691947937,0.007233763986732811,0.019434249988989905
4,1.3372983932495117,3.2282698154449463,0.47838765382766724,0.5614029765129089,1.0812053680419922,0.5796766877174377,0.9284064769744873,0.9638183116912842,0.7182285189628601,0.007019463984761387,0.01897290497436188
5,1.327289342880249,3.431422233581543,0.44665026664733887,0.5585981011390686,1.0720235109329224,0.5596612691879272,0.9199383854866028,0.9576597213745117,0.7156792283058167,0.007169756019720808,0.0192598270077724
6,1.3211604356765747,3.633291006088257,0.42108845710754395,0.5565356016159058,1.0671501159667969,0.5334873199462891,0.9083910584449768,0.949191689491272,0.7137938141822815,0.006796967005357146,0.018777124991174787
7,1.318167805671692,3.828930139541626,0.4032037556171417,0.5550061464309692,1.065314531326294,0.5157813429832458,0.9006928205490112,0.9384141564369202,0.7123225927352905,0.006900418025907129,0.018955256004119292
8,1.3167166709899902,4.0139288902282715,0.39365577697753906,0.5538620948791504,1.0648761987686157,0.505773663520813,0.8922247886657715,0.937644362449646,0.711101233959198,0.00689810499898158,0.018906602985225618
9,1.315184473991394,4.185715198516846,0.39185410737991333,0.5531555414199829,1.0645239353179932,0.5073133111000061,0.8883756995201111,0.9384141564369202,0.7100350260734558,0.006892389006679878,0.018905371020082384
10,1.3126299381256104,4.343977451324463,0.3965184688568115,0.5526463389396667,1.0636687278747559,0.5034642219543457,0.8891454935073853,0.9399538040161133,0.7090741991996765,0.007101069000782445,0.01904012999148108
11,1.3089383840560913,4.490190505981445,0.406342476606369,0.5522471070289612,1.0623178482055664,0.508083164691925,0.8914549946784973,0.9414934515953064,0.7081893682479858,0.00695140499738045,0.018603179982164875
12,1.3045105934143066,4.6268792152404785,0.4202292263507843,0.5518176555633545,1.0607643127441406,0.5157813429832458,0.8945342302322388,0.9461123943328857,0.7073553204536438,0.006735131988534704,0.018698733008932322
13,1.299905776977539,4.757020950317383,0.4372550845146179,0.5513755083084106,1.0593457221984863,0.519630491733551,0.9022324681282043,0.9476520419120789,0.7065447568893433,0.006908500014105812,0.01897030702093616
14,1.2956219911575317,4.88364315032959,0.4565672278404236,0.550933301448822,1.0583102703094482,0.5257890820503235,0.9060816168785095,0.9515011310577393,0.7057296633720398,0.007203899003798142,0.01919100698432885
15,1.2919948101043701,5.0095295906066895,0.47730013728141785,0.5504400134086609,1.0577620267868042,0.5350269675254822,0.9091609120368958,0.9538106322288513,0.7048856616020203,0.00696026801597327,0.018972768011735752
16,1.2891697883605957,5.1369547843933105,0.4985370934009552,0.5498822331428528,1.0576597452163696,0.5434949994087219,0.9153195023536682,0.9561200737953186,0.7039970755577087,0.0068728030018974096,0.01861148900934495
17,1.2871192693710327,5.267487525939941,0.5193220376968384,0.5493171811103821,1.0578557252883911,0.5488837361335754,0.9191685914993286,0.9561200737953186,0.7030613422393799,0.007212884025648236,0.019670841022161767
18,1.285692572593689,5.401983737945557,0.5387144088745117,0.5487620234489441,1.0581490993499756,0.5511932373046875,0.9222478866577148,0.9599692225456238,0.7020890116691589,0.0069263019831851125,0.018908628000644967
19,1.284680962562561,5.540743827819824,0.5558723211288452,0.5482103228569031,1.0583360195159912,0.5550423264503479,0.9268668293952942,0.96304851770401,0.7010992765426636,0.007115052983863279,0.023323433997575194
20,1.2838729619979858,5.683677673339844,0.5701342821121216,0.5476571917533875,1.0582469701766968,0.55735182762146,0.9299461245536804,0.96304851770401,0.7001128196716309,0.007012182002654299,0.01910604099975899
21,1.2830913066864014,5.830416202545166,0.5810790061950684,0.547160804271698,1.0577706098556519,0.5550423264503479,0.9322555661201477,0.9638183116912842,0.6991475820541382,0.006860767025500536,0.018945060000987723
22,1.2822157144546509,5.980376720428467,0.5885475277900696,0.546779215335846,1.0568634271621704,0.5550423264503479,0.9322555661201477,0.96304851770401,0.69821697473526,0.00712285001645796,0.019236070016631857
23,1.28118896484375,6.132814407348633,0.5926299691200256,0.5464715957641602,1.0555464029312134,0.556581974029541,0.9314857721328735,0.9622786641120911,0.6973292231559753,0.007245512009831145,0.01936608098912984
24,1.2800132036209106,6.286855697631836,0.5936285257339478,0.5461744070053101,1.0538914203643799,0.5535026788711548,0.9322555661201477,0.9622786641120911,0.6964888572692871,0.006927306996658444,0.018985722999786958
25,1.2787364721298218,6.441534042358398,0.5920093655586243,0.54588782787323,1.0520050525665283,0.5496535897254944,0.9330254197120667,0.9615088701248169,0.6956976056098938,0.006946485984371975,0.019161052972776815
26,1.2774349451065063,6.595818519592285,0.5883538722991943,0.5455724000930786,1.0500106811523438,0.542725145816803,0.9322555661201477,0.960739016532898,0.6949567198753357,0.006899839005200192,0.01854909601388499
27,1.2761942148208618,6.7486443519592285,0.5833134055137634,0.5452427268028259,1.0480302572250366,0.5357967615127563,0.9307159185409546,0.9599692225456238,0.6942663788795471,0.0070264860114548355,0.019033159012906253
28,1.2750908136367798,6.898950099945068,0.5775684118270874,0.5449661612510681,1.0461695194244385,0.531947672367096,0.923787534236908,0.9584295749664307,0.6936268210411072,0.007130009005777538,0.019314976991154253
29,1.2741773128509521,7.045718669891357,0.5717899203300476,0.5447410941123962,1.044507384300232,0.5227097868919373,0.9214780330657959,0.9568899273872375,0.6930379271507263,0.007116466003935784,0.019360427017090842
30,1.2734724283218384,7.188024044036865,0.566601037979126,0.5445722937583923,1.0430893898010254,0.5211701393127441,0.9207082390785217,0.9545804262161255,0.692499041557312,0.007238140009576455,0.019604789005825296
31,1.272959589958191,7.325079441070557,0.5625394582748413,0.5444216728210449,1.0419304370880127,0.519630491733551,0.9183987975120544,0.9545804262161255,0.6920090317726135,0.007230522984173149,0.019384685991099104
32,1.2725920677185059,7.456277370452881,0.5600237846374512,0.5442812442779541,1.0410211086273193,0.519630491733551,0.9183987975120544,0.9515011310577393,0.6915663480758667,0.007009988999925554,0.019054650008911267
33,1.2723071575164795,7.5812177658081055,0.5593264102935791,0.544175922870636,1.0403386354446411,0.5211701393127441,0.9183987975120544,0.9515011310577393,0.6911689043045044,0.00713332201121375,0.019085657986579463
34,1.272042989730835,7.699717998504639,0.5605616569519043,0.5440601706504822,1.0398601293563843,0.5188606381416321,0.9176289439201355,0.9515011310577393,0.6908145546913147,0.006915956997545436,0.018721553002251312
35,1.2717550992965698,7.811803340911865,0.5636857748031616,0.5439466834068298,1.0395675897598267,0.5219399333000183,0.9153195023536682,0.9530407786369324,0.690500795841217,0.007102798001142219,0.01888348802458495
36,1.2714252471923828,7.9176836013793945,0.568511426448822,0.5438258051872253,1.03944993019104,0.5234795808792114,0.9153195023536682,0.9538106322288513,0.6902247667312622,0.006931186013389379,0.018901497998740524
37,1.2710613012313843,8.01771354675293,0.5747295022010803,0.543701708316803,1.0394971370697021,0.5242494344711304,0.9160892963409424,0.9538106322288513,0.6899833083152771,0.006869405013276264,0.018745018023764715
38,1.2706881761550903,8.112348556518555,0.581937313079834,0.5435779094696045,1.0396945476531982,0.5296381711959839,0.9168591499328613,0.9538106322288513,0.6897731423377991,0.0068066599778831005,0.018646290991455317
39,1.270338535308838,8.202099800109863,0.5896705985069275,0.5434660911560059,1.0400149822235107,0.5350269675254822,0.9199383854866028,0.9568899273872375,0.6895900964736938,0.006848296005045995,0.018500411009881645
40,1.27003812789917,8.287490844726562,0.597439169883728,0.5433847904205322,1.0404183864593506,0.5357967615127563,0.9199383854866028,0.9576597213745117,0.6894307732582092,0.006680843012873083,0.018233044014777988
41,1.2697999477386475,8.36902141571045,0.6047647595405579,0.5433166027069092,1.0408519506454468,0.5381062626838684,0.9207082390785217,0.9584295749664307,0.6892910003662109,0.0067825989972334355,0.018664392991922796
42,1.2696219682693481,8.447141647338867,0.6112185120582581,0.543264627456665,1.041258454322815,0.5381062626838684,0.9214780330657959,0.9584295749664307,0.6891669631004333,0.007082311989506707,0.019225497992010787
43,1.2694891691207886,8.522233963012695,0.6164553165435791,0.5432388186454773,1.04158353805542,0.5404157042503357,0.923017680644989,0.9584295749664307,0.6890553832054138,0.006867930002044886,0.018663912982447073
44,1.2693794965744019,8.594599723815918,0.6202390193939209,0.543216347694397,1.0417835712432861,0.5411854982376099,0.923017680644989,0.9584295749664307,0.6889531016349792,0.00697084199055098,0.01906003398471512
45,1.2692718505859375,8.66446304321289,0.6224574446678162,0.5431987047195435,1.0418319702148438,0.5411854982376099,0.9222478866577148,0.9591993689537048,0.6888579726219177,0.0068496320163831115,0.018876930000260472
46,1.2691500186920166,8.731962203979492,0.6231245398521423,0.5431830883026123,1.041722059249878,0.542725145816803,0.923017680644989,0.9591993689537048,0.6887680888175964,0.007176109007559717,0.01924738200614229
47,1.2690068483352661,8.79716968536377,0.6223706603050232,0.5431723594665527,1.041466474533081,0.542725145816803,0.923017680644989,0.9591993689537048,0.6886823773384094,0.006996272975811735,0.01917626999784261
48,1.2688446044921875,8.86009407043457,0.6204238533973694,0.5431731343269348,1.0410927534103394,0.5419553518295288,0.9222478866577148,0.9591993689537048,0.6886003017425537,0.006993038987275213,0.018837454001186416
49,1.2686729431152344,8.920700073242188,0.6175846457481384,0.5431792736053467,1.0406384468078613,0.5404157042503357,0.9222478866577148,0.9576597213745117,0.6885214447975159,0.006688900000881404,0.01839686301536858
50,1.268504023551941,8.978923797607422,0.6141974925994873,0.5431922674179077,1.0401452779769897,0.5388760566711426,0.9207082390785217,0.9568899273872375,0.6884458065032959,0.006950992014026269,0.018746073998045176
51,1.2683494091033936,9.034687995910645,0.6106199622154236,0.5432023406028748,1.0396535396575928,0.5381062626838684,0.9207082390785217,0.9568899273872375,0.6883735060691833,0.006871042016427964,0.018743293010629714
52,1.2682174444198608,9.087924003601074,0.6071943044662476,0.5432157516479492,1.0391967296600342,0.5365666151046753,0.9207082390785217,0.9568899273872375,0.6883044838905334,0.0069977460079826415,0.01899732300080359
53,1.268108606338501,9.13858699798584,0.6042206287384033,0.5432322025299072,1.0388010740280151,0.5350269675254822,0.9191685914993286,0.9576597213745117,0.6882389187812805,0.00710132101085037,0.019312448013806716
54,1.268019199371338,9.186670303344727,0.6019352674484253,0.5432547330856323,1.0384823083877563,0.531947672367096,0.9176289439201355,0.9568899273872375,0.6881764531135559,0.006917604972841218,0.018853028974262998
55,1.267941951751709,9.232215881347656,0.6004956960678101,0.5432933568954468,1.0382493734359741,0.531947672367096,0.9176289439201355,0.9576597213745117,0.6881170868873596,0.0070469609927386045,0.019201053015422076
56,1.267868161201477,9.27531909942627,0.5999727845191956,0.5433271527290344,1.0381039381027222,0.5296381711959839,0.9183987975120544,0.9576597213745117,0.688060462474823,0.006863895017886534,0.018532532005338
57,1.2677921056747437,9.316131591796875,0.600350558757782,0.5433577299118042,1.038042426109314,0.5304080247879028,0.9153195023536682,0.9576597213745117,0.6880063414573669,0.006677231984212995,0.018505838990677148
58,1.2677111625671387,9.354850769042969,0.6015341281890869,0.5433868169784546,1.03805673122406,0.531177818775177,0.9160892963409424,0.9576597213745117,0.6879541277885437,0.007299313991097733,0.019316692982101813
59,1.267627477645874,9.391711235046387,0.6033635139465332,0.5434111952781677,1.0381343364715576,0.531947672367096,0.9160892963409424,0.9576597213745117,0.6879035234451294,0.007229303999338299,0.019238998007494956
60,1.267545461654663,9.426966667175293,0.6056323647499084,0.5434335470199585,1.0382593870162964,0.531947672367096,0.9160892963409424,0.9584295749664307,0.6878541707992554,0.006836685992311686,0.01865692701539956
61,1.2674696445465088,9.4608793258667,0.6081094741821289,0.5434538125991821,1.0384117364883423,0.5334873199462891,0.9160892963409424,0.9584295749664307,0.6878055334091187,0.00680980397737585,0.018870687985327095
62,1.2674039602279663,9.493696212768555,0.6105614304542542,0.5434719920158386,1.0385695695877075,0.5350269675254822,0.9168591499328613,0.9584295749664307,0.687757134437561,0.00671072700060904,0.018875364999985322
63,1.2673497200012207,9.525640487670898,0.612774670124054,0.5434866547584534,1.0387108325958252,0.5357967615127563,0.9168591499328613,0.9591993689537048,0.6877086162567139,0.00677049599471502,0.018701630004215986
64,1.267305612564087,9.556900024414062,0.6145736575126648,0.5434980392456055,1.0388157367706299,0.5365666151046753,0.9183987975120544,0.9599692225456238,0.6876595616340637,0.006914975994732231,0.018962425994686782
65,1.2672686576843262,9.587614059448242,0.6158356666564941,0.5435062050819397,1.0388691425323486,0.5365666151046753,0.9183987975120544,0.9599692225456238,0.6876097321510315,0.006850436999229714,0.018872168991947547
66,1.2672346830368042,9.617877960205078,0.6164980530738831,0.5435128211975098,1.0388625860214233,0.5357967615127563,0.9183987975120544,0.9599692225456238,0.687558650970459,0.006603583984542638,0.018527746986364946
67,1.2672011852264404,9.647736549377441,0.6165607571601868,0.543517529964447,1.0387948751449585,0.5357967615127563,0.9183987975120544,0.9599692225456238,0.6875065565109253,0.006637329992372543,0.0184424500039313
68,1.2671663761138916,9.677192687988281,0.6160812973976135,0.5435194969177246,1.0386713743209839,0.5350269675254822,0.9176289439201355,0.9599692225456238,0.6874530911445618,0.006774267996661365,0.018587223981739953
69,1.2671302556991577,9.70621109008789,0.6151652336120605,0.5435210466384888,1.038503885269165,0.5350269675254822,0.9176289439201355,0.9599692225456238,0.6873985528945923,0.006685378990368918,0.018574018991785124
70,1.2670942544937134,9.734729766845703,0.6139521598815918,0.5435189604759216,1.0383073091506958,0.5342571139335632,0.9176289439201355,0.9599692225456238,0.6873429417610168,0.006724970007780939,0.018548577005276456
71,1.2670607566833496,9.76267147064209,0.6126001477241516,0.5435178875923157,1.038098692893982,0.5342571139335632,0.9176289439201355,0.9599692225456238,0.6872866749763489,0.006854810984805226,0.018923616007668898
72,1.2670297622680664,9.78995132446289,0.6112682819366455,0.5435127019882202,1.0378938913345337,0.5350269675254822,0.9176289439201355,0.9599692225456238,0.6872296929359436,0.006798792979680002,0.018399250984657556
73,1.2670031785964966,9.816493034362793,0.6101014614105225,0.5435037016868591,1.0377072095870972,0.5342571139335632,0.9160892963409424,0.9591993689537048,0.6871727108955383,0.0068335630057845265,0.01869768902543001
74,1.266979694366455,9.842231750488281,0.6092169880867004,0.5434923768043518,1.0375490188598633,0.5342571139335632,0.9160892963409424,0.9591993689537048,0.6871151924133301,0.006746715022018179,0.01872874901164323
75,1.2669583559036255,9.867124557495117,0.6086949110031128,0.5434773564338684,1.0374265909194946,0.5342571139335632,0.9145496487617493,0.9584295749664307,0.6870579123497009,0.006849387020338327,0.018663485010620207
76,1.2669371366500854,9.891155242919922,0.6085725426673889,0.5434601902961731,1.0373430252075195,0.5342571139335632,0.9137798547744751,0.9591993689537048,0.6870009303092957,0.006995920994086191,0.01880718400934711
77,1.266915202140808,9.91433334350586,0.6088439226150513,0.543441116809845,1.0372973680496216,0.5357967615127563,0.9153195023536682,0.9591993689537048,0.6869441866874695,0.006946051988052204,0.01918286198633723
78,1.2668925523757935,9.936694145202637,0.6094635725021362,0.5434189438819885,1.037285566329956,0.5365666151046753,0.9153195023536682,0.9591993689537048,0.6868879199028015,0.007205412985058501,0.01946486099041067
79,1.2668688297271729,9.958291053771973,0.6103536486625671,0.5433934330940247,1.037300705909729,0.5373364090919495,0.9176289439201355,0.9591993689537048,0.6868321299552917,0.006988762004766613,0.019290724012535065
80,1.2668441534042358,9.979191780090332,0.6114143133163452,0.543364942073822,1.0373339653015137,0.5365666151046753,0.9183987975120544,0.9591993689537048,0.6867766976356506,0.0071904429933056235,0.019107066007563844
81,1.2668204307556152,9.999467849731445,0.612535834312439,0.5433335900306702,1.0373746156692505,0.5365666151046753,0.9183987975120544,0.9591993689537048,0.6867215633392334,0.006829591991845518,0.018449751019943506
82,1.2667980194091797,10.019193649291992,0.6136103868484497,0.5432994365692139,1.037412166595459,0.5365666151046753,0.9183987975120544,0.9591993689537048,0.6866664886474609,0.007077943009790033,0.018873035005526617
83,1.2667763233184814,10.038430213928223,0.6145434379577637,0.5432628989219666,1.037437081336975,0.5365666151046753,0.9183987975120544,0.9591993689537048,0.6866114735603333,0.006891450000694022,0.018597265996504575
84,1.2667555809020996,10.05722713470459,0.6152623891830444,0.5432240962982178,1.037441611289978,0.5365666151046753,0.9183987975120544,0.9591993689537048,0.6865563988685608,0.007036931987386197,0.018781012011459097
85,1.266735315322876,10.075621604919434,0.6157227754592896,0.5431830286979675,1.0374207496643066,0.5365666151046753,0.9183987975120544,0.9591993689537048,0.6865010261535645,0.006767904997104779,0.01858868100680411
86,1.2667146921157837,10.093626022338867,0.6159108877182007,0.5431399345397949,1.0373729467391968,0.5365666151046753,0.9191685914993286,0.9591993689537048,0.6864454746246338,0.007144862989662215,0.019229222991270944
87,1.266693353652954,10.111241340637207,0.6158426403999329,0.543094277381897,1.037299394607544,0.5381062626838684,0.9191685914993286,0.9591993689537048,0.6863893866539001,0.006949222006369382,0.018600731011247262
88,1.2666714191436768,10.128453254699707,0.6155593395233154,0.5430463552474976,1.037204384803772,0.5381062626838684,0.9191685914993286,0.9591993689537048,0.6863328814506531,0.00714144401717931,0.01914133899845183
89,1.2666491270065308,10.145238876342773,0.6151214838027954,0.5429969429969788,1.0370941162109375,0.5381062626838684,0.9191685914993286,0.9591993689537048,0.6862758994102478,0.007052699016639963,0.019361721992027014
90,1.2666265964508057,10.161567687988281,0.6145999431610107,0.5429453253746033,1.0369757413864136,0.5388760566711426,0.9191685914993286,0.9591993689537048,0.6862185597419739,0.007019747979938984,0.019279582978924736
91,1.2666040658950806,10.177414894104004,0.614067792892456,0.5428909063339233,1.036856770515442,0.5396459102630615,0.9183987975120544,0.9584295749664307,0.686160683631897,0.007041056000161916,0.018949971010442823
92,1.266581654548645,10.192758560180664,0.6135914921760559,0.5428333878517151,1.0367435216903687,0.5396459102630615,0.9183987975120544,0.9584295749664307,0.6861023306846619,0.00678709099884145,0.01854119199560955
93,1.2665590047836304,10.207586288452148,0.6132243275642395,0.54277503490448,1.0366408824920654,0.5396459102630615,0.9183987975120544,0.9584295749664307,0.6860430836677551,0.006800702976761386,0.018671641999389976
94,1.2665367126464844,10.221900939941406,0.6130011677742004,0.5427141785621643,1.0365523099899292,0.5396459102630615,0.9183987975120544,0.9584295749664307,0.6859832406044006,0.007367987011093646,0.019509158009896055
95,1.2665133476257324,10.235718727111816,0.6129360795021057,0.542650043964386,1.0364792346954346,0.5396459102630615,0.9183987975120544,0.9584295749664307,0.6859224438667297,0.00701417398522608,0.0193094490095973
96,1.2664892673492432,10.249073028564453,0.6130222082138062,0.5425816774368286,1.036420226097107,0.5396459102630615,0.9176289439201355,0.9584295749664307,0.6858606338500977,0.007124488998670131,0.019170737999957055
97,1.2664642333984375,10.262009620666504,0.613234281539917,0.5425093173980713,1.0363730192184448,0.5388760566711426,0.9176289439201355,0.9584295749664307,0.6857972741127014,0.007056484988424927,0.019049970986088738
98,1.266438603401184,10.27458381652832,0.6135331988334656,0.5424509644508362,1.036333680152893,0.5381062626838684,0.9191685914993286,0.9584295749664307,0.6857324242591858,0.007052055007079616,0.01901974598877132
99,1.2664119005203247,10.28686237335205,0.6138712763786316,0.5423884391784668,1.03629732131958,0.5388760566711426,0.9191685914993286,0.9584295749664307,0.6856657862663269,0.0066439379879739136,0.018677468004170805
100,1.266384482383728,10.298910140991211,0.6141988039016724,0.5423210859298706,1.0362586975097656,0.5388760566711426,0.9191685914993286,0.9584295749664307,0.6855970621109009,0.006906925002112985,0.019020056002773345
101,1.2663568258285522,10.310798645019531,0.6144699454307556,0.5422484874725342,1.0362129211425781,0.5396459102630615,0.9191685914993286,0.9599692225456238,0.6855260133743286,0.007189423020463437,0.019407669024076313
102,1.2663280963897705,10.322595596313477,0.6146478652954102,0.5421701073646545,1.0361566543579102,0.5404157042503357,0.9191685914993286,0.9599692225456238,0.6854525804519653,0.006954162992769852,0.019055332988500595
103,1.2662988901138306,10.33436107635498,0.6147085428237915,0.5420855283737183,1.036087155342102,0.5404157042503357,0.9191685914993286,0.9599692225456238,0.6853768825531006,0.007041514007141814,0.019034582015592605
104,1.2662690877914429,10.346155166625977,0.6146426200866699,0.5419970154762268,1.0360034704208374,0.5404157042503357,0.9183987975120544,0.9599692225456238,0.6852989792823792,0.006924696994246915,0.018716649006819353
105,1.266239047050476,10.35802936553955,0.6144556999206543,0.5419026017189026,1.035906195640564,0.5404157042503357,0.9183987975120544,0.960739016532898,0.685218870639801,0.007125970994820818,0.01918434299295768
106,1.2662086486816406,10.370031356811523,0.6141664981842041,0.5418009757995605,1.0357979536056519,0.5396459102630615,0.9183987975120544,0.960739016532898,0.6851370930671692,0.006895827013067901,0.01874763102387078
107,1.2661787271499634,10.38220500946045,0.6138038635253906,0.5416921973228455,1.0356814861297607,0.5404157042503357,0.9183987975120544,0.960739016532898,0.6850540041923523,0.00693811199744232,0.018953291000798345
108,1.2661488056182861,10.394594192504883,0.6134026050567627,0.5415763854980469,1.0355613231658936,0.5404157042503357,0.9183987975120544,0.960739016532898,0.6849704384803772,0.00706129299942404,0.01902759398217313
109,1.266120195388794,10.40723991394043,0.612999439239502,0.5414584875106812,1.035441517829895,0.5396459102630615,0.9183987975120544,0.9599692225456238,0.6848870515823364,0.006592537014512345,0.018446305010002106
110,1.2660932540893555,10.420183181762695,0.6126285791397095,0.5413356423377991,1.0353262424468994,0.5396459102630615,0.9176289439201355,0.9599692225456238,0.6848044395446777,0.006988513981923461,0.018943732982734218
111,1.2660677433013916,10.433465003967285,0.6123183965682983,0.5412120819091797,1.0352187156677246,0.5388760566711426,0.9160892963409424,0.960739016532898,0.6847235560417175,0.006651308998698369,0.01837022099061869
112,1.2660448551177979,10.447126388549805,0.612088680267334,0.5410861372947693,1.035121202468872,0.5388760566711426,0.9160892963409424,0.960739016532898,0.684644877910614,0.00688561299466528,0.018706867995206267
113,1.2660235166549683,10.461201667785645,0.6119495630264282,0.5409600734710693,1.0350348949432373,0.5388760566711426,0.9160892963409424,0.960739016532898,0.6845690011978149,0.006919257022673264,0.01856560801388696
114,1.2660044431686401,10.475722312927246,0.6119017004966736,0.5408390164375305,1.034960389137268,0.5388760566711426,0.9160892963409424,0.960739016532898,0.6844969391822815,0.007113047991879284,0.019542556983651593
115,1.2659870386123657,10.490708351135254,0.6119371056556702,0.5407363772392273,1.0348963737487793,0.5381062626838684,0.9160892963409424,0.960739016532898,0.6844282746315002,0.007055544992908835,0.019077577017014846
116,1.2659716606140137,10.506170272827148,0.6120415925979614,0.5406509637832642,1.0348412990570068,0.5373364090919495,0.9160892963409424,0.9615088701248169,0.6843637228012085,0.0071803930040914565,0.0192489119945094
117,1.2659568786621094,10.522100448608398,0.6121971607208252,0.5405729413032532,1.0347929000854492,0.5373364090919495,0.9160892963409424,0.9622786641120911,0.6843028664588928,0.006936115009011701,0.018866072001401335
118,1.2659425735473633,10.53847885131836,0.6123847961425781,0.5405054688453674,1.0347493886947632,0.5373364090919495,0.9160892963409424,0.9622786641120911,0.6842458844184875,0.006877103005535901,0.0189263760112226
119,1.2659283876419067,10.555265426635742,0.6125867962837219,0.5404661893844604,1.0347081422805786,0.5373364090919495,0.9160892963409424,0.9622786641120911,0.6841924786567688,0.006671972019830719,0.018666360003408045
120,1.265913963317871,10.572403907775879,0.6127890944480896,0.5404333472251892,1.03466796875,0.5373364090919495,0.9160892963409424,0.9615088701248169,0.6841424107551575,0.006944678985746577,0.019010582996997982
121,1.265898585319519,10.589823722839355,0.6129820942878723,0.5404047966003418,1.0346271991729736,0.5381062626838684,0.9160892963409424,0.9615088701248169,0.6840954422950745,0.007105452998075634,0.01881050900556147
122,1.2658836841583252,10.607439041137695,0.6131618022918701,0.5403792262077332,1.0345863103866577,0.5381062626838684,0.9160892963409424,0.9615088701248169,0.6840513944625854,0.007075831992551684,0.018822657002601773
123,1.2658674716949463,10.625157356262207,0.6133281588554382,0.5403594970703125,1.034544825553894,0.5373364090919495,0.9160892963409424,0.9622786641120911,0.6840100884437561,0.007044725003652275,0.01930580602493137
124,1.2658519744873047,10.642877578735352,0.6134853363037109,0.5403422713279724,1.0345039367675781,0.5373364090919495,0.9160892963409424,0.9622786641120911,0.6839712262153625,0.006959289021324366,0.018992054014233872
125,1.2658357620239258,10.660499572753906,0.6136390566825867,0.540326714515686,1.0344641208648682,0.5365666151046753,0.9160892963409424,0.9622786641120911,0.68393474817276,0.006989148998400196,0.0188070590083953
126,1.2658205032348633,10.677925109863281,0.6137955188751221,0.5403119325637817,1.0344266891479492,0.5357967615127563,0.9160892963409424,0.9622786641120911,0.6839002966880798,0.006887388008181006,0.01883883200935088
127,1.265805721282959,10.695063591003418,0.6139596104621887,0.5402975678443909,1.0343912839889526,0.5357967615127563,0.9160892963409424,0.9622786641120911,0.6838673949241638,0.006793729990022257,0.018946133990539238
128,1.2657920122146606,10.711835861206055,0.614133894443512,0.5402830839157104,1.0343594551086426,0.5365666151046753,0.9160892963409424,0.9622786641120911,0.6838359832763672,0.006739346019458026,0.018488727015210316
129,1.2657787799835205,10.728177070617676,0.6143174767494202,0.5402681827545166,1.0343302488327026,0.5365666151046753,0.9153195023536682,0.9622786641120911,0.6838055849075317,0.007007998006884009,0.01906382100423798
130,1.2657667398452759,10.744038581848145,0.6145061254501343,0.5402565598487854,1.0343033075332642,0.5373364090919495,0.9153195023536682,0.9622786641120911,0.6837757229804993,0.006943766988115385,0.019024843990337104
131,1.265755534172058,10.759387016296387,0.614692747592926,0.5402435064315796,1.0342777967453003,0.5373364090919495,0.9160892963409424,0.9622786641120911,0.6837462782859802,0.007154290011385456,0.01943526999093592
132,1.265744924545288,10.774209022521973,0.6148682236671448,0.5402283668518066,1.034252643585205,0.5373364090919495,0.9176289439201355,0.9622786641120911,0.6837167739868164,0.006711085996357724,0.01848144899122417
133,1.2657346725463867,10.788505554199219,0.6150223016738892,0.5402116179466248,1.0342267751693726,0.5381062626838684,0.9168591499328613,0.9622786641120911,0.6836872100830078,0.00690857000881806,0.01918656099587679
134,1.2657244205474854,10.80229377746582,0.6151454448699951,0.5401927828788757,1.0341987609863281,0.5373364090919495,0.9176289439201355,0.9622786641120911,0.6836572885513306,0.006666083994787186,0.018475410994142294
135,1.2657145261764526,10.815603256225586,0.6152300834655762,0.5401718616485596,1.0341678857803345,0.5373364090919495,0.9176289439201355,0.9622786641120911,0.6836268901824951,0.006899420026456937,0.01889723801286891
136,1.26570463180542,10.828473091125488,0.6152713894844055,0.5401487946510315,1.034133791923523,0.5373364090919495,0.9176289439201355,0.96304851770401,0.6835962533950806,0.006800575996749103,0.018654707993846387
137,1.265695333480835,10.840950965881348,0.615268349647522,0.5401238203048706,1.0340962409973145,0.5373364090919495,0.9176289439201355,0.96304851770401,0.6835654377937317,0.007096611021552235,0.019258459011325613
138,1.2656855583190918,10.853089332580566,0.6152236461639404,0.540097177028656,1.0340553522109985,0.5365666151046753,0.9176289439201355,0.96304851770401,0.6835343241691589,0.006958746002055705,0.018824236991349608
139,1.2656761407852173,10.864945411682129,0.6151434183120728,0.5400699973106384,1.0340118408203125,0.5365666151046753,0.9176289439201355,0.96304851770401,0.6835034489631653,0.007059566007228568,0.018713432014919817
140,1.265667200088501,10.876575469970703,0.6150369048118591,0.540046215057373,1.0339670181274414,0.5357967615127563,0.9176289439201355,0.96304851770401,0.6834729313850403,0.007072282984154299,0.018907464982476085
141,1.2656580209732056,10.88803482055664,0.6149147748947144,0.5400227308273315,1.0339215993881226,0.5357967615127563,0.9176289439201355,0.96304851770401,0.6834428906440735,0.0068782109883613884,0.01895834898459725
142,1.2656493186950684,10.899377822875977,0.6147882342338562,0.5400009155273438,1.0338771343231201,0.5350269675254822,0.9160892963409424,0.96304851770401,0.6834136247634888,0.006886807008413598,0.018798119999701157
143,1.2656409740447998,10.910652160644531,0.6146683692932129,0.5399801135063171,1.033834457397461,0.5350269675254822,0.9160892963409424,0.96304851770401,0.6833853721618652,0.007117675006156787,0.019041046005440876
144,1.2656333446502686,10.921904563903809,0.6145643591880798,0.5399635434150696,1.033794641494751,0.5342571139335632,0.9160892963409424,0.96304851770401,0.6833583116531372,0.007011314999544993,0.01903631500317715
145,1.2656259536743164,10.9331693649292,0.614483118057251,0.5399473905563354,1.0337581634521484,0.5342571139335632,0.9160892963409424,0.96304851770401,0.6833325624465942,0.006784936995245516,0.01881483499892056
146,1.2656184434890747,10.944478034973145,0.6144286394119263,0.5399323105812073,1.0337255001068115,0.5342571139335632,0.9153195023536682,0.96304851770401,0.6833080649375916,0.0070509560173377395,0.018860311014577746
147,1.2656114101409912,10.955853462219238,0.6144022345542908,0.5399186611175537,1.0336965322494507,0.5342571139335632,0.9153195023536682,0.96304851770401,0.6832848787307739,0.006924387998878956,0.018909010017523542
148,1.2656044960021973,10.967309951782227,0.6144025325775146,0.5399061441421509,1.0336710214614868,0.5342571139335632,0.9153195023536682,0.96304851770401,0.6832630634307861,0.006835273001343012,0.018716324004344642
149,1.2655980587005615,10.978853225708008,0.6144261360168457,0.5398948788642883,1.03364896774292,0.5350269675254822,0.9153195023536682,0.96304851770401,0.6832427382469177,0.0068436590081546456,0.01880720999906771
150,1.265591025352478,10.99048137664795,0.614468514919281,0.5398846864700317,1.033629298210144,0.5350269675254822,0.9160892963409424,0.96304851770401,0.6832234859466553,0.006964966014493257,0.01868770900182426
151,1.2655850648880005,11.002182960510254,0.6145245432853699,0.5398753881454468,1.0336114168167114,0.5342571139335632,0.9160892963409424,0.9638183116912842,0.6832054257392883,0.006888444011565298,0.018825810024281964
152,1.2655787467956543,11.013943672180176,0.6145891547203064,0.5398674011230469,1.033595323562622,0.5342571139335632,0.9160892963409424,0.9638183116912842,0.6831884980201721,0.0073088960198219866,0.019301120017189533
153,1.2655723094940186,11.025738716125488,0.6146581768989563,0.5398602485656738,1.0335800647735596,0.5342571139335632,0.9160892963409424,0.9638183116912842,0.6831725239753723,0.007059032010147348,0.018992950004758313
154,1.265566349029541,11.037542343139648,0.6147283315658569,0.5398536920547485,1.0335652828216553,0.5334873199462891,0.9160892963409424,0.9638183116912842,0.6831573843955994,0.007089463993906975,0.019063353014644235
155,1.2655603885650635,11.049324035644531,0.6147976517677307,0.5398478507995605,1.0335512161254883,0.5334873199462891,0.9160892963409424,0.9638183116912842,0.683142900466919,0.006945984001504257,0.018828018015483394
156,1.2655545473098755,11.061053276062012,0.6148650646209717,0.5398423671722412,1.0335371494293213,0.5327174663543701,0.9160892963409424,0.96304851770401,0.6831288933753967,0.006681975006358698,0.018584394012577832
157,1.265548586845398,11.072698593139648,0.6149304509162903,0.5398375391960144,1.033523440361023,0.5327174663543701,0.9160892963409424,0.96304851770401,0.6831154227256775,0.006778445007512346,0.018514629016863182
158,1.2655433416366577,11.084229469299316,0.6149943470954895,0.5398331880569458,1.0335103273391724,0.531947672367096,0.9160892963409424,0.96304851770401,0.6831024885177612,0.0066891910100821406,0.01827086301636882
159,1.2655380964279175,11.095622062683105,0.6150572896003723,0.5398286581039429,1.03349769115448,0.5342571139335632,0.9160892963409424,0.96304851770401,0.6830897331237793,0.007024204998742789,0.01902969100046903
160,1.265532374382019,11.106852531433105,0.6151193976402283,0.5398241281509399,1.0334851741790771,0.531947672367096,0.9160892963409424,0.96304851770401,0.6830770969390869,0.00685458499356173,0.018666578020201996
161,1.2655272483825684,11.117905616760254,0.6151806116104126,0.5398194193840027,1.0334736108779907,0.531947672367096,0.9160892963409424,0.96304851770401,0.6830647587776184,0.006944969994947314,0.018919655005447567
162,1.2655223608016968,11.128767013549805,0.6152403354644775,0.5398144721984863,1.0334619283676147,0.531947672367096,0.9160892963409424,0.96304851770401,0.6830522418022156,0.006438109005102888,0.01816219199099578
163,1.2655174732208252,11.139433860778809,0.6152973175048828,0.5398094058036804,1.033450722694397,0.531947672367096,0.9160892963409424,0.96304851770401,0.6830399036407471,0.006928187009179965,0.018825848994310945
164,1.2655127048492432,11.149904251098633,0.6153501868247986,0.5398042798042297,1.0334396362304688,0.531947672367096,0.9160892963409424,0.96304851770401,0.6830276846885681,0.006923973996890709,0.01900910199037753
165,1.2655080556869507,11.160181045532227,0.6153973340988159,0.5397987961769104,1.033428430557251,0.531947672367096,0.9160892963409424,0.96304851770401,0.6830154061317444,0.006864254013635218,0.019081409001955763
166,1.2655035257339478,11.170272827148438,0.6154371500015259,0.539793074131012,1.0334171056747437,0.531947672367096,0.9160892963409424,0.96304851770401,0.6830032467842102,0.007138249988202006,0.019097170006716624
167,1.2654987573623657,11.180190086364746,0.6154686212539673,0.5397874116897583,1.033405065536499,0.531947672367096,0.9160892963409424,0.96304851770401,0.6829910278320312,0.006995107018155977,0.018736348021775484
168,1.2654943466186523,11.189946174621582,0.6154913902282715,0.5397822260856628,1.0333927869796753,0.531177818775177,0.9160892963409424,0.96304851770401,0.6829790472984314,0.0069382239889819175,0.01872418401762843
169,1.2654896974563599,11.199557304382324,0.6155057549476624,0.5397770404815674,1.0333799123764038,0.531177818775177,0.9160892963409424,0.96304851770401,0.6829672455787659,0.006863237998913974,0.018695943988859653
170,1.2654855251312256,11.20903491973877,0.615513026714325,0.5397721529006958,1.0333666801452637,0.531177818775177,0.9160892963409424,0.96304851770401,0.6829554438591003,0.006708119006361812,0.018393871985608712
171,1.2654812335968018,11.21839714050293,0.6155150532722473,0.5397680997848511,1.0333532094955444,0.531177818775177,0.9160892963409424,0.96304851770401,0.6829440593719482,0.006799557973863557,0.01844440499553457
172,1.265476942062378,11.227656364440918,0.6155139803886414,0.5397641062736511,1.0333399772644043,0.531177818775177,0.9160892963409424,0.96304851770401,0.6829329133033752,0.006690208974760026,0.018595169996842742
173,1.265472650527954,11.23682689666748,0.6155123710632324,0.539760410785675,1.0333267450332642,0.531177818775177,0.9160892963409424,0.96304851770401,0.6829220652580261,0.006846752017736435,0.01875181999639608
174,1.2654684782028198,11.245918273925781,0.615512490272522,0.5397570729255676,1.0333138704299927,0.531177818775177,0.9160892963409424,0.96304851770401,0.6829115152359009,0.007141441979911178,0.01893745397683233
175,1.2654645442962646,11.2549409866333,0.6155164241790771,0.5397539734840393,1.0333020687103271,0.531177818775177,0.9160892963409424,0.96304851770401,0.6829015612602234,0.006910184980370104,0.018875098001444712
176,1.265460729598999,11.263901710510254,0.6155257225036621,0.5397510528564453,1.0332908630371094,0.531177818775177,0.9160892963409424,0.96304851770401,0.6828919053077698,0.006826295983046293,0.01861550399917178
177,1.2654565572738647,11.272805213928223,0.6155411005020142,0.5397485494613647,1.033280611038208,0.531177818775177,0.9160892963409424,0.96304851770401,0.6828826069831848,0.0072583330038469285,0.019292241020593792
178,1.2654531002044678,11.281656265258789,0.6155626773834229,0.5397464036941528,1.0332711935043335,0.531177818775177,0.9160892963409424,0.96304851770401,0.6828737258911133,0.006878184998640791,0.0187141050118953
179,1.2654492855072021,11.290454864501953,0.6155899167060852,0.5397445559501648,1.0332624912261963,0.531177818775177,0.9160892963409424,0.96304851770401,0.6828651428222656,0.006820731010520831,0.019095394003670663
180,1.2654458284378052,11.299202919006348,0.6156216859817505,0.5397428870201111,1.0332543849945068,0.531177818775177,0.9160892963409424,0.96304851770401,0.6828568577766418,0.007031482004094869,0.01896362699335441
181,1.2654417753219604,11.30789852142334,0.6156564950942993,0.5397416353225708,1.0332472324371338,0.531177818775177,0.9160892963409424,0.96304851770401,0.6828490495681763,0.006803437980124727,0.01849931399920024
182,1.2654379606246948,11.316540718078613,0.6156924962997437,0.5397405028343201,1.0332401990890503,0.5304080247879028,0.9160892963409424,0.96304851770401,0.6828414797782898,0.007120184018276632,0.019209146994398907
183,1.2654341459274292,11.325124740600586,0.6157281398773193,0.5397396087646484,1.0332332849502563,0.5304080247879028,0.9160892963409424,0.96304851770401,0.6828341484069824,0.007016866991762072,0.018780457001412287
184,1.265430212020874,11.333648681640625,0.6157621145248413,0.5397387146949768,1.0332263708114624,0.5304080247879028,0.9160892963409424,0.96304851770401,0.6828269362449646,0.006591732002561912,0.018457053985912353
185,1.2654268741607666,11.342107772827148,0.6157938241958618,0.53973788022995,1.033219575881958,0.5304080247879028,0.9160892963409424,0.96304851770401,0.6828199625015259,0.006774059991585091,0.020791568007552996
186,1.2654235363006592,11.350502014160156,0.6158228516578674,0.5397371053695679,1.033212661743164,0.5304080247879028,0.9160892963409424,0.96304851770401,0.6828129887580872,0.007071536005241796,0.018919297988759354
187,1.2654200792312622,11.35882568359375,0.6158494353294373,0.5397363305091858,1.0332057476043701,0.5304080247879028,0.9160892963409424,0.96304851770401,0.6828063130378723,0.006805173004977405,0.018702130997553468
188,1.265416145324707,11.367077827453613,0.6158736348152161,0.5397355556488037,1.0331988334655762,0.5304080247879028,0.9160892963409424,0.96304851770401,0.6827996373176575,0.0068328200140967965,0.01872594899032265
189,1.2654132843017578,11.375256538391113,0.6158961057662964,0.5397347807884216,1.0331918001174927,0.5304080247879028,0.9160892963409424,0.96304851770401,0.6827930808067322,0.007008107990259305,0.019190961989806965
190,1.2654094696044922,11.3833646774292,0.6159173250198364,0.5397340655326843,1.0331850051879883,0.5304080247879028,0.9160892963409424,0.96304851770401,0.6827867031097412,0.006759094016160816,0.01841010499629192
191,1.2654061317443848,11.391401290893555,0.6159378886222839,0.5397332310676575,1.033178448677063,0.5304080247879028,0.9160892963409424,0.96304851770401,0.682780385017395,0.007061070005875081,0.019155046989908442
192,1.2654030323028564,11.399368286132812,0.6159581542015076,0.5397323369979858,1.0331717729568481,0.5288683772087097,0.9160892963409424,0.96304851770401,0.6827740669250488,0.0068782169837504625,0.018734479002887383
193,1.26539945602417,11.407266616821289,0.6159781813621521,0.5397313833236694,1.033165454864502,0.5288683772087097,0.9160892963409424,0.96304851770401,0.6827678084373474,0.006934768985956907,0.01879396100412123
194,1.2653963565826416,11.4151029586792,0.6159982085227966,0.5397306680679321,1.0331594944000244,0.5288683772087097,0.9160892963409424,0.96304851770401,0.6827618479728699,0.007072351989336312,0.019121194985928014
195,1.2653930187225342,11.422880172729492,0.6160180568695068,0.5397297143936157,1.0331535339355469,0.5280985236167908,0.9160892963409424,0.96304851770401,0.6827557682991028,0.0068808690120931715,0.019140370015520602
196,1.2653898000717163,11.430602073669434,0.6160376071929932,0.5397288203239441,1.0331476926803589,0.5273287296295166,0.9160892963409424,0.96304851770401,0.68274986743927,0.007007150998106226,0.01866146599058993
197,1.2653868198394775,11.438272476196289,0.6160566210746765,0.5397282242774963,1.0331422090530396,0.5273287296295166,0.9160892963409424,0.96304851770401,0.6827442646026611,0.006671556999208406,0.018359659996349365
198,1.2653837203979492,11.445894241333008,0.6160752177238464,0.5397274494171143,1.0331366062164307,0.5273287296295166,0.9160892963409424,0.96304851770401,0.6827386021614075,0.006757447001291439,0.01855324101052247
199,1.2653803825378418,11.453473091125488,0.6160932779312134,0.5397267937660217,1.0331311225891113,0.5273287296295166,0.9160892963409424,0.96304851770401,0.6827332377433777,0.00669898500200361,0.01851006699143909
200,1.2653770446777344,11.46100902557373,0.6161106824874878,0.5397262573242188,1.0331257581710815,0.5273287296295166,0.9153195023536682,0.96304851770401,0.6827278733253479,0.006861725996714085,0.018708354997215793
201,1.2653745412826538,11.468505859375,0.6161280870437622,0.5397257804870605,1.0331207513809204,0.5265588760375977,0.9153195023536682,0.96304851770401,0.682722806930542,0.00652831100160256,0.018320414004847407
202,1.265371322631836,11.475963592529297,0.616145670413971,0.5397254228591919,1.0331155061721802,0.5265588760375977,0.9153195023536682,0.96304851770401,0.6827176809310913,0.006687319983029738,0.01851117698242888
203,1.2653679847717285,11.483384132385254,0.6161636114120483,0.5397251844406128,1.033110499382019,0.5265588760375977,0.9153195023536682,0.96304851770401,0.682712733745575,0.0066555610101204365,0.018314117012778297
204,1.2653652429580688,11.490766525268555,0.6161823868751526,0.539725124835968,1.0331056118011475,0.5265588760375977,0.9153195023536682,0.96304851770401,0.6827079653739929,0.006827713979873806,0.01908080099383369
205,1.2653621435165405,11.498109817504883,0.6162022352218628,0.5397252440452576,1.033101201057434,0.5265588760375977,0.9153195023536682,0.96304851770401,0.6827033162117004,0.0066690480161923915,0.018479592021321878
206,1.2653591632843018,11.505414009094238,0.616223156452179,0.5397253036499023,1.0330967903137207,0.5265588760375977,0.9153195023536682,0.96304851770401,0.6826987266540527,0.007142293005017564,0.01944629300851375
207,1.2653563022613525,11.512678146362305,0.6162452101707458,0.539725661277771,1.0330928564071655,0.5265588760375977,0.9153195023536682,0.96304851770401,0.6826944351196289,0.006896050996147096,0.01886680201278068
208,1.2653535604476929,11.519899368286133,0.6162682771682739,0.5397259593009949,1.0330886840820312,0.5265588760375977,0.9153195023536682,0.96304851770401,0.6826900839805603,0.006909335992531851,0.018913022009655833
209,1.265350341796875,11.527078628540039,0.6162917017936707,0.5397262573242188,1.0330851078033447,0.5265588760375977,0.9153195023536682,0.96304851770401,0.682685911655426,0.007055563997710124,0.019094165007118136
210,1.2653477191925049,11.534214973449707,0.6163153648376465,0.5397266745567322,1.033081293106079,0.5265588760375977,0.9153195023536682,0.96304851770401,0.6826817989349365,0.006893151003168896,0.018915476015536115
211,1.2653448581695557,11.541305541992188,0.6163386106491089,0.5397269129753113,1.0330778360366821,0.5265588760375977,0.9153195023536682,0.96304851770401,0.6826777458190918,0.006894946011016145,0.018838164018234238
212,1.265341877937317,11.548352241516113,0.616361141204834,0.5397277474403381,1.033074140548706,0.5265588760375977,0.9153195023536682,0.96304851770401,0.6826736330986023,0.007013219001237303,0.018886925012338907
213,1.2653394937515259,11.555352210998535,0.6163827776908875,0.5397285223007202,1.033070683479309,0.5265588760375977,0.9153195023536682,0.96304851770401,0.6826696395874023,0.007033998001134023,0.01917195599526167
214,1.2653363943099976,11.562308311462402,0.6164031028747559,0.5397294759750366,1.033067226409912,0.5265588760375977,0.9153195023536682,0.96304851770401,0.6826658248901367,0.006940656981896609,0.01918372299405746
215,1.265333890914917,11.569220542907715,0.616422176361084,0.5397302508354187,1.033063530921936,0.5265588760375977,0.9153195023536682,0.96304851770401,0.6826618909835815,0.0068120080104563385,0.0185770149983
216,1.2653307914733887,11.576088905334473,0.6164398193359375,0.5397310853004456,1.03305983543396,0.5265588760375977,0.9153195023536682,0.96304851770401,0.6826580166816711,0.007104543998138979,0.01914722000947222
217,1.2653281688690186,11.582914352416992,0.616456151008606,0.5397318005561829,1.0330560207366943,0.5265588760375977,0.9153195023536682,0.96304851770401,0.6826541423797607,0.0068137939961161464,0.01858222301234491
218,1.2653257846832275,11.589700698852539,0.6164716482162476,0.539732813835144,1.0330524444580078,0.5265588760375977,0.9153195023536682,0.96304851770401,0.6826504468917847,0.007255450007505715,0.01938129001064226
219,1.2653231620788574,11.59644603729248,0.6164867877960205,0.5397335290908813,1.0330487489700317,0.5265588760375977,0.9153195023536682,0.96304851770401,0.682646632194519,0.007100731017999351,0.018976749008288607
220,1.2653206586837769,11.603154182434082,0.6165016293525696,0.5397343039512634,1.0330449342727661,0.5265588760375977,0.9153195023536682,0.96304851770401,0.6826428771018982,0.006902954017277807,0.019039017002796754
221,1.265317678451538,11.60982894897461,0.6165163516998291,0.5397350788116455,1.0330413579940796,0.5273287296295166,0.9153195023536682,0.96304851770401,0.6826393604278564,0.006853450002381578,0.01867693298845552
222,1.265315055847168,11.616469383239746,0.6165310144424438,0.5397358536720276,1.0330379009246826,0.5273287296295166,0.9153195023536682,0.96304851770401,0.6826357245445251,0.006934372999239713,0.019016837992239743
223,1.265312671661377,11.623079299926758,0.6165458559989929,0.539736807346344,1.0330345630645752,0.5273287296295166,0.9153195023536682,0.96304851770401,0.6826322674751282,0.006887888011988252,0.018879879004089162
224,1.2653100490570068,11.629658699035645,0.6165608167648315,0.5397375822067261,1.0330312252044678,0.5273287296295166,0.9153195023536682,0.96304851770401,0.6826287508010864,0.007057616021484137,0.018934444000478834
225,1.2653073072433472,11.636212348937988,0.6165758371353149,0.5397385358810425,1.03302800655365,0.5273287296295166,0.9153195023536682,0.96304851770401,0.6826253533363342,0.006952528987312689,0.01897755899699405
226,1.2653045654296875,11.64273738861084,0.6165907382965088,0.5397395491600037,1.0330249071121216,0.5273287296295166,0.9153195023536682,0.96304851770401,0.6826220154762268,0.006960112979868427,0.01886677899165079
227,1.2653025388717651,11.649239540100098,0.6166058778762817,0.5397406220436096,1.033022165298462,0.5273287296295166,0.9153195023536682,0.96304851770401,0.6826187968254089,0.006875090999528766,0.018826876999810338
228,1.265299916267395,11.655715942382812,0.616621196269989,0.5397416353225708,1.0330191850662231,0.5265588760375977,0.9160892963409424,0.96304851770401,0.6826156377792358,0.006964748987229541,0.01898469400475733
229,1.2652976512908936,11.66217041015625,0.6166365742683411,0.5397429466247559,1.0330164432525635,0.5265588760375977,0.9160892963409424,0.96304851770401,0.6826127767562866,0.006969150010263547,0.01875602500513196
230,1.265295147895813,11.66860294342041,0.6166520714759827,0.5397438406944275,1.0330134630203247,0.5265588760375977,0.9160892963409424,0.96304851770401,0.6826094388961792,0.007320356002310291,0.019600283005274832
231,1.265293002128601,11.675012588500977,0.6166677474975586,0.5397450923919678,1.0330108404159546,0.5265588760375977,0.9160892963409424,0.96304851770401,0.6826065182685852,0.007126815995434299,0.019393678987398744
232,1.2652902603149414,11.68139934539795,0.6166834831237793,0.5397463440895081,1.033008337020874,0.5273287296295166,0.9145496487617493,0.96304851770401,0.682603657245636,0.007177745021181181,0.01903313901857473
233,1.2652876377105713,11.687764167785645,0.6166989803314209,0.5397474765777588,1.0330058336257935,0.5273287296295166,0.9145496487617493,0.96304851770401,0.682600736618042,0.007010998000623658,0.019388784014154226
234,1.2652852535247803,11.694107055664062,0.616714358329773,0.5397488474845886,1.0330032110214233,0.5273287296295166,0.9145496487617493,0.96304851770401,0.6825979351997375,0.006826291995821521,0.018722412001807243
235,1.2652828693389893,11.700427055358887,0.6167296767234802,0.5397499799728394,1.0330009460449219,0.5273287296295166,0.9145496487617493,0.96304851770401,0.6825951933860779,0.006857233005575836,0.018633249012054875
236,1.2652807235717773,11.70672607421875,0.6167449355125427,0.5397512912750244,1.0329985618591309,0.5273287296295166,0.9145496487617493,0.96304851770401,0.682592511177063,0.007015113020315766,0.018840610020561144
237,1.2652781009674072,11.713001251220703,0.6167601346969604,0.5397526621818542,1.0329961776733398,0.5280985236167908,0.9145496487617493,0.96304851770401,0.6825899481773376,0.006985061016166583,0.018755800992948934
238,1.2652755975723267,11.719255447387695,0.6167752146720886,0.5397540330886841,1.032994270324707,0.5280985236167908,0.9145496487617493,0.96304851770401,0.6825873851776123,0.006957534002140164,0.018763343017781153
239,1.2652733325958252,11.72548770904541,0.6167899966239929,0.53975510597229,1.032991647720337,0.5280985236167908,0.9145496487617493,0.96304851770401,0.6825847029685974,0.0071407729992643,0.01944876098423265
240,1.2652711868286133,11.731698989868164,0.616804838180542,0.5397564768791199,1.0329898595809937,0.5280985236167908,0.9145496487617493,0.96304851770401,0.6825822591781616,0.007047705992590636,0.019068534020334482
241,1.2652690410614014,11.737889289855957,0.6168195009231567,0.5397577881813049,1.0329877138137817,0.5280985236167908,0.9145496487617493,0.96304851770401,0.682579755783081,0.006993512011831626,0.018937511020340025
242,1.2652666568756104,11.744058609008789,0.6168341636657715,0.5397589802742004,1.0329856872558594,0.5280985236167908,0.9145496487617493,0.96304851770401,0.6825772523880005,0.007004222978139296,0.018741359992418438
243,1.2652645111083984,11.750207901000977,0.6168485879898071,0.539760172367096,1.0329835414886475,0.5280985236167908,0.9145496487617493,0.96304851770401,0.6825747489929199,0.007036827999399975,0.019129371008602902
244,1.265262246131897,11.756338119506836,0.6168628334999084,0.5397614240646362,1.0329817533493042,0.5280985236167908,0.9145496487617493,0.96304851770401,0.6825725436210632,0.006700530007947236,0.018517524003982544
245,1.2652599811553955,11.762450218200684,0.6168767809867859,0.5397627353668213,1.0329797267913818,0.5280985236167908,0.9145496487617493,0.96304851770401,0.6825700998306274,0.006872439000289887,0.018974489998072386
246,1.265257716178894,11.76854419708252,0.6168903708457947,0.5397640466690063,1.032977819442749,0.5280985236167908,0.9145496487617493,0.96304851770401,0.6825677752494812,0.0068203749833628535,0.01868363900575787
247,1.2652554512023926,11.774621963500977,0.6169037222862244,0.5397652983665466,1.0329760313034058,0.5280985236167908,0.9145496487617493,0.96304851770401,0.6825656890869141,0.007025291997706518,0.018982222012709826
248,1.2652535438537598,11.780682563781738,0.6169169545173645,0.5397665500640869,1.0329742431640625,0.5280985236167908,0.9145496487617493,0.96304851770401,0.6825634241104126,0.0069031759921927005,0.018926444987300783
249,1.2652512788772583,11.786728858947754,0.6169300675392151,0.5397677421569824,1.0329724550247192,0.5280985236167908,0.9145496487617493,0.96304851770401,0.6825612187385559,0.006980209000175819,0.018844398990040645
250,1.2652490139007568,11.79275894165039,0.6169431209564209,0.5397690534591675,1.0329707860946655,0.5280985236167908,0.9145496487617493,0.96304851770401,0.6825591325759888,0.00705023598857224,0.019151376996887848
251,1.2652469873428345,11.798774719238281,0.6169562339782715,0.5397703051567078,1.0329689979553223,0.5280985236167908,0.9145496487617493,0.96304851770401,0.6825569272041321,0.00698383100097999,0.018744702014373615
252,1.2652448415756226,11.804777145385742,0.6169694066047668,0.5397714972496033,1.0329673290252686,0.5280985236167908,0.9145496487617493,0.96304851770401,0.6825549602508545,0.00708931201370433,0.019188471022062004
253,1.2652428150177002,11.810766220092773,0.6169826984405518,0.5397728085517883,1.0329657793045044,0.5296381711959839,0.9145496487617493,0.96304851770401,0.6825529336929321,0.00689702300587669,0.019451745989499614
254,1.2652406692504883,11.816741943359375,0.6169960498809814,0.5397739410400391,1.0329641103744507,0.5296381711959839,0.9145496487617493,0.96304851770401,0.6825509071350098,0.007295049988897517,0.019497824978316203
255,1.2652384042739868,11.822705268859863,0.6170092821121216,0.5397754311561584,1.0329627990722656,0.5296381711959839,0.9145496487617493,0.96304851770401,0.6825491786003113,0.007299966004211456,0.019364745006896555
256,1.2652366161346436,11.828656196594238,0.6170226335525513,0.539776623249054,1.0329612493515015,0.5296381711959839,0.9145496487617493,0.96304851770401,0.6825470924377441,0.006843528972240165,0.01882258098339662
257,1.2652345895767212,11.834595680236816,0.6170361638069153,0.539777934551239,1.0329599380493164,0.5296381711959839,0.9153195023536682,0.96304851770401,0.6825453639030457,0.007072667998727411,0.019411813002079725
258,1.2652325630187988,11.840521812438965,0.6170495748519897,0.539779543876648,1.0329586267471313,0.5296381711959839,0.9153195023536682,0.96304851770401,0.6825435161590576,0.007097041001543403,0.019106049003312364
259,1.2652302980422974,11.846439361572266,0.6170628070831299,0.539781391620636,1.0329574346542358,0.5296381711959839,0.9153195023536682,0.96304851770401,0.6825418472290039,0.007084248005412519,0.019572524004615843
260,1.2652281522750854,11.852343559265137,0.6170758008956909,0.5397831201553345,1.0329561233520508,0.5296381711959839,0.9153195023536682,0.96304851770401,0.6825399994850159,0.006861027010018006,0.01900478999596089
261,1.2652263641357422,11.85823917388916,0.6170886158943176,0.539784848690033,1.0329550504684448,0.5296381711959839,0.9153195023536682,0.96304851770401,0.6825384497642517,0.007067707017995417,0.019200198992621154
262,1.2652244567871094,11.86412239074707,0.6171014308929443,0.5397864580154419,1.0329536199569702,0.5296381711959839,0.9153195023536682,0.96304851770401,0.6825366616249084,0.006850475998362526,0.018878839997341856
263,1.2652226686477661,11.8699951171875,0.6171143054962158,0.5397881865501404,1.0329525470733643,0.5296381711959839,0.9153195023536682,0.96304851770401,0.6825350522994995,0.007278228003997356,0.019610663002822548
264,1.2652206420898438,11.875859260559082,0.6171270608901978,0.5397899150848389,1.0329513549804688,0.5296381711959839,0.9153195023536682,0.96304851770401,0.6825333833694458,0.007057471986627206,0.01918646300327964
265,1.2652184963226318,11.881712913513184,0.6171396970748901,0.5397918820381165,1.0329502820968628,0.5296381711959839,0.9153195023536682,0.96304851770401,0.6825318336486816,0.006964820990106091,0.01896517298882827
266,1.2652167081832886,11.887557983398438,0.6171523332595825,0.5397937297821045,1.0329492092132568,0.5296381711959839,0.9153195023536682,0.96304851770401,0.6825302839279175,0.006999912002356723,0.01884509201045148
267,1.2652146816253662,11.893392562866211,0.6171647906303406,0.5397955775260925,1.0329482555389404,0.5296381711959839,0.9153195023536682,0.96304851770401,0.6825289130210876,0.007039504998829216,0.01891126998816617
268,1.2652126550674438,11.89922046661377,0.6171771287918091,0.5397973656654358,1.0329471826553345,0.5288683772087097,0.9153195023536682,0.96304851770401,0.6825272440910339,0.00686305298586376,0.01863425300689414
269,1.265210509300232,11.90503978729248,0.6171891689300537,0.5397990942001343,1.032946228981018,0.5288683772087097,0.9153195023536682,0.96304851770401,0.6825258135795593,0.006934350007213652,0.018839869007933885
270,1.2652086019515991,11.91085147857666,0.617201030254364,0.5398010611534119,1.032945156097412,0.5288683772087097,0.9153195023536682,0.96304851770401,0.6825245022773743,0.0067141960025765,0.01839325000764802
271,1.265207052230835,11.916655540466309,0.6172128915786743,0.5398028492927551,1.0329443216323853,0.5288683772087097,0.9153195023536682,0.96304851770401,0.6825229525566101,0.007009753026068211,0.018977448024088517
272,1.265204906463623,11.922452926635742,0.6172246932983398,0.5398047566413879,1.032943606376648,0.5288683772087097,0.9153195023536682,0.96304851770401,0.6825218200683594,0.007017935015028343,0.018910765007603914
273,1.2652034759521484,11.928244590759277,0.6172367930412292,0.5398064851760864,1.0329426527023315,0.5288683772087097,0.9153195023536682,0.96304851770401,0.68252032995224,0.006878946995129809,0.018879911018302664
274,1.2652013301849365,11.934027671813965,0.6172488927841187,0.5398083925247192,1.0329418182373047,0.5288683772087097,0.9153195023536682,0.96304851770401,0.6825190782546997,0.00705449198721908,0.019036268000490963
275,1.2651996612548828,11.939806938171387,0.6172613501548767,0.5398101806640625,1.0329409837722778,0.5288683772087097,0.9153195023536682,0.96304851770401,0.6825178265571594,0.007006433006608859,0.018841265002265573
276,1.2651978731155396,11.945578575134277,0.6172739267349243,0.5398120880126953,1.03294038772583,0.5288683772087097,0.9153195023536682,0.96304851770401,0.6825165748596191,0.0069986089947633445,0.018867425998905674
277,1.2651962041854858,11.951346397399902,0.6172866225242615,0.5398140549659729,1.0329400300979614,0.5288683772087097,0.9153195023536682,0.96304851770401,0.6825154423713684,0.007105787022737786,0.0211870490165893
278,1.2651941776275635,11.957107543945312,0.6172991394996643,0.5398157835006714,1.032939076423645,0.5288683772087097,0.9153195023536682,0.96304851770401,0.6825141310691833,0.007113119005225599,0.01927069202065468
279,1.2651925086975098,11.96286392211914,0.617311418056488,0.5398178696632385,1.0329387187957764,0.5296381711959839,0.9153195023536682,0.9622786641120911,0.6825131177902222,0.006943063985090703,0.018698754982324317
280,1.265190839767456,11.968615531921387,0.6173235177993774,0.5398195385932922,1.032938003540039,0.5296381711959839,0.9153195023536682,0.9622786641120911,0.6825118660926819,0.007007064996287227,0.019200709997676313
281,1.2651891708374023,11.97436237335205,0.6173354387283325,0.539821445941925,1.0329374074935913,0.5296381711959839,0.9153195023536682,0.9622786641120911,0.6825107932090759,0.007040255994070321,0.019243150018155575
282,1.2651867866516113,11.980103492736816,0.617347002029419,0.5398236513137817,1.0329370498657227,0.5296381711959839,0.9153195023536682,0.9622786641120911,0.6825098395347595,0.006884970003738999,0.018545101018389687
283,1.2651853561401367,11.985840797424316,0.617358386516571,0.5398254990577698,1.032936453819275,0.5296381711959839,0.9153195023536682,0.9622786641120911,0.6825087666511536,0.006840155023382977,0.018851291009923443
284,1.265183687210083,11.991573333740234,0.6173697710037231,0.5398275256156921,1.0329358577728271,0.5296381711959839,0.9153195023536682,0.9622786641120911,0.6825076937675476,0.006808751990320161,0.018806706997565925
285,1.2651818990707397,11.99730110168457,0.6173813343048096,0.5398297309875488,1.0329355001449585,0.5296381711959839,0.9153195023536682,0.9622786641120911,0.6825067400932312,0.006875731982290745,0.018720762978773564
286,1.2651803493499756,12.00302505493164,0.6173930168151855,0.5398317575454712,1.0329350233078003,0.5296381711959839,0.9153195023536682,0.9622786641120911,0.6825058460235596,0.006804029981140047,0.01877127497573383
287,1.2651785612106323,12.008744239807129,0.6174049973487854,0.5398337244987488,1.032934546470642,0.5296381711959839,0.9153195023536682,0.9622786641120911,0.6825048327445984,0.006854558014310896,0.0188563049887307
288,1.265176773071289,12.014459609985352,0.61741703748703,0.5398356318473816,1.0329341888427734,0.5296381711959839,0.9153195023536682,0.9622786641120911,0.6825038194656372,0.006977173004997894,0.018967785988934338
289,1.2651751041412354,12.020171165466309,0.6174291372299194,0.5398379564285278,1.0329340696334839,0.5296381711959839,0.9168591499328613,0.9622786641120911,0.6825030446052551,0.007040177006274462,0.01903215399943292
290,1.265173316001892,12.025879859924316,0.617440938949585,0.5398398637771606,1.0329334735870361,0.5296381711959839,0.9168591499328613,0.9622786641120911,0.682502031326294,0.006910319003509358,0.018873305001761764
291,1.2651710510253906,12.031583786010742,0.6174523830413818,0.5398417711257935,1.032933235168457,0.5296381711959839,0.9168591499328613,0.9622786641120911,0.6825011968612671,0.00702989601995796,0.018866838014218956
292,1.2651699781417847,12.037286758422852,0.6174637079238892,0.539843738079071,1.0329328775405884,0.5296381711959839,0.9168591499328613,0.9622786641120911,0.6825003027915955,0.006852149002952501,0.018675561004783958
293,1.265168309211731,12.042985916137695,0.6174748539924622,0.5398458242416382,1.0329326391220093,0.5296381711959839,0.9168591499328613,0.9622786641120911,0.6824995875358582,0.006741544988472015,0.018447795999236405
294,1.2651666402816772,12.048681259155273,0.6174859404563904,0.5398477911949158,1.0329325199127197,0.5296381711959839,0.9168591499328613,0.9622786641120911,0.6824989318847656,0.006957526988117024,0.018611605977639556
295,1.2651649713516235,12.054375648498535,0.6174971461296082,0.5398499965667725,1.0329324007034302,0.5296381711959839,0.9168591499328613,0.9622786641120911,0.6824981570243835,0.006918967992532998,0.01872221499797888
296,1.2651633024215698,12.060066223144531,0.6175084710121155,0.5398526787757874,1.032932162284851,0.5296381711959839,0.9168591499328613,0.9622786641120911,0.6824973821640015,0.006615819002036005,0.018569294014014304
297,1.2651616334915161,12.065755844116211,0.617519736289978,0.5398553609848022,1.032931923866272,0.5296381711959839,0.9168591499328613,0.9622786641120911,0.6824966073036194,0.0068659610114991665,0.01868700300110504
298,1.265160083770752,12.071442604064941,0.6175312399864197,0.5398581624031067,1.0329320430755615,0.5296381711959839,0.9168591499328613,0.9622786641120911,0.6824960708618164,0.006865557021228597,0.018950071011204273
299,1.2651585340499878,12.077126502990723,0.6175428032875061,0.5398609042167664,1.0329318046569824,0.5296381711959839,0.9168591499328613,0.9622786641120911,0.6824952363967896,0.006857861997559667,0.018800438003381714
300,1.2651569843292236,12.082809448242188,0.6175544261932373,0.5398637056350708,1.032931923866272,0.5296381711959839,0.9168591499328613,0.9622786641120911,0.6824946403503418,0.006728513981215656,0.018605675984872505
301,1.2651554346084595,12.08849048614502,0.6175661087036133,0.5398662686347961,1.0329318046569824,0.5296381711959839,0.9168591499328613,0.9622786641120911,0.6824939846992493,0.00716066500172019,0.019026991998543963
302,1.2651536464691162,12.094171524047852,0.6175776124000549,0.5398690104484558,1.0329316854476929,0.5296381711959839,0.9168591499328613,0.9622786641120911,0.6824933886528015,0.006884637987241149,0.01862147997599095
303,1.265152096748352,12.099848747253418,0.6175888776779175,0.5398716926574707,1.0329316854476929,0.5296381711959839,0.9168591499328613,0.9622786641120911,0.6824926733970642,0.00707293301820755,0.01941577100660652
304,1.2651509046554565,12.105525970458984,0.6176002025604248,0.5398744344711304,1.0329316854476929,0.5288683772087097,0.9168591499328613,0.9622786641120911,0.682492196559906,0.006906280992552638,0.01896599298925139
305,1.2651488780975342,12.111201286315918,0.617611289024353,0.5398772954940796,1.0329318046569824,0.5288683772087097,0.9168591499328613,0.9622786641120911,0.6824917197227478,0.007127272983780131,0.019384794984944165
306,1.2651474475860596,12.116875648498535,0.6176222562789917,0.5398797988891602,1.032931923866272,0.5288683772087097,0.9168591499328613,0.9622786641120911,0.6824912428855896,0.007401680020848289,0.019493069004965946
307,1.2651458978652954,12.12254810333252,0.6176331043243408,0.5398826599121094,1.032931923866272,0.5288683772087097,0.9168591499328613,0.9622786641120911,0.6824907660484314,0.006986672000493854,0.01884921800228767
308,1.2651442289352417,12.128219604492188,0.6176438927650452,0.5398852229118347,1.032932162284851,0.5288683772087097,0.9168591499328613,0.9622786641120911,0.6824902296066284,0.006912974000442773,0.01892901901737787
309,1.265142560005188,12.133889198303223,0.61765456199646,0.5398879647254944,1.032932162284851,0.5288683772087097,0.9168591499328613,0.9622786641120911,0.6824897527694702,0.006879197986563668,0.018928100005723536
310,1.2651413679122925,12.139557838439941,0.6176654696464539,0.5398906469345093,1.0329324007034302,0.5288683772087097,0.9168591499328613,0.9622786641120911,0.6824893355369568,0.007235828001284972,0.019113122019916773
311,1.2651399374008179,12.14522647857666,0.6176766753196716,0.539893388748169,1.0329325199127197,0.5288683772087097,0.9168591499328613,0.9622786641120911,0.6824889779090881,0.006910651980433613,0.018766339984722435
312,1.2651383876800537,12.150893211364746,0.617688000202179,0.5398958921432495,1.0329325199127197,0.5296381711959839,0.9168591499328613,0.9622786641120911,0.6824883222579956,0.006951282994123176,0.0187404660100583
313,1.265136957168579,12.156558990478516,0.6176995038986206,0.539898693561554,1.0329328775405884,0.5296381711959839,0.9168591499328613,0.9622786641120911,0.6824880838394165,0.006914998986758292,0.0187962320051156
314,1.2651355266571045,12.162224769592285,0.6177110075950623,0.5399014353752136,1.032932996749878,0.5296381711959839,0.9168591499328613,0.9622786641120911,0.6824876666069031,0.0068840050080325454,0.018800809019012377
315,1.2651338577270508,12.167890548706055,0.6177223920822144,0.5399041175842285,1.0329334735870361,0.5296381711959839,0.9168591499328613,0.9622786641120911,0.6824873089790344,0.0068482449860312045,0.018651002988917753
316,1.2651323080062866,12.173556327819824,0.6177334785461426,0.5399068593978882,1.0329335927963257,0.5296381711959839,0.9168591499328613,0.9622786641120911,0.6824870109558105,0.007114348991308361,0.019138542003929615
317,1.2651312351226807,12.179220199584961,0.617744505405426,0.5399096012115479,1.0329339504241943,0.5296381711959839,0.9168591499328613,0.9622786641120911,0.6824866533279419,0.006913827994139865,0.01854560201172717
318,1.2651293277740479,12.184884071350098,0.6177553534507751,0.5399122834205627,1.032934308052063,0.5296381711959839,0.9168591499328613,0.9622786641120911,0.6824864149093628,0.007037956005660817,0.018878765986301005
319,1.2651283740997314,12.190549850463867,0.6177661418914795,0.5399150252342224,1.0329347848892212,0.5296381711959839,0.9168591499328613,0.9622786641120911,0.6824862360954285,0.00709294099942781,0.019044480024604127
320,1.2651265859603882,12.196213722229004,0.6177768707275391,0.5399177670478821,1.0329350233078003,0.5296381711959839,0.9168591499328613,0.9622786641120911,0.6824859380722046,0.006877502019051462,0.018520112003898248
321,1.265124797821045,12.201876640319824,0.6177871823310852,0.5399202704429626,1.0329352617263794,0.5296381711959839,0.9168591499328613,0.9622786641120911,0.6824855804443359,0.006818866997491568,0.018721514992648736
322,1.2651236057281494,12.207540512084961,0.6177975535392761,0.5399229526519775,1.0329357385635376,0.5296381711959839,0.9168591499328613,0.9622786641120911,0.6824854612350464,0.00682352198055014,0.018636780994711444
323,1.265122413635254,12.213205337524414,0.6178081035614014,0.5399255752563477,1.0329359769821167,0.5296381711959839,0.9168591499328613,0.9622786641120911,0.6824851632118225,0.006971022026846185,0.018996058002812788
324,1.2651208639144897,12.21886920928955,0.6178187131881714,0.5399285554885864,1.032936453819275,0.5296381711959839,0.9168591499328613,0.9622786641120911,0.6824851036071777,0.006686216016532853,0.01845644399872981
325,1.2651193141937256,12.224534034729004,0.6178295612335205,0.539931058883667,1.032936930656433,0.5296381711959839,0.9168591499328613,0.9622786641120911,0.6824848651885986,0.0071773620147723705,0.01914551400113851
326,1.2651180028915405,12.23019790649414,0.6178407073020935,0.5399338006973267,1.0329374074935913,0.5296381711959839,0.9168591499328613,0.9622786641120911,0.6824846863746643,0.007100267976056784,0.019503347983118147
327,1.2651169300079346,12.235861778259277,0.6178520321846008,0.5399365425109863,1.03293776512146,0.5296381711959839,0.9168591499328613,0.9622786641120911,0.68248450756073,0.006783635006286204,0.019026130001293495
328,1.2651150226593018,12.241527557373047,0.6178631782531738,0.5399391651153564,1.0329384803771973,0.5296381711959839,0.9168591499328613,0.9622786641120911,0.68248450756073,0.006921288993908092,0.0186809639853891
329,1.2651137113571167,12.2471923828125,0.6178740859031677,0.5399417877197266,1.032938838005066,0.5296381711959839,0.9168591499328613,0.9622786641120911,0.6824843883514404,0.006966340995859355,0.01903301599668339
330,1.2651124000549316,12.25285816192627,0.6178848743438721,0.5399444699287415,1.0329393148422241,0.5296381711959839,0.9168591499328613,0.9622786641120911,0.6824842095375061,0.007013802998699248,0.018887756014009938
331,1.2651112079620361,12.258524894714355,0.6178954839706421,0.5399470925331116,1.0329400300979614,0.5296381711959839,0.9168591499328613,0.9622786641120911,0.6824841499328613,0.0072125270089600235,0.019147904007695615
332,1.2651100158691406,12.264191627502441,0.6179060935974121,0.5399497747421265,1.0329405069351196,0.5296381711959839,0.9168591499328613,0.9622786641120911,0.6824840903282166,0.0069131159980315715,0.018667308002477512
333,1.265108346939087,12.269859313964844,0.6179166436195374,0.5399523377418518,1.0329409837722778,0.5296381711959839,0.9168591499328613,0.9622786641120911,0.682483971118927,0.006922925007529557,0.01895086100557819
334,1.2651067972183228,12.275527000427246,0.6179269552230835,0.5399548411369324,1.032941460609436,0.5288683772087097,0.9168591499328613,0.9622786641120911,0.6824839115142822,0.0067830100015271455,0.01845151200541295
335,1.2651054859161377,12.281195640563965,0.6179372072219849,0.5399575233459473,1.032942295074463,0.5288683772087097,0.9168591499328613,0.9622786641120911,0.682483971118927,0.006753044988727197,0.01857781401486136
336,1.2651042938232422,12.286864280700684,0.617947518825531,0.5399601459503174,1.032942771911621,0.5288683772087097,0.9168591499328613,0.9622786641120911,0.6824839115142822,0.0068858800223097205,0.01891467801760882
337,1.2651028633117676,12.292533874511719,0.6179579496383667,0.5399628281593323,1.0329433679580688,0.5288683772087097,0.9168591499328613,0.9622786641120911,0.682483971118927,0.006686804990749806,0.018523790000472218
338,1.2651017904281616,12.298205375671387,0.6179684400558472,0.5399653315544128,1.0329439640045166,0.5288683772087097,0.9168591499328613,0.9622786641120911,0.682483971118927,0.007115725020412356,0.019211202015867457
339,1.2651002407073975,12.303876876831055,0.617979109287262,0.539967954158783,1.032944679260254,0.5288683772087097,0.9168591499328613,0.9622786641120911,0.682483971118927,0.006907789997057989,0.018716749007580802
340,1.2650991678237915,12.309548377990723,0.6179899573326111,0.5399703979492188,1.0329453945159912,0.5288683772087097,0.9168591499328613,0.9622786641120911,0.682483971118927,0.007222860003821552,0.019278870982816443
341,1.265097737312317,12.315220832824707,0.618000864982605,0.5399730205535889,1.032945990562439,0.5288683772087097,0.9168591499328613,0.9622786641120911,0.6824840307235718,0.007053419016301632,0.019360178004717454
342,1.2650964260101318,12.320894241333008,0.6180116534233093,0.5399755835533142,1.0329468250274658,0.5288683772087097,0.9168591499328613,0.9622786641120911,0.6824842095375061,0.007281193014932796,0.01920481401612051
343,1.2650951147079468,12.326569557189941,0.6180222630500793,0.53997802734375,1.0329475402832031,0.5288683772087097,0.9168591499328613,0.9622786641120911,0.6824842691421509,0.006632497010286897,0.01841875701211393
344,1.2650938034057617,12.332244873046875,0.6180327534675598,0.5399805903434753,1.0329482555389404,0.5296381711959839,0.9168591499328613,0.9622786641120911,0.6824843883514404,0.006925240013515577,0.018963606999022886
345,1.2650926113128662,12.337922096252441,0.6180430054664612,0.5399832129478455,1.0329489707946777,0.5296381711959839,0.9168591499328613,0.9622786641120911,0.6824845671653748,0.006860888010123745,0.018843010009732097
346,1.2650909423828125,12.343599319458008,0.6180529594421387,0.5399856567382812,1.032949447631836,0.5296381711959839,0.9168591499328613,0.9622786641120911,0.6824845671653748,0.007056383008603007,0.018955423001898453
347,1.265089988708496,12.349279403686523,0.6180630922317505,0.5399881601333618,1.0329504013061523,0.5296381711959839,0.9168591499328613,0.9622786641120911,0.6824847459793091,0.007066667021717876,0.019325989997014403
348,1.2650885581970215,12.354959487915039,0.6180732846260071,0.5399906635284424,1.0329512357711792,0.5296381711959839,0.9168591499328613,0.9622786641120911,0.6824848651885986,0.006973620998905972,0.019350588001543656
349,1.265087604522705,12.360641479492188,0.6180837154388428,0.5399932265281677,1.032952070236206,0.5296381711959839,0.9168591499328613,0.9622786641120911,0.6824851036071777,0.0070694479800295085,0.019406879000598565
350,1.2650861740112305,12.366323471069336,0.6180941462516785,0.5399956703186035,1.0329527854919434,0.5296381711959839,0.9168591499328613,0.9622786641120911,0.6824852824211121,0.007030961016425863,0.01922954700421542
351,1.2650847434997559,12.372007369995117,0.6181047558784485,0.5399981141090393,1.0329537391662598,0.5296381711959839,0.9168591499328613,0.9622786641120911,0.6824854612350464,0.007232736999867484,0.019665834988700226
352,1.265083909034729,12.377691268920898,0.6181154847145081,0.5400006175041199,1.0329546928405762,0.5296381711959839,0.9168591499328613,0.9622786641120911,0.6824856996536255,0.006849708006484434,0.01866399502614513
353,1.2650824785232544,12.383378028869629,0.6181262731552124,0.5400031208992004,1.0329554080963135,0.5296381711959839,0.9168591499328613,0.9622786641120911,0.6824859380722046,0.006857941014459357,0.01887141601764597
354,1.2650810480117798,12.389066696166992,0.6181367039680481,0.5400054454803467,1.0329561233520508,0.5296381711959839,0.9168591499328613,0.9622786641120911,0.6824859976768494,0.007044950005365536,0.01883863500552252
355,1.2650798559188843,12.394755363464355,0.618147075176239,0.5400079488754272,1.0329573154449463,0.5296381711959839,0.9168591499328613,0.9622786641120911,0.6824864149093628,0.006863023998448625,0.01859777100617066
356,1.2650785446166992,12.400446891784668,0.6181570887565613,0.540010392665863,1.032957911491394,0.5296381711959839,0.9168591499328613,0.9622786641120911,0.6824865937232971,0.0071422659966629,0.018962634989293292
357,1.2650773525238037,12.40613842010498,0.6181669235229492,0.5400128960609436,1.032958984375,0.5288683772087097,0.9168591499328613,0.9622786641120911,0.6824869513511658,0.006939262995729223,0.018823413993231952
358,1.2650762796401978,12.411831855773926,0.6181768178939819,0.5400152206420898,1.0329596996307373,0.5280985236167908,0.9168591499328613,0.9622786641120911,0.6824870705604553,0.00686476900591515,0.018640263995621353
359,1.2650752067565918,12.417526245117188,0.6181869506835938,0.5400176644325256,1.0329606533050537,0.5280985236167908,0.9168591499328613,0.9622786641120911,0.6824874877929688,0.006658447993686423,0.0185798549791798
360,1.2650736570358276,12.423222541809082,0.6181971430778503,0.5400201082229614,1.0329616069793701,0.5288683772087097,0.9168591499328613,0.9622786641120911,0.6824877858161926,0.006735056987963617,0.018385614996077493
361,1.2650728225708008,12.42892074584961,0.618207573890686,0.5400225520133972,1.0329625606536865,0.5288683772087097,0.9168591499328613,0.9622786641120911,0.6824880838394165,0.006940179009689018,0.018653840001206845
362,1.2650712728500366,12.434619903564453,0.6182178258895874,0.5400249361991882,1.032963514328003,0.5288683772087097,0.9168591499328613,0.9622786641120911,0.6824883818626404,0.007001341000432149,0.01871994900284335
363,1.2650701999664307,12.440320014953613,0.6182281374931335,0.5400273203849792,1.0329644680023193,0.5288683772087097,0.9168591499328613,0.9622786641120911,0.6824886798858643,0.0067935489933006465,0.018747683003311977
364,1.265068769454956,12.446022987365723,0.6182383298873901,0.5400297045707703,1.0329655408859253,0.5288683772087097,0.9168591499328613,0.9622786641120911,0.6824890375137329,0.006919639999978244,0.01888132598833181
365,1.2650678157806396,12.451726913452148,0.6182484030723572,0.540032148361206,1.0329664945602417,0.5288683772087097,0.9168591499328613,0.9622786641120911,0.6824894547462463,0.006937191996257752,0.018881570984376594
366,1.2650667428970337,12.457432746887207,0.6182584762573242,0.5400343537330627,1.032967448234558,0.5288683772087097,0.9168591499328613,0.9622786641120911,0.6824897527694702,0.007021180004812777,0.01889066500007175
367,1.265065312385559,12.463140487670898,0.6182684898376465,0.5400367379188538,1.032968282699585,0.5288683772087097,0.9168591499328613,0.9622786641120911,0.6824900507926941,0.0067268529965076596,0.018577946990262717
368,1.2650643587112427,12.468849182128906,0.6182785034179688,0.5400390625,1.032969355583191,0.5288683772087097,0.9168591499328613,0.9622786641120911,0.6824905276298523,0.006926048983586952,0.018830552988220006
369,1.2650630474090576,12.474560737609863,0.6182886958122253,0.5400413870811462,1.032970666885376,0.5288683772087097,0.9168591499328613,0.9622786641120911,0.6824910044670105,0.006862510024802759,0.01889264801866375
370,1.265061616897583,12.48027229309082,0.6182985901832581,0.5400437116622925,1.0329713821411133,0.5288683772087097,0.9168591499328613,0.9622786641120911,0.6824913024902344,0.006940831983229145,0.01870163599960506
371,1.2650609016418457,12.485986709594727,0.6183087229728699,0.5400460362434387,1.0329725742340088,0.5288683772087097,0.9168591499328613,0.9622786641120911,0.6824917793273926,0.007193248980911449,0.019141386001138017
372,1.265059471130371,12.491703033447266,0.6183187961578369,0.540048360824585,1.0329736471176147,0.5280985236167908,0.9168591499328613,0.9622786641120911,0.682492196559906,0.007623897981829941,0.019705999991856515
373,1.2650585174560547,12.497420310974121,0.6183288097381592,0.5400506258010864,1.0329746007919312,0.5280985236167908,0.9168591499328613,0.9622786641120911,0.6824925541877747,0.007045306992949918,0.018944411975098774
374,1.2650574445724487,12.50313949584961,0.618338942527771,0.5400529503822327,1.0329757928848267,0.5280985236167908,0.9168591499328613,0.9622786641120911,0.6824930906295776,0.006969696987653151,0.018812141992384568
375,1.2650562524795532,12.50886058807373,0.6183489561080933,0.5400553345680237,1.0329769849777222,0.5280985236167908,0.9168591499328613,0.9622786641120911,0.6824936866760254,0.006880478991661221,0.018778825004119426
376,1.2650551795959473,12.514583587646484,0.6183590292930603,0.5400575399398804,1.0329779386520386,0.5280985236167908,0.9168591499328613,0.9622786641120911,0.6824939846992493,0.006974137999350205,0.018756083998596296
377,1.2650539875030518,12.520308494567871,0.6183691024780273,0.5400598645210266,1.032979130744934,0.5280985236167908,0.9168591499328613,0.9622786641120911,0.6824945211410522,0.006789010018110275,0.018733981996774673
378,1.2650530338287354,12.52603530883789,0.6183791160583496,0.5400621294975281,1.03298020362854,0.5288683772087097,0.9168591499328613,0.9622786641120911,0.6824949979782104,0.007047136983601376,0.01884847498149611
379,1.2650519609451294,12.53176498413086,0.6183892488479614,0.54006427526474,1.0329813957214355,0.5288683772087097,0.9168591499328613,0.9622786641120911,0.6824955344200134,0.006813413987401873,0.018794128991430625
380,1.2650506496429443,12.537496566772461,0.6183992028236389,0.5400664806365967,1.0329824686050415,0.5288683772087097,0.9168591499328613,0.9622786641120911,0.6824959516525269,0.006801615993026644,0.018826704006642103
381,1.265049695968628,12.543229103088379,0.6184090971946716,0.5400688052177429,1.0329835414886475,0.5288683772087097,0.9168591499328613,0.9622786641120911,0.6824964880943298,0.006923447013832629,0.0187924999918323
382,1.2650482654571533,12.548964500427246,0.61841881275177,0.5400711297988892,1.032984733581543,0.5288683772087097,0.9168591499328613,0.9622786641120911,0.6824970245361328,0.007114206993719563,0.0195370799920056
383,1.2650468349456787,12.554701805114746,0.618428111076355,0.5400732159614563,1.0329856872558594,0.5288683772087097,0.9168591499328613,0.9622786641120911,0.6824975609779358,0.007232350995764136,0.01969250402180478
384,1.2650461196899414,12.560441017150879,0.6184374690055847,0.5400755405426025,1.0329869985580444,0.5288683772087097,0.9168591499328613,0.9622786641120911,0.682498037815094,0.007158411986893043,0.01975642199977301
385,1.265045166015625,12.566183090209961,0.6184471845626831,0.540077805519104,1.03298819065094,0.5288683772087097,0.9168591499328613,0.9622786641120911,0.6824986934661865,0.0071715349913574755,0.01935825197142549
386,1.2650436162948608,12.571925163269043,0.6184568405151367,0.5400799512863159,1.032989263534546,0.5288683772087097,0.9168591499328613,0.9622786641120911,0.6824991703033447,0.007334839989198372,0.02011353799025528
387,1.2650423049926758,12.57767105102539,0.6184664368629456,0.5400822758674622,1.0329906940460205,0.5288683772087097,0.9168591499328613,0.9622786641120911,0.6824999451637268,0.007058137998683378,0.019134755013510585
388,1.2650411128997803,12.583418846130371,0.6184759140014648,0.5400843620300293,1.032991647720337,0.5288683772087097,0.9168591499328613,0.9622786641120911,0.6825003623962402,0.006902043998707086,0.018922271992778406
389,1.2650408744812012,12.589167594909668,0.6184860467910767,0.540086567401886,1.032992959022522,0.5288683772087097,0.9168591499328613,0.9622786641120911,0.6825010180473328,0.007269544992595911,0.019627683999715373
390,1.2650396823883057,12.594919204711914,0.6184965372085571,0.5400887727737427,1.032994270324707,0.5288683772087097,0.9168591499328613,0.9622786641120911,0.6825015544891357,0.007079737988533452,0.019576453982153907
391,1.2650383710861206,12.600672721862793,0.6185069680213928,0.5400909185409546,1.032995581626892,0.5288683772087097,0.9168591499328613,0.9622786641120911,0.6825022101402283,0.00702198501676321,0.01921963700442575
392,1.265037178993225,12.606428146362305,0.618517279624939,0.5400930643081665,1.0329967737197876,0.5288683772087097,0.9168591499328613,0.9622786641120911,0.6825027465820312,0.0069304200005717576,0.018770601018331945
393,1.2650365829467773,12.61218547821045,0.6185274124145508,0.5400952696800232,1.0329980850219727,0.5288683772087097,0.9168591499328613,0.9622786641120911,0.6825034022331238,0.006841586990049109,0.018541345983976498
394,1.2650351524353027,12.617945671081543,0.6185372471809387,0.5400973558425903,1.0329992771148682,0.5288683772087097,0.9168591499328613,0.9622786641120911,0.6825039982795715,0.007009674009168521,0.01915048301452771
395,1.2650338411331177,12.623708724975586,0.6185465455055237,0.5400996208190918,1.0330004692077637,0.5288683772087097,0.9168591499328613,0.9622786641120911,0.6825046539306641,0.0067867029865738004,0.018894503999035805
396,1.2650331258773804,12.629473686218262,0.6185556650161743,0.5401017665863037,1.0330017805099487,0.5288683772087097,0.9168591499328613,0.9622786641120911,0.6825053691864014,0.006972589995712042,0.018723956018220633
397,1.265032172203064,12.635241508483887,0.6185649633407593,0.5401039719581604,1.0330030918121338,0.5288683772087097,0.9168591499328613,0.9622786641120911,0.6825059652328491,0.0068895760050509125,0.018736786005320027
398,1.2650312185287476,12.641010284423828,0.6185744404792786,0.540106475353241,1.0330044031143188,0.5288683772087097,0.9168591499328613,0.9622786641120911,0.6825066804885864,0.006941914005437866,0.0186967299960088
399,1.2650299072265625,12.646780967712402,0.6185840964317322,0.540108859539032,1.0330055952072144,0.5288683772087097,0.9168591499328613,0.9622786641120911,0.682507336139679,0.007012981019215658,0.01881703600520268
400,1.265028715133667,12.652554512023926,0.618593692779541,0.5401113033294678,1.033007025718689,0.5288683772087097,0.9168591499328613,0.9622786641120911,0.682508111000061,0.0071504600055050105,0.019328138994751498
401,1.2650279998779297,12.658330917358398,0.6186036467552185,0.5401135087013245,1.0330079793930054,0.5288683772087097,0.9168591499328613,0.9622786641120911,0.6825085282325745,0.006851095997262746,0.018827948020771146
402,1.265026569366455,12.664108276367188,0.6186134219169617,0.5401160717010498,1.0330095291137695,0.5288683772087097,0.9168591499328613,0.9622786641120911,0.6825094223022461,0.00686851202044636,0.019089043023996055
403,1.2650253772735596,12.66988754272461,0.6186230182647705,0.5401184558868408,1.0330108404159546,0.5288683772087097,0.9168591499328613,0.9622786641120911,0.6825100779533386,0.0069064660056028515,0.018677590996958315
404,1.2650244235992432,12.67566967010498,0.6186325550079346,0.5401207208633423,1.0330121517181396,0.5288683772087097,0.9168591499328613,0.9622786641120911,0.6825107932090759,0.0069009010039735585,0.01868700498016551
405,1.2650235891342163,12.681455612182617,0.6186420917510986,0.5401230454444885,1.0330135822296143,0.5288683772087097,0.9168591499328613,0.9622786641120911,0.682511568069458,0.0068319620040711015,0.01867391201085411
406,1.2650226354599,12.687241554260254,0.6186516880989075,0.5401256084442139,1.0330150127410889,0.5288683772087097,0.9168591499328613,0.9622786641120911,0.6825124025344849,0.00683918601134792,0.01877819001674652
407,1.2650213241577148,12.693031311035156,0.6186611652374268,0.5401277542114258,1.0330162048339844,0.5288683772087097,0.9168591499328613,0.9622786641120911,0.6825129985809326,0.00671032301033847,0.01873241300927475
408,1.265020489692688,12.698822975158691,0.6186707019805908,0.5401301383972168,1.033017635345459,0.5288683772087097,0.9168591499328613,0.9622786641120911,0.6825137138366699,0.006868980010040104,0.018914531014161184
409,1.265019178390503,12.70461654663086,0.6186800599098206,0.540132462978363,1.033018946647644,0.5288683772087097,0.9168591499328613,0.9622786641120911,0.682514488697052,0.007118944020476192,0.019057154015172273
410,1.265018343925476,12.710412979125977,0.6186894178390503,0.540134847164154,1.0330204963684082,0.5288683772087097,0.9168591499328613,0.9622786641120911,0.6825153231620789,0.006797565001761541,0.018822330981492996
411,1.2650175094604492,12.716211318969727,0.6186988949775696,0.5401370525360107,1.0330218076705933,0.5288683772087097,0.9168591499328613,0.9622786641120911,0.6825159788131714,0.0072138670075219125,0.01913549701566808
412,1.2650164365768433,12.722012519836426,0.6187086701393127,0.5401394367218018,1.0330231189727783,0.5288683772087097,0.9168591499328613,0.9622786641120911,0.6825167536735535,0.006839180015958846,0.01897107600234449
413,1.2650154829025269,12.727815628051758,0.6187184453010559,0.540141761302948,1.033024549484253,0.5288683772087097,0.9168591499328613,0.9622786641120911,0.6825175881385803,0.00688891502795741,0.01874028501333669
414,1.265014410018921,12.733621597290039,0.6187282204627991,0.540144145488739,1.033026099205017,0.5280985236167908,0.9168591499328613,0.9622786641120911,0.6825183629989624,0.006964523025089875,0.018873890017857775
415,1.2650132179260254,12.73943042755127,0.6187377572059631,0.5401464700698853,1.0330274105072021,0.5280985236167908,0.9168591499328613,0.9622786641120911,0.6825191974639893,0.006876447005197406,0.019022147986106575
416,1.265012264251709,12.74524211883545,0.6187469959259033,0.5401487350463867,1.0330288410186768,0.5280985236167908,0.9168591499328613,0.9622786641120911,0.6825200319290161,0.007214621000457555,0.019421400007558987
417,1.265011191368103,12.751055717468262,0.6187560558319092,0.5401510000228882,1.0330302715301514,0.5280985236167908,0.9168591499328613,0.9622786641120911,0.6825207471847534,0.006617796985665336,0.018469720002030954
418,1.265010118484497,12.756871223449707,0.6187648773193359,0.5401532649993896,1.0330315828323364,0.5280985236167908,0.9168591499328613,0.9622786641120911,0.682521641254425,0.0071083499933592975,0.0191092939930968
419,1.2650090456008911,12.762690544128418,0.6187737584114075,0.5401554703712463,1.0330328941345215,0.5280985236167908,0.9168591499328613,0.9622786641120911,0.6825223565101624,0.006929827010026202,0.018733239005086944
420,1.2650078535079956,12.768511772155762,0.618782639503479,0.5401578545570374,1.033034324645996,0.5280985236167908,0.9168591499328613,0.9622786641120911,0.6825233101844788,0.006708593020448461,0.01846227701753378
421,1.2650072574615479,12.774336814880371,0.6187918186187744,0.5401600003242493,1.0330356359481812,0.5280985236167908,0.9168591499328613,0.9622786641120911,0.6825239658355713,0.0068764260213356465,0.018779738020384684
422,1.265006184577942,12.780162811279297,0.6188014149665833,0.5401623249053955,1.0330373048782349,0.5280985236167908,0.9168591499328613,0.9622786641120911,0.6825248599052429,0.006904382025822997,0.01862899900879711
423,1.2650052309036255,12.785992622375488,0.6188111901283264,0.5401646494865417,1.033038854598999,0.5280985236167908,0.9168591499328613,0.96304851770401,0.6825258731842041,0.006926995993126184,0.01896576999570243
424,1.2650041580200195,12.791824340820312,0.6188210248947144,0.5401667356491089,1.0330402851104736,0.5280985236167908,0.9168591499328613,0.96304851770401,0.6825265884399414,0.0068747779878322035,0.018551499000750482
425,1.2650032043457031,12.797658920288086,0.6188308000564575,0.5401690602302551,1.0330417156219482,0.5280985236167908,0.9168591499328613,0.96304851770401,0.6825274229049683,0.006838828005129471,0.018911024992121384
426,1.2650021314620972,12.803495407104492,0.6188403964042664,0.5401712656021118,1.033043384552002,0.5280985236167908,0.9168591499328613,0.96304851770401,0.6825284957885742,0.0069119950057938695,0.018839500000467524
427,1.2650012969970703,12.809335708618164,0.6188498139381409,0.5401734709739685,1.0330445766448975,0.5280985236167908,0.9168591499328613,0.96304851770401,0.6825291514396667,0.006929374998435378,0.01858418300980702
428,1.265000343322754,12.815178871154785,0.6188589930534363,0.5401756167411804,1.0330462455749512,0.5280985236167908,0.9168591499328613,0.96304851770401,0.6825300455093384,0.006944607011973858,0.019013323006220162
429,1.2649991512298584,12.821023941040039,0.6188679933547974,0.5401778817176819,1.0330477952957153,0.5280985236167908,0.9168591499328613,0.96304851770401,0.6825309991836548,0.006868139986181632,0.01881615401362069
430,1.2649983167648315,12.826872825622559,0.6188768148422241,0.5401800870895386,1.0330493450164795,0.5280985236167908,0.9168591499328613,0.96304851770401,0.6825319528579712,0.006835965003119782,0.01863232601317577
431,1.2649972438812256,12.832722663879395,0.6188856363296509,0.54018235206604,1.0330506563186646,0.5280985236167908,0.9168591499328613,0.96304851770401,0.682532787322998,0.006788879982195795,0.018626914999913424
432,1.2649962902069092,12.838576316833496,0.6188945174217224,0.5401843190193176,1.0330519676208496,0.5280985236167908,0.9168591499328613,0.96304851770401,0.6825336217880249,0.006867991993203759,0.018949371005874127
433,1.2649953365325928,12.844432830810547,0.618903636932373,0.5401865839958191,1.0330536365509033,0.5280985236167908,0.9168591499328613,0.96304851770401,0.6825345754623413,0.006959390011616051,0.018771275994367898
434,1.264994502067566,12.85029125213623,0.6189131736755371,0.5401887893676758,1.0330551862716675,0.5280985236167908,0.9168591499328613,0.96304851770401,0.6825354695320129,0.006937445985386148,0.01893795598880388
435,1.2649935483932495,12.856152534484863,0.618922770023346,0.5401908159255981,1.033056616783142,0.5280985236167908,0.9168591499328613,0.96304851770401,0.6825363039970398,0.007034590991679579,0.0189416219945997
436,1.264992594718933,12.862016677856445,0.6189323663711548,0.5401930809020996,1.0330582857131958,0.5280985236167908,0.9168591499328613,0.96304851770401,0.6825373768806458,0.007035830989480019,0.019192829000530764
437,1.2649914026260376,12.867884635925293,0.6189418435096741,0.5401952266693115,1.0330597162246704,0.5280985236167908,0.9168591499328613,0.96304851770401,0.6825382709503174,0.006825430988101289,0.018745206005405635
438,1.2649904489517212,12.873754501342773,0.6189509034156799,0.5401973724365234,1.0330613851547241,0.5280985236167908,0.9168591499328613,0.96304851770401,0.682539165019989,0.006923060980625451,0.018978582986164838
439,1.2649897336959839,12.879627227783203,0.618959903717041,0.5401995182037354,1.0330630540847778,0.5288683772087097,0.9168591499328613,0.96304851770401,0.682540237903595,0.006842166010756046,0.018407800002023578
440,1.2649887800216675,12.885502815246582,0.6189689040184021,0.5402016043663025,1.0330644845962524,0.5288683772087097,0.9168591499328613,0.96304851770401,0.6825410723686218,0.006626763002714142,0.01842048001708463
441,1.2649877071380615,12.89138126373291,0.6189780235290527,0.5402036905288696,1.033065915107727,0.5288683772087097,0.9168591499328613,0.96304851770401,0.6825419664382935,0.0068051260022912174,0.018597882008180022
442,1.2649873495101929,12.897262573242188,0.6189873814582825,0.5402058959007263,1.0330675840377808,0.5288683772087097,0.9168591499328613,0.96304851770401,0.6825429797172546,0.007000576006248593,0.01902457300457172
443,1.2649857997894287,12.903146743774414,0.6189966797828674,0.540208101272583,1.0330692529678345,0.5288683772087097,0.9168591499328613,0.96304851770401,0.6825441122055054,0.006958151003345847,0.01909433800028637
444,1.2649853229522705,12.90903377532959,0.6190059781074524,0.5402100682258606,1.0330709218978882,0.5288683772087097,0.9168591499328613,0.96304851770401,0.682545006275177,0.006810569000663236,0.01864645301247947
445,1.264984369277954,12.914923667907715,0.6190153956413269,0.5402122735977173,1.0330724716186523,0.5288683772087097,0.9168591499328613,0.96304851770401,0.6825459599494934,0.007072422013152391,0.019293626013677567
446,1.2649835348129272,12.920817375183105,0.6190248131752014,0.5402143001556396,1.0330740213394165,0.5288683772087097,0.9168591499328613,0.96304851770401,0.6825469136238098,0.006608011026401073,0.018286111007910222
447,1.2649823427200317,12.926712989807129,0.6190340518951416,0.5402162671089172,1.0330754518508911,0.5288683772087097,0.9168591499328613,0.96304851770401,0.682547926902771,0.007387868012301624,0.019642978004412726
448,1.2649810314178467,12.932611465454102,0.6190427541732788,0.5402185320854187,1.0330771207809448,0.5288683772087097,0.9168591499328613,0.96304851770401,0.6825488805770874,0.006905397982336581,0.018794948002323508
449,1.264980673789978,12.938514709472656,0.619051456451416,0.5402205586433411,1.0330787897109985,0.5288683772087097,0.9168591499328613,0.96304851770401,0.6825499534606934,0.006917835999047384,0.018833728012396023
450,1.2649799585342407,12.944418907165527,0.6190603971481323,0.5402226448059082,1.0330803394317627,0.5288683772087097,0.9168591499328613,0.96304851770401,0.6825509071350098,0.006781603995477781,0.018580891977762803
451,1.2649787664413452,12.950325965881348,0.6190693378448486,0.5402246713638306,1.0330818891525269,0.5288683772087097,0.9168591499328613,0.96304851770401,0.682551920413971,0.007141073001548648,0.0190370470227208
452,1.2649778127670288,12.956235885620117,0.6190783977508545,0.5402267575263977,1.033083438873291,0.5288683772087097,0.9168591499328613,0.96304851770401,0.6825528740882874,0.006895417987834662,0.01889640200533904
453,1.2649767398834229,12.962150573730469,0.619087278842926,0.5402289032936096,1.0330852270126343,0.5296381711959839,0.9168591499328613,0.96304851770401,0.6825540065765381,0.0071101759967859834,0.019075868010986596
454,1.2649755477905273,12.968067169189453,0.6190959215164185,0.5402311682701111,1.0330870151519775,0.5296381711959839,0.9168591499328613,0.96304851770401,0.6825551986694336,0.006816490989876911,0.018507642002077773
455,1.2649751901626587,12.97398567199707,0.6191047430038452,0.5402330756187439,1.0330883264541626,0.5296381711959839,0.9168591499328613,0.96304851770401,0.6825560927391052,0.006855226994957775,0.01872209200519137
456,1.2649739980697632,12.97990894317627,0.6191136240959167,0.540235161781311,1.0330901145935059,0.5296381711959839,0.9168591499328613,0.96304851770401,0.6825571656227112,0.006714585004374385,0.018458271981216967
457,1.2649734020233154,12.985834121704102,0.6191228032112122,0.5402371883392334,1.03309166431427,0.5296381711959839,0.9168591499328613,0.96304851770401,0.6825581192970276,0.0069807510008104146,0.01861122701666318
458,1.264972448348999,12.9917631149292,0.6191321611404419,0.5402392148971558,1.0330932140350342,0.5296381711959839,0.9168591499328613,0.96304851770401,0.6825591325759888,0.006957965000765398,0.018697527004405856
459,1.2649714946746826,12.99769401550293,0.6191415786743164,0.5402414202690125,1.0330950021743774,0.5296381711959839,0.9168591499328613,0.96304851770401,0.6825602650642395,0.006742004014085978,0.018548473017290235
460,1.2649701833724976,13.003628730773926,0.6191505193710327,0.54024338722229,1.0330967903137207,0.5296381711959839,0.9168591499328613,0.96304851770401,0.6825612783432007,0.006739371980074793,0.018741434992989525
461,1.2649691104888916,13.009566307067871,0.619158923625946,0.5402454137802124,1.0330983400344849,0.5296381711959839,0.9168591499328613,0.96304851770401,0.6825622916221619,0.0067731409799307585,0.018643975985469297
462,1.2649683952331543,13.015507698059082,0.6191673278808594,0.5402475595474243,1.0330997705459595,0.5296381711959839,0.9168591499328613,0.96304851770401,0.6825633645057678,0.006959230988286436,0.019072220980888233
463,1.264967679977417,13.021450996398926,0.619175910949707,0.5402495861053467,1.0331014394760132,0.5296381711959839,0.9168591499328613,0.96304851770401,0.6825644373893738,0.006890869990456849,0.01901562698185444
464,1.2649672031402588,13.027399063110352,0.6191849112510681,0.540251612663269,1.0331032276153564,0.5296381711959839,0.9168591499328613,0.96304851770401,0.6825655698776245,0.006864854978630319,0.02011175698135048
465,1.2649657726287842,13.033350944519043,0.6191941499710083,0.5402535796165466,1.0331048965454102,0.5296381711959839,0.9168591499328613,0.96304851770401,0.6825666427612305,0.00730163199477829,0.019622003979748115
466,1.264965295791626,13.03930377960205,0.6192036271095276,0.540255606174469,1.0331065654754639,0.5296381711959839,0.9168591499328613,0.96304851770401,0.6825677156448364,0.006863838993012905,0.018732754979282618
467,1.2649643421173096,13.04526138305664,0.6192131638526917,0.5402577519416809,1.0331084728240967,0.5296381711959839,0.9168591499328613,0.96304851770401,0.6825687885284424,0.006756440008757636,0.018813064001733437
468,1.2649633884429932,13.051220893859863,0.6192224621772766,0.5402596592903137,1.0331101417541504,0.5296381711959839,0.9168591499328613,0.96304851770401,0.6825699806213379,0.0068863579945173115,0.018764989014016464
469,1.2649624347686768,13.057184219360352,0.6192314624786377,0.5402618050575256,1.0331119298934937,0.5296381711959839,0.9168591499328613,0.96304851770401,0.6825709939002991,0.006776593014365062,0.01840057401568629
470,1.26496160030365,13.063151359558105,0.6192400455474854,0.5402636528015137,1.0331133604049683,0.5296381711959839,0.9168591499328613,0.96304851770401,0.682572066783905,0.006684626016067341,0.018548348016338423
471,1.2649608850479126,13.069121360778809,0.6192485094070435,0.5402656197547913,1.0331149101257324,0.5296381711959839,0.9168591499328613,0.96304851770401,0.6825730800628662,0.006743036006810144,0.01873445900855586
472,1.264959692955017,13.075096130371094,0.6192566752433777,0.5402677059173584,1.0331168174743652,0.5296381711959839,0.9176289439201355,0.96304851770401,0.6825743317604065,0.006925199006218463,0.018589407001854852
473,1.2649588584899902,13.081072807312012,0.6192649006843567,0.540269672870636,1.033118486404419,0.5296381711959839,0.9176289439201355,0.96304851770401,0.6825754642486572,0.006752020010026172,0.018582421995233744
474,1.264958381652832,13.087052345275879,0.6192735433578491,0.5402715802192688,1.033120036125183,0.5296381711959839,0.9176289439201355,0.96304851770401,0.6825765371322632,0.006798971997341141,0.018708452000282705
475,1.264957070350647,13.093034744262695,0.6192823648452759,0.5402736067771912,1.0331217050552368,0.5296381711959839,0.9176289439201355,0.96304851770401,0.6825776696205139,0.006633198005147278,0.01840059700771235
476,1.2649563550949097,13.099020004272461,0.619291365146637,0.5402756333351135,1.0331236124038696,0.5296381711959839,0.9176289439201355,0.96304851770401,0.6825789213180542,0.006785370991565287,0.018702678993577138
477,1.2649552822113037,13.105009078979492,0.619300365447998,0.5402775406837463,1.0331252813339233,0.5296381711959839,0.9176289439201355,0.96304851770401,0.6825799942016602,0.007232744974317029,0.019226735981646925
478,1.2649545669555664,13.111002922058105,0.6193093657493591,0.5402794480323792,1.033126950263977,0.5296381711959839,0.9176289439201355,0.96304851770401,0.6825810670852661,0.006901985994772986,0.018969733006088063
479,1.2649539709091187,13.116997718811035,0.6193184852600098,0.540281355381012,1.0331287384033203,0.5296381711959839,0.9176289439201355,0.96304851770401,0.6825822591781616,0.00671605599927716,0.018633974017575383
480,1.2649528980255127,13.122997283935547,0.6193274259567261,0.5402834415435791,1.0331305265426636,0.5296381711959839,0.9176289439201355,0.96304851770401,0.6825833916664124,0.007071048981742933,0.01901877298951149
481,1.2649519443511963,13.128999710083008,0.6193363070487976,0.5402852892875671,1.0331323146820068,0.5296381711959839,0.9176289439201355,0.96304851770401,0.6825846433639526,0.0069197299890220165,0.01916682900628075
482,1.2649507522583008,13.13500690460205,0.6193445324897766,0.5402872562408447,1.033133864402771,0.5296381711959839,0.9176289439201355,0.96304851770401,0.6825857162475586,0.006978894991334528,0.018863334000343457
483,1.2649502754211426,13.141016006469727,0.6193527579307556,0.5402892827987671,1.0331356525421143,0.5296381711959839,0.9176289439201355,0.96304851770401,0.6825869083404541,0.0073609039827715605,0.019706292980117723
484,1.2649495601654053,13.147028923034668,0.6193611025810242,0.5402911305427551,1.033137321472168,0.5296381711959839,0.9176289439201355,0.96304851770401,0.6825880408287048,0.006919900013599545,0.01890663299127482
485,1.2649486064910889,13.153046607971191,0.619369626045227,0.5402930974960327,1.0331391096115112,0.5296381711959839,0.9176289439201355,0.96304851770401,0.6825892329216003,0.0071192620089277625,0.019143659010296687
486,1.2649476528167725,13.159066200256348,0.6193782687187195,0.5402950644493103,1.033141016960144,0.5296381711959839,0.9176289439201355,0.96304851770401,0.6825904846191406,0.006916975020430982,0.01877015401259996
487,1.2649470567703247,13.16508960723877,0.6193872690200806,0.5402968525886536,1.0331425666809082,0.5296381711959839,0.9176289439201355,0.96304851770401,0.6825915575027466,0.006983127008425072,0.019311355019453913
488,1.2649461030960083,13.17111587524414,0.6193963885307312,0.5402989983558655,1.033144474029541,0.5296381711959839,0.9176289439201355,0.96304851770401,0.6825928688049316,0.007053965993691236,0.01903027098160237
489,1.2649450302124023,13.177146911621094,0.6194053888320923,0.540300726890564,1.0331461429595947,0.5296381711959839,0.9176289439201355,0.96304851770401,0.6825940012931824,0.006973606010433286,0.018710468022618443
490,1.2649445533752441,13.18317985534668,0.6194144487380981,0.5403026342391968,1.033147931098938,0.5296381711959839,0.9176289439201355,0.96304851770401,0.6825950741767883,0.006766120990505442,0.01909295201767236
491,1.2649434804916382,13.189218521118164,0.6194232106208801,0.5403046011924744,1.0331499576568604,0.5296381711959839,0.9176289439201355,0.96304851770401,0.6825963854789734,0.007046201004413888,0.018945546995382756
492,1.2649427652359009,13.195259094238281,0.6194318532943726,0.5403063893318176,1.0331515073776245,0.5296381711959839,0.9176289439201355,0.96304851770401,0.6825975179672241,0.006652159005170688,0.018398679996607825
493,1.2649414539337158,13.201303482055664,0.6194398999214172,0.5403082966804504,1.0331532955169678,0.5296381711959839,0.9176289439201355,0.96304851770401,0.6825987696647644,0.006761691998690367,0.018678885011468083
494,1.2649412155151367,13.207351684570312,0.6194480657577515,0.5403100848197937,1.0331549644470215,0.5296381711959839,0.9176289439201355,0.96304851770401,0.6825999021530151,0.007018356991466135,0.019225455005653203
495,1.2649400234222412,13.21340274810791,0.6194560527801514,0.5403121113777161,1.0331567525863647,0.5296381711959839,0.9176289439201355,0.96304851770401,0.6826012134552002,0.007043659017654136,0.019020961015485227
496,1.2649390697479248,13.219457626342773,0.619464099407196,0.5403138995170593,1.0331584215164185,0.5296381711959839,0.9176289439201355,0.96304851770401,0.6826022863388062,0.006987629021750763,0.01893103600014001
497,1.2649387121200562,13.225515365600586,0.6194727420806885,0.5403157472610474,1.0331603288650513,0.5296381711959839,0.9176289439201355,0.96304851770401,0.6826035976409912,0.006933605996891856,0.018687506002606824
498,1.2649376392364502,13.231576919555664,0.61948162317276,0.5403176546096802,1.0331621170043945,0.5296381711959839,0.9176289439201355,0.96304851770401,0.6826047897338867,0.006920384999830276,0.01896297899656929
499,1.2649364471435547,13.237642288208008,0.6194904446601868,0.5403195023536682,1.0331637859344482,0.5296381711959839,0.9176289439201355,0.96304851770401,0.6826059818267822,0.006883977010147646,0.01856783402035944
