iteration,loss,lengthscale,outputscale,likelyhood_noise,test_MAE,test_NLL,test_PICP50,test_PICP90,test_PICP95,test_RMSE,it_time_training,it_time
0,1.4248236892364707,2.449879056356508,1,0.3703447246933467,0.6287708567768883,1.2109473030044284,0.6221804618835449,0.9492481350898743,0.9642857313156128,0.8054563036588384,0.27492655254900455,0.3137037632986903
1,1.363644306891292,2.7669423350327875,1,0.14735291720652519,0.6277107134612723,1.2050871208108183,0.490601509809494,0.8815789222717285,0.9473684430122375,0.8142408474620209,0.02697402611374855,0.03947378881275654
2,1.3232977825242667,2.9523881590577834,1,0.12618782421038188,0.6282209676679424,1.2192633746689563,0.4774436056613922,0.8627819418907166,0.932330846786499,0.8090240703755704,0.017390629276633263,0.02924585435539484
3,1.3170749705747442,2.969394161502155,1,0.15004188291558562,0.6266292994649256,1.207001869503555,0.4981203079223633,0.8759398460388184,0.9342105388641357,0.806364264606163,0.01773829758167267,0.02981049194931984
4,1.3124550078822232,3.5207968308379707,1,0.3246304325311533,0.6173848436153287,1.1793588846477876,0.5413534045219421,0.9229323267936707,0.9530075192451477,0.7943910201502021,0.017592488788068295,0.029355124570429325
5,1.299694244692774,3.6512397718769805,1,0.25284498530421645,0.6204575272458346,1.1892185691810826,0.5131579041481018,0.896616518497467,0.9417293071746826,0.7989806072837269,0.01769313868135214,0.02945732418447733
6,1.2885053207062083,4.521305090576379,1,0.23307173818991173,0.6236414678962586,1.2119051744817066,0.47180449962615967,0.8627819418907166,0.9210526347160339,0.8017071588115054,0.01690962165594101,0.028427649289369583
7,1.2749834126243844,5.465054627596728,1,0.2877083049087406,0.6167292750516353,1.1951989527713982,0.4624060094356537,0.8646616339683533,0.9210526347160339,0.7937298561984437,0.01705048233270645,0.02825907990336418
8,1.2653831427830124,8.635224468617258,1,0.5953540183346586,0.5893637582535264,1.1229816803761228,0.5507518649101257,0.9116541147232056,0.9642857313156128,0.7524803677148506,0.017038941383361816,0.028212670236825943
9,1.2529356353834296,8.635240064277774,1,0.46552879925429863,0.5910404774477696,1.1246926784950375,0.5093985199928284,0.8646616339683533,0.9360902309417725,0.7540490526335553,0.017229260876774788,0.028461898677051067
10,1.2384630755717363,10.605632537141005,1,0.49439333265030994,0.5761743325302342,1.1076234280317234,0.4887218177318573,0.8703007698059082,0.9304511547088623,0.7398486502237517,0.017352620139718056,0.028561118058860302
11,1.223918558146898,18.334817831024186,1,0.7288218115213958,0.5672556404058106,1.102459772527785,0.5639097690582275,0.9154135584831238,0.9548872113227844,0.7303267033924833,0.018360234797000885,0.029895462095737457
12,1.2238587276852992,15.856096051934363,1,0.562247898211073,0.5642929982423552,1.0988195491339583,0.49624061584472656,0.8740601539611816,0.932330846786499,0.7299167250082642,0.01578704733401537,0.02511904388666153
13,1.2089483085024928,15.070728577268172,1,0.543927833661036,0.5641281197135254,1.0997829627845566,0.490601509809494,0.8721804618835449,0.9248120188713074,0.7299828365565592,0.014110694639384747,0.023791231215000153
14,1.2083489285069513,14.188379152334432,1,0.5370320587797849,0.5640270044588618,1.0997051780907574,0.49624061584472656,0.8721804618835449,0.9248120188713074,0.7300519477849433,0.014312763698399067,0.023690439760684967
15,1.2076679643371766,13.522987087302186,1,0.5334416677804459,0.5657879687616869,1.1026286196037722,0.5037593841552734,0.8703007698059082,0.9191729426383972,0.7326689802644089,0.01468788180500269,0.02395383920520544
16,1.2048186783540173,14.011545496329408,1,0.5408281883382411,0.5658314685413096,1.1032279538310894,0.4981203079223633,0.8740601539611816,0.9210526347160339,0.7326987963222461,0.014633112587034702,0.024031158536672592
17,1.2032608313765933,14.965729895586987,1,0.5502401300439586,0.5658400433760723,1.1029619187147037,0.4981203079223633,0.8796992301940918,0.9229323267936707,0.7315426198172302,0.014772611670196056,0.024159537628293037
18,1.2017754303587576,15.488153034099746,1,0.5479526743574076,0.5644417852279697,1.098755849717892,0.49248120188713074,0.8815789222717285,0.9210526347160339,0.7280222488676681,0.02793586254119873,0.0371709493920207
19,1.2006984753492114,16.145044183375152,1,0.5448788615607029,0.5642356723825702,1.0987840243661529,0.5018796920776367,0.8778195381164551,0.9191729426383972,0.7274003920921046,0.015094471164047718,0.02414030861109495
20,1.2006337154008477,17.601177108248475,1,0.5418803044422639,0.5650395934008687,1.1029853255426774,0.4887218177318573,0.8740601539611816,0.9191729426383972,0.7287375911193137,0.014625143259763718,0.023673211224377155
21,1.2003050415165677,17.192973300181745,1,0.5449882242640117,0.5648673569340927,1.1020864576768181,0.49248120188713074,0.8759398460388184,0.9210526347160339,0.7288395977623413,0.014588503167033195,0.023478922434151173
22,1.2000990319444667,16.879097832477022,1,0.547124530915983,0.5649507315832456,1.1016520000502814,0.49436089396476746,0.8778195381164551,0.9229323267936707,0.7291140037281246,0.01471005193889141,0.023608621209859848
23,1.1999017615115928,16.786858972909396,1,0.5484176085051404,0.5652942996900069,1.1019541481425876,0.4981203079223633,0.8796992301940918,0.9248120188713074,0.7296127886344612,0.014992181211709976,0.023946300148963928
24,1.1997069299283578,17.009109807578664,1,0.5486356308286715,0.5658087711076418,1.1029831753272492,0.49436089396476746,0.8778195381164551,0.9266917109489441,0.7302371185724791,0.015451867133378983,0.024487926624715328
25,1.1995346871329242,17.537797789980683,1,0.5486975141576678,0.5662904657483522,1.1038838559104662,0.49248120188713074,0.8778195381164551,0.9266917109489441,0.7304415523117344,0.015390649437904358,0.02434268780052662
26,1.1993282027713663,18.52542019305342,1,0.5487622601054084,0.5669059851745754,1.1050770594384858,0.49436089396476746,0.8740601539611816,0.9248120188713074,0.7306134491092664,0.015098330564796925,0.024096389301121235
27,1.1991027121451336,19.198937924324838,1,0.5495259154642799,0.5672794709707266,1.1056680117047035,0.49436089396476746,0.8721804618835449,0.9248120188713074,0.730812795625138,0.015310249291360378,0.02422179840505123
28,1.1990074012695666,20.07089775350451,1,0.5522218210545473,0.5676371126208994,1.1061929101997827,0.5,0.8721804618835449,0.9248120188713074,0.7311773080286786,0.015366429463028908,0.024485627189278603
29,1.1988634776024667,21.10674265705294,1,0.5539948663632723,0.5679207324688339,1.1069644619913372,0.49624061584472656,0.8740601539611816,0.9248120188713074,0.7317985482047787,0.01634287368506193,0.025488631799817085
30,1.1986714886882615,21.585016010153275,1,0.5535053266175102,0.5681499391430236,1.107568027886224,0.49624061584472656,0.8740601539611816,0.9248120188713074,0.7323529995462814,0.015888837166130543,0.024750536307692528
31,1.1984869403418215,21.541485313573894,1,0.5505833247344615,0.568523604857766,1.1082078819380483,0.49248120188713074,0.8759398460388184,0.9229323267936707,0.7330541928652771,0.016067015938460827,0.025166813284158707
32,1.1982578680689453,21.027512772550242,1,0.5484027295065003,0.5683327040539311,1.1080503832402695,0.490601509809494,0.8759398460388184,0.9229323267936707,0.7329966991630819,0.015954957343637943,0.024910845793783665
33,1.1981547473133576,20.46094596493867,1,0.5468414485181977,0.5680097406302718,1.1076238389551458,0.4868420958518982,0.8740601539611816,0.9210526347160339,0.7326235858675938,0.016061434522271156,0.025001133792102337
34,1.1981062547882169,20.420742368484074,1,0.5465273305532912,0.5679641136502221,1.1075878299558022,0.4868420958518982,0.8740601539611816,0.9210526347160339,0.7325660382530146,0.01616637594997883,0.02514480520039797
35,1.1980952862770309,20.5465296496779,1,0.5459681693342358,0.5679230211022418,1.107554255497042,0.4868420958518982,0.8740601539611816,0.9210526347160339,0.732460605262851,0.016487713903188705,0.025547831319272518
36,1.198063833158151,20.990153089716564,1,0.545428263142314,0.5678716567733488,1.1075242962917877,0.4887218177318573,0.8740601539611816,0.9229323267936707,0.7323497307685854,0.016506724059581757,0.025573091581463814
37,1.1980125036014175,22.019617093814777,1,0.5450166236641814,0.5677559820700971,1.1074258157798627,0.4849624037742615,0.8740601539611816,0.9210526347160339,0.7322136314669592,0.016444094479084015,0.02538338303565979
38,1.1979249038500925,23.491842431834417,1,0.5450655869337131,0.5675693074310452,1.1072026478600956,0.4887218177318573,0.8721804618835449,0.9210526347160339,0.7320814438599554,0.01742796879261732,0.02697799541056156
39,1.1978251158696676,24.813681701873872,1,0.5458155470155708,0.5673738193194995,1.1069358944281782,0.490601509809494,0.8721804618835449,0.9210526347160339,0.7319675478894582,0.016781662590801716,0.02579886093735695
40,1.1977538014496476,25.364263146110016,1,0.5465522737807135,0.5672624439103462,1.1066699759058292,0.4887218177318573,0.8721804618835449,0.9229323267936707,0.7318997350678422,0.01680001150816679,0.025869209319353104
41,1.1977238034945186,25.558690441584478,1,0.547103811178815,0.5672071154374803,1.1064799878565292,0.4868420958518982,0.8721804618835449,0.9229323267936707,0.7318556455501529,0.016891383565962315,0.025899491272866726
42,1.1977056526442325,25.86088941245357,1,0.5475013783926865,0.5671533004798108,1.1062725286849127,0.4849624037742615,0.8721804618835449,0.9229323267936707,0.7318185146886548,0.017283061519265175,0.026333008892834187
43,1.197678052110692,26.513411514960403,1,0.547620318028614,0.5671154036577095,1.1061484346096997,0.4887218177318573,0.8721804618835449,0.9229323267936707,0.7317900995644481,0.017233850434422493,0.02625394891947508
44,1.1976392507969096,27.62984903992425,1,0.547024514819313,0.5670434377028465,1.1061680032028602,0.490601509809494,0.8721804618835449,0.9210526347160339,0.7317580577187417,0.017249440774321556,0.026242018677294254
45,1.1976009181706155,28.763193808732765,1,0.5465397249961582,0.5669353643974139,1.106260679418679,0.490601509809494,0.8721804618835449,0.9210526347160339,0.7316866389725954,0.017424180172383785,0.026417948305606842
46,1.197580229794234,29.43951048131301,1,0.5463016228598223,0.5668726728068894,1.1062978975588975,0.49248120188713074,0.8721804618835449,0.9210526347160339,0.7316403728355598,0.018557123839855194,0.027855400927364826
47,1.1975743054450216,29.811551857675763,1,0.5463744241873173,0.5668522574508507,1.106347498853659,0.49436089396476746,0.8721804618835449,0.9210526347160339,0.7316318255596767,0.017619719728827477,0.02662952709943056
48,1.1975710141020954,30.421158976694013,1,0.5464086710920218,0.5667891367314238,1.1064068320071623,0.49436089396476746,0.8721804618835449,0.9210526347160339,0.7316406644248193,0.017645107582211494,0.02652471698820591
49,1.1975638427188442,31.619457566852358,1,0.5463838010842949,0.5666744371577633,1.1065397049828471,0.49624061584472656,0.8721804618835449,0.9210526347160339,0.7316851099472194,0.017651047557592392,0.026532836258411407
50,1.197542864037382,34.58364358940618,1,0.5458257864135252,0.5665960377389443,1.106865960356437,0.49436089396476746,0.8721804618835449,0.9210526347160339,0.7318617097692814,0.01793113723397255,0.026774886064231396
51,1.197496558605572,38.381460660574376,1,0.5461128465776227,0.56667753125087,1.1071661772184374,0.490601509809494,0.8721804618835449,0.9210526347160339,0.7321252839054296,0.019058861769735813,0.028579148463904858
52,1.1974511510152088,41.76750388033265,1,0.5461772253050999,0.5668055002244495,1.1072775291327397,0.4887218177318573,0.8740601539611816,0.9210526347160339,0.7323195060241624,0.019592219963669777,0.028863606974482536
53,1.1974278263841471,43.39525924661926,1,0.5463068745745774,0.5669122082849354,1.1073140578607328,0.490601509809494,0.8740601539611816,0.9229323267936707,0.7323911706889362,0.019578530453145504,0.02918002661317587
54,1.1974217984906474,44.53965755225405,1,0.5463465698160899,0.5670181288163202,1.1073862869824227,0.4887218177318573,0.8740601539611816,0.9229323267936707,0.7324510480644594,0.018791144713759422,0.028152551501989365
55,1.1974176011270972,47.65210355014687,1,0.5465799117401071,0.5672363136622361,1.107504350747204,0.4887218177318573,0.8740601539611816,0.9229323267936707,0.7325523464833092,0.020079866982996464,0.029835371300578117
56,1.19740414015083,54.13062978541802,1,0.546723762048564,0.5674505111345751,1.1075377518782117,0.490601509809494,0.8740601539611816,0.9229323267936707,0.7326065905325999,0.019510669633746147,0.029371083714067936
57,1.197379574874296,63.186283534246044,1,0.5467033592497466,0.5673524986666509,1.1070660138253874,0.490601509809494,0.8721804618835449,0.9229323267936707,0.7324132234555971,0.019802548922598362,0.028977707028388977
58,1.1973544457773195,71.13043231477148,1,0.5460339336092634,0.5673811131462683,1.10697553759723,0.4868420958518982,0.8721804618835449,0.9229323267936707,0.7323014674045564,0.01903548277914524,0.02809200156480074
59,1.1973425233892476,75.14486087045057,1,0.5458828134445451,0.5672819905692359,1.1068712142862218,0.4868420958518982,0.8721804618835449,0.9229323267936707,0.7322262339268343,0.020027288235723972,0.029101676307618618
60,1.197338195505798,84.32602078071841,1,0.5457364269720795,0.5671045038755447,1.1066941174612983,0.4868420958518982,0.8721804618835449,0.9229323267936707,0.7321333664858748,0.019210170954465866,0.028100859373807907
61,1.197332219127068,94.17684151280628,1,0.5457210336499088,0.5670239030399213,1.106613240453477,0.4887218177318573,0.8721804618835449,0.9229323267936707,0.7321005651489245,0.019224001094698906,0.02843747939914465
62,1.1973277057830867,110.29145713021377,1,0.5458318895687568,0.5670065389222287,1.1065700394358047,0.4887218177318573,0.8721804618835449,0.9229323267936707,0.732098192005025,0.019460239447653294,0.028921577148139477
63,1.197322703892402,123.2468572650087,1,0.545954936339234,0.5670581793926701,1.1065864216555177,0.49248120188713074,0.8721804618835449,0.9229323267936707,0.7321225781373714,0.021483140997588634,0.031000416725873947
64,1.1973205548020114,134.64302317796634,1,0.5460426291907564,0.5671163384749113,1.1066156612223532,0.49248120188713074,0.8721804618835449,0.9229323267936707,0.7321489697985432,0.01977274939417839,0.028701158240437508
65,1.1973193110189382,151.60197774810302,1,0.5461123374955184,0.5671762567634574,1.1066586552726954,0.49248120188713074,0.8721804618835449,0.9229323267936707,0.7321812593674176,0.019426889717578888,0.028368929401040077
66,1.1973176828483107,181.00092793451532,1,0.5461664995846391,0.5672155251076603,1.1067221939035723,0.49248120188713074,0.8721804618835449,0.9229323267936707,0.7322172791465036,0.01962351892143488,0.028582587838172913
67,1.1973151462641993,219.78534202985992,1,0.5461257825307118,0.5671931704977605,1.1068072609368527,0.490601509809494,0.8721804618835449,0.9229323267936707,0.7322411320721445,0.019867228344082832,0.02882767654955387
68,1.1973128744431762,250.31237069988507,1,0.5460632212809571,0.5671638545590629,1.106854955207129,0.4887218177318573,0.8721804618835449,0.9229323267936707,0.7322547399177635,0.020300227217376232,0.029373925179243088
69,1.1973121411153966,278.9188100710879,1,0.5460064934051161,0.5671428750012386,1.106876829797393,0.4887218177318573,0.8721804618835449,0.9229323267936707,0.732258392072384,0.020089547149837017,0.02908660564571619
70,1.197311768586859,319.95429481065776,1,0.5459804743609391,0.5671264354172816,1.1068795203559583,0.4887218177318573,0.8721804618835449,0.9229323267936707,0.7322555536606289,0.020220746286213398,0.02924992423504591
71,1.197311376321793,380.74771984980106,1,0.5459759317985006,0.5671220447089356,1.106861221657763,0.4887218177318573,0.8721804618835449,0.9229323267936707,0.7322468015930909,0.020653994753956795,0.030122301541268826
72,1.197310933694015,465.525110037879,1,0.546021990028348,0.5671343615896242,1.1068246461839464,0.4887218177318573,0.8721804618835449,0.9229323267936707,0.7322404221959177,0.020441445522010326,0.029459034092724323
73,1.197310537946918,548.0476871983402,1,0.5460272692371683,0.5671491829253952,1.1068130497389292,0.4887218177318573,0.8721804618835449,0.9229323267936707,0.7322384657822295,0.020796404220163822,0.03004099242389202
74,1.1973103313957278,641.216702537626,1,0.5460385701897986,0.5671564975563943,1.1068081086750412,0.490601509809494,0.8721804618835449,0.9229323267936707,0.7322371174718102,0.021424011327326298,0.030858008190989494
75,1.1973102116774361,756.0793932214808,1,0.5460454850080064,0.5671580408186271,1.1068095128047015,0.490601509809494,0.8721804618835449,0.9229323267936707,0.732237988780668,0.02214246802031994,0.03198374342173338
76,1.1973101195077602,920.8253467717587,1,0.5460382784141172,0.567155722242099,1.1068184787811868,0.490601509809494,0.8721804618835449,0.9229323267936707,0.7322409937027934,0.0211955513805151,0.03014537040144205
77,1.1973100316547978,1122.6801217692637,1,0.5460204263234091,0.5671511393440672,1.106826517076202,0.4887218177318573,0.8721804618835449,0.9229323267936707,0.7322427879688879,0.020829983986914158,0.029776702634990215
78,1.1973099716153366,1343.18235887211,1,0.546018760584227,0.5671482385574718,1.1068299133823882,0.4887218177318573,0.8721804618835449,0.9229323267936707,0.7322433801006865,0.02133116126060486,0.030417589470744133
79,1.1973099387340511,1602.941790284279,1,0.546020149913184,0.5671477168237169,1.1068302462394601,0.4887218177318573,0.8721804618835449,0.9229323267936707,0.7322434751596296,0.021546490490436554,0.03044384904205799
80,1.197309916830153,1949.9917943958496,1,0.546023218704071,0.5671488368963392,1.106828505383298,0.4887218177318573,0.8721804618835449,0.9229323267936707,0.7322434342727894,0.021161092445254326,0.030091790482401848
81,1.197309898823486,2391.338291216131,1,0.546018430539698,0.5671500519922532,1.1068264090033915,0.4887218177318573,0.8721804618835449,0.9229323267936707,0.7322424074753484,0.02127253171056509,0.03018919099122286
82,1.197309885586741,2891.4958517532623,1,0.5460289853832176,0.567150913147619,1.1068241499951,0.4887218177318573,0.8721804618835449,0.9229323267936707,0.7322419678444895,0.021572561003267765,0.03060487937182188
83,1.1973098778716433,3466.848380730215,1,0.5460290500533198,0.5671512346751605,1.1068237990741858,0.4887218177318573,0.8721804618835449,0.9229323267936707,0.732242010295849,0.0215861015021801,0.030756749212741852
84,1.1973098730039073,4226.435341517983,1,0.5460245088495839,0.5671506793683058,1.1068242567259534,0.4887218177318573,0.8721804618835449,0.9229323267936707,0.7322418023566367,0.022127198055386543,0.031284346245229244
85,1.197309869162155,5164.40280591562,1,0.5460242223784977,0.5671502876567727,1.106825223509284,0.4887218177318573,0.8721804618835449,0.9229323267936707,0.7322421590672459,0.021918688900768757,0.030926276929676533
86,1.1973098664672732,6274.469280966993,1,0.5460249534523136,0.5671501031361579,1.1068259512534226,0.4887218177318573,0.8721804618835449,0.9229323267936707,0.7322425053941862,0.022891723550856113,0.032046591863036156
87,1.1973098647877807,7598.607213155108,1,0.5460232319810125,0.567150014741442,1.1068262492645227,0.4887218177318573,0.8721804618835449,0.9229323267936707,0.7322424831286897,0.0225861556828022,0.03184106387197971
88,1.1973098637109825,9216.088118612955,1,0.5460245943825366,0.5671501049704569,1.106826032899505,0.4887218177318573,0.8721804618835449,0.9229323267936707,0.7322424655179557,0.023063472472131252,0.03249386977404356
89,1.19730986292649,9216.088118612955,1,0.5460245943825366,0.5671501049704569,1.106826032899505,0.4887218177318573,0.8721804618835449,0.9229323267936707,0.7322424655179557,0.017474308609962463,0.02719306480139494
90,1.19730986292649,9216.088118612955,1,0.5460245943825366,0.5671501049704569,1.106826032899505,0.4887218177318573,0.8721804618835449,0.9229323267936707,0.7322424655179557,0.016495014540851116,0.025680161081254482
91,1.19730986292649,9216.088118612955,1,0.5460245943825366,0.5671501049704569,1.106826032899505,0.4887218177318573,0.8721804618835449,0.9229323267936707,0.7322424655179557,0.017012021504342556,0.02664246689528227
92,1.19730986292649,9216.088118612955,1,0.5460245943825366,0.5671501049704569,1.106826032899505,0.4887218177318573,0.8721804618835449,0.9229323267936707,0.7322424655179557,0.01619452517479658,0.025257092900574207
93,1.19730986292649,9216.088118612955,1,0.5460245943825366,0.5671501049704569,1.106826032899505,0.4887218177318573,0.8721804618835449,0.9229323267936707,0.7322424655179557,0.01641305536031723,0.02547641284763813
94,1.19730986292649,9216.088118612955,1,0.5460245943825366,0.5671501049704569,1.106826032899505,0.4887218177318573,0.8721804618835449,0.9229323267936707,0.7322424655179557,0.01608805451542139,0.025139284320175648
95,1.19730986292649,9216.088118612955,1,0.5460245943825366,0.5671501049704569,1.106826032899505,0.4887218177318573,0.8721804618835449,0.9229323267936707,0.7322424655179557,0.016040115617215633,0.025561541318893433
96,1.19730986292649,9216.088118612955,1,0.5460245943825366,0.5671501049704569,1.106826032899505,0.4887218177318573,0.8721804618835449,0.9229323267936707,0.7322424655179557,0.016400313936173916,0.025492112152278423
97,1.19730986292649,9216.088118612955,1,0.5460245943825366,0.5671501049704569,1.106826032899505,0.4887218177318573,0.8721804618835449,0.9229323267936707,0.7322424655179557,0.015888837166130543,0.024992755614221096
98,1.19730986292649,9216.088118612955,1,0.5460245943825366,0.5671501049704569,1.106826032899505,0.4887218177318573,0.8721804618835449,0.9229323267936707,0.7322424655179557,0.015844947658479214,0.024718047119677067
99,1.19730986292649,9216.088118612955,1,0.5460245943825366,0.5671501049704569,1.106826032899505,0.4887218177318573,0.8721804618835449,0.9229323267936707,0.7322424655179557,0.01630115509033203,0.025361113250255585
100,1.19730986292649,9216.088118612955,1,0.5460245943825366,0.5671501049704569,1.106826032899505,0.4887218177318573,0.8721804618835449,0.9229323267936707,0.7322424655179557,0.016270465217530727,0.025307053700089455
101,1.19730986292649,9216.088118612955,1,0.5460245943825366,0.5671501049704569,1.106826032899505,0.4887218177318573,0.8721804618835449,0.9229323267936707,0.7322424655179557,0.016298464499413967,0.0254431227222085
102,1.19730986292649,9216.088118612955,1,0.5460245943825366,0.5671501049704569,1.106826032899505,0.4887218177318573,0.8721804618835449,0.9229323267936707,0.7322424655179557,0.016338524408638477,0.025479892268776894
103,1.19730986292649,9216.088118612955,1,0.5460245943825366,0.5671501049704569,1.106826032899505,0.4887218177318573,0.8721804618835449,0.9229323267936707,0.7322424655179557,0.016660183668136597,0.025810361839830875
104,1.19730986292649,9216.088118612955,1,0.5460245943825366,0.5671501049704569,1.106826032899505,0.4887218177318573,0.8721804618835449,0.9229323267936707,0.7322424655179557,0.016371133737266064,0.025450081564486027
105,1.19730986292649,9216.088118612955,1,0.5460245943825366,0.5671501049704569,1.106826032899505,0.4887218177318573,0.8721804618835449,0.9229323267936707,0.7322424655179557,0.01613871566951275,0.025246983394026756
106,1.19730986292649,9216.088118612955,1,0.5460245943825366,0.5671501049704569,1.106826032899505,0.4887218177318573,0.8721804618835449,0.9229323267936707,0.7322424655179557,0.01628041546791792,0.025354573503136635
107,1.19730986292649,9216.088118612955,1,0.5460245943825366,0.5671501049704569,1.106826032899505,0.4887218177318573,0.8721804618835449,0.9229323267936707,0.7322424655179557,0.016504254192113876,0.025608212687075138
108,1.19730986292649,9216.088118612955,1,0.5460245943825366,0.5671501049704569,1.106826032899505,0.4887218177318573,0.8721804618835449,0.9229323267936707,0.7322424655179557,0.01622927561402321,0.02530396357178688
109,1.19730986292649,9216.088118612955,1,0.5460245943825366,0.5671501049704569,1.106826032899505,0.4887218177318573,0.8721804618835449,0.9229323267936707,0.7322424655179557,0.016203025355935097,0.025253063067793846
110,1.19730986292649,9216.088118612955,1,0.5460245943825366,0.5671501049704569,1.106826032899505,0.4887218177318573,0.8721804618835449,0.9229323267936707,0.7322424655179557,0.01625069510191679,0.025296643376350403
111,1.19730986292649,9216.088118612955,1,0.5460245943825366,0.5671501049704569,1.106826032899505,0.4887218177318573,0.8721804618835449,0.9229323267936707,0.7322424655179557,0.02041464578360319,0.030203321017324924
112,1.19730986292649,9216.088118612955,1,0.5460245943825366,0.5671501049704569,1.106826032899505,0.4887218177318573,0.8721804618835449,0.9229323267936707,0.7322424655179557,0.016449163667857647,0.02550596185028553
113,1.19730986292649,9216.088118612955,1,0.5460245943825366,0.5671501049704569,1.106826032899505,0.4887218177318573,0.8721804618835449,0.9229323267936707,0.7322424655179557,0.01605747640132904,0.025084804743528366
114,1.19730986292649,9216.088118612955,1,0.5460245943825366,0.5671501049704569,1.106826032899505,0.4887218177318573,0.8721804618835449,0.9229323267936707,0.7322424655179557,0.016144544817507267,0.02515032421797514
115,1.19730986292649,9216.088118612955,1,0.5460245943825366,0.5671501049704569,1.106826032899505,0.4887218177318573,0.8721804618835449,0.9229323267936707,0.7322424655179557,0.0161988353356719,0.025157364085316658
116,1.19730986292649,9216.088118612955,1,0.5460245943825366,0.5671501049704569,1.106826032899505,0.4887218177318573,0.8721804618835449,0.9229323267936707,0.7322424655179557,0.016506054438650608,0.025388022884726524
117,1.19730986292649,9216.088118612955,1,0.5460245943825366,0.5671501049704569,1.106826032899505,0.4887218177318573,0.8721804618835449,0.9229323267936707,0.7322424655179557,0.016727653332054615,0.02575107105076313
118,1.19730986292649,9216.088118612955,1,0.5460245943825366,0.5671501049704569,1.106826032899505,0.4887218177318573,0.8721804618835449,0.9229323267936707,0.7322424655179557,0.01598548609763384,0.024884785525500774
119,1.19730986292649,9216.088118612955,1,0.5460245943825366,0.5671501049704569,1.106826032899505,0.4887218177318573,0.8721804618835449,0.9229323267936707,0.7322424655179557,0.015831787139177322,0.0246850261464715
120,1.19730986292649,9216.088118612955,1,0.5460245943825366,0.5671501049704569,1.106826032899505,0.4887218177318573,0.8721804618835449,0.9229323267936707,0.7322424655179557,0.015858687460422516,0.02524486370384693
121,1.19730986292649,9216.088118612955,1,0.5460245943825366,0.5671501049704569,1.106826032899505,0.4887218177318573,0.8721804618835449,0.9229323267936707,0.7322424655179557,0.01583162695169449,0.024813245981931686
122,1.19730986292649,9216.088118612955,1,0.5460245943825366,0.5671501049704569,1.106826032899505,0.4887218177318573,0.8721804618835449,0.9229323267936707,0.7322424655179557,0.015837566927075386,0.024681645445525646
123,1.19730986292649,9216.088118612955,1,0.5460245943825366,0.5671501049704569,1.106826032899505,0.4887218177318573,0.8721804618835449,0.9229323267936707,0.7322424655179557,0.015874036587774754,0.024740776047110558
124,1.19730986292649,9216.088118612955,1,0.5460245943825366,0.5671501049704569,1.106826032899505,0.4887218177318573,0.8721804618835449,0.9229323267936707,0.7322424655179557,0.01607910543680191,0.025197633542120457
125,1.19730986292649,9216.088118612955,1,0.5460245943825366,0.5671501049704569,1.106826032899505,0.4887218177318573,0.8721804618835449,0.9229323267936707,0.7322424655179557,0.016471004113554955,0.025436622090637684
126,1.19730986292649,9216.088118612955,1,0.5460245943825366,0.5671501049704569,1.106826032899505,0.4887218177318573,0.8721804618835449,0.9229323267936707,0.7322424655179557,0.016041066497564316,0.025023224763572216
127,1.19730986292649,9216.088118612955,1,0.5460245943825366,0.5671501049704569,1.106826032899505,0.4887218177318573,0.8721804618835449,0.9229323267936707,0.7322424655179557,0.016792412847280502,0.02609323989599943
128,1.19730986292649,9216.088118612955,1,0.5460245943825366,0.5671501049704569,1.106826032899505,0.4887218177318573,0.8721804618835449,0.9229323267936707,0.7322424655179557,0.016452223993837833,0.02574906125664711
129,1.19730986292649,9216.088118612955,1,0.5460245943825366,0.5671501049704569,1.106826032899505,0.4887218177318573,0.8721804618835449,0.9229323267936707,0.7322424655179557,0.016806812956929207,0.026155440136790276
130,1.19730986292649,9216.088118612955,1,0.5460245943825366,0.5671501049704569,1.106826032899505,0.4887218177318573,0.8721804618835449,0.9229323267936707,0.7322424655179557,0.015973715111613274,0.024843095801770687
131,1.19730986292649,9216.088118612955,1,0.5460245943825366,0.5671501049704569,1.106826032899505,0.4887218177318573,0.8721804618835449,0.9229323267936707,0.7322424655179557,0.015986846759915352,0.025087044574320316
132,1.19730986292649,9216.088118612955,1,0.5460245943825366,0.5671501049704569,1.106826032899505,0.4887218177318573,0.8721804618835449,0.9229323267936707,0.7322424655179557,0.016862763091921806,0.02621125988662243
133,1.19730986292649,9216.088118612955,1,0.5460245943825366,0.5671501049704569,1.106826032899505,0.4887218177318573,0.8721804618835449,0.9229323267936707,0.7322424655179557,0.016669733449816704,0.02590389084070921
134,1.19730986292649,9216.088118612955,1,0.5460245943825366,0.5671501049704569,1.106826032899505,0.4887218177318573,0.8721804618835449,0.9229323267936707,0.7322424655179557,0.01624906435608864,0.02557843178510666
135,1.19730986292649,9216.088118612955,1,0.5460245943825366,0.5671501049704569,1.106826032899505,0.4887218177318573,0.8721804618835449,0.9229323267936707,0.7322424655179557,0.016638933680951595,0.025794961489737034
136,1.19730986292649,9216.088118612955,1,0.5460245943825366,0.5671501049704569,1.106826032899505,0.4887218177318573,0.8721804618835449,0.9229323267936707,0.7322424655179557,0.01655498333275318,0.025712122209370136
137,1.19730986292649,9216.088118612955,1,0.5460245943825366,0.5671501049704569,1.106826032899505,0.4887218177318573,0.8721804618835449,0.9229323267936707,0.7322424655179557,0.016356064938008785,0.025493882596492767
138,1.19730986292649,9216.088118612955,1,0.5460245943825366,0.5671501049704569,1.106826032899505,0.4887218177318573,0.8721804618835449,0.9229323267936707,0.7322424655179557,0.016725292429327965,0.026151289232075214
139,1.19730986292649,9216.088118612955,1,0.5460245943825366,0.5671501049704569,1.106826032899505,0.4887218177318573,0.8721804618835449,0.9229323267936707,0.7322424655179557,0.01602394599467516,0.024993374943733215
140,1.19730986292649,9216.088118612955,1,0.5460245943825366,0.5671501049704569,1.106826032899505,0.4887218177318573,0.8721804618835449,0.9229323267936707,0.7322424655179557,0.016343245282769203,0.025396103039383888
141,1.19730986292649,9216.088118612955,1,0.5460245943825366,0.5671501049704569,1.106826032899505,0.4887218177318573,0.8721804618835449,0.9229323267936707,0.7322424655179557,0.0163850337266922,0.025434902869164944
142,1.19730986292649,9216.088118612955,1,0.5460245943825366,0.5671501049704569,1.106826032899505,0.4887218177318573,0.8721804618835449,0.9229323267936707,0.7322424655179557,0.016929532401263714,0.02604096010327339
143,1.19730986292649,9216.088118612955,1,0.5460245943825366,0.5671501049704569,1.106826032899505,0.4887218177318573,0.8721804618835449,0.9229323267936707,0.7322424655179557,0.0162723446264863,0.025384362787008286
144,1.19730986292649,9216.088118612955,1,0.5460245943825366,0.5671501049704569,1.106826032899505,0.4887218177318573,0.8721804618835449,0.9229323267936707,0.7322424655179557,0.01650614384561777,0.02562618162482977
145,1.19730986292649,9216.088118612955,1,0.5460245943825366,0.5671501049704569,1.106826032899505,0.4887218177318573,0.8721804618835449,0.9229323267936707,0.7322424655179557,0.016635483130812645,0.025724291801452637
146,1.19730986292649,9216.088118612955,1,0.5460245943825366,0.5671501049704569,1.106826032899505,0.4887218177318573,0.8721804618835449,0.9229323267936707,0.7322424655179557,0.016676513478159904,0.02574687171727419
147,1.19730986292649,9216.088118612955,1,0.5460245943825366,0.5671501049704569,1.106826032899505,0.4887218177318573,0.8721804618835449,0.9229323267936707,0.7322424655179557,0.01634744554758072,0.025418872945010662
148,1.19730986292649,9216.088118612955,1,0.5460245943825366,0.5671501049704569,1.106826032899505,0.4887218177318573,0.8721804618835449,0.9229323267936707,0.7322424655179557,0.016341724433004856,0.025448152795433998
149,1.19730986292649,9216.088118612955,1,0.5460245943825366,0.5671501049704569,1.106826032899505,0.4887218177318573,0.8721804618835449,0.9229323267936707,0.7322424655179557,0.01689435262233019,0.026248749345541
150,1.19730986292649,9216.088118612955,1,0.5460245943825366,0.5671501049704569,1.106826032899505,0.4887218177318573,0.8721804618835449,0.9229323267936707,0.7322424655179557,0.016977560706436634,0.026372377760708332
151,1.19730986292649,9216.088118612955,1,0.5460245943825366,0.5671501049704569,1.106826032899505,0.4887218177318573,0.8721804618835449,0.9229323267936707,0.7322424655179557,0.01704605109989643,0.026540487073361874
152,1.19730986292649,9216.088118612955,1,0.5460245943825366,0.5671501049704569,1.106826032899505,0.4887218177318573,0.8721804618835449,0.9229323267936707,0.7322424655179557,0.016911892220377922,0.026150190271437168
153,1.19730986292649,9216.088118612955,1,0.5460245943825366,0.5671501049704569,1.106826032899505,0.4887218177318573,0.8721804618835449,0.9229323267936707,0.7322424655179557,0.016777953132987022,0.026097849942743778
154,1.19730986292649,9216.088118612955,1,0.5460245943825366,0.5671501049704569,1.106826032899505,0.4887218177318573,0.8721804618835449,0.9229323267936707,0.7322424655179557,0.016681713052093983,0.026004229672253132
155,1.19730986292649,9216.088118612955,1,0.5460245943825366,0.5671501049704569,1.106826032899505,0.4887218177318573,0.8721804618835449,0.9229323267936707,0.7322424655179557,0.017730248160660267,0.027324664406478405
156,1.19730986292649,9216.088118612955,1,0.5460245943825366,0.5671501049704569,1.106826032899505,0.4887218177318573,0.8721804618835449,0.9229323267936707,0.7322424655179557,0.01658671349287033,0.025834260508418083
157,1.19730986292649,9216.088118612955,1,0.5460245943825366,0.5671501049704569,1.106826032899505,0.4887218177318573,0.8721804618835449,0.9229323267936707,0.7322424655179557,0.017912336625158787,0.02826873864978552
158,1.19730986292649,9216.088118612955,1,0.5460245943825366,0.5671501049704569,1.106826032899505,0.4887218177318573,0.8721804618835449,0.9229323267936707,0.7322424655179557,0.017691518180072308,0.027315904386341572
159,1.19730986292649,9216.088118612955,1,0.5460245943825366,0.5671501049704569,1.106826032899505,0.4887218177318573,0.8721804618835449,0.9229323267936707,0.7322424655179557,0.017316660843789577,0.026686527766287327
160,1.19730986292649,9216.088118612955,1,0.5460245943825366,0.5671501049704569,1.106826032899505,0.4887218177318573,0.8721804618835449,0.9229323267936707,0.7322424655179557,0.016901422291994095,0.02634152863174677
161,1.19730986292649,9216.088118612955,1,0.5460245943825366,0.5671501049704569,1.106826032899505,0.4887218177318573,0.8721804618835449,0.9229323267936707,0.7322424655179557,0.016546563245356083,0.02637546882033348
162,1.19730986292649,9216.088118612955,1,0.5460245943825366,0.5671501049704569,1.106826032899505,0.4887218177318573,0.8721804618835449,0.9229323267936707,0.7322424655179557,0.016214944422245026,0.02528346236795187
163,1.19730986292649,9216.088118612955,1,0.5460245943825366,0.5671501049704569,1.106826032899505,0.4887218177318573,0.8721804618835449,0.9229323267936707,0.7322424655179557,0.017448879778385162,0.02659932803362608
164,1.19730986292649,9216.088118612955,1,0.5460245943825366,0.5671501049704569,1.106826032899505,0.4887218177318573,0.8721804618835449,0.9229323267936707,0.7322424655179557,0.01660122349858284,0.025946320965886116
165,1.19730986292649,9216.088118612955,1,0.5460245943825366,0.5671501049704569,1.106826032899505,0.4887218177318573,0.8721804618835449,0.9229323267936707,0.7322424655179557,0.01803898625075817,0.027837341651320457
166,1.19730986292649,9216.088118612955,1,0.5460245943825366,0.5671501049704569,1.106826032899505,0.4887218177318573,0.8721804618835449,0.9229323267936707,0.7322424655179557,0.01681672316044569,0.026369978673756123
167,1.19730986292649,9216.088118612955,1,0.5460245943825366,0.5671501049704569,1.106826032899505,0.4887218177318573,0.8721804618835449,0.9229323267936707,0.7322424655179557,0.016664372757077217,0.02568834088742733
168,1.19730986292649,9216.088118612955,1,0.5460245943825366,0.5671501049704569,1.106826032899505,0.4887218177318573,0.8721804618835449,0.9229323267936707,0.7322424655179557,0.01630439516156912,0.025684021413326263
169,1.19730986292649,9216.088118612955,1,0.5460245943825366,0.5671501049704569,1.106826032899505,0.4887218177318573,0.8721804618835449,0.9229323267936707,0.7322424655179557,0.016704902984201908,0.025692062452435493
170,1.19730986292649,9216.088118612955,1,0.5460245943825366,0.5671501049704569,1.106826032899505,0.4887218177318573,0.8721804618835449,0.9229323267936707,0.7322424655179557,0.016921992413699627,0.026043769903481007
171,1.19730986292649,9216.088118612955,1,0.5460245943825366,0.5671501049704569,1.106826032899505,0.4887218177318573,0.8721804618835449,0.9229323267936707,0.7322424655179557,0.016431414522230625,0.025637212209403515
172,1.19730986292649,9216.088118612955,1,0.5460245943825366,0.5671501049704569,1.106826032899505,0.4887218177318573,0.8721804618835449,0.9229323267936707,0.7322424655179557,0.016545224003493786,0.025872180238366127
173,1.19730986292649,9216.088118612955,1,0.5460245943825366,0.5671501049704569,1.106826032899505,0.4887218177318573,0.8721804618835449,0.9229323267936707,0.7322424655179557,0.018293465487658978,0.028053971007466316
174,1.19730986292649,9216.088118612955,1,0.5460245943825366,0.5671501049704569,1.106826032899505,0.4887218177318573,0.8721804618835449,0.9229323267936707,0.7322424655179557,0.017061201855540276,0.02616472914814949
175,1.19730986292649,9216.088118612955,1,0.5460245943825366,0.5671501049704569,1.106826032899505,0.4887218177318573,0.8721804618835449,0.9229323267936707,0.7322424655179557,0.01604990568011999,0.025149104185402393
176,1.19730986292649,9216.088118612955,1,0.5460245943825366,0.5671501049704569,1.106826032899505,0.4887218177318573,0.8721804618835449,0.9229323267936707,0.7322424655179557,0.016706313006579876,0.025888840667903423
177,1.19730986292649,9216.088118612955,1,0.5460245943825366,0.5671501049704569,1.106826032899505,0.4887218177318573,0.8721804618835449,0.9229323267936707,0.7322424655179557,0.016674784012138844,0.026069610379636288
178,1.19730986292649,9216.088118612955,1,0.5460245943825366,0.5671501049704569,1.106826032899505,0.4887218177318573,0.8721804618835449,0.9229323267936707,0.7322424655179557,0.016426715068519115,0.025485963560640812
179,1.19730986292649,9216.088118612955,1,0.5460245943825366,0.5671501049704569,1.106826032899505,0.4887218177318573,0.8721804618835449,0.9229323267936707,0.7322424655179557,0.016805161722004414,0.02601520996540785
180,1.19730986292649,9216.088118612955,1,0.5460245943825366,0.5671501049704569,1.106826032899505,0.4887218177318573,0.8721804618835449,0.9229323267936707,0.7322424655179557,0.016701282933354378,0.026523088105022907
181,1.19730986292649,9216.088118612955,1,0.5460245943825366,0.5671501049704569,1.106826032899505,0.4887218177318573,0.8721804618835449,0.9229323267936707,0.7322424655179557,0.016889101825654507,0.026236029341816902
182,1.19730986292649,9216.088118612955,1,0.5460245943825366,0.5671501049704569,1.106826032899505,0.4887218177318573,0.8721804618835449,0.9229323267936707,0.7322424655179557,0.021590701304376125,0.030945468693971634
183,1.19730986292649,9216.088118612955,1,0.5460245943825366,0.5671501049704569,1.106826032899505,0.4887218177318573,0.8721804618835449,0.9229323267936707,0.7322424655179557,0.016333834268152714,0.025326012633740902
184,1.19730986292649,9216.088118612955,1,0.5460245943825366,0.5671501049704569,1.106826032899505,0.4887218177318573,0.8721804618835449,0.9229323267936707,0.7322424655179557,0.016497613862156868,0.025546441785991192
185,1.19730986292649,9216.088118612955,1,0.5460245943825366,0.5671501049704569,1.106826032899505,0.4887218177318573,0.8721804618835449,0.9229323267936707,0.7322424655179557,0.01658522430807352,0.025785841047763824
186,1.19730986292649,9216.088118612955,1,0.5460245943825366,0.5671501049704569,1.106826032899505,0.4887218177318573,0.8721804618835449,0.9229323267936707,0.7322424655179557,0.016300794668495655,0.02525620348751545
187,1.19730986292649,9216.088118612955,1,0.5460245943825366,0.5671501049704569,1.106826032899505,0.4887218177318573,0.8721804618835449,0.9229323267936707,0.7322424655179557,0.016203024424612522,0.025199363939464092
188,1.19730986292649,9216.088118612955,1,0.5460245943825366,0.5671501049704569,1.106826032899505,0.4887218177318573,0.8721804618835449,0.9229323267936707,0.7322424655179557,0.016917141154408455,0.026076979003846645
189,1.19730986292649,9216.088118612955,1,0.5460245943825366,0.5671501049704569,1.106826032899505,0.4887218177318573,0.8721804618835449,0.9229323267936707,0.7322424655179557,0.01707783155143261,0.02659790776669979
190,1.19730986292649,9216.088118612955,1,0.5460245943825366,0.5671501049704569,1.106826032899505,0.4887218177318573,0.8721804618835449,0.9229323267936707,0.7322424655179557,0.016931411810219288,0.026131070218980312
191,1.19730986292649,9216.088118612955,1,0.5460245943825366,0.5671501049704569,1.106826032899505,0.4887218177318573,0.8721804618835449,0.9229323267936707,0.7322424655179557,0.017084911465644836,0.026546557433903217
192,1.19730986292649,9216.088118612955,1,0.5460245943825366,0.5671501049704569,1.106826032899505,0.4887218177318573,0.8721804618835449,0.9229323267936707,0.7322424655179557,0.017105690203607082,0.026597346179187298
193,1.19730986292649,9216.088118612955,1,0.5460245943825366,0.5671501049704569,1.106826032899505,0.4887218177318573,0.8721804618835449,0.9229323267936707,0.7322424655179557,0.016854061745107174,0.02626094873994589
194,1.19730986292649,9216.088118612955,1,0.5460245943825366,0.5671501049704569,1.106826032899505,0.4887218177318573,0.8721804618835449,0.9229323267936707,0.7322424655179557,0.016609253361821175,0.02584934141486883
195,1.19730986292649,9216.088118612955,1,0.5460245943825366,0.5671501049704569,1.106826032899505,0.4887218177318573,0.8721804618835449,0.9229323267936707,0.7322424655179557,0.017415190115571022,0.026766536757349968
196,1.19730986292649,9216.088118612955,1,0.5460245943825366,0.5671501049704569,1.106826032899505,0.4887218177318573,0.8721804618835449,0.9229323267936707,0.7322424655179557,0.016854431480169296,0.026472847908735275
197,1.19730986292649,9216.088118612955,1,0.5460245943825366,0.5671501049704569,1.106826032899505,0.4887218177318573,0.8721804618835449,0.9229323267936707,0.7322424655179557,0.016987022012472153,0.026794126257300377
198,1.19730986292649,9216.088118612955,1,0.5460245943825366,0.5671501049704569,1.106826032899505,0.4887218177318573,0.8721804618835449,0.9229323267936707,0.7322424655179557,0.01758691854774952,0.027111364528536797
199,1.19730986292649,9216.088118612955,1,0.5460245943825366,0.5671501049704569,1.106826032899505,0.4887218177318573,0.8721804618835449,0.9229323267936707,0.7322424655179557,0.017164630815386772,0.02684857603162527
200,1.19730986292649,9216.088118612955,1,0.5460245943825366,0.5671501049704569,1.106826032899505,0.4887218177318573,0.8721804618835449,0.9229323267936707,0.7322424655179557,0.017429789528250694,0.026990195736289024
201,1.19730986292649,9216.088118612955,1,0.5460245943825366,0.5671501049704569,1.106826032899505,0.4887218177318573,0.8721804618835449,0.9229323267936707,0.7322424655179557,0.016287614591419697,0.02556071151047945
202,1.19730986292649,9216.088118612955,1,0.5460245943825366,0.5671501049704569,1.106826032899505,0.4887218177318573,0.8721804618835449,0.9229323267936707,0.7322424655179557,0.016132536344230175,0.02504701539874077
203,1.19730986292649,9216.088118612955,1,0.5460245943825366,0.5671501049704569,1.106826032899505,0.4887218177318573,0.8721804618835449,0.9229323267936707,0.7322424655179557,0.017283200286328793,0.02674998715519905
204,1.19730986292649,9216.088118612955,1,0.5460245943825366,0.5671501049704569,1.106826032899505,0.4887218177318573,0.8721804618835449,0.9229323267936707,0.7322424655179557,0.016852962784469128,0.026044709607958794
205,1.19730986292649,9216.088118612955,1,0.5460245943825366,0.5671501049704569,1.106826032899505,0.4887218177318573,0.8721804618835449,0.9229323267936707,0.7322424655179557,0.01684620324522257,0.026401199400424957
206,1.19730986292649,9216.088118612955,1,0.5460245943825366,0.5671501049704569,1.106826032899505,0.4887218177318573,0.8721804618835449,0.9229323267936707,0.7322424655179557,0.017468208447098732,0.027117354795336723
207,1.19730986292649,9216.088118612955,1,0.5460245943825366,0.5671501049704569,1.106826032899505,0.4887218177318573,0.8721804618835449,0.9229323267936707,0.7322424655179557,0.017931207083165646,0.028325249440968037
208,1.19730986292649,9216.088118612955,1,0.5460245943825366,0.5671501049704569,1.106826032899505,0.4887218177318573,0.8721804618835449,0.9229323267936707,0.7322424655179557,0.017450139857828617,0.027253114618360996
209,1.19730986292649,9216.088118612955,1,0.5460245943825366,0.5671501049704569,1.106826032899505,0.4887218177318573,0.8721804618835449,0.9229323267936707,0.7322424655179557,0.018803653307259083,0.029022186063230038
210,1.19730986292649,9216.088118612955,1,0.5460245943825366,0.5671501049704569,1.106826032899505,0.4887218177318573,0.8721804618835449,0.9229323267936707,0.7322424655179557,0.017465459182858467,0.026803496293723583
211,1.19730986292649,9216.088118612955,1,0.5460245943825366,0.5671501049704569,1.106826032899505,0.4887218177318573,0.8721804618835449,0.9229323267936707,0.7322424655179557,0.016976571641862392,0.026700876653194427
212,1.19730986292649,9216.088118612955,1,0.5460245943825366,0.5671501049704569,1.106826032899505,0.4887218177318573,0.8721804618835449,0.9229323267936707,0.7322424655179557,0.01661907322704792,0.02633730787783861
213,1.19730986292649,9216.088118612955,1,0.5460245943825366,0.5671501049704569,1.106826032899505,0.4887218177318573,0.8721804618835449,0.9229323267936707,0.7322424655179557,0.01736966986209154,0.026880397461354733
214,1.19730986292649,9216.088118612955,1,0.5460245943825366,0.5671501049704569,1.106826032899505,0.4887218177318573,0.8721804618835449,0.9229323267936707,0.7322424655179557,0.016846222802996635,0.026506228372454643
215,1.19730986292649,9216.088118612955,1,0.5460245943825366,0.5671501049704569,1.106826032899505,0.4887218177318573,0.8721804618835449,0.9229323267936707,0.7322424655179557,0.016564694233238697,0.02578339073807001
216,1.19730986292649,9216.088118612955,1,0.5460245943825366,0.5671501049704569,1.106826032899505,0.4887218177318573,0.8721804618835449,0.9229323267936707,0.7322424655179557,0.017463299445807934,0.026798336766660213
217,1.19730986292649,9216.088118612955,1,0.5460245943825366,0.5671501049704569,1.106826032899505,0.4887218177318573,0.8721804618835449,0.9229323267936707,0.7322424655179557,0.017870798707008362,0.027376754209399223
218,1.19730986292649,9216.088118612955,1,0.5460245943825366,0.5671501049704569,1.106826032899505,0.4887218177318573,0.8721804618835449,0.9229323267936707,0.7322424655179557,0.016702702268958092,0.02581372018903494
219,1.19730986292649,9216.088118612955,1,0.5460245943825366,0.5671501049704569,1.106826032899505,0.4887218177318573,0.8721804618835449,0.9229323267936707,0.7322424655179557,0.018176156096160412,0.02798227034509182
220,1.19730986292649,9216.088118612955,1,0.5460245943825366,0.5671501049704569,1.106826032899505,0.4887218177318573,0.8721804618835449,0.9229323267936707,0.7322424655179557,0.018086586147546768,0.027839701622724533
221,1.19730986292649,9216.088118612955,1,0.5460245943825366,0.5671501049704569,1.106826032899505,0.4887218177318573,0.8721804618835449,0.9229323267936707,0.7322424655179557,0.016813303343951702,0.026168150827288628
222,1.19730986292649,9216.088118612955,1,0.5460245943825366,0.5671501049704569,1.106826032899505,0.4887218177318573,0.8721804618835449,0.9229323267936707,0.7322424655179557,0.016646644100546837,0.026000069454312325
223,1.19730986292649,9216.088118612955,1,0.5460245943825366,0.5671501049704569,1.106826032899505,0.4887218177318573,0.8721804618835449,0.9229323267936707,0.7322424655179557,0.016559182666242123,0.026212038472294807
224,1.19730986292649,9216.088118612955,1,0.5460245943825366,0.5671501049704569,1.106826032899505,0.4887218177318573,0.8721804618835449,0.9229323267936707,0.7322424655179557,0.01690418180078268,0.02665009628981352
225,1.19730986292649,9216.088118612955,1,0.5460245943825366,0.5671501049704569,1.106826032899505,0.4887218177318573,0.8721804618835449,0.9229323267936707,0.7322424655179557,0.016391515731811523,0.025299794040620327
226,1.19730986292649,9216.088118612955,1,0.5460245943825366,0.5671501049704569,1.106826032899505,0.4887218177318573,0.8721804618835449,0.9229323267936707,0.7322424655179557,0.016584322787821293,0.02583960071206093
227,1.19730986292649,9216.088118612955,1,0.5460245943825366,0.5671501049704569,1.106826032899505,0.4887218177318573,0.8721804618835449,0.9229323267936707,0.7322424655179557,0.016548853367567062,0.025471442379057407
228,1.19730986292649,9216.088118612955,1,0.5460245943825366,0.5671501049704569,1.106826032899505,0.4887218177318573,0.8721804618835449,0.9229323267936707,0.7322424655179557,0.016761483624577522,0.025856011547148228
229,1.19730986292649,9216.088118612955,1,0.5460245943825366,0.5671501049704569,1.106826032899505,0.4887218177318573,0.8721804618835449,0.9229323267936707,0.7322424655179557,0.01632527355104685,0.025491571985185146
230,1.19730986292649,9216.088118612955,1,0.5460245943825366,0.5671501049704569,1.106826032899505,0.4887218177318573,0.8721804618835449,0.9229323267936707,0.7322424655179557,0.016803973354399204,0.025978870689868927
231,1.19730986292649,9216.088118612955,1,0.5460245943825366,0.5671501049704569,1.106826032899505,0.4887218177318573,0.8721804618835449,0.9229323267936707,0.7322424655179557,0.016641853377223015,0.025875001214444637
232,1.19730986292649,9216.088118612955,1,0.5460245943825366,0.5671501049704569,1.106826032899505,0.4887218177318573,0.8721804618835449,0.9229323267936707,0.7322424655179557,0.01696386095136404,0.02627681940793991
233,1.19730986292649,9216.088118612955,1,0.5460245943825366,0.5671501049704569,1.106826032899505,0.4887218177318573,0.8721804618835449,0.9229323267936707,0.7322424655179557,0.01753184851258993,0.02731376327574253
234,1.19730986292649,9216.088118612955,1,0.5460245943825366,0.5671501049704569,1.106826032899505,0.4887218177318573,0.8721804618835449,0.9229323267936707,0.7322424655179557,0.016545074060559273,0.02567537222057581
235,1.19730986292649,9216.088118612955,1,0.5460245943825366,0.5671501049704569,1.106826032899505,0.4887218177318573,0.8721804618835449,0.9229323267936707,0.7322424655179557,0.01724233105778694,0.02630037907510996
236,1.19730986292649,9216.088118612955,1,0.5460245943825366,0.5671501049704569,1.106826032899505,0.4887218177318573,0.8721804618835449,0.9229323267936707,0.7322424655179557,0.017160250805318356,0.02640981785953045
237,1.19730986292649,9216.088118612955,1,0.5460245943825366,0.5671501049704569,1.106826032899505,0.4887218177318573,0.8721804618835449,0.9229323267936707,0.7322424655179557,0.017385839484632015,0.026750287041068077
238,1.19730986292649,9216.088118612955,1,0.5460245943825366,0.5671501049704569,1.106826032899505,0.4887218177318573,0.8721804618835449,0.9229323267936707,0.7322424655179557,0.016344514675438404,0.025385193526744843
239,1.19730986292649,9216.088118612955,1,0.5460245943825366,0.5671501049704569,1.106826032899505,0.4887218177318573,0.8721804618835449,0.9229323267936707,0.7322424655179557,0.0158895468339324,0.024951844476163387
240,1.19730986292649,9216.088118612955,1,0.5460245943825366,0.5671501049704569,1.106826032899505,0.4887218177318573,0.8721804618835449,0.9229323267936707,0.7322424655179557,0.016744451597332954,0.025754401460289955
241,1.19730986292649,9216.088118612955,1,0.5460245943825366,0.5671501049704569,1.106826032899505,0.4887218177318573,0.8721804618835449,0.9229323267936707,0.7322424655179557,0.016426454298198223,0.025414963252842426
242,1.19730986292649,9216.088118612955,1,0.5460245943825366,0.5671501049704569,1.106826032899505,0.4887218177318573,0.8721804618835449,0.9229323267936707,0.7322424655179557,0.016190405935049057,0.0251808138564229
243,1.19730986292649,9216.088118612955,1,0.5460245943825366,0.5671501049704569,1.106826032899505,0.4887218177318573,0.8721804618835449,0.9229323267936707,0.7322424655179557,0.01624844502657652,0.025345182977616787
244,1.19730986292649,9216.088118612955,1,0.5460245943825366,0.5671501049704569,1.106826032899505,0.4887218177318573,0.8721804618835449,0.9229323267936707,0.7322424655179557,0.016571683809161186,0.025631802156567574
245,1.19730986292649,9216.088118612955,1,0.5460245943825366,0.5671501049704569,1.106826032899505,0.4887218177318573,0.8721804618835449,0.9229323267936707,0.7322424655179557,0.01682955212891102,0.025967950001358986
246,1.19730986292649,9216.088118612955,1,0.5460245943825366,0.5671501049704569,1.106826032899505,0.4887218177318573,0.8721804618835449,0.9229323267936707,0.7322424655179557,0.016402513720095158,0.02542882226407528
247,1.19730986292649,9216.088118612955,1,0.5460245943825366,0.5671501049704569,1.106826032899505,0.4887218177318573,0.8721804618835449,0.9229323267936707,0.7322424655179557,0.016149654984474182,0.025147704407572746
248,1.19730986292649,9216.088118612955,1,0.5460245943825366,0.5671501049704569,1.106826032899505,0.4887218177318573,0.8721804618835449,0.9229323267936707,0.7322424655179557,0.015869886614382267,0.024852106347680092
249,1.19730986292649,9216.088118612955,1,0.5460245943825366,0.5671501049704569,1.106826032899505,0.4887218177318573,0.8721804618835449,0.9229323267936707,0.7322424655179557,0.01638663560152054,0.025624912232160568
250,1.19730986292649,9216.088118612955,1,0.5460245943825366,0.5671501049704569,1.106826032899505,0.4887218177318573,0.8721804618835449,0.9229323267936707,0.7322424655179557,0.01632294524461031,0.0256313718855381
251,1.19730986292649,9216.088118612955,1,0.5460245943825366,0.5671501049704569,1.106826032899505,0.4887218177318573,0.8721804618835449,0.9229323267936707,0.7322424655179557,0.017445909790694714,0.02728374395519495
252,1.19730986292649,9216.088118612955,1,0.5460245943825366,0.5671501049704569,1.106826032899505,0.4887218177318573,0.8721804618835449,0.9229323267936707,0.7322424655179557,0.016571223735809326,0.025706670247018337
253,1.19730986292649,9216.088118612955,1,0.5460245943825366,0.5671501049704569,1.106826032899505,0.4887218177318573,0.8721804618835449,0.9229323267936707,0.7322424655179557,0.01656829286366701,0.025537772104144096
254,1.19730986292649,9216.088118612955,1,0.5460245943825366,0.5671501049704569,1.106826032899505,0.4887218177318573,0.8721804618835449,0.9229323267936707,0.7322424655179557,0.016878843307495117,0.025803331285715103
255,1.19730986292649,9216.088118612955,1,0.5460245943825366,0.5671501049704569,1.106826032899505,0.4887218177318573,0.8721804618835449,0.9229323267936707,0.7322424655179557,0.019481449387967587,0.0292629050090909
256,1.19730986292649,9216.088118612955,1,0.5460245943825366,0.5671501049704569,1.106826032899505,0.4887218177318573,0.8721804618835449,0.9229323267936707,0.7322424655179557,0.01633943524211645,0.025503513403236866
257,1.19730986292649,9216.088118612955,1,0.5460245943825366,0.5671501049704569,1.106826032899505,0.4887218177318573,0.8721804618835449,0.9229323267936707,0.7322424655179557,0.016086705960333347,0.025739101693034172
258,1.19730986292649,9216.088118612955,1,0.5460245943825366,0.5671501049704569,1.106826032899505,0.4887218177318573,0.8721804618835449,0.9229323267936707,0.7322424655179557,0.016798761673271656,0.026027259416878223
259,1.19730986292649,9216.088118612955,1,0.5460245943825366,0.5671501049704569,1.106826032899505,0.4887218177318573,0.8721804618835449,0.9229323267936707,0.7322424655179557,0.017003361135721207,0.026295838877558708
260,1.19730986292649,9216.088118612955,1,0.5460245943825366,0.5671501049704569,1.106826032899505,0.4887218177318573,0.8721804618835449,0.9229323267936707,0.7322424655179557,0.017089910805225372,0.026809826493263245
261,1.19730986292649,9216.088118612955,1,0.5460245943825366,0.5671501049704569,1.106826032899505,0.4887218177318573,0.8721804618835449,0.9229323267936707,0.7322424655179557,0.016094264574348927,0.02541019208729267
262,1.19730986292649,9216.088118612955,1,0.5460245943825366,0.5671501049704569,1.106826032899505,0.4887218177318573,0.8721804618835449,0.9229323267936707,0.7322424655179557,0.01623530499637127,0.025589761324226856
263,1.19730986292649,9216.088118612955,1,0.5460245943825366,0.5671501049704569,1.106826032899505,0.4887218177318573,0.8721804618835449,0.9229323267936707,0.7322424655179557,0.017337489873170853,0.026459258049726486
264,1.19730986292649,9216.088118612955,1,0.5460245943825366,0.5671501049704569,1.106826032899505,0.4887218177318573,0.8721804618835449,0.9229323267936707,0.7322424655179557,0.01636077556759119,0.025311932899057865
265,1.19730986292649,9216.088118612955,1,0.5460245943825366,0.5671501049704569,1.106826032899505,0.4887218177318573,0.8721804618835449,0.9229323267936707,0.7322424655179557,0.01669493317604065,0.025590112432837486
266,1.19730986292649,9216.088118612955,1,0.5460245943825366,0.5671501049704569,1.106826032899505,0.4887218177318573,0.8721804618835449,0.9229323267936707,0.7322424655179557,0.016323335468769073,0.025442473590373993
267,1.19730986292649,9216.088118612955,1,0.5460245943825366,0.5671501049704569,1.106826032899505,0.4887218177318573,0.8721804618835449,0.9229323267936707,0.7322424655179557,0.016467463225126266,0.02582733053714037
268,1.19730986292649,9216.088118612955,1,0.5460245943825366,0.5671501049704569,1.106826032899505,0.4887218177318573,0.8721804618835449,0.9229323267936707,0.7322424655179557,0.017057701013982296,0.026371847838163376
269,1.19730986292649,9216.088118612955,1,0.5460245943825366,0.5671501049704569,1.106826032899505,0.4887218177318573,0.8721804618835449,0.9229323267936707,0.7322424655179557,0.01685195229947567,0.026079638861119747
270,1.19730986292649,9216.088118612955,1,0.5460245943825366,0.5671501049704569,1.106826032899505,0.4887218177318573,0.8721804618835449,0.9229323267936707,0.7322424655179557,0.016624602489173412,0.025827821344137192
271,1.19730986292649,9216.088118612955,1,0.5460245943825366,0.5671501049704569,1.106826032899505,0.4887218177318573,0.8721804618835449,0.9229323267936707,0.7322424655179557,0.016854412853717804,0.026350028812885284
272,1.19730986292649,9216.088118612955,1,0.5460245943825366,0.5671501049704569,1.106826032899505,0.4887218177318573,0.8721804618835449,0.9229323267936707,0.7322424655179557,0.01612333580851555,0.025127483531832695
273,1.19730986292649,9216.088118612955,1,0.5460245943825366,0.5671501049704569,1.106826032899505,0.4887218177318573,0.8721804618835449,0.9229323267936707,0.7322424655179557,0.016428313218057156,0.025423402898013592
274,1.19730986292649,9216.088118612955,1,0.5460245943825366,0.5671501049704569,1.106826032899505,0.4887218177318573,0.8721804618835449,0.9229323267936707,0.7322424655179557,0.016235865652561188,0.025145504623651505
275,1.19730986292649,9216.088118612955,1,0.5460245943825366,0.5671501049704569,1.106826032899505,0.4887218177318573,0.8721804618835449,0.9229323267936707,0.7322424655179557,0.016401253640651703,0.025523191317915916
276,1.19730986292649,9216.088118612955,1,0.5460245943825366,0.5671501049704569,1.106826032899505,0.4887218177318573,0.8721804618835449,0.9229323267936707,0.7322424655179557,0.017121000215411186,0.026377858594059944
277,1.19730986292649,9216.088118612955,1,0.5460245943825366,0.5671501049704569,1.106826032899505,0.4887218177318573,0.8721804618835449,0.9229323267936707,0.7322424655179557,0.017927877604961395,0.02712553460150957
278,1.19730986292649,9216.088118612955,1,0.5460245943825366,0.5671501049704569,1.106826032899505,0.4887218177318573,0.8721804618835449,0.9229323267936707,0.7322424655179557,0.016040945425629616,0.025934889912605286
279,1.19730986292649,9216.088118612955,1,0.5460245943825366,0.5671501049704569,1.106826032899505,0.4887218177318573,0.8721804618835449,0.9229323267936707,0.7322424655179557,0.016447183676064014,0.026078660041093826
280,1.19730986292649,9216.088118612955,1,0.5460245943825366,0.5671501049704569,1.106826032899505,0.4887218177318573,0.8721804618835449,0.9229323267936707,0.7322424655179557,0.01676662266254425,0.026228798553347588
281,1.19730986292649,9216.088118612955,1,0.5460245943825366,0.5671501049704569,1.106826032899505,0.4887218177318573,0.8721804618835449,0.9229323267936707,0.7322424655179557,0.016232645139098167,0.025171534158289433
282,1.19730986292649,9216.088118612955,1,0.5460245943825366,0.5671501049704569,1.106826032899505,0.4887218177318573,0.8721804618835449,0.9229323267936707,0.7322424655179557,0.01621528621762991,0.025347774848341942
283,1.19730986292649,9216.088118612955,1,0.5460245943825366,0.5671501049704569,1.106826032899505,0.4887218177318573,0.8721804618835449,0.9229323267936707,0.7322424655179557,0.016281714662909508,0.025348182767629623
284,1.19730986292649,9216.088118612955,1,0.5460245943825366,0.5671501049704569,1.106826032899505,0.4887218177318573,0.8721804618835449,0.9229323267936707,0.7322424655179557,0.016959521919488907,0.025981539860367775
285,1.19730986292649,9216.088118612955,1,0.5460245943825366,0.5671501049704569,1.106826032899505,0.4887218177318573,0.8721804618835449,0.9229323267936707,0.7322424655179557,0.0166378328576684,0.026061750017106533
286,1.19730986292649,9216.088118612955,1,0.5460245943825366,0.5671501049704569,1.106826032899505,0.4887218177318573,0.8721804618835449,0.9229323267936707,0.7322424655179557,0.017788968048989773,0.02698664553463459
287,1.19730986292649,9216.088118612955,1,0.5460245943825366,0.5671501049704569,1.106826032899505,0.4887218177318573,0.8721804618835449,0.9229323267936707,0.7322424655179557,0.017685608938336372,0.027371283620595932
288,1.19730986292649,9216.088118612955,1,0.5460245943825366,0.5671501049704569,1.106826032899505,0.4887218177318573,0.8721804618835449,0.9229323267936707,0.7322424655179557,0.019082501530647278,0.0293079549446702
289,1.19730986292649,9216.088118612955,1,0.5460245943825366,0.5671501049704569,1.106826032899505,0.4887218177318573,0.8721804618835449,0.9229323267936707,0.7322424655179557,0.017911966890096664,0.027138165198266506
290,1.19730986292649,9216.088118612955,1,0.5460245943825366,0.5671501049704569,1.106826032899505,0.4887218177318573,0.8721804618835449,0.9229323267936707,0.7322424655179557,0.017103930935263634,0.02628439851105213
291,1.19730986292649,9216.088118612955,1,0.5460245943825366,0.5671501049704569,1.106826032899505,0.4887218177318573,0.8721804618835449,0.9229323267936707,0.7322424655179557,0.017190310172736645,0.026890316046774387
292,1.19730986292649,9216.088118612955,1,0.5460245943825366,0.5671501049704569,1.106826032899505,0.4887218177318573,0.8721804618835449,0.9229323267936707,0.7322424655179557,0.01707709114998579,0.02648298814892769
293,1.19730986292649,9216.088118612955,1,0.5460245943825366,0.5671501049704569,1.106826032899505,0.4887218177318573,0.8721804618835449,0.9229323267936707,0.7322424655179557,0.016566324047744274,0.025809690356254578
294,1.19730986292649,9216.088118612955,1,0.5460245943825366,0.5671501049704569,1.106826032899505,0.4887218177318573,0.8721804618835449,0.9229323267936707,0.7322424655179557,0.016618452966213226,0.02561987191438675
295,1.19730986292649,9216.088118612955,1,0.5460245943825366,0.5671501049704569,1.106826032899505,0.4887218177318573,0.8721804618835449,0.9229323267936707,0.7322424655179557,0.016051935963332653,0.02505794446915388
296,1.19730986292649,9216.088118612955,1,0.5460245943825366,0.5671501049704569,1.106826032899505,0.4887218177318573,0.8721804618835449,0.9229323267936707,0.7322424655179557,0.016300554387271404,0.02547283284366131
297,1.19730986292649,9216.088118612955,1,0.5460245943825366,0.5671501049704569,1.106826032899505,0.4887218177318573,0.8721804618835449,0.9229323267936707,0.7322424655179557,0.017057682387530804,0.026523778215050697
298,1.19730986292649,9216.088118612955,1,0.5460245943825366,0.5671501049704569,1.106826032899505,0.4887218177318573,0.8721804618835449,0.9229323267936707,0.7322424655179557,0.017084840685129166,0.026308308355510235
299,1.19730986292649,9216.088118612955,1,0.5460245943825366,0.5671501049704569,1.106826032899505,0.4887218177318573,0.8721804618835449,0.9229323267936707,0.7322424655179557,0.01698815170675516,0.026173950172960758
300,1.19730986292649,9216.088118612955,1,0.5460245943825366,0.5671501049704569,1.106826032899505,0.4887218177318573,0.8721804618835449,0.9229323267936707,0.7322424655179557,0.01659957319498062,0.025741441175341606
301,1.19730986292649,9216.088118612955,1,0.5460245943825366,0.5671501049704569,1.106826032899505,0.4887218177318573,0.8721804618835449,0.9229323267936707,0.7322424655179557,0.016622713766992092,0.025816550478339195
302,1.19730986292649,9216.088118612955,1,0.5460245943825366,0.5671501049704569,1.106826032899505,0.4887218177318573,0.8721804618835449,0.9229323267936707,0.7322424655179557,0.01689991168677807,0.02621028944849968
303,1.19730986292649,9216.088118612955,1,0.5460245943825366,0.5671501049704569,1.106826032899505,0.4887218177318573,0.8721804618835449,0.9229323267936707,0.7322424655179557,0.017000381834805012,0.026899675838649273
304,1.19730986292649,9216.088118612955,1,0.5460245943825366,0.5671501049704569,1.106826032899505,0.4887218177318573,0.8721804618835449,0.9229323267936707,0.7322424655179557,0.019004142843186855,0.028400628827512264
305,1.19730986292649,9216.088118612955,1,0.5460245943825366,0.5671501049704569,1.106826032899505,0.4887218177318573,0.8721804618835449,0.9229323267936707,0.7322424655179557,0.017156650312244892,0.02667675632983446
306,1.19730986292649,9216.088118612955,1,0.5460245943825366,0.5671501049704569,1.106826032899505,0.4887218177318573,0.8721804618835449,0.9229323267936707,0.7322424655179557,0.01768298912793398,0.02719118446111679
307,1.19730986292649,9216.088118612955,1,0.5460245943825366,0.5671501049704569,1.106826032899505,0.4887218177318573,0.8721804618835449,0.9229323267936707,0.7322424655179557,0.016899381764233112,0.026216709055006504
308,1.19730986292649,9216.088118612955,1,0.5460245943825366,0.5671501049704569,1.106826032899505,0.4887218177318573,0.8721804618835449,0.9229323267936707,0.7322424655179557,0.01699251215904951,0.026336519047617912
309,1.19730986292649,9216.088118612955,1,0.5460245943825366,0.5671501049704569,1.106826032899505,0.4887218177318573,0.8721804618835449,0.9229323267936707,0.7322424655179557,0.017223441042006016,0.02649750839918852
310,1.19730986292649,9216.088118612955,1,0.5460245943825366,0.5671501049704569,1.106826032899505,0.4887218177318573,0.8721804618835449,0.9229323267936707,0.7322424655179557,0.016792751848697662,0.026023410260677338
311,1.19730986292649,9216.088118612955,1,0.5460245943825366,0.5671501049704569,1.106826032899505,0.4887218177318573,0.8721804618835449,0.9229323267936707,0.7322424655179557,0.01681001204997301,0.02605593018233776
312,1.19730986292649,9216.088118612955,1,0.5460245943825366,0.5671501049704569,1.106826032899505,0.4887218177318573,0.8721804618835449,0.9229323267936707,0.7322424655179557,0.0179034061729908,0.027377073653042316
313,1.19730986292649,9216.088118612955,1,0.5460245943825366,0.5671501049704569,1.106826032899505,0.4887218177318573,0.8721804618835449,0.9229323267936707,0.7322424655179557,0.01732483971863985,0.026433167979121208
314,1.19730986292649,9216.088118612955,1,0.5460245943825366,0.5671501049704569,1.106826032899505,0.4887218177318573,0.8721804618835449,0.9229323267936707,0.7322424655179557,0.017518028616905212,0.02704575564712286
315,1.19730986292649,9216.088118612955,1,0.5460245943825366,0.5671501049704569,1.106826032899505,0.4887218177318573,0.8721804618835449,0.9229323267936707,0.7322424655179557,0.016942281275987625,0.026424978859722614
316,1.19730986292649,9216.088118612955,1,0.5460245943825366,0.5671501049704569,1.106826032899505,0.4887218177318573,0.8721804618835449,0.9229323267936707,0.7322424655179557,0.016555474139750004,0.025698781944811344
317,1.19730986292649,9216.088118612955,1,0.5460245943825366,0.5671501049704569,1.106826032899505,0.4887218177318573,0.8721804618835449,0.9229323267936707,0.7322424655179557,0.0167631134390831,0.026258069090545177
318,1.19730986292649,9216.088118612955,1,0.5460245943825366,0.5671501049704569,1.106826032899505,0.4887218177318573,0.8721804618835449,0.9229323267936707,0.7322424655179557,0.016718503087759018,0.026008110493421555
319,1.19730986292649,9216.088118612955,1,0.5460245943825366,0.5671501049704569,1.106826032899505,0.4887218177318573,0.8721804618835449,0.9229323267936707,0.7322424655179557,0.016886912286281586,0.02608644962310791
320,1.19730986292649,9216.088118612955,1,0.5460245943825366,0.5671501049704569,1.106826032899505,0.4887218177318573,0.8721804618835449,0.9229323267936707,0.7322424655179557,0.01707556191831827,0.026380589231848717
321,1.19730986292649,9216.088118612955,1,0.5460245943825366,0.5671501049704569,1.106826032899505,0.4887218177318573,0.8721804618835449,0.9229323267936707,0.7322424655179557,0.016900422982871532,0.026166769675910473
322,1.19730986292649,9216.088118612955,1,0.5460245943825366,0.5671501049704569,1.106826032899505,0.4887218177318573,0.8721804618835449,0.9229323267936707,0.7322424655179557,0.016822541132569313,0.02615971863269806
323,1.19730986292649,9216.088118612955,1,0.5460245943825366,0.5671501049704569,1.106826032899505,0.4887218177318573,0.8721804618835449,0.9229323267936707,0.7322424655179557,0.016529233194887638,0.025642631575465202
324,1.19730986292649,9216.088118612955,1,0.5460245943825366,0.5671501049704569,1.106826032899505,0.4887218177318573,0.8721804618835449,0.9229323267936707,0.7322424655179557,0.016373135149478912,0.025495623238384724
325,1.19730986292649,9216.088118612955,1,0.5460245943825366,0.5671501049704569,1.106826032899505,0.4887218177318573,0.8721804618835449,0.9229323267936707,0.7322424655179557,0.01653555314987898,0.029047805815935135
326,1.19730986292649,9216.088118612955,1,0.5460245943825366,0.5671501049704569,1.106826032899505,0.4887218177318573,0.8721804618835449,0.9229323267936707,0.7322424655179557,0.01728592999279499,0.026544658467173576
327,1.19730986292649,9216.088118612955,1,0.5460245943825366,0.5671501049704569,1.106826032899505,0.4887218177318573,0.8721804618835449,0.9229323267936707,0.7322424655179557,0.016824652440845966,0.02591876033693552
328,1.19730986292649,9216.088118612955,1,0.5460245943825366,0.5671501049704569,1.106826032899505,0.4887218177318573,0.8721804618835449,0.9229323267936707,0.7322424655179557,0.016539144329726696,0.025756511837244034
329,1.19730986292649,9216.088118612955,1,0.5460245943825366,0.5671501049704569,1.106826032899505,0.4887218177318573,0.8721804618835449,0.9229323267936707,0.7322424655179557,0.016586403362452984,0.025793321430683136
330,1.19730986292649,9216.088118612955,1,0.5460245943825366,0.5671501049704569,1.106826032899505,0.4887218177318573,0.8721804618835449,0.9229323267936707,0.7322424655179557,0.016666093841195107,0.026044290512800217
331,1.19730986292649,9216.088118612955,1,0.5460245943825366,0.5671501049704569,1.106826032899505,0.4887218177318573,0.8721804618835449,0.9229323267936707,0.7322424655179557,0.01709575206041336,0.02634095959365368
332,1.19730986292649,9216.088118612955,1,0.5460245943825366,0.5671501049704569,1.106826032899505,0.4887218177318573,0.8721804618835449,0.9229323267936707,0.7322424655179557,0.016473503783345222,0.025778790935873985
333,1.19730986292649,9216.088118612955,1,0.5460245943825366,0.5671501049704569,1.106826032899505,0.4887218177318573,0.8721804618835449,0.9229323267936707,0.7322424655179557,0.016567754559218884,0.02589533105492592
334,1.19730986292649,9216.088118612955,1,0.5460245943825366,0.5671501049704569,1.106826032899505,0.4887218177318573,0.8721804618835449,0.9229323267936707,0.7322424655179557,0.016742202453315258,0.026334338821470737
335,1.19730986292649,9216.088118612955,1,0.5460245943825366,0.5671501049704569,1.106826032899505,0.4887218177318573,0.8721804618835449,0.9229323267936707,0.7322424655179557,0.017047771252691746,0.02651365753263235
336,1.19730986292649,9216.088118612955,1,0.5460245943825366,0.5671501049704569,1.106826032899505,0.4887218177318573,0.8721804618835449,0.9229323267936707,0.7322424655179557,0.01692324224859476,0.026353678666055202
337,1.19730986292649,9216.088118612955,1,0.5460245943825366,0.5671501049704569,1.106826032899505,0.4887218177318573,0.8721804618835449,0.9229323267936707,0.7322424655179557,0.01682492159307003,0.026438088156282902
338,1.19730986292649,9216.088118612955,1,0.5460245943825366,0.5671501049704569,1.106826032899505,0.4887218177318573,0.8721804618835449,0.9229323267936707,0.7322424655179557,0.017635179683566093,0.027850482612848282
339,1.19730986292649,9216.088118612955,1,0.5460245943825366,0.5671501049704569,1.106826032899505,0.4887218177318573,0.8721804618835449,0.9229323267936707,0.7322424655179557,0.017151891253888607,0.02673415746539831
340,1.19730986292649,9216.088118612955,1,0.5460245943825366,0.5671501049704569,1.106826032899505,0.4887218177318573,0.8721804618835449,0.9229323267936707,0.7322424655179557,0.017117980867624283,0.02669388707727194
341,1.19730986292649,9216.088118612955,1,0.5460245943825366,0.5671501049704569,1.106826032899505,0.4887218177318573,0.8721804618835449,0.9229323267936707,0.7322424655179557,0.016430123709142208,0.02591056004166603
342,1.19730986292649,9216.088118612955,1,0.5460245943825366,0.5671501049704569,1.106826032899505,0.4887218177318573,0.8721804618835449,0.9229323267936707,0.7322424655179557,0.017056101001799107,0.026437217369675636
343,1.19730986292649,9216.088118612955,1,0.5460245943825366,0.5671501049704569,1.106826032899505,0.4887218177318573,0.8721804618835449,0.9229323267936707,0.7322424655179557,0.016973372548818588,0.026310918852686882
344,1.19730986292649,9216.088118612955,1,0.5460245943825366,0.5671501049704569,1.106826032899505,0.4887218177318573,0.8721804618835449,0.9229323267936707,0.7322424655179557,0.01789104752242565,0.027500012889504433
345,1.19730986292649,9216.088118612955,1,0.5460245943825366,0.5671501049704569,1.106826032899505,0.4887218177318573,0.8721804618835449,0.9229323267936707,0.7322424655179557,0.016158316284418106,0.02525471430271864
346,1.19730986292649,9216.088118612955,1,0.5460245943825366,0.5671501049704569,1.106826032899505,0.4887218177318573,0.8721804618835449,0.9229323267936707,0.7322424655179557,0.017454519867897034,0.02725845482200384
347,1.19730986292649,9216.088118612955,1,0.5460245943825366,0.5671501049704569,1.106826032899505,0.4887218177318573,0.8721804618835449,0.9229323267936707,0.7322424655179557,0.016738733276724815,0.026026410050690174
348,1.19730986292649,9216.088118612955,1,0.5460245943825366,0.5671501049704569,1.106826032899505,0.4887218177318573,0.8721804618835449,0.9229323267936707,0.7322424655179557,0.016858302056789398,0.02633762825280428
349,1.19730986292649,9216.088118612955,1,0.5460245943825366,0.5671501049704569,1.106826032899505,0.4887218177318573,0.8721804618835449,0.9229323267936707,0.7322424655179557,0.016852292232215405,0.026157540269196033
350,1.19730986292649,9216.088118612955,1,0.5460245943825366,0.5671501049704569,1.106826032899505,0.4887218177318573,0.8721804618835449,0.9229323267936707,0.7322424655179557,0.01752288918942213,0.027241604402661324
351,1.19730986292649,9216.088118612955,1,0.5460245943825366,0.5671501049704569,1.106826032899505,0.4887218177318573,0.8721804618835449,0.9229323267936707,0.7322424655179557,0.01711187046021223,0.026949715800583363
352,1.19730986292649,9216.088118612955,1,0.5460245943825366,0.5671501049704569,1.106826032899505,0.4887218177318573,0.8721804618835449,0.9229323267936707,0.7322424655179557,0.016774033196270466,0.026035239920020103
353,1.19730986292649,9216.088118612955,1,0.5460245943825366,0.5671501049704569,1.106826032899505,0.4887218177318573,0.8721804618835449,0.9229323267936707,0.7322424655179557,0.016483163461089134,0.02601776923984289
354,1.19730986292649,9216.088118612955,1,0.5460245943825366,0.5671501049704569,1.106826032899505,0.4887218177318573,0.8721804618835449,0.9229323267936707,0.7322424655179557,0.016503553837537766,0.025764361955225468
355,1.19730986292649,9216.088118612955,1,0.5460245943825366,0.5671501049704569,1.106826032899505,0.4887218177318573,0.8721804618835449,0.9229323267936707,0.7322424655179557,0.01675031241029501,0.026164069771766663
356,1.19730986292649,9216.088118612955,1,0.5460245943825366,0.5671501049704569,1.106826032899505,0.4887218177318573,0.8721804618835449,0.9229323267936707,0.7322424655179557,0.01676801312714815,0.026022800244390965
357,1.19730986292649,9216.088118612955,1,0.5460245943825366,0.5671501049704569,1.106826032899505,0.4887218177318573,0.8721804618835449,0.9229323267936707,0.7322424655179557,0.01648652460426092,0.025604472495615482
358,1.19730986292649,9216.088118612955,1,0.5460245943825366,0.5671501049704569,1.106826032899505,0.4887218177318573,0.8721804618835449,0.9229323267936707,0.7322424655179557,0.016928141936659813,0.026129189878702164
359,1.19730986292649,9216.088118612955,1,0.5460245943825366,0.5671501049704569,1.106826032899505,0.4887218177318573,0.8721804618835449,0.9229323267936707,0.7322424655179557,0.016367655247449875,0.025611672550439835
360,1.19730986292649,9216.088118612955,1,0.5460245943825366,0.5671501049704569,1.106826032899505,0.4887218177318573,0.8721804618835449,0.9229323267936707,0.7322424655179557,0.016689103096723557,0.0259433900937438
361,1.19730986292649,9216.088118612955,1,0.5460245943825366,0.5671501049704569,1.106826032899505,0.4887218177318573,0.8721804618835449,0.9229323267936707,0.7322424655179557,0.016764862462878227,0.026015039533376694
362,1.19730986292649,9216.088118612955,1,0.5460245943825366,0.5671501049704569,1.106826032899505,0.4887218177318573,0.8721804618835449,0.9229323267936707,0.7322424655179557,0.017212490551173687,0.0264420285820961
363,1.19730986292649,9216.088118612955,1,0.5460245943825366,0.5671501049704569,1.106826032899505,0.4887218177318573,0.8721804618835449,0.9229323267936707,0.7322424655179557,0.016198505647480488,0.025466203689575195
364,1.19730986292649,9216.088118612955,1,0.5460245943825366,0.5671501049704569,1.106826032899505,0.4887218177318573,0.8721804618835449,0.9229323267936707,0.7322424655179557,0.01682646293193102,0.026416858658194542
365,1.19730986292649,9216.088118612955,1,0.5460245943825366,0.5671501049704569,1.106826032899505,0.4887218177318573,0.8721804618835449,0.9229323267936707,0.7322424655179557,0.016957532614469528,0.026497268117964268
366,1.19730986292649,9216.088118612955,1,0.5460245943825366,0.5671501049704569,1.106826032899505,0.4887218177318573,0.8721804618835449,0.9229323267936707,0.7322424655179557,0.01691216230392456,0.026208559051156044
367,1.19730986292649,9216.088118612955,1,0.5460245943825366,0.5671501049704569,1.106826032899505,0.4887218177318573,0.8721804618835449,0.9229323267936707,0.7322424655179557,0.01646498404443264,0.025682711973786354
368,1.19730986292649,9216.088118612955,1,0.5460245943825366,0.5671501049704569,1.106826032899505,0.4887218177318573,0.8721804618835449,0.9229323267936707,0.7322424655179557,0.016510704532265663,0.025813091546297073
369,1.19730986292649,9216.088118612955,1,0.5460245943825366,0.5671501049704569,1.106826032899505,0.4887218177318573,0.8721804618835449,0.9229323267936707,0.7322424655179557,0.017099610529839993,0.026385987177491188
370,1.19730986292649,9216.088118612955,1,0.5460245943825366,0.5671501049704569,1.106826032899505,0.4887218177318573,0.8721804618835449,0.9229323267936707,0.7322424655179557,0.01669102255254984,0.02587359119206667
371,1.19730986292649,9216.088118612955,1,0.5460245943825366,0.5671501049704569,1.106826032899505,0.4887218177318573,0.8721804618835449,0.9229323267936707,0.7322424655179557,0.016543423756957054,0.025909559801220894
372,1.19730986292649,9216.088118612955,1,0.5460245943825366,0.5671501049704569,1.106826032899505,0.4887218177318573,0.8721804618835449,0.9229323267936707,0.7322424655179557,0.01689171139150858,0.0265115974470973
373,1.19730986292649,9216.088118612955,1,0.5460245943825366,0.5671501049704569,1.106826032899505,0.4887218177318573,0.8721804618835449,0.9229323267936707,0.7322424655179557,0.0168715612962842,0.02618045825511217
374,1.19730986292649,9216.088118612955,1,0.5460245943825366,0.5671501049704569,1.106826032899505,0.4887218177318573,0.8721804618835449,0.9229323267936707,0.7322424655179557,0.017008301801979542,0.026491757482290268
375,1.19730986292649,9216.088118612955,1,0.5460245943825366,0.5671501049704569,1.106826032899505,0.4887218177318573,0.8721804618835449,0.9229323267936707,0.7322424655179557,0.016335713677108288,0.025582771748304367
376,1.19730986292649,9216.088118612955,1,0.5460245943825366,0.5671501049704569,1.106826032899505,0.4887218177318573,0.8721804618835449,0.9229323267936707,0.7322424655179557,0.016482893377542496,0.0258694002404809
377,1.19730986292649,9216.088118612955,1,0.5460245943825366,0.5671501049704569,1.106826032899505,0.4887218177318573,0.8721804618835449,0.9229323267936707,0.7322424655179557,0.016390723176300526,0.025460872799158096
378,1.19730986292649,9216.088118612955,1,0.5460245943825366,0.5671501049704569,1.106826032899505,0.4887218177318573,0.8721804618835449,0.9229323267936707,0.7322424655179557,0.016626892611384392,0.025883279740810394
379,1.19730986292649,9216.088118612955,1,0.5460245943825366,0.5671501049704569,1.106826032899505,0.4887218177318573,0.8721804618835449,0.9229323267936707,0.7322424655179557,0.016375265084207058,0.025615361519157887
380,1.19730986292649,9216.088118612955,1,0.5460245943825366,0.5671501049704569,1.106826032899505,0.4887218177318573,0.8721804618835449,0.9229323267936707,0.7322424655179557,0.016814502887427807,0.02652415819466114
381,1.19730986292649,9216.088118612955,1,0.5460245943825366,0.5671501049704569,1.106826032899505,0.4887218177318573,0.8721804618835449,0.9229323267936707,0.7322424655179557,0.017247259616851807,0.027335493825376034
382,1.19730986292649,9216.088118612955,1,0.5460245943825366,0.5671501049704569,1.106826032899505,0.4887218177318573,0.8721804618835449,0.9229323267936707,0.7322424655179557,0.01725093089044094,0.02709103561937809
383,1.19730986292649,9216.088118612955,1,0.5460245943825366,0.5671501049704569,1.106826032899505,0.4887218177318573,0.8721804618835449,0.9229323267936707,0.7322424655179557,0.016978242434561253,0.026017130352556705
384,1.19730986292649,9216.088118612955,1,0.5460245943825366,0.5671501049704569,1.106826032899505,0.4887218177318573,0.8721804618835449,0.9229323267936707,0.7322424655179557,0.016759103164076805,0.025925721041858196
385,1.19730986292649,9216.088118612955,1,0.5460245943825366,0.5671501049704569,1.106826032899505,0.4887218177318573,0.8721804618835449,0.9229323267936707,0.7322424655179557,0.01665912289172411,0.025667850859463215
386,1.19730986292649,9216.088118612955,1,0.5460245943825366,0.5671501049704569,1.106826032899505,0.4887218177318573,0.8721804618835449,0.9229323267936707,0.7322424655179557,0.016530483029782772,0.025575971230864525
387,1.19730986292649,9216.088118612955,1,0.5460245943825366,0.5671501049704569,1.106826032899505,0.4887218177318573,0.8721804618835449,0.9229323267936707,0.7322424655179557,0.016924411989748478,0.026239799335598946
388,1.19730986292649,9216.088118612955,1,0.5460245943825366,0.5671501049704569,1.106826032899505,0.4887218177318573,0.8721804618835449,0.9229323267936707,0.7322424655179557,0.01648668386042118,0.02609303966164589
389,1.19730986292649,9216.088118612955,1,0.5460245943825366,0.5671501049704569,1.106826032899505,0.4887218177318573,0.8721804618835449,0.9229323267936707,0.7322424655179557,0.017182620242238045,0.02680998668074608
390,1.19730986292649,9216.088118612955,1,0.5460245943825366,0.5671501049704569,1.106826032899505,0.4887218177318573,0.8721804618835449,0.9229323267936707,0.7322424655179557,0.0165414335206151,0.025565441697835922
391,1.19730986292649,9216.088118612955,1,0.5460245943825366,0.5671501049704569,1.106826032899505,0.4887218177318573,0.8721804618835449,0.9229323267936707,0.7322424655179557,0.016697033308446407,0.025791211053729057
392,1.19730986292649,9216.088118612955,1,0.5460245943825366,0.5671501049704569,1.106826032899505,0.4887218177318573,0.8721804618835449,0.9229323267936707,0.7322424655179557,0.017500609159469604,0.026571927592158318
393,1.19730986292649,9216.088118612955,1,0.5460245943825366,0.5671501049704569,1.106826032899505,0.4887218177318573,0.8721804618835449,0.9229323267936707,0.7322424655179557,0.016265914775431156,0.02544649224728346
394,1.19730986292649,9216.088118612955,1,0.5460245943825366,0.5671501049704569,1.106826032899505,0.4887218177318573,0.8721804618835449,0.9229323267936707,0.7322424655179557,0.016376483254134655,0.025237703695893288
395,1.19730986292649,9216.088118612955,1,0.5460245943825366,0.5671501049704569,1.106826032899505,0.4887218177318573,0.8721804618835449,0.9229323267936707,0.7322424655179557,0.016018415801227093,0.024926474317908287
396,1.19730986292649,9216.088118612955,1,0.5460245943825366,0.5671501049704569,1.106826032899505,0.4887218177318573,0.8721804618835449,0.9229323267936707,0.7322424655179557,0.016492843627929688,0.02558132167905569
397,1.19730986292649,9216.088118612955,1,0.5460245943825366,0.5671501049704569,1.106826032899505,0.4887218177318573,0.8721804618835449,0.9229323267936707,0.7322424655179557,0.016167025081813335,0.02513174433261156
398,1.19730986292649,9216.088118612955,1,0.5460245943825366,0.5671501049704569,1.106826032899505,0.4887218177318573,0.8721804618835449,0.9229323267936707,0.7322424655179557,0.017738187685608864,0.02693316526710987
399,1.19730986292649,9216.088118612955,1,0.5460245943825366,0.5671501049704569,1.106826032899505,0.4887218177318573,0.8721804618835449,0.9229323267936707,0.7322424655179557,0.016596184112131596,0.026058120653033257
400,1.19730986292649,9216.088118612955,1,0.5460245943825366,0.5671501049704569,1.106826032899505,0.4887218177318573,0.8721804618835449,0.9229323267936707,0.7322424655179557,0.01644922513514757,0.02569903153926134
401,1.19730986292649,9216.088118612955,1,0.5460245943825366,0.5671501049704569,1.106826032899505,0.4887218177318573,0.8721804618835449,0.9229323267936707,0.7322424655179557,0.016713403165340424,0.025969451293349266
402,1.19730986292649,9216.088118612955,1,0.5460245943825366,0.5671501049704569,1.106826032899505,0.4887218177318573,0.8721804618835449,0.9229323267936707,0.7322424655179557,0.016898522153496742,0.026159790344536304
403,1.19730986292649,9216.088118612955,1,0.5460245943825366,0.5671501049704569,1.106826032899505,0.4887218177318573,0.8721804618835449,0.9229323267936707,0.7322424655179557,0.016837223432958126,0.02604347001761198
404,1.19730986292649,9216.088118612955,1,0.5460245943825366,0.5671501049704569,1.106826032899505,0.4887218177318573,0.8721804618835449,0.9229323267936707,0.7322424655179557,0.016358855180442333,0.02543813269585371
405,1.19730986292649,9216.088118612955,1,0.5460245943825366,0.5671501049704569,1.106826032899505,0.4887218177318573,0.8721804618835449,0.9229323267936707,0.7322424655179557,0.01599612645804882,0.024873345158994198
406,1.19730986292649,9216.088118612955,1,0.5460245943825366,0.5671501049704569,1.106826032899505,0.4887218177318573,0.8721804618835449,0.9229323267936707,0.7322424655179557,0.016072675585746765,0.024996524676680565
407,1.19730986292649,9216.088118612955,1,0.5460245943825366,0.5671501049704569,1.106826032899505,0.4887218177318573,0.8721804618835449,0.9229323267936707,0.7322424655179557,0.01615341566503048,0.025448832660913467
408,1.19730986292649,9216.088118612955,1,0.5460245943825366,0.5671501049704569,1.106826032899505,0.4887218177318573,0.8721804618835449,0.9229323267936707,0.7322424655179557,0.017372380010783672,0.02661847695708275
409,1.19730986292649,9216.088118612955,1,0.5460245943825366,0.5671501049704569,1.106826032899505,0.4887218177318573,0.8721804618835449,0.9229323267936707,0.7322424655179557,0.017091481015086174,0.026516427285969257
410,1.19730986292649,9216.088118612955,1,0.5460245943825366,0.5671501049704569,1.106826032899505,0.4887218177318573,0.8721804618835449,0.9229323267936707,0.7322424655179557,0.016179615631699562,0.02568777184933424
411,1.19730986292649,9216.088118612955,1,0.5460245943825366,0.5671501049704569,1.106826032899505,0.4887218177318573,0.8721804618835449,0.9229323267936707,0.7322424655179557,0.016710842959582806,0.025727560743689537
412,1.19730986292649,9216.088118612955,1,0.5460245943825366,0.5671501049704569,1.106826032899505,0.4887218177318573,0.8721804618835449,0.9229323267936707,0.7322424655179557,0.01682995166629553,0.026625797152519226
413,1.19730986292649,9216.088118612955,1,0.5460245943825366,0.5671501049704569,1.106826032899505,0.4887218177318573,0.8721804618835449,0.9229323267936707,0.7322424655179557,0.016885542310774326,0.026093199849128723
414,1.19730986292649,9216.088118612955,1,0.5460245943825366,0.5671501049704569,1.106826032899505,0.4887218177318573,0.8721804618835449,0.9229323267936707,0.7322424655179557,0.016589133068919182,0.02571998070925474
415,1.19730986292649,9216.088118612955,1,0.5460245943825366,0.5671501049704569,1.106826032899505,0.4887218177318573,0.8721804618835449,0.9229323267936707,0.7322424655179557,0.016864432021975517,0.026044010184705257
416,1.19730986292649,9216.088118612955,1,0.5460245943825366,0.5671501049704569,1.106826032899505,0.4887218177318573,0.8721804618835449,0.9229323267936707,0.7322424655179557,0.01675693318247795,0.026284929364919662
417,1.19730986292649,9216.088118612955,1,0.5460245943825366,0.5671501049704569,1.106826032899505,0.4887218177318573,0.8721804618835449,0.9229323267936707,0.7322424655179557,0.01696506142616272,0.02646797802299261
418,1.19730986292649,9216.088118612955,1,0.5460245943825366,0.5671501049704569,1.106826032899505,0.4887218177318573,0.8721804618835449,0.9229323267936707,0.7322424655179557,0.016837571747601032,0.026093979366123676
419,1.19730986292649,9216.088118612955,1,0.5460245943825366,0.5671501049704569,1.106826032899505,0.4887218177318573,0.8721804618835449,0.9229323267936707,0.7322424655179557,0.017640727572143078,0.02732397336512804
420,1.19730986292649,9216.088118612955,1,0.5460245943825366,0.5671501049704569,1.106826032899505,0.4887218177318573,0.8721804618835449,0.9229323267936707,0.7322424655179557,0.01764748804271221,0.027016284875571728
421,1.19730986292649,9216.088118612955,1,0.5460245943825366,0.5671501049704569,1.106826032899505,0.4887218177318573,0.8721804618835449,0.9229323267936707,0.7322424655179557,0.016839852556586266,0.026218258775770664
422,1.19730986292649,9216.088118612955,1,0.5460245943825366,0.5671501049704569,1.106826032899505,0.4887218177318573,0.8721804618835449,0.9229323267936707,0.7322424655179557,0.016650252975523472,0.026129349134862423
423,1.19730986292649,9216.088118612955,1,0.5460245943825366,0.5671501049704569,1.106826032899505,0.4887218177318573,0.8721804618835449,0.9229323267936707,0.7322424655179557,0.016735383309423923,0.02575928159058094
424,1.19730986292649,9216.088118612955,1,0.5460245943825366,0.5671501049704569,1.106826032899505,0.4887218177318573,0.8721804618835449,0.9229323267936707,0.7322424655179557,0.018161365762352943,0.027591312304139137
425,1.19730986292649,9216.088118612955,1,0.5460245943825366,0.5671501049704569,1.106826032899505,0.4887218177318573,0.8721804618835449,0.9229323267936707,0.7322424655179557,0.017151650972664356,0.026617596857249737
426,1.19730986292649,9216.088118612955,1,0.5460245943825366,0.5671501049704569,1.106826032899505,0.4887218177318573,0.8721804618835449,0.9229323267936707,0.7322424655179557,0.017191330902278423,0.026631787419319153
427,1.19730986292649,9216.088118612955,1,0.5460245943825366,0.5671501049704569,1.106826032899505,0.4887218177318573,0.8721804618835449,0.9229323267936707,0.7322424655179557,0.01851862482726574,0.028656507842242718
428,1.19730986292649,9216.088118612955,1,0.5460245943825366,0.5671501049704569,1.106826032899505,0.4887218177318573,0.8721804618835449,0.9229323267936707,0.7322424655179557,0.01700930204242468,0.0271840151399374
429,1.19730986292649,9216.088118612955,1,0.5460245943825366,0.5671501049704569,1.106826032899505,0.4887218177318573,0.8721804618835449,0.9229323267936707,0.7322424655179557,0.016934792511165142,0.02612875960767269
430,1.19730986292649,9216.088118612955,1,0.5460245943825366,0.5671501049704569,1.106826032899505,0.4887218177318573,0.8721804618835449,0.9229323267936707,0.7322424655179557,0.0167565131559968,0.02613937947899103
431,1.19730986292649,9216.088118612955,1,0.5460245943825366,0.5671501049704569,1.106826032899505,0.4887218177318573,0.8721804618835449,0.9229323267936707,0.7322424655179557,0.01708881091326475,0.026278367266058922
432,1.19730986292649,9216.088118612955,1,0.5460245943825366,0.5671501049704569,1.106826032899505,0.4887218177318573,0.8721804618835449,0.9229323267936707,0.7322424655179557,0.01611336600035429,0.025099825114011765
433,1.19730986292649,9216.088118612955,1,0.5460245943825366,0.5671501049704569,1.106826032899505,0.4887218177318573,0.8721804618835449,0.9229323267936707,0.7322424655179557,0.016292634420096874,0.025390712544322014
434,1.19730986292649,9216.088118612955,1,0.5460245943825366,0.5671501049704569,1.106826032899505,0.4887218177318573,0.8721804618835449,0.9229323267936707,0.7322424655179557,0.01739552989602089,0.02698961552232504
435,1.19730986292649,9216.088118612955,1,0.5460245943825366,0.5671501049704569,1.106826032899505,0.4887218177318573,0.8721804618835449,0.9229323267936707,0.7322424655179557,0.017647667787969112,0.02713641431182623
436,1.19730986292649,9216.088118612955,1,0.5460245943825366,0.5671501049704569,1.106826032899505,0.4887218177318573,0.8721804618835449,0.9229323267936707,0.7322424655179557,0.017971746623516083,0.027668511494994164
437,1.19730986292649,9216.088118612955,1,0.5460245943825366,0.5671501049704569,1.106826032899505,0.4887218177318573,0.8721804618835449,0.9229323267936707,0.7322424655179557,0.01654964406043291,0.025648532435297966
438,1.19730986292649,9216.088118612955,1,0.5460245943825366,0.5671501049704569,1.106826032899505,0.4887218177318573,0.8721804618835449,0.9229323267936707,0.7322424655179557,0.017186760902404785,0.026510408148169518
439,1.19730986292649,9216.088118612955,1,0.5460245943825366,0.5671501049704569,1.106826032899505,0.4887218177318573,0.8721804618835449,0.9229323267936707,0.7322424655179557,0.016505134291946888,0.02562897279858589
440,1.19730986292649,9216.088118612955,1,0.5460245943825366,0.5671501049704569,1.106826032899505,0.4887218177318573,0.8721804618835449,0.9229323267936707,0.7322424655179557,0.016463885083794594,0.025658242404460907
441,1.19730986292649,9216.088118612955,1,0.5460245943825366,0.5671501049704569,1.106826032899505,0.4887218177318573,0.8721804618835449,0.9229323267936707,0.7322424655179557,0.016423103399574757,0.0255265012383461
442,1.19730986292649,9216.088118612955,1,0.5460245943825366,0.5671501049704569,1.106826032899505,0.4887218177318573,0.8721804618835449,0.9229323267936707,0.7322424655179557,0.01652118470519781,0.025716781616210938
443,1.19730986292649,9216.088118612955,1,0.5460245943825366,0.5671501049704569,1.106826032899505,0.4887218177318573,0.8721804618835449,0.9229323267936707,0.7322424655179557,0.016476993449032307,0.02557162195444107
444,1.19730986292649,9216.088118612955,1,0.5460245943825366,0.5671501049704569,1.106826032899505,0.4887218177318573,0.8721804618835449,0.9229323267936707,0.7322424655179557,0.01642953511327505,0.025707892142236233
445,1.19730986292649,9216.088118612955,1,0.5460245943825366,0.5671501049704569,1.106826032899505,0.4887218177318573,0.8721804618835449,0.9229323267936707,0.7322424655179557,0.016700283624231815,0.026006790809333324
446,1.19730986292649,9216.088118612955,1,0.5460245943825366,0.5671501049704569,1.106826032899505,0.4887218177318573,0.8721804618835449,0.9229323267936707,0.7322424655179557,0.01641689334064722,0.025471942499279976
447,1.19730986292649,9216.088118612955,1,0.5460245943825366,0.5671501049704569,1.106826032899505,0.4887218177318573,0.8721804618835449,0.9229323267936707,0.7322424655179557,0.01676914282143116,0.025924479588866234
448,1.19730986292649,9216.088118612955,1,0.5460245943825366,0.5671501049704569,1.106826032899505,0.4887218177318573,0.8721804618835449,0.9229323267936707,0.7322424655179557,0.016692044213414192,0.025908260606229305
449,1.19730986292649,9216.088118612955,1,0.5460245943825366,0.5671501049704569,1.106826032899505,0.4887218177318573,0.8721804618835449,0.9229323267936707,0.7322424655179557,0.016437034122645855,0.025529651902616024
450,1.19730986292649,9216.088118612955,1,0.5460245943825366,0.5671501049704569,1.106826032899505,0.4887218177318573,0.8721804618835449,0.9229323267936707,0.7322424655179557,0.01595089677721262,0.0251940144225955
451,1.19730986292649,9216.088118612955,1,0.5460245943825366,0.5671501049704569,1.106826032899505,0.4887218177318573,0.8721804618835449,0.9229323267936707,0.7322424655179557,0.01675594225525856,0.02607663907110691
452,1.19730986292649,9216.088118612955,1,0.5460245943825366,0.5671501049704569,1.106826032899505,0.4887218177318573,0.8721804618835449,0.9229323267936707,0.7322424655179557,0.01668683346360922,0.026257249526679516
453,1.19730986292649,9216.088118612955,1,0.5460245943825366,0.5671501049704569,1.106826032899505,0.4887218177318573,0.8721804618835449,0.9229323267936707,0.7322424655179557,0.01628356520086527,0.025402131490409374
454,1.19730986292649,9216.088118612955,1,0.5460245943825366,0.5671501049704569,1.106826032899505,0.4887218177318573,0.8721804618835449,0.9229323267936707,0.7322424655179557,0.016261965036392212,0.02549708168953657
455,1.19730986292649,9216.088118612955,1,0.5460245943825366,0.5671501049704569,1.106826032899505,0.4887218177318573,0.8721804618835449,0.9229323267936707,0.7322424655179557,0.016321973875164986,0.02527514286339283
456,1.19730986292649,9216.088118612955,1,0.5460245943825366,0.5671501049704569,1.106826032899505,0.4887218177318573,0.8721804618835449,0.9229323267936707,0.7322424655179557,0.016502483747899532,0.025601942092180252
457,1.19730986292649,9216.088118612955,1,0.5460245943825366,0.5671501049704569,1.106826032899505,0.4887218177318573,0.8721804618835449,0.9229323267936707,0.7322424655179557,0.016096564941108227,0.02510437462478876
458,1.19730986292649,9216.088118612955,1,0.5460245943825366,0.5671501049704569,1.106826032899505,0.4887218177318573,0.8721804618835449,0.9229323267936707,0.7322424655179557,0.016130945645272732,0.025306573137640953
459,1.19730986292649,9216.088118612955,1,0.5460245943825366,0.5671501049704569,1.106826032899505,0.4887218177318573,0.8721804618835449,0.9229323267936707,0.7322424655179557,0.01617862656712532,0.025203164666891098
460,1.19730986292649,9216.088118612955,1,0.5460245943825366,0.5671501049704569,1.106826032899505,0.4887218177318573,0.8721804618835449,0.9229323267936707,0.7322424655179557,0.01648898422718048,0.025719162076711655
461,1.19730986292649,9216.088118612955,1,0.5460245943825366,0.5671501049704569,1.106826032899505,0.4887218177318573,0.8721804618835449,0.9229323267936707,0.7322424655179557,0.016392924822866917,0.025590961799025536
462,1.19730986292649,9216.088118612955,1,0.5460245943825366,0.5671501049704569,1.106826032899505,0.4887218177318573,0.8721804618835449,0.9229323267936707,0.7322424655179557,0.01665598340332508,0.02561289258301258
463,1.19730986292649,9216.088118612955,1,0.5460245943825366,0.5671501049704569,1.106826032899505,0.4887218177318573,0.8721804618835449,0.9229323267936707,0.7322424655179557,0.01669627334922552,0.02575032226741314
464,1.19730986292649,9216.088118612955,1,0.5460245943825366,0.5671501049704569,1.106826032899505,0.4887218177318573,0.8721804618835449,0.9229323267936707,0.7322424655179557,0.016278095543384552,0.025601612403988838
465,1.19730986292649,9216.088118612955,1,0.5460245943825366,0.5671501049704569,1.106826032899505,0.4887218177318573,0.8721804618835449,0.9229323267936707,0.7322424655179557,0.01647102367132902,0.025316793471574783
466,1.19730986292649,9216.088118612955,1,0.5460245943825366,0.5671501049704569,1.106826032899505,0.4887218177318573,0.8721804618835449,0.9229323267936707,0.7322424655179557,0.016555624082684517,0.025532872416079044
467,1.19730986292649,9216.088118612955,1,0.5460245943825366,0.5671501049704569,1.106826032899505,0.4887218177318573,0.8721804618835449,0.9229323267936707,0.7322424655179557,0.016559213399887085,0.026006179861724377
468,1.19730986292649,9216.088118612955,1,0.5460245943825366,0.5671501049704569,1.106826032899505,0.4887218177318573,0.8721804618835449,0.9229323267936707,0.7322424655179557,0.01724375132471323,0.02666797675192356
469,1.19730986292649,9216.088118612955,1,0.5460245943825366,0.5671501049704569,1.106826032899505,0.4887218177318573,0.8721804618835449,0.9229323267936707,0.7322424655179557,0.017010651528835297,0.02715795487165451
470,1.19730986292649,9216.088118612955,1,0.5460245943825366,0.5671501049704569,1.106826032899505,0.4887218177318573,0.8721804618835449,0.9229323267936707,0.7322424655179557,0.017061701975762844,0.026606207713484764
471,1.19730986292649,9216.088118612955,1,0.5460245943825366,0.5671501049704569,1.106826032899505,0.4887218177318573,0.8721804618835449,0.9229323267936707,0.7322424655179557,0.017263381741940975,0.026768437586724758
472,1.19730986292649,9216.088118612955,1,0.5460245943825366,0.5671501049704569,1.106826032899505,0.4887218177318573,0.8721804618835449,0.9229323267936707,0.7322424655179557,0.01668698340654373,0.02648593857884407
473,1.19730986292649,9216.088118612955,1,0.5460245943825366,0.5671501049704569,1.106826032899505,0.4887218177318573,0.8721804618835449,0.9229323267936707,0.7322424655179557,0.016612492501735687,0.02577208075672388
474,1.19730986292649,9216.088118612955,1,0.5460245943825366,0.5671501049704569,1.106826032899505,0.4887218177318573,0.8721804618835449,0.9229323267936707,0.7322424655179557,0.016898011788725853,0.02619387861341238
475,1.19730986292649,9216.088118612955,1,0.5460245943825366,0.5671501049704569,1.106826032899505,0.4887218177318573,0.8721804618835449,0.9229323267936707,0.7322424655179557,0.0168311120942235,0.026095950044691563
476,1.19730986292649,9216.088118612955,1,0.5460245943825366,0.5671501049704569,1.106826032899505,0.4887218177318573,0.8721804618835449,0.9229323267936707,0.7322424655179557,0.01670735329389572,0.025816170498728752
477,1.19730986292649,9216.088118612955,1,0.5460245943825366,0.5671501049704569,1.106826032899505,0.4887218177318573,0.8721804618835449,0.9229323267936707,0.7322424655179557,0.017105521634221077,0.02645963802933693
478,1.19730986292649,9216.088118612955,1,0.5460245943825366,0.5671501049704569,1.106826032899505,0.4887218177318573,0.8721804618835449,0.9229323267936707,0.7322424655179557,0.01739880908280611,0.027433902956545353
479,1.19730986292649,9216.088118612955,1,0.5460245943825366,0.5671501049704569,1.106826032899505,0.4887218177318573,0.8721804618835449,0.9229323267936707,0.7322424655179557,0.017310211434960365,0.027818911708891392
480,1.19730986292649,9216.088118612955,1,0.5460245943825366,0.5671501049704569,1.106826032899505,0.4887218177318573,0.8721804618835449,0.9229323267936707,0.7322424655179557,0.017588268965482712,0.027118515223264694
481,1.19730986292649,9216.088118612955,1,0.5460245943825366,0.5671501049704569,1.106826032899505,0.4887218177318573,0.8721804618835449,0.9229323267936707,0.7322424655179557,0.01754906866699457,0.02741425298154354
482,1.19730986292649,9216.088118612955,1,0.5460245943825366,0.5671501049704569,1.106826032899505,0.4887218177318573,0.8721804618835449,0.9229323267936707,0.7322424655179557,0.018022696487605572,0.027266614139080048
483,1.19730986292649,9216.088118612955,1,0.5460245943825366,0.5671501049704569,1.106826032899505,0.4887218177318573,0.8721804618835449,0.9229323267936707,0.7322424655179557,0.01625544484704733,0.025294093415141106
484,1.19730986292649,9216.088118612955,1,0.5460245943825366,0.5671501049704569,1.106826032899505,0.4887218177318573,0.8721804618835449,0.9229323267936707,0.7322424655179557,0.01798715628683567,0.028018290176987648
485,1.19730986292649,9216.088118612955,1,0.5460245943825366,0.5671501049704569,1.106826032899505,0.4887218177318573,0.8721804618835449,0.9229323267936707,0.7322424655179557,0.017002982087433338,0.026483047753572464
486,1.19730986292649,9216.088118612955,1,0.5460245943825366,0.5671501049704569,1.106826032899505,0.4887218177318573,0.8721804618835449,0.9229323267936707,0.7322424655179557,0.016284624114632607,0.026143649592995644
487,1.19730986292649,9216.088118612955,1,0.5460245943825366,0.5671501049704569,1.106826032899505,0.4887218177318573,0.8721804618835449,0.9229323267936707,0.7322424655179557,0.018782864324748516,0.028542899526655674
488,1.19730986292649,9216.088118612955,1,0.5460245943825366,0.5671501049704569,1.106826032899505,0.4887218177318573,0.8721804618835449,0.9229323267936707,0.7322424655179557,0.017255800776183605,0.027055355720221996
489,1.19730986292649,9216.088118612955,1,0.5460245943825366,0.5671501049704569,1.106826032899505,0.4887218177318573,0.8721804618835449,0.9229323267936707,0.7322424655179557,0.018135186284780502,0.027496333234012127
490,1.19730986292649,9216.088118612955,1,0.5460245943825366,0.5671501049704569,1.106826032899505,0.4887218177318573,0.8721804618835449,0.9229323267936707,0.7322424655179557,0.016427294351160526,0.025844600051641464
491,1.19730986292649,9216.088118612955,1,0.5460245943825366,0.5671501049704569,1.106826032899505,0.4887218177318573,0.8721804618835449,0.9229323267936707,0.7322424655179557,0.0173994991928339,0.026740816421806812
492,1.19730986292649,9216.088118612955,1,0.5460245943825366,0.5671501049704569,1.106826032899505,0.4887218177318573,0.8721804618835449,0.9229323267936707,0.7322424655179557,0.016736202873289585,0.02593763079494238
493,1.19730986292649,9216.088118612955,1,0.5460245943825366,0.5671501049704569,1.106826032899505,0.4887218177318573,0.8721804618835449,0.9229323267936707,0.7322424655179557,0.01655751373618841,0.025621982291340828
494,1.19730986292649,9216.088118612955,1,0.5460245943825366,0.5671501049704569,1.106826032899505,0.4887218177318573,0.8721804618835449,0.9229323267936707,0.7322424655179557,0.01634035538882017,0.025427243672311306
495,1.19730986292649,9216.088118612955,1,0.5460245943825366,0.5671501049704569,1.106826032899505,0.4887218177318573,0.8721804618835449,0.9229323267936707,0.7322424655179557,0.017623048275709152,0.027635172940790653
496,1.19730986292649,9216.088118612955,1,0.5460245943825366,0.5671501049704569,1.106826032899505,0.4887218177318573,0.8721804618835449,0.9229323267936707,0.7322424655179557,0.017635137774050236,0.02706418465822935
497,1.19730986292649,9216.088118612955,1,0.5460245943825366,0.5671501049704569,1.106826032899505,0.4887218177318573,0.8721804618835449,0.9229323267936707,0.7322424655179557,0.01681684236973524,0.026214009150862694
498,1.19730986292649,9216.088118612955,1,0.5460245943825366,0.5671501049704569,1.106826032899505,0.4887218177318573,0.8721804618835449,0.9229323267936707,0.7322424655179557,0.016806422732770443,0.026000299490988255
499,1.19730986292649,9216.088118612955,1,0.5460245943825366,0.5671501049704569,1.106826032899505,0.4887218177318573,0.8721804618835449,0.9229323267936707,0.7322424655179557,0.01688753254711628,0.026382848620414734
