iteration,loss,lengthscale,outputscale,likelyhood_noise,test_MAE,test_NLL,test_PICP50,test_PICP90,test_PICP95,test_RMSE,it_time_training,it_time
0,2.263252579869141,2.4612710510913205,1,1.0239372057958032,6.529130169898235,3.706262920676124,0.7363945841789246,0.9914966225624084,1.0,8.254813560052678,0.4310208233073354,0.459554823115468
1,2.008947884243435,2.5542910797189924,1,1.3466435999588224,6.29632299355195,3.737718138584117,0.7721088528633118,0.9965986609458923,1.0,7.946765449981419,0.11773097980767488,0.12479034531861544
2,1.7999617903309773,3.179265717006574,1,1.5917173629242622,5.824676056731414,3.7467936890483116,0.8452380895614624,1.0,1.0,7.3873840749225295,0.11848347820341587,0.125025593675673
3,1.7057559862235852,4.035827634283574,1,1.7341284364760585,5.407927587672807,3.7388069396588715,0.8673469424247742,0.9982993006706238,1.0,6.922890836381977,0.09914091881364584,0.10523171629756689
4,1.6416809011103266,5.130595517346777,1,1.7747135484452694,5.272694803817103,3.7133373516848467,0.8809523582458496,0.9982993006706238,1.0,6.797112246103863,0.0981503902003169,0.10420887731015682
5,1.5813070826853528,6.464428197593435,1,1.7261778808065567,5.284336073059598,3.6725248066690277,0.8571428656578064,0.9965986609458923,1.0,6.77092803109909,0.09342477098107338,0.09939986746758223
6,1.500768654819394,8.024517695813207,1,1.6026801279816834,4.9646387779598165,3.6113378578801263,0.8605442047119141,0.9982993006706238,0.9982993006706238,6.402188123713615,0.09441669937223196,0.10043644718825817
7,1.447349734341434,9.629749418930766,1,1.4184324900044447,4.966290334772331,3.5560262753631626,0.8214285969734192,0.9897959232330322,1.0,6.393778375740156,0.09336921107023954,0.09922860842198133
8,1.3897409333176558,11.113059350139883,1,1.2069205493515267,4.903206069675981,3.4913970006333215,0.7891156673431396,0.9863945841789246,0.9965986609458923,6.304516345915336,0.09394520055502653,0.09979838784784079
9,1.3397908709872313,12.476332241802496,1,0.9937799242281535,4.865448196418957,3.426130308755209,0.7636054158210754,0.9829931855201721,0.9931972622871399,6.205482604857313,0.09548191726207733,0.10149207431823015
10,1.292799408642852,13.652220590491991,1,0.8086677939553645,4.783865881543591,3.370987054872012,0.7329931855201721,0.9659863710403442,0.9863945841789246,6.227998842033565,0.10294222086668015,0.10904610715806484
11,1.2671090216033187,14.8361493284036,1,0.6714481755924181,4.890581806216559,3.340672213757089,0.6666666865348816,0.9659863710403442,0.9744898080825806,6.343848105794648,0.09348832070827484,0.09947881940752268
12,1.2602323972022447,15.888234635006766,1,0.5903309950826771,4.9798910918653005,3.3214348144174157,0.615646243095398,0.9591836929321289,0.9710884094238281,6.371500251807018,0.09318693168461323,0.09918320830911398
13,1.2530068695584673,16.997688984772232,1,0.5621667011257417,4.813503204173025,3.289051355759016,0.6326530575752258,0.9489796161651611,0.9744898080825806,6.16060238470732,0.09361434075981379,0.09960553795099258
14,1.2520528387324905,18.12019105293032,1,0.5655504699132913,4.784912607064657,3.2891183339001007,0.6360543966293335,0.9523809552192688,0.9693877696990967,6.176764095862534,0.09398758970201015,0.09989873692393303
15,1.2514924138173236,19.19426169316345,1,0.585413578062531,4.682682155160589,3.27792266886311,0.6479591727256775,0.9625850319862366,0.976190447807312,6.047393347147987,0.09619263559579849,0.10222615208476782
16,1.2123213833611985,20.20316657304088,1,0.5971316327994727,4.709048710631372,3.285126833486723,0.6496598720550537,0.954081654548645,0.9710884094238281,6.118350941211627,0.09369582124054432,0.0995336277410388
17,1.1987457505401415,21.14029563657283,1,0.5864261611838649,4.659648369650335,3.274207443151924,0.6479591727256775,0.9557822942733765,0.976190447807312,6.046218285034328,0.09305398259311914,0.09892518911510706
18,1.1959747462180497,21.9415626196714,1,0.5636643444107474,4.516441461026338,3.2498987872260314,0.6530612111091614,0.9574829936027527,0.976190447807312,5.897748660581119,0.09450199920684099,0.10037193726748228
19,1.1824599173245505,22.698491848560433,1,0.5430305329355418,4.67421222411491,3.247797628286445,0.6122449040412903,0.9506802558898926,0.976190447807312,5.956470220484904,0.093160062097013,0.09913763962686062
20,1.1629280575276366,23.379684562151105,1,0.5253786704395601,4.706403510909666,3.2551948071235564,0.6173469424247742,0.9489796161651611,0.9659863710403442,6.063378832711518,0.09331119246780872,0.09921524953097105
21,1.168041220628034,24.05275047797725,1,0.5171079796546765,4.710642720374473,3.251533447239332,0.6190476417541504,0.9523809552192688,0.9693877696990967,6.038724538760433,0.09841984137892723,0.10434769839048386
22,1.161068422690119,24.691464771502133,1,0.520193188099893,4.620531083560653,3.2397018654045935,0.6207482814788818,0.9489796161651611,0.9693877696990967,5.946757844658226,0.09393186029046774,0.09991845767945051
23,1.158042932563746,25.296585624959533,1,0.5215631348631214,4.74995617693064,3.260236786638444,0.603741466999054,0.9404761791229248,0.9676870703697205,6.117401001881679,0.09357633162289858,0.09953710809350014
24,1.1773256293506231,25.83856756717323,1,0.526462296426916,4.76247166958167,3.2580651899783275,0.6326530575752258,0.9472789168357849,0.9727891087532043,6.097306815526485,0.09364985022693872,0.09961408842355013
25,1.158689184628523,26.32949821013002,1,0.5288961032291036,4.759944909470693,3.2606603901306253,0.6088435649871826,0.9591836929321289,0.9727891087532043,6.121250280246119,0.09399871155619621,0.09989840816706419
26,1.1562195379385878,26.81146389276797,1,0.5224821005998489,4.872486968065257,3.2663535831046193,0.5765306353569031,0.9489796161651611,0.9676870703697205,6.191195478018579,0.0940615888684988,0.09992522746324539
27,1.1638622622891794,27.29268737861935,1,0.5162283228227483,4.609360581010049,3.2242326184023957,0.6003401279449463,0.954081654548645,0.9727891087532043,5.854756480401698,0.09339949116110802,0.09927413892000914
28,1.1550381304482318,27.788987035978714,1,0.5151975851475169,4.5915012287182275,3.2292754200222347,0.6241496801376343,0.9438775777816772,0.9710884094238281,5.909377008300565,0.09360272996127605,0.099598728120327
29,1.1432435464443855,28.264788094727635,1,0.514676854702705,4.611315515981803,3.2293404992736128,0.6071428656578064,0.9370748400688171,0.9693877696990967,5.919207348103903,0.09779591206461191,0.10375524871051311
30,1.1362039101346975,28.69260510223059,1,0.5019888452466456,4.66162817830121,3.234748059793359,0.603741466999054,0.9506802558898926,0.9642857313156128,5.98721842255198,0.09327482152730227,0.0991672184318304
31,1.136051883232237,29.104452002885456,1,0.5017506581652345,4.759626355514048,3.2336905056515883,0.5799319744110107,0.9472789168357849,0.9676870703697205,5.987181924034791,0.09716878272593021,0.10302524082362652
32,1.149444685558326,29.5144506011682,1,0.5050858773573113,4.5461344738289675,3.207168462284826,0.615646243095398,0.954081654548645,0.9744898080825806,5.756602111053732,0.09389009140431881,0.09976472798734903
33,1.1415489175152838,29.94249333059376,1,0.5047227283946095,4.675848692502563,3.225929975468636,0.5986394286155701,0.9489796161651611,0.9778911471366882,5.924862331192743,0.09300837200134993,0.0987946093082428
34,1.1224892801306692,30.37128808132736,1,0.502762703699273,4.616821525150689,3.2285693853388087,0.603741466999054,0.954081654548645,0.9727891087532043,5.944507362624441,0.09413436986505985,0.10007691755890846
35,1.1370595056125168,30.801707881944946,1,0.49641878907318576,4.48209487363843,3.211803594558102,0.634353756904602,0.9608843326568604,0.9693877696990967,5.814156670304532,0.09344833064824343,0.09947952814400196
36,1.142264964360017,31.2444850542672,1,0.49567553629025785,4.505356292976151,3.206310452248867,0.6139456033706665,0.9506802558898926,0.9710884094238281,5.77827155663627,0.09304931201040745,0.098910809494555
37,1.1403408117864806,31.69561513367741,1,0.5017201694797722,4.557501583119384,3.213510463282673,0.615646243095398,0.9574829936027527,0.976190447807312,5.839938903257472,0.09630582667887211,0.10252663306891918
38,1.1179561662965254,32.054323987378055,1,0.5008343512300444,4.532773708820701,3.212234353091141,0.6122449040412903,0.9523809552192688,0.9727891087532043,5.830867971376005,0.0963206347078085,0.10238512139767408
39,1.1214602330977563,32.408037587650426,1,0.4875973972681482,4.573380062115673,3.2105331372745076,0.5799319744110107,0.954081654548645,0.9744898080825806,5.838032729204284,0.09653081372380257,0.10262642055749893
40,1.1074150637280942,32.75089537226602,1,0.4792285324409118,4.541878917714002,3.2016633092558706,0.5901360511779785,0.9523809552192688,0.976190447807312,5.783709111864138,0.0969834141433239,0.10310000088065863
41,1.1082958185471006,33.073596283039656,1,0.4743641273565127,4.585783308551172,3.2096207501716365,0.5884353518486023,0.9438775777816772,0.9659863710403442,5.867079537904172,0.10154214408248663,0.10790291056036949
42,1.1157429624346438,33.4252454765991,1,0.4803163524360811,4.540643226184025,3.2120545690426336,0.6054421663284302,0.9438775777816772,0.9676870703697205,5.875092900506251,0.09636238496750593,0.10250097140669823
43,1.1170556924735005,33.76336590989463,1,0.48608526004095337,4.441930660283788,3.1939589829746864,0.6224489808082581,0.9557822942733765,0.976190447807312,5.699961771337028,0.09911731909960508,0.10527725610882044
44,1.1058583588005393,34.108328422168746,1,0.48429402180677794,4.678494351598293,3.21918885920153,0.5765306353569031,0.9489796161651611,0.9710884094238281,5.921633233452347,0.3237430611625314,0.3296630783006549
45,1.1243819892402318,34.44775247277522,1,0.4808860226081555,4.55625232359523,3.2025950834273877,0.5918367505073547,0.9438775777816772,0.9744898080825806,5.784853288025766,0.09361507091671228,0.09960838779807091
46,1.1316243490195677,34.76825911735582,1,0.4954822173089156,4.561668592039948,3.213384504824428,0.603741466999054,0.9472789168357849,0.9727891087532043,5.832081907452993,0.09327665157616138,0.09918040875345469
47,1.1163997463794721,35.076187161074444,1,0.5104783619512806,4.556099092531667,3.2106774706430756,0.6020408272743225,0.9557822942733765,0.9744898080825806,5.770045283530203,0.09403794072568417,0.0999038377776742
48,1.1121084556330991,35.41336383990295,1,0.4906553545014321,4.605319371828704,3.2060560633370856,0.5969387888908386,0.954081654548645,0.9727891087532043,5.809858294416021,0.09313308168202639,0.09900103881955147
49,1.1008377064146329,35.75740291574919,1,0.46978881700995834,4.369188241291443,3.1862523847304365,0.6139456033706665,0.9557822942733765,0.976190447807312,5.689476127775654,0.09303637128323317,0.09897845983505249
50,1.1100009112382438,36.086589295239534,1,0.46083406582483244,4.492499099585657,3.196114052326709,0.5799319744110107,0.9523809552192688,0.9727891087532043,5.776285857846716,0.09355402085930109,0.09948509838432074
51,1.114561102834289,36.41092696019607,1,0.4762471175612638,4.52530575247116,3.2005368347536707,0.5918367505073547,0.9489796161651611,0.9710884094238281,5.7683743918293064,0.09405073057860136,0.09997523855417967
52,1.1029032249799224,36.773321592290124,1,0.48925988089547545,4.518003359892435,3.2165908532377943,0.6122449040412903,0.9438775777816772,0.9710884094238281,5.866508483408805,0.09306810237467289,0.09900038968771696
53,1.110976600410637,37.10799907352423,1,0.487014954711535,4.407816122709815,3.207531256299874,0.6428571343421936,0.9404761791229248,0.9676870703697205,5.811151194076078,0.09312988165766001,0.09916937910020351
54,1.1185795419650069,37.434746702279206,1,0.4802110272669806,4.663032954199918,3.2268960487648544,0.5901360511779785,0.9472789168357849,0.9744898080825806,5.97293039244352,0.09346113074570894,0.0994615089148283
55,1.1314756692880927,37.72021070568013,1,0.4780012074947536,4.525729699568689,3.2047081446118204,0.6139456033706665,0.9472789168357849,0.9744898080825806,5.803900676181006,0.09339339192956686,0.09925739839673042
56,1.1162704175506681,38.036053524431324,1,0.4840625724517067,4.4523389194242,3.1915033049713903,0.5918367505073547,0.9625850319862366,0.9744898080825806,5.689579300857543,0.09370581991970539,0.09958528820425272
57,1.108738070554099,38.35884406450073,1,0.4788248080539662,4.589729827249244,3.203890129412689,0.5782312750816345,0.954081654548645,0.9659863710403442,5.81427156954392,0.09338163118809462,0.09923936892300844
58,1.105859063381504,38.66988528836844,1,0.47634021436416357,4.530226787629724,3.2001231759821436,0.5918367505073547,0.9506802558898926,0.9744898080825806,5.801614468875472,0.09721495397388935,0.10314753092825413
59,1.1106580880913561,38.96425578366654,1,0.47581452695013493,4.650994269614559,3.209759749803303,0.5646258592605591,0.9489796161651611,0.9659863710403442,5.86937145067548,0.09413516987115145,0.10015720687806606
60,1.090019534076253,39.27310770156044,1,0.47193218687219085,4.458277557893505,3.184007002200417,0.5952380895614624,0.954081654548645,0.9727891087532043,5.660130119732824,0.09354126080870628,0.09951200801879168
61,1.1087501694218738,39.58943639021948,1,0.45679525022601275,4.414830367535656,3.1818779462825257,0.5833333134651184,0.954081654548645,0.9727891087532043,5.683757569494013,0.10022388678044081,0.10625317320227623
62,1.1068451325333701,39.877237804304094,1,0.47314896031971515,4.635673349446774,3.223657108706158,0.5918367505073547,0.9472789168357849,0.9693877696990967,5.971844736771549,0.09305029176175594,0.09896535892039537
63,1.1185163015732262,40.21339494220606,1,0.4977628389348473,4.575452719494573,3.2140101900675515,0.6139456033706665,0.9523809552192688,0.9727891087532043,5.8149600609214565,0.0935727609321475,0.09948518872261047
64,1.1101509838086638,40.54467986811752,1,0.48710228466588945,4.495436430829734,3.1924809847579083,0.6105442047119141,0.9472789168357849,0.9778911471366882,5.689572131201219,0.0935845011845231,0.09952878952026367
65,1.1110298623360126,40.88191010820676,1,0.47013569955750933,4.578629820697706,3.209809566116345,0.6020408272743225,0.9404761791229248,0.9608843326568604,5.872967945924888,0.09297891240566969,0.09895294904708862
66,1.1198143494071335,41.234838555412566,1,0.47866015351397073,4.589278364730899,3.2155235552480472,0.6105442047119141,0.9438775777816772,0.9693877696990967,5.911087745133218,0.09743110276758671,0.10342623852193356
67,1.1188198869633084,41.548514338646314,1,0.4869530800810516,4.5846525124465565,3.231648975685527,0.6139456033706665,0.9455782175064087,0.9727891087532043,5.997382853621964,0.0931532820686698,0.09909054078161716
68,1.1403726237749374,41.8765386559368,1,0.49526502494619895,4.75774196040987,3.235001575767387,0.5918367505073547,0.9472789168357849,0.9625850319862366,6.062108953206063,0.09350640047341585,0.09951517730951309
69,1.1412733058030315,42.198025382538546,1,0.5164934391943342,4.512174114897584,3.206390019138838,0.6071428656578064,0.9591836929321289,0.9778911471366882,5.742822859902201,0.09389461111277342,0.09976630844175816
70,1.1300900511809628,42.52298421742335,1,0.5030527278253561,4.5192960278070675,3.2019278950989065,0.6105442047119141,0.9642857313156128,0.9778911471366882,5.743842102147334,0.09374507050961256,0.09970325883477926
71,1.123692547160463,42.84593856732623,1,0.484143121015693,4.658713866060907,3.2118715902149044,0.5850340127944946,0.9387755393981934,0.9676870703697205,5.885014889070088,0.09303941205143929,0.0988798700273037
72,1.116442301308594,43.19284213197848,1,0.4817365674673393,4.565774717632894,3.206229805094533,0.5952380895614624,0.9574829936027527,0.9778911471366882,5.825714271619272,0.09424666967242956,0.10023366753011942
73,1.1071004815157466,43.53155188882741,1,0.47433304935709064,4.42768440307755,3.2039604243439443,0.6224489808082581,0.9353741407394409,0.9676870703697205,5.827085567224989,0.09338642098009586,0.09933442808687687
74,1.124991079517429,43.831533753686166,1,0.4810812426402743,4.46862554735944,3.1968730744862253,0.6258503198623657,0.9557822942733765,0.9676870703697205,5.767495737744623,0.09301368147134781,0.09879397973418236
75,1.1241224365760247,44.125842820848135,1,0.4898662959007726,4.5076890428969225,3.195910088092781,0.5935373902320862,0.9523809552192688,0.9778911471366882,5.720786548036071,0.09430755954235792,0.10020007658749819
76,1.100080787342151,44.42951101995585,1,0.48151788494300946,4.480508956755358,3.20050726299681,0.6003401279449463,0.9523809552192688,0.9744898080825806,5.7806780031055185,0.09299940150231123,0.09896642994135618
77,1.1071103469632753,44.75862107180599,1,0.4650976725194227,4.355884253436312,3.1715390656681084,0.6224489808082581,0.9608843326568604,0.976190447807312,5.594732273489892,0.10475679766386747,0.11127293389290571
78,1.1005028460630881,45.1093784085387,1,0.4651973387006979,4.543964423974474,3.1955967540784314,0.5748299360275269,0.9506802558898926,0.9812925457954407,5.779517871816146,0.09612380620092154,0.102369942702353
79,1.1048627475424648,45.44193756095004,1,0.47222960021075866,4.487138556444305,3.1857583210285796,0.5833333134651184,0.954081654548645,0.9710884094238281,5.686309689180395,0.09538184758275747,0.1014803247526288
80,1.112535183278245,45.72893763199669,1,0.4818344478178862,4.596158282381407,3.1972111791830558,0.5867347121238708,0.9489796161651611,0.9744898080825806,5.769657311253763,0.10004689823836088,0.10601359512656927
81,1.1103224258030313,46.00582625261911,1,0.48015490970188424,4.396990113484977,3.1774727022405425,0.5918367505073547,0.9574829936027527,0.9778911471366882,5.597642225072496,0.09644954558461905,0.10257392097264528
82,1.1068716447672309,46.27967708475109,1,0.47278139138029096,4.4913706132965645,3.180823208795567,0.5986394286155701,0.9625850319862366,0.9744898080825806,5.646946113562414,0.09596951678395271,0.10203131381422281
83,1.1028440162909166,46.575364887022445,1,0.46860209838650124,4.482654665161378,3.1920852697882487,0.6054421663284302,0.9523809552192688,0.9710884094238281,5.749818822698971,0.09562807623296976,0.10162827465683222
84,1.117727984089458,46.883502663028295,1,0.4752637360380858,4.749313659353204,3.2318149619260446,0.5799319744110107,0.9370748400688171,0.9676870703697205,6.055747768607885,0.09701662417501211,0.10308036115020514
85,1.1039952534602684,47.2042678445008,1,0.4976553262466433,4.455985280261463,3.1995100922583912,0.6173469424247742,0.9455782175064087,0.9727891087532043,5.729033820654758,0.09552500676363707,0.10158019419759512
86,1.1009184160379686,47.49326915375801,1,0.4720855766786269,4.396205523752533,3.1789253420854475,0.6071428656578064,0.9472789168357849,0.9727891087532043,5.641843954935395,0.09532574750483036,0.10146532393991947
87,1.1061534232744765,47.773144579761116,1,0.4572268127390512,4.463682729296877,3.1855543411183445,0.5935373902320862,0.954081654548645,0.9693877696990967,5.715421576093559,0.09574548620730639,0.10195187199860811
88,1.114523967516782,48.06124796857272,1,0.48772084553197087,4.456581215219944,3.1994153689823865,0.5969387888908386,0.9608843326568604,0.9744898080825806,5.761896218286719,0.09606699552386999,0.10212095268070698
89,1.1182428952031216,48.34319367052411,1,0.49546896825176723,4.390727235939537,3.1802961499182287,0.6122449040412903,0.9625850319862366,0.9744898080825806,5.577431589169159,0.09519454650580883,0.10222664196044207
90,1.0969444860828919,48.624953273032894,1,0.478069028663384,4.740587264895314,3.2387850779706437,0.5884353518486023,0.930272102355957,0.9625850319862366,6.102721060722579,0.09525847714394331,0.10143253393471241
91,1.133211016457937,48.914851491860176,1,0.4783646695966851,4.591234836303294,3.201601059929891,0.5867347121238708,0.9523809552192688,0.9744898080825806,5.786983140325374,0.09653666522353888,0.10274345241487026
92,1.1181236739200224,49.23890969301352,1,0.4856677285178621,4.609313525879649,3.2341338770270696,0.5969387888908386,0.9472789168357849,0.9642857313156128,6.034308360701137,0.09650681354105473,0.10278849024325609
93,1.1496118145808216,49.55867763287452,1,0.5151001890258982,4.555765116235908,3.2139671093246407,0.6139456033706665,0.9506802558898926,0.976190447807312,5.8220907328106355,0.09701506420969963,0.1032280707731843
94,1.1231094002215556,49.87752515423494,1,0.5068612314451103,4.454773274178755,3.195381141441674,0.6241496801376343,0.9608843326568604,0.976190447807312,5.684536748658964,0.0970495343208313,0.10323346126824617
95,1.119754974487858,50.164312820046334,1,0.4737437585915306,4.489350450480632,3.1928914441990544,0.5901360511779785,0.954081654548645,0.9744898080825806,5.734649553365737,0.09499881789088249,0.10114655457437038
96,1.109161521894709,50.45451851806206,1,0.4784938596667251,4.686033995972621,3.206610061819453,0.5731292366981506,0.9523809552192688,0.9727891087532043,5.830018072602325,0.09532904718071222,0.10221320297569036
97,1.111792333370631,50.74968625361913,1,0.4889348916565754,4.507977114356077,3.197096981554204,0.5986394286155701,0.9608843326568604,0.9778911471366882,5.7448924438523115,0.096741515211761,0.10279400181025267
98,1.1106308285770279,51.042533023337455,1,0.476239534876415,4.5450976123042865,3.201278294991038,0.5833333134651184,0.9472789168357849,0.976190447807312,5.830805627283971,0.09546416625380516,0.10163765400648117
99,1.1019328876744614,51.335812867729324,1,0.47477510238828957,4.553073135515168,3.193949216486558,0.6054421663284302,0.954081654548645,0.976190447807312,5.754371420621614,0.09525484777987003,0.10132768470793962
100,1.0959168515236166,51.59604823361987,1,0.46541057627162247,4.459958703907017,3.179990295399146,0.5765306353569031,0.9523809552192688,0.9778911471366882,5.644038297298502,0.09634104464203119,0.10234178137034178
101,1.0869305453409701,51.865312257398415,1,0.4660001235826017,4.596781485105229,3.201161622416035,0.5782312750816345,0.9455782175064087,0.9778911471366882,5.8242991488282465,0.09565187711268663,0.10189334396272898
102,1.106661727612592,52.14154936348522,1,0.46633272097406864,4.598506768583838,3.2020898772637962,0.5782312750816345,0.9438775777816772,0.9727891087532043,5.837479658827452,0.09557187743484974,0.10180555284023285
103,1.1355295155700813,52.46363627171724,1,0.49878611099140335,4.871908795040503,3.245610002969622,0.5595238208770752,0.9506802558898926,0.9710884094238281,6.111185036184011,0.09643068537116051,0.10251625254750252
104,1.137281538401052,52.75160235891564,1,0.5360116584780513,4.511307749971249,3.21938876630863,0.6258503198623657,0.9659863710403442,0.9778911471366882,5.80166560017387,0.09589328523725271,0.10200347285717726
105,1.1290731661683717,53.03705254028422,1,0.5010123029517413,4.61967378241506,3.2129731472607532,0.5935373902320862,0.954081654548645,0.9778911471366882,5.839625319821098,0.09606016613543034,0.10221648309379816
106,1.1224930628882395,53.325295289501156,1,0.4743267267715957,4.510153615037579,3.189411670406588,0.5867347121238708,0.9506802558898926,0.9795918464660645,5.718579450387227,0.09639799501746893,0.1024519419297576
107,1.0947345739078784,53.59262458448153,1,0.4715756577203659,4.671834496462515,3.220839341347794,0.5748299360275269,0.9438775777816772,0.9744898080825806,5.988919241618717,0.09588626585900784,0.10187677387148142
108,1.1256406995502355,53.87546112695184,1,0.4811645206791076,4.602994036883245,3.205784671880153,0.5714285969734192,0.9455782175064087,0.9710884094238281,5.832318318533289,0.09547093696892262,0.10151839349418879
109,1.0914238961690483,54.1509009980653,1,0.49698618031463104,4.529623561134355,3.198023650581304,0.5901360511779785,0.9506802558898926,0.9676870703697205,5.744808258282885,0.10529078636318445,0.11130078323185444
110,1.0925781367740366,54.43211912157834,1,0.464322392109377,4.438859255828084,3.1821746059793687,0.5901360511779785,0.9506802558898926,0.9693877696990967,5.680604206896098,0.0938913393765688,0.09983270708471537
111,1.0909589771347599,54.701628791893604,1,0.4592854980011546,4.650282496164305,3.202039453427632,0.5663265585899353,0.9557822942733765,0.9795918464660645,5.863316837650337,0.09241752326488495,0.09834444988518953
112,1.0919452115167188,54.959365575627736,1,0.47148363452267966,4.624658129414264,3.2060049720372343,0.5901360511779785,0.9557822942733765,0.9710884094238281,5.868465279986492,0.09397540986537933,0.09993242844939232
113,1.0744728544881632,55.195592644708476,1,0.4638723635220948,4.6394084531477775,3.2012995710128753,0.5680271983146667,0.9472789168357849,0.9744898080825806,5.83398396273859,0.09786379151046276,0.10373676009476185
114,1.1028533103004061,55.46336411409813,1,0.4522961148408609,4.647382496229732,3.207985272092101,0.5493197441101074,0.9472789168357849,0.976190447807312,5.907140719220597,0.09372599981725216,0.09956886805593967
115,1.1108263720740463,55.71059383815077,1,0.4878368588791727,4.543087583110095,3.19007020210885,0.5867347121238708,0.9557822942733765,0.9795918464660645,5.701976243105847,0.09438236989080906,0.10025896690785885
116,1.0867417436873457,55.94246124783272,1,0.4934029697465645,4.4651285292981955,3.184816265363725,0.6071428656578064,0.9523809552192688,0.9778911471366882,5.649023274611442,0.09397538937628269,0.09984470810741186
117,1.075973999815045,56.209152655630724,1,0.45241470372070125,4.465103777982656,3.181063327178073,0.5680271983146667,0.9438775777816772,0.9710884094238281,5.717256522614923,0.09381113946437836,0.09977566637098789
118,1.0917997178921843,56.47307454627401,1,0.44257547267757885,4.593391920553368,3.184907074617909,0.557823121547699,0.9523809552192688,0.9727891087532043,5.761950047357955,0.09410528000444174,0.09999706782400608
119,1.0954061976560658,56.75294455065004,1,0.4792849834260156,4.580963248310837,3.196534866372667,0.5714285969734192,0.9591836929321289,0.976190447807312,5.795163843653931,0.09343528095632792,0.09931598883122206
120,1.092868182308074,57.02551959108022,1,0.48914198889376276,4.36061513350107,3.1857782567332067,0.6292517185211182,0.9574829936027527,0.9710884094238281,5.653621414866335,0.09726107306778431,0.10358963906764984
121,1.1202001293852508,57.2823523973645,1,0.4717099118208594,4.705368216288473,3.2056135845335727,0.557823121547699,0.9608843326568604,0.9778911471366882,5.8585832042986565,0.0970809431746602,0.10316095035523176
122,1.105816192008991,57.553560980601006,1,0.4859709305066482,4.677033800567458,3.199503092244666,0.5663265585899353,0.954081654548645,0.9795918464660645,5.776858945991802,0.09596449602395296,0.10194391291588545
123,1.0881132567640888,57.80798214245854,1,0.4859291580010758,4.468555577063905,3.195170508909911,0.5765306353569031,0.9574829936027527,0.9795918464660645,5.7516797788903995,0.09619320556521416,0.10232869256287813
124,1.0927372459722282,58.05228460485406,1,0.45665898751011136,4.461427906152802,3.1727507845085516,0.5782312750816345,0.9557822942733765,0.9778911471366882,5.644346957415523,0.09708001371473074,0.10323114041239023
125,1.1054463000659007,58.33262617395666,1,0.46123374086574687,4.544540690373812,3.191421438578834,0.5986394286155701,0.9506802558898926,0.9744898080825806,5.777372359558482,0.09512599837034941,0.10112346522510052
126,1.1008368423860475,58.59759175039476,1,0.4912376274050918,4.585688634557399,3.1990320719816077,0.5969387888908386,0.9591836929321289,0.976190447807312,5.780196946135095,0.09737649280577898,0.10346989054232836
127,1.1093607099359353,58.873660553691565,1,0.4936775150074363,4.626988576488875,3.2204173906819813,0.5884353518486023,0.9455782175064087,0.9625850319862366,5.92769651530064,0.09615651611238718,0.10241084173321724
128,1.1008194091480241,59.09468781163528,1,0.4845505967948418,4.580488164358402,3.2167723004375697,0.5884353518486023,0.9387755393981934,0.9659863710403442,5.91788798573656,0.09519305732101202,0.10125477518886328
129,1.1056558958181766,59.31590490401277,1,0.46786595834601313,4.5166210400042965,3.1852195764676448,0.5527210831642151,0.9608843326568604,0.9727891087532043,5.69370401418676,0.09581932704895735,0.10180428344756365
130,1.106196089898187,59.56922158015655,1,0.47785722574687467,4.544448492745187,3.1901381240716575,0.5952380895614624,0.9608843326568604,0.9812925457954407,5.7200998950544255,0.10000601876527071,0.10621449444442987
131,1.1044101776932387,59.80846052918824,1,0.48577849620786206,4.376285749420716,3.1743327504603367,0.6241496801376343,0.9608843326568604,0.9795918464660645,5.558337511114176,0.0965610546991229,0.10262982174754143
132,1.0800871871785622,60.058518587466786,1,0.4712253987840849,4.504261142085725,3.1816401016055345,0.5918367505073547,0.954081654548645,0.9744898080825806,5.687744803249278,0.0969595042988658,0.10314943082630634
133,1.085677448048151,60.3277637763777,1,0.44815921145131976,4.524804525186286,3.185858482176063,0.569727897644043,0.9489796161651611,0.9727891087532043,5.755583375743868,0.09937081951647997,0.10580830555409193
134,1.0900352272945455,60.547054369058415,1,0.4682608894514361,4.616637137031122,3.20075363390261,0.5748299360275269,0.9523809552192688,0.9727891087532043,5.834102278832975,0.09895512834191322,0.10531749576330185
135,1.1024512955769576,60.79165135723814,1,0.48849066959739973,4.577770819150103,3.2120782815295987,0.615646243095398,0.9438775777816772,0.9693877696990967,5.872233584263315,0.09734148252755404,0.10349186975508928
136,1.0954529369179034,61.011626580140174,1,0.48255648063852463,4.546477428655172,3.18805301212578,0.5867347121238708,0.9472789168357849,0.976190447807312,5.708550868084012,0.0951748676598072,0.1014953451231122
137,1.0881670399657448,61.24293598017973,1,0.45723480576221004,4.430155673342791,3.1652850973391784,0.5833333134651184,0.9472789168357849,0.9744898080825806,5.580505390725774,0.09609991684556007,0.1023320835083723
138,1.0825749143235959,61.467910678440866,1,0.4548319504794485,4.58134704206677,3.1960649131609786,0.5748299360275269,0.9455782175064087,0.9727891087532043,5.832158510688419,0.09590404573827982,0.1019274527207017
139,1.0850811602997048,61.707231743272246,1,0.47058182663417514,4.462018307222515,3.186325354847492,0.6020408272743225,0.9574829936027527,0.9727891087532043,5.724201272406529,0.09475005883723497,0.101019405759871
140,1.0919384523664684,61.92900978000694,1,0.47353985230097,4.638378912022732,3.204457576186437,0.5731292366981506,0.9489796161651611,0.9693877696990967,5.859177529674683,0.09650331549346447,0.10258507169783115
141,1.0957790831650798,62.156297301472016,1,0.46673925101005653,4.576859638491404,3.186931739438798,0.5884353518486023,0.9506802558898926,0.976190447807312,5.74532087074809,0.0956112565472722,0.10165972355753183
142,1.1011072213501005,62.42787367782027,1,0.48374950408390377,4.460821333186041,3.192511886066619,0.6003401279449463,0.9523809552192688,0.9778911471366882,5.735301039936214,0.09543516766279936,0.1015261234715581
143,1.1194155033882691,62.66691751482768,1,0.4941320364487014,4.695307246120147,3.219370939083238,0.5765306353569031,0.9642857313156128,0.9778911471366882,5.912318307890558,0.09609622601419687,0.10221222322434187
144,1.1099851681785486,62.92989824956966,1,0.5026371586436884,4.769259597928562,3.228873012654182,0.5663265585899353,0.9472789168357849,0.9778911471366882,6.004107310020862,0.09651358425617218,0.10264292173087597
145,1.1032375743776812,63.20253506780525,1,0.4706810883734452,4.527951722593238,3.1903087628920095,0.5884353518486023,0.9506802558898926,0.9744898080825806,5.767032879862743,0.09629226569086313,0.10231855232268572
146,1.088204261582072,63.48937083749637,1,0.45384582141670304,4.548317912828129,3.17145973438432,0.5799319744110107,0.9574829936027527,0.9744898080825806,5.643972016613937,0.38468804210424423,0.39077033940702677
147,1.0899387613682527,63.73894386019385,1,0.4660532155496361,4.542946094449036,3.1930369596107457,0.5799319744110107,0.9591836929321289,0.9778911471366882,5.778319368534055,0.09562182705849409,0.10175780393183231
148,1.0861835628288017,64.00497638202535,1,0.46879943379992217,4.4748721166615715,3.18068130949837,0.581632673740387,0.9472789168357849,0.9710884094238281,5.678639080478443,0.09533176757395267,0.10147155448794365
149,1.0834388393882997,64.27661193545065,1,0.4686208773061311,4.44503127906579,3.173984889885109,0.5850340127944946,0.9557822942733765,0.9744898080825806,5.6192694250330035,0.09382728021591902,0.09974262863397598
150,1.0970944273331718,64.55366703569868,1,0.459142330760261,4.587883739152865,3.194112559363037,0.569727897644043,0.9438775777816772,0.9744898080825806,5.796597972969677,0.09909997880458832,0.10522565618157387
151,1.0799535094206698,64.817040098168,1,0.4846566428501201,4.582820496339764,3.1932809448311783,0.5782312750816345,0.9489796161651611,0.9778911471366882,5.751036420510584,0.09532706625759602,0.10137346386909485
152,1.0852294643482856,65.06117329554714,1,0.4669677575722559,4.472213736898939,3.1777604730103457,0.5901360511779785,0.9455782175064087,0.9778911471366882,5.671380269017389,0.09811814222484827,0.10420379787683487
153,1.0905011053300442,65.29952008366408,1,0.4522938621171709,4.362188645345294,3.158283385576003,0.6139456033706665,0.9523809552192688,0.9710884094238281,5.546073388881144,0.09393619000911713,0.09982303716242313
154,1.0683741666257578,65.5202335650003,1,0.4773419287216249,4.513907333708928,3.178830183824153,0.5799319744110107,0.9642857313156128,0.9812925457954407,5.665399326652162,0.09630809538066387,0.10231971275061369
155,1.0668223580334504,65.70814218996233,1,0.4509053075688185,4.457637217898631,3.1690129781131993,0.5782312750816345,0.9523809552192688,0.9744898080825806,5.667629389601975,0.3713574595749378,0.3778040958568454
156,1.0842169139174682,65.89966320345687,1,0.4567836150703033,4.538985000743474,3.1810552403753385,0.5629251599311829,0.9472789168357849,0.976190447807312,5.716643591823731,0.10245492216199636,0.1088811382651329
157,1.128411152729652,66.10052109271062,1,0.503970264779615,4.868594099602546,3.2711339583267267,0.5986394286155701,0.9217687249183655,0.9523809552192688,6.340362699087063,0.4745516609400511,0.4812536062672734
158,1.1552576104049181,66.2770013730553,1,0.5882094618092313,4.83747868568416,3.265093529624383,0.6224489808082581,0.9591836929321289,0.9812925457954407,6.107685437644968,0.11030012555420399,0.11704056058079004
159,1.1397206980327026,66.4723669409764,1,0.5372336265676938,4.6425457478377865,3.225990385166393,0.615646243095398,0.9625850319862366,0.9812925457954407,5.9081114513988595,0.10372174996882677,0.11001701559871435
160,1.1148582960022446,66.70021560010235,1,0.45657654264662506,4.527665452708626,3.200846805584393,0.581632673740387,0.930272102355957,0.9693877696990967,5.852925651585736,0.09892705921083689,0.10529330652207136
161,1.091089290700341,66.95108684150784,1,0.46429471596631344,4.34496002223958,3.174467722727169,0.6105442047119141,0.9557822942733765,0.9778911471366882,5.62355560571372,0.09630404505878687,0.10261758137494326
162,1.0853139622456625,67.21758391272996,1,0.47070749260876055,4.73194565796188,3.21779989310195,0.5544217824935913,0.9438775777816772,0.9693877696990967,5.96947433889425,0.09551278594881296,0.10147532355040312
163,1.114470112949122,67.47920004259343,1,0.4836404371559949,4.563403642233525,3.201093641096247,0.5867347121238708,0.9523809552192688,0.9676870703697205,5.815420648567098,0.09324633236974478,0.09916010871529579
164,1.1079234453895617,67.71979906247157,1,0.5008018154044378,4.391574810781506,3.1842905533428576,0.6275510191917419,0.9625850319862366,0.9812925457954407,5.603827945344184,0.09371077083051205,0.09958325885236263
165,1.1058894876911443,67.95812837957075,1,0.4915342788354147,4.483970773536901,3.1915762858768058,0.603741466999054,0.9608843326568604,0.9778911471366882,5.707312097252712,0.09366254135966301,0.0995768578723073
166,1.0943809370454467,68.21261259817231,1,0.4544831172244649,4.65396764566193,3.198384623883009,0.5663265585899353,0.954081654548645,0.9727891087532043,5.816189393784903,0.09318709187209606,0.09921412821859121
167,1.086800484571741,68.47280820525337,1,0.459861673894821,4.6233805403269095,3.210614910688384,0.5731292366981506,0.9404761791229248,0.9727891087532043,5.936452934645688,0.09340604115277529,0.09930573962628841
168,1.0934131160252853,68.73716666111389,1,0.47439338072236725,4.53948673660668,3.19493268829125,0.5765306353569031,0.9523809552192688,0.9778911471366882,5.781290201510985,0.09249484352767467,0.0985155999660492
169,1.088353388256002,68.9983234365924,1,0.4740205216304885,4.52325711318101,3.1851702406249345,0.5850340127944946,0.9608843326568604,0.976190447807312,5.72137594712612,0.09314816258847713,0.09908053930848837
170,1.083471582884619,69.21963235593229,1,0.4670406842313773,4.577545130288835,3.18601835669274,0.5629251599311829,0.9489796161651611,0.9727891087532043,5.718075030591439,0.09366542100906372,0.09955897741019726
171,1.0892453467859444,69.45871462408982,1,0.46304793055042787,4.54280786720783,3.1934598651345634,0.5833333134651184,0.9455782175064087,0.9744898080825806,5.796471303320802,0.0934492526575923,0.09937907941639423
172,1.074978124615112,69.67005555635913,1,0.47072433602299824,4.490116329744834,3.1757679478010687,0.5833333134651184,0.9438775777816772,0.976190447807312,5.64477738874693,0.09351165220141411,0.09934109915047884
173,1.0713141297525672,69.85701138592316,1,0.45378403410675305,4.676226827694419,3.193716028389604,0.5646258592605591,0.9472789168357849,0.9744898080825806,5.800825030816118,0.09365214128047228,0.09966594818979502
174,1.0735588409227637,70.05991438227522,1,0.4550930360824059,4.68511061273995,3.2071329050482578,0.5561224222183228,0.9387755393981934,0.9659863710403442,5.904524047774251,0.09327192138880491,0.09941325895488262
175,1.0666930964329742,70.26562887587495,1,0.4667864518858811,4.4469638711657815,3.1864585018776275,0.5850340127944946,0.9574829936027527,0.9727891087532043,5.735231071356356,0.09248635359108448,0.09851201064884663
176,1.0861120694043174,70.49740517281214,1,0.45999108631799807,4.454334301356567,3.1785444213625187,0.5748299360275269,0.9472789168357849,0.9727891087532043,5.680983953641373,0.09399592038244009,0.09989414736628532
177,1.0712851108560222,70.71834438272818,1,0.4552688418699803,4.454372138840486,3.1730380818874053,0.5867347121238708,0.9523809552192688,0.976190447807312,5.656893147012564,0.09287955239415169,0.09878842998296022
178,1.0741591275210511,70.95102944726858,1,0.4538031605327717,4.539642270881003,3.1901109593751396,0.569727897644043,0.9472789168357849,0.9744898080825806,5.787412869399573,0.09394539054483175,0.09985923767089844
179,1.076541228492801,71.17034822492575,1,0.4665583922961393,4.52673702111656,3.1783069649652003,0.5765306353569031,0.9574829936027527,0.9778911471366882,5.655377798927022,0.09408196993172169,0.09993532672524452
180,1.0538316034735724,71.37121240730384,1,0.4463046409027928,4.339167680315298,3.150438725186829,0.5833333134651184,0.9625850319862366,0.9744898080825806,5.490072270831025,0.09313505236059427,0.09910512901842594
181,1.0512571519841398,71.57944729793667,1,0.4350774784066261,4.761548647450888,3.216551411742696,0.5646258592605591,0.9319728016853333,0.9591836929321289,6.015439286594798,0.09421155974268913,0.1001582071185112
182,1.1065915348223276,71.7743122241473,1,0.4738628296717732,4.532210720567514,3.199960687667411,0.5782312750816345,0.9557822942733765,0.9727891087532043,5.8078524310544,0.09414016921073198,0.10017373692244291
183,1.098934392755915,71.94846551901018,1,0.5243519261610831,4.4287571232070695,3.1950811464963103,0.6309523582458496,0.954081654548645,0.9795918464660645,5.63828674646741,0.09309416264295578,0.09898332040756941
184,1.1171132897528284,72.17804244776019,1,0.4880916909791731,4.55364594222145,3.2023319770106156,0.603741466999054,0.9557822942733765,0.9744898080825806,5.808931047219307,0.09599402640014887,0.10195337422192097
185,1.1035066156956013,72.42307599558801,1,0.4837780024385115,4.546165816751465,3.2057661303429703,0.5867347121238708,0.9523809552192688,0.9710884094238281,5.82137807827261,0.09585572592914104,0.10212192218750715
186,1.1082601949378093,72.66880298140936,1,0.4909968066427539,4.697011048006758,3.2120579471499227,0.5850340127944946,0.9608843326568604,0.9795918464660645,5.875325501810813,0.10023557674139738,0.10633962415158749
187,1.1271811604924717,72.89222350327051,1,0.504764826968296,4.651467692725559,3.233678791998418,0.5833333134651184,0.954081654548645,0.9778911471366882,6.028904113649993,0.10271606035530567,0.10887946747243404
188,1.1202409171469352,73.12160019489492,1,0.5050202161883866,5.207590234204541,3.288257224036978,0.5170068144798279,0.9370748400688171,0.9659863710403442,6.462442730767574,0.0964715052396059,0.10260778199881315
189,1.2080972285589076,73.36060815178874,1,0.5832741931054449,5.047817795222221,3.2972594028569935,0.5969387888908386,0.9625850319862366,0.9829931855201721,6.393610571762655,0.0944700688123703,0.10055368579924107
190,1.2165034460324053,73.56117358215077,1,0.6387392997751442,5.028603306138847,3.310586878567202,0.603741466999054,0.9574829936027527,0.9778911471366882,6.382643969603341,0.09666718542575836,0.10267393197864294
191,1.1757644691609892,73.74575031064562,1,0.5581123672228822,4.666752526982191,3.242688350130647,0.6020408272743225,0.9591836929321289,0.9778911471366882,5.9545823000294416,0.09562771674245596,0.10192259401082993
192,1.1232363468365545,73.99397699075604,1,0.4572855371207981,4.6829175691439415,3.225380650559948,0.5935373902320862,0.9387755393981934,0.9608843326568604,5.94158497791009,0.09584020636975765,0.10185845289379358
193,1.120755051087101,74.25496772688126,1,0.45612427435783,4.693074348783906,3.2251097082010713,0.5561224222183228,0.9404761791229248,0.9676870703697205,5.96708891218289,0.09591460600495338,0.10184094309806824
194,1.190544758982366,74.57555055784744,1,0.5508018242002837,4.5021455405430615,3.2341002521065763,0.6207482814788818,0.9591836929321289,0.9778911471366882,5.764298821418105,0.09608903527259827,0.10237762238830328
195,1.3475171164408077,74.91523325915894,1,0.6132950165867038,4.712464598602318,3.2979689003799884,0.6615646481513977,0.9710884094238281,0.9778911471366882,6.02636458917674,0.094721719622612,0.10082643665373325
196,1.4717852276372312,75.36852552678398,1,0.7627815824996607,4.906337018320066,3.378645904958199,0.7176870703697205,0.9642857313156128,0.9812925457954407,6.389432235616628,0.09733077231794596,0.10328477062284946
197,1.5576248766197438,75.83984372814538,1,0.8239668253974121,5.223088911917728,3.403135091122759,0.668367326259613,0.9642857313156128,0.9863945841789246,6.719184135328995,0.09572204668074846,0.10197088308632374
198,1.414347818956256,76.30274193776349,1,0.6806608843196853,4.9847287823988395,3.327112780067619,0.6292517185211182,0.9489796161651611,0.976190447807312,6.436649565695602,0.0951879471540451,0.10118689388036728
199,1.28695829521539,76.6464023346847,1,0.5059663324211034,4.994703148301534,3.2850157952882864,0.5646258592605591,0.9234693646430969,0.9659863710403442,6.406372805348297,0.09607982449233532,0.102229462005198
200,1.2202547616584845,76.8922984539664,1,0.5106394194998436,5.013437107240043,3.277222841753483,0.557823121547699,0.9404761791229248,0.9795918464660645,6.345764155380151,0.09538774751126766,0.10160679370164871
201,1.1686117413357389,77.10920695584686,1,0.5459330004406437,4.895909985748344,3.2669136188262247,0.5952380895614624,0.9523809552192688,0.9778911471366882,6.225176546035194,0.09529077634215355,0.10143816377967596
202,1.1686586043163618,77.29497912979683,1,0.5269283973330112,4.987816511100196,3.2602241713889923,0.5612244606018066,0.9404761791229248,0.9778911471366882,6.219986797271931,0.09620001539587975,0.10232972260564566
203,1.143350107294248,77.45011238333986,1,0.5276380833856701,4.829898043794511,3.250602676474037,0.5884353518486023,0.9557822942733765,0.9727891087532043,6.130078384798846,0.0933226915076375,0.09930004831403494
204,1.1373742121288657,77.6318688835175,1,0.5027598893886526,4.767336909352475,3.22931488626046,0.5731292366981506,0.9506802558898926,0.976190447807312,5.994593725647678,0.09315323177725077,0.09898004028946161
205,1.1247622663214885,77.84143620716168,1,0.49866662075869533,4.666274707450219,3.235778087964928,0.5680271983146667,0.942176878452301,0.9693877696990967,6.062081755822357,0.09416759014129639,0.1000717869028449
206,1.1058076721941275,77.99760180786946,1,0.49154708079117404,4.771827680465725,3.230727328904519,0.5442177057266235,0.9404761791229248,0.9693877696990967,6.028638698333104,0.09365354012697935,0.09964263718575239
207,1.099365548805994,78.17418886269748,1,0.4755657723715233,4.795826520405311,3.2411290274269846,0.557823121547699,0.9455782175064087,0.9676870703697205,6.14300543027547,0.09341403096914291,0.09948842786252499
208,1.1370374791264901,78.3838143852395,1,0.5040438781474056,4.643688896173507,3.217225616801127,0.5867347121238708,0.9489796161651611,0.9710884094238281,5.901746305605079,0.09310776181519032,0.09911150857806206
209,1.1175738802132955,78.60674960383868,1,0.5264447913896394,4.735792765958369,3.225239727418275,0.5952380895614624,0.954081654548645,0.976190447807312,5.924607444435522,0.09321033209562302,0.0991234490647912
210,1.1202822038415656,78.78492580778608,1,0.49856679203297816,4.679457493324084,3.2139243985418227,0.5867347121238708,0.9506802558898926,0.9744898080825806,5.886896461757286,0.09961998835206032,0.10582149494439363
211,1.0807518601167334,78.94845355824108,1,0.47053993250322684,4.523088401611574,3.1877708631602153,0.581632673740387,0.9455782175064087,0.9727891087532043,5.741259632263665,0.09363641124218702,0.09965016786009073
212,1.081712121758353,79.08936233813266,1,0.44107272983005374,4.538476814901787,3.2023523511241185,0.5748299360275269,0.9319728016853333,0.9608843326568604,5.898517057120322,0.09407383017241955,0.09989084675908089
213,1.1041035777024018,79.26779900777848,1,0.4804973440814858,4.509360630612686,3.199115464934479,0.5714285969734192,0.9455782175064087,0.976190447807312,5.811606933874111,0.09242386277765036,0.0983288511633873
214,1.0886798696414375,79.43847764478049,1,0.5058030891691042,4.778830349488519,3.240109381620491,0.5663265585899353,0.9387755393981934,0.9676870703697205,6.096114885233835,0.09309826232492924,0.09907240979373455
215,1.097537057426801,79.60111549759371,1,0.4830446935607673,4.5217245122890715,3.1959096936617333,0.5646258592605591,0.954081654548645,0.9795918464660645,5.774992123380178,0.09371243044734001,0.09954769816249609
216,1.0885963292341172,79.77113883531823,1,0.46042905188597094,4.513009093750276,3.186758757958905,0.5680271983146667,0.942176878452301,0.9727891087532043,5.755694656339829,0.09326788131147623,0.09924840927124023
217,1.0814080519781724,79.94356461235148,1,0.4625495410295323,4.662904522713494,3.2042646986010577,0.5629251599311829,0.9472789168357849,0.9727891087532043,5.878716384492491,0.092973992228508,0.0989212691783905
218,1.0829468798306137,80.11069234265423,1,0.47224193521568303,4.779264237146256,3.218595511155121,0.5476190447807312,0.9455782175064087,0.9693877696990967,5.982031623921464,0.09282091166824102,0.09880820848047733
219,1.0774797327431445,80.27321921924283,1,0.4662074655950056,4.510929381449714,3.1867289968676276,0.5969387888908386,0.954081654548645,0.9727891087532043,5.745522365546549,0.09328691102564335,0.09921246860176325
220,1.087170094329587,80.42639780091831,1,0.45854960760000174,4.49218746356142,3.1856636497178177,0.569727897644043,0.9574829936027527,0.9744898080825806,5.7312962120185755,0.09289051126688719,0.0989017691463232
221,1.1015750037066607,80.56749479959468,1,0.4783535016397428,4.645260978004679,3.206431267398423,0.5731292366981506,0.9506802558898926,0.9710884094238281,5.87062110510688,0.09396567940711975,0.09988518804311752
222,1.0791416204218578,80.7369941160949,1,0.49197088812237055,4.577931142835813,3.202330475732166,0.5935373902320862,0.9557822942733765,0.976190447807312,5.811211682066221,0.09341013059020042,0.0992302792146802
223,1.0951398823903395,80.92591427248307,1,0.4591669352702755,4.467934725049473,3.1893422658771406,0.5714285969734192,0.9472789168357849,0.9727891087532043,5.771190336881817,0.09580298606306314,0.10186632350087166
224,1.0922025272428588,81.0902941445385,1,0.4814755359166061,4.564510624243538,3.2007102088332484,0.5765306353569031,0.9472789168357849,0.9710884094238281,5.799774389629628,0.0961487153545022,0.102219732478261
225,1.1051566089246403,81.26386148886391,1,0.4972694718673685,4.699751152030011,3.2386394661974744,0.581632673740387,0.9404761791229248,0.9659863710403442,6.094844104102529,0.09603587444871664,0.10234069172292948
226,1.1133605625977896,81.46940637033305,1,0.5061975494150117,4.648572083940067,3.220064744770221,0.5782312750816345,0.9506802558898926,0.976190447807312,5.902579256284062,0.09604780562222004,0.1023583821952343
227,1.1176676357220667,81.67300472486318,1,0.49035490971785234,4.692934606360149,3.2096853385071573,0.5748299360275269,0.9625850319862366,0.9744898080825806,5.871208107583322,0.0956557858735323,0.10164859239012003
228,1.100462114182685,81.86507417901906,1,0.4927217347794157,4.616022922333968,3.2073878790338717,0.5680271983146667,0.942176878452301,0.9727891087532043,5.849111306645921,0.09419792983680964,0.10021201707422733
229,1.0861735871818243,82.04639650301556,1,0.46662760462573427,4.960853820506671,3.2525066931183906,0.5357142686843872,0.9234693646430969,0.9625850319862366,6.2548284711212085,0.09244225267320871,0.09836350940167904
230,1.199752105805662,82.20718782761881,1,0.5599012097015792,5.0949207224996815,3.298214497786395,0.5986394286155701,0.9438775777816772,0.9710884094238281,6.550268814968009,0.09761741198599339,0.10363367944955826
231,1.3657514089557743,82.50954932722586,1,0.8670638290310574,5.317908124940193,3.4190384803581013,0.6955782175064087,0.9625850319862366,0.9795918464660645,6.837876971144682,0.09538858756422997,0.10140399541705847
232,1.364336385089972,82.67809113665828,1,0.954057930788889,5.329935870149113,3.4263716421674606,0.6853741407394409,0.9812925457954407,0.988095223903656,6.7392978612467855,0.09540444612503052,0.10160036385059357
233,1.2937532403488536,82.82261509362054,1,0.690184293389637,4.993714221912263,3.333319448558549,0.646258533000946,0.9557822942733765,0.9744898080825806,6.4628853651644915,0.09684140514582396,0.10290293209254742
234,1.2241236383326008,82.94389395158912,1,0.49267123628098675,5.012243736337325,3.288633816816152,0.557823121547699,0.9166666865348816,0.9608843326568604,6.427162415715889,0.09800650179386139,0.10416944790631533
235,1.1938824846180747,83.06377414443696,1,0.5157975498855486,4.986248641281974,3.2786326943182464,0.5629251599311829,0.9336734414100647,0.9693877696990967,6.345072026624866,0.10519151762127876,0.11135464441031218
236,1.1607182973280585,83.17782100787564,1,0.5883726976519739,4.911729251030366,3.2877360104265354,0.6003401279449463,0.9557822942733765,0.976190447807312,6.316284288933791,0.09601983614265919,0.1020690631121397
237,1.1399076484531327,83.2825127526824,1,0.5321719305741514,4.768825746429296,3.255295690727495,0.603741466999054,0.9472789168357849,0.9659863710403442,6.162848411425499,0.09601842612028122,0.10210965294390917
238,1.127510455443244,83.38914585852812,1,0.47935960424886725,4.756021198260187,3.2211495731696167,0.5527210831642151,0.9523809552192688,0.9676870703697205,5.987158625705537,0.09591225627809763,0.10192935261875391
239,1.1261197036421386,83.54878633513009,1,0.4857119946823745,4.762166246461394,3.228538608389719,0.5680271983146667,0.9489796161651611,0.976190447807312,6.04142855775994,0.09641124494373798,0.10254248138517141
240,1.1013423386029542,83.73575881425643,1,0.5127991257410413,4.6680434533861925,3.2234476720668455,0.5612244606018066,0.9438775777816772,0.9727891087532043,5.951346748023406,0.10088147595524788,0.10710863303393126
241,1.0939763916907248,83.92687548818111,1,0.46721708493920566,4.65536131938485,3.209730290200843,0.5527210831642151,0.9506802558898926,0.9693877696990967,5.91539065346927,0.095423667691648,0.10146826412528753
242,1.085052216006841,84.15212709733892,1,0.45170762777517426,4.598136452730979,3.195756974879974,0.5527210831642151,0.9523809552192688,0.976190447807312,5.842321904283585,0.096130414865911,0.10230249166488647
243,1.0864934677393,84.35757640188771,1,0.4860363729725533,4.56030659643658,3.199695374252695,0.5765306353569031,0.9574829936027527,0.9795918464660645,5.807033923947914,0.09362891130149364,0.09957486763596535
244,1.097444757118768,84.55483795685372,1,0.48055910323511064,4.713607792614541,3.2177746537329366,0.5748299360275269,0.9404761791229248,0.9812925457954407,5.979774268706116,0.09331076126545668,0.09920466970652342
245,1.0851589882803616,84.75116384092426,1,0.47342333363239825,4.4933915364095585,3.189698252825842,0.5884353518486023,0.9455782175064087,0.9676870703697205,5.7591202653327525,0.0926488135010004,0.09861411992460489
246,1.1040644402174327,84.93633571594384,1,0.4652554060932689,4.858966455312309,3.2276657931568873,0.5408163070678711,0.9506802558898926,0.9659863710403442,6.065777629835962,0.0975069236010313,0.10372509993612766
247,1.1327885625053151,85.16759068364023,1,0.5349947134685671,4.8517880274960925,3.249121395281973,0.5850340127944946,0.9574829936027527,0.9778911471366882,6.129296269204949,0.09640536457300186,0.10231736302375793
248,1.1245688790351205,85.38459133917844,1,0.5296102001972123,4.771659499803341,3.2415252435264064,0.5748299360275269,0.954081654548645,0.9693877696990967,6.019421519115916,0.09569775592535734,0.10195659287273884
249,1.1239721775490004,85.58620899358627,1,0.49094681715388755,4.6170274221211205,3.212555800901375,0.5901360511779785,0.9557822942733765,0.9727891087532043,5.878201769719389,0.09829486161470413,0.10435460787266493
250,1.11928387084742,85.77771358309401,1,0.4869259218436819,4.705124975233607,3.2189022254430224,0.5561224222183228,0.9472789168357849,0.9710884094238281,5.940005300563095,0.09626102540642023,0.10265697073191404
251,1.1111429160390518,85.93425539345829,1,0.5042947993624114,4.73673363617902,3.2397245617569252,0.581632673740387,0.9455782175064087,0.9693877696990967,6.091067121969238,0.09600260574370623,0.10217559337615967
252,1.1078765456006527,86.09434905166526,1,0.48465785607114,4.512908846584297,3.19945453603734,0.6122449040412903,0.9523809552192688,0.9727891087532043,5.800757816013352,0.09443304967135191,0.10051248595118523
253,1.0997341756878958,86.26092917472319,1,0.47839915908958835,4.762161524478532,3.242520897869829,0.569727897644043,0.9387755393981934,0.9676870703697205,6.126644827564662,0.09405262023210526,0.10021846741437912
254,1.1235498355369498,86.46320566267158,1,0.5082886512334758,4.61948116572614,3.21813736902288,0.6071428656578064,0.9455782175064087,0.9744898080825806,5.90549976792502,0.09750144369900227,0.10360798053443432
255,1.0979785304106315,86.64991775000338,1,0.5000095217135009,4.44296483240385,3.188111570717077,0.6071428656578064,0.9676870703697205,0.9795918464660645,5.6655729802424775,0.09462977852672338,0.1008203849196434
256,1.0991321566884127,86.8219588586447,1,0.46183979700355926,4.616131399337955,3.2127042824076892,0.5969387888908386,0.942176878452301,0.9676870703697205,5.940472249076663,0.09573422558605671,0.1019043130800128
257,1.1003723839228476,86.99337746180522,1,0.48775852364719496,4.565844638823532,3.190830911416686,0.569727897644043,0.9574829936027527,0.9795918464660645,5.726243822065708,0.0966687835752964,0.10267445165663958
258,1.0925654784652197,87.18588524175705,1,0.4834277910309195,4.627660335058421,3.204997767986364,0.5782312750816345,0.9489796161651611,0.9744898080825806,5.843804049094278,0.09637777507305145,0.10268220212310553
259,1.0907067342877232,87.37161631875097,1,0.4747616610081087,4.528674467233134,3.1803607809901506,0.5714285969734192,0.9625850319862366,0.976190447807312,5.665377515238428,0.09709285385906696,0.10325972083956003
260,1.0962997111399349,87.5381936115558,1,0.4597300218047657,4.630568915269462,3.201217667330743,0.5493197441101074,0.942176878452301,0.9744898080825806,5.8602028607446135,0.09664672426879406,0.10273264162242413
261,1.098026460896151,87.7226409325823,1,0.5041627000565212,4.998232204384572,3.2774525294045573,0.5663265585899353,0.9285714030265808,0.9608843326568604,6.375378513916113,0.09556515607982874,0.10170495323836803
262,1.1221092004249664,87.87912748867919,1,0.5223472253141156,4.8583034948861465,3.2515714973899725,0.5850340127944946,0.954081654548645,0.9744898080825806,6.151475797820701,0.094641188159585,0.10069075599312782
263,1.1033438726566578,88.06537128261111,1,0.49073074260894767,4.951919479162978,3.273829009285406,0.569727897644043,0.9115646481513977,0.9693877696990967,6.355892122619559,0.09539356734603643,0.10163136478513479
264,1.124315871105059,88.24869773133904,1,0.4954890165954733,4.638600898883547,3.226479464904842,0.5833333134651184,0.942176878452301,0.9676870703697205,5.993283280499628,0.09982772823423147,0.1061044055968523
265,1.103653009621189,88.38647899540787,1,0.5024301453269163,4.642863837628402,3.2306378793888872,0.5765306353569031,0.9438775777816772,0.9710884094238281,6.00885185547283,0.36954021360725164,0.3757588304579258
266,1.10975978404302,88.54001485090059,1,0.47525441534205415,4.543396286341286,3.1866337462223946,0.5612244606018066,0.9591836929321289,0.976190447807312,5.717100390914587,0.09600304532796144,0.102063512429595
267,1.0809472656293637,88.72680567156961,1,0.4670142738703875,4.694259208832943,3.211975107891566,0.5544217824935913,0.9404761791229248,0.9676870703697205,5.92660207285802,0.09509844798594713,0.10115584451705217
268,1.0968835106411725,88.92040197128293,1,0.46878179170762235,4.683730715892998,3.20984951736909,0.5510203838348389,0.9387755393981934,0.9727891087532043,5.91058235498713,0.09522869624197483,0.10119888465851545
269,1.1054414450899188,89.13168549668971,1,0.4875224879528124,4.60355918214898,3.1952267007779573,0.5663265585899353,0.954081654548645,0.976190447807312,5.764934121579832,0.09319704212248325,0.09902249928563833
270,1.0826042126730406,89.34910402392045,1,0.48835224959972934,4.566836881910708,3.1989710171360946,0.5493197441101074,0.942176878452301,0.9744898080825806,5.797408583011043,0.09447434917092323,0.10023579560220242
271,1.0771790805725192,89.54050069707701,1,0.45223888200557116,4.651391868617911,3.1964592372216583,0.5527210831642151,0.9387755393981934,0.9659863710403442,5.844479054393518,0.0945435706526041,0.10059002693742514
272,1.0949974286461386,89.72116843437465,1,0.4538073273484271,4.69836996238147,3.210599739357949,0.5442177057266235,0.9387755393981934,0.9608843326568604,5.933285749929547,0.09337849169969559,0.09916222002357244
273,1.0942467856535127,89.90733301148934,1,0.5214710701658033,4.553033919217883,3.20752745068616,0.5935373902320862,0.9608843326568604,0.9778911471366882,5.789288619054529,0.0938065405935049,0.09964574780315161
274,1.0878191975201765,90.04332949566964,1,0.47834569132763194,4.752806529168357,3.2191368493683,0.557823121547699,0.9455782175064087,0.9778911471366882,5.984810691132181,0.09318435192108154,0.09922556858509779
275,1.092363680941815,90.19092820312966,1,0.463197857358492,4.500353174617752,3.1946654525557556,0.5680271983146667,0.9506802558898926,0.9744898080825806,5.84206617497839,0.09335714112967253,0.09936549887061119
276,1.1072701620978014,90.3757506687598,1,0.48080039168894334,4.841092775032825,3.2252377510204946,0.5663265585899353,0.942176878452301,0.9659863710403442,6.061414420069684,0.09740016236901283,0.10337872989475727
277,1.1153831941389387,90.56094820822236,1,0.5218456937167124,4.599521750756358,3.2070768284233213,0.6054421663284302,0.9574829936027527,0.9778911471366882,5.80171216023853,0.09660227503627539,0.10287229157984257
278,1.1121782479645317,90.73622122755442,1,0.49173342997439445,4.7707404957428485,3.2109068947063157,0.5442177057266235,0.9472789168357849,0.9829931855201721,5.919300724234689,0.09586930647492409,0.10205890331417322
279,1.1141768388833824,90.90517539026781,1,0.4986026413918344,4.741048885751503,3.224167883390431,0.5680271983146667,0.9489796161651611,0.9727891087532043,5.970989820415913,0.09662403538823128,0.10277012176811695
280,1.109340421654615,91.08265922474439,1,0.5002019301762207,5.0984456725267515,3.282493651577955,0.5595238208770752,0.9472789168357849,0.9727891087532043,6.48422656914578,0.11610620282590389,0.12198490090668201
281,1.2390216102404907,91.30744062384944,1,0.6207643826719299,5.210642985898208,3.337978918187776,0.5833333134651184,0.942176878452301,0.9744898080825806,6.671346095865512,0.09488252829760313,0.10100153461098671
282,1.3268632218029193,91.43842189990953,1,0.841297821303111,5.348755876088774,3.4089362878623244,0.6428571343421936,0.9659863710403442,0.9795918464660645,6.831025726287167,0.09629229456186295,0.10244852211326361
283,1.265805072288885,91.5553818988735,1,0.740352754525516,5.070576060504353,3.342250791696708,0.6530612111091614,0.9625850319862366,0.9846938848495483,6.44117548805556,0.09669203404337168,0.10268529132008553
284,1.200587793441515,91.66614263792397,1,0.5146311494103034,4.988894338484626,3.284083288820994,0.5612244606018066,0.9336734414100647,0.9608843326568604,6.37805021476406,0.09641221445053816,0.10258281044661999
285,1.1977392470796087,91.78478122712723,1,0.49904629070324913,4.938020251841354,3.2778335937567236,0.5646258592605591,0.9251700639724731,0.9591836929321289,6.371635390517397,0.1039206488057971,0.11000338569283485
286,1.1748602028899018,91.93360021905684,1,0.6024504279328786,4.910475477031796,3.2788278556848893,0.615646243095398,0.9625850319862366,0.9795918464660645,6.215341520508435,0.0971735343337059,0.10334107093513012
287,1.1309964383150912,92.08578784057836,1,0.5757358228222413,4.787436571682002,3.261873650455788,0.6122449040412903,0.9489796161651611,0.9778911471366882,6.152685668003577,0.09497200790792704,0.10104307625442743
288,1.1284531767073256,92.18960226997376,1,0.46140933404706563,4.871804344187672,3.2348261156846325,0.5357142686843872,0.9387755393981934,0.9591836929321289,6.12603313419358,0.09567724727094173,0.10179800447076559
289,1.1109577224834022,92.30434170828903,1,0.4709905142846641,4.940942893841756,3.2584264756959693,0.5561224222183228,0.942176878452301,0.9659863710403442,6.27100296307713,0.09664713405072689,0.10273613128811121
290,1.1258398996201746,92.42930492475644,1,0.5398235633405853,4.69800171047528,3.233962428357565,0.6088435649871826,0.9591836929321289,0.976190447807312,5.956142300551777,0.09697791375219822,0.10307935997843742
291,1.113048594820363,92.60614358366831,1,0.5215218697353718,4.661325113672106,3.2283342871846505,0.5884353518486023,0.9625850319862366,0.9778911471366882,5.972911761617088,0.09722405299544334,0.10333427973091602
292,1.1100412214758097,92.77382377987094,1,0.46948950697788283,4.670495402475268,3.21200000337688,0.557823121547699,0.942176878452301,0.9710884094238281,5.940414770009934,0.09832905139774084,0.10479939728975296
293,1.1116867806059945,92.90795410048574,1,0.482369587685359,4.599846148206042,3.2207884983894353,0.5901360511779785,0.9455782175064087,0.9625850319862366,5.977326334358787,0.09617611486464739,0.10221405141055584
294,1.1463053204918416,93.04922158418775,1,0.5212298836216372,4.7714907169240615,3.2313528595034358,0.581632673740387,0.9557822942733765,0.976190447807312,5.995927159218544,0.09451346844434738,0.10033101681619883
295,1.112045320393386,93.21160609465967,1,0.5380569196647317,4.604557469047951,3.2175256517984745,0.6139456033706665,0.9608843326568604,0.9778911471366882,5.833660120495061,0.09300396218895912,0.09885749965906143
296,1.1016868255789263,93.36602819897942,1,0.4748879922151562,4.745115632167713,3.221815855125629,0.5731292366981506,0.9557822942733765,0.9727891087532043,5.9812948011544576,0.09358328115195036,0.09946131892502308
297,1.0941758809477413,93.52077853149716,1,0.4592017485989326,4.703341666403633,3.208330855640598,0.5391156673431396,0.9472789168357849,0.9727891087532043,5.9084044138569976,0.09441855829209089,0.10038973577320576
298,1.1145292004577485,93.7105374055991,1,0.4869216952946488,4.848167793876553,3.238696843582704,0.5527210831642151,0.9438775777816772,0.9710884094238281,6.098105807059608,0.0955124069005251,0.1017206022515893
299,1.120020511757284,93.88696618709508,1,0.5358217828144981,4.691425407064138,3.2408600152195843,0.5901360511779785,0.954081654548645,0.9727891087532043,6.040411718252919,0.09647203423082829,0.10265460144728422
300,1.1158945531156457,94.04451477069196,1,0.5093757436796581,4.789381369242474,3.247926046161298,0.5765306353569031,0.9353741407394409,0.976190447807312,6.133236870851156,0.09740475285798311,0.10377281904220581
301,1.086979322362857,94.23223822116334,1,0.46974851150123886,4.548635934089111,3.1962999758770447,0.5935373902320862,0.954081654548645,0.9727891087532043,5.813416159296664,0.09646930545568466,0.10278028156608343
302,1.1005163777711788,94.42738924153907,1,0.4500241655422438,4.529834903458577,3.183254077109841,0.5680271983146667,0.9472789168357849,0.9727891087532043,5.734250393057777,0.09588075615465641,0.10190888307988644
303,1.0879020109885014,94.60198389861425,1,0.5013154046703635,4.777804523906982,3.230789098141365,0.5442177057266235,0.9574829936027527,0.9744898080825806,6.025778388696408,0.09844396077096462,0.10459605697542429
304,1.0845895255783138,94.78139071146325,1,0.4805492743847458,4.77671168859452,3.223828704999265,0.5391156673431396,0.9387755393981934,0.9659863710403442,6.0012588874554575,0.09392836969345808,0.0999319776892662
305,1.1126322606234977,94.96329805268458,1,0.4684273552099022,4.618221471756037,3.200599611902229,0.5663265585899353,0.9523809552192688,0.9744898080825806,5.8396892381958025,0.09425364900380373,0.10014764778316021
306,1.1098794253826252,95.12703737431445,1,0.5195324153491209,4.890087771069986,3.245915733258516,0.5663265585899353,0.9489796161651611,0.9676870703697205,6.115575336315487,0.0945620583370328,0.10040417686104774
307,1.1149890549893955,95.3210761957036,1,0.5187215544276982,4.564519935097974,3.215536461383353,0.6139456033706665,0.9591836929321289,0.9795918464660645,5.835043311320538,0.09298582188785076,0.09896097984164953
308,1.1034401650719767,95.48563890857723,1,0.4732159211397855,4.646805799916848,3.210241520480713,0.569727897644043,0.942176878452301,0.9710884094238281,5.90207626017911,0.09390812087804079,0.0998101681470871
309,1.0902687065078462,95.60701139044583,1,0.48037465658651857,4.726940486228828,3.2215073535224104,0.5748299360275269,0.9489796161651611,0.9727891087532043,5.993263326613294,0.09282827284187078,0.0986990099772811
310,1.0893900038525548,95.71203161668663,1,0.4754768092570879,4.609751210659757,3.1977888804712826,0.5765306353569031,0.9506802558898926,0.9710884094238281,5.81518518207248,0.0939639201387763,0.09987934771925211
311,1.124285019412428,95.84022277551072,1,0.4956438941683858,4.623649203098737,3.214780123537439,0.5714285969734192,0.9591836929321289,0.9744898080825806,5.89754781553094,0.09395051933825016,0.09982405696064234
312,1.0910762912482546,95.9910708322903,1,0.5141826542679111,4.575633131116228,3.205611038456125,0.581632673740387,0.9574829936027527,0.976190447807312,5.781480400280657,0.09408762957900763,0.10006222687661648
313,1.09074045160798,96.12427264127044,1,0.45972814155347136,4.682656114321003,3.206507643666898,0.5476190447807312,0.9438775777816772,0.9710884094238281,5.900117682030388,0.09399416018277407,0.10002666804939508
314,1.0840339021433738,96.29453323057041,1,0.4642325488696116,4.860350941553296,3.2421452974704352,0.5289115905761719,0.9506802558898926,0.9727891087532043,6.186596717350606,0.09385894984006882,0.09984759707003832
315,1.104970427316228,96.45836282865996,1,0.5040785935264795,4.873866173428777,3.2382676358504887,0.5680271983146667,0.9472789168357849,0.9710884094238281,6.081634012564522,0.09409730974584818,0.10006301663815975
316,1.0982820899314605,96.61081740846986,1,0.4981327132005248,4.728095743281979,3.218246685830496,0.569727897644043,0.9506802558898926,0.9710884094238281,5.917609971947258,0.09246116317808628,0.09832272119820118
317,1.0891344251292419,96.76302607920242,1,0.46128808355018514,4.6656090718614776,3.2071178102931603,0.5510203838348389,0.9438775777816772,0.9710884094238281,5.914997244158321,0.09336882084608078,0.09937269799411297
318,1.0798054260410148,96.90502949503232,1,0.46506026928163025,4.5768776357888505,3.193194704753272,0.5663265585899353,0.9489796161651611,0.9727891087532043,5.822338021090571,0.09395917039364576,0.09994920715689659
319,1.0887193053409814,97.03157444311223,1,0.4766753613796576,4.9667520832066065,3.251685735709039,0.5408163070678711,0.9387755393981934,0.9710884094238281,6.270822011563949,0.09410974010825157,0.10003925766795874
320,1.2533027656778726,97.18494948328076,1,0.6599905213286451,6.304593109775839,3.4535030479346207,0.5170068144798279,0.9404761791229248,0.9846938848495483,7.753302459142985,0.09409630857408047,0.09990615677088499
321,1.4011892199478344,97.24903566118886,1,1.0344324489332188,5.744016660124454,3.4879658900554937,0.6581632494926453,0.9778911471366882,0.9914966225624084,7.251780062854613,0.09422122873365879,0.10026400722563267
322,1.3507325873481697,97.33156743612687,1,1.0010841038885934,5.301611866312396,3.4542531176307283,0.7142857313156128,0.9693877696990967,0.988095223903656,6.896604805174742,0.09390151035040617,0.09992761723697186
323,1.303674187198024,97.52516109468164,1,0.686829477067011,5.1292045709905,3.354423952361413,0.6360543966293335,0.9625850319862366,0.9846938848495483,6.524082253431489,0.09327165223658085,0.09920596890151501
324,1.2580518741528937,97.73698248530994,1,0.5339231188836266,5.045788259244719,3.303626658026384,0.6003401279449463,0.9336734414100647,0.9693877696990967,6.4885175513734925,0.0931726023554802,0.09912073891609907
325,1.2257925387090671,97.94813501405984,1,0.5875681202224843,4.867531722898638,3.282523950331307,0.603741466999054,0.9523809552192688,0.976190447807312,6.20325660625111,0.09384279977530241,0.0998335974290967
326,1.2026005997663254,98.13910415875195,1,0.6182862895346135,4.966278357441655,3.2967265084298445,0.5986394286155701,0.9693877696990967,0.9846938848495483,6.318457342956227,0.09636210557073355,0.10242123249918222
327,1.1725125843169033,98.30495855000763,1,0.566697838857161,4.820582089259976,3.270389140201495,0.5901360511779785,0.9557822942733765,0.976190447807312,6.1664296120398845,0.0961039662361145,0.10227874293923378
328,1.1638529847452836,98.47777406675714,1,0.5139953013060258,4.8619331372624774,3.262201093349671,0.5714285969734192,0.9438775777816772,0.9710884094238281,6.163688920006028,0.097105473279953,0.10313934087753296
329,1.1506715981847215,98.64710197809549,1,0.5359875306220212,4.849545393225031,3.259089140011668,0.5884353518486023,0.9489796161651611,0.9693877696990967,6.1748811807121085,0.09367363061755896,0.09961429890245199
330,1.1509810131259528,98.80628395750792,1,0.544011136454931,5.17561196530402,3.287532744557181,0.5493197441101074,0.9472789168357849,0.976190447807312,6.456361712077974,0.09323443192988634,0.0990578094497323
331,1.1578486786567646,98.9926264521562,1,0.5576452574203085,4.930842046624559,3.269260671074504,0.5986394286155701,0.9472789168357849,0.976190447807312,6.244446584018136,0.09375180024653673,0.09962530806660652
332,1.126707617429518,99.14627363457517,1,0.5093146098963603,5.0297082329955005,3.2757430406482273,0.5612244606018066,0.9455782175064087,0.9693877696990967,6.370014508518225,0.09352091141045094,0.09950087871402502
333,1.130155293079933,99.36734667583957,1,0.4900742812813625,4.909682021636312,3.2549087320934302,0.5476190447807312,0.9370748400688171,0.9710884094238281,6.253521636337608,0.09454165957868099,0.10044546611607075
334,1.1400726813262327,99.58727555722676,1,0.5256715413481172,4.721882062495249,3.2414230895126477,0.5833333134651184,0.9523809552192688,0.9778911471366882,6.057116495738918,0.09471137821674347,0.10066193621605635
335,1.1330174518654443,99.81378587995,1,0.5442296202913304,4.788696783586482,3.247940905274433,0.5901360511779785,0.9489796161651611,0.9744898080825806,6.078858182531737,0.09364073164761066,0.09958148933947086
336,1.129147988206976,99.98647085395066,1,0.5072896222018299,4.79804567440309,3.254134352481669,0.5714285969734192,0.9506802558898926,0.9710884094238281,6.192267093067354,0.09416971914470196,0.09997321758419275
337,1.1390773347332621,100.18119315538272,1,0.5087169293380864,4.711702739859603,3.2268991524292705,0.5833333134651184,0.9557822942733765,0.9727891087532043,5.970425303220858,0.0946038793772459,0.10037758573889732
338,1.1304733036628505,100.36480550586933,1,0.5320749154243525,4.88125514644026,3.2455620517290775,0.5595238208770752,0.9591836929321289,0.976190447807312,6.099871475521577,0.09318888187408447,0.09905970934778452
339,1.124663977837449,100.53635270829953,1,0.5191121114972435,4.646550462231905,3.2246832692072913,0.5833333134651184,0.9489796161651611,0.976190447807312,5.936733506322981,0.09499648958444595,0.10074556618928909
340,1.1119697503652552,100.72306884428345,1,0.4967574845086742,4.795711022399946,3.2318798118413015,0.5510203838348389,0.9455782175064087,0.9608843326568604,6.052702182600311,0.09453816898167133,0.10040730703622103
341,1.1370659544921657,100.91842608943404,1,0.5091286870776317,4.667230390052497,3.2174034262264852,0.5595238208770752,0.9608843326568604,0.9795918464660645,5.899792458910463,0.09318255260586739,0.09915229957550764
342,1.1166502198014963,101.13363023343729,1,0.5337020161200484,4.732464053339249,3.2471151320704736,0.5867347121238708,0.9574829936027527,0.9795918464660645,6.087499715050595,0.09474265854805708,0.10074043553322554
343,1.115191228639855,101.32363299527529,1,0.4990363175876231,4.698334022327626,3.226107448398919,0.5850340127944946,0.9472789168357849,0.9778911471366882,6.007995897524909,0.09367053117603064,0.09975279774516821
344,1.1196713747512501,101.46860028881747,1,0.48194057413220537,4.8742263174034255,3.2459445085352927,0.5561224222183228,0.942176878452301,0.9659863710403442,6.1696431675221,0.09361373167484999,0.09949669893831015
345,1.1294909792523564,101.61107935195444,1,0.5273689053849602,4.8152731091103,3.242275996716774,0.569727897644043,0.9438775777816772,0.9710884094238281,6.040974335266544,0.09370503108948469,0.0995852593332529
346,1.1255227086777562,101.73672875564345,1,0.5346758509016349,4.74100035113772,3.2409359939577866,0.5935373902320862,0.9557822942733765,0.9727891087532043,6.037979299249281,0.09761926159262657,0.10400902945548296
347,1.1128622193145818,101.90711234783274,1,0.49052382272649997,4.717271313777603,3.2304601021328465,0.5663265585899353,0.9489796161651611,0.9676870703697205,6.024714846765176,0.09446279983967543,0.10036977659910917
348,1.1001455031177028,102.0877152427461,1,0.4752056279090203,4.699531215787854,3.2131145916037234,0.5442177057266235,0.954081654548645,0.976190447807312,5.934569801766605,0.09381525963544846,0.09985228814184666
349,1.0862872684480331,102.26604037066299,1,0.4735033253045615,4.7628155745471945,3.2196942163754314,0.5408163070678711,0.9472789168357849,0.9778911471366882,5.9845578722577955,0.09389430098235607,0.09981585759669542
350,1.103611317493593,102.41379976185378,1,0.4960136464195738,4.942633784351128,3.2496291042463805,0.5476190447807312,0.9489796161651611,0.9778911471366882,6.1812630719095685,0.09436147939413786,0.10028411634266376
351,1.11324765650793,102.55516419102189,1,0.5044108018372884,4.791737078217331,3.245200327862598,0.5680271983146667,0.9489796161651611,0.9693877696990967,6.115835218982512,0.09312679246068001,0.09896756056696177
352,1.1299941206066004,102.69726624636586,1,0.509497605971695,4.829136592469117,3.234894824647285,0.5765306353569031,0.954081654548645,0.976190447807312,6.032376881965074,0.09294847305864096,0.09877996053546667
353,1.1097885333482695,102.87823313798503,1,0.5154708615765478,4.658755592968859,3.2388660170488484,0.5969387888908386,0.9455782175064087,0.9727891087532043,6.043464587152741,0.09389339946210384,0.09987804666161537
354,1.113721099827729,103.05475618349661,1,0.4854234243149199,4.811950197591247,3.22958531697274,0.5493197441101074,0.954081654548645,0.9812925457954407,6.017201410734256,0.09352003131061792,0.0994881084188819
355,1.1489303390148813,103.24528483713023,1,0.52832938315116,5.326604632653183,3.308033143269531,0.5340136289596558,0.9506802558898926,0.9744898080825806,6.640890737304044,0.09422868024557829,0.10022008698433638
356,1.2936701133354562,103.35506988633225,1,0.7639291192356098,5.272386122130867,3.388741023150236,0.6700680255889893,0.9642857313156128,0.9863945841789246,6.6933097429771715,0.09386201109737158,0.09977481793612242
357,1.307767103697975,103.36290441613832,1,0.8398751994576886,5.23726855496977,3.397339475809419,0.6904761791229248,0.9557822942733765,0.9778911471366882,6.724482764945234,0.09351848065853119,0.09944881778210402
358,1.2489254528294802,103.41940109556789,1,0.6412430502975037,5.001590286690523,3.312317826504324,0.6207482814788818,0.9557822942733765,0.9812925457954407,6.368341911014841,0.09458945877850056,0.10047229565680027
359,1.1951848815196782,103.51603213495088,1,0.4928644499748298,4.904992702661166,3.2648690096797877,0.5782312750816345,0.9353741407394409,0.9642857313156128,6.302826838699484,0.09333067201077938,0.09932459890842438
360,1.1597780844415753,103.70116418100835,1,0.5208045584472498,4.95354519003774,3.271326146962278,0.569727897644043,0.942176878452301,0.9744898080825806,6.290439126515901,0.09315556194633245,0.09892932046204805
361,1.1460397059574114,103.91918493633226,1,0.5540369049330546,4.884158397053771,3.263969646913096,0.5918367505073547,0.9404761791229248,0.9744898080825806,6.1922627551414795,0.09327443037182093,0.09932278841733932
362,1.1485615702246925,104.13281569829334,1,0.5331267364679869,4.726432559235432,3.237869816858433,0.6020408272743225,0.954081654548645,0.9795918464660645,6.0142416927379365,0.09404117986559868,0.099968196824193
363,1.106356586178946,104.33279120276696,1,0.49464686494253585,4.991739419353436,3.2638617198056434,0.545918345451355,0.9387755393981934,0.9710884094238281,6.275815436033625,0.09366519004106522,0.0995285976678133
364,1.139769546333318,104.57381536124566,1,0.4913640482340447,4.861050668382623,3.2421910826614293,0.5408163070678711,0.954081654548645,0.9744898080825806,6.13135475988241,0.09353282116353512,0.09954454842954874
365,1.1269766066486946,104.80064557788994,1,0.5368834013651442,4.738190386817156,3.243129625559404,0.5986394286155701,0.9625850319862366,0.9778911471366882,6.0519616191239995,0.0932922912761569,0.09910262934863567
366,1.1098426336852325,105.01016383490631,1,0.5092543795361848,4.926596529189126,3.2394947513420473,0.5476190447807312,0.9523809552192688,0.9710884094238281,6.08550114849626,0.09612829610705376,0.10222263354808092
367,1.114065799535711,105.2314460468882,1,0.4730577796159695,4.8771381517677685,3.2350540331764064,0.5442177057266235,0.930272102355957,0.9676870703697205,6.119146436722152,0.09923465829342604,0.10547187551856041
368,1.1122902793030345,105.4302497594892,1,0.500507355938531,4.719077162981817,3.228901253152636,0.5646258592605591,0.9438775777816772,0.9778911471366882,6.004639025755872,0.0939875291660428,0.09981025755405426
369,1.123252586814594,105.62148692193296,1,0.5183577637676915,4.9049733032748275,3.266797509360313,0.5935373902320862,0.9370748400688171,0.9676870703697205,6.282785702521563,0.09333688206970692,0.09932229947298765
370,1.1209477644055401,105.80918512655586,1,0.5327804215208197,4.7760301993168115,3.2325348121897615,0.5850340127944946,0.9506802558898926,0.9795918464660645,5.986948774348775,0.09280703216791153,0.09868224058300257
371,1.112059755724383,105.98716909886875,1,0.4833893247493183,4.693607794689402,3.217402581090173,0.545918345451355,0.9489796161651611,0.9795918464660645,5.971839841353031,0.09655592404305935,0.10265785083174706
372,1.0982145640873426,106.1985391799278,1,0.47507672748623564,4.66262657594411,3.2226578559139125,0.5901360511779785,0.9404761791229248,0.9795918464660645,6.0104573627191025,0.09594436548650265,0.10202348325401545
373,1.1163574437401256,106.40612364396671,1,0.4978361819153748,4.7280352157983305,3.215615918201666,0.5663265585899353,0.9625850319862366,0.9727891087532043,5.936239636275954,0.09497380815446377,0.1011098250746727
374,1.1159747691597037,106.58305483583723,1,0.5300328838983964,4.786413722583392,3.239954899695571,0.5833333134651184,0.9506802558898926,0.9795918464660645,6.052197750519345,0.09620260633528233,0.10221480298787355
375,1.1090738013898338,106.74253984410862,1,0.5006405033831632,4.779519180269272,3.2368999906212985,0.5765306353569031,0.9370748400688171,0.9710884094238281,6.086377960591975,0.09567145723849535,0.10178334265947342
376,1.0931279596703407,106.93494811032647,1,0.4733071572866279,4.669501326782227,3.205869426299511,0.5629251599311829,0.9438775777816772,0.9693877696990967,5.903034609852656,0.3264800561591983,0.3325262535363436
377,1.0849578822821362,107.15353227469629,1,0.46084274908095874,4.679002694129156,3.2082721757229606,0.545918345451355,0.942176878452301,0.9727891087532043,5.937281655490446,0.5202099438756704,0.5263572512194514
378,1.1017268883721856,107.3551661498001,1,0.4816297357910553,4.60995562516687,3.203288497691897,0.5748299360275269,0.9608843326568604,0.9795918464660645,5.864388742186004,0.0965613555163145,0.10274520236998796
379,1.1013371827954697,107.5190012415641,1,0.5072642256535955,4.7524694999035235,3.2275250286031705,0.5680271983146667,0.9523809552192688,0.9778911471366882,5.9993384245025405,0.09384938981384039,0.09978987835347652
380,1.100503496478832,107.67815240609085,1,0.485155689864854,4.775199802746315,3.232371912720385,0.5527210831642151,0.9472789168357849,0.9795918464660645,6.0732848768810905,0.09337110258638859,0.09947920963168144
381,1.1189947326922447,107.9026901565799,1,0.487074429636113,4.617904652026019,3.215592039541517,0.5867347121238708,0.9404761791229248,0.9693877696990967,5.93175952050696,0.10033002682030201,0.10662960354238749
382,1.1203173679673186,108.0929399225127,1,0.5088320174888143,4.672861421734264,3.220836600275045,0.5884353518486023,0.9472789168357849,0.9778911471366882,5.928154591741385,0.09338052105158567,0.09922092966735363
383,1.1079830329126577,108.28991353957643,1,0.5149953814053421,4.70635645618388,3.2189027132424832,0.557823121547699,0.9625850319862366,0.9829931855201721,5.920196533060805,0.09322487097233534,0.09927828796207905
384,1.1713351494683397,108.48278123455829,1,0.5379858029343572,5.312645094085643,3.298309407980528,0.545918345451355,0.9438775777816772,0.9812925457954407,6.613120473873791,0.09378374088555574,0.09970205835998058
385,1.5020414163585964,108.41539011663563,1,1.040006653682071,5.655528253018643,3.4781395197200045,0.668367326259613,0.9693877696990967,0.9846938848495483,7.173551888067869,0.09330056142061949,0.09920135978609324
386,1.4713307746226671,108.34894788070056,1,1.2624223519027313,6.080979784062952,3.5470126098295522,0.6394557952880859,0.9846938848495483,0.9897959232330322,7.60369355020778,0.09299273230135441,0.09901069011539221
387,1.422821672814785,108.42131880121126,1,0.9537619779527078,5.448438457232619,3.431846707672176,0.6751700639724731,0.9608843326568604,0.9846938848495483,6.945110414874467,0.0936534209176898,0.09952182788401842
388,1.3032701967771432,108.48968374399064,1,0.5902516935940577,5.409662217089107,3.3534501346694157,0.5714285969734192,0.9098639488220215,0.9574829936027527,6.8698218804976205,0.09370711166411638,0.09955621976405382
389,1.2642035480957354,108.54755905681363,1,0.5311805108848363,5.332731105070239,3.3320837197492255,0.5425170063972473,0.9098639488220215,0.9557822942733765,6.740501199732471,0.09234244376420975,0.09829693101346493
390,1.2396452429445353,108.60101862940625,1,0.6535555798803955,5.287180214587969,3.343377673502393,0.5884353518486023,0.9387755393981934,0.9676870703697205,6.719994782410426,0.09413562994450331,0.09999584686011076
391,1.2217644765193847,108.64340401722674,1,0.6857152703329537,5.223149948867925,3.337983817522588,0.634353756904602,0.9557822942733765,0.9778911471366882,6.607917381110483,0.09525839705020189,0.10114155430346727
392,1.195741726908248,108.64469004986726,1,0.5895539552431435,5.146903733551709,3.3095411935416132,0.5918367505073547,0.9387755393981934,0.9710884094238281,6.520551870292236,0.09315731097012758,0.09895913861691952
393,1.1697205459681834,108.64795210550297,1,0.5279592285009354,4.939467458654504,3.277485835736343,0.5782312750816345,0.9251700639724731,0.9574829936027527,6.3435756386479625,0.09285345301032066,0.09878894966095686
394,1.161568127007263,108.6416322902397,1,0.5416285221765351,5.014510163826064,3.2816385867159448,0.5731292366981506,0.9387755393981934,0.9642857313156128,6.35283478519791,0.09445379860699177,0.10038015618920326
395,1.1670702789866345,108.64786196622637,1,0.5528312720216045,4.943854539914397,3.273186719330425,0.5952380895614624,0.9353741407394409,0.9693877696990967,6.280851216848652,0.09355202130973339,0.09950621798634529
396,1.1539208496617903,108.71069182024681,1,0.5517536883591531,4.866523802317268,3.2715139493556356,0.5782312750816345,0.9387755393981934,0.9659863710403442,6.255063044481157,0.09377919137477875,0.09987430740147829
397,1.1558236904678612,108.75121712787947,1,0.5471749778824154,5.0246422990461905,3.2900143151942443,0.5646258592605591,0.9455782175064087,0.9710884094238281,6.41559623818829,0.09278399311006069,0.09860025998204947
398,1.1349678547661408,108.85479158477231,1,0.5144016673724904,4.73217259717905,3.2430163030809176,0.5952380895614624,0.9319728016853333,0.9693877696990967,6.094413560533658,0.09636667557060719,0.10246457252651453
399,1.1427465956889276,108.9346815016629,1,0.5019358198373984,4.9146035057079756,3.2520080179572544,0.5629251599311829,0.9353741407394409,0.9710884094238281,6.184648444189596,0.09740690235048532,0.10359855834394693
400,1.12241313555011,109.02976091728101,1,0.5309253697909007,4.764934923796007,3.2494313424574317,0.5833333134651184,0.9489796161651611,0.976190447807312,6.127805761023176,0.09590289555490017,0.10205951239913702
401,1.1289194687573498,109.12608472215422,1,0.5098895603458959,4.885836217223111,3.2625319043919117,0.5442177057266235,0.942176878452301,0.9676870703697205,6.264248817993322,0.09700512327253819,0.10316442046314478
402,1.1258529561189452,109.22903635775695,1,0.5036661350416625,4.7499569476947485,3.244849210693465,0.5731292366981506,0.942176878452301,0.9727891087532043,6.129028303574237,0.09798170253634453,0.10432761907577515
403,1.1222853908916788,109.35081692909078,1,0.5125914340036578,4.921844010668339,3.259532815481947,0.5425170063972473,0.9336734414100647,0.9744898080825806,6.230629893933514,0.09255667310208082,0.09848333057016134
404,1.135199622554445,109.51028239644764,1,0.5253739875073551,4.715721396835263,3.2378931599481438,0.6088435649871826,0.9557822942733765,0.9727891087532043,6.0171123282148065,0.09399032033979893,0.09982980787754059
405,1.1454670675436929,109.66184563881296,1,0.5141506644850115,4.78786917753938,3.233738938627509,0.5663265585899353,0.9472789168357849,0.9710884094238281,6.011146270224251,0.09336070157587528,0.09924508910626173
406,1.1244994885697157,109.82866858220457,1,0.5293780704526901,4.7877444909295,3.2461561105268024,0.5782312750816345,0.9455782175064087,0.9727891087532043,6.102383713610609,0.093530991114676,0.09941373858600855
407,1.1258530719808877,109.96206663304595,1,0.5025743112894706,4.867840128789781,3.2465120587287135,0.5646258592605591,0.9455782175064087,0.976190447807312,6.139551790428519,0.09417743049561977,0.10006724763661623
408,1.110980725421551,110.13312192379423,1,0.49558423959714,4.829149556896503,3.2429811778379083,0.5561224222183228,0.9438775777816772,0.9727891087532043,6.120436817757884,0.09374729078263044,0.09983775857836008
409,1.1007663454548435,110.28511196322445,1,0.48016596671942635,5.035492242431192,3.2588789905466995,0.5374149680137634,0.9370748400688171,0.9591836929321289,6.2595912256141935,0.09384454041719437,0.09973282739520073
410,1.1139106313720153,110.43331108500658,1,0.494291292571318,4.7376299327269,3.23535966981148,0.5782312750816345,0.9387755393981934,0.9574829936027527,6.074538111979108,0.09336061123758554,0.09924508817493916
411,1.1150754420514237,110.55799087552718,1,0.5155686798826824,4.779768796415539,3.2416578953974793,0.5799319744110107,0.9591836929321289,0.9744898080825806,6.0775488233885175,0.0952794374898076,0.10142866428941488
412,1.0996783808802368,110.74712907062228,1,0.49469575308753433,4.666141944741485,3.220723075457117,0.5748299360275269,0.9455782175064087,0.9778911471366882,5.948576556687013,0.10012621711939573,0.10619929526001215
413,1.0935650989055128,110.94110996946208,1,0.4705878296552505,4.855928490249891,3.227342262363884,0.5340136289596558,0.9455782175064087,0.9710884094238281,6.055079023844818,0.09616540651768446,0.10241494234651327
414,1.1100574850926648,111.10991382936777,1,0.4900864112089026,4.714475283509154,3.2303702611808305,0.5731292366981506,0.9489796161651611,0.9659863710403442,6.018470581304814,0.09654212556779385,0.10269606206566095
415,1.1134388799217503,111.29259355655778,1,0.5147362722707345,4.565537570347903,3.2285840258711995,0.5918367505073547,0.9455782175064087,0.9727891087532043,5.958072833961729,0.09488692786544561,0.10102649498730898
416,1.112703043293611,111.42415026161859,1,0.5020344018282945,4.837526901210232,3.238249446403211,0.5527210831642151,0.9455782175064087,0.976190447807312,6.083163925790698,0.0955858277156949,0.10201094299554825
417,1.0910087965599888,111.53364385312508,1,0.48918993812752143,4.833615671947499,3.2317830770971567,0.5544217824935913,0.9506802558898926,0.976190447807312,6.052867304013679,0.09557261690497398,0.10172015428543091
418,1.095812984927923,111.65488462205305,1,0.46243430799775,4.817948222219893,3.2354976364848937,0.523809552192688,0.9387755393981934,0.9642857313156128,6.108089749446057,0.09588081575930119,0.10200848244130611
419,1.1262607144048262,111.79430441459539,1,0.5114120106555284,4.796765486492806,3.24761666646452,0.5833333134651184,0.954081654548645,0.9693877696990967,6.047299160383299,0.095311657525599,0.10141092538833618
420,1.154659784677215,111.93447340812344,1,0.5845547828088211,4.979363870143152,3.274411369869413,0.5663265585899353,0.9676870703697205,0.9812925457954407,6.224692223342415,0.09636576566845179,0.10256569273769855
421,1.1475177615315761,112.09295216167234,1,0.5541300795279119,4.777075961558642,3.255630491044331,0.5867347121238708,0.9489796161651611,0.9710884094238281,6.1108177420813625,0.09662343375384808,0.10281960107386112
422,1.1146027059029895,112.22778589618969,1,0.4955773451534765,4.7623065561958455,3.2272683537847455,0.5544217824935913,0.942176878452301,0.9744898080825806,5.992381432872123,0.09549344703555107,0.1016305135563016
423,1.1042600036651982,112.39985818888367,1,0.46572782156943915,4.866551814849377,3.22914309161226,0.5255101919174194,0.9506802558898926,0.9710884094238281,6.069192405003999,0.0965773556381464,0.10254719201475382
424,1.1085557968478228,112.53236973921196,1,0.514564229008826,4.8440059849200505,3.2514289761157413,0.5646258592605591,0.9438775777816772,0.9744898080825806,6.165648909395799,0.09519364777952433,0.10120033472776413
425,1.135656946047066,112.62278430716002,1,0.5286581328242195,4.969078695310102,3.2761006294972543,0.545918345451355,0.9472789168357849,0.9608843326568604,6.362879866071054,0.09493286814540625,0.10106910485774279
426,1.140243365631296,112.72656637996192,1,0.5513229055255615,4.8169421922242295,3.2590547352549337,0.5918367505073547,0.9455782175064087,0.9710884094238281,6.156594672187604,0.09459776896983385,0.1005488857626915
427,1.1267486369031172,112.83237294888481,1,0.5169603699350811,4.8847574805147795,3.251872820181609,0.5663265585899353,0.9506802558898926,0.9676870703697205,6.164647549783092,0.09277418348938227,0.09862235002219677
428,1.1120816806419487,112.92567782395209,1,0.49086780106679556,4.99033743432754,3.2624367419295113,0.5408163070678711,0.9370748400688171,0.9693877696990967,6.274535937172926,0.09410631004720926,0.0999375768005848
429,1.1178261141680799,113.02424982628793,1,0.49998768298657364,4.650986962975023,3.218918460356678,0.5714285969734192,0.9472789168357849,0.976190447807312,5.92627830835502,0.09338884241878986,0.09929126966744661
430,1.1155481676348724,113.14592117833337,1,0.49863957073137133,4.699962888150657,3.223008374082588,0.5731292366981506,0.9489796161651611,0.9676870703697205,5.975609214270569,0.0962879154831171,0.102466631680727
431,1.1259921879937462,113.30662009090747,1,0.5042420947071423,4.805756566669457,3.227170888745705,0.5476190447807312,0.9472789168357849,0.9710884094238281,5.993050319227591,0.09619978629052639,0.10222664289176464
432,1.1005252764148392,113.48813283545695,1,0.5175202355887265,4.668675298601936,3.2237661293053805,0.5765306353569031,0.9523809552192688,0.9727891087532043,5.930716642918881,0.09617960639297962,0.1022673025727272
433,1.0878697666302326,113.66003370654975,1,0.4832201386974888,4.6031500473334015,3.2161882492555818,0.5850340127944946,0.9438775777816772,0.9744898080825806,5.957677053047107,0.09558722749352455,0.10164972394704819
434,1.1049662276016583,113.85462903872605,1,0.45874306500646606,4.78028110110136,3.218454123413414,0.5595238208770752,0.9404761791229248,0.9727891087532043,5.998682400356331,0.09587046597152948,0.10219465289264917
435,1.0978279095287864,114.0394138559457,1,0.5022736208905076,4.546768498594245,3.2061563575879344,0.581632673740387,0.9523809552192688,0.9744898080825806,5.809169849141579,0.09616759605705738,0.1022781329229474
436,1.1055166599933026,114.22127681979522,1,0.5109010550866127,4.6373173702956905,3.212954090230837,0.5952380895614624,0.9472789168357849,0.9778911471366882,5.860633592681876,0.09587567672133446,0.10190914291888475
437,1.0952689264845665,114.37236194940752,1,0.49340355886641724,4.711027327913146,3.232263471071494,0.5765306353569031,0.9438775777816772,0.9676870703697205,6.037425793987589,0.09589250572025776,0.10213782265782356
438,1.1119035880197605,114.50305291713121,1,0.4882503328781541,4.8345693306161746,3.2368062919350242,0.5765306353569031,0.9387755393981934,0.9727891087532043,6.087550872723663,0.09591228608042002,0.1019380334764719
439,1.1306501299202034,114.61428804398679,1,0.5348503586634406,4.73097228051462,3.2491882075031038,0.5867347121238708,0.9574829936027527,0.9795918464660645,6.105492513382158,0.09543592669069767,0.1014214837923646
440,1.1144174320996465,114.73252501345321,1,0.5203221193034607,4.76005355464363,3.2415301805387378,0.6105442047119141,0.9404761791229248,0.9642857313156128,6.054964613599302,0.096052385866642,0.10215781256556511
441,1.1167777442953832,114.80801027535576,1,0.4922501769296125,5.012803873011448,3.255496067250633,0.5306122303009033,0.9438775777816772,0.9710884094238281,6.225560184765794,0.0952000068500638,0.10141658410429955
442,1.1461384713170855,114.92910165393062,1,0.522081240627799,4.91128346502738,3.2654989521935573,0.5714285969734192,0.9574829936027527,0.9727891087532043,6.249336369226213,0.09594844747334719,0.10193782486021519
443,1.1198362581490429,115.10687382122644,1,0.5523992234864391,4.64699200420457,3.2400606126739286,0.6190476417541504,0.9574829936027527,0.9778911471366882,5.976171296166932,0.09527421649545431,0.10142040345817804
444,1.1222976041061845,115.29493245091368,1,0.4917321619195643,4.8346846120549944,3.249590838706898,0.5629251599311829,0.9387755393981934,0.976190447807312,6.187233185888917,0.09578363597393036,0.10196502320468426
445,1.127547294203907,115.44758666239818,1,0.5026011175885952,4.818548899245069,3.2350057564237242,0.5663265585899353,0.9455782175064087,0.9693877696990967,6.042220283190033,0.09920105896890163,0.10528345592319965
446,1.1052879241340772,115.60510458349161,1,0.5246373500421355,4.788341743831881,3.2406684068845952,0.569727897644043,0.9557822942733765,0.9812925457954407,6.0387427326609115,0.1003075372427702,0.10678867343813181
447,1.1129777408463777,115.77074567166026,1,0.4816924412327531,4.885246512279198,3.238168382394954,0.5442177057266235,0.9489796161651611,0.9795918464660645,6.1159454304020295,0.09558381699025631,0.10169051308184862
448,1.117074582039005,115.89638123618664,1,0.5105925784362813,4.831199207832102,3.2424868323762954,0.5629251599311829,0.9506802558898926,0.976190447807312,6.092894383127173,0.09625041484832764,0.10244331136345863
449,1.1006668171552436,116.0152646516151,1,0.5113735796913963,4.724596606892895,3.239067697449529,0.5867347121238708,0.9523809552192688,0.9710884094238281,6.055232291830633,0.09604283515363932,0.10228801239281893
450,1.10042533392029,116.13867848153693,1,0.4835412080032985,4.778165240150416,3.229225613036,0.5408163070678711,0.9489796161651611,0.9710884094238281,6.020695306853817,0.09818037133663893,0.10436244867742062
451,1.0981380647376904,116.25033676142418,1,0.48835481357744004,4.770465513365297,3.2277570892749767,0.5544217824935913,0.9472789168357849,0.9693877696990967,5.988206923960262,0.09554389677941799,0.10166822373867035
452,1.1121280267090232,116.38749161929466,1,0.49351590853152605,4.84747572146686,3.2277289826039883,0.5476190447807312,0.9489796161651611,0.9710884094238281,5.993680192911738,0.09632006473839283,0.10252052173018456
453,1.1112462486621306,116.51796286355102,1,0.5169768401891562,4.652210405515901,3.2201339332303656,0.5833333134651184,0.9676870703697205,0.9744898080825806,5.9553201362665575,0.09581976570188999,0.10182448290288448
454,1.1131257628215188,116.67559710301192,1,0.5188839316424189,4.741899361464905,3.235457389079281,0.5867347121238708,0.9506802558898926,0.9676870703697205,6.031011731177185,0.1067372439429164,0.113200549967587
455,1.1222530383283142,116.85896666514236,1,0.48839473994229976,4.692574930464565,3.225090378783647,0.5680271983146667,0.9523809552192688,0.9659863710403442,6.006911973427134,0.0946573494002223,0.10054186638444662
456,1.1065456998167749,117.03519587096677,1,0.5175677015937683,4.7920700095937825,3.2365759746365113,0.5867347121238708,0.9557822942733765,0.9744898080825806,6.057633961318239,0.09449580870568752,0.1003723656758666
457,1.1219785369949906,117.20205186712728,1,0.5105949178100575,5.098882365089301,3.2735945098872903,0.5391156673431396,0.9489796161651611,0.9710884094238281,6.3573320206963935,0.09353473130613565,0.09946178831160069
458,1.1498348985624782,117.33548558605209,1,0.5238539404959883,4.943437148218148,3.2666287204590065,0.5646258592605591,0.9438775777816772,0.976190447807312,6.293776283816196,0.09375610016286373,0.09969804808497429
459,1.1400921458656916,117.5020690304915,1,0.5594087120006219,4.689303342925952,3.2415930258280357,0.5935373902320862,0.9506802558898926,0.9744898080825806,5.979860065963864,0.09342080261558294,0.09935899917036295
460,1.1597112324672068,117.67005039171347,1,0.5433699577367328,4.7261407941607,3.2968122725824305,0.603741466999054,0.9557822942733765,0.976190447807312,6.076464117435937,0.09279683232307434,0.09870965965092182
461,1.2728982694310036,117.63095742312677,1,0.6472095641238618,4.968877120238763,3.311411689733925,0.6377550959587097,0.9642857313156128,0.9795918464660645,6.352717018917991,0.0935974596068263,0.09940351732075214
462,1.2545029865093893,117.67750054359563,1,0.6375782660265346,4.802369729058034,3.289952171793227,0.6411564350128174,0.9693877696990967,0.9812925457954407,6.200806395823421,0.09386371076107025,0.09975545760244131
463,1.1844176202656485,117.77598850169,1,0.5140340541173517,5.057538940925443,3.2888260393470827,0.557823121547699,0.9387755393981934,0.9625850319862366,6.45292672858452,0.09267923329025507,0.0985478600487113
464,1.1670331303280121,117.8744994625736,1,0.49076149144326386,5.0324321844141275,3.270231396634581,0.5442177057266235,0.9489796161651611,0.9710884094238281,6.348532229370041,0.09457837976515293,0.10050201695412397
465,1.1658065046974861,117.98487392085208,1,0.5591866838170003,4.867323676792351,3.263921212227617,0.581632673740387,0.9608843326568604,0.9795918464660645,6.180417042648354,0.09530938696116209,0.10149129293859005
466,1.1303666964741437,118.0762896682709,1,0.5622880148468762,4.820598904993931,3.2498779393955375,0.6207482814788818,0.9438775777816772,0.9795918464660645,6.068411791659845,0.09508904721587896,0.10123784467577934
467,1.1262543131707232,118.17626852693965,1,0.500659420544208,4.833868746386678,3.2360356965221557,0.5476190447807312,0.9455782175064087,0.9710884094238281,6.067649506783828,0.09610616508871317,0.10227445233613253
468,1.1172744069195488,118.26752569349728,1,0.4866177492044442,4.755091105854213,3.2252882097454894,0.5765306353569031,0.9523809552192688,0.9693877696990967,6.002430540593313,0.0962057551369071,0.10236151330173016
469,1.1005771572672995,118.3936966580794,1,0.5103051498058606,4.820915251859114,3.2351554787332635,0.5561224222183228,0.954081654548645,0.9710884094238281,6.045895129295173,0.09620225615799427,0.10225180257111788
470,1.0975442425663353,118.52893528634624,1,0.48693642992697894,4.8523665091972905,3.244757297981472,0.545918345451355,0.9387755393981934,0.9693877696990967,6.152304910396449,0.09664789494127035,0.10276553221046925
471,1.0989962257432757,118.6799748974586,1,0.47795661396448863,4.748097735059277,3.22591238911061,0.5646258592605591,0.9336734414100647,0.9693877696990967,6.022057805240211,0.09544460661709309,0.10148738510906696
472,1.1025138918052242,118.82947240185234,1,0.49335446899677343,4.909018804210543,3.2475231008011223,0.5391156673431396,0.9438775777816772,0.9625850319862366,6.166983993300644,0.09680446330457926,0.10315115097910166
473,1.1174863358252358,118.97502300029085,1,0.506521200958178,4.789369434841077,3.2364875336595627,0.5425170063972473,0.9438775777816772,0.9693877696990967,6.064915720627748,0.0937539804726839,0.09964309819042683
474,1.103209656814107,119.1222352173815,1,0.5203500365047549,4.752301291530651,3.241658088131948,0.5595238208770752,0.9438775777816772,0.9659863710403442,6.088929814384763,0.0979094123467803,0.10401892941445112
475,1.0995153027590618,119.23999738096,1,0.48766732735874674,4.667539366941347,3.213105546546668,0.5680271983146667,0.942176878452301,0.9744898080825806,5.933128895929923,0.0959338266402483,0.10207683220505714
476,1.1252427809791563,119.36459724007675,1,0.49287840781304776,4.713527243822054,3.227109689642061,0.5544217824935913,0.9489796161651611,0.9744898080825806,6.0308587835749705,0.094791647978127,0.10082196537405252
477,1.1156945425282785,119.52829519172533,1,0.5322905978681264,4.76211518145221,3.2363073059799476,0.5782312750816345,0.9557822942733765,0.9795918464660645,6.039589035893399,0.09386237058788538,0.09974775835871696
478,1.114086137216744,119.6525909149066,1,0.506970364819487,4.625096872324922,3.216363850421346,0.5799319744110107,0.9506802558898926,0.9727891087532043,5.94389587167593,0.09317515138536692,0.09908760897815228
479,1.1034478395667373,119.79793832641623,1,0.4809512941506645,4.676950647354118,3.207381162316725,0.5510203838348389,0.9608843326568604,0.9710884094238281,5.893887362710054,0.0934131620451808,0.09939749911427498
480,1.0893358805008455,119.93368782628579,1,0.4824657619240569,4.722035458589433,3.21686702604554,0.5442177057266235,0.9438775777816772,0.9710884094238281,5.9518908519056355,0.09353591129183769,0.09935424849390984
481,1.1218496006880858,120.07109476312218,1,0.4932006382497872,4.704280950463089,3.2236915222068467,0.5714285969734192,0.930272102355957,0.9710884094238281,6.001626941039133,0.093312231823802,0.09914301987737417
482,1.165292058815494,120.1363674692891,1,0.5815073159085706,5.001319683398297,3.3071642307118587,0.5867347121238708,0.9455782175064087,0.9693877696990967,6.509699722685613,0.09348997101187706,0.09945965837687254
483,1.1992214049155985,120.17069425434546,1,0.6739767714102172,5.268734504290606,3.3436095625441746,0.5952380895614624,0.9557822942733765,0.976190447807312,6.6331361911940725,0.09336627088487148,0.09934668801724911
484,1.1886799528649468,120.24246096783281,1,0.6003122480983237,5.006528033157243,3.3139613370006042,0.5969387888908386,0.9489796161651611,0.9710884094238281,6.53182103173004,0.09339520148932934,0.09936690889298916
485,1.184148489628172,120.31218027172785,1,0.5418281829987026,5.059462019053098,3.2801738426857603,0.5493197441101074,0.9353741407394409,0.9710884094238281,6.344995703596125,0.09285869263112545,0.09873900003731251
486,1.1674284884152855,120.4173212768475,1,0.5476496063388695,4.934865603571828,3.273879394598389,0.5612244606018066,0.9472789168357849,0.976190447807312,6.2723925839020565,0.09436507895588875,0.10025571659207344
487,1.139867040066819,120.54446202401418,1,0.5393449496724214,4.852919356913022,3.2567919727178,0.5799319744110107,0.954081654548645,0.976190447807312,6.169918195036566,0.33069600630551577,0.3366296933963895
488,1.1492666939668563,120.64615246434124,1,0.5216026530025887,4.826345820553256,3.242155520392211,0.5748299360275269,0.9574829936027527,0.976190447807312,6.081214855361951,0.09399581979960203,0.09994722716510296
489,1.1077542043343849,120.7580367774564,1,0.519359719394044,4.775643560895817,3.2491473325268183,0.5901360511779785,0.9370748400688171,0.9727891087532043,6.146375518376227,0.09355564136058092,0.09959507826715708
490,1.1161136384962127,120.88194468447506,1,0.4956482284096979,4.870309545403145,3.250061567822565,0.5374149680137634,0.9353741407394409,0.9642857313156128,6.189976335599985,0.09325551148504019,0.0992090692743659
491,1.102967425674401,120.97913908109308,1,0.48579866524590587,4.867058231784217,3.2421128775296406,0.5493197441101074,0.942176878452301,0.9693877696990967,6.149949300003405,0.09705540351569653,0.10299341101199389
492,1.1163511858300987,121.11291926002524,1,0.49817121378192303,4.77383367338913,3.233071010293702,0.5833333134651184,0.9353741407394409,0.9659863710403442,6.052697447729588,0.09330637194216251,0.09930260851979256
493,1.1251681734395678,121.2474138209609,1,0.5218462379267345,4.808392475443233,3.2456389957320977,0.5646258592605591,0.9574829936027527,0.9744898080825806,6.105393456076464,0.09390700981020927,0.09979959856718779
494,1.0988087081736555,121.39050463071615,1,0.5091825957672838,4.730034567865605,3.2296510688881654,0.5918367505073547,0.954081654548645,0.9744898080825806,6.001589567597825,0.09466256946325302,0.1006115460768342
495,1.11571215575365,121.49654581729516,1,0.47602964155223804,4.813319481076038,3.2197002915432082,0.5476190447807312,0.9387755393981934,0.9710884094238281,6.007505075706886,0.09276790264993906,0.09878471028059721
496,1.1103165957611048,121.66244415521021,1,0.5074420903641116,4.777551525365044,3.237225013950452,0.5748299360275269,0.9489796161651611,0.9744898080825806,6.0746049528176576,0.09666655492037535,0.10259267222136259
497,1.123185617674727,121.83315395610379,1,0.5204704473538712,4.764367522845924,3.2301669615404296,0.5680271983146667,0.9557822942733765,0.9710884094238281,5.9841161417125015,0.0942087983712554,0.10029429662972689
498,1.1180246510543619,121.9685785109029,1,0.5276535810018911,4.6429771435269505,3.2294765930677287,0.5782312750816345,0.9523809552192688,0.976190447807312,5.9666350417653184,0.09291462227702141,0.09875266067683697
499,1.1059742892546192,122.07512598177881,1,0.4835261327277828,4.801261434429373,3.2322258826133545,0.5527210831642151,0.9387755393981934,0.9710884094238281,6.07279665677665,0.09369220118969679,0.09953056834638119
