iteration,loss,lengthscale,outputscale,likelyhood_noise,test_MAE,test_NLL,test_PICP50,test_PICP90,test_PICP95,test_RMSE,it_time_training,it_time
0,1.6637227535247803,3.266216516494751,0.6443967223167419,0.7444967031478882,6.167336940765381,3.549528659343085,0.6717687249183655,0.9693877696990967,0.9914966225624084,7.799958229064941,3.2188084395602345,3.4133277982473373
1,1.535669207572937,3.460897922515869,0.5986313819885254,0.7944282293319702,5.974844455718994,3.534634917450921,0.6887755393981934,0.9710884094238281,0.988095223903656,7.588009357452393,1.1087802182883024,1.2378474855795503
2,1.4627904891967773,3.6678805351257324,0.5559384822845459,0.8402475118637085,5.874979019165039,3.5273106293706284,0.6870748400688171,0.9693877696990967,0.9897959232330322,7.481292724609375,1.0890397699549794,1.2169958716258407
3,1.4169777631759644,3.883589744567871,0.5163578391075134,0.8791406154632568,5.790663242340088,3.5210495971974427,0.6938775777816772,0.9727891087532043,0.988095223903656,7.396763801574707,1.0865562027320266,1.2360427686944604
4,1.3858556747436523,4.106994152069092,0.4798707365989685,0.9088525176048279,5.689633846282959,3.5125683396262315,0.7006802558898926,0.9727891087532043,0.988095223903656,7.294532775878906,1.0725364480167627,1.1982038710266352
5,1.3617794513702393,4.336571216583252,0.44639384746551514,0.9280856847763062,5.59014368057251,3.501971633233117,0.7108843326568604,0.976190447807312,0.988095223903656,7.180861949920654,1.0682086255401373,1.1931116981431842
6,1.3416106700897217,4.570448398590088,0.4157888889312744,0.9366613626480103,5.50309419631958,3.49001634520935,0.7193877696990967,0.976190447807312,0.988095223903656,7.070062637329102,1.0597646478563547,1.467394589446485
7,1.323803424835205,4.806999206542969,0.38788411021232605,0.9352927803993225,5.432063102722168,3.477142945789165,0.7193877696990967,0.976190447807312,0.9897959232330322,6.969773769378662,1.0337535431608558,1.1572589045390487
8,1.3073029518127441,5.045139789581299,0.3624919652938843,0.9251953363418579,5.370844841003418,3.463533928395151,0.7210884094238281,0.976190447807312,0.9897959232330322,6.881737232208252,1.0478027369827032,1.175873258151114
9,1.2913776636123657,5.284375190734863,0.33942148089408875,0.907760739326477,5.321621417999268,3.449378869337186,0.7006802558898926,0.9744898080825806,0.988095223903656,6.806333541870117,1.0652792155742645,1.1904904544353485
10,1.2756215333938599,5.524672031402588,0.31848621368408203,0.8843622207641602,5.284839630126953,3.4348776180412948,0.7006802558898926,0.9727891087532043,0.988095223903656,6.743249416351318,1.062444812618196,1.1916173286736012
11,1.2598822116851807,5.766260147094727,0.2995082437992096,0.8562649488449097,5.2479705810546875,3.4201533327166493,0.6938775777816772,0.9727891087532043,0.988095223903656,6.690683364868164,1.3986138524487615,1.526243249885738
12,1.2440917491912842,6.009471893310547,0.28231900930404663,0.8245968818664551,5.208124160766602,3.4052923502554013,0.6836734414100647,0.9676870703697205,0.9863945841789246,6.646315097808838,1.0882964991033077,1.2173559162765741
13,1.2282034158706665,6.254638195037842,0.26675865054130554,0.7903473973274231,5.167181491851807,3.3904250211071636,0.680272102355957,0.9659863710403442,0.9846938848495483,6.608604907989502,1.079027472063899,1.2068669060245156
14,1.2122900485992432,6.501958847045898,0.25267526507377625,0.7543812990188599,5.1236138343811035,3.375527347749411,0.6768707633018494,0.9659863710403442,0.9829931855201721,6.574373245239258,1.0091060297563672,1.1595822535455227
15,1.1965177059173584,6.751206398010254,0.23992805182933807,0.7174518704414368,5.074178695678711,3.3601769812934164,0.6717687249183655,0.9659863710403442,0.9795918464660645,6.53637170791626,1.0913084093481302,1.2205051649361849
16,1.1809322834014893,7.001696586608887,0.22839419543743134,0.6802059412002563,5.020543575286865,3.3437297981076233,0.6649659872055054,0.9608843326568604,0.9744898080825806,6.486189842224121,1.1069647623226047,1.236367454752326
17,1.1654109954833984,7.253127574920654,0.217972069978714,0.6431883573532104,4.9669904708862305,3.325811966828755,0.6530612111091614,0.9557822942733765,0.9727891087532043,6.419810771942139,1.0960567761212587,1.2255250979214907
18,1.1498841047286987,7.5058465003967285,0.20857544243335724,0.606856107711792,4.91255521774292,3.3067464994237326,0.6360543966293335,0.9574829936027527,0.9710884094238281,6.341002464294434,1.0921957269310951,1.2215634314343333
19,1.134621024131775,7.760392189025879,0.2001211941242218,0.5716085433959961,4.8653130531311035,3.2876045363987783,0.6173469424247742,0.954081654548645,0.9676870703697205,6.260095596313477,1.0744086941704154,1.2010002434253693
20,1.1202783584594727,8.01723575592041,0.1925198882818222,0.537820041179657,4.832517147064209,3.2695103262330827,0.6054421663284302,0.9438775777816772,0.9710884094238281,6.186182975769043,1.0678159622475505,1.1942001059651375
21,1.107405424118042,8.276473045349121,0.1856793314218521,0.5058510303497314,4.798145294189453,3.252886401754689,0.5935373902320862,0.9438775777816772,0.9710884094238281,6.120828628540039,1.0698117641732097,1.1997038908302784
22,1.0960015058517456,8.537397384643555,0.17951713502407074,0.4760291874408722,4.758217811584473,3.2378359153580423,0.5850340127944946,0.942176878452301,0.9659863710403442,6.06291389465332,1.0868085296824574,1.214950148947537
23,1.0859225988388062,8.799567222595215,0.17396804690361023,0.4486332833766937,4.716259956359863,3.224820365240665,0.5680271983146667,0.9387755393981934,0.9642857313156128,6.014537811279297,1.0711875362321734,1.1976041486486793
24,1.0773924589157104,9.063698768615723,0.16898170113563538,0.4238995611667633,4.677774429321289,3.21442781901975,0.5493197441101074,0.9370748400688171,0.9608843326568604,5.978601455688477,1.3610698683187366,1.4858744023367763
25,1.0707613229751587,9.327553749084473,0.1645190268754959,0.4020322859287262,4.647128105163574,3.2066756429470957,0.5391156673431396,0.9336734414100647,0.954081654548645,5.953797340393066,1.079907801002264,1.2092842739075422
26,1.065977692604065,9.571882247924805,0.1605515480041504,0.38319605588912964,4.622929573059082,3.2007880075785295,0.5323129296302795,0.9251700639724731,0.9472789168357849,5.934184551239014,1.0952300764620304,1.224488452076912
27,1.0625489950180054,9.809530258178711,0.15706020593643188,0.3674936592578888,4.604267597198486,3.195906563754417,0.5255101919174194,0.918367326259613,0.9438775777816772,5.914762496948242,1.0925469724461436,1.2441560709849
28,1.059955358505249,10.047585487365723,0.15403151512145996,0.3549525737762451,4.587796688079834,3.1915846710595934,0.5255101919174194,0.9115646481513977,0.942176878452301,5.894148826599121,1.0885170362889767,1.2177880816161633
29,1.057844877243042,10.288864135742188,0.15145233273506165,0.3455255925655365,4.5755133628845215,3.1878829018703003,0.5153061151504517,0.9115646481513977,0.942176878452301,5.8743085861206055,1.0661798035725951,1.1944521814584732
30,1.0559635162353516,10.530651092529297,0.14930681884288788,0.3390979766845703,4.5679216384887695,3.1851496007647078,0.5085033774375916,0.9132652878761292,0.9404761791229248,5.858610153198242,1.0871129650622606,1.506600429303944
31,1.0541032552719116,10.767186164855957,0.14757618308067322,0.33549562096595764,4.563046455383301,3.183627797609347,0.5051020383834839,0.9115646481513977,0.9404761791229248,5.849302768707275,1.0342186372727156,1.1583790695294738
32,1.052088975906372,10.990955352783203,0.1462404876947403,0.3344935476779938,4.5623602867126465,3.1831544111327092,0.5034013390541077,0.9132652878761292,0.9404761791229248,5.845874309539795,1.0483407489955425,1.1761337835341692
33,1.0497897863388062,11.204752922058105,0.1452806144952774,0.33582359552383423,4.565108299255371,3.183271659267329,0.5051020383834839,0.9149659872055054,0.9404761791229248,5.845850467681885,1.0679558599367738,1.1938615487888455
34,1.0471538305282593,11.411773681640625,0.14467936754226685,0.33918145298957825,4.567845344543457,3.1834478601419827,0.5068027377128601,0.9132652878761292,0.9404761791229248,5.84608793258667,1.0596665889024734,1.1879903059452772
35,1.044228196144104,11.614017486572266,0.14442139863967896,0.34423282742500305,4.569981575012207,3.1833851287630295,0.5085033774375916,0.9132652878761292,0.9404761791229248,5.844553470611572,1.4174982411786914,1.545592362061143
36,1.0411800146102905,11.812947273254395,0.14449159801006317,0.35062167048454285,4.572234153747559,3.1831166718213924,0.5051020383834839,0.9149659872055054,0.9404761791229248,5.841017246246338,1.072768504731357,1.199357214383781
37,1.0382229089736938,12.009361267089844,0.1448727697134018,0.357979416847229,4.574091911315918,3.182845680165281,0.5068027377128601,0.9149659872055054,0.942176878452301,5.836298942565918,1.0808788882568479,1.21022689063102
38,1.0354974269866943,12.203332901000977,0.14554452896118164,0.36593252420425415,4.574579238891602,3.1827615935324842,0.511904776096344,0.9166666865348816,0.9472789168357849,5.831338405609131,1.082693894393742,1.210561397485435
39,1.0330692529678345,12.394558906555176,0.1464836448431015,0.3741103708744049,4.573493003845215,3.182942075241065,0.5187074542045593,0.9217687249183655,0.9489796161651611,5.826655864715576,1.0849401438608766,1.2137056645005941
40,1.0309762954711914,12.58270263671875,0.14766480028629303,0.38215547800064087,4.570684909820557,3.1833357529596147,0.5204081535339355,0.9268707633018494,0.9523809552192688,5.822200298309326,1.096124735660851,1.2254558987915516
41,1.0292259454727173,12.76749324798584,0.1490613967180252,0.38973647356033325,4.56552791595459,3.1838139443511015,0.5272108912467957,0.9285714030265808,0.9523809552192688,5.817583084106445,1.0918385023251176,1.2204058161005378
42,1.0277765989303589,12.948716163635254,0.15064625442028046,0.3965613842010498,4.558355331420898,3.184250092324622,0.5374149680137634,0.9319728016853333,0.954081654548645,5.812516689300537,1.0747164692729712,1.2249548956751823
43,1.0265542268753052,13.12617301940918,0.15239214897155762,0.4023893475532532,4.549510955810547,3.1845658112683717,0.5476190447807312,0.9353741407394409,0.9557822942733765,5.807051658630371,1.040555452927947,1.1662406856194139
44,1.0254883766174316,13.299668312072754,0.15427224338054657,0.4070398211479187,4.540503978729248,3.184724230137059,0.5493197441101074,0.9353741407394409,0.9557822942733765,5.801483631134033,1.0625011716037989,1.192106332629919
45,1.0245229005813599,13.469023704528809,0.1562606394290924,0.4103984534740448,4.532735347747803,3.1846990779048343,0.5476190447807312,0.9353741407394409,0.9557822942733765,5.796082496643066,1.1172630544751883,1.2466640174388885
46,1.0236085653305054,13.634112358093262,0.15833300352096558,0.41241785883903503,4.526246070861816,3.184453828797515,0.5527210831642151,0.9353741407394409,0.9557822942733765,5.79089879989624,1.073520884849131,1.199631561525166
47,1.0226994752883911,13.794862747192383,0.1604670137166977,0.413114070892334,4.520812511444092,3.1839448804131276,0.557823121547699,0.9353741407394409,0.9557822942733765,5.785760879516602,1.0554055962711573,1.1808245126158
48,1.0217618942260742,13.95128345489502,0.16264280676841736,0.4125596582889557,4.515960216522217,3.1831408166338226,0.5527210831642151,0.9353741407394409,0.9557822942733765,5.780418395996094,1.4212308209389448,1.5501629998907447
49,1.0207829475402832,14.103448867797852,0.16484293341636658,0.41087499260902405,4.511146545410156,3.1820436868962134,0.5527210831642151,0.9353741407394409,0.9557822942733765,5.774724006652832,1.0917733125388622,1.2206262443214655
50,1.019770622253418,14.25149154663086,0.16705234348773956,0.4082183241844177,4.506131649017334,3.1807023597783823,0.5527210831642151,0.9353741407394409,0.9557822942733765,5.768765926361084,1.0944673968479037,1.2237127125263214
51,1.0187437534332275,14.395587921142578,0.1692582070827484,0.40477535128593445,4.500593662261963,3.179211392524563,0.5527210831642151,0.9353741407394409,0.9557822942733765,5.7628889083862305,1.0855885753408074,1.2135207979008555
52,1.0177217721939087,14.535935401916504,0.17144978046417236,0.4007483124732971,4.495264530181885,3.1776947312191193,0.5476190447807312,0.9353741407394409,0.9557822942733765,5.757605075836182,1.078027255833149,1.2049295222386718
53,1.016723871231079,14.672745704650879,0.17361865937709808,0.39634525775909424,4.490288257598877,3.1762780389055707,0.545918345451355,0.9336734414100647,0.954081654548645,5.753419399261475,1.0739301098510623,1.2008441165089607
54,1.0157705545425415,14.806229591369629,0.1757587194442749,0.3917704224586487,4.486252784729004,3.1750555108656817,0.5425170063972473,0.9336734414100647,0.954081654548645,5.750622272491455,1.0720040258020163,1.5080894390121102
55,1.014883041381836,14.936593055725098,0.17786599695682526,0.3872162699699402,4.483303546905518,3.174062173643802,0.5357142686843872,0.930272102355957,0.954081654548645,5.749135494232178,1.0322980433702469,1.1559095829725266
56,1.014075756072998,15.064041137695312,0.17993862926959991,0.3828567862510681,4.481307029724121,3.1732649721650965,0.5357142686843872,0.9285714030265808,0.954081654548645,5.748487949371338,1.0502391746267676,1.179321181960404
57,1.0133498907089233,15.188763618469238,0.18197637796401978,0.37884214520454407,4.479765892028809,3.1725834565777493,0.5323129296302795,0.9268707633018494,0.954081654548645,5.747984409332275,1.0365577163174748,1.1627673311159015
58,1.0126984119415283,15.310945510864258,0.1839803010225296,0.3752950131893158,4.478025436401367,3.1719306702601626,0.5272108912467957,0.9251700639724731,0.954081654548645,5.746983051300049,1.0679722493514419,1.1975163202732801
59,1.0121119022369385,15.430747032165527,0.18595191836357117,0.37230807542800903,4.475825786590576,3.171252786424888,0.523809552192688,0.9234693646430969,0.9523809552192688,5.7451348304748535,1.4363747211173177,1.564218713901937
60,1.011580228805542,15.548319816589355,0.18789277970790863,0.3699437081813812,4.473114013671875,3.1705500426176814,0.5255101919174194,0.9234693646430969,0.9489796161651611,5.742487907409668,1.0911057125777006,1.220594683662057
61,1.0110880136489868,15.663787841796875,0.18980364501476288,0.3682340085506439,4.4703688621521,3.169874209209266,0.523809552192688,0.9234693646430969,0.9489796161651611,5.7394328117370605,1.0939360037446022,1.222848524339497
62,1.010616660118103,15.777264595031738,0.1916845589876175,0.3671817183494568,4.4678215980529785,3.16930282559439,0.5221088528633118,0.9234693646430969,0.9489796161651611,5.736516952514648,1.0908373659476638,1.21933211106807
63,1.01015043258667,15.888842582702637,0.19353465735912323,0.3667618930339813,4.466114044189453,3.168900785519947,0.523809552192688,0.9251700639724731,0.9472789168357849,5.73419189453125,1.074783869087696,1.2011356316506863
64,1.0096807479858398,15.998595237731934,0.19535239040851593,0.3669242858886719,4.465544700622559,3.168689455887921,0.523809552192688,0.9251700639724731,0.9472789168357849,5.732620716094971,1.070778171531856,1.1997260004281998
65,1.0092065334320068,16.106582641601562,0.19713570177555084,0.3675973415374756,4.4657111167907715,3.168642591542382,0.5255101919174194,0.9268707633018494,0.9489796161651611,5.731664180755615,1.079435607418418,1.2066033193841577
66,1.0087312459945679,16.21285057067871,0.19888202846050262,0.368692547082901,4.466066837310791,3.1687082754896845,0.5272108912467957,0.9268707633018494,0.9489796161651611,5.731030464172363,1.0684228437021375,1.1946741873398423
67,1.0082616806030273,16.31743621826172,0.20058825612068176,0.3701096177101135,4.466285705566406,3.1688385561962296,0.5289115905761719,0.9285714030265808,0.9506802558898926,5.730470180511475,1.0845764195546508,1.2299318397417665
68,1.0078059434890747,16.42037582397461,0.2022506296634674,0.3717420995235443,4.466350555419922,3.169006116371467,0.5272108912467957,0.9285714030265808,0.9506802558898926,5.729889869689941,1.0708860913291574,1.19662647228688
69,1.0073703527450562,16.521713256835938,0.2038649320602417,0.37348252534866333,4.466155052185059,3.16920243236883,0.5272108912467957,0.9285714030265808,0.9506802558898926,5.729333400726318,1.0552494181320071,1.1806775936856866
70,1.006959319114685,16.621501922607422,0.20542684197425842,0.3752274811267853,4.465627193450928,3.16942671573085,0.5255101919174194,0.9285714030265808,0.9506802558898926,5.728907108306885,1.0588327907025814,1.18764519225806
71,1.006574034690857,16.719804763793945,0.20693236589431763,0.3768818974494934,4.4647932052612305,3.169674162642306,0.5272108912467957,0.9319728016853333,0.9523809552192688,5.728692054748535,1.090941403992474,1.2202155189588666
72,1.0062137842178345,16.816696166992188,0.20837806165218353,0.3783630430698395,4.463768005371094,3.1699289222300746,0.5255101919174194,0.9319728016853333,0.954081654548645,5.728684902191162,1.388790882192552,1.5152449840679765
73,1.005875587463379,16.912250518798828,0.20976142585277557,0.37960365414619446,4.462723255157471,3.1701634716948988,0.5255101919174194,0.9319728016853333,0.954081654548645,5.728792190551758,1.0943444399163127,1.2234380170702934
74,1.005554437637329,17.00653839111328,0.21108092367649078,0.38055419921875,4.461787223815918,3.170345015826369,0.5272108912467957,0.9319728016853333,0.954081654548645,5.728860855102539,1.0778936175629497,1.2050609597936273
75,1.0052454471588135,17.09961700439453,0.21233591437339783,0.38118427991867065,4.461028575897217,3.1704436310041877,0.5289115905761719,0.9319728016853333,0.954081654548645,5.728734493255615,1.0696851564571261,1.1959047811105847
76,1.0049448013305664,17.19153594970703,0.21352656185626984,0.3814830482006073,4.460325717926025,3.1704370785597358,0.5272108912467957,0.9319728016853333,0.954081654548645,5.728281497955322,1.0781332552433014,1.2073271600529552
77,1.0046488046646118,17.282333374023438,0.2146535962820053,0.3814583122730255,4.459573745727539,3.1703126514449114,0.5272108912467957,0.9319728016853333,0.954081654548645,5.727414608001709,1.0850576125085354,1.2123130541294813
78,1.0043553113937378,17.372045516967773,0.21571841835975647,0.38113459944725037,4.458686828613281,3.170068143950914,0.5272108912467957,0.9319728016853333,0.954081654548645,5.726093769073486,1.0833430550992489,1.212166266515851
79,1.0040637254714966,17.460710525512695,0.21672303974628448,0.38055020570755005,4.457630157470703,3.169713723288172,0.5289115905761719,0.9319728016853333,0.954081654548645,5.724347114562988,1.3611950995400548,1.485590168274939
80,1.0037739276885986,17.548370361328125,0.2176702618598938,0.37975412607192993,4.4564409255981445,3.1692734698366403,0.5289115905761719,0.9319728016853333,0.954081654548645,5.7222795486450195,1.0379688879474998,1.1652662176638842
81,1.003488540649414,17.63506507873535,0.2185634970664978,0.37880218029022217,4.4551920890808105,3.168782251560995,0.5272108912467957,0.9319728016853333,0.954081654548645,5.720058917999268,1.0718322964385152,1.1984256180003285
82,1.003210425376892,17.72083854675293,0.2194066047668457,0.3777538239955902,4.4539618492126465,3.168279104606613,0.5289115905761719,0.9319728016853333,0.954081654548645,5.717876434326172,1.071074708364904,1.200339563190937
83,1.0029411315917969,17.805728912353516,0.22020374238491058,0.37666863203048706,4.452762603759766,3.1677978887228075,0.5289115905761719,0.9319728016853333,0.954081654548645,5.715884208679199,1.4496611040085554,1.5766722988337278
84,1.002680778503418,17.889774322509766,0.2209591120481491,0.3756032884120941,4.45158052444458,3.16736171809053,0.5306122303009033,0.9319728016853333,0.954081654548645,5.714171409606934,1.0847010668367147,1.214224997907877
85,1.0024285316467285,17.973005294799805,0.22167669236660004,0.3746087849140167,4.450405597686768,3.166982166777491,0.5306122303009033,0.930272102355957,0.954081654548645,5.712754249572754,1.08713233564049,1.2146561434492469
86,1.0021841526031494,18.05545425415039,0.22236022353172302,0.3737281560897827,4.449245929718018,3.166662925890945,0.5289115905761719,0.930272102355957,0.954081654548645,5.711613655090332,1.0794603172689676,1.2063922034576535
87,1.0019471645355225,18.13715171813965,0.22301320731639862,0.3729947805404663,4.448184967041016,3.166406602423205,0.5272108912467957,0.930272102355957,0.954081654548645,5.710733413696289,1.017848514020443,1.1439781514927745
88,1.0017160177230835,18.218124389648438,0.22363895177841187,0.3724311292171478,4.4473490715026855,3.166218140581489,0.5272108912467957,0.930272102355957,0.9523809552192688,5.710127830505371,1.0623330539092422,1.1920793317258358
89,1.0014894008636475,18.29840660095215,0.2242407500743866,0.37204816937446594,4.446894645690918,3.166103728388229,0.5272108912467957,0.930272102355957,0.9523809552192688,5.709828853607178,1.0674451058730483,1.195148590952158
90,1.0012661218643188,18.37801742553711,0.22482185065746307,0.371845543384552,4.4468512535095215,3.166063292920493,0.5255101919174194,0.930272102355957,0.9523809552192688,5.709837436676025,1.0738484906032681,1.2030104463919997
91,1.001046061515808,18.456985473632812,0.22538545727729797,0.3718128800392151,4.447086811065674,3.1660826139867386,0.5255101919174194,0.930272102355957,0.9523809552192688,5.710071563720703,1.0692487424239516,1.1967435516417027
92,1.0008288621902466,18.535329818725586,0.22593452036380768,0.3719308376312256,4.447396278381348,3.166133385743614,0.5255101919174194,0.930272102355957,0.9523809552192688,5.710362911224365,1.064994509331882,1.192378337495029
93,1.0006145238876343,18.613069534301758,0.2264714390039444,0.372173547744751,4.4475860595703125,3.166181955670393,0.5255101919174194,0.9285714030265808,0.9523809552192688,5.710514545440674,1.0703658582642674,1.199668262153864
94,1.0004034042358398,18.69021987915039,0.22699794173240662,0.3725106418132782,4.447483062744141,3.166202535925996,0.5255101919174194,0.9285714030265808,0.9523809552192688,5.710384845733643,1.078937252983451,1.2081258287653327
95,1.0001959800720215,18.76679801940918,0.2275150865316391,0.3729093670845032,4.447068214416504,3.166185844531577,0.5255101919174194,0.9285714030265808,0.954081654548645,5.709941387176514,1.0759184742346406,1.203834586776793
96,0.9999924302101135,18.84282112121582,0.22802335023880005,0.37333694100379944,4.446431636810303,3.1661387874237157,0.5255101919174194,0.9285714030265808,0.954081654548645,5.709259986877441,1.4101718794554472,1.5613633235916495
97,0.9997936487197876,18.918296813964844,0.22852301597595215,0.37376171350479126,4.445725440979004,3.1660764696073915,0.5255101919174194,0.930272102355957,0.954081654548645,5.708469867706299,1.0789396427571774,1.2082303082570434
98,0.9995988011360168,18.99323844909668,0.22901438176631927,0.3741548955440521,4.445039749145508,3.1660119019380764,0.5272108912467957,0.930272102355957,0.954081654548645,5.7076897621154785,1.0829971190541983,1.2123219529166818
99,0.9994080662727356,19.067651748657227,0.229498028755188,0.37449193000793457,4.444424152374268,3.1659503236499837,0.5272108912467957,0.930272102355957,0.954081654548645,5.706981182098389,1.0829807799309492,1.2122517144307494
100,0.9992209672927856,19.14154815673828,0.22997474670410156,0.37475359439849854,4.4438796043396,3.1658898176699424,0.5272108912467957,0.930272102355957,0.954081654548645,5.706357955932617,1.1117543196305633,1.240742327645421
101,0.9990372657775879,19.21493148803711,0.23044542968273163,0.37492668628692627,4.443393230438232,3.1658258718311543,0.5289115905761719,0.930272102355957,0.954081654548645,5.705807685852051,1.055058689787984,1.1919815242290497
102,0.9988565444946289,19.287811279296875,0.2309110313653946,0.3750048577785492,4.442965030670166,3.1657559004371696,0.5272108912467957,0.930272102355957,0.954081654548645,5.705320358276367,1.094422367401421,1.2240486275404692
103,0.9986786246299744,19.36020278930664,0.2313721626996994,0.374988317489624,4.44259786605835,3.165679519211202,0.5272108912467957,0.930272102355957,0.954081654548645,5.704892635345459,1.3484602477401495,1.4717528019100428
104,0.9985032081604004,19.432119369506836,0.23182949423789978,0.3748832643032074,4.4422831535339355,3.165596189467043,0.5272108912467957,0.930272102355957,0.954081654548645,5.704512596130371,1.0351193146780133,1.162030391395092
105,0.9983303546905518,19.503572463989258,0.23228368163108826,0.3747009038925171,4.441983222961426,3.165502061296146,0.5272108912467957,0.930272102355957,0.954081654548645,5.704141139984131,1.0695874281227589,1.1951467916369438
106,0.9981597661972046,19.5745792388916,0.23273542523384094,0.3744564354419708,4.441629886627197,3.1653910328492065,0.5255101919174194,0.930272102355957,0.954081654548645,5.70372200012207,1.0638668527826667,1.1927661830559373
107,0.9979916214942932,19.64514923095703,0.23318560421466827,0.3741673231124878,4.44117546081543,3.1652585597328975,0.5255101919174194,0.930272102355957,0.954081654548645,5.703206539154053,1.2400475265458226,1.3671594792976975
108,0.9978262186050415,19.71529769897461,0.23363497853279114,0.3738524615764618,4.440624713897705,3.165106080369075,0.5255101919174194,0.930272102355957,0.9523809552192688,5.702582359313965,1.0835211426019669,1.2130568036809564
109,0.9976633787155151,19.7850341796875,0.2340843826532364,0.3735308349132538,4.440013885498047,3.1649425177984316,0.5255101919174194,0.930272102355957,0.9523809552192688,5.7018890380859375,1.0927503602579236,1.221558140590787
110,0.9975034594535828,19.8543701171875,0.23453441262245178,0.3732202351093292,4.439401626586914,3.1647811195776776,0.523809552192688,0.930272102355957,0.9523809552192688,5.701193809509277,1.0816131178289652,1.2087882095947862
111,0.9973459839820862,19.92331886291504,0.2349855750799179,0.37293633818626404,4.438849449157715,3.1646340436989036,0.5255101919174194,0.930272102355957,0.9523809552192688,5.700560569763184,1.0760046122595668,1.2030250579118729
112,0.9971908330917358,19.99188995361328,0.23543822765350342,0.372691810131073,4.438370704650879,3.1645078673744935,0.5255101919174194,0.930272102355957,0.9523809552192688,5.700019359588623,1.074812208302319,1.2017211141064763
113,0.9970383644104004,20.060089111328125,0.2358928769826889,0.3724956512451172,4.4379706382751465,3.1644035742421135,0.5255101919174194,0.9285714030265808,0.9523809552192688,5.6995720863342285,1.0738310609012842,1.2004991304129362
114,0.9968880414962769,20.127925872802734,0.23634998500347137,0.3723527491092682,4.437646865844727,3.1643186845856737,0.5255101919174194,0.9285714030265808,0.9523809552192688,5.699197292327881,1.076829232275486,1.205501084215939
115,0.9967399835586548,20.195398330688477,0.23681023716926575,0.37226402759552,4.437376022338867,3.1642504252401675,0.5255101919174194,0.9285714030265808,0.9523809552192688,5.698877334594727,1.0790989603847265,1.206689978018403
116,0.9965940713882446,20.262516021728516,0.2372741997241974,0.37222662568092346,4.437167644500732,3.1641963096813717,0.5255101919174194,0.930272102355957,0.9523809552192688,5.698596477508545,1.0730507308617234,1.1997664095833898
117,0.9964499473571777,20.329280853271484,0.2377425730228424,0.3722344934940338,4.43701696395874,3.164152751105359,0.5255101919174194,0.930272102355957,0.9523809552192688,5.698336124420166,1.0724934786558151,1.2018950413912535
118,0.9963079690933228,20.395692825317383,0.23821569979190826,0.3722793459892273,4.436890602111816,3.164113950414585,0.5272108912467957,0.930272102355957,0.9523809552192688,5.698066234588623,1.08048908226192,1.2073528096079826
119,0.9961679577827454,20.461761474609375,0.23869377374649048,0.3723512589931488,4.436734199523926,3.1640735494539802,0.5272108912467957,0.930272102355957,0.9523809552192688,5.697755813598633,1.0718997875228524,1.1982292514294386
120,0.996029794216156,20.527494430541992,0.2391766756772995,0.3724397122859955,4.436515808105469,3.164027854201619,0.5272108912467957,0.930272102355957,0.9523809552192688,5.697393894195557,1.4282995583489537,1.5575397238135338
121,0.9958937168121338,20.592893600463867,0.2396639734506607,0.37253430485725403,4.4362263679504395,3.1639779304139015,0.5272108912467957,0.930272102355957,0.9523809552192688,5.696998119354248,1.0935880094766617,1.2226502858102322
122,0.9957594871520996,20.657970428466797,0.24015513062477112,0.3726251423358917,4.435927867889404,3.163928556155259,0.5272108912467957,0.930272102355957,0.9523809552192688,5.696612358093262,1.09438153821975,1.2241251673549414
123,0.9956271648406982,20.72273063659668,0.24064958095550537,0.3727037012577057,4.435649871826172,3.163883864751774,0.5272108912467957,0.930272102355957,0.9523809552192688,5.696269989013672,1.078487710095942,1.2054697144776583
124,0.9954965710639954,20.787179946899414,0.24114686250686646,0.3727629780769348,4.435408592224121,3.1638435904898823,0.5272108912467957,0.930272102355957,0.9523809552192688,5.695977687835693,1.0696071274578571,1.1964912842959166
125,0.9953680038452148,20.8513240814209,0.24164646863937378,0.3727979362010956,4.435189723968506,3.1638025909426104,0.5272108912467957,0.930272102355957,0.9523809552192688,5.695707321166992,1.0280358297750354,1.1574914110824466
126,0.9952409863471985,20.915164947509766,0.2421480268239975,0.372805655002594,4.4349565505981445,3.163754874090043,0.5272108912467957,0.930272102355957,0.9523809552192688,5.69542121887207,1.073678462766111,1.202818639576435
127,0.9951156377792358,20.978708267211914,0.24265101552009583,0.3727855384349823,4.434687614440918,3.1636981641290958,0.5272108912467957,0.930272102355957,0.9523809552192688,5.695106029510498,1.3640512600541115,1.4867487717419863
128,0.9949920177459717,21.041961669921875,0.24315497279167175,0.3727390170097351,4.434396266937256,3.1636356068309213,0.5272108912467957,0.930272102355957,0.9523809552192688,5.694777488708496,1.0107719479128718,1.1374294068664312
129,0.9948698282241821,21.104928970336914,0.24365945160388947,0.3726692795753479,4.434123992919922,3.163572947021816,0.5272108912467957,0.930272102355957,0.9523809552192688,5.694469451904297,1.0586903924122453,1.1880412558093667
130,0.9947491884231567,21.167612075805664,0.2441641092300415,0.3725808560848236,4.433906555175781,3.163513535167468,0.5272108912467957,0.930272102355957,0.9523809552192688,5.694198131561279,1.0739372996613383,1.2034866008907557
131,0.9946301579475403,21.23002052307129,0.24466876685619354,0.37247905135154724,4.4337077140808105,3.163455648225569,0.5272108912467957,0.930272102355957,0.9523809552192688,5.693947792053223,1.4384751925244927,1.568041113205254
132,0.9945126175880432,21.292156219482422,0.24517329037189484,0.3723697364330292,4.433495998382568,3.1633942472222487,0.5272108912467957,0.930272102355957,0.9523809552192688,5.693680763244629,1.0651133274659514,1.1935905627906322
133,0.9943965673446655,21.354021072387695,0.245677649974823,0.37225860357284546,4.433245658874512,3.1633256597304453,0.5272108912467957,0.930272102355957,0.9523809552192688,5.693370342254639,1.0697568356990814,1.1992368372157216
134,0.9942820072174072,21.415620803833008,0.24618171155452728,0.3721511662006378,4.432978630065918,3.1632514043206363,0.5272108912467957,0.930272102355957,0.9523809552192688,5.693019866943359,1.0725758289918303,1.2021557493135333
135,0.9941688776016235,21.476957321166992,0.2466854453086853,0.3720521926879883,4.432715892791748,3.1631774476033088,0.5272108912467957,0.930272102355957,0.9523809552192688,5.692663669586182,1.0785464672371745,1.231086554005742
136,0.9940571784973145,21.538040161132812,0.24718865752220154,0.3719654679298401,4.4324846267700195,3.1631101584876875,0.5272108912467957,0.9285714030265808,0.9523809552192688,5.692338466644287,1.0519575420767069,1.1781734768301249
137,0.9939467906951904,21.598867416381836,0.24769125878810883,0.37189361453056335,4.432298183441162,3.1630525052759015,0.5272108912467957,0.9285714030265808,0.9523809552192688,5.692061901092529,1.0493380557745695,1.178915286436677
138,0.9938380122184753,21.659446716308594,0.2481931746006012,0.37183794379234314,4.432138919830322,3.1630023305018704,0.5272108912467957,0.9285714030265808,0.9523809552192688,5.691818714141846,1.0733344284817576,1.2025829432532191
139,0.9937301874160767,21.71977996826172,0.2486942857503891,0.37179848551750183,4.431982517242432,3.1629555112777514,0.5272108912467957,0.9285714030265808,0.9523809552192688,5.691581726074219,1.0647847410291433,1.1938633788377047
140,0.9936239123344421,21.779869079589844,0.24919448792934418,0.37177416682243347,4.431812763214111,3.162908909603654,0.5272108912467957,0.9285714030265808,0.9523809552192688,5.691333770751953,1.068232525140047,1.1978777358308434
141,0.9935188889503479,21.839717864990234,0.24969366192817688,0.37176287174224854,4.431629180908203,3.1628620048326708,0.5272108912467957,0.9285714030265808,0.9523809552192688,5.691071033477783,1.0865839421749115,1.2152902437373996
142,0.9934148788452148,21.899330139160156,0.2501915693283081,0.3717620372772217,4.431443214416504,3.1628164779410497,0.5272108912467957,0.9285714030265808,0.9523809552192688,5.690807342529297,1.0881309919059277,1.2178951306268573
143,0.9933122396469116,21.958709716796875,0.25068798661231995,0.3717683255672455,4.431266784667969,3.1627739671275132,0.5272108912467957,0.9285714030265808,0.9523809552192688,5.690556049346924,1.089735159650445,1.2188817374408245
144,0.9932106733322144,22.017858505249023,0.2511827349662781,0.37177836894989014,4.431103706359863,3.1627348058640394,0.5272108912467957,0.9285714030265808,0.9523809552192688,5.690322399139404,1.4460481712594628,1.573687789030373
145,0.9931104183197021,22.0767765045166,0.2516756057739258,0.3717888295650482,4.430948257446289,3.1626981340116003,0.5272108912467957,0.9285714030265808,0.9523809552192688,5.690106391906738,1.0833323458209634,1.2156256092712283
146,0.9930109977722168,22.135467529296875,0.2521664500236511,0.37179669737815857,4.430795192718506,3.1626625625081974,0.5272108912467957,0.9285714030265808,0.9523809552192688,5.689899921417236,1.0906070983037353,1.2198443841189146
147,0.992913007736206,22.19393539428711,0.25265511870384216,0.37179943919181824,4.4306464195251465,3.162626996176443,0.5272108912467957,0.9285714030265808,0.9523809552192688,5.689700603485107,1.074217926710844,1.2012359406799078
148,0.9928160905838013,22.252180099487305,0.25314146280288696,0.371795117855072,4.430495738983154,3.1625903354903553,0.5272108912467957,0.9285714030265808,0.9523809552192688,5.6895012855529785,1.070133720524609,1.1972239939495921
149,0.9927202463150024,22.31020736694336,0.25362542271614075,0.3717826008796692,4.430343151092529,3.16255147464159,0.5255101919174194,0.9285714030265808,0.9523809552192688,5.689297199249268,1.0352621534839272,1.164499138481915
150,0.9926252365112305,22.368019104003906,0.2541068494319916,0.3717614710330963,4.430187702178955,3.1625100667738897,0.5255101919174194,0.9285714030265808,0.9523809552192688,5.689084529876709,1.0612872075289488,1.1902714669704437
151,0.9925313591957092,22.425615310668945,0.25458571314811707,0.37173211574554443,4.430031776428223,3.162466818898869,0.5255101919174194,0.9285714030265808,0.9523809552192688,5.688869476318359,1.2846171846613288,1.4081245455890894
152,0.9924384355545044,22.483001708984375,0.25506195425987244,0.3716954290866852,4.429881572723389,3.1624229829361745,0.5255101919174194,0.9285714030265808,0.9523809552192688,5.688657760620117,0.9976034928113222,1.1248964732512832
153,0.9923467040061951,22.540178298950195,0.2555355131626129,0.3716529607772827,4.429744720458984,3.162379857198763,0.5255101919174194,0.9285714030265808,0.9523809552192688,5.688455581665039,1.0488277524709702,1.1779192397370934
154,0.9922557473182678,22.597148895263672,0.2560063302516937,0.37160640954971313,4.429620742797852,3.162337738045346,0.5255101919174194,0.9285714030265808,0.9523809552192688,5.688263893127441,1.038032385520637,1.167744535021484
155,0.9921656847000122,22.653913497924805,0.25647443532943726,0.3715578317642212,4.429501533508301,3.1622958660128844,0.5255101919174194,0.9285714030265808,0.954081654548645,5.688075542449951,1.4125848663970828,1.5386966429650784
156,0.992076575756073,22.710479736328125,0.2569398283958435,0.37150922417640686,4.429380416870117,3.162253469418992,0.5255101919174194,0.9285714030265808,0.954081654548645,5.68788480758667,1.0437692403793335,1.1734863696619868
157,0.991988480091095,22.766843795776367,0.2574024498462677,0.37146249413490295,4.429254055023193,3.1622105819446094,0.5255101919174194,0.9285714030265808,0.954081654548645,5.687689304351807,1.0552103193476796,1.1833162494003773
158,0.9919012188911438,22.82301139831543,0.25786226987838745,0.37141919136047363,4.429129600524902,3.1621683112546375,0.5255101919174194,0.9285714030265808,0.954081654548645,5.687495231628418,1.0552600482478738,1.1845827428624034
159,0.9918146133422852,22.878982543945312,0.2583194077014923,0.37138044834136963,4.429012298583984,3.162128195471007,0.5255101919174194,0.9285714030265808,0.954081654548645,5.687310695648193,1.0619427086785436,1.1912691127508879
160,0.991729199886322,22.93476104736328,0.2587738633155823,0.37134695053100586,4.4289045333862305,3.1620908032624766,0.5255101919174194,0.9285714030265808,0.954081654548645,5.687139511108398,1.061325367540121,1.190560962073505
161,0.9916443228721619,22.990345001220703,0.2592256963253021,0.371319055557251,4.428803443908691,3.162056077257938,0.5255101919174194,0.9285714030265808,0.954081654548645,5.686981678009033,1.0617957711219788,1.1909111877903342
162,0.9915605783462524,23.04574203491211,0.2596750259399414,0.3712964355945587,4.428704738616943,3.1620231321857144,0.5255101919174194,0.9285714030265808,0.954081654548645,5.686829566955566,1.0598086267709732,1.1893729278817773
163,0.9914774298667908,23.1009464263916,0.26012182235717773,0.37127864360809326,4.4286065101623535,3.1619912762617415,0.5255101919174194,0.9285714030265808,0.954081654548645,5.686681270599365,1.0497047519311309,1.1779064992442727
164,0.9913952350616455,23.155963897705078,0.2605661153793335,0.3712647259235382,4.4285078048706055,3.161960102055392,0.5255101919174194,0.9285714030265808,0.954081654548645,5.686533451080322,1.035185563378036,1.1612951504066586
165,0.9913136959075928,23.210796356201172,0.2610079348087311,0.37125375866889954,4.428411960601807,3.16192960660104,0.5255101919174194,0.9285714030265808,0.954081654548645,5.686387062072754,1.03087168186903,1.1602951940149069
166,0.9912331700325012,23.265443801879883,0.2614472806453705,0.37124449014663696,4.428316116333008,3.1618996424559125,0.5255101919174194,0.9285714030265808,0.954081654548645,5.686243534088135,1.045347299426794,1.1727359192445874
167,0.9911532402038574,23.319910049438477,0.26188424229621887,0.371235728263855,4.428220748901367,3.1618700499128356,0.5255101919174194,0.9285714030265808,0.954081654548645,5.68610143661499,1.0511302137747407,1.1798602845519781
168,0.9910743832588196,23.37419891357422,0.26231876015663147,0.37122640013694763,4.428125858306885,3.1618408584944127,0.5272108912467957,0.9285714030265808,0.954081654548645,5.6859636306762695,1.026847724802792,1.5117273107171059
169,0.9909961223602295,23.42830467224121,0.26275092363357544,0.3712156116962433,4.428031921386719,3.1618121234475676,0.5272108912467957,0.9285714030265808,0.954081654548645,5.6858296394348145,1.0803921641781926,1.2072943300008774
170,0.990918755531311,23.482236862182617,0.263180673122406,0.37120264768600464,4.427942276000977,3.1617838017718727,0.5272108912467957,0.9285714030265808,0.954081654548645,5.685699939727783,1.0680989874526858,1.1947999354451895
171,0.9908421635627747,23.535993576049805,0.26360809803009033,0.37118709087371826,4.427855014801025,3.16175578986054,0.5272108912467957,0.9285714030265808,0.954081654548645,5.685574531555176,1.0658359182998538,1.1952496115118265
172,0.9907665848731995,23.589574813842773,0.2640331983566284,0.371168851852417,4.427769660949707,3.1617277616130988,0.5272108912467957,0.9285714030265808,0.954081654548645,5.685451984405518,1.082571355625987,1.2104553086683154
173,0.990691602230072,23.64298439025879,0.26445603370666504,0.37114790081977844,4.427688121795654,3.161699583442317,0.5272108912467957,0.9285714030265808,0.954081654548645,5.685330867767334,1.0760674821212888,1.2032184544950724
174,0.9906173944473267,23.696226119995117,0.2648766040802002,0.3711247146129608,4.427610874176025,3.1616712411199726,0.5272108912467957,0.9285714030265808,0.954081654548645,5.685210704803467,1.0716315796598792,1.1989025808870792
175,0.9905438423156738,23.749296188354492,0.2652950584888458,0.3710996210575104,4.427535057067871,3.1616426992226905,0.5272108912467957,0.9285714030265808,0.954081654548645,5.6850905418396,1.418480508029461,1.5424546524882317
176,0.9904712438583374,23.80219841003418,0.26571139693260193,0.3710733652114868,4.427459716796875,3.1616139079877046,0.5272108912467957,0.9285714030265808,0.954081654548645,5.684969425201416,1.0362121099606156,1.1603622930124402
177,0.9903992414474487,23.854936599731445,0.26612570881843567,0.3710465729236603,4.42738151550293,3.1615848171057563,0.5272108912467957,0.9285714030265808,0.954081654548645,5.6848464012146,1.065456042997539,1.1944230711087584
178,0.9903280735015869,23.907508850097656,0.26653796434402466,0.37101995944976807,4.427300930023193,3.161555523939059,0.5272108912467957,0.9285714030265808,0.954081654548645,5.68472146987915,1.0946916239336133,1.224092397838831
179,0.9902573227882385,23.959918975830078,0.26694825291633606,0.3709941506385803,4.427220821380615,3.161526247780413,0.5272108912467957,0.9285714030265808,0.954081654548645,5.684595584869385,1.0938133457675576,1.4774275161325932
180,0.9901875853538513,24.01216697692871,0.26735660433769226,0.3709697127342224,4.4271416664123535,3.1614974770780417,0.5272108912467957,0.9285714030265808,0.954081654548645,5.684471607208252,1.0868726391345263,1.214885400608182
181,0.990118145942688,24.064254760742188,0.26776304841041565,0.3709470331668854,4.427064418792725,3.16146932236707,0.5255101919174194,0.9285714030265808,0.954081654548645,5.68435001373291,1.0782763231545687,1.205529173836112
182,0.9900496006011963,24.116186141967773,0.26816755533218384,0.3709263205528259,4.426986217498779,3.1614417284223904,0.523809552192688,0.9285714030265808,0.954081654548645,5.684230327606201,1.034814809449017,1.1621391093358397
183,0.9899813532829285,24.167959213256836,0.2685701549053192,0.37090763449668884,4.426907062530518,3.1614147906735752,0.523809552192688,0.9285714030265808,0.954081654548645,5.684113502502441,1.0461068991571665,1.175388383679092
184,0.9899142384529114,24.219575881958008,0.26897090673446655,0.37089091539382935,4.4268293380737305,3.161388586325079,0.523809552192688,0.9285714030265808,0.954081654548645,5.683999061584473,1.065233064815402,1.2155082216486335
185,0.9898474216461182,24.271039962768555,0.26936981081962585,0.37087586522102356,4.426754951477051,3.161363460024156,0.523809552192688,0.9285714030265808,0.954081654548645,5.683890342712402,1.059986885637045,1.1894338382408023
186,0.9897810816764832,24.322349548339844,0.2697668969631195,0.3708621561527252,4.426682949066162,3.161339203101817,0.523809552192688,0.9285714030265808,0.954081654548645,5.683785915374756,1.065259374678135,1.1936275213956833
187,0.9897154569625854,24.37350845336914,0.2701621949672699,0.3708493113517761,4.426611423492432,3.1613157225231228,0.523809552192688,0.9285714030265808,0.954081654548645,5.683686256408691,1.0551268700510263,1.1820905553177
188,0.9896503686904907,24.424516677856445,0.27055567502975464,0.37083694338798523,4.4265360832214355,3.161292298444695,0.523809552192688,0.9285714030265808,0.954081654548645,5.683586597442627,1.0590666476637125,1.188664697110653
189,0.9895858764648438,24.47537612915039,0.2709473967552185,0.3708246350288391,4.426457405090332,3.161268877058011,0.523809552192688,0.9285714030265808,0.954081654548645,5.683486461639404,1.0739974388852715,1.2030041869729757
190,0.9895219206809998,24.52608871459961,0.2713373601436615,0.3708120584487915,4.4263763427734375,3.1612455393070977,0.523809552192688,0.9285714030265808,0.954081654548645,5.683387279510498,1.072326741181314,1.2017666436731815
191,0.9894585609436035,24.5766544342041,0.2717255651950836,0.37079891562461853,4.426298141479492,3.1612226724429875,0.523809552192688,0.9285714030265808,0.954081654548645,5.683290958404541,1.0868427390232682,1.2164203384891152
192,0.9893956780433655,24.627073287963867,0.2721119821071625,0.37078505754470825,4.426222801208496,3.161200302439737,0.523809552192688,0.9285714030265808,0.954081654548645,5.68319845199585,1.0708167711272836,1.199994707480073
193,0.9893333315849304,24.677349090576172,0.27249664068222046,0.3707703948020935,4.426148891448975,3.1611784071349733,0.523809552192688,0.9285714030265808,0.954081654548645,5.683109760284424,1.404673421755433,1.5337299583479762
194,0.9892714023590088,24.727481842041016,0.27287954092025757,0.3707548975944519,4.426074981689453,3.1611566094769166,0.523809552192688,0.9285714030265808,0.954081654548645,5.6830220222473145,1.0677790315821767,1.1962267169728875
195,0.9892101883888245,24.77747344970703,0.2732607126235962,0.37073877453804016,4.425999641418457,3.1611346953740114,0.523809552192688,0.9285714030265808,0.954081654548645,5.682933807373047,1.0644337953999639,1.1926004150882363
196,0.9891493916511536,24.82732391357422,0.2736401855945587,0.37072208523750305,4.425924301147461,3.1611129476197326,0.523809552192688,0.9285714030265808,0.954081654548645,5.682847499847412,1.0412031654268503,1.1681157210841775
197,0.9890892505645752,24.87703514099121,0.27401798963546753,0.37070515751838684,4.4258503913879395,3.161091451460249,0.5221088528633118,0.9285714030265808,0.954081654548645,5.682762622833252,1.0264312196522951,1.1526465956121683
198,0.9890291690826416,24.926607131958008,0.27439412474632263,0.37068814039230347,4.425778865814209,3.1610702354184226,0.5221088528633118,0.9285714030265808,0.954081654548645,5.682679176330566,1.0532016158103943,1.1827567759901285
199,0.9889699220657349,24.976041793823242,0.2747686803340912,0.3706713020801544,4.425711154937744,3.161049374541526,0.5221088528633118,0.9285714030265808,0.954081654548645,5.6825971603393555,1.0646246625110507,1.1922196112573147
200,0.9889110326766968,25.025339126586914,0.2751416265964508,0.37065479159355164,4.425658226013184,3.161028804628061,0.5221088528633118,0.9285714030265808,0.954081654548645,5.6825175285339355,1.3260980248451233,1.4492910197004676
201,0.988852858543396,25.074501037597656,0.2755131423473358,0.37063881754875183,4.425606727600098,3.161008430910582,0.5221088528633118,0.9285714030265808,0.954081654548645,5.682437896728516,1.029986153356731,1.1591893890872598
202,0.9887948632240295,25.1235294342041,0.27588316798210144,0.37062352895736694,4.4255571365356445,3.160988439032619,0.5221088528633118,0.9285714030265808,0.954081654548645,5.68235969543457,1.0657961778342724,1.1934426240622997
203,0.9887372851371765,25.172422409057617,0.27625182271003723,0.3706088960170746,4.425508499145508,3.160968823140336,0.5221088528633118,0.9285714030265808,0.954081654548645,5.682283401489258,1.0676469840109348,1.1971225962042809
204,0.9886804223060608,25.22118377685547,0.27661919593811035,0.37059494853019714,4.4254608154296875,3.1609496500563425,0.5221088528633118,0.9285714030265808,0.954081654548645,5.68220853805542,1.4029466733336449,1.5318278539925814
205,0.9886237382888794,25.269813537597656,0.2769852578639984,0.3705816864967346,4.4254150390625,3.1609309446007976,0.5221088528633118,0.9285714030265808,0.954081654548645,5.682136058807373,1.071501411497593,1.199770139530301
206,0.9885677695274353,25.31831169128418,0.2773500978946686,0.37056902050971985,4.425370216369629,3.1609126353831503,0.5221088528633118,0.9285714030265808,0.954081654548645,5.682065010070801,1.0630176346749067,1.190076658502221
207,0.9885120987892151,25.36667823791504,0.27771368622779846,0.3705568015575409,4.425326347351074,3.160894597941064,0.5221088528633118,0.9285714030265808,0.954081654548645,5.681995391845703,1.0439498778432608,1.1698556272312999
208,0.9884567856788635,25.4149169921875,0.2780761420726776,0.370544970035553,4.425281524658203,3.160876721906027,0.5221088528633118,0.9285714030265808,0.954081654548645,5.6819257736206055,1.048243010416627,1.177265408448875
209,0.9884018898010254,25.46302604675293,0.27843740582466125,0.3705333173274994,4.425238609313965,3.1608591490552556,0.5221088528633118,0.9285714030265808,0.954081654548645,5.681857585906982,1.072197032161057,1.2007480766624212
210,0.9883474111557007,25.511011123657227,0.27879753708839417,0.37052175402641296,4.425195693969727,3.160841640042235,0.5221088528633118,0.9285714030265808,0.954081654548645,5.681789398193359,1.0658477572724223,1.1939685977995396
211,0.9882934093475342,25.558866500854492,0.2791566252708435,0.3705101013183594,4.425152778625488,3.160824364964657,0.5221088528633118,0.9285714030265808,0.954081654548645,5.681722164154053,1.0412590643391013,1.1701961336657405
212,0.9882398843765259,25.606595993041992,0.2795146703720093,0.37049829959869385,4.425110340118408,3.1608071410523992,0.5221088528633118,0.9285714030265808,0.954081654548645,5.681654930114746,1.0371241588145494,1.165698891505599
213,0.988186776638031,25.654199600219727,0.2798716425895691,0.370486319065094,4.425069332122803,3.1607902096386296,0.5221088528633118,0.9285714030265808,0.954081654548645,5.681589126586914,1.0647904612123966,1.194864735007286
214,0.9881339073181152,25.70168113708496,0.2802276313304901,0.37047407031059265,4.4250264167785645,3.1607732136298736,0.5221088528633118,0.9285714030265808,0.954081654548645,5.681522846221924,1.067865950986743,1.1973145129159093
215,0.9880814552307129,25.749040603637695,0.28058263659477234,0.3704616129398346,4.424986362457275,3.1607564050344554,0.523809552192688,0.9285714030265808,0.954081654548645,5.681457042694092,1.0647686207666993,1.1948460545390844
216,0.988029420375824,25.796276092529297,0.28093671798706055,0.37044891715049744,4.4249467849731445,3.1607398645572906,0.523809552192688,0.9285714030265808,0.954081654548645,5.681393146514893,1.06609767396003,1.1959128016605973
217,0.9879778623580933,25.8433895111084,0.2812899053096771,0.37043607234954834,4.4249091148376465,3.1607235110427156,0.523809552192688,0.9285714030265808,0.954081654548645,5.681329727172852,1.4519097553566098,1.580918692983687
218,0.9879266619682312,25.890384674072266,0.28164222836494446,0.37042316794395447,4.4248738288879395,3.1607074446984327,0.523809552192688,0.9285714030265808,0.954081654548645,5.681268215179443,1.0654326435178518,1.1949260542169213
219,0.9878756403923035,25.937257766723633,0.28199368715286255,0.370410293340683,4.424838066101074,3.160691599049842,0.523809552192688,0.9285714030265808,0.954081654548645,5.681207180023193,1.0671930890530348,1.1965364925563335
220,0.9878252744674683,25.984012603759766,0.28234434127807617,0.3703974783420563,4.424802303314209,3.1606760037539083,0.523809552192688,0.9285714030265808,0.954081654548645,5.681146621704102,1.0588806588202715,1.1871848469600081
221,0.9877751469612122,26.030649185180664,0.28269413113594055,0.3703848123550415,4.424767017364502,3.1606606545637654,0.523809552192688,0.9285714030265808,0.954081654548645,5.681087970733643,1.0445712003856897,1.1703612813726068
222,0.9877253174781799,26.07716941833496,0.28304317593574524,0.37037238478660583,4.424732208251953,3.1606455190691545,0.523809552192688,0.9285714030265808,0.954081654548645,5.681029796600342,1.0410922160372138,1.1699959365651011
223,0.9876760244369507,26.123573303222656,0.28339141607284546,0.37036022543907166,4.424698829650879,3.1606307787115617,0.523809552192688,0.9285714030265808,0.954081654548645,5.680973529815674,1.0680526671931148,1.197360091842711
224,0.9876269698143005,26.16986083984375,0.283738911151886,0.37034839391708374,4.424666404724121,3.16061634267851,0.523809552192688,0.9285714030265808,0.954081654548645,5.680919170379639,1.3627650383859873,1.486489376053214
225,0.9875783324241638,26.216033935546875,0.2840856611728668,0.3703368306159973,4.424633979797363,3.160602277426999,0.5255101919174194,0.9285714030265808,0.954081654548645,5.680866241455078,1.0087861940264702,1.1357223903760314
226,0.9875298142433167,26.26209259033203,0.2844316065311432,0.37032556533813477,4.42460298538208,3.1605885777404326,0.5255101919174194,0.9285714030265808,0.954081654548645,5.680814743041992,1.0314425630494952,1.1602749144658446
227,0.987481951713562,26.30803871154785,0.28477683663368225,0.3703145682811737,4.424572944641113,3.1605750708035676,0.5255101919174194,0.9285714030265808,0.954081654548645,5.680764675140381,1.065102186985314,1.193352535367012
228,0.9874343276023865,26.353872299194336,0.2851213216781616,0.37030377984046936,4.424544334411621,3.16056180729875,0.5255101919174194,0.9285714030265808,0.954081654548645,5.680715084075928,1.4100905498489738,1.5364453727379441
229,0.9873870611190796,26.399593353271484,0.2854650318622589,0.37029311060905457,4.424516677856445,3.1605488468714733,0.5255101919174194,0.9285714030265808,0.954081654548645,5.680667400360107,1.074415854178369,1.204093523323536
230,0.9873402714729309,26.44520378112793,0.2858080267906189,0.37028253078460693,4.4244890213012695,3.160536121798478,0.5255101919174194,0.9285714030265808,0.954081654548645,5.680621147155762,1.0852210894227028,1.214909448288381
231,0.9872936010360718,26.490705490112305,0.2861502766609192,0.37027204036712646,4.424462795257568,3.1605235507293203,0.5255101919174194,0.9285714030265808,0.954081654548645,5.680574893951416,1.0812289835885167,1.2108893627300858
232,0.9872472882270813,26.536096572875977,0.28649187088012695,0.3702615201473236,4.424436569213867,3.160511176614919,0.5255101919174194,0.9268707633018494,0.954081654548645,5.680530548095703,1.0829454204067588,1.2119557186961174
233,0.987201452255249,26.581378936767578,0.28683269023895264,0.37025099992752075,4.424410820007324,3.1604989393401843,0.5255101919174194,0.9268707633018494,0.954081654548645,5.680486679077148,1.085254229605198,1.2145912339910865
234,0.9871557950973511,26.62655258178711,0.2871728241443634,0.3702404201030731,4.4243855476379395,3.1604868835200586,0.5255101919174194,0.9268707633018494,0.954081654548645,5.680444240570068,1.0842324839904904,1.2138806330040097
235,0.9871106147766113,26.671621322631836,0.28751224279403687,0.3702297806739807,4.424360275268555,3.1604749463458677,0.523809552192688,0.9268707633018494,0.954081654548645,5.680401802062988,1.0689739165827632,1.1963605964556336
236,0.9870654940605164,26.716581344604492,0.287850946187973,0.3702191412448883,4.424337387084961,3.1604632826498666,0.523809552192688,0.9268707633018494,0.954081654548645,5.680361747741699,1.0741540370509028,1.2032695142552257
237,0.9870209693908691,26.761438369750977,0.28818896412849426,0.3702085018157959,4.42431640625,3.160451537208514,0.5255101919174194,0.9268707633018494,0.954081654548645,5.680321216583252,1.0750210750848055,1.2035201098769903
238,0.9869765639305115,26.806188583374023,0.2885262370109558,0.3701978921890259,4.4242963790893555,3.160439988101409,0.5255101919174194,0.9268707633018494,0.954081654548645,5.680281162261963,1.0779956262558699,1.2286971770226955
239,0.986932635307312,26.8508358001709,0.28886282444000244,0.37018728256225586,4.424276351928711,3.1604285793030953,0.5255101919174194,0.9268707633018494,0.954081654548645,5.680242538452148,1.0757271256297827,1.205212477594614
240,0.9868890047073364,26.89537811279297,0.28919872641563416,0.37017685174942017,4.424256801605225,3.1604173290361475,0.5255101919174194,0.9268707633018494,0.954081654548645,5.680204391479492,1.0840298756957054,1.213031703606248
241,0.9868454933166504,26.939817428588867,0.2895338535308838,0.37016645073890686,4.424238204956055,3.1604061655313878,0.5255101919174194,0.9268707633018494,0.954081654548645,5.680167198181152,1.4071438778191805,1.536475251428783
242,0.986802339553833,26.984153747558594,0.2898683249950409,0.37015625834465027,4.424229621887207,3.1603951262146426,0.5255101919174194,0.9268707633018494,0.954081654548645,5.6801300048828125,1.0940762925893068,1.2236186536028981
243,0.9867594242095947,27.028390884399414,0.2902020514011383,0.3701462149620056,4.424225807189941,3.1603842953970824,0.5255101919174194,0.9268707633018494,0.954081654548645,5.680094242095947,1.08170126657933,1.2092934735119343
244,0.9867171049118042,27.072526931762695,0.2905350923538208,0.3701363503932953,4.424221038818359,3.160373547025048,0.5255101919174194,0.9268707633018494,0.954081654548645,5.68005895614624,1.0739837987348437,1.2011888101696968
245,0.9866747856140137,27.116559982299805,0.2908673584461212,0.3701266348361969,4.424217700958252,3.1603630000355043,0.5255101919174194,0.9268707633018494,0.954081654548645,5.680025100708008,1.0684816017746925,1.1972188437357545
246,0.9866330027580261,27.160497665405273,0.2911989390850067,0.37011703848838806,4.424215316772461,3.1603525320990675,0.5255101919174194,0.9268707633018494,0.954081654548645,5.679991245269775,1.094470507465303,1.2237109830603004
247,0.9865912199020386,27.20433235168457,0.29152974486351013,0.37010762095451355,4.424213886260986,3.160342124222806,0.5255101919174194,0.9268707633018494,0.954081654548645,5.679957866668701,1.100988500751555,1.2302155857905746
248,0.9865498542785645,27.248071670532227,0.29185983538627625,0.3700982928276062,4.424213409423828,3.1603318137347314,0.5255101919174194,0.9268707633018494,0.954081654548645,5.679924964904785,1.3549374816939235,1.4782661544159055
249,0.986508846282959,27.291711807250977,0.2921891510486603,0.37008902430534363,4.42421293258667,3.1603215642931635,0.5255101919174194,0.9268707633018494,0.954081654548645,5.679892063140869,1.0340871680527925,1.1624123463407159
250,0.9864680767059326,27.335254669189453,0.2925177216529846,0.3700798749923706,4.424213409423828,3.1603113801507074,0.5255101919174194,0.9268707633018494,0.954081654548645,5.679859638214111,1.0676031243056059,1.193559073843062
251,0.986427366733551,27.37870216369629,0.2928455173969269,0.37007081508636475,4.4242143630981445,3.1603012917033433,0.5255101919174194,0.9268707633018494,0.954081654548645,5.67982816696167,1.0569562055170536,1.1832117205485702
252,0.9863872528076172,27.422054290771484,0.29317253828048706,0.3700617253780365,4.424215793609619,3.1602911868205714,0.5255101919174194,0.9268707633018494,0.954081654548645,5.6797966957092285,1.4215799272060394,1.5507396729663014
253,0.9863471984863281,27.46531105041504,0.29349881410598755,0.370052695274353,4.4242167472839355,3.160281090030753,0.5255101919174194,0.9268707633018494,0.954081654548645,5.679764747619629,1.0782509129494429,1.2062167851254344
254,0.9863075017929077,27.508472442626953,0.29382428526878357,0.37004372477531433,4.42421817779541,3.1602710063961936,0.5255101919174194,0.9268707633018494,0.954081654548645,5.6797332763671875,1.0723311705514789,1.1992737464606762
255,0.9862679839134216,27.551538467407227,0.2941489517688751,0.37003472447395325,4.424219131469727,3.1602609655212013,0.5255101919174194,0.9268707633018494,0.954081654548645,5.679701805114746,1.0078451074659824,1.1351721566170454
256,0.9862287640571594,27.594512939453125,0.2944728136062622,0.3700258433818817,4.424221038818359,3.160250910276414,0.5255101919174194,0.9268707633018494,0.954081654548645,5.679670333862305,1.075154583901167,1.2044441886246204
257,0.9861897230148315,27.637393951416016,0.2947958707809448,0.37001699209213257,4.424222469329834,3.1602408750009885,0.5255101919174194,0.9268707633018494,0.954081654548645,5.6796393394470215,1.0979377022013068,1.2274249838665128
258,0.9861512184143066,27.68018341064453,0.295118123292923,0.3700082302093506,4.424224376678467,3.1602308413420657,0.5255101919174194,0.9268707633018494,0.954081654548645,5.679608345031738,1.0971353221684694,1.2267446322366595
259,0.9861127138137817,27.72287940979004,0.29543954133987427,0.36999955773353577,4.424224853515625,3.160220801812045,0.5272108912467957,0.9268707633018494,0.954081654548645,5.679576873779297,1.0904359016567469,1.2186301304027438
260,0.9860744476318359,27.765485763549805,0.2957601547241211,0.3699909448623657,4.4242262840271,3.1602107644154507,0.5272108912467957,0.9268707633018494,0.954081654548645,5.6795454025268555,1.0801950562745333,1.2077616034075618
261,0.986036479473114,27.808000564575195,0.29607993364334106,0.36998242139816284,4.424228191375732,3.1602008442461633,0.5255101919174194,0.9268707633018494,0.954081654548645,5.6795148849487305,1.0842244736850262,1.2134897476062179
262,0.9859988689422607,27.850425720214844,0.29639893770217896,0.3699740171432495,4.424230575561523,3.160190914117221,0.5255101919174194,0.9268707633018494,0.954081654548645,5.6794843673706055,1.094676025211811,1.224106258712709
263,0.985961377620697,27.89276123046875,0.2967170774936676,0.36996567249298096,4.424232006072998,3.1601809552872173,0.5255101919174194,0.9268707633018494,0.954081654548645,5.6794538497924805,1.0907271774485707,1.2192199723795056
264,0.9859241247177124,27.935007095336914,0.2970344126224518,0.36995744705200195,4.424233436584473,3.1601709682467414,0.5255101919174194,0.9268707633018494,0.954081654548645,5.679422855377197,1.0793158682063222,1.206918834708631
265,0.9858871698379517,27.97716522216797,0.2973509430885315,0.3699493706226349,4.424234867095947,3.160161073745287,0.5255101919174194,0.9268707633018494,0.954081654548645,5.679391860961914,1.4135569939389825,1.538946839980781
266,0.9858505129814148,28.01923370361328,0.2976665794849396,0.3699413239955902,4.424236297607422,3.1601512012603874,0.5255101919174194,0.9268707633018494,0.954081654548645,5.6793622970581055,1.0708361510187387,1.2004709113389254
267,0.9858139753341675,28.061216354370117,0.2979814112186432,0.36993342638015747,4.4242377281188965,3.1601413357919275,0.5255101919174194,0.9268707633018494,0.954081654548645,5.679331302642822,1.0815164493396878,1.20925800409168
268,0.9857776165008545,28.103111267089844,0.29829543828964233,0.3699255585670471,4.424239635467529,3.1601315006948365,0.5255101919174194,0.9268707633018494,0.954081654548645,5.6793012619018555,1.0851043220609426,1.2145900940522552
269,0.9857415556907654,28.14491844177246,0.29860860109329224,0.36991778016090393,4.424241065979004,3.160121565180924,0.5255101919174194,0.9268707633018494,0.954081654548645,5.6792707443237305,1.0973405689001083,1.2265133457258344
270,0.9857057929039001,28.1866397857666,0.2989209294319153,0.3699100613594055,4.424241065979004,3.1601117046841427,0.5255101919174194,0.9268707633018494,0.954081654548645,5.6792402267456055,1.0899573974311352,1.218778838403523
271,0.9856702089309692,28.228275299072266,0.29923245310783386,0.36990243196487427,4.4242424964904785,3.1601019225880846,0.5255101919174194,0.9268707633018494,0.954081654548645,5.679211139678955,1.082381498068571,1.2096855491399765
272,0.9856347441673279,28.269826889038086,0.2995431423187256,0.3698948323726654,4.424243450164795,3.1600921023832833,0.5255101919174194,0.9268707633018494,0.954081654548645,5.67918062210083,1.3422640403732657,1.4651067508384585
273,0.9855996370315552,28.31129264831543,0.29985299706459045,0.3698872923851013,4.4242448806762695,3.1600823555085236,0.5255101919174194,0.9268707633018494,0.954081654548645,5.67915153503418,1.030548645183444,1.1587889939546585
274,0.9855647683143616,28.35267448425293,0.30016204714775085,0.369879812002182,4.424253940582275,3.160072518458136,0.5255101919174194,0.9268707633018494,0.954081654548645,5.679121017456055,1.0685610510408878,1.1941561149433255
275,0.985529899597168,28.393972396850586,0.3004702925682068,0.3698723018169403,4.4242634773254395,3.160062787859557,0.5255101919174194,0.9268707633018494,0.954081654548645,5.6790924072265625,1.054926891811192,1.1801839405670762
276,0.9854955673217773,28.4351863861084,0.30077770352363586,0.36986494064331055,4.424272537231445,3.1600530738999306,0.5255101919174194,0.9268707633018494,0.954081654548645,5.679062843322754,1.4105401132255793,1.5399794457480311
277,0.9854611158370972,28.476318359375,0.3010843098163605,0.3698576092720032,4.424282550811768,3.160043384464248,0.5255101919174194,0.9268707633018494,0.954081654548645,5.6790337562561035,1.087003187276423,1.2150774067267776
278,0.9854271411895752,28.517364501953125,0.3013901710510254,0.3698503375053406,4.424291610717773,3.1600336630034356,0.5255101919174194,0.9268707633018494,0.9523809552192688,5.679004192352295,1.0793964583426714,1.206922486424446
279,0.9853933453559875,28.558332443237305,0.30169519782066345,0.36984312534332275,4.4243011474609375,3.1600240860533044,0.5255101919174194,0.9268707633018494,0.9523809552192688,5.678976058959961,1.0863867048174143,1.2159964442253113
280,0.9853597283363342,28.59921646118164,0.30199941992759705,0.3698359727859497,4.424310207366943,3.160014440746708,0.5255101919174194,0.9268707633018494,0.9523809552192688,5.678947448730469,1.0962859727442265,1.2254014797508717
281,0.9853262305259705,28.640018463134766,0.30230283737182617,0.3698289096355438,4.424319744110107,3.1600049475309384,0.5255101919174194,0.9268707633018494,0.9523809552192688,5.678919315338135,1.084170793183148,1.2119581177830696
282,0.9852929711341858,28.680740356445312,0.3026055097579956,0.3698218762874603,4.424328804016113,3.15999536872716,0.5255101919174194,0.9268707633018494,0.9523809552192688,5.678891181945801,1.0800715191289783,1.2074322998523712
283,0.9852598905563354,28.72138214111328,0.30290740728378296,0.3698149025440216,4.424338340759277,3.159985892611089,0.5255101919174194,0.9268707633018494,0.9523809552192688,5.678863525390625,1.0710824774578214,1.1972493128851056
284,0.985227108001709,28.761943817138672,0.30320852994918823,0.36980798840522766,4.424346923828125,3.159976414813881,0.5255101919174194,0.9268707633018494,0.9523809552192688,5.678835391998291,1.0344940926879644,1.1637235982343554
285,0.9851945042610168,28.80242347717285,0.3035088777542114,0.3698011040687561,4.424356937408447,3.159967079498438,0.5255101919174194,0.9268707633018494,0.9523809552192688,5.678808689117432,1.0650390880182385,1.1941713150590658
286,0.985162079334259,28.842824935913086,0.3038084805011749,0.3697943091392517,4.424365997314453,3.159957759392193,0.5255101919174194,0.9268707633018494,0.9523809552192688,5.678781509399414,1.0724038006737828,1.201675514690578
287,0.9851299524307251,28.883148193359375,0.3041073679924011,0.3697875738143921,4.424376010894775,3.159948633360049,0.5255101919174194,0.9268707633018494,0.9523809552192688,5.678756237030029,1.0723967496305704,1.2024401351809502
288,0.9850978255271912,28.923391342163086,0.30440548062324524,0.36978083848953247,4.4243855476379395,3.15993938725541,0.5255101919174194,0.9268707633018494,0.9523809552192688,5.678730010986328,1.0752276433631778,1.2046977654099464
289,0.9850659966468811,28.96355628967285,0.30470284819602966,0.36977419257164,4.4243950843811035,3.1599302411986336,0.5255101919174194,0.9268707633018494,0.9523809552192688,5.678704261779785,1.4521103715524077,1.5814438862726092
290,0.9850342869758606,29.003643035888672,0.30499956011772156,0.36976757645606995,4.424404621124268,3.1599211280858186,0.5255101919174194,0.9268707633018494,0.9523809552192688,5.678678512573242,1.0586914122104645,1.1865159459412098
291,0.9850028157234192,29.04365348815918,0.30529549717903137,0.36976099014282227,4.424413681030273,3.1599121579307847,0.5255101919174194,0.9268707633018494,0.9523809552192688,5.678653717041016,1.062365334481001,1.1917038783431053
292,0.9849715828895569,29.083585739135742,0.3055907189846039,0.36975449323654175,4.424422740936279,3.159903214942378,0.5255101919174194,0.9268707633018494,0.9523809552192688,5.678628921508789,1.074069838039577,1.2032912224531174
293,0.9849405288696289,29.123443603515625,0.30588528513908386,0.36974799633026123,4.424432277679443,3.1598943194020097,0.5255101919174194,0.9268707633018494,0.9523809552192688,5.6786041259765625,1.072884613648057,1.2019779309630394
294,0.9849095344543457,29.16322135925293,0.30617913603782654,0.3697415292263031,4.424440860748291,3.159885366863138,0.5255101919174194,0.9268707633018494,0.9523809552192688,5.678579807281494,1.0743570541962981,1.2034944109618664
295,0.9848788380622864,29.202924728393555,0.3064723312854767,0.36973512172698975,4.424449920654297,3.159876548342185,0.5255101919174194,0.9268707633018494,0.9523809552192688,5.678555488586426,1.060474019497633,1.1882702736184
296,0.9848483204841614,29.242551803588867,0.3067648410797119,0.3697287142276764,4.424458980560303,3.1598677783026075,0.5255101919174194,0.9268707633018494,0.9523809552192688,5.678531646728516,1.3193389037624002,1.4424874996766448
297,0.9848179221153259,29.2821044921875,0.3070566654205322,0.3697223663330078,4.424467086791992,3.15985906514512,0.5255101919174194,0.9268707633018494,0.9523809552192688,5.6785078048706055,0.9868894452229142,1.109651026315987
298,0.9847878217697144,29.32158088684082,0.30734783411026,0.3697160482406616,4.424476146697998,3.159850339233214,0.5255101919174194,0.9268707633018494,0.9523809552192688,5.678483963012695,1.0279552200809121,1.1576434904709458
299,0.9847577810287476,29.360984802246094,0.3076383173465729,0.3697097897529602,4.4244842529296875,3.159841620609144,0.5255101919174194,0.9268707633018494,0.9523809552192688,5.678459644317627,1.094741384498775,1.2246122704818845
300,0.9847279191017151,29.400312423706055,0.3079281747341156,0.36970359086990356,4.424491882324219,3.159833017423542,0.5255101919174194,0.9268707633018494,0.9523809552192688,5.678436279296875,1.431203369051218,1.5607346296310425
301,0.9846982359886169,29.439565658569336,0.3082174062728882,0.3696974515914917,4.424500942230225,3.159824579404512,0.5255101919174194,0.9268707633018494,0.9523809552192688,5.6784138679504395,1.0905477302148938,1.21923931222409
302,0.9846687912940979,29.47874641418457,0.308506041765213,0.3696913421154022,4.424509048461914,3.1598161064356325,0.5255101919174194,0.9268707633018494,0.9523809552192688,5.678390979766846,1.0915105761960149,1.2211655462160707
303,0.9846394062042236,29.517854690551758,0.3087940216064453,0.3696852922439575,4.4245171546936035,3.1598075887790444,0.5255101919174194,0.9268707633018494,0.9523809552192688,5.6783671379089355,1.0938910655677319,1.2230539610609412
304,0.9846102595329285,29.5568904876709,0.30908137559890747,0.3696792721748352,4.424524784088135,3.1597991093937363,0.5255101919174194,0.9268707633018494,0.9523809552192688,5.678343772888184,1.1034882571548223,1.2562602395191789
305,0.9845811724662781,29.59585189819336,0.3093681335449219,0.3696732819080353,4.424532413482666,3.159790765061785,0.5255101919174194,0.9268707633018494,0.9523809552192688,5.678321361541748,1.095228148624301,1.224273506551981
306,0.9845525026321411,29.634740829467773,0.3096543252468109,0.36966732144355774,4.4245405197143555,3.1597825165185625,0.5255101919174194,0.9268707633018494,0.9523809552192688,5.6782989501953125,1.0895265126600862,1.2178250411525369
307,0.9845236539840698,29.673559188842773,0.309939980506897,0.36966145038604736,4.424549579620361,3.159774325223907,0.5255101919174194,0.9268707633018494,0.9523809552192688,5.678277015686035,1.075319112278521,1.2020944999530911
308,0.9844952821731567,29.712305068969727,0.3102249801158905,0.369655579328537,4.424556732177734,3.159766062622038,0.5255101919174194,0.9268707633018494,0.9523809552192688,5.6782546043396,1.071803447790444,1.1981838811188936
309,0.9844668507575989,29.750980377197266,0.31050950288772583,0.3696497082710266,4.424565315246582,3.1597579148336856,0.5255101919174194,0.9268707633018494,0.9523809552192688,5.678232669830322,1.0742445848882198,1.2036688877269626
310,0.9844386577606201,29.789583206176758,0.310793399810791,0.3696438670158386,4.424574851989746,3.159750023614653,0.5255101919174194,0.9268707633018494,0.9523809552192688,5.678211688995361,1.0798262720927596,1.2078263629227877
311,0.9844104051589966,29.82811737060547,0.3110768496990204,0.3696380853652954,4.4245829582214355,3.1597419019180557,0.5255101919174194,0.9268707633018494,0.9523809552192688,5.678189754486084,1.0695601273328066,1.1958567015826702
312,0.9843826293945312,29.8665828704834,0.3113596737384796,0.3696322441101074,4.424592018127441,3.1597339414325374,0.5255101919174194,0.9268707633018494,0.9523809552192688,5.678168296813965,1.0305812750011683,1.1599603993818164
313,0.9843548536300659,29.90497589111328,0.31164202094078064,0.3696264922618866,4.424600601196289,3.1597259197425904,0.5255101919174194,0.9268707633018494,0.9523809552192688,5.6781463623046875,1.4697399074211717,1.5989518025889993
314,0.9843271374702454,29.943300247192383,0.3119238615036011,0.36962080001831055,4.424609661102295,3.159718154524127,0.5255101919174194,0.9268707633018494,0.9523809552192688,5.678125858306885,1.0955061838030815,1.225011826492846
315,0.9842995405197144,29.98155403137207,0.3122051954269409,0.3696151077747345,4.424618244171143,3.1597102885300017,0.5255101919174194,0.9268707633018494,0.9523809552192688,5.678104400634766,1.0955376531928778,1.2247291589155793
316,0.9842724204063416,30.01974105834961,0.31248605251312256,0.3696094751358032,4.424628734588623,3.159702553867918,0.5255101919174194,0.9268707633018494,0.9523809552192688,5.678084373474121,1.0771954264491796,1.203990213572979
317,0.9842451810836792,30.057857513427734,0.3127664029598236,0.36960387229919434,4.424637794494629,3.159694837672792,0.5255101919174194,0.9268707633018494,0.9523809552192688,5.678063869476318,1.0707980319857597,1.197820265777409
318,0.9842181205749512,30.09590721130371,0.31304627656936646,0.3695983290672302,4.424646854400635,3.159687163163185,0.5255101919174194,0.9268707633018494,0.9523809552192688,5.678043365478516,1.0745883202180266,1.2035716194659472
319,0.9841911196708679,30.133886337280273,0.3133257031440735,0.3695928156375885,4.424657344818115,3.1596795468270216,0.5255101919174194,0.9268707633018494,0.9523809552192688,5.678022861480713,1.0792246088385582,1.2064604107290506
320,0.9841643571853638,30.17180061340332,0.3136046826839447,0.36958733201026917,4.424670219421387,3.159671996724647,0.5255101919174194,0.9268707633018494,0.9523809552192688,5.678003311157227,1.295874385163188,1.420119815506041
321,0.9841377139091492,30.20964813232422,0.3138832151889801,0.36958181858062744,4.424684524536133,3.1596645652002753,0.5255101919174194,0.9268707633018494,0.9523809552192688,5.677984237670898,1.032021195627749,1.1552460407838225
322,0.9841111302375793,30.247425079345703,0.3141612708568573,0.3695763945579529,4.424698829650879,3.159657038742284,0.5255101919174194,0.9268707633018494,0.9523809552192688,5.677964210510254,1.0685277609154582,1.1977508263662457
323,0.9840849041938782,30.28513526916504,0.31443890929222107,0.3695709705352783,4.424713611602783,3.159649565041525,0.5255101919174194,0.9268707633018494,0.9523809552192688,5.677944660186768,1.0950821889564395,1.2245303317904472
324,0.9840587377548218,30.322782516479492,0.314716100692749,0.36956560611724854,4.4247283935546875,3.1596421309666285,0.5255101919174194,0.9268707633018494,0.9523809552192688,5.677925109863281,1.3710324680432677,1.4992699660360813
325,0.9840325117111206,30.36035919189453,0.31499287486076355,0.36956021189689636,4.424742698669434,3.159634733923378,0.5255101919174194,0.9268707633018494,0.9523809552192688,5.677906036376953,1.090907865203917,1.2200440112501383
326,0.9840066432952881,30.39787483215332,0.31526923179626465,0.36955487728118896,4.424757480621338,3.159627403749468,0.5255101919174194,0.9268707633018494,0.9523809552192688,5.677886962890625,1.0848674345761538,1.2146958215162158
327,0.9839807748794556,30.43532371520996,0.31554514169692993,0.3695495128631592,4.4247727394104,3.1596200799179406,0.5255101919174194,0.9268707633018494,0.9523809552192688,5.677868366241455,1.0448476364836097,1.1738639939576387
328,0.9839550256729126,30.472705841064453,0.3158206641674042,0.3695441484451294,4.4247870445251465,3.1596127444619846,0.5255101919174194,0.9268707633018494,0.9523809552192688,5.677848815917969,1.0848416360095143,1.214103700593114
329,0.9839293956756592,30.51002311706543,0.316095769405365,0.3695388436317444,4.424801349639893,3.15960542136308,0.5255101919174194,0.9268707633018494,0.9523809552192688,5.677830219268799,1.0851974403485656,1.2150306375697255
330,0.9839041233062744,30.547277450561523,0.31637042760849,0.36953356862068176,4.424817085266113,3.1595982232295237,0.5255101919174194,0.9268707633018494,0.9523809552192688,5.677812099456787,1.083644230850041,1.2129897754639387
331,0.9838786721229553,30.584463119506836,0.31664472818374634,0.36952832341194153,4.424831867218018,3.159591052907008,0.5255101919174194,0.9268707633018494,0.9523809552192688,5.677794456481934,1.0837734304368496,1.2129086162894964
332,0.9838535189628601,30.62158966064453,0.31691858172416687,0.3695230782032013,4.424847602844238,3.1595838549648616,0.5255101919174194,0.9268707633018494,0.9523809552192688,5.677775859832764,1.0753137320280075,1.2038725959137082
333,0.9838283658027649,30.65865135192871,0.31719204783439636,0.36951786279678345,4.424862384796143,3.1595766912449776,0.5255101919174194,0.9268707633018494,0.9523809552192688,5.67775821685791,1.0687947692349553,1.1961194388568401
334,0.9838035106658936,30.695648193359375,0.3174650967121124,0.369512677192688,4.424877166748047,3.159569486517612,0.5255101919174194,0.9268707633018494,0.9523809552192688,5.677740097045898,1.0735226664692163,1.2027416713535786
335,0.9837785959243774,30.732582092285156,0.31773775815963745,0.3695075213909149,4.424892425537109,3.159562354454501,0.5255101919174194,0.9268707633018494,0.9523809552192688,5.677722454071045,1.079302828758955,1.2084348555654287
336,0.9837539196014404,30.769453048706055,0.31800997257232666,0.36950239539146423,4.424907684326172,3.159555274935783,0.5255101919174194,0.9268707633018494,0.9523809552192688,5.67770528793335,1.0750186163932085,1.2031073961406946
337,0.983729362487793,30.806262969970703,0.3182818293571472,0.36949729919433594,4.424922943115234,3.159548219977592,0.5255101919174194,0.9268707633018494,0.9523809552192688,5.677688121795654,1.3942010505124927,1.5220262743532658
338,0.9837049245834351,30.84300994873047,0.31855326890945435,0.36949223279953003,4.424938201904297,3.1595411464493983,0.5255101919174194,0.9268707633018494,0.9523809552192688,5.677670478820801,1.078440579585731,1.2073467588052154
339,0.9836804866790771,30.87969207763672,0.31882426142692566,0.36948713660240173,4.424953937530518,3.1595341521304134,0.5255101919174194,0.9268707633018494,0.9523809552192688,5.677653789520264,1.084014437161386,1.2132765324786305
340,0.9836562871932983,30.91631507873535,0.31909486651420593,0.3694821298122406,4.424968719482422,3.1595270007657357,0.5255101919174194,0.9268707633018494,0.9523809552192688,5.677635669708252,1.074822467751801,1.2041597114875913
341,0.9836321473121643,30.9528751373291,0.3193650543689728,0.3694770932197571,4.424983024597168,3.1595199535392355,0.5255101919174194,0.9268707633018494,0.9523809552192688,5.677619457244873,1.0478083761408925,1.1772788483649492
342,0.9836082458496094,30.989376068115234,0.3196347951889038,0.36947208642959595,4.4249982833862305,3.159512908423999,0.5255101919174194,0.9268707633018494,0.9523809552192688,5.677602291107178,1.0834736544638872,1.2124028131365776
343,0.9835844039916992,31.02581214904785,0.3199041187763214,0.3694670796394348,4.425014019012451,3.1595059922405015,0.523809552192688,0.9268707633018494,0.9523809552192688,5.677585601806641,1.0834749527275562,1.2128711864352226
344,0.9835606217384338,31.062191009521484,0.3201729953289032,0.36946213245391846,4.425029277801514,3.159499087114239,0.523809552192688,0.9268707633018494,0.9523809552192688,5.67756986618042,1.2962530199438334,1.4199433792382479
345,0.9835368990898132,31.098508834838867,0.32044148445129395,0.3694572150707245,4.425044536590576,3.1594920464512053,0.523809552192688,0.9268707633018494,0.9523809552192688,5.677552700042725,1.0252916347235441,1.1495784064754844
346,0.983513355255127,31.134767532348633,0.3207094967365265,0.3694522976875305,4.425058841705322,3.159485050001203,0.523809552192688,0.9268707633018494,0.9523809552192688,5.677535533905029,1.0414108214899898,1.1690577175468206
347,0.983489990234375,31.17096519470215,0.3209770619869232,0.36944741010665894,4.425073623657227,3.1594782115341107,0.523809552192688,0.9268707633018494,0.9523809552192688,5.677520275115967,1.0607010060921311,1.1865221476182342
348,0.9834666848182678,31.207101821899414,0.3212442100048065,0.36944255232810974,4.425088882446289,3.1594713099396876,0.523809552192688,0.9268707633018494,0.9523809552192688,5.677504062652588,1.3628792259842157,1.492296707816422
349,0.9834432601928711,31.243179321289062,0.3215108811855316,0.36943769454956055,4.425103664398193,3.159464418688283,0.523809552192688,0.9268707633018494,0.9523809552192688,5.677487850189209,1.0819446044042706,1.2110481010749936
350,0.9834202527999878,31.279197692871094,0.3217771053314209,0.36943289637565613,4.425118446350098,3.1594574866985687,0.523809552192688,0.9268707633018494,0.9523809552192688,5.677471160888672,1.0836186306551099,1.2127629769966006
351,0.9833972454071045,31.31515884399414,0.32204288244247437,0.3694280683994293,4.425132751464844,3.1594505641885777,0.523809552192688,0.9268707633018494,0.9523809552192688,5.677454471588135,1.0817551165819168,1.2108858535066247
352,0.9833744168281555,31.35106086730957,0.322308212518692,0.3694233298301697,4.42514705657959,3.159443772383519,0.523809552192688,0.9268707633018494,0.9523809552192688,5.677438735961914,1.0807863492518663,1.2101510232314467
353,0.9833515286445618,31.386903762817383,0.3225730359554291,0.36941856145858765,4.425161838531494,3.159436972166567,0.523809552192688,0.9268707633018494,0.9523809552192688,5.677422523498535,1.0832414664328098,1.2126485900953412
354,0.9833289384841919,31.422691345214844,0.3228374123573303,0.369413822889328,4.42517614364624,3.159430150385514,0.523809552192688,0.9268707633018494,0.9523809552192688,5.6774067878723145,1.0741270780563354,1.2022662479430437
355,0.9833061695098877,31.458415985107422,0.32310131192207336,0.36940914392471313,4.42518949508667,3.159423282090148,0.523809552192688,0.9268707633018494,0.9523809552192688,5.677390098571777,1.0729994922876358,1.201070443727076
356,0.9832836985588074,31.49408721923828,0.3233647048473358,0.3694044351577759,4.425204277038574,3.159416504036842,0.523809552192688,0.9268707633018494,0.9523809552192688,5.677373886108398,1.0673256870359182,1.1946872770786285
357,0.9832613468170166,31.529699325561523,0.32362762093544006,0.3693997263908386,4.42521858215332,3.159409909389217,0.523809552192688,0.9268707633018494,0.9523809552192688,5.677358627319336,1.072716816328466,1.2014179481193423
358,0.9832390546798706,31.56525421142578,0.3238900601863861,0.36939510703086853,4.42523193359375,3.1594031958617674,0.523809552192688,0.9268707633018494,0.9523809552192688,5.677342891693115,1.0774127840995789,1.2060479670763016
359,0.9832168221473694,31.600751876831055,0.32415202260017395,0.36939045786857605,4.4252448081970215,3.1593964223770774,0.523809552192688,0.9268707633018494,0.9523809552192688,5.67732572555542,1.0738247511908412,1.2017230736091733
360,0.9831948280334473,31.63619613647461,0.3244135081768036,0.36938583850860596,4.425259113311768,3.159389823666848,0.523809552192688,0.9268707633018494,0.9523809552192688,5.677310466766357,1.077217547222972,1.2065657302737236
361,0.9831727147102356,31.671581268310547,0.32467448711395264,0.36938124895095825,4.425271987915039,3.1593831853615577,0.523809552192688,0.9268707633018494,0.9523809552192688,5.6772942543029785,1.0723185017704964,1.621407455764711
362,0.9831508994102478,31.7069091796875,0.3249349296092987,0.36937665939331055,4.425285816192627,3.1593766333470303,0.523809552192688,0.9268707633018494,0.9523809552192688,5.6772780418396,1.083342995494604,1.2123047644272447
363,0.9831290245056152,31.742183685302734,0.3251948952674866,0.36937209963798523,4.425298690795898,3.15937007842316,0.523809552192688,0.9268707633018494,0.9523809552192688,5.677261829376221,1.0816761376336217,1.2112495079636574
364,0.983107328414917,31.777402877807617,0.32545435428619385,0.3693675100803375,4.425312042236328,3.1593635277412124,0.523809552192688,0.9268707633018494,0.9523809552192688,5.67724609375,1.0837710099294782,1.2127563580870628
365,0.9830857515335083,31.81256675720215,0.32571330666542053,0.3693629801273346,4.425325393676758,3.1593571860729153,0.523809552192688,0.9268707633018494,0.9523809552192688,5.677231311798096,1.0831238776445389,1.2124596517533064
366,0.9830642342567444,31.847673416137695,0.32597172260284424,0.3693584203720093,4.425339221954346,3.159350818968722,0.523809552192688,0.9268707633018494,0.9523809552192688,5.677215099334717,1.1855381187051535,1.3366592340171337
367,0.9830427765846252,31.88272476196289,0.32622969150543213,0.36935392022132874,4.425351619720459,3.1593444106830413,0.523809552192688,0.9268707633018494,0.9523809552192688,5.677199840545654,1.091538256034255,1.2205981342121959
368,0.9830215573310852,31.917726516723633,0.32648715376853943,0.3693493902683258,4.425364971160889,3.159338192925898,0.523809552192688,0.9268707633018494,0.9523809552192688,5.677184581756592,1.3806659607216716,1.5042123906314373
369,0.9830002784729004,31.95267105102539,0.32674410939216614,0.3693448603153229,4.42537784576416,3.1593319492956202,0.523809552192688,0.9268707633018494,0.9523809552192688,5.677169322967529,1.0256239408627152,1.1544740814715624
370,0.9829792380332947,31.987558364868164,0.32700055837631226,0.36934036016464233,4.42539119720459,3.159325895360999,0.523809552192688,0.9268707633018494,0.9523809552192688,5.677154541015625,1.1184486895799637,1.3158922288566828
371,0.9829582571983337,32.022396087646484,0.32725653052330017,0.3693358898162842,4.425405025482178,3.1593199350381505,0.523809552192688,0.9268707633018494,0.9523809552192688,5.677140712738037,1.0243813563138247,1.1537760309875011
372,0.9829372763633728,32.05717849731445,0.3275119662284851,0.369331419467926,4.425418376922607,3.1593140230066927,0.523809552192688,0.9268707633018494,0.9523809552192688,5.677126407623291,1.3677020026370883,1.5303977448493242
373,0.9829165935516357,32.0919075012207,0.32776692509651184,0.3693269193172455,4.425431728363037,3.1593083004628513,0.523809552192688,0.9268707633018494,0.9523809552192688,5.677113056182861,1.0734574478119612,1.2028497606515884
374,0.9828959703445435,32.126583099365234,0.32802140712738037,0.36932241916656494,4.425445556640625,3.1593026404904876,0.5255101919174194,0.9268707633018494,0.9523809552192688,5.677100658416748,1.0390276741236448,1.1666766703128815
375,0.9828752875328064,32.16120910644531,0.3282754123210907,0.3693179488182068,4.425460338592529,3.1592971381176427,0.5255101919174194,0.9268707633018494,0.9523809552192688,5.677087783813477,1.0272391587495804,1.1534028351306915
376,0.9828548431396484,32.195777893066406,0.32852888107299805,0.36931347846984863,4.425475120544434,3.159291826126342,0.5255101919174194,0.9268707633018494,0.9523809552192688,5.677076816558838,1.0219456804916263,1.1506671020761132
377,0.9828344583511353,32.23029327392578,0.3287818729877472,0.3693089783191681,4.425488471984863,3.1592864474073794,0.5255101919174194,0.9268707633018494,0.9523809552192688,5.677064895629883,1.071973136626184,1.210699874907732
378,0.982814371585846,32.26476287841797,0.3290344178676605,0.3693045675754547,4.425503253936768,3.1592813064366774,0.5255101919174194,0.9268707633018494,0.9523809552192688,5.6770548820495605,1.0524680446833372,1.182241932488978
379,0.9827940464019775,32.29917526245117,0.32928648591041565,0.36930012702941895,4.4255194664001465,3.159276386278145,0.5255101919174194,0.9268707633018494,0.9523809552192688,5.677044868469238,1.0514499684795737,1.1801715707406402
380,0.9827740788459778,32.33353805541992,0.32953810691833496,0.36929571628570557,4.425535678863525,3.1592715744164015,0.5255101919174194,0.9268707633018494,0.9523809552192688,5.677036285400391,1.0609375229105353,1.196428894996643
381,0.982754111289978,32.36785125732422,0.3297891914844513,0.3692913055419922,4.425551414489746,3.1592667493178093,0.5255101919174194,0.9268707633018494,0.9523809552192688,5.677027225494385,1.0496403519064188,1.1785545125603676
382,0.9827343225479126,32.40210723876953,0.330039918422699,0.3692869246006012,4.425567150115967,3.1592619853323685,0.5255101919174194,0.9268707633018494,0.9523809552192688,5.677018642425537,1.0509675834327936,1.180592494085431
383,0.9827145338058472,32.436317443847656,0.33029016852378845,0.3692825734615326,4.425597667694092,3.159257430874111,0.5255101919174194,0.9268707633018494,0.9523809552192688,5.677010536193848,1.0439901864156127,1.1742801573127508
384,0.9826948642730713,32.47047424316406,0.3305400013923645,0.369278222322464,4.425631999969482,3.1592527857854242,0.5255101919174194,0.9268707633018494,0.9523809552192688,5.677002429962158,1.0263570323586464,1.1529599325731397
385,0.9826752543449402,32.504581451416016,0.3307894170284271,0.36927393078804016,4.425665855407715,3.1592483222509373,0.5255101919174194,0.9268707633018494,0.9523809552192688,5.676995277404785,1.010363613255322,1.5009635835886002
386,0.982655942440033,32.538639068603516,0.33103835582733154,0.36926963925361633,4.4257001876831055,3.1592437913129885,0.5255101919174194,0.9268707633018494,0.9523809552192688,5.676987171173096,1.1087714172899723,1.2379766628146172
387,0.9826363921165466,32.57264709472656,0.3312869071960449,0.3692653477191925,4.425734519958496,3.15923936400658,0.5255101919174194,0.9268707633018494,0.9523809552192688,5.676979064941406,1.1027974467724562,1.2328389212489128
388,0.9826172590255737,32.60660171508789,0.33153510093688965,0.36926114559173584,4.4257683753967285,3.1592348591469324,0.5255101919174194,0.9268707633018494,0.9523809552192688,5.676971435546875,1.0921699674800038,1.2201836286112666
389,0.9825979471206665,32.64051055908203,0.33178290724754333,0.3692569136619568,4.425802230834961,3.1592303783327433,0.5255101919174194,0.9268707633018494,0.9523809552192688,5.676962852478027,1.0949505222961307,1.2222390230745077
390,0.9825788736343384,32.67436981201172,0.332030326128006,0.3692527413368225,4.425836086273193,3.1592259063363004,0.5255101919174194,0.9268707633018494,0.9523809552192688,5.676954746246338,1.0942532811313868,1.2235226146876812
391,0.982559859752655,32.70817947387695,0.3322773277759552,0.3692485988140106,4.425869464874268,3.1592213287171895,0.5255101919174194,0.9268707633018494,0.9523809552192688,5.676945686340332,1.092222448438406,1.2196254171431065
392,0.9825409054756165,32.741939544677734,0.33252400159835815,0.3692444860935211,4.425901889801025,3.159216645429588,0.5255101919174194,0.9268707633018494,0.9523809552192688,5.67693567276001,1.3641458489000797,1.493681451305747
393,0.9825219511985779,32.77565002441406,0.3327702581882477,0.369240403175354,4.425934791564941,3.1592120697771633,0.5255101919174194,0.9268707633018494,0.9523809552192688,5.676926136016846,1.0417562574148178,1.1651092916727066
394,0.9825032353401184,32.80931091308594,0.33301618695259094,0.36923637986183167,4.425966739654541,3.159207423293559,0.523809552192688,0.9268707633018494,0.9523809552192688,5.676916122436523,1.0831857966259122,1.2121238559484482
395,0.9824845194816589,32.842926025390625,0.33326175808906555,0.3692323565483093,4.425998687744141,3.1592026519161727,0.523809552192688,0.9268707633018494,0.9523809552192688,5.676904678344727,1.1051682643592358,1.2352620288729668
396,0.982465922832489,32.876495361328125,0.3335069715976715,0.3692283630371094,4.42603063583374,3.159197947402704,0.523809552192688,0.9268707633018494,0.9523809552192688,5.676894187927246,1.3890898879617453,1.5188208064064384
397,0.9824474453926086,32.910011291503906,0.3337518274784088,0.3692244291305542,4.426062107086182,3.1591932301429826,0.523809552192688,0.9268707633018494,0.9523809552192688,5.676882743835449,1.0796795524656773,1.2056015627458692
398,0.9824289083480835,32.9434814453125,0.33399635553359985,0.369220495223999,4.426093578338623,3.1591884556922034,0.523809552192688,0.9268707633018494,0.9523809552192688,5.676871299743652,1.0637607052922249,1.1893053390085697
399,0.9824106097221375,32.976905822753906,0.33424049615859985,0.36921659111976624,4.426123142242432,3.159183607952905,0.523809552192688,0.9268707633018494,0.9523809552192688,5.676858901977539,0.9819208206608891,1.1073932461440563
400,0.982392430305481,33.01028060913086,0.334484338760376,0.36921271681785583,4.426154136657715,3.1591789018227456,0.523809552192688,0.9268707633018494,0.9523809552192688,5.6768479347229,1.0591262858361006,1.1881501041352749
401,0.9823741316795349,33.04361343383789,0.33472776412963867,0.3692088723182678,4.426184177398682,3.159174224323226,0.523809552192688,0.9268707633018494,0.9523809552192688,5.6768364906311035,1.1034666877239943,1.2326243733987212
402,0.9823560118675232,33.0768928527832,0.3349708616733551,0.3692050874233246,4.426213264465332,3.1591693539780663,0.523809552192688,0.9268707633018494,0.9523809552192688,5.676823139190674,1.0893769646063447,1.2169692916795611
403,0.982338011264801,33.110130310058594,0.33521363139152527,0.36920127272605896,4.426242351531982,3.1591645989129002,0.523809552192688,0.9268707633018494,0.9523809552192688,5.6768107414245605,1.0924682132899761,1.2218545563519
404,0.9823198914527893,33.14331817626953,0.335455983877182,0.3691975176334381,4.426270961761475,3.1591599235799914,0.523809552192688,0.9268707633018494,0.9523809552192688,5.676798343658447,1.1019568983465433,1.2309568859636784
405,0.9823019504547119,33.17646408081055,0.3356980085372925,0.3691937327384949,4.426300048828125,3.1591553217339103,0.523809552192688,0.9268707633018494,0.9523809552192688,5.67678689956665,1.0833036350086331,1.209929944947362
406,0.9822841882705688,33.20956039428711,0.3359396457672119,0.36918994784355164,4.426328659057617,3.15915067803385,0.523809552192688,0.9268707633018494,0.9523809552192688,5.676774501800537,1.0672249691560864,1.1921573411673307
407,0.9822664856910706,33.242610931396484,0.3361809551715851,0.3691861927509308,4.426356315612793,3.1591460931914472,0.523809552192688,0.9268707633018494,0.9523809552192688,5.676762580871582,1.0639256928116083,1.1930775586515665
408,0.982248842716217,33.27561569213867,0.33642181754112244,0.36918243765830994,4.4263834953308105,3.1591414329824725,0.523809552192688,0.9268707633018494,0.9523809552192688,5.6767497062683105,1.0898390784859657,1.2166142463684082
409,0.9822309613227844,33.30857849121094,0.3366623818874359,0.3691786527633667,4.426411151885986,3.159136906099275,0.523809552192688,0.9268707633018494,0.9523809552192688,5.6767377853393555,1.4073064662516117,1.5325420843437314
410,0.98221355676651,33.34149169921875,0.3369024991989136,0.3691749572753906,4.42643928527832,3.1591325862128876,0.523809552192688,0.9268707633018494,0.9523809552192688,5.676726818084717,1.0808044988662004,1.2093986626714468
411,0.9821962118148804,33.37436294555664,0.3371422290802002,0.36917126178741455,4.426466464996338,3.15912813737769,0.523809552192688,0.9268707633018494,0.9523809552192688,5.676714897155762,1.1014253748580813,1.2306224014610052
412,0.9821786284446716,33.407188415527344,0.3373815417289734,0.3691675662994385,4.426493167877197,3.159123790562449,0.523809552192688,0.9268707633018494,0.9523809552192688,5.676703453063965,1.0901226149871945,1.2177516827359796
413,0.9821614027023315,33.43996810913086,0.33762043714523315,0.3691639006137848,4.426520347595215,3.1591194974161407,0.523809552192688,0.9268707633018494,0.9523809552192688,5.676692485809326,1.08218780066818,1.2108967825770378
414,0.9821441769599915,33.47270202636719,0.3378588855266571,0.36916017532348633,4.426547527313232,3.159115318914099,0.523809552192688,0.9268707633018494,0.9523809552192688,5.676681995391846,1.0683739939704537,1.193481434136629
415,0.9821269512176514,33.505393981933594,0.33809694647789,0.36915653944015503,4.426575183868408,3.1591112529384957,0.523809552192688,0.9268707633018494,0.9523809552192688,5.676671981811523,1.0665896674618125,1.1946233287453651
416,0.9821100234985352,33.53804397583008,0.3383345603942871,0.3691529333591461,4.426601886749268,3.159107183636622,0.523809552192688,0.9268707633018494,0.9523809552192688,5.676661491394043,1.3846960356459022,1.515867006033659
417,0.9820927381515503,33.57064437866211,0.3385717272758484,0.3691492974758148,4.426628112792969,3.159103053838173,0.523809552192688,0.9268707633018494,0.9523809552192688,5.6766510009765625,1.038258234038949,1.1607305398210883
418,0.9820756912231445,33.603206634521484,0.33880850672721863,0.3691456913948059,4.426655292510986,3.159099096109435,0.523809552192688,0.9268707633018494,0.9523809552192688,5.67664098739624,1.0843230029568076,1.2135567180812359
419,0.9820589423179626,33.63572311401367,0.3390447795391083,0.3691421151161194,4.426685333251953,3.1590953203033845,0.523809552192688,0.9268707633018494,0.9523809552192688,5.676632881164551,1.1181913213804364,1.2738051479682326
420,0.9820421934127808,33.66819381713867,0.3392805755138397,0.36913856863975525,4.4267144203186035,3.1590913821108826,0.523809552192688,0.9268707633018494,0.9523809552192688,5.6766228675842285,1.4636498093605042,1.5926888966932893
421,0.9820254445075989,33.70062255859375,0.33951592445373535,0.3691350519657135,4.42674446105957,3.159087572954525,0.5204081535339355,0.9268707633018494,0.9523809552192688,5.6766133308410645,1.063750016503036,1.192603905685246
422,0.9820088148117065,33.733009338378906,0.3397507965564728,0.36913153529167175,4.426774978637695,3.159083808142127,0.5204081535339355,0.9268707633018494,0.9523809552192688,5.6766037940979,1.0652703251689672,1.192408038303256
423,0.9819920063018799,33.76535415649414,0.339985191822052,0.3691280484199524,4.426804065704346,3.1590801016206203,0.5204081535339355,0.9268707633018494,0.9523809552192688,5.676595211029053,1.0570686543360353,1.1844408139586449
424,0.9819755554199219,33.79765319824219,0.3402191400527954,0.36912456154823303,4.426833152770996,3.1590764372098077,0.5204081535339355,0.9268707633018494,0.9523809552192688,5.676586627960205,1.0641481699422002,1.1932322764769197
425,0.9819591641426086,33.82991027832031,0.3404526114463806,0.36912110447883606,4.426863670349121,3.159072875133253,0.5204081535339355,0.9268707633018494,0.9523809552192688,5.676578521728516,1.0797394830733538,1.2086998922750354
426,0.9819426536560059,33.86212921142578,0.34068557620048523,0.3691176772117615,4.426894187927246,3.1590693614480383,0.5204081535339355,0.9268707633018494,0.9523809552192688,5.676570415496826,1.0838970579206944,1.2182024363428354
427,0.9819262027740479,33.89430236816406,0.34091806411743164,0.3691142499446869,4.426922798156738,3.159065790625333,0.5204081535339355,0.9268707633018494,0.9523809552192688,5.676562309265137,1.076157900504768,1.2052452974021435
428,0.9819100499153137,33.92643356323242,0.34115007519721985,0.3691107928752899,4.426955223083496,3.159062283718484,0.5204081535339355,0.9268707633018494,0.9523809552192688,5.676553726196289,1.0865334831178188,1.2137666642665863
429,0.9818938970565796,33.95852279663086,0.34138160943984985,0.3691074550151825,4.426988124847412,3.1590588098396264,0.5204081535339355,0.9268707633018494,0.9523809552192688,5.676546096801758,1.0668613724410534,1.1959150712937117
430,0.9818776249885559,33.990570068359375,0.34161266684532166,0.3691040575504303,4.4270219802856445,3.159055529509943,0.5204081535339355,0.9268707633018494,0.9523809552192688,5.676539421081543,1.0697804149240255,1.1984566180035472
431,0.9818617105484009,34.02257537841797,0.3418431878089905,0.3691006898880005,4.427054405212402,3.159052164196703,0.5204081535339355,0.9268707633018494,0.9523809552192688,5.676531791687012,1.092412455007434,1.225919752381742
432,0.9818455576896667,34.054542541503906,0.3420732915401459,0.36909735202789307,4.42708683013916,3.1590487432097922,0.5204081535339355,0.9268707633018494,0.9523809552192688,5.6765241622924805,1.1084408722817898,1.2469521341845393
433,0.9818297624588013,34.08646774291992,0.3423028886318207,0.36909401416778564,4.427119255065918,3.1590454850971987,0.5204081535339355,0.9268707633018494,0.9523809552192688,5.676517009735107,1.3933925405144691,1.5205729426816106
434,0.9818138480186462,34.118350982666016,0.34253203868865967,0.3690907061100006,4.427151679992676,3.1590422357301136,0.5204081535339355,0.9268707633018494,0.9523809552192688,5.676509857177734,1.0887311333790421,1.227064778096974
435,0.981797993183136,34.15019226074219,0.3427606523036957,0.36908745765686035,4.427184104919434,3.159039064244507,0.5204081535339355,0.9268707633018494,0.9523809552192688,5.6765031814575195,1.0737801427021623,1.208791371434927
436,0.9817821979522705,34.18199157714844,0.3429888188838959,0.3690842092037201,4.427214622497559,3.1590357404846086,0.5204081535339355,0.9268707633018494,0.9523809552192688,5.67649507522583,1.0827919524163008,1.2119979579001665
437,0.9817664623260498,34.21375274658203,0.34321653842926025,0.36908093094825745,4.427247524261475,3.1590325908606194,0.5204081535339355,0.9268707633018494,0.9523809552192688,5.676488399505615,1.0897052604705095,1.2296559643000364
438,0.9817509651184082,34.2454719543457,0.34344378113746643,0.3690776824951172,4.427278995513916,3.15902941369185,0.5204081535339355,0.9268707633018494,0.9523809552192688,5.6764817237854,1.1472993874922395,1.3041455755010247
439,0.9817352294921875,34.27715301513672,0.3436705768108368,0.3690744936466217,4.427311420440674,3.15902638643799,0.5204081535339355,0.9268707633018494,0.9523809552192688,5.6764750480651855,1.0827688733115792,1.2124743415042758
440,0.9817196726799011,34.30878829956055,0.34389689564704895,0.36907127499580383,4.427342414855957,3.159023245953661,0.5204081535339355,0.9268707633018494,0.9523809552192688,5.676468372344971,1.2675032010301948,1.3906417666003108
441,0.9817041754722595,34.340389251708984,0.3441227376461029,0.36906811594963074,4.427373886108398,3.1590202244633874,0.5204081535339355,0.9268707633018494,0.9523809552192688,5.676461696624756,1.020398560911417,1.1524109886959195
442,0.9816887378692627,34.3719482421875,0.34434816241264343,0.36906492710113525,4.427404403686523,3.1590170750897695,0.5204081535339355,0.9268707633018494,0.9523809552192688,5.676454544067383,1.0763394078239799,1.205284547060728
443,0.9816734790802002,34.40346908569336,0.34457311034202576,0.36906176805496216,4.427436351776123,3.1590140360678194,0.5204081535339355,0.9268707633018494,0.9523809552192688,5.676448345184326,1.1140764271840453,1.2487401608377695
444,0.9816581606864929,34.4349479675293,0.3447975814342499,0.3690585792064667,4.427466869354248,3.1590111223040953,0.5204081535339355,0.9268707633018494,0.9523809552192688,5.676442623138428,1.4404524760320783,1.5703972214832902
445,0.98164302110672,34.46638870239258,0.34502166509628296,0.3690553903579712,4.4274983406066895,3.1590080662506246,0.5204081535339355,0.9268707633018494,0.9523809552192688,5.676435470581055,1.0735938251018524,1.2018739115446806
446,0.9816279411315918,34.49778747558594,0.34524527192115784,0.3690522313117981,4.427529335021973,3.1590051284787917,0.5204081535339355,0.9268707633018494,0.9523809552192688,5.676429271697998,1.0764639172703028,1.2053096471354365
447,0.9816127419471741,34.529151916503906,0.3454684615135193,0.369049072265625,4.4275593757629395,3.159002168035366,0.5204081535339355,0.9268707633018494,0.9523809552192688,5.676422595977783,1.0701310718432069,1.1985710076987743
448,0.9815976023674011,34.56047439575195,0.3456912338733673,0.3690459430217743,4.427591323852539,3.158999340029043,0.5204081535339355,0.9268707633018494,0.9523809552192688,5.676416873931885,1.0723241409286857,1.2018164033070207
449,0.9815826416015625,34.59175491333008,0.3459135591983795,0.36904284358024597,4.427621364593506,3.158996410535779,0.5204081535339355,0.9268707633018494,0.9523809552192688,5.676410675048828,1.0714203640818596,1.1997420312836766
450,0.9815677404403687,34.62300109863281,0.3461354672908783,0.36903974413871765,4.4276509284973145,3.158993503992501,0.5204081535339355,0.9268707633018494,0.9523809552192688,5.676403999328613,1.0729374028742313,1.2024243352934718
451,0.9815528988838196,34.654205322265625,0.3463570177555084,0.36903664469718933,4.427681922912598,3.158990642382795,0.5204081535339355,0.9268707633018494,0.9523809552192688,5.676397800445557,1.0762831289321184,1.2057103719562292
452,0.9815379977226257,34.68537521362305,0.34657809138298035,0.369033545255661,4.427713394165039,3.1589878743262645,0.5204081535339355,0.9268707633018494,0.9523809552192688,5.676392555236816,1.068986794911325,1.1976740779355168
453,0.9815230965614319,34.71650314331055,0.3467988073825836,0.36903050541877747,4.427743434906006,3.158985034169591,0.5204081535339355,0.9268707633018494,0.9523809552192688,5.67638635635376,1.0704008666798472,1.19959797244519
454,0.9815085530281067,34.74759292602539,0.3470190763473511,0.36902740597724915,4.4277729988098145,3.158982152792395,0.5204081535339355,0.9268707633018494,0.9523809552192688,5.676379680633545,1.0721825333312154,1.200580159202218
455,0.9814938306808472,34.77864456176758,0.3472389578819275,0.3690243661403656,4.427803039550781,3.1589792943358534,0.5204081535339355,0.9268707633018494,0.9523809552192688,5.67637300491333,1.074422713369131,1.2039534337818623
456,0.9814792275428772,34.809661865234375,0.3474584221839905,0.36902129650115967,4.427833557128906,3.1589766488997353,0.5204081535339355,0.9268707633018494,0.9523809552192688,5.67636775970459,1.0704345861449838,1.1987277641892433
457,0.981464684009552,34.84063720703125,0.3476775586605072,0.3690182864665985,4.427864074707031,3.15897388678895,0.5204081535339355,0.9268707633018494,0.9523809552192688,5.676362037658691,1.3722978616133332,1.5011073611676693
458,0.981450080871582,34.871578216552734,0.3478962182998657,0.36901530623435974,4.427893161773682,3.1589710868053045,0.5204081535339355,0.9268707633018494,0.9523809552192688,5.676355838775635,1.0553199872374535,1.1811138475313783
459,0.9814355969429016,34.90248107910156,0.348114550113678,0.3690122961997986,4.427922248840332,3.1589681954296824,0.5204081535339355,0.9268707633018494,0.9523809552192688,5.67634916305542,1.045299000106752,1.1744721066206694
460,0.981421172618866,34.933345794677734,0.3483324944972992,0.36900925636291504,4.427952289581299,3.1589653979019197,0.5204081535339355,0.9268707633018494,0.9523809552192688,5.676342964172363,1.0751754036173224,1.204424848780036
461,0.9814068675041199,34.96417236328125,0.348550021648407,0.3690062165260315,4.427983283996582,3.158962760556968,0.5204081535339355,0.9268707633018494,0.9523809552192688,5.676337718963623,1.0914387376978993,1.2205100050196052
462,0.981392502784729,34.994964599609375,0.34876716136932373,0.36900317668914795,4.428011894226074,3.1589599380801325,0.5204081535339355,0.9268707633018494,0.9523809552192688,5.676331520080566,1.079371528699994,1.2075832672417164
463,0.9813783168792725,35.02571487426758,0.34898391366004944,0.3690001666545868,4.428041458129883,3.1589572259971157,0.5204081535339355,0.9268707633018494,0.9523809552192688,5.676325798034668,1.072232922539115,1.199658821336925
464,0.9813640713691711,35.05643081665039,0.3492003083229065,0.36899715662002563,4.428070545196533,3.158954392104212,0.5204081535339355,0.9268707633018494,0.9523809552192688,5.676319599151611,1.3077791463583708,1.4308774741366506
465,0.9813498258590698,35.08710861206055,0.3494163453578949,0.3689941167831421,4.428099632263184,3.1589515910790036,0.5204081535339355,0.9268707633018494,0.9523809552192688,5.676313400268555,0.9751271409913898,1.0981792071834207
466,0.9813357591629028,35.11775207519531,0.34963202476501465,0.3689911365509033,4.428128719329834,3.158948738101244,0.5204081535339355,0.9268707633018494,0.9523809552192688,5.67630672454834,1.0393728483468294,1.1686289934441447
467,0.9813219308853149,35.14835739135742,0.34984731674194336,0.36898815631866455,4.428158760070801,3.158945960128697,0.5204081535339355,0.9268707633018494,0.9523809552192688,5.6763014793396,1.078227723017335,1.20847980491817
468,0.9813077449798584,35.17892837524414,0.3500622510910034,0.36898523569107056,4.428187370300293,3.158943077561537,0.5204081535339355,0.9268707633018494,0.9523809552192688,5.676295280456543,1.079514236189425,1.5508096124976873
469,0.981293797492981,35.2094612121582,0.35027679800987244,0.36898231506347656,4.42821741104126,3.1589403264647102,0.5204081535339355,0.9268707633018494,0.9523809552192688,5.6762895584106445,1.0727195562794805,1.2011302933096886
470,0.9812799096107483,35.23995590209961,0.3504910171031952,0.36897942423820496,4.428246021270752,3.1589374170822193,0.5204081535339355,0.9268707633018494,0.9506802558898926,5.676283836364746,1.0759583236649632,1.205423315986991
471,0.9812661409378052,35.270416259765625,0.3507048785686493,0.36897650361061096,4.4282755851745605,3.1589344610437533,0.5204081535339355,0.9268707633018494,0.9506802558898926,5.676277160644531,1.0779026467353106,1.206914165057242
472,0.9812523722648621,35.30084228515625,0.35091838240623474,0.36897361278533936,4.4283037185668945,3.1589313956429255,0.5204081535339355,0.9268707633018494,0.9506802558898926,5.676270961761475,1.0763720581308007,1.2054103566333652
473,0.9812386631965637,35.33123016357422,0.35113149881362915,0.3689707815647125,4.428332805633545,3.1589285220477583,0.5204081535339355,0.9268707633018494,0.9506802558898926,5.676265239715576,1.0781717039644718,1.2074273573234677
474,0.9812248945236206,35.3615837097168,0.3513443171977997,0.3689679205417633,4.428362846374512,3.1589256292572965,0.5204081535339355,0.9268707633018494,0.9506802558898926,5.676260471343994,1.0777939595282078,1.2069232864305377
475,0.981211245059967,35.39189910888672,0.35155677795410156,0.3689650595188141,4.428391456604004,3.158922558321968,0.5204081535339355,0.9268707633018494,0.9506802558898926,5.676254749298096,1.0783385811373591,1.2070721639320254
476,0.9811976552009583,35.42218017578125,0.3517688512802124,0.36896219849586487,4.428420066833496,3.158919413856921,0.5204081535339355,0.9268707633018494,0.9506802558898926,5.676248073577881,1.078541119582951,1.2074942281469703
477,0.9811842441558838,35.45242691040039,0.35198062658309937,0.36895936727523804,4.428450107574463,3.158916294528326,0.5204081535339355,0.9268707633018494,0.9506802558898926,5.676242828369141,1.0781182143837214,1.2076233364641666
478,0.9811707139015198,35.482635498046875,0.35219210386276245,0.3689565658569336,4.428480625152588,3.1589133526171995,0.5204081535339355,0.9268707633018494,0.9506802558898926,5.676238536834717,1.0703747067600489,1.1996449120342731
479,0.9811572432518005,35.51280975341797,0.3524032235145569,0.368953675031662,4.4285101890563965,3.15891031766503,0.5204081535339355,0.9268707633018494,0.9506802558898926,5.676233768463135,1.0329976230859756,1.1623007571324706
480,0.9811440110206604,35.54294967651367,0.35261401534080505,0.36895084381103516,4.428540229797363,3.1589070924127425,0.5204081535339355,0.9268707633018494,0.9506802558898926,5.6762285232543945,1.0925920829176903,1.2212467854842544
481,0.9811305999755859,35.573055267333984,0.35282453894615173,0.3689480125904083,4.428569793701172,3.1589039158536236,0.5204081535339355,0.9268707633018494,0.9506802558898926,5.676223278045654,1.095553663559258,1.5980761349201202
482,0.9811173677444458,35.60312271118164,0.35303473472595215,0.3689451813697815,4.428600311279297,3.1589008176523117,0.5204081535339355,0.9268707633018494,0.9506802558898926,5.676219463348389,1.0964809209108353,1.2255227295681834
483,0.9811040163040161,35.633155822753906,0.3532446026802063,0.36894235014915466,4.4286322593688965,3.158897761053509,0.5204081535339355,0.9268707633018494,0.9506802558898926,5.676215171813965,1.098768200725317,1.228107174858451
484,0.9810909032821655,35.66315460205078,0.3534541726112366,0.3689395785331726,4.428662300109863,3.158894581555063,0.5204081535339355,0.9268707633018494,0.9506802558898926,5.676211833953857,1.0991582358255982,1.2285908879712224
485,0.9810778498649597,35.693115234375,0.35366344451904297,0.36893677711486816,4.4286932945251465,3.1588913434653008,0.5204081535339355,0.9268707633018494,0.9506802558898926,5.676207065582275,1.091702544130385,1.2197774443775415
486,0.9810647964477539,35.723045349121094,0.3538724184036255,0.3689340353012085,4.428724765777588,3.158888263348671,0.5204081535339355,0.9268707633018494,0.9506802558898926,5.676203727722168,1.0934345005080104,1.2226148573681712
487,0.9810518622398376,35.75293731689453,0.3540811240673065,0.3689313232898712,4.428757190704346,3.1588852940824883,0.5204081535339355,0.9268707633018494,0.9506802558898926,5.676201343536377,1.0901449844241142,1.2183687230572104
488,0.9810388088226318,35.782798767089844,0.35428956151008606,0.3689286708831787,4.428788661956787,3.1588821816511374,0.5204081535339355,0.9268707633018494,0.9506802558898926,5.676198482513428,1.321627702564001,1.444791778922081
489,0.9810260534286499,35.812618255615234,0.3544977009296417,0.36892595887184143,4.428820610046387,3.1588791846920232,0.5204081535339355,0.9268707633018494,0.9506802558898926,5.6761956214904785,1.0325123500078917,1.1555389873683453
490,0.9810130000114441,35.8424072265625,0.35470566153526306,0.36892327666282654,4.4288530349731445,3.1588760425194984,0.5204081535339355,0.9268707633018494,0.9506802558898926,5.6761932373046875,1.0645052250474691,1.2162742922082543
491,0.9810002446174622,35.872161865234375,0.35491326451301575,0.36892062425613403,4.4288859367370605,3.1588729760777654,0.5204081535339355,0.9268707633018494,0.9506802558898926,5.6761908531188965,1.0724542802199721,1.1981832720339298
492,0.9809874892234802,35.90188217163086,0.3551206886768341,0.36891791224479675,4.42891788482666,3.15886995739083,0.5204081535339355,0.9268707633018494,0.9506802558898926,5.6761884689331055,1.4043663553893566,1.5334336441010237
493,0.9809749126434326,35.93156433105469,0.35532787442207336,0.3689152002334595,4.428951263427734,3.158867128909674,0.5204081535339355,0.9268707633018494,0.9506802558898926,5.676187038421631,1.0970757436007261,1.2259566634893417
494,0.9809620380401611,35.96121597290039,0.3555348217487335,0.3689125180244446,4.428985118865967,3.1588640866195052,0.5204081535339355,0.9268707633018494,0.9506802558898926,5.676185131072998,1.1022588536143303,1.2313778707757592
495,0.9809495806694031,35.99082946777344,0.3557415306568146,0.3689098060131073,4.429017066955566,3.158861068830567,0.5204081535339355,0.9268707633018494,0.9506802558898926,5.676182746887207,1.0899756364524364,1.2178100710734725
496,0.980937123298645,36.020408630371094,0.3559480309486389,0.3689071238040924,4.429049968719482,3.158858095747787,0.5204081535339355,0.9268707633018494,0.9506802558898926,5.676180362701416,1.077989156357944,1.2036454593762755
497,0.9809244871139526,36.049957275390625,0.35615435242652893,0.3689044415950775,4.429083347320557,3.1588551859377585,0.5204081535339355,0.9268707633018494,0.9506802558898926,5.676178932189941,1.0649666991084814,1.1903179166838527
498,0.9809120893478394,36.0794677734375,0.35636046528816223,0.368901789188385,4.429117202758789,3.1588523654052985,0.5204081535339355,0.9268707633018494,0.9506802558898926,5.676177978515625,1.0689761945977807,1.1981981405988336
499,0.9808996319770813,36.108943939208984,0.35656633973121643,0.3688991069793701,4.429149627685547,3.15884946491768,0.5204081535339355,0.9268707633018494,0.9506802558898926,5.676175594329834,1.1101448191329837,1.2370791155844927
