iteration,loss,lengthscale,outputscale,likelyhood_noise,test_MAE,test_NLL,test_PICP50,test_PICP90,test_PICP95,test_RMSE,it_time_training,it_time
0,1.1212935245379456,1.3308846950531006,0.090443454682827,0.498382568359375,0.3469791114330292,0.6298406720161438,0.5492549538612366,0.8693432807922363,0.9290149211883545,0.45427197217941284,41.10341159533709,41.23739638738334
1,1.0906163357567848,1.0960915088653564,0.06869985163211823,0.5131332874298096,0.3437165915966034,0.615372896194458,0.5429313778877258,0.8868423700332642,0.9383738040924072,0.4476380944252014,39.694399629719555,39.768263834528625
2,1.0940254344641385,0.86387038230896,0.03970367833971977,0.4956890940666199,0.3436511158943176,0.6196069121360779,0.5288125276565552,0.8753679394721985,0.937362015247345,0.4494597613811493,40.19039039127529,40.26608369126916
3,1.0941508591330704,0.98122638463974,0.03202950209379196,0.5280814170837402,0.3386434316635132,0.6150491833686829,0.5650524497032166,0.8793460130691528,0.9391096234321594,0.44721919298171997,40.100101325660944,40.173042132519186
4,1.0953077379779468,0.8461448550224304,0.024732233956456184,0.5009990930557251,0.3428647816181183,0.61781907081604,0.550611674785614,0.8737123012542725,0.9303256273269653,0.4486727714538574,40.056736594066024,40.129035850055516
5,1.0865013680321118,0.7790752649307251,0.020764021202921867,0.4633432924747467,0.33615294098854065,0.6235527396202087,0.5489100217819214,0.8682395219802856,0.9124126434326172,0.4501989781856537,39.62074001226574,39.69313644617796
6,1.082771757875348,0.7841067314147949,0.020999982953071594,0.5295618772506714,0.3362010419368744,0.6133170127868652,0.5732156038284302,0.88028883934021,0.9342806935310364,0.4465218782424927,40.00374633260071,40.076008347794414
7,1.0829056031398923,0.7732000350952148,0.018258025869727135,0.4661687910556793,0.3342724144458771,0.6239009499549866,0.5644545555114746,0.8566040992736816,0.9174025058746338,0.4504241645336151,40.02606524247676,40.098281018435955
8,1.0835037748122651,0.7504626512527466,0.01762862130999565,0.47232162952423096,0.344241201877594,0.6127126812934875,0.5189247727394104,0.869918167591095,0.9302336573600769,0.44596657156944275,39.623689281754196,39.696408880874515
9,1.0838748761318993,0.7708557844161987,0.01513904519379139,0.5206266641616821,0.34524089097976685,0.616524875164032,0.5367457866668701,0.8861525058746338,0.9429497718811035,0.44794511795043945,40.45505943894386,40.528289201669395
10,1.0843888969396487,0.7521718144416809,0.01726647838950157,0.44891563057899475,0.3343743085861206,0.6205838918685913,0.5553256273269653,0.8637325167655945,0.9100211262702942,0.4481599032878876,40.08100243937224,40.153464701958
11,1.0849176125489077,0.710491418838501,0.0175453033298254,0.4967750608921051,0.33680322766304016,0.612956702709198,0.5581079721450806,0.8711598515510559,0.9321421980857849,0.44658714532852173,39.64788403455168,39.7210697978735
12,1.0860395499993865,0.8085726499557495,0.016617152839899063,0.5062304735183716,0.3433668315410614,0.6144714951515198,0.5392522215843201,0.8840140104293823,0.9353384971618652,0.4471895396709442,40.113815118558705,40.18667236529291
13,1.0841047315622434,0.8141463398933411,0.014822054654359818,0.4854620695114136,0.3424326479434967,0.6094313263893127,0.5321698188781738,0.8742641806602478,0.9346256256103516,0.44503292441368103,40.234258430078626,40.30638884752989
14,1.0851956851799869,0.7923131585121155,0.01425331924110651,0.4988935887813568,0.349030464887619,0.6220760345458984,0.5392062067985535,0.8816915154457092,0.9326940774917603,0.4504612684249878,39.656535064801574,39.72936195228249
15,1.0837503366619738,0.8337587714195251,0.015290506184101105,0.5227232575416565,0.33793923258781433,0.6149869561195374,0.5604994297027588,0.8907514810562134,0.937109112739563,0.44732892513275146,40.06485735159367,40.36630104575306
16,1.0895471356556248,0.7988525032997131,0.01306803897023201,0.5121791362762451,0.3432270288467407,0.617584764957428,0.5475533604621887,0.8881760239601135,0.9378219246864319,0.44866904616355896,40.35218864586204,40.42463962826878
17,1.0854758864594503,0.769254207611084,0.013680433854460716,0.5037700533866882,0.3435419797897339,0.6148603558540344,0.5388383269309998,0.8859915137290955,0.9419379830360413,0.447506844997406,40.09107380080968,40.163115449249744
18,1.087126652192198,0.7845776081085205,0.01153928879648447,0.5128504037857056,0.3491789400577545,0.6245113611221313,0.5421955585479736,0.8861525058746338,0.9370170831680298,0.4520839750766754,40.15861207060516,40.23180505260825
19,1.0863439205732421,0.7866497039794922,0.013991540297865868,0.5284531116485596,0.34818705916404724,0.6355504989624023,0.5456217527389526,0.8869343400001526,0.9322801828384399,0.4568439722061157,40.059255205094814,40.13137962296605
20,1.085462191086214,0.8096153140068054,0.0118546262383461,0.5224014520645142,0.34027543663978577,0.6224433779716492,0.5785044431686401,0.8799439072608948,0.9336138963699341,0.45086392760276794,40.08206477295607,40.15449176449329
21,1.086178847454858,0.755806028842926,0.011989524587988853,0.48002758622169495,0.3397240936756134,0.6089306473731995,0.5394591689109802,0.8713208436965942,0.9314753413200378,0.4447890818119049,39.610124255530536,39.68303110077977
22,1.086112446324321,0.8293865919113159,0.013136457651853561,0.47527894377708435,0.35531356930732727,0.6293571591377258,0.513543963432312,0.8709989190101624,0.9301186800003052,0.4533012807369232,40.01631585974246,40.08925798535347
23,1.0883931011817474,0.8014521598815918,0.011453715153038502,0.5745144486427307,0.3486016094684601,0.6314572691917419,0.559188723564148,0.8966841697692871,0.9466059803962708,0.4535728394985199,40.42645232193172,40.498956373892725
24,1.087501948247068,0.7624751329421997,0.01272196602076292,0.5250059366226196,0.3381543755531311,0.6085721850395203,0.5573951601982117,0.889532744884491,0.942190945148468,0.4445159435272217,39.633425613865256,39.70678501389921
25,1.0858263991208985,0.7751294374465942,0.012258985079824924,0.5091979503631592,0.3369380831718445,0.6120259761810303,0.5682486891746521,0.8811166286468506,0.9379829168319702,0.4462955594062805,40.25020783673972,40.323096642270684
26,1.0869934698931543,0.8748961091041565,0.011745145544409752,0.5124366283416748,0.3377947509288788,0.6150575876235962,0.5690075159072876,0.8732523918151855,0.9369941353797913,0.44753775000572205,40.42055449169129,40.49284310545772
27,1.0910990870030057,0.8333799242973328,0.011782368645071983,0.5101547837257385,0.34357085824012756,0.6156677007675171,0.5510945320129395,0.8830481767654419,0.9336598515510559,0.4477367699146271,39.63783958554268,39.71014691889286
28,1.0889168955949828,0.8408299088478088,0.011217232793569565,0.4879743158817291,0.3502696752548218,0.6230771541595459,0.5265820622444153,0.875988781452179,0.9345566630363464,0.45078524947166443,40.00240195635706,40.075278342701495
29,1.0885814176215827,0.8167170286178589,0.012478269636631012,0.5177350044250488,0.3487933576107025,0.6185788512229919,0.5334345102310181,0.878311276435852,0.9418690204620361,0.44919899106025696,40.04078716225922,40.11321673542261
30,1.0885284111954214,0.7986851334571838,0.011588271707296371,0.5182164907455444,0.3477645218372345,0.6194282174110413,0.5326756834983826,0.885370671749115,0.939017653465271,0.4495002031326294,40.494499263353646,40.566743237897754
31,1.0889526658518818,0.8006950616836548,0.012747791595757008,0.550597608089447,0.3444558084011078,0.6151139140129089,0.5527961850166321,0.8946835994720459,0.951641857624054,0.4465538263320923,39.63747205864638,39.709517017006874
32,1.0878977616835512,0.8747833371162415,0.011992507614195347,0.5546384453773499,0.3461172878742218,0.6184518337249756,0.5507956147193909,0.8962932229042053,0.9549071192741394,0.44820892810821533,40.00997878611088,40.082432268187404
33,1.0876441029904718,0.766141951084137,0.011516994796693325,0.4966724216938019,0.34182557463645935,0.6124852299690247,0.5548657178878784,0.8756898641586304,0.9349705576896667,0.44619619846343994,40.311832124367356,40.38379845302552
34,1.0896842320967592,0.810655415058136,0.010595472529530525,0.5148695111274719,0.3432741165161133,0.6148270964622498,0.5413447618484497,0.8824043273925781,0.9411332011222839,0.44731059670448303,39.62316934205592,39.69580260198563
35,1.0887773790185196,0.8237267732620239,0.010227203369140625,0.51554274559021,0.34464654326438904,0.6312035918235779,0.566662073135376,0.8747010827064514,0.925864577293396,0.4546898305416107,40.00897284038365,40.08216892182827
36,1.0883361580477682,0.8724799156188965,0.010307508520781994,0.5289644598960876,0.3535929322242737,0.6239333152770996,0.5415517091751099,0.883991003036499,0.9537343382835388,0.4512873888015747,40.05984467919916,40.13198903668672
37,1.0894891948052547,0.843484103679657,0.010573633946478367,0.5042039155960083,0.35144495964050293,0.6261009573936462,0.5230408310890198,0.8809556365013123,0.9350625276565552,0.45223185420036316,39.56514071114361,39.636975024826825
38,1.0897241304810925,0.8116214275360107,0.010214673355221748,0.49704745411872864,0.3423020541667938,0.6142478585243225,0.5475993156433105,0.8730913996696472,0.9306475520133972,0.44697219133377075,40.005047807469964,40.077205907553434
39,1.0905948407344968,0.7926058769226074,0.010393679141998291,0.4850398600101471,0.33670464158058167,0.6167776584625244,0.5674669146537781,0.8690443634986877,0.918276309967041,0.4478263556957245,40.037259705364704,40.10961898230016
40,1.0879407255830091,0.7730089426040649,0.010997001081705093,0.49671509861946106,0.3393377363681793,0.6196383237838745,0.5672599077224731,0.8730684518814087,0.9271523356437683,0.4492444097995758,39.65576785709709,39.72799151483923
41,1.0903139867608291,0.7746496796607971,0.010263510048389435,0.5122167468070984,0.34211084246635437,0.614646315574646,0.5524512529373169,0.8803808093070984,0.9366492033004761,0.4472494423389435,40.30661606322974,40.37892021983862
42,1.0879083218213472,0.7963058352470398,0.010307453572750092,0.515403151512146,0.345233291387558,0.6159569621086121,0.5539228916168213,0.8847038149833679,0.9420070052146912,0.44779154658317566,40.038785595446825,40.11113759223372
43,1.0872453482281756,0.8310298919677734,0.011912953108549118,0.5250946283340454,0.3428506553173065,0.6156453490257263,0.5536239743232727,0.8858075737953186,0.9406043291091919,0.4474518597126007,39.63832093030214,39.71112946048379
44,1.0878846959719148,0.7352570295333862,0.01054761465638876,0.5262516140937805,0.3455427587032318,0.6234930157661438,0.55971759557724,0.8833011388778687,0.9367871880531311,0.4510452151298523,40.420161206275225,40.493185884319246
45,1.0865123941132668,0.7519126534461975,0.009933579713106155,0.5131411552429199,0.3502292335033417,0.6171926856040955,0.5295713543891907,0.8841519355773926,0.9438925385475159,0.4483776390552521,40.15541355591267,40.227946780622005
46,1.0899014482298968,0.8627106547355652,0.011963547207415104,0.5176055431365967,0.3570229113101959,0.6367937326431274,0.518832802772522,0.8848187923431396,0.9374539852142334,0.45708176493644714,40.16770012117922,40.46172094717622
47,1.0895429501023055,0.8222590088844299,0.009151335805654526,0.5118330717086792,0.34060338139533997,0.6326249241828918,0.5699962973594666,0.8737123012542725,0.9304635524749756,0.45516324043273926,39.65006130281836,39.722395619377494
48,1.0903635989903782,0.750484049320221,0.010069627314805984,0.5278582572937012,0.34533295035362244,0.623702347278595,0.5589817762374878,0.8842209577560425,0.9384198188781738,0.45115530490875244,39.997759345918894,40.06979560665786
49,1.0896244898788612,0.7313331961631775,0.010275392793118954,0.5315521955490112,0.3483628034591675,0.6223741173744202,0.537596583366394,0.8881070613861084,0.9493653178215027,0.4504578411579132,40.20603845547885,40.27961214631796
50,1.090593284477453,0.7469097971916199,0.009640253148972988,0.4971905052661896,0.34955310821533203,0.6224101781845093,0.5265130400657654,0.8776903748512268,0.9362812638282776,0.4505595266819,39.585610329173505,39.65764713007957
51,1.0894484616446434,0.8135963678359985,0.008985885418951511,0.5404419898986816,0.3480665981769562,0.6264258623123169,0.5495768785476685,0.8892338275909424,0.9460310935974121,0.4522050619125366,40.350466752424836,40.42294419743121
52,1.0899819325529252,0.7626779079437256,0.00927104614675045,0.5362541675567627,0.3397570848464966,0.6206556558609009,0.5793322324752808,0.8808636665344238,0.940811276435852,0.44984307885169983,40.068284288048744,40.369710095226765
53,1.0892988216161106,0.770603597164154,0.009639851748943329,0.5342704653739929,0.3449682891368866,0.6170109510421753,0.5428394079208374,0.8929589986801147,0.946743905544281,0.4480965733528137,39.68906340748072,39.76140102464706
54,1.0890960375882939,0.8075889945030212,0.00951305404305458,0.5011345744132996,0.34113267064094543,0.6128948330879211,0.5440811514854431,0.8807257413864136,0.9385117888450623,0.44651898741722107,40.32786158937961,40.400517992675304
55,1.0911221734537468,0.7764104008674622,0.010121533647179604,0.5297832489013672,0.3482252359390259,0.6242011189460754,0.5498068332672119,0.8856925964355469,0.9410871863365173,0.4515119791030884,40.0538996104151,40.12930862698704
56,1.091056471393874,0.7720925807952881,0.010493759997189045,0.4955533444881439,0.3382040560245514,0.6258647441864014,0.5646384954452515,0.8724246025085449,0.9221164584159851,0.45198971033096313,39.61498801410198,39.687616218812764
57,1.091776357929638,0.826833188533783,0.009783949702978134,0.49010464549064636,0.3437109589576721,0.6180886626243591,0.552520215511322,0.8752989172935486,0.9292678236961365,0.44858235120773315,40.030961809679866,40.10324937850237
58,1.0923419337982296,0.7612589597702026,0.00995691865682602,0.5253501534461975,0.33956578373908997,0.6184014081954956,0.569306492805481,0.8847038149833679,0.934326708316803,0.448794424533844,39.989238801412284,40.06687034666538
59,1.092333396483339,0.848669171333313,0.008118939585983753,0.4932781755924225,0.34478864073753357,0.6201581358909607,0.5520603656768799,0.8756668567657471,0.9347866177558899,0.4501214623451233,40.011202096007764,40.08319853711873
60,1.0906039921484167,0.827781617641449,0.00993808638304472,0.49040284752845764,0.35125336050987244,0.623384952545166,0.5265130400657654,0.8779433369636536,0.934326708316803,0.4508221447467804,39.58712383918464,39.6590942312032
61,1.0925336400771577,0.8051558136940002,0.009935889393091202,0.503461480140686,0.3410171568393707,0.6164986491203308,0.5588898062705994,0.8775753974914551,0.9309234619140625,0.4480385184288025,40.12243265006691,40.194844205863774
62,1.0909935229752146,0.7736616730690002,0.009333794005215168,0.4802776575088501,0.34362277388572693,0.6232817769050598,0.5366997718811035,0.8669058084487915,0.9298197031021118,0.4506719410419464,40.02245770487934,40.14741966314614
63,1.090791744289448,0.7376664280891418,0.00869996752589941,0.5032175779342651,0.3431413471698761,0.6337114572525024,0.5630518794059753,0.8793460130691528,0.9277731776237488,0.4556915760040283,39.64848174806684,39.721098026260734
64,1.0917020625296212,0.7834697365760803,0.0097860898822546,0.511658787727356,0.34149980545043945,0.6149628758430481,0.5449549555778503,0.8806337118148804,0.9381208419799805,0.4472942054271698,40.36133270524442,40.43395713344216
65,1.0918866623163845,0.7436644434928894,0.009205195121467113,0.5099821090698242,0.3446422517299652,0.6124119162559509,0.532376766204834,0.8815535306930542,0.939017653465271,0.4461801052093506,40.13944117445499,40.21620893571526
66,1.0910128180725456,0.763216495513916,0.0093041080981493,0.5115634799003601,0.34954091906547546,0.6234344840049744,0.5193386673927307,0.8830252289772034,0.9359363317489624,0.45104318857192993,39.78927728254348,39.861897190101445
67,1.0893879358513237,0.7579782605171204,0.009037509560585022,0.47519364953041077,0.339273601770401,0.6205085515975952,0.5536699891090393,0.8698951601982117,0.9224613904953003,0.44931134581565857,40.153544716537,40.22655509971082
68,1.0914674854154063,0.7644025087356567,0.009175166487693787,0.5016431212425232,0.33777156472206116,0.6218592524528503,0.5649374723434448,0.8775984048843384,0.9225303530693054,0.4504099488258362,40.07709804922342,40.15040693804622
69,1.090768386116227,0.7133048176765442,0.009909532964229584,0.4740189015865326,0.3490072786808014,0.6285905838012695,0.5260761380195618,0.8650892376899719,0.9238640666007996,0.45276543498039246,39.7895441679284,39.86177883017808
70,1.0910300103553592,0.7649471759796143,0.00811305083334446,0.5261386036872864,0.3472139537334442,0.621304988861084,0.5486341118812561,0.8870952725410461,0.9475947618484497,0.45016106963157654,40.06375593971461,40.1363384174183
71,1.0917448490157762,0.7750241160392761,0.009812090545892715,0.5236956477165222,0.349567711353302,0.6218475103378296,0.5353660583496094,0.8875551819801331,0.9451112747192383,0.45053187012672424,40.32673051673919,40.40004329569638
72,1.0917785239281916,0.7710772156715393,0.009575550444424152,0.48522892594337463,0.3389166295528412,0.6297675967216492,0.5694214701652527,0.8650892376899719,0.9200928807258606,0.45356008410453796,40.08146857097745,40.154138647951186
73,1.0909689151275874,0.7543044686317444,0.009077231399714947,0.5395357608795166,0.3447831869125366,0.621783435344696,0.5556015372276306,0.8893027901649475,0.947341799736023,0.4502410292625427,39.71622292138636,39.788288885727525
74,1.0919297426238694,0.7655291557312012,0.008564858697354794,0.4854602515697479,0.34892159700393677,0.6313856244087219,0.5203734636306763,0.8734363317489624,0.9311994314193726,0.4543992578983307,39.994787282310426,40.067293321713805
75,1.0908457143499708,0.7620776891708374,0.009188340976834297,0.5330711007118225,0.3423280417919159,0.6216382384300232,0.5687776207923889,0.8838760256767273,0.9402363896369934,0.4502793550491333,40.05208895448595,40.12485314998776
76,1.0910864408582683,0.8072485327720642,0.008572760038077831,0.4953107237815857,0.34148409962654114,0.6197043061256409,0.5591657757759094,0.8741031885147095,0.9285320043563843,0.44948482513427734,39.740976681001484,39.81307902466506
77,1.0920158727362013,0.7416683435440063,0.009046590887010098,0.4916020333766937,0.3413449823856354,0.6246658563613892,0.5556245446205139,0.8773224949836731,0.9265084862709045,0.4515950083732605,40.0391930071637,40.11173939611763
78,1.0916290756305267,0.7598318457603455,0.00880921445786953,0.511452853679657,0.340430349111557,0.6217719316482544,0.5665931105613708,0.8801968097686768,0.9348325729370117,0.45057860016822815,40.00271902605891,40.07486801035702
79,1.0925882746594382,0.7401226758956909,0.009343280456960201,0.5199075937271118,0.33877623081207275,0.6315699219703674,0.5845750570297241,0.8776214122772217,0.9296587705612183,0.45498162508010864,39.67549073789269,39.74799884669483
80,1.0923146227321177,0.7326535582542419,0.008541946299374104,0.47672680020332336,0.3385225832462311,0.6198765635490417,0.5610513091087341,0.8647443056106567,0.9197479486465454,0.44926950335502625,40.10437946487218,40.17633684165776
81,1.0900208364890076,0.7248299717903137,0.009267482906579971,0.5253561735153198,0.33902010321617126,0.6170434951782227,0.5683866739273071,0.886359453201294,0.9354994297027588,0.44824162125587463,40.49562462698668,40.568551170639694
82,1.0916932556710106,0.7382832169532776,0.009257054887712002,0.472604900598526,0.33952540159225464,0.6165958046913147,0.5500137805938721,0.8638705015182495,0.9201619029045105,0.4477420747280121,40.03791639395058,40.10995029937476
83,1.0924384846077264,0.7226402759552002,0.00836471188813448,0.5417052507400513,0.34274888038635254,0.6159577965736389,0.5586598515510559,0.8918552398681641,0.9482156038284302,0.4473693072795868,40.138570446521044,40.21631336584687
84,1.0923183452989662,0.7430851459503174,0.008833022788167,0.5131584405899048,0.34736719727516174,0.622802197933197,0.5426784157752991,0.8844509124755859,0.9366722106933594,0.4510420560836792,40.20636914856732,40.27871502097696
85,1.0921405329716736,0.787717342376709,0.008652018383145332,0.540821373462677,0.3463177978992462,0.6317682266235352,0.5565673112869263,0.8921541571617126,0.9407193064689636,0.45498183369636536,40.09402813296765,40.16631010454148
86,1.0923240166108852,0.7241860628128052,0.009891193360090256,0.5540414452552795,0.3441484272480011,0.6261601448059082,0.5591427683830261,0.8903145790100098,0.94000643491745,0.45184263586997986,39.77838888950646,39.85466740839183
87,1.0918023010458087,0.7792884707450867,0.008443188853561878,0.5076324939727783,0.35108518600463867,0.6294305324554443,0.5247424840927124,0.8774144649505615,0.9363272786140442,0.45393821597099304,40.64585791621357,40.718078448437154
88,1.0908831015579383,0.7433294057846069,0.008764605037868023,0.5085186958312988,0.34121036529541016,0.6115768551826477,0.5464035868644714,0.8797139525413513,0.9412021636962891,0.44596391916275024,40.11519355978817,40.187479683198035
89,1.0909321080922458,0.716178834438324,0.008572319522500038,0.5399059653282166,0.34818312525749207,0.620512843132019,0.5440351366996765,0.8870033025741577,0.9522857069969177,0.4496542811393738,39.69720589183271,39.77308863867074
90,1.0919822429552402,0.8220338821411133,0.008564651012420654,0.48567357659339905,0.3433443605899811,0.6252639889717102,0.5523362755775452,0.8782882690429688,0.9246918559074402,0.4517359435558319,40.15253658685833,40.22477683238685
91,1.0909379344073662,0.7372180819511414,0.008694097399711609,0.4937536418437958,0.3532344698905945,0.6235610246658325,0.5136129260063171,0.8836000561714172,0.9422369599342346,0.451189786195755,40.480077248997986,40.55246676132083
92,1.0956197323438082,0.84506756067276,0.008644687943160534,0.5097414255142212,0.35192450881004333,0.6365832686424255,0.5448629260063171,0.8726544976234436,0.9314523339271545,0.457255482673645,39.72034281305969,39.795482497662306
93,1.0949467566866165,0.713196337223053,0.008382548578083515,0.5193735361099243,0.34388867020606995,0.6146548390388489,0.5570272207260132,0.8878771066665649,0.9413631558418274,0.4474436640739441,40.142564981244504,40.2159160412848
94,1.0928710901394836,0.7589866518974304,0.008719093166291714,0.53834068775177,0.3405192196369171,0.6154740452766418,0.5745493173599243,0.8901535868644714,0.9455711841583252,0.4473571181297302,40.58920499961823,40.662499389611185
95,1.09262049945154,0.7309953570365906,0.008131144568324089,0.5253692865371704,0.35688042640686035,0.6265795230865479,0.5220750570297241,0.8892338275909424,0.9460310935974121,0.4528050124645233,39.78171938471496,39.85498132556677
96,1.0921165722157251,0.7835493087768555,0.00849245861172676,0.5052340030670166,0.34448641538619995,0.619080662727356,0.5601775050163269,0.8732523918151855,0.9292908310890198,0.4494454562664032,40.13403686322272,40.206387776881456
97,1.093104578807522,0.7758089303970337,0.008416869677603245,0.5534106492996216,0.34018784761428833,0.6308169364929199,0.5789873003959656,0.8959943056106567,0.9389256834983826,0.45426124334335327,40.11724432837218,40.189617451280355
98,1.0924804036362052,0.7643228769302368,0.007832905277609825,0.486671507358551,0.34168553352355957,0.6238099932670593,0.5551186800003052,0.8690443634986877,0.9232891798019409,0.45125749707221985,39.750136096030474,40.06458698306233
99,1.0917175189633281,0.7863662838935852,0.007815750315785408,0.5258459448814392,0.3469345271587372,0.6208232641220093,0.5480132699012756,0.8841059803962708,0.9457091689109802,0.4500763416290283,40.2388385636732,40.31370762269944
100,1.0925182477612407,0.7521713376045227,0.008233128115534782,0.5222668647766113,0.34383705258369446,0.6191526651382446,0.5630978941917419,0.8846808075904846,0.9409952163696289,0.44937771558761597,39.872703567147255,39.94515775796026
101,1.091975142688104,0.8198545575141907,0.008122144266963005,0.5371057391166687,0.347769170999527,0.6385102272033691,0.5721578598022461,0.8786332011222839,0.9363042712211609,0.45815300941467285,40.28717199712992,40.359247682616115
102,1.0906194392445816,0.7605472207069397,0.008198164403438568,0.5026289224624634,0.34356752038002014,0.6371315121650696,0.5647764801979065,0.8698951601982117,0.9271982908248901,0.45728734135627747,39.36946986336261,39.442164172418416
103,1.0927283275220787,0.829149067401886,0.007986927404999733,0.5033233165740967,0.34156590700149536,0.6148128509521484,0.5526812076568604,0.879552960395813,0.9366722106933594,0.44744786620140076,39.81596060562879,39.88817112147808
104,1.0932071367692076,0.8181740641593933,0.008464950136840343,0.5153695344924927,0.3459224998950958,0.6347944140434265,0.5568432807922363,0.8810476660728455,0.9324411153793335,0.45640498399734497,40.01037056744099,40.082591271959245
105,1.0940610469165732,0.8068525791168213,0.007893207482993603,0.48003217577934265,0.3412514328956604,0.6118924021720886,0.5407009124755859,0.8710448741912842,0.933935821056366,0.4459761381149292,39.62013139296323,39.69223247934133
106,1.0924354626677988,0.8094400763511658,0.00853803288191557,0.5072485208511353,0.3394063413143158,0.6148599982261658,0.5655122995376587,0.8725855350494385,0.9356374144554138,0.44739702343940735,39.78998863324523,39.86378706712276
107,1.0934825836834023,0.8021616339683533,0.007523586507886648,0.5225735902786255,0.34826838970184326,0.6263110041618347,0.5450928807258606,0.8885209560394287,0.9409492015838623,0.45268937945365906,39.789068184792995,39.861679684370756
108,1.093025256074751,0.7907651662826538,0.008317016996443272,0.568035364151001,0.34413495659828186,0.6180446147918701,0.576043963432312,0.8965461850166321,0.95824134349823,0.44744205474853516,39.47164296917617,39.54390834271908
109,1.093409398205909,0.7888969779014587,0.00800525862723589,0.5309680700302124,0.3572694957256317,0.638646125793457,0.5140038728713989,0.8915333151817322,0.9456861615180969,0.4582984447479248,39.80828169640154,39.880055697634816
110,1.0937700392994494,0.7851994037628174,0.00856555812060833,0.5139180421829224,0.34616124629974365,0.6224931478500366,0.5419656038284302,0.8868653178215027,0.9343037009239197,0.45089396834373474,39.77175608742982,39.84396064095199
111,1.0922680448925526,0.7546743154525757,0.007935135625302792,0.5285600423812866,0.3552532196044922,0.6276927590370178,0.5209712982177734,0.8934878706932068,0.9572066068649292,0.45329487323760986,39.41638867650181,39.48892617598176
112,1.0945382781190598,0.7165789604187012,0.007305172272026539,0.5183483362197876,0.340852290391922,0.6247100234031677,0.5783894658088684,0.8766326308250427,0.9279571175575256,0.4519866704940796,40.13951139058918,40.21146710868925
113,1.0938346672307107,0.8382748961448669,0.008350733667612076,0.487582266330719,0.34529390931129456,0.6288106441497803,0.540493905544281,0.8740801811218262,0.9266234636306763,0.45343393087387085,39.81594042573124,39.88982832804322
114,1.093121687674958,0.7677749991416931,0.008694571442902088,0.4974376857280731,0.3422550559043884,0.6216433048248291,0.5548197031021118,0.877046525478363,0.9276351928710938,0.45052528381347656,39.764908905141056,39.836951829493046
115,1.0927901131054751,0.8052661418914795,0.008405315689742565,0.5035679340362549,0.3409103751182556,0.6200599670410156,0.5746412873268127,0.8670668005943298,0.9274282455444336,0.4498782753944397,39.43291792739183,39.50573224294931
116,1.0923102362660142,0.7415943145751953,0.007646301295608282,0.5404132604598999,0.3439544439315796,0.6275625824928284,0.5806429386138916,0.8811855912208557,0.9385577440261841,0.4530399441719055,40.18123554252088,40.255535087548196
117,1.0920727610899326,0.7604241371154785,0.007962974719703197,0.49935945868492126,0.3443235754966736,0.6186720132827759,0.5376195907592773,0.8752989172935486,0.9324871301651001,0.44923195242881775,39.8208417724818,39.892840687185526
118,1.091509635703682,0.7244977355003357,0.007612904533743858,0.5210633873939514,0.3496466279029846,0.6250665783882141,0.5366997718811035,0.8842899203300476,0.9470428824424744,0.452152818441391,39.415005538612604,39.48760021664202
119,1.0937920765216917,0.7722858786582947,0.008062437176704407,0.5072832107543945,0.3438935875892639,0.6253337860107422,0.5437592267990112,0.8691133260726929,0.9330620169639587,0.4521406292915344,39.80145874992013,39.91367991641164
120,1.094286476351885,0.8010886907577515,0.008104817010462284,0.5321324467658997,0.3460426926612854,0.624394416809082,0.5568892359733582,0.8853247165679932,0.9422139525413513,0.45162078738212585,39.8575493786484,39.92986269015819
121,1.0939307219054617,0.7566486597061157,0.008500296622514725,0.49529507756233215,0.3535682260990143,0.6303181052207947,0.5212012529373169,0.8753219246864319,0.9392476081848145,0.4542439877986908,39.404697705991566,39.47729916404933
122,1.0928588616941368,0.7427580952644348,0.00774782057851553,0.46454423666000366,0.34150272607803345,0.6240572929382324,0.5458517074584961,0.8655261397361755,0.9192190766334534,0.4506019651889801,39.80503448378295,39.88073365949094
123,1.0934048791467055,0.8247915506362915,0.007773584220558405,0.48294469714164734,0.35184353590011597,0.6278083324432373,0.5107845664024353,0.8791160583496094,0.9340047836303711,0.45279666781425476,40.031146173365414,40.58225601911545
124,1.0932715051167938,0.7970353364944458,0.007707469630986452,0.5484016537666321,0.3471919894218445,0.6160275340080261,0.5480362176895142,0.8911193609237671,0.952699601650238,0.44728609919548035,39.496864741668105,39.56919494178146
125,1.0932346383211817,0.7917448282241821,0.007853655144572258,0.5106209516525269,0.3384819030761719,0.6189835667610168,0.5654203295707703,0.8775524497032166,0.9359363317489624,0.44938981533050537,39.77911532018334,39.8521747905761
126,1.0932722041874579,0.8392861485481262,0.007205319590866566,0.5527601838111877,0.3559805750846863,0.6221196055412292,0.5312730073928833,0.8988916277885437,0.956723690032959,0.4501390755176544,39.81470925360918,39.886773257516325
127,1.0930908803217716,0.7940130233764648,0.008561553433537483,0.521375834941864,0.3453002870082855,0.6310239434242249,0.5659032464027405,0.8747930526733398,0.9310384392738342,0.4547605812549591,40.30361290462315,40.37572904676199
128,1.0933890373837543,0.7710868716239929,0.008731570094823837,0.508085310459137,0.34567224979400635,0.6177803874015808,0.5349291563034058,0.8779203295707703,0.9424208998680115,0.4488067924976349,39.50590980052948,39.579619402997196
129,1.0917172744753467,0.8022074699401855,0.007748869713395834,0.48830655217170715,0.33969661593437195,0.6294702291488647,0.5696743726730347,0.8693892359733582,0.923565149307251,0.4536965489387512,39.841213278472424,39.91364077758044
130,1.092538702581321,0.8106361627578735,0.008229071274399757,0.5269994735717773,0.3419816792011261,0.6292436122894287,0.5654433369636536,0.8854396343231201,0.933199942111969,0.45395949482917786,39.83123901113868,39.90366366133094
131,1.09057110345706,0.7842991352081299,0.008680065162479877,0.48260799050331116,0.34377986192703247,0.612418532371521,0.532905638217926,0.871964693069458,0.9369251132011414,0.4462077021598816,39.6106179272756,39.68296395801008
132,1.0945052708409162,0.8541130423545837,0.007742177229374647,0.5287905931472778,0.3428768813610077,0.6223626136779785,0.5812407732009888,0.8831861615180969,0.9389946460723877,0.4507043659687042,39.83074246812612,39.90312762930989
133,1.094915744530003,0.8982214331626892,0.007886248640716076,0.5317504405975342,0.3559078872203827,0.6362081170082092,0.5186718106269836,0.8898086547851562,0.9561718106269836,0.4571337401866913,40.16587053146213,40.23830123990774
134,1.0954614700287502,0.8139640092849731,0.008997264318168163,0.5059967041015625,0.3463887572288513,0.6149619221687317,0.5394131541252136,0.8865664005279541,0.9372470378875732,0.44750383496284485,39.438142478466034,39.51044386997819
135,1.091823474856643,0.8490826487541199,0.007380986586213112,0.5031365752220154,0.3480983078479767,0.6227326989173889,0.5355270504951477,0.8814155459403992,0.9417540431022644,0.45108288526535034,39.77499022614211,39.939368503168225
136,1.0934419516794986,0.7545244693756104,0.008516184985637665,0.5405876040458679,0.34136608242988586,0.617660403251648,0.5655122995376587,0.8886589407920837,0.9466289281845093,0.44830122590065,39.81719386857003,39.889096355997026
137,1.0933097940200924,0.8087804317474365,0.008147540502250195,0.48819613456726074,0.3426572382450104,0.6122912764549255,0.5400340557098389,0.8708839416503906,0.9355913996696472,0.44630011916160583,39.482776059769094,39.555709392763674
138,1.0916832800633602,0.7641425132751465,0.008169959299266338,0.5232030749320984,0.3384004235267639,0.6196964383125305,0.5762509107589722,0.8788861036300659,0.9369021058082581,0.4496365189552307,39.842005928047,39.91468711383641
139,1.092350821893458,0.8524808287620544,0.007874074392020702,0.5165711641311646,0.3445897698402405,0.6159163117408752,0.5538079738616943,0.8865204453468323,0.9403513669967651,0.4479150176048279,39.83113448321819,39.90425105392933
140,1.091030121472112,0.804537832736969,0.008607164956629276,0.4962637722492218,0.33877936005592346,0.616878867149353,0.5670070052146912,0.873873233795166,0.9265544414520264,0.4483829736709595,39.48444696422666,39.55745205935091
141,1.0925757495914987,0.8687947392463684,0.00716072041541338,0.5535419583320618,0.3470720946788788,0.6213847398757935,0.5554635524749756,0.894752562046051,0.9539873003959656,0.44967660307884216,40.01419258955866,40.08600352052599
142,1.0925711615901081,0.7488220930099487,0.007684655021876097,0.5203900337219238,0.3460976779460907,0.6187074780464172,0.5465415716171265,0.8858305811882019,0.9382818341255188,0.4490809142589569,39.7994840554893,39.871379155665636
143,1.091898953634516,0.815676212310791,0.008192960172891617,0.5491426587104797,0.3471277356147766,0.6246601939201355,0.5502437353134155,0.893096923828125,0.9477787017822266,0.45131856203079224,40.07899633795023,40.154405939392745
144,1.0916344356910368,0.8295925259590149,0.008783011697232723,0.5169473886489868,0.34578707814216614,0.6142523288726807,0.5325837135314941,0.8865433931350708,0.9422139525413513,0.447050005197525,39.46071605756879,39.53300006315112
145,1.0918392447205187,0.7520546913146973,0.008907167240977287,0.5268133282661438,0.34509631991386414,0.6201496124267578,0.5439431667327881,0.8782652616500854,0.9436166286468506,0.449723482131958,40.05893605388701,40.13143843598664
146,1.0923932912144274,0.7991696000099182,0.007025154773145914,0.5346177816390991,0.3453601896762848,0.6270251870155334,0.568317711353302,0.8850257396697998,0.941800057888031,0.45275643467903137,39.82462882902473,39.90144126024097
147,1.0940060522164128,0.7949414253234863,0.00888843834400177,0.5008100271224976,0.34762895107269287,0.626325249671936,0.5372056365013123,0.8771845102310181,0.9356144070625305,0.4524507224559784,39.50579342804849,39.57792500499636
148,1.0938110497850662,0.8453344106674194,0.008170770481228828,0.5051475167274475,0.3430519700050354,0.6197919845581055,0.5478752851486206,0.8784492015838623,0.9339587688446045,0.4496666491031647,40.08699143771082,40.37256542686373
149,1.092297885810115,0.8056780695915222,0.008965029381215572,0.5259073376655579,0.34973129630088806,0.6232527494430542,0.5316179394721985,0.8936718106269836,0.9436166286468506,0.45103251934051514,39.820786071009934,39.89411274250597
150,1.0927622399193189,0.7888989448547363,0.009578363969922066,0.5271887183189392,0.34299880266189575,0.6167911887168884,0.5529801249504089,0.8898316621780396,0.941524088382721,0.44811251759529114,39.470257866196334,39.542728528380394
151,1.093548003126996,0.7636584043502808,0.008078251034021378,0.5523293614387512,0.3512026071548462,0.6280016303062439,0.540631890296936,0.8936028480529785,0.9534354209899902,0.45289766788482666,40.23821455612779,40.52645002771169
152,1.094163339380807,0.8500845432281494,0.008812930434942245,0.5197357535362244,0.3440031111240387,0.6184477806091309,0.5487720966339111,0.8790010809898376,0.9433636665344238,0.44896844029426575,39.87869215384126,39.95044396724552
153,1.0942223716342419,0.8526291847229004,0.00852731242775917,0.4987405836582184,0.3425128161907196,0.6212184429168701,0.5607523918151855,0.8786332011222839,0.9274742603302002,0.4501875042915344,39.46861867047846,39.541358238086104
154,1.0928233021544413,0.8369690775871277,0.008385236375033855,0.517270028591156,0.34258198738098145,0.6207754015922546,0.5545897483825684,0.8823813199996948,0.9316592812538147,0.45004796981811523,40.18660509772599,40.492220440879464
155,1.0933822110178577,0.802672266960144,0.008617309853434563,0.5726426839828491,0.34845566749572754,0.622215211391449,0.5439431667327881,0.9063419699668884,0.9605178236961365,0.4492366313934326,39.87278136704117,39.944762136787176
156,1.0937512157480025,0.8007158637046814,0.008570453152060509,0.5198032259941101,0.3421818017959595,0.620523989200592,0.5598785877227783,0.8808866739273071,0.9357753992080688,0.4498971104621887,39.824634939432144,39.896862835623324
157,1.0961594021351468,0.7834635972976685,0.008257750421762466,0.5280805230140686,0.3438882827758789,0.6202638745307922,0.5569582581520081,0.8840829730033875,0.9426508545875549,0.4498378038406372,39.80743241496384,40.12221937160939
158,1.0949315178176442,0.7774432897567749,0.008479065261781216,0.5151268839836121,0.3468901515007019,0.6165491342544556,0.5335724949836731,0.8825653195381165,0.947870671749115,0.4482353627681732,39.81185965333134,39.884554172866046
159,1.0945111407312338,0.7589311599731445,0.009090869687497616,0.5131426453590393,0.3511134386062622,0.627075731754303,0.5288355350494385,0.8789321184158325,0.9397305250167847,0.4529739022254944,39.76192993018776,39.83411560673267
160,1.0935262491435358,0.7972362041473389,0.008838958106935024,0.5366067886352539,0.3382118344306946,0.6204297542572021,0.5790103077888489,0.8858765363693237,0.9361892938613892,0.44965630769729614,39.43310853932053,39.97289964836091
161,1.0940736161822127,0.7582215070724487,0.008647819980978966,0.5402520298957825,0.3392096757888794,0.622157871723175,0.5785734057426453,0.8923611044883728,0.9377759099006653,0.45046791434288025,40.3554084924981,40.42748105060309
162,1.0946773891349375,0.8029365539550781,0.007626637350767851,0.5095340609550476,0.3567951023578644,0.6249601244926453,0.5094279050827026,0.8838760256767273,0.9447203874588013,0.45203468203544617,39.79319664184004,39.865030113607645
163,1.0940332390932128,0.779177725315094,0.007903647609055042,0.524632453918457,0.3436952829360962,0.6237785816192627,0.5594186782836914,0.8781043291091919,0.9388107061386108,0.45146140456199646,39.64733647927642,39.95210923347622
164,1.0951170491798738,0.8037788271903992,0.008465287275612354,0.5282782316207886,0.34328651428222656,0.6298961043357849,0.5671219825744629,0.8838760256767273,0.9316592812538147,0.45417290925979614,39.824080016463995,39.900851380079985
165,1.0955889744795957,0.7754592895507812,0.008139168843626976,0.514921247959137,0.3450566828250885,0.6162952780723572,0.5442190766334534,0.8829562067985535,0.94028240442276,0.44810011982917786,39.79708231240511,39.8690655073151
166,1.0946571095494004,0.7681261301040649,0.008568987250328064,0.4871762692928314,0.3423077464103699,0.6172983646392822,0.5549576878547668,0.870837926864624,0.9281870722770691,0.4484000504016876,39.81934580951929,39.891771055758
167,1.0956969454145307,0.809291422367096,0.008677436970174313,0.49113762378692627,0.33911311626434326,0.6218916773796082,0.5641786456108093,0.8719877004623413,0.922576367855072,0.45042523741722107,39.99156682472676,40.06487900856882
168,1.0941487774836487,0.8133150339126587,0.008818470872938633,0.5612517595291138,0.34962132573127747,0.6415503025054932,0.5802749991416931,0.8842209577560425,0.9369251132011414,0.4592731297016144,40.14666264783591,40.21831076499075
169,1.094656027950755,0.7939035892486572,0.007893350906670094,0.4742394983768463,0.3544408977031708,0.6254972815513611,0.5025753974914551,0.8629506826400757,0.937109112739563,0.451574444770813,40.01994993630797,40.09198987670243
170,1.094759706417512,0.8090112805366516,0.008336193859577179,0.49524253606796265,0.3522608280181885,0.6325457096099854,0.5229718685150146,0.8647902607917786,0.9279801249504089,0.45511507987976074,39.44662523642182,39.520524172112346
171,1.0930303215358026,0.7891126871109009,0.008667406626045704,0.4658620059490204,0.3389206826686859,0.6250215768814087,0.5501517653465271,0.8684234619140625,0.914965033531189,0.4509741961956024,39.80315261334181,39.875716586597264
172,1.0943159285164377,0.6983817219734192,0.008244452066719532,0.5376513600349426,0.34599992632865906,0.6242043375968933,0.5657882690429688,0.8827722668647766,0.9396155476570129,0.4514217674732208,39.89657502155751,39.968511283397675
173,1.094190096730663,0.803967297077179,0.008690712042152882,0.5198999643325806,0.3474371135234833,0.6184772253036499,0.5326756834983826,0.8890958428382874,0.9441455006599426,0.4489976167678833,39.439984616823494,39.51385819260031
174,1.0943432756877132,0.7989929914474487,0.008318067528307438,0.5450018644332886,0.3510812819004059,0.62360680103302,0.5324457287788391,0.89323490858078,0.9567006826400757,0.45097723603248596,39.7888183798641,39.86080017220229
175,1.0956864537520445,0.7282837629318237,0.008231053128838539,0.5457171201705933,0.34554263949394226,0.6360679864883423,0.570755124092102,0.883324146270752,0.938028872013092,0.4569399356842041,40.03003694768995,40.10271365009248
176,1.0958644817765637,0.7931687235832214,0.008204726502299309,0.5436421036720276,0.34344369173049927,0.6214056015014648,0.5722498297691345,0.8876701593399048,0.9380058646202087,0.44995400309562683,39.436924709007144,39.510619848035276
177,1.0936363319192792,0.8613054156303406,0.008559434674680233,0.5229102373123169,0.34980249404907227,0.6258519887924194,0.5602465271949768,0.8763107061386108,0.9377529621124268,0.45238950848579407,39.839565012604,39.911538714542985
178,1.0956305775878945,0.8044148087501526,0.008698204532265663,0.4796336591243744,0.3402143716812134,0.617123544216156,0.548358142375946,0.8711828589439392,0.928118109703064,0.44806545972824097,39.830060163512826,39.90199097618461
179,1.0930891338901172,0.8089287281036377,0.00837964378297329,0.5022010803222656,0.34441280364990234,0.621986985206604,0.5514624714851379,0.8792080283164978,0.9310154318809509,0.4505951702594757,39.48564976081252,39.56201728247106
180,1.093174115796002,0.7793651223182678,0.007826690562069416,0.5425878763198853,0.350495845079422,0.6357048153877258,0.5495768785476685,0.8857156038284302,0.9446514248847961,0.45679575204849243,40.139025981538,40.2149641495198
181,1.0939859354153625,0.7849550843238831,0.00886533223092556,0.5209945440292358,0.33937937021255493,0.6218714714050293,0.5707321763038635,0.8830022215843201,0.9388107061386108,0.45055028796195984,39.80886387452483,39.88155145663768
182,1.0936315255750253,0.8058648109436035,0.008590553887188435,0.508089542388916,0.34593838453292847,0.63152676820755,0.5650524497032166,0.8724705576896667,0.9246459007263184,0.4548710882663727,40.16563051752746,40.23828512057662
183,1.0954630449608784,0.8017920255661011,0.008384594693779945,0.5000625848770142,0.33968058228492737,0.6263355612754822,0.5736525058746338,0.8695961833000183,0.9265544414520264,0.45250093936920166,39.65071535483003,39.723134610801935
184,1.0947575052475493,0.7813088893890381,0.009023603983223438,0.5067356824874878,0.3466153144836426,0.6202502846717834,0.5295023918151855,0.8852556943893433,0.9349246025085449,0.4498289227485657,39.83582108374685,39.908127991482615
185,1.0955034631350644,0.7920776009559631,0.008731093257665634,0.519490659236908,0.34759649634361267,0.6291108727455139,0.5471164584159851,0.884841799736023,0.9314063787460327,0.45376792550086975,40.07695817295462,40.14918330218643
186,1.0949210239763982,0.7970667481422424,0.007794899400323629,0.5270360708236694,0.34336668252944946,0.6238430738449097,0.568317711353302,0.8848187923431396,0.9359133839607239,0.4513562023639679,39.808302632533014,39.88067843951285
187,1.0953941385677526,0.8167315125465393,0.007698636967688799,0.5616337060928345,0.3548930585384369,0.6281189322471619,0.5349062085151672,0.8953734636306763,0.9613226652145386,0.452639102935791,39.872249184176326,39.944260145537555
188,1.0940771937059048,0.7930613160133362,0.00841413252055645,0.4928487241268158,0.3458976149559021,0.625942051410675,0.5459437370300293,0.8725165724754333,0.9300037026405334,0.45226579904556274,39.859373901970685,39.932167743332684
189,1.09517041012139,0.7826889157295227,0.007732676807790995,0.493254154920578,0.34710192680358887,0.6172478795051575,0.5277317762374878,0.8756438493728638,0.9399834275245667,0.44842255115509033,39.43701002933085,39.509011870250106
190,1.0950892519390614,0.8504807949066162,0.007894504815340042,0.5200216770172119,0.35117554664611816,0.6241615414619446,0.5312039852142334,0.8807947039604187,0.9476407170295715,0.4515678882598877,39.831875558011234,39.90462849941105
191,1.0945072410623335,0.7961277961730957,0.008251074701547623,0.46231576800346375,0.34191590547561646,0.6250637173652649,0.5499448180198669,0.8672277331352234,0.9205068349838257,0.45074060559272766,39.82729975041002,39.89976978581399
192,1.095659086038176,0.7674506306648254,0.00854129996150732,0.4873577654361725,0.350754976272583,0.6242852807044983,0.5181199312210083,0.8795989751815796,0.9322341680526733,0.45130524039268494,39.47768083307892,39.55019524786621
193,1.0931998099110456,0.8000253438949585,0.008939433842897415,0.5096692442893982,0.3453098237514496,0.63226717710495,0.5589128136634827,0.8762187361717224,0.925335705280304,0.45517969131469727,40.28571536578238,40.35771560668945
194,1.0942183925962323,0.7558411359786987,0.009185990318655968,0.5137022733688354,0.34375861287117004,0.6219015121459961,0.5570961833000183,0.8780583143234253,0.9387646913528442,0.4506227970123291,39.7856524521485,39.85819614585489
195,1.095009161349065,0.7623134255409241,0.0077913906425237656,0.5199181437492371,0.3485856056213379,0.6231854557991028,0.5394591689109802,0.8810936212539673,0.9390636682510376,0.45108523964881897,39.397879970259964,39.47031324636191
196,1.0948929892507608,0.7524093389511108,0.008028175681829453,0.5080103278160095,0.3386121690273285,0.6311883330345154,0.5750551819801331,0.8712978363037109,0.9265314340591431,0.45474469661712646,39.8171081924811,39.88998731318861
197,1.0939276747541702,0.7731652855873108,0.00847970973700285,0.5109736919403076,0.3459562063217163,0.617508053779602,0.5386083722114563,0.8862444758415222,0.9402363896369934,0.4485795795917511,39.806529177352786,39.878568158484995
198,1.0958592873018032,0.7952430844306946,0.008685791864991188,0.4847191274166107,0.3482493460178375,0.6234904527664185,0.5205113887786865,0.8755978941917419,0.9311304092407227,0.4509769678115845,39.79741014074534,39.87023421097547
199,1.0936001424067325,0.7547096610069275,0.00854539405554533,0.5689951181411743,0.3492053151130676,0.6301583647727966,0.555693507194519,0.8935568332672119,0.9514119029045105,0.45341578125953674,39.53394754230976,39.60586919542402
200,1.094377307294243,0.8165535926818848,0.008356676436960697,0.5112136602401733,0.3454376459121704,0.6156602501869202,0.5401719808578491,0.8849337697029114,0.9381668567657471,0.44776713848114014,39.819036576896906,39.891315654851496
201,1.0963792747990582,0.7775891423225403,0.008814950473606586,0.5574812889099121,0.3515191674232483,0.6298829317092896,0.5448169708251953,0.8953044414520264,0.9526765942573547,0.453594833612442,39.854546055197716,39.930035148747265
202,1.0956392702172382,0.7874440550804138,0.008307090029120445,0.5048794746398926,0.34301653504371643,0.6260910034179688,0.5544977784156799,0.8814845681190491,0.9298197031021118,0.45248526334762573,39.52588498033583,39.597956460900605
203,1.0951962791597252,0.8088859915733337,0.0074625215493142605,0.49483591318130493,0.35417449474334717,0.6297490000724792,0.5123712420463562,0.8787251710891724,0.9404893517494202,0.45393943786621094,40.06789023429155,40.140465358272195
204,1.095275222477029,0.8023658990859985,0.008624478243291378,0.5204247832298279,0.34207668900489807,0.6191302537918091,0.553118109703064,0.8769315481185913,0.9440535306930542,0.44932347536087036,40.10907684545964,40.18118346482515
205,1.0936818633316079,0.8103684782981873,0.008892059326171875,0.5384167432785034,0.34513217210769653,0.6200000047683716,0.5524972677230835,0.8926830291748047,0.9407882690429688,0.4492560029029846,39.73867884930223,39.811070275492966
206,1.091797763622772,0.8262592554092407,0.008155294694006443,0.47156035900115967,0.3461288809776306,0.6188348531723022,0.5291344523429871,0.8672967553138733,0.9269453883171082,0.4485188126564026,40.22483543213457,40.29934240039438
207,1.0931164667438278,0.8198773264884949,0.008462924510240555,0.541343629360199,0.3469305634498596,0.6295620799064636,0.5661101937294006,0.8827952742576599,0.9379829168319702,0.4538096785545349,40.34556976240128,40.41840419266373
208,1.0931656161425318,0.8022234439849854,0.008588183671236038,0.5061962008476257,0.3514809310436249,0.6259304881095886,0.5226728916168213,0.8774374723434448,0.94278883934021,0.4523337483406067,39.51445933710784,39.586676445789635
209,1.0931045420798557,0.7641449570655823,0.007880101911723614,0.5177343487739563,0.3504883944988251,0.626481294631958,0.544403076171875,0.8833471536636353,0.9404433369636536,0.4526107907295227,40.18016964010894,40.252543676644564
210,1.091498141189157,0.7972878217697144,0.007520613726228476,0.5580004453659058,0.3498806059360504,0.6201103925704956,0.5378265380859375,0.904594361782074,0.958379328250885,0.44874778389930725,40.0961271924898,40.168256101198494
211,1.0938835844358639,0.7946332097053528,0.00895994994789362,0.5343454480171204,0.3470342755317688,0.6280957460403442,0.5433452725410461,0.8858305811882019,0.9389026761054993,0.45323261618614197,39.973559848964214,40.0457799276337
212,1.0924202250438322,0.7895360589027405,0.008018942549824715,0.5245116949081421,0.3561382591724396,0.6430042386054993,0.5299853086471558,0.8799669146537781,0.9372930526733398,0.46022912859916687,39.50846915692091,39.58485556952655
213,1.0928512571997182,0.8272321224212646,0.008446701802313328,0.5116840600967407,0.3480973243713379,0.6179465055465698,0.5318248867988586,0.8808636665344238,0.9445824027061462,0.4487178921699524,39.857987297698855,39.931382060050964
214,1.0914980033047827,0.8462904095649719,0.008559971116483212,0.5184929966926575,0.3400728106498718,0.6186540126800537,0.573399543762207,0.8770235180854797,0.9356834292411804,0.44904154539108276,39.9319188836962,40.00433347001672
215,1.0934931547149978,0.7665454745292664,0.008682159706950188,0.48028871417045593,0.33912017941474915,0.6178323030471802,0.5571882128715515,0.8725625276565552,0.923818051815033,0.44841665029525757,39.507403201423585,39.58333653956652
216,1.0931765040280614,0.7875938415527344,0.008039369247853756,0.5075621008872986,0.3444582521915436,0.6231074333190918,0.5457367300987244,0.880081832408905,0.9363502860069275,0.451046884059906,39.909012225456536,39.98159109801054
217,1.0922873038847203,0.7683073282241821,0.0078979367390275,0.49776792526245117,0.3403230905532837,0.627353847026825,0.5732616186141968,0.8667218685150146,0.9277271628379822,0.45287010073661804,40.332394192926586,40.40509906504303
218,1.0917811767239483,0.7613188028335571,0.008112995885312557,0.5063506364822388,0.3424334228038788,0.6224411725997925,0.559326708316803,0.8796449303627014,0.9317742586135864,0.45084911584854126,39.48060833849013,39.553328569978476
219,1.0931188443933393,0.7694899439811707,0.008247548714280128,0.49788764119148254,0.34341469407081604,0.6159324645996094,0.5497148633003235,0.8753449320793152,0.9324871301651001,0.44784319400787354,39.89797837566584,39.970825425349176
220,1.0923997851638196,0.825459361076355,0.008271584287285805,0.49001482129096985,0.3453187048435211,0.6311497688293457,0.5481052398681641,0.866537868976593,0.9246228933334351,0.45431244373321533,39.88256408367306,39.95509622711688
221,1.0968123064339939,0.7600931525230408,0.00802621990442276,0.5189454555511475,0.3403191864490509,0.6263723373413086,0.5765268802642822,0.8770925402641296,0.9305785298347473,0.4525775611400604,39.53347447980195,39.60646103788167
222,1.095355685946213,0.7805166244506836,0.007899107411503792,0.5156940221786499,0.35045281052589417,0.6230782270431519,0.5209943056106567,0.8889808654785156,0.9419379830360413,0.45115527510643005,39.88623004499823,39.958055707626045
223,1.0943166562222313,0.8109561800956726,0.007915418595075607,0.5095352530479431,0.3459261953830719,0.6170561909675598,0.5348371863365173,0.8864744305610657,0.9421219825744629,0.4484226703643799,40.08548503275961,40.15781699027866
224,1.0957934330399914,0.7613205313682556,0.008611910976469517,0.5033679008483887,0.34139230847358704,0.6158878207206726,0.5552796125411987,0.8800358772277832,0.9311994314193726,0.44796109199523926,40.11576090566814,40.18851518724114
225,1.0943824983452382,0.7806957364082336,0.008113235235214233,0.5581899881362915,0.3491855561733246,0.6190479397773743,0.5518763661384583,0.8963392376899719,0.9558959007263184,0.4482816159725189,39.456780661828816,39.52923546731472
226,1.095271112090925,0.8065585494041443,0.008337828330695629,0.5192347168922424,0.3442721962928772,0.6201460361480713,0.5583149194717407,0.8792540431022644,0.9416160583496094,0.4497761130332947,39.84752524457872,39.919870080426335
227,1.0949012629357082,0.7748441696166992,0.008503913879394531,0.48779961466789246,0.34262582659721375,0.6326383948326111,0.5509105920791626,0.8764256834983826,0.9240480065345764,0.4549843966960907,40.13141039572656,40.203567325137556
228,1.0957819092678338,0.741729736328125,0.008258766494691372,0.5107390284538269,0.33622729778289795,0.6337284445762634,0.5797921419143677,0.8747930526733398,0.9202308654785156,0.4558511972427368,39.49957090616226,39.57245466578752
229,1.096446988788037,0.8372754454612732,0.00773848220705986,0.5337045192718506,0.35823509097099304,0.6326327919960022,0.5310660600662231,0.8809326887130737,0.9501241445541382,0.4554343521595001,39.873988638632,39.945813132449985
230,1.0947203408955906,0.7966580986976624,0.00760812871158123,0.4878583550453186,0.35891667008399963,0.634558379650116,0.4966197609901428,0.876126766204834,0.9403053522109985,0.4559003710746765,39.82044441904873,39.89276716578752
231,1.0955202903199757,0.7808206081390381,0.007529295980930328,0.49959447979927063,0.34454095363616943,0.619465708732605,0.5473923683166504,0.876517653465271,0.9350395798683167,0.4494515657424927,39.45286507438868,39.52513947151601
232,1.093812667047386,0.7835383415222168,0.008466191589832306,0.5263389348983765,0.3403471112251282,0.6250180602073669,0.5698123574256897,0.8829102516174316,0.9296817779541016,0.451993465423584,39.89930760860443,39.971572106704116
233,1.093931552946723,0.7839576005935669,0.007838960736989975,0.5155998468399048,0.3472100794315338,0.6233344078063965,0.5360329151153564,0.8859225511550903,0.9436626434326172,0.45125237107276917,39.89709750749171,39.969883549027145
234,1.0945110629183816,0.8198556303977966,0.009170468896627426,0.4966391623020172,0.34150993824005127,0.6306040287017822,0.5546817779541016,0.8747930526733398,0.9197479486465454,0.45430511236190796,39.541902395896614,39.613997736014426
235,1.094460825073501,0.7492811679840088,0.00876005832105875,0.5159903168678284,0.35213565826416016,0.6300187706947327,0.5310660600662231,0.8788631558418274,0.9399604201316833,0.4543074369430542,40.138403341174126,40.21050842106342
236,1.094864764661764,0.8074294924736023,0.009286478161811829,0.5135595798492432,0.3403875529766083,0.6245501637458801,0.5708011388778687,0.8840829730033875,0.9301876425743103,0.4517742693424225,39.82170385308564,39.894194536842406
237,1.0947643692748665,0.806171178817749,0.008568251505494118,0.5295534133911133,0.34546634554862976,0.6187880039215088,0.5568892359733582,0.8836230635643005,0.9403513669967651,0.44901853799819946,39.85964754130691,39.932000217959285
238,1.0943926084134972,0.7784995436668396,0.00816909410059452,0.5218242406845093,0.34081268310546875,0.6218364834785461,0.5701342821121216,0.8850717544555664,0.9355454444885254,0.45052412152290344,39.56516940239817,39.637979503721
239,1.0954704589694348,0.7728046774864197,0.007629723753780127,0.51532381772995,0.3436133563518524,0.6349548101425171,0.5650524497032166,0.876655638217926,0.9302796125411987,0.4565383493900299,39.90513064991683,39.978023438714445
240,1.0946059301690083,0.8124538660049438,0.007728285621851683,0.47055068612098694,0.3517550826072693,0.6333944201469421,0.5195916295051575,0.8602373003959656,0.9252207279205322,0.45461776852607727,40.19605765584856,40.2685196204111
241,1.0940024585076473,0.7861330509185791,0.007818669080734253,0.48987773060798645,0.34216707944869995,0.6250019073486328,0.5584298968315125,0.8681475520133972,0.9244159460067749,0.45180314779281616,39.53512785863131,39.608019198291004
242,1.095757406623183,0.8064917922019958,0.008145885542035103,0.5456414222717285,0.35207250714302063,0.6285962462425232,0.5353431105613708,0.8999723792076111,0.9515268802642822,0.45332255959510803,39.89226004295051,39.9651732519269
243,1.0954402218288293,0.8110906481742859,0.009081317111849785,0.5131280422210693,0.3436872959136963,0.6209125518798828,0.5530261397361755,0.8781962990760803,0.9303485751152039,0.4501729905605316,40.32500692084432,40.40114304702729
244,1.0931529973879184,0.7871477603912354,0.007477422710508108,0.5094935894012451,0.35052791237831116,0.6308361291885376,0.5362858772277832,0.8850257396697998,0.9351315498352051,0.4546564817428589,39.75876650214195,39.83921985886991
245,1.094911838947326,0.8018519282341003,0.007960906252264977,0.48833781480789185,0.34610921144485474,0.6199868321418762,0.536929726600647,0.8661239743232727,0.930693507194519,0.4494924247264862,40.2714811982587,40.34382598474622
246,1.0941760275444847,0.7597718834877014,0.007020956836640835,0.5003790259361267,0.3478690981864929,0.6216272115707397,0.5440121293067932,0.877897322177887,0.9309234619140625,0.4504064619541168,39.84737850539386,39.921516318805516
247,1.0940063606665589,0.7845592498779297,0.008686946704983711,0.5302876830101013,0.3446744978427887,0.6159074902534485,0.5558314919471741,0.8873482346534729,0.9440995454788208,0.4476793706417084,39.4879897646606,39.56034388206899
248,1.0942069615769947,0.7545611262321472,0.007449076045304537,0.5326091051101685,0.3484153151512146,0.622055172920227,0.5400570034980774,0.8894407749176025,0.9463070034980774,0.4505384564399719,40.15540007408708,40.22785058058798
249,1.0958184377331646,0.8112346529960632,0.008353077806532383,0.4908744990825653,0.3412493169307709,0.6229216456413269,0.5522212982177734,0.8779893517494202,0.9272902607917786,0.4508753716945648,39.92536443658173,39.99970443639904
250,1.093774947422914,0.7909003496170044,0.008375550620257854,0.5076230764389038,0.34335067868232727,0.6146190762519836,0.5512555241584778,0.8806567192077637,0.9354994297027588,0.44734370708465576,39.49752980750054,39.57029906939715
251,1.0943201780319214,0.7962209582328796,0.008316080085933208,0.5055524110794067,0.3424104154109955,0.6148436665534973,0.5452308654785156,0.8796679377555847,0.9349015951156616,0.44743913412094116,39.87164474558085,39.94395897351205
252,1.0961685717572742,0.7656643390655518,0.009181927889585495,0.4748512804508209,0.3438666760921478,0.6205247044563293,0.5338253974914551,0.8732753992080688,0.9270833134651184,0.44947218894958496,39.85292204003781,40.12599741201848
253,1.0949717109570616,0.7942849397659302,0.008558956906199455,0.5504122972488403,0.352291464805603,0.6221539974212646,0.5311810374259949,0.9025248289108276,0.9563787579536438,0.4501296877861023,39.83747758902609,39.90965889953077
254,1.0944638330071152,0.8073265552520752,0.008386988192796707,0.5317589044570923,0.3552892506122589,0.6367343068122864,0.5269959568977356,0.8877161741256714,0.939155638217926,0.45734164118766785,39.52716479357332,39.59977163840085
255,1.0941543308312838,0.8131487965583801,0.008724103681743145,0.5209252238273621,0.3483806252479553,0.6222113370895386,0.5347452163696289,0.8824503421783447,0.9486064910888672,0.45070597529411316,39.86922070849687,39.941486317664385
256,1.0948952657435644,0.8488416075706482,0.0075515154749155045,0.5489775538444519,0.35215723514556885,0.6310902833938599,0.5465415716171265,0.889072835445404,0.9466979503631592,0.4544723331928253,39.97213705163449,40.04375265818089
257,1.0959894370783714,0.7550429105758667,0.007949545048177242,0.4750683605670929,0.343328058719635,0.6208657622337341,0.5472773909568787,0.8627437353134155,0.9219324588775635,0.4495835304260254,39.46587618626654,39.53827852290124
258,1.0942033435906193,0.818407416343689,0.007979033514857292,0.5431749820709229,0.34834936261177063,0.6188989281654358,0.5441501140594482,0.8940627574920654,0.9522396922111511,0.44878706336021423,40.22336417995393,40.29564428888261
259,1.0943957803766036,0.8416010141372681,0.008011126890778542,0.5094101428985596,0.3496927320957184,0.6213232278823853,0.5219830870628357,0.8784722089767456,0.9453182220458984,0.45035219192504883,40.07013055216521,40.143170409835875
260,1.0938618161348388,0.7898961901664734,0.008427871391177177,0.4899504482746124,0.33900412917137146,0.617676317691803,0.5688005685806274,0.8680095672607422,0.928118109703064,0.4485880732536316,39.47278971038759,39.545469594188035
261,1.0946477450838912,0.785549521446228,0.008091006428003311,0.49288251996040344,0.3472217619419098,0.6215309500694275,0.5323077440261841,0.8813695907592773,0.9333609342575073,0.450278639793396,39.852888469584286,39.924782454036176
262,1.094576019219879,0.7907798290252686,0.007983548566699028,0.5293071269989014,0.3491225838661194,0.6195797920227051,0.5451158881187439,0.8897166848182678,0.9506300687789917,0.44938215613365173,39.81955317221582,39.89196053892374
263,1.0960322995098701,0.8092546463012695,0.00838632695376873,0.5273797512054443,0.34310397505760193,0.6139286756515503,0.5592577457427979,0.8866813778877258,0.9404433369636536,0.4467979371547699,39.480948930606246,39.5531897591427
264,1.094358412154972,0.7613779902458191,0.008687391877174377,0.4990966320037842,0.3385453522205353,0.6270922422409058,0.5678347945213318,0.8765636682510376,0.9227603077888489,0.4528394341468811,39.86361621320248,39.938514556735754
265,1.0974983568291128,0.7749373316764832,0.00757964514195919,0.5194358229637146,0.35188060998916626,0.6216453313827515,0.5185568332672119,0.8841289281845093,0.954677164554596,0.4504842460155487,39.90327989589423,39.97640450298786
266,1.0955207481707978,0.7717334032058716,0.00787819642573595,0.5379603505134583,0.35108742117881775,0.6259011030197144,0.5446789860725403,0.8877621293067932,0.9444444179534912,0.4522406756877899,39.871051023714244,39.9430794455111
267,1.095430065072859,0.8089613914489746,0.008357053622603416,0.516661524772644,0.34131351113319397,0.6213065385818481,0.5680187344551086,0.8757818341255188,0.9412941336631775,0.45031827688217163,39.485373499803245,39.560772315599024
268,1.095618076797565,0.8271941542625427,0.00801234133541584,0.5423281192779541,0.34274032711982727,0.6158530712127686,0.5549576878547668,0.8900156617164612,0.9533894658088684,0.4473242461681366,39.81377886142582,39.88606610056013
269,1.0959781059708358,0.7598360776901245,0.008364715613424778,0.5295352339744568,0.3427283763885498,0.6214309334754944,0.5697893500328064,0.8890498280525208,0.9368331432342529,0.45025309920310974,40.07051437534392,40.14313152898103
270,1.096790008383071,0.7603029012680054,0.00822801236063242,0.5619734525680542,0.34257978200912476,0.622244119644165,0.5623390078544617,0.9008691906929016,0.9501241445541382,0.449757844209671,39.4752025809139,39.55064859427512
271,1.0960575818393,0.8055109977722168,0.008451387286186218,0.5318164229393005,0.35309964418411255,0.6238836646080017,0.5313189625740051,0.8879461288452148,0.9484455585479736,0.4513779878616333,39.890388078056276,39.96276874281466
272,1.0968904971453912,0.7935627698898315,0.007737298496067524,0.5262863636016846,0.34092265367507935,0.6289244890213013,0.5721808075904846,0.8774144649505615,0.9321421980857849,0.4537685215473175,40.19373106304556,40.26557939592749
273,1.094963533137548,0.8158033490180969,0.0077184163965284824,0.517568051815033,0.3492165803909302,0.625807523727417,0.5357800126075745,0.8843129277229309,0.9424439072608948,0.4523923397064209,39.43389602564275,39.50868138857186
274,1.0949667203519737,0.767333984375,0.008338105864822865,0.5100793838500977,0.35645684599876404,0.6289857625961304,0.5158894658088684,0.8915333151817322,0.9439385533332825,0.45378804206848145,39.804417146369815,39.876982158981264
275,1.0940937911872763,0.7763954401016235,0.007981258444488049,0.5193502306938171,0.34363991022109985,0.6246541142463684,0.559188723564148,0.878311276435852,0.9342117309570312,0.4517887532711029,39.831372663378716,39.90324057545513
276,1.0960803959450585,0.7804073095321655,0.007799399551004171,0.5374287962913513,0.34311389923095703,0.6280902028083801,0.572479784488678,0.8859915137290955,0.9396155476570129,0.45328718423843384,39.53352281451225,39.6059383591637
277,1.0951834303903205,0.7737342715263367,0.007933616638183594,0.5559425354003906,0.3405226767063141,0.6230023503303528,0.5773546695709229,0.8910964131355286,0.9451342821121216,0.4503656029701233,39.85775919817388,39.93036674987525
278,1.0959037651281132,0.7642713189125061,0.008091386407613754,0.4929685890674591,0.34488365054130554,0.622185468673706,0.5415287017822266,0.8730913996696472,0.9281640648841858,0.4505355656147003,39.884220882318914,39.9566269274801
279,1.0962116945505764,0.7840518951416016,0.00755475927144289,0.5420831441879272,0.344891756772995,0.6220051050186157,0.5633507966995239,0.889072835445404,0.9456402063369751,0.4502699375152588,39.91418646834791,39.986392894759774
280,1.0957352277815497,0.7638521790504456,0.00857396051287651,0.5076887607574463,0.34380215406417847,0.6183332800865173,0.5497378706932068,0.8761497139930725,0.930693507194519,0.44898518919944763,39.52099145296961,39.59784883726388
281,1.0940838146458718,0.8018262386322021,0.008409547619521618,0.5226413607597351,0.34631070494651794,0.6185454726219177,0.5384933948516846,0.8877621293067932,0.9447203874588013,0.4489990472793579,39.95651619788259,40.02885051444173
282,1.09366956392094,0.774067223072052,0.00800151377916336,0.5138266086578369,0.34075361490249634,0.62192702293396,0.5666850805282593,0.8769775629043579,0.9294058084487915,0.4505847692489624,40.176718041300774,40.24884623941034
283,1.0935668686973832,0.7881760001182556,0.008828914724290371,0.5114573240280151,0.3424641191959381,0.6297096610069275,0.5684326887130737,0.87750643491745,0.9276351928710938,0.45413878560066223,39.43090685643256,39.50459948461503
284,1.094602512317289,0.7472385168075562,0.007793382275849581,0.497928649187088,0.34090614318847656,0.6200242042541504,0.5538309216499329,0.874011218547821,0.9324641227722168,0.44969427585601807,39.86542177479714,40.15493514575064
285,1.093895015766353,0.793001651763916,0.007048261817544699,0.5101920366287231,0.3549632728099823,0.6306557655334473,0.5229028463363647,0.8830022215843201,0.9424208998680115,0.454580157995224,40.19978281110525,40.272070817649364
286,1.0939465481058424,0.8072864413261414,0.008601666428148746,0.5195649266242981,0.34355682134628296,0.622844934463501,0.5639716982841492,0.8842669129371643,0.9406962990760803,0.4509822428226471,39.47701086476445,39.5516221113503
287,1.095279132728477,0.8096556663513184,0.008533197455108166,0.5143865346908569,0.3505321443080902,0.6272658705711365,0.5236846804618835,0.8865894079208374,0.940673291683197,0.4530400037765503,39.82013914361596,40.115164880640805
288,1.0932598686716264,0.7851527333259583,0.008008696138858795,0.5155838131904602,0.34038740396499634,0.6233131885528564,0.5768257975578308,0.8789091110229492,0.9325101375579834,0.451233446598053,39.80014439392835,39.872739765793085
289,1.0948032925085363,0.8063522577285767,0.008636820130050182,0.5663464069366455,0.3421582281589508,0.6219386458396912,0.5720658302307129,0.8939477801322937,0.9472498297691345,0.4493620693683624,39.41402267292142,39.486898691393435
290,1.0943381518670223,0.782886803150177,0.007966767996549606,0.5035251975059509,0.34109076857566833,0.623712420463562,0.5690995454788208,0.8691133260726929,0.9275662302970886,0.4514181613922119,40.19630230870098,40.268510206602514
291,1.0942742077551062,0.7611209750175476,0.008195091970264912,0.4930189549922943,0.34551748633384705,0.6263633370399475,0.5462886095046997,0.872102677822113,0.9229212403297424,0.45243582129478455,40.145050598308444,40.218191543594
292,1.0959905560271859,0.8454607725143433,0.007688959129154682,0.566970944404602,0.3537331521511078,0.6348686814308167,0.5545668005943298,0.8953964114189148,0.9497562646865845,0.4557759463787079,39.52213350776583,39.59580413531512
293,1.0944099420044504,0.8117166757583618,0.008504790253937244,0.5326051115989685,0.3429640829563141,0.6196277141571045,0.5532330870628357,0.8891878128051758,0.9418460130691528,0.44933587312698364,40.12206856813282,40.19437495432794
294,1.0938601574760816,0.8097997903823853,0.00828822422772646,0.5216148495674133,0.34855446219444275,0.621917724609375,0.5398271083831787,0.8844509124755859,0.9342347383499146,0.450593501329422,39.8428189875558,39.91486058756709
295,1.094186625966204,0.7772732377052307,0.008183165453374386,0.5527684688568115,0.34180647134780884,0.618190586566925,0.5659952163696289,0.8879690766334534,0.949135422706604,0.4480670988559723,40.00660291314125,40.08247021213174
296,1.0956012075937136,0.7851355075836182,0.007990050129592419,0.5426241755485535,0.34202009439468384,0.6218942403793335,0.5789873003959656,0.8833701014518738,0.9410182237625122,0.45023638010025024,39.68703823257238,39.99821861088276
297,1.094494080107766,0.7887336015701294,0.008041344583034515,0.5459585189819336,0.3411962389945984,0.6249443888664246,0.5748482346534729,0.8943156599998474,0.9392476081848145,0.45160335302352905,39.817193125374615,39.889576859772205
298,1.0948065942634801,0.8057460784912109,0.00679057789966464,0.5636968612670898,0.3460855185985565,0.6315727829933167,0.563879668712616,0.885370671749115,0.9425128698348999,0.4543079435825348,39.87860756833106,39.95133168809116
299,1.094905511828689,0.7689845561981201,0.007628644350916147,0.5114120244979858,0.34449303150177,0.6211619973182678,0.5389302968978882,0.8864054679870605,0.9364652037620544,0.45031172037124634,39.83300692308694,40.147359708324075
300,1.095612208152253,0.7918500304222107,0.007740430533885956,0.501278817653656,0.3474719822406769,0.6236830353736877,0.5394361615180969,0.880817711353302,0.935982346534729,0.4513847231864929,39.81098235864192,39.88340172264725
301,1.0952253905039855,0.7830566167831421,0.00813477486371994,0.5009598135948181,0.34908801317214966,0.6215226650238037,0.5319628119468689,0.8836230635643005,0.9367411732673645,0.4504377841949463,39.80159636493772,39.87373466230929
302,1.0941594646120196,0.8312234878540039,0.00834854505956173,0.5067935585975647,0.35255712270736694,0.6366111040115356,0.5252483487129211,0.8757128119468689,0.9389256834983826,0.45708346366882324,39.84448503702879,39.916713984683156
303,1.094914015217176,0.8338930010795593,0.007806382142007351,0.5010526180267334,0.3549865782260895,0.635776698589325,0.5187637805938721,0.8752759099006653,0.9348096251487732,0.45665252208709717,40.10661578550935,40.17908902000636
304,1.0947324050001936,0.7805187702178955,0.008192287757992744,0.5043028593063354,0.338541716337204,0.6252597570419312,0.5735605359077454,0.8725165724754333,0.9286239743232727,0.452065646648407,39.87554903887212,39.95025715325028
305,1.0942235145494148,0.7700399160385132,0.008448799140751362,0.5256880521774292,0.34642839431762695,0.6297246217727661,0.5574871301651001,0.8830941915512085,0.9341657757759094,0.4541637897491455,39.57038035057485,39.86786552332342
306,1.094698976598894,0.762229323387146,0.008090552873909473,0.4923352003097534,0.3483821451663971,0.6193762421607971,0.5292494297027588,0.8742871880531311,0.9386037588119507,0.44937756657600403,39.92472815606743,39.997346808202565
307,1.0947757094086927,0.8200837969779968,0.008179094642400742,0.5059683918952942,0.34676650166511536,0.6177549362182617,0.5418506264686584,0.8789551258087158,0.9414091110229492,0.4487529993057251,39.90933162346482,39.981842797249556
308,1.0954188979948158,0.7644726037979126,0.008179727010428905,0.5215097069740295,0.34188130497932434,0.616799533367157,0.5652363896369934,0.8821514248847961,0.9362582564353943,0.44825443625450134,40.016441891901195,40.08898757491261
309,1.0945269326939595,0.8208898901939392,0.008344169706106186,0.5444174408912659,0.3484199345111847,0.6193767189979553,0.5388842821121216,0.8966151475906372,0.9523086547851562,0.44892600178718567,39.51332849729806,39.58556255418807
310,1.0941632239065344,0.7789288759231567,0.008474419824779034,0.48264074325561523,0.34412631392478943,0.6253078579902649,0.5378035306930542,0.8634335994720459,0.9217485189437866,0.45171645283699036,39.83194969687611,39.90442688111216
311,1.0955119462922098,0.7558799982070923,0.008242419920861721,0.49485138058662415,0.34621986746788025,0.6236429214477539,0.5358259677886963,0.8788401484489441,0.9297507405281067,0.4512713849544525,40.068990383297205,40.36989683099091
312,1.0954829731435751,0.8074363470077515,0.008100491017103195,0.48501530289649963,0.3434436619281769,0.6196162700653076,0.5469324588775635,0.8683084845542908,0.9224153757095337,0.44933876395225525,39.50980004481971,39.58268723357469
313,1.0950368717507344,0.8294320106506348,0.008393258787691593,0.5612524151802063,0.3397841155529022,0.6183635592460632,0.5788493156433105,0.8891188502311707,0.9481925964355469,0.4478285014629364,40.219378917478025,40.291652594693005
314,1.094244094492561,0.8055003881454468,0.007926799356937408,0.5174118876457214,0.3433663547039032,0.6187000274658203,0.5576021075248718,0.878173291683197,0.9399374723434448,0.4491432011127472,39.841229940764606,40.14622561261058
315,1.094576607796293,0.8007867336273193,0.008459794335067272,0.5086873769760132,0.3406417965888977,0.6149914264678955,0.5653513669967651,0.881346583366394,0.9333149194717407,0.44750896096229553,39.54127381183207,39.61427265871316
316,1.0939106735797215,0.8373350501060486,0.007814147509634495,0.5256770253181458,0.3475533425807953,0.6301503777503967,0.5553256273269653,0.8740801811218262,0.9379599094390869,0.4543668329715729,40.14543875399977,40.21973305288702
317,1.094041789791914,0.7878596782684326,0.008779047057032585,0.5432030558586121,0.3434908092021942,0.6249378323554993,0.551600456237793,0.8969370722770691,0.9436626434326172,0.4516274929046631,40.11795744393021,40.19297072477639
318,1.0948807427528322,0.7860720753669739,0.008196985349059105,0.5162164568901062,0.3439010977745056,0.6223751902580261,0.5667540431022644,0.877897322177887,0.9367641806602478,0.4508305490016937,39.5915179150179,39.664965415373445
319,1.0953031993099043,0.8015351891517639,0.00825959350913763,0.4742142856121063,0.33871129155158997,0.6161776185035706,0.5506576299667358,0.8664458990097046,0.9264164566993713,0.4476151764392853,39.899520485661924,39.97206989862025
320,1.094237534246619,0.8166631460189819,0.007804806809872389,0.5056511163711548,0.3535270094871521,0.624779999256134,0.5176370739936829,0.874011218547821,0.9468359351158142,0.4518730640411377,39.88951320108026,39.963015681132674
321,1.0953237540416867,0.8318762183189392,0.008142199367284775,0.4980613589286804,0.3479277491569519,0.6218301653862,0.5256162881851196,0.8776903748512268,0.9370861053466797,0.45047903060913086,39.867755143903196,39.93970186356455
322,1.0954628482499882,0.7751087546348572,0.007674557156860828,0.550426721572876,0.3447173237800598,0.6201818585395813,0.5505426526069641,0.8962932229042053,0.9480776190757751,0.4491328299045563,39.479677812196314,39.552250425331295
323,1.095598831189208,0.7654097080230713,0.007749116513878107,0.540685772895813,0.3419831097126007,0.619293212890625,0.5666390657424927,0.8867043852806091,0.9428578019142151,0.44901934266090393,40.10119306482375,40.17688611522317
324,1.095590265550439,0.788645327091217,0.008365580812096596,0.48527005314826965,0.3541620075702667,0.6297293305397034,0.5188557505607605,0.8774144649505615,0.9315213561058044,0.4536907970905304,40.08811028394848,40.16035452205688
325,1.0948052512136515,0.780525803565979,0.007877292111515999,0.5100995302200317,0.34094688296318054,0.6248559355735779,0.5749632120132446,0.8706539869308472,0.9276351928710938,0.4519609212875366,39.51823489367962,39.590918995440006
326,1.095419513338851,0.8283621668815613,0.008329387754201889,0.5471153259277344,0.35650405287742615,0.6360352039337158,0.5321927666664124,0.8913953304290771,0.9562637805938721,0.45685073733329773,40.24761751573533,40.56600105483085
327,1.0954580836134231,0.7604990005493164,0.006845864001661539,0.5103211998939514,0.3558571934700012,0.6365331411361694,0.5212472677230835,0.8728154897689819,0.9336828589439392,0.45711714029312134,39.85298222210258,39.92505230102688
328,1.0951621501315045,0.7948717474937439,0.007716103922575712,0.5049575567245483,0.35353562235832214,0.6318091154098511,0.5112214684486389,0.8786791563034058,0.9455252289772034,0.4549780786037445,39.50410232786089,39.576641492545605
329,1.0943451123822763,0.7804321050643921,0.0076804389245808125,0.547257661819458,0.34982696175575256,0.6224758625030518,0.537067711353302,0.8978798985481262,0.9563787579536438,0.4503794014453888,40.14408600050956,40.442470762878656
330,1.095265905166108,0.799723744392395,0.008291498757898808,0.525177001953125,0.3502088487148285,0.6269353628158569,0.5414137244224548,0.8824503421783447,0.9451572895050049,0.4528433382511139,40.04569231066853,40.118143695406616
331,1.0960552437187174,0.8161700367927551,0.007875020615756512,0.4788513481616974,0.3463059663772583,0.6220759153366089,0.5280306935310364,0.8627667427062988,0.9268993735313416,0.4502101540565491,39.47279134299606,39.54499772004783
332,1.0946945543388784,0.8080873489379883,0.008424647152423859,0.5316334962844849,0.3399240970611572,0.6218306422233582,0.5702952742576599,0.8850257396697998,0.9382358193397522,0.4504324197769165,39.7947182636708,39.86850505974144
333,1.0942752071833797,0.7812344431877136,0.00819780956953764,0.510653555393219,0.34531843662261963,0.620094895362854,0.5513244867324829,0.8771845102310181,0.9402133822441101,0.4498279392719269,40.21230263449252,40.28517271298915
334,1.0949055980453293,0.8295313119888306,0.008145332336425781,0.5194932222366333,0.34095531702041626,0.6244940161705017,0.5624310374259949,0.8841289281845093,0.935844361782074,0.45179617404937744,39.82402380462736,39.89629072137177
335,1.0947624967863914,0.7599360346794128,0.008383858017623425,0.5015850067138672,0.34277474880218506,0.620276153087616,0.5555555820465088,0.8756438493728638,0.9338437914848328,0.44982630014419556,39.88984497077763,39.967300057411194
336,1.0951840852632846,0.7916256785392761,0.008468699641525745,0.5062298774719238,0.34732678532600403,0.6235193610191345,0.5336184501647949,0.8749310374259949,0.9359593391418457,0.4513009786605835,39.93255724944174,40.004690777510405
337,1.0951812976956679,0.8737258315086365,0.007730396464467049,0.5106091499328613,0.3491111993789673,0.6179594397544861,0.526697039604187,0.8840140104293823,0.9425588846206665,0.4487873315811157,40.02492312248796,40.0969906123355
338,1.0972397579536737,0.8645906448364258,0.00792179349809885,0.5122123956680298,0.3454824984073639,0.6193699240684509,0.5440811514854431,0.8728844523429871,0.9375,0.4494912624359131,39.609316295944154,39.92129267286509
339,1.0950206045071076,0.8034471869468689,0.008576823398470879,0.5221666097640991,0.35016173124313354,0.623481273651123,0.5384014248847961,0.8883600234985352,0.9434326887130737,0.4513363540172577,39.83118262793869,39.90394325833768
340,1.0967866515366278,0.7843196988105774,0.008436031639575958,0.5336925983428955,0.35438498854637146,0.6344842314720154,0.5337794423103333,0.8794839978218079,0.9509519934654236,0.4562811255455017,40.23762865923345,40.30992789659649
341,1.0960958645175705,0.796421229839325,0.008157615549862385,0.47302600741386414,0.3429669141769409,0.6392181515693665,0.5577630400657654,0.8622838258743286,0.9147580862045288,0.4572734534740448,39.73679144214839,39.812107847072184
342,1.093403096298636,0.8005620241165161,0.008140494115650654,0.5277916193008423,0.34993335604667664,0.6367017030715942,0.5530261397361755,0.8811396360397339,0.9380058646202087,0.45738109946250916,39.8441737415269,39.91695781145245
343,1.0962357131992868,0.7681476473808289,0.007854949682950974,0.5301015973091125,0.35153013467788696,0.6364683508872986,0.5461506843566895,0.8882680535316467,0.9381438493728638,0.4572877287864685,39.83409332856536,39.90859361551702
344,1.0937973307567228,0.823876678943634,0.008664719760417938,0.5132295489311218,0.3434108793735504,0.6196719408035278,0.5558544993400574,0.8761727213859558,0.9337978363037109,0.44959399104118347,39.499539320357144,39.5738525595516
345,1.0937830595683802,0.8159141540527344,0.008435791358351707,0.49402591586112976,0.34742555022239685,0.6158983707427979,0.5255472660064697,0.8767706155776978,0.9342806935310364,0.4478825330734253,40.082331992685795,40.15432616323233
346,1.0957976293314842,0.8249325752258301,0.0077470517717301846,0.4765016436576843,0.35380449891090393,0.6333535313606262,0.5172921419143677,0.8753449320793152,0.9242319464683533,0.4548548460006714,39.85904681775719,39.931714500300586
347,1.0955982899230081,0.8615071773529053,0.008947474882006645,0.5339855551719666,0.35838934779167175,0.6361668109893799,0.5183038711547852,0.8938557505607605,0.9454562067985535,0.4570377469062805,39.46644191071391,39.76302890572697
348,1.093909268279611,0.7630839943885803,0.009480148553848267,0.5072917342185974,0.3409481942653656,0.6213971972465515,0.565144419670105,0.8795759677886963,0.9320732355117798,0.45038625597953796,39.784425707533956,39.85691844020039
349,1.0942535487541019,0.8072503209114075,0.008794402703642845,0.5420821309089661,0.3458062708377838,0.6202148199081421,0.5568892359733582,0.8876701593399048,0.9445134401321411,0.44937896728515625,39.86290966253728,39.935208288021386
350,1.0947202412951398,0.7844197154045105,0.008314765989780426,0.5359453558921814,0.3467208743095398,0.6216593980789185,0.5608673691749573,0.8798748850822449,0.9432257413864136,0.4502306878566742,40.211767790839076,40.28445507120341
351,1.095420457675625,0.7633756399154663,0.007793929893523455,0.5273077487945557,0.346646785736084,0.6226595640182495,0.5563603639602661,0.8784492015838623,0.9381438493728638,0.4508509337902069,39.47537867631763,39.54815579485148
352,1.0943217538978038,0.7726299166679382,0.00871274434030056,0.5222399234771729,0.3461950123310089,0.620861291885376,0.5444720387458801,0.8855316638946533,0.9369941353797913,0.4500672519207001,39.828285129740834,39.900689873844385
353,1.0948994243736367,0.8543716669082642,0.007479014340788126,0.5145823359489441,0.3505977392196655,0.6216810941696167,0.530123233795166,0.8874632120132446,0.9441455006599426,0.4504881501197815,39.80040399543941,39.87277465965599
354,1.0960579590760073,0.8088228106498718,0.008174768649041653,0.5252330303192139,0.3442092537879944,0.6188306212425232,0.5662941336631775,0.8823123574256897,0.939017653465271,0.4490644931793213,39.513315794058144,39.58630879968405
355,1.0950801400540704,0.832842230796814,0.008153273724019527,0.530985951423645,0.35587605834007263,0.636808454990387,0.5270189642906189,0.8864514231681824,0.9454792141914368,0.4573762118816376,39.87887669634074,39.95115651283413
356,1.0962369566486647,0.8476325273513794,0.00760443601757288,0.543168842792511,0.3597557544708252,0.6445091962814331,0.5390222668647766,0.8833931088447571,0.9469048976898193,0.4608413875102997,39.8867016825825,39.962038586847484
357,1.0966110241942244,0.7863337397575378,0.007950368337333202,0.5285166501998901,0.34456437826156616,0.6254251003265381,0.5615572333335876,0.8826802968978882,0.9377759099006653,0.45219865441322327,39.50130392611027,39.57481654640287
358,1.0950006881519647,0.7894445657730103,0.007933443412184715,0.5245262384414673,0.34350836277008057,0.6179062724113464,0.5486571192741394,0.8804038166999817,0.9408342242240906,0.4486883878707886,40.10374956578016,40.17907222080976
359,1.0939367673415739,0.8151910901069641,0.00885617546737194,0.5216299891471863,0.3514665961265564,0.6261324882507324,0.531387984752655,0.8807486891746521,0.9517338275909424,0.45251429080963135,39.87160557601601,39.944690060801804
360,1.0946168127632638,0.7713153958320618,0.00816088542342186,0.4992086589336395,0.3463948965072632,0.6244716048240662,0.5364238619804382,0.8731834292411804,0.9374769926071167,0.4516422748565674,39.52479253988713,39.597143614664674
361,1.0944576780105073,0.8012816309928894,0.00761227123439312,0.5191099047660828,0.3454536497592926,0.6325575709342957,0.5559004545211792,0.88028883934021,0.928646981716156,0.4554586708545685,40.35434360895306,40.42714377772063
362,1.096002924846918,0.8325026631355286,0.008081340231001377,0.5229090452194214,0.3485473096370697,0.6198902726173401,0.5253403186798096,0.8865894079208374,0.9464449882507324,0.4496409595012665,39.91773061454296,39.99096137750894
363,1.0942806755593801,0.7871391177177429,0.008643687702715397,0.5276625752449036,0.3498268723487854,0.6294208765029907,0.5494619011878967,0.8782652616500854,0.9408572316169739,0.4539482295513153,39.837220849469304,39.90951717365533
364,1.0957518949832368,0.7528941631317139,0.008313514292240143,0.5020646452903748,0.3467812240123749,0.6249317526817322,0.5388153195381165,0.8810936212539673,0.9363042712211609,0.4519018828868866,39.89421739149839,39.96680732257664
365,1.0940071079811913,0.8205588459968567,0.007939823903143406,0.532339334487915,0.3478931486606598,0.61861652135849,0.5474843382835388,0.8850257396697998,0.9488824605941772,0.44890472292900085,40.19310065265745,40.268529306165874
366,1.0944020928664244,0.7816035151481628,0.007724974304437637,0.5144972801208496,0.34197917580604553,0.6322900056838989,0.5730316638946533,0.8718956708908081,0.9243239760398865,0.45526450872421265,39.856650898233056,39.92986661102623
367,1.0950063516825983,0.7294564247131348,0.007945287972688675,0.5318530201911926,0.34569624066352844,0.6199869513511658,0.5498528480529785,0.8851177096366882,0.9451572895050049,0.4495948255062103,39.79090745281428,39.863732662051916
368,1.0953060379227522,0.7673235535621643,0.0074479226022958755,0.5146393775939941,0.34991422295570374,0.6336543560028076,0.5384014248847961,0.8711138963699341,0.9297277331352234,0.45591405034065247,40.16444449778646,40.237283357419074
369,1.0943232550633484,0.8069189786911011,0.008693878538906574,0.4976458251476288,0.3426147997379303,0.6148144006729126,0.5372056365013123,0.882864236831665,0.9375230073928833,0.4474010765552521,39.844899765215814,39.9169584242627
370,1.0942037690712951,0.7834088206291199,0.008782065473496914,0.5316183567047119,0.36081036925315857,0.6529195308685303,0.5257082581520081,0.8710448741912842,0.9385577440261841,0.4646914005279541,39.73301176354289,39.805443157441914
371,1.0953933924981258,0.80308997631073,0.007861925289034843,0.5090427398681641,0.3414558172225952,0.6169418096542358,0.5545897483825684,0.8733673691749573,0.9378679394721985,0.44837522506713867,39.82641371525824,39.89879253972322
372,1.0947002150682494,0.8295959830284119,0.008023708127439022,0.5270028114318848,0.34770622849464417,0.6241732835769653,0.5483121871948242,0.8962472677230835,0.9418460130691528,0.4515880346298218,39.81162435468286,39.88423194549978
373,1.0954243971847055,0.8077075481414795,0.008243406191468239,0.5497294664382935,0.34791475534439087,0.6239240765571594,0.5509566068649292,0.8944306373596191,0.949135422706604,0.450975239276886,39.461207007057965,39.53357481211424
374,1.09652468803346,0.808556318283081,0.008403834886848927,0.5230306386947632,0.3493565618991852,0.6239592432975769,0.5401490330696106,0.8881990313529968,0.9387646913528442,0.4515059292316437,39.95466664247215,40.02674980182201
375,1.095681867773788,0.8275548815727234,0.008248782716691494,0.5233581066131592,0.3454225957393646,0.6211031675338745,0.5529801249504089,0.8818984627723694,0.9359363317489624,0.4502057135105133,39.90657052677125,39.97924097813666
376,1.093783526134242,0.7867081761360168,0.007993124425411224,0.5430923700332642,0.34213849902153015,0.6193777918815613,0.5795621871948242,0.8888888955116272,0.9424208998680115,0.4489939510822296,39.843284719623625,39.916088229976594
377,1.0949905117871557,0.7992939949035645,0.008209314197301865,0.5049757957458496,0.3434760272502899,0.6197432279586792,0.5610283017158508,0.8807486891746521,0.9344186782836914,0.449622243642807,39.73766973242164,39.8102151453495
378,1.0947357767867045,0.7829813361167908,0.008917651139199734,0.5225739479064941,0.35596901178359985,0.6344820261001587,0.5217761397361755,0.8852097392082214,0.9448813199996948,0.45629051327705383,40.051600934937596,40.126457025296986
379,1.0955001956177755,0.8371144533157349,0.007865041494369507,0.5143056511878967,0.34954965114593506,0.6327283978462219,0.5460816621780396,0.8789781332015991,0.9334989190101624,0.45546674728393555,39.81122068222612,39.88342900853604
380,1.0954884857172755,0.7853126525878906,0.007856221869587898,0.485793799161911,0.3422742486000061,0.6281830668449402,0.5609593391418457,0.8651121854782104,0.9225993156433105,0.45297351479530334,39.44395799934864,39.515945699065924
381,1.095771931792675,0.7737257480621338,0.00842531118541956,0.519080638885498,0.34665799140930176,0.6181606650352478,0.5443800687789917,0.8857616186141968,0.9447663426399231,0.4488881528377533,39.8254786003381,39.902497853152454
382,1.0953658825423636,0.8065229058265686,0.00856808852404356,0.5153414011001587,0.34446242451667786,0.6194878220558167,0.5550037026405334,0.8850487470626831,0.9352694749832153,0.4494825303554535,39.82638009823859,39.91479879710823
383,1.0939944957628573,0.8229782581329346,0.008450303226709366,0.5361471176147461,0.3420443832874298,0.628341794013977,0.574917197227478,0.8844968676567078,0.935706377029419,0.4534108638763428,39.63267599605024,39.70585835073143
384,1.0953628212291329,0.7951058149337769,0.007387795951217413,0.5026767253875732,0.34717825055122375,0.6221557259559631,0.5316869020462036,0.8686764240264893,0.9361892938613892,0.4506895840167999,39.85492626391351,39.93127294443548
385,1.0949849313606481,0.7816907167434692,0.0086180055513978,0.46867331862449646,0.3493212163448334,0.6292173266410828,0.5237537026405334,0.8620309233665466,0.9228982925415039,0.4528666138648987,39.802549588494,39.87476094532758
386,1.0948152510989118,0.7593356370925903,0.007742376532405615,0.5315914750099182,0.34581270813941956,0.622835099697113,0.5524512529373169,0.8883830308914185,0.944306492805481,0.4509282410144806,39.498935697600245,39.571963855065405
387,1.095223988316389,0.7475959062576294,0.00788199994713068,0.5247777700424194,0.3491794466972351,0.6242623925209045,0.5418506264686584,0.881806492805481,0.9441455006599426,0.4516568183898926,39.87300809007138,39.952907893806696
388,1.0944802244400542,0.7733113765716553,0.007733855862170458,0.5357911586761475,0.35481390357017517,0.6360206604003906,0.5303072333335876,0.8865894079208374,0.9445593953132629,0.4570249319076538,40.30338892433792,40.376284612342715
389,1.0944641131333832,0.8332684636116028,0.008071762509644032,0.5059363842010498,0.348773330450058,0.6221954226493835,0.5341703295707703,0.8856006264686584,0.9378219246864319,0.4507301151752472,39.53376634884626,39.60605232510716
390,1.0953239404812805,0.7472788095474243,0.007334091700613499,0.5336683988571167,0.34609097242355347,0.6197123527526855,0.5461506843566895,0.8902455568313599,0.9441685080528259,0.4493820369243622,39.86699040979147,39.93915256857872
391,1.0946648970596473,0.8091040849685669,0.008556481450796127,0.5301523804664612,0.359296053647995,0.6365835070610046,0.5209712982177734,0.888543963432312,0.9538723230361938,0.4573037326335907,40.020430023781955,40.330238251015544
392,1.0963624709580027,0.7937319874763489,0.008186628110706806,0.5057059526443481,0.35336047410964966,0.6301882863044739,0.5152915716171265,0.876793622970581,0.9453412294387817,0.4543190896511078,39.87580947205424,39.94844290334731
393,1.0950867591265288,0.8556028008460999,0.007813396863639355,0.5462878942489624,0.35036295652389526,0.6267392635345459,0.5425174832344055,0.8964542150497437,0.9466289281845093,0.4524420201778412,39.474523526616395,39.54704732913524
394,1.0937380535484293,0.786977231502533,0.00812997855246067,0.5107715129852295,0.34348946809768677,0.6160686016082764,0.5364698171615601,0.8830252289772034,0.9414551258087158,0.4479621350765228,39.867842118255794,40.18761917203665
395,1.0944915480775559,0.7700657844543457,0.008395318873226643,0.5510282516479492,0.3383997976779938,0.6149007081985474,0.5844140648841858,0.8912803530693054,0.9458471536636353,0.4465712904930115,40.08216066285968,40.15509553998709
396,1.0951475894793519,0.7783970236778259,0.008254182524979115,0.5208816528320312,0.3537609875202179,0.6278800368309021,0.5338484048843384,0.8825653195381165,0.9481695890426636,0.453271746635437,39.49266244377941,39.565773538313806
397,1.095491774088409,0.7979692816734314,0.007499945815652609,0.4832807779312134,0.34241947531700134,0.6178240180015564,0.5395281314849854,0.8674116730690002,0.9305325746536255,0.44851791858673096,39.88286148570478,40.230092979967594
398,1.0942310325159417,0.7792526483535767,0.008370055817067623,0.5087598562240601,0.34310227632522583,0.6212604641914368,0.5479442477226257,0.8738272786140442,0.9373160600662231,0.45033901929855347,40.43037332314998,40.50298413541168
399,1.0966254572332994,0.762535572052002,0.007421668618917465,0.5122583508491516,0.3508749306201935,0.6214057207107544,0.52596116065979,0.8840140104293823,0.94522625207901,0.45043566823005676,39.54084014426917,39.6130619905889
400,1.0958802930368767,0.7473081946372986,0.008279263973236084,0.5382294058799744,0.3487241566181183,0.6262853741645813,0.5553945899009705,0.8898316621780396,0.9483535885810852,0.45242762565612793,39.885071055963635,40.19050895888358
401,1.0977226196941445,0.8119441866874695,0.0074425358325243,0.5049375295639038,0.3545212149620056,0.6224754452705383,0.5133600234985352,0.8828182220458984,0.9480546116828918,0.45083552598953247,39.92445166129619,39.99683158937842
402,1.0950799903421427,0.805736243724823,0.008671061135828495,0.5360191464424133,0.3436301648616791,0.6253015995025635,0.5572801828384399,0.8917862176895142,0.9390636682510376,0.45193469524383545,39.52285744436085,39.601956027559936
403,1.0958780442454485,0.790801465511322,0.007395022548735142,0.5056793689727783,0.34845855832099915,0.6214333772659302,0.5312039852142334,0.8826342821121216,0.9370861053466797,0.4504243731498718,40.084597644396126,40.39230429101735
404,1.094153468976133,0.8004531264305115,0.007815496996045113,0.5358017086982727,0.35292506217956543,0.6209906339645386,0.5245354771614075,0.8962932229042053,0.9545161724090576,0.4499695599079132,39.900081895291805,39.97289043664932
405,1.0951576450786142,0.7941339015960693,0.008297691121697426,0.5209298729896545,0.34898704290390015,0.6229082942008972,0.5336874723434448,0.8899466395378113,0.9459391236305237,0.45096448063850403,39.894471985287964,39.96681142412126
406,1.0952002376551417,0.7506691813468933,0.007837653160095215,0.5039669871330261,0.3416787385940552,0.6319287419319153,0.5653053522109985,0.8678945899009705,0.9296817779541016,0.45503750443458557,39.735960942693055,40.05402749590576
407,1.0952886423927686,0.7898878455162048,0.008354752324521542,0.5264242887496948,0.3486161530017853,0.6201239228248596,0.5413217544555664,0.889923632144928,0.9383968114852905,0.44966384768486023,39.9170161280781,39.989388945512474
408,1.0944237428919141,0.8131958246231079,0.008154311217367649,0.5148233771324158,0.34543704986572266,0.6198768019676208,0.5393211841583252,0.8811396360397339,0.9401214122772217,0.4496738910675049,40.07191920466721,40.14436247199774
409,1.0943626554454275,0.7539829611778259,0.007637324742972851,0.48173263669013977,0.34455835819244385,0.6306267976760864,0.5369527339935303,0.8673197031021118,0.9256806373596191,0.45397740602493286,39.52359416335821,39.831303351558745
410,1.0948261651295594,0.8080830574035645,0.008310708217322826,0.5298594832420349,0.3428332507610321,0.6207901239395142,0.5674208998680115,0.8830252289772034,0.936373233795166,0.44992518424987793,39.88924777135253,39.961858441121876
411,1.095544209368235,0.7746449112892151,0.008328201249241829,0.5182101726531982,0.3514670729637146,0.6457203030586243,0.5585448741912842,0.8710678815841675,0.9235191345214844,0.461381733417511,39.892136082053185,39.96488881018013
412,1.0945123686180414,0.7645109295845032,0.00813509151339531,0.5148028135299683,0.3407008945941925,0.6136489510536194,0.5534170269966125,0.8827032446861267,0.9348785877227783,0.4468490481376648,39.74668323341757,40.03750062920153
413,1.0935532666995693,0.7395379543304443,0.008171286433935165,0.5479843616485596,0.34349897503852844,0.62027907371521,0.5562223792076111,0.8938787579536438,0.9439615607261658,0.44927340745925903,39.89699601568282,39.96929497923702
414,1.0949512499119531,0.7735087871551514,0.00812210887670517,0.5087881088256836,0.3434371054172516,0.6140980124473572,0.540241003036499,0.8833011388778687,0.9394315481185913,0.4471034109592438,39.852152231149375,39.92491769883782
415,1.0953199813633612,0.8021833896636963,0.008692635223269463,0.5173164010047913,0.3551275432109833,0.628254234790802,0.5169931650161743,0.8902455568313599,0.9482845664024353,0.4534623920917511,40.03930383641273,40.112656026147306
416,1.0951318442043374,0.8184341788291931,0.008672741241753101,0.5258418321609497,0.35188841819763184,0.6262128949165344,0.5286515951156616,0.8815305233001709,0.9475487470626831,0.45250311493873596,39.915887421928346,39.98824546486139
417,1.0945887942226997,0.7894923686981201,0.007742033805698156,0.5161603689193726,0.3466421961784363,0.6288766860961914,0.5556245446205139,0.8760117888450623,0.9326480627059937,0.4537610411643982,39.93338157515973,40.00603637471795
418,1.0943663901510812,0.8203632235527039,0.007992669008672237,0.5216155052185059,0.34065860509872437,0.6201227307319641,0.5673748850822449,0.8833701014518738,0.9352694749832153,0.4497450292110443,40.17689514905214,40.24930126219988
419,1.0946662737246282,0.7769083380699158,0.008013543672859669,0.503702700138092,0.34548336267471313,0.6304978728294373,0.5591427683830261,0.8761727213859558,0.9301186800003052,0.45439720153808594,39.52261695731431,39.59480861388147
420,1.095484272929458,0.7741613388061523,0.0074859135784208775,0.5158373713493347,0.3453713655471802,0.6209801435470581,0.5478982925415039,0.8751149773597717,0.9409492015838623,0.4501628279685974,39.920890842564404,39.9933772245422
421,1.095351995127008,0.7821297645568848,0.007660393137484789,0.4924565255641937,0.34528249502182007,0.6274821758270264,0.550473690032959,0.8697801828384399,0.9255197048187256,0.4528612792491913,40.049649125896394,40.1244479874149
422,1.0956007481866343,0.7745567560195923,0.007731200661510229,0.5114664435386658,0.3450613021850586,0.6264141201972961,0.5459666848182678,0.8797139525413513,0.9351315498352051,0.45258691906929016,39.52708797715604,39.59983952622861
423,1.093930366456353,0.7576414346694946,0.00783410295844078,0.5396748781204224,0.3493102490901947,0.6240212917327881,0.5439431667327881,0.8913033604621887,0.9515268802642822,0.45135703682899475,39.87565507553518,39.947794320993125
424,1.095384875414577,0.7374177575111389,0.006889982149004936,0.5102695822715759,0.3510054647922516,0.6347626447677612,0.5414367318153381,0.8750460147857666,0.9386037588119507,0.4564366340637207,40.34363782033324,40.41695176064968
425,1.0943117655288457,0.7802845239639282,0.008278929628431797,0.5227895975112915,0.34560251235961914,0.6202781796455383,0.5391831994056702,0.8904525637626648,0.9439615607261658,0.4498238265514374,39.45442047994584,39.52674981020391
426,1.0971276685400981,0.7903056144714355,0.007938425987958908,0.5562897324562073,0.34966641664505005,0.6252395510673523,0.5502897500991821,0.8969600796699524,0.9513428807258606,0.4514344334602356,40.1059275213629,40.1795298634097
427,1.0943085571493243,0.7649988532066345,0.00807491410523653,0.5004467964172363,0.34409084916114807,0.6412783861160278,0.5652133822441101,0.8743561506271362,0.9217485189437866,0.45907163619995117,39.910313764587045,39.98310720734298
428,1.0958726169546342,0.8404650688171387,0.00810955185443163,0.5174441337585449,0.3525373935699463,0.6292324662208557,0.5380334854125977,0.8772764801979065,0.9376609921455383,0.4539165496826172,39.61084713321179,39.68297155480832
429,1.0941288511684606,0.7621932625770569,0.008492821827530861,0.5534166097640991,0.3458411395549774,0.6246800422668457,0.5527731776237488,0.8994665145874023,0.9476637244224548,0.45128247141838074,40.04787202831358,40.12098480667919
430,1.0948627290775508,0.7895683646202087,0.007665102835744619,0.5382389426231384,0.3505251407623291,0.6262869238853455,0.5439661741256714,0.8894177675247192,0.9400753974914551,0.4523155987262726,39.8117982391268,40.45271064992994
431,1.0948362042324973,0.7791827917098999,0.00818016566336155,0.5357905030250549,0.3531166613101959,0.6230019330978394,0.523776650428772,0.8959023356437683,0.9528375864028931,0.45086994767189026,39.80691169574857,39.87976782768965
432,1.0949606484594918,0.8465363383293152,0.008299930021166801,0.5473483800888062,0.34036386013031006,0.6171059608459473,0.5773316621780396,0.8912573456764221,0.9426278471946716,0.44777584075927734,39.448616242967546,39.52069168537855
433,1.0947267243507326,0.784751832485199,0.008012739941477776,0.4938648045063019,0.34045711159706116,0.6129759550094604,0.5580390095710754,0.868193507194519,0.9296817779541016,0.44658422470092773,39.83477900642902,40.147680044174194
434,1.0958202613551684,0.8232476711273193,0.007881857454776764,0.51050865650177,0.3473970592021942,0.6226426959037781,0.5532100796699524,0.8815075159072876,0.9344877004623413,0.4509575664997101,40.04141121543944,40.113697765395045
435,1.0946957576368248,0.8207471370697021,0.00865295808762312,0.502097487449646,0.34695911407470703,0.621493935585022,0.5318248867988586,0.8836000561714172,0.9348325729370117,0.4503514766693115,39.46356016024947,39.535902770236135
436,1.0955304701085502,0.7287982106208801,0.007386651821434498,0.5420070886611938,0.346310555934906,0.6218791007995605,0.5611892938613892,0.8867043852806091,0.9443294405937195,0.4502437114715576,40.33026312105358,40.40375458355993
437,1.096149293000642,0.7807298302650452,0.008287271484732628,0.5431042909622192,0.34546154737472534,0.6226308345794678,0.5602924823760986,0.8841289281845093,0.9487444758415222,0.4505351781845093,39.801344149746,39.87389706633985
438,1.094414806863969,0.7464910745620728,0.00809112936258316,0.5358004570007324,0.3431057929992676,0.6202442646026611,0.5632358193397522,0.8860375285148621,0.9369251132011414,0.44957220554351807,39.45058575551957,39.52293158415705
439,1.0957810555052196,0.7774580121040344,0.007582734804600477,0.5208857655525208,0.3416755795478821,0.6333072781562805,0.577561616897583,0.8777363896369934,0.9292218685150146,0.45581045746803284,39.82433311920613,39.89658234920353
440,1.0946463439856746,0.8249722123146057,0.007817109115421772,0.5416821241378784,0.3467365503311157,0.6240782737731934,0.5518993735313416,0.8902455568313599,0.9496412873268127,0.45132917165756226,40.02702778112143,40.09931799117476
441,1.094902259562719,0.7853332161903381,0.008105292916297913,0.556358814239502,0.3419698178768158,0.6181391477584839,0.5700423121452332,0.8909814357757568,0.9463760256767273,0.4479599893093109,39.438082286156714,39.51059276331216
442,1.0935953096061088,0.8106745481491089,0.008590753190219402,0.5410771369934082,0.34536609053611755,0.6237497329711914,0.5718129277229309,0.8876241445541382,0.9411791563034058,0.4511100649833679,39.8153245607391,39.88785129785538
443,1.095620558405047,0.7830647230148315,0.008235873654484749,0.5123789310455322,0.34233328700065613,0.6185672879219055,0.5570502281188965,0.8792770504951477,0.9391096234321594,0.4490933418273926,39.81180304847658,39.88575600553304
444,1.095122098611478,0.7510967254638672,0.009077679365873337,0.5331145524978638,0.3470236361026764,0.6268277168273926,0.5458287596702576,0.8949825167655945,0.9410182237625122,0.45272204279899597,39.48265396151692,39.555553663522005
445,1.0948778621210442,0.7733046412467957,0.008325512520968914,0.49260589480400085,0.3503395617008209,0.6276785135269165,0.515590488910675,0.8733903765678406,0.9378679394721985,0.45300114154815674,39.80206944234669,39.87450841907412
446,1.0948023472380077,0.7880635261535645,0.007994529791176319,0.5079073905944824,0.3458563983440399,0.6174160838127136,0.543000340461731,0.8849567770957947,0.9382128119468689,0.44858962297439575,40.15183200780302,40.22400085814297
447,1.094959682335119,0.7673827409744263,0.007742931600660086,0.5063165426254272,0.34209972620010376,0.6265431046485901,0.5711920261383057,0.8680555820465088,0.9246228933334351,0.45270252227783203,39.817200475372374,39.88908885139972
448,1.095686220313488,0.8241449594497681,0.00838995911180973,0.4931667447090149,0.3421659767627716,0.6203179955482483,0.5425404906272888,0.8729304671287537,0.9267613887786865,0.44974616169929504,39.46384312771261,39.53654970228672
449,1.0959144578590094,0.7542416453361511,0.007702689152210951,0.5401383638381958,0.34400439262390137,0.6324254870414734,0.5773316621780396,0.8836920261383057,0.9334298968315125,0.4552818238735199,39.84506072849035,39.91716129053384
450,1.0955157199042895,0.777587890625,0.008180247619748116,0.5428839921951294,0.34562161564826965,0.6188335418701172,0.5501287579536438,0.8933268785476685,0.9472038149833679,0.4487486481666565,40.020025256089866,40.09148036688566
451,1.094975029830833,0.7661733627319336,0.008267677389085293,0.5369703769683838,0.355132132768631,0.6323333382606506,0.5221210718154907,0.8931659460067749,0.9494343400001526,0.4553157091140747,39.547104583121836,39.621844155713916
452,1.0950318322791754,0.7832257747650146,0.007937910035252571,0.5288861989974976,0.3515803813934326,0.6218015551567078,0.5375735759735107,0.8840829730033875,0.952170729637146,0.4504587650299072,39.83286702260375,39.9045781865716
453,1.0943471987004691,0.7463118433952332,0.007751487195491791,0.5181176662445068,0.3436097502708435,0.6255735754966736,0.5614192485809326,0.8850947618484497,0.9327170848846436,0.4523036777973175,39.87087072432041,39.94350775517523
454,1.0954888872315927,0.8379735946655273,0.008197743445634842,0.513206958770752,0.34486812353134155,0.6207295060157776,0.5463806390762329,0.885370671749115,0.9362353086471558,0.45005133748054504,39.494083657860756,40.046531402505934
455,1.0949033112812292,0.806098997592926,0.008880142122507095,0.5008834600448608,0.34970998764038086,0.6224043369293213,0.524443507194519,0.8810246586799622,0.9367871880531311,0.45078393816947937,39.85075934976339,39.92198322992772
456,1.0945456547774473,0.8119187951087952,0.00874650664627552,0.5410317182540894,0.34853047132492065,0.6292494535446167,0.5612123012542725,0.8908664584159851,0.9421219825744629,0.45367780327796936,39.86498033627868,39.936814377084374
457,1.094510702177999,0.7789695858955383,0.007978484034538269,0.5126858353614807,0.34732380509376526,0.6163626909255981,0.5289965271949768,0.8783802390098572,0.943570613861084,0.4481055438518524,39.45674327760935,39.52915723156184
458,1.095152244555421,0.7982414960861206,0.008592523634433746,0.4952797591686249,0.3519797623157501,0.6244417428970337,0.5080711841583252,0.8825653195381165,0.9434786438941956,0.45162099599838257,39.96399790700525,40.03557040169835
459,1.0945993341291542,0.7564185857772827,0.007983612827956676,0.5349850058555603,0.3421662151813507,0.63936448097229,0.578159511089325,0.8825423121452332,0.92699134349823,0.4585248827934265,39.799899383448064,39.87198859266937
460,1.0950568519124162,0.7708802819252014,0.007796262390911579,0.5181769728660583,0.3440268933773041,0.6287479996681213,0.5568662881851196,0.8811396360397339,0.9349475502967834,0.45369043946266174,40.07713819760829,40.40741859842092
461,1.0942880553302814,0.7692549824714661,0.008469633758068085,0.4834319055080414,0.34064581990242004,0.6254762411117554,0.558475911617279,0.8683544993400574,0.9205527901649475,0.4517901539802551,39.756859838962555,39.82944300118834
462,1.0947951159340283,0.7737320065498352,0.008062138222157955,0.5459823608398438,0.350403368473053,0.6247249245643616,0.5335724949836731,0.902225911617279,0.9515498280525208,0.4514993131160736,39.821896622888744,39.89390894211829
463,1.0953308655138738,0.7798284292221069,0.007516763173043728,0.5208398103713989,0.3488413393497467,0.6218671202659607,0.5444950461387634,0.87778240442276,0.9416390657424927,0.4506128132343292,39.83154814131558,39.90681128576398
464,1.0942792631004872,0.7802081108093262,0.008243605494499207,0.5386829972267151,0.34254229068756104,0.622654139995575,0.5689615607261658,0.8879001140594482,0.9425588846206665,0.45067164301872253,39.836585672572255,39.90872600954026
465,1.0944160064268984,0.8051671385765076,0.008278277702629566,0.5231088399887085,0.34895968437194824,0.6391268372535706,0.5638567209243774,0.8757358193397522,0.9331309795379639,0.45845404267311096,39.82091382611543,39.8923743031919
466,1.09519696297907,0.8185905814170837,0.008381207473576069,0.513859212398529,0.3534700274467468,0.6368634700775146,0.5361939072608948,0.8732293844223022,0.9364652037620544,0.4573194086551666,39.785011555068195,39.857535666786134
467,1.0951082124411282,0.7625814080238342,0.008084453642368317,0.5497497320175171,0.3419373035430908,0.6216266751289368,0.5708471536636353,0.8885209560394287,0.9458471536636353,0.4498879313468933,40.148313337005675,40.22029750607908
468,1.0942778014638717,0.7798722386360168,0.00869724340736866,0.5062628984451294,0.3539579212665558,0.6232742071151733,0.514072835445404,0.8869802951812744,0.9472728371620178,0.45125797390937805,40.11541438475251,40.26953751593828
469,1.0942497418381216,0.7968544960021973,0.008618664927780628,0.5104711651802063,0.3441794812679291,0.6194269061088562,0.5372056365013123,0.884243905544281,0.9386727213859558,0.44956207275390625,40.09051745478064,40.164026723243296
470,1.0950833051696458,0.7634909152984619,0.007796162739396095,0.5537952780723572,0.34830743074417114,0.6192885041236877,0.5444950461387634,0.8953044414520264,0.9498252272605896,0.44858071208000183,39.494297915138304,39.58117293100804
471,1.0929209893428316,0.8484485149383545,0.007826638408005238,0.5102085471153259,0.3464411497116089,0.618377149105072,0.5521523356437683,0.8797139525413513,0.9399374723434448,0.4490166902542114,39.8067280696705,39.87836763355881
472,1.0949803307535755,0.7957210540771484,0.008642279542982578,0.5209354758262634,0.34163784980773926,0.6171663999557495,0.5636957287788391,0.8899926543235779,0.9377069473266602,0.44837507605552673,39.81151818390936,39.885874590836465
473,1.0956978576924097,0.8234372138977051,0.008055363781750202,0.5071245431900024,0.34945496916770935,0.6214810609817505,0.5249264240264893,0.883715033531189,0.9387417435646057,0.4503917992115021,39.83188210707158,39.90342434216291
474,1.0960257510914815,0.7897766828536987,0.0074526118114590645,0.5193704962730408,0.35240474343299866,0.6240018606185913,0.5272718667984009,0.8824043273925781,0.9470658302307129,0.45159515738487244,39.42911737319082,39.50090735498816
475,1.0940254823968554,0.7837613224983215,0.008522288873791695,0.4872988760471344,0.34626051783561707,0.6199530959129333,0.5355960130691528,0.8727005124092102,0.9285320043563843,0.4495173394680023,40.06658850982785,40.14291929081082
476,1.0945350355018835,0.7982697486877441,0.008106440305709839,0.5532243847846985,0.35703548789024353,0.6381109356880188,0.5280537009239197,0.9007312655448914,0.9551370739936829,0.45767641067504883,40.26060866750777,40.33196988608688
477,1.0950588249350963,0.752655029296875,0.008712571114301682,0.5038055181503296,0.35164445638656616,0.6371205449104309,0.5407928824424744,0.8685384392738342,0.9363502860069275,0.4573213458061218,39.446491895243526,39.51887887623161
478,1.0944223618694136,0.7757979035377502,0.009046953171491623,0.4997091591358185,0.35244089365005493,0.6322731375694275,0.508853018283844,0.8811166286468506,0.934464693069458,0.45508554577827454,40.05590061470866,40.13198205642402
479,1.0962005483263777,0.7921057343482971,0.007687659468501806,0.5253139138221741,0.3457889258861542,0.6248472929000854,0.5521063208580017,0.8847268223762512,0.9360513091087341,0.4518669843673706,40.230862085707486,40.302462788298726
480,1.095490363185773,0.779211699962616,0.007558722514659166,0.5267087817192078,0.3459251821041107,0.6192816495895386,0.553508996963501,0.8861525058746338,0.9414091110229492,0.4492841958999634,39.45405612513423,39.5263604670763
481,1.0940743345504642,0.8229159712791443,0.008758881129324436,0.5089266300201416,0.3448126018047333,0.6157270073890686,0.550473690032959,0.880679726600647,0.93471759557724,0.4478031396865845,39.82160764653236,39.893259327858686
482,1.0953602239917526,0.7805480360984802,0.007342155557125807,0.5452611446380615,0.349225252866745,0.6270905137062073,0.5457367300987244,0.887417197227478,0.949917197227478,0.4526369273662567,39.769638125784695,39.84219748433679
483,1.0944325413467368,0.8231937885284424,0.008143270388245583,0.49922898411750793,0.3454590439796448,0.6212891340255737,0.5283756256103516,0.8831402063369751,0.9341427683830261,0.45023274421691895,39.7862312393263,39.85811880696565
484,1.0955248781657405,0.772749662399292,0.008050721138715744,0.5407556295394897,0.3492007553577423,0.621569812297821,0.5338024497032166,0.8941776752471924,0.9465140104293823,0.450120747089386,39.79681790433824,39.868678133003414
485,1.0948662596022802,0.7714579701423645,0.008638977073132992,0.5302717685699463,0.34521937370300293,0.6242638230323792,0.5613272786140442,0.8830941915512085,0.9403283596038818,0.4515228271484375,40.0820089885965,40.15401116479188
486,1.0950820352638981,0.8015505075454712,0.008023316040635109,0.5151844620704651,0.3406602144241333,0.6279104948043823,0.5747332572937012,0.8733213543891907,0.9265774488449097,0.4533466696739197,39.84289484564215,39.91452177707106
487,1.095883342989431,0.7380474209785461,0.008440414443612099,0.5405967235565186,0.3433801531791687,0.6181002855300903,0.5537619590759277,0.8867043852806091,0.9478936791419983,0.4484531283378601,39.463929142802954,39.53628041408956
488,1.0939631101045533,0.766482412815094,0.007841615937650204,0.5095719695091248,0.35191527009010315,0.62397700548172,0.519223690032959,0.8827722668647766,0.9457091689109802,0.4515663683414459,39.80214955192059,39.87393911089748
489,1.0938135752789968,0.7681209444999695,0.00797688215970993,0.5542846322059631,0.35324493050575256,0.6310673356056213,0.5314339399337769,0.9019039869308472,0.955068051815033,0.4543270766735077,39.851785943843424,39.92342073563486
490,1.0945475113921004,0.7724831700325012,0.008778717368841171,0.5375140905380249,0.34799110889434814,0.6287917494773865,0.5510485768318176,0.8945226073265076,0.9397534728050232,0.45351773500442505,39.44106588419527,39.51260159723461
491,1.0946918968743506,0.7760103940963745,0.007970458827912807,0.5183858871459961,0.3490146994590759,0.6264873743057251,0.537596583366394,0.8810476660728455,0.9385807514190674,0.4527064561843872,39.81930837687105,39.891066467389464
492,1.0958170442606077,0.8360690474510193,0.008216680958867073,0.5507649183273315,0.34003856778144836,0.6193990707397461,0.5771017074584961,0.8872562646865845,0.944697380065918,0.44874948263168335,39.78554000798613,39.85796276945621
493,1.0941742932516352,0.7950254678726196,0.008575544692575932,0.521496057510376,0.342790424823761,0.6172972917556763,0.5512325167655945,0.8813695907592773,0.9382818341255188,0.44844186305999756,39.44202929083258,39.51383634004742
494,1.0947387990378836,0.7319758534431458,0.0076374150812625885,0.4903160333633423,0.34588927030563354,0.6349582076072693,0.548427164554596,0.8695042133331299,0.9222544431686401,0.45606541633605957,39.80185407586396,39.874242287129164
495,1.093755351656722,0.8320569396018982,0.008490772917866707,0.47946274280548096,0.3474518954753876,0.6182525157928467,0.5203044414520264,0.8684924840927124,0.9357984066009521,0.44862231612205505,40.05211396701634,40.123607710935175
496,1.0951490408446707,0.7854762673377991,0.008411919698119164,0.5206530690193176,0.3571810722351074,0.6391701102256775,0.5168782472610474,0.8867273926734924,0.9449043273925781,0.45846518874168396,39.45001604221761,39.5248861387372
497,1.0968313459939185,0.8605759739875793,0.00832205731421709,0.5331258177757263,0.35425451397895813,0.6287909150123596,0.5226958990097046,0.8879461288452148,0.9540103077888489,0.45364323258399963,39.810416729189456,39.88194646220654
498,1.095014138259091,0.7570542097091675,0.008060396648943424,0.5315279364585876,0.3501818776130676,0.6260294318199158,0.5378495454788208,0.8840599656105042,0.9440995454788208,0.4523716866970062,40.082838376984,40.15479864552617
499,1.0952736360285986,0.8093040585517883,0.008004413917660713,0.5319648385047913,0.3487396836280823,0.6237504482269287,0.5398041009902954,0.8906824588775635,0.947341799736023,0.4512895345687866,39.50847173295915,39.5797228096053
