iteration,loss,lengthscale,outputscale,likelyhood_noise,test_MAE,test_NLL,test_PICP50,test_PICP90,test_PICP95,test_RMSE,it_time_training,it_time
0,1.122581039022839,1.2061960697174072,0.07200059294700623,0.4861220419406891,0.3490417003631592,0.6269641518592834,0.5060476660728455,0.8719186782836914,0.9293368458747864,0.4523770809173584,35.299404055811465,35.38556752447039
1,1.0968073236101912,1.0957250595092773,0.04527737945318222,0.49586719274520874,0.34140291810035706,0.6117437481880188,0.5443800687789917,0.8818524479866028,0.9398684501647949,0.44612279534339905,34.57879080064595,34.644859484396875
2,1.0913786088206439,0.9421159029006958,0.029305219650268555,0.4732376039028168,0.34214675426483154,0.6192485094070435,0.5278927683830261,0.864629328250885,0.9229442477226257,0.4484435021877289,34.85965027380735,34.926572071388364
3,1.0857091584965082,0.871135413646698,0.02571287751197815,0.497929185628891,0.3371901214122772,0.6075305938720703,0.5536699891090393,0.8772534728050232,0.9362123012542725,0.44418859481811523,34.77582860272378,34.87325797043741
4,1.0845464763691157,0.8120937943458557,0.02352461963891983,0.5094970464706421,0.33790063858032227,0.6051514148712158,0.5595566630363464,0.8819904327392578,0.9403513669967651,0.4428727626800537,34.7699569799006,34.83588000386953
5,1.0812994359990014,0.8446059226989746,0.022009490057826042,0.5209155082702637,0.33696046471595764,0.605265200138092,0.5607293844223022,0.8896477222442627,0.9430187344551086,0.4429256319999695,34.635752075351775,35.18077580817044
6,1.0827309067504525,0.7606369256973267,0.019949594512581825,0.5020895600318909,0.34057557582855225,0.6079136729240417,0.5535550117492676,0.879024088382721,0.9340507984161377,0.4443999230861664,34.832031045109034,34.89813070744276
7,1.0859505056401146,0.7952893972396851,0.019366038963198662,0.5290713310241699,0.3412320613861084,0.6080600619316101,0.5602694749832153,0.8959712982177734,0.9450883269309998,0.4440619647502899,34.76294868439436,34.82879559788853
8,1.0864266888591079,0.88050776720047,0.01464160531759262,0.5282607078552246,0.3592495918273926,0.640585720539093,0.5251103639602661,0.8847038149833679,0.9500321745872498,0.4592238664627075,34.51488558854908,34.58061805181205
9,1.0884044898707934,0.8017272353172302,0.015532896853983402,0.519997239112854,0.34436270594596863,0.6162752509117126,0.557671070098877,0.8756208419799805,0.942581832408905,0.4480741024017334,34.74603917263448,34.811837376095355
10,1.0875373135658841,0.8038555383682251,0.015334350056946278,0.5115943551063538,0.35351020097732544,0.6268836855888367,0.5445180535316467,0.8826572895050049,0.9450653195381165,0.4529779255390167,34.73767043184489,34.80340782459825
11,1.0895659481576467,0.7329637408256531,0.015608527697622776,0.5313724875450134,0.345462828874588,0.6246546506881714,0.5596486330032349,0.8836230635643005,0.9374080300331116,0.4516271650791168,34.59499192703515,34.66128788981587
12,1.086350291889579,0.8563269972801208,0.014413711614906788,0.482806533575058,0.34413984417915344,0.6210801601409912,0.5443110466003418,0.8730224370956421,0.9279341697692871,0.44995057582855225,34.821832129731774,34.888764907605946
13,1.0833483481531667,0.8670845031738281,0.015111916698515415,0.48759725689888,0.3402981758117676,0.6216321587562561,0.5485191345214844,0.8752529621124268,0.9261175394058228,0.45043957233428955,34.841081069782376,34.906833813525736
14,1.0932365752386985,0.7915475368499756,0.015394809655845165,0.5138585567474365,0.3396410644054413,0.6140388250350952,0.5664091110229492,0.8847957849502563,0.9357984066009521,0.44704264402389526,34.52065519243479,34.58691348414868
15,1.0852140664431817,0.7565981149673462,0.014469238929450512,0.5045981407165527,0.33606061339378357,0.6211408972740173,0.57022625207901,0.874471127986908,0.9299576878547668,0.4504949748516083,34.85250738635659,34.918319190852344
16,1.0859458424715087,0.7265516519546509,0.013095567002892494,0.5337021350860596,0.3431844115257263,0.6120081543922424,0.5537159442901611,0.8879001140594482,0.9495952725410461,0.4459798336029053,35.04099955037236,35.56740557961166
17,1.0867576767196854,0.716454803943634,0.011710315011441708,0.5439019203186035,0.3431099057197571,0.6154668927192688,0.566662073135376,0.8916712403297424,0.9465140104293823,0.44728270173072815,35.00637629907578,35.07204699330032
18,1.0896168744906434,0.7524085640907288,0.010483815334737301,0.5185298323631287,0.35182878375053406,0.6247777938842773,0.5313419699668884,0.8833471536636353,0.9448813199996948,0.4519721567630768,34.60657331068069,34.67245056387037
19,1.0890676262484518,0.7833986878395081,0.011135523207485676,0.5201809406280518,0.34007298946380615,0.6268032193183899,0.5693294405937195,0.8799439072608948,0.9346486330032349,0.45290905237197876,34.95741893723607,35.02371481992304
20,1.091668741821309,0.8167869448661804,0.012259721755981445,0.49636462330818176,0.3533022999763489,0.6238805055618286,0.5202354788780212,0.8825193047523499,0.9371550679206848,0.45146283507347107,34.886201890185475,34.95208986289799
21,1.0879236901709055,0.784841001033783,0.01034416165202856,0.5233895778656006,0.3479498624801636,0.6317071914672852,0.5515314340591431,0.8834161162376404,0.9365801811218262,0.4553106129169464,34.6014762846753,34.66706177033484
22,1.0891679743251352,0.7992355823516846,0.011701968498528004,0.4859848916530609,0.3435676097869873,0.620639443397522,0.5401949882507324,0.8706309795379639,0.929635763168335,0.4497646689414978,34.894234493374825,34.9597582584247
23,1.0878991433285545,0.7926596403121948,0.011407908983528614,0.4933362901210785,0.34807339310646057,0.6169385313987732,0.5370907187461853,0.8755518794059753,0.9409952163696289,0.44838836789131165,35.03550204820931,35.10145680047572
24,1.0886449904105682,0.7316935658454895,0.011719511821866035,0.4943327307701111,0.3426007032394409,0.6152479648590088,0.5366078019142151,0.875137984752655,0.9371320605278015,0.44757524132728577,34.62970608379692,34.695356608368456
25,1.0863517264473221,0.8089951872825623,0.010982908308506012,0.5052199363708496,0.342991441488266,0.6103909611701965,0.5420345664024353,0.87750643491745,0.9434096813201904,0.4454476833343506,34.82969071343541,34.89565704576671
26,1.0872608591308792,0.7670621275901794,0.011199137195944786,0.5292972326278687,0.33691051602363586,0.6119084358215332,0.5687546133995056,0.8873712420463562,0.9430417418479919,0.44574469327926636,34.868613911792636,34.93450515437871
27,1.090147020611377,0.7938902974128723,0.012387290596961975,0.5214073657989502,0.3396206796169281,0.6195644736289978,0.5633507966995239,0.8849337697029114,0.93499356508255,0.4494386613368988,35.000083699822426,35.0656950538978
28,1.0897223516792915,0.7844189405441284,0.011154538951814175,0.5433331727981567,0.34766316413879395,0.616852343082428,0.5468634963035583,0.894085705280304,0.9475027322769165,0.4477185606956482,34.83674672525376,34.90269163902849
29,1.0896255073597163,0.7596445083618164,0.011297684162855148,0.5035737156867981,0.33765655755996704,0.6090878248214722,0.5712840557098389,0.8754829168319702,0.9361432790756226,0.4448982775211334,34.80532457958907,34.871207932941616
30,1.0907174765908065,0.765309751033783,0.011544239707291126,0.5124861598014832,0.34581995010375977,0.6219962239265442,0.5454378128051758,0.8804038166999817,0.9348096251487732,0.4507330060005188,34.85155773255974,34.91731998696923
31,1.0913250654858024,0.8553449511528015,0.010579467751085758,0.5155647397041321,0.3453030288219452,0.6235530972480774,0.5429083704948425,0.8749310374259949,0.9342117309570312,0.4513682723045349,34.640022466890514,34.90454683545977
32,1.0910795376132736,0.7780618667602539,0.010039741173386574,0.49112996459007263,0.3439652621746063,0.6316724419593811,0.5553485751152039,0.8647212982177734,0.9225303530693054,0.4547945261001587,34.86476908065379,34.930728553794324
33,1.0890758171405244,0.7736318111419678,0.012053672224283218,0.552666425704956,0.3368806540966034,0.6173121929168701,0.5763199329376221,0.8997884392738342,0.944835364818573,0.447704017162323,35.34353929385543,35.41176598519087
34,1.0883725772638546,0.810698390007019,0.011634853668510914,0.521403431892395,0.3519563376903534,0.6406996250152588,0.5557395219802856,0.87750643491745,0.9325560927391052,0.4592303931713104,34.6276936577633,34.693753860890865
35,1.0896959843274507,0.7702387571334839,0.010333245620131493,0.488120436668396,0.33694276213645935,0.6151947379112244,0.5634427666664124,0.8664458990097046,0.930164635181427,0.4476797580718994,34.96033454593271,35.02590941078961
36,1.0886963338204525,0.8303142189979553,0.009989137761294842,0.49297329783439636,0.33978864550590515,0.6137679219245911,0.5593497157096863,0.8796219825744629,0.9339587688446045,0.4471290409564972,34.83401446323842,34.899516148492694
37,1.0904702944170401,0.7821263670921326,0.009716206230223179,0.5086605548858643,0.3449229300022125,0.6173320412635803,0.5422645211219788,0.8826342821121216,0.9392706155776978,0.44878458976745605,34.62799018342048,34.69405763503164
38,1.0890495465878718,0.7644889950752258,0.010518252849578857,0.5368451476097107,0.34613046050071716,0.6185783743858337,0.5426784157752991,0.8949135541915894,0.9510209560394287,0.4488769769668579,34.88815909251571,34.95369950681925
39,1.091170877451685,0.755284309387207,0.010708658955991268,0.5343350768089294,0.34562790393829346,0.629615843296051,0.5576021075248718,0.8804727792739868,0.9426278471946716,0.45425060391426086,34.82967198360711,35.389143659733236
40,1.0898397009304235,0.6633183360099792,0.010029171593487263,0.5275382399559021,0.3479330837726593,0.6197773218154907,0.55199134349823,0.8900156617164612,0.941800057888031,0.4496152102947235,34.60655778646469,34.67285268753767
41,1.0901168124171523,0.7304737567901611,0.009164794348180294,0.49720141291618347,0.3472977578639984,0.6162267327308655,0.5381714701652527,0.8753219246864319,0.9384657740592957,0.44816917181015015,34.82082844618708,34.88641714025289
42,1.0895880052999791,0.7423482537269592,0.00914402399212122,0.5186306238174438,0.33772847056388855,0.60942542552948,0.5623850226402283,0.8840140104293823,0.942052960395813,0.4450337886810303,34.86270620021969,34.928209125995636
43,1.0913624903551904,0.7513837218284607,0.008499223738908768,0.5488476753234863,0.34320083260536194,0.620630145072937,0.5739514231681824,0.8978568911552429,0.9470888376235962,0.44951796531677246,34.58222966641188,34.64902756549418
44,1.090222148297661,0.7661049962043762,0.00979959312826395,0.5112265348434448,0.34651273488998413,0.6145474910736084,0.5345382690429688,0.886359453201294,0.9407882690429688,0.44726359844207764,34.96934089343995,35.03587257489562
45,1.0899722476540907,0.7891857028007507,0.008199043571949005,0.5328857898712158,0.33867356181144714,0.6180970668792725,0.5686855912208557,0.8948675394058228,0.9393625855445862,0.4484938383102417,34.867840996943414,34.933421331457794
46,1.0911803223756835,0.7563653588294983,0.008252348750829697,0.5144558548927307,0.34320032596588135,0.6139121055603027,0.549094021320343,0.8851867318153381,0.9440995454788208,0.4470701813697815,34.88105691969395,34.94657741487026
47,1.0912040991820493,0.7614678144454956,0.00863735657185316,0.4979945123195648,0.34494560956954956,0.6139488220214844,0.5323537588119507,0.8873712420463562,0.9394086003303528,0.4470234215259552,34.59836072102189,34.67132313083857
48,1.0905022521554335,0.7327221632003784,0.009027875028550625,0.5256421566009521,0.344542533159256,0.6239201426506042,0.5577630400657654,0.8799669146537781,0.9412941336631775,0.4516071379184723,34.76304564345628,34.82927327603102
49,1.0903400126698746,0.7726851105690002,0.010163424536585808,0.4909634292125702,0.34295323491096497,0.6257553100585938,0.5511865615844727,0.8734593391418457,0.9264394640922546,0.45216667652130127,34.82272594701499,34.88821772206575
50,1.0912462706354207,0.7489235997200012,0.00889886636286974,0.5039400458335876,0.3426375687122345,0.6166298985481262,0.5684556365013123,0.8840599656105042,0.9372240900993347,0.4483635723590851,34.60938357934356,34.67517881374806
51,1.091033145902051,0.7421958446502686,0.00828356109559536,0.5449606776237488,0.3343638479709625,0.6193835139274597,0.5903237462043762,0.8869573473930359,0.9424898624420166,0.4489986300468445,34.81754215341061,34.883155168034136
52,1.0913986473419648,0.785405158996582,0.009032273665070534,0.49372515082359314,0.3411088287830353,0.6297429800033569,0.5660412311553955,0.8698491454124451,0.9249678254127502,0.4538937509059906,34.92617045156658,34.99201290495694
53,1.0903370635627767,0.8065080642700195,0.008898908272385597,0.5193268656730652,0.3459782600402832,0.6242931485176086,0.5486341118812561,0.8779893517494202,0.9402593970298767,0.45179539918899536,34.588860964402556,34.65532263554633
54,1.0908486578545433,0.8051998019218445,0.008807124570012093,0.5166140198707581,0.3439873158931732,0.617134690284729,0.5547047257423401,0.88272625207901,0.9400984048843384,0.44850125908851624,34.86740045901388,34.933553230948746
55,1.090997401479019,0.7514495253562927,0.009263868443667889,0.4859043061733246,0.34175005555152893,0.6163926720619202,0.5564523339271545,0.8730224370956421,0.9311994314193726,0.44805487990379333,34.814102726988494,34.87956875190139
56,1.0907315411082137,0.7687007188796997,0.009335096925497055,0.5586432814598083,0.3415146470069885,0.6236751675605774,0.5722268223762512,0.8928899765014648,0.9423748850822449,0.4506952166557312,34.61104598175734,34.67655920702964
57,1.0910334661797505,0.7890745401382446,0.0098152756690979,0.4965471029281616,0.34306806325912476,0.6144734621047974,0.5439201593399048,0.8788171410560608,0.9323261380195618,0.4473237097263336,34.848557443358004,34.91450530663133
58,1.0908229298130963,0.7450611591339111,0.009656626731157303,0.5196505784988403,0.3478938341140747,0.6232969164848328,0.531112015247345,0.8860375285148621,0.9472038149833679,0.45123329758644104,35.08611930441111,35.15253778360784
59,1.0909238070171745,0.7360042333602905,0.009015734307467937,0.5690980553627014,0.3421899378299713,0.623791515827179,0.5741124153137207,0.9022948741912842,0.9473648071289062,0.45027196407318115,34.793058628216386,34.85897570196539
60,1.0912879969992775,0.7536417245864868,0.00856797769665718,0.5211285948753357,0.34344547986984253,0.6217965483665466,0.5515084862709045,0.8872562646865845,0.9434326887130737,0.45060157775878906,34.548967154696584,34.61526445671916
61,1.0914200821371054,0.82065349817276,0.008324148133397102,0.5327518582344055,0.34507906436920166,0.6190209984779358,0.5622240900993347,0.8862674832344055,0.947870671749115,0.4490739703178406,35.33579402137548,35.40198666322976
62,1.0903660370226629,0.7432931065559387,0.008261581882834435,0.5314057469367981,0.3512049913406372,0.6339671611785889,0.5470244884490967,0.8824273347854614,0.9362353086471558,0.45601969957351685,34.84547581616789,34.91123544983566
63,1.0930817279740974,0.7800388336181641,0.00988864991813898,0.4900572597980499,0.3415738046169281,0.612167239189148,0.5401719808578491,0.8827722668647766,0.9345336556434631,0.4461803138256073,34.701218456961215,34.76750018913299
64,1.0914454173792747,0.7582393288612366,0.009089925326406956,0.5051912665367126,0.35154998302459717,0.6231393218040466,0.5386773347854614,0.8800588846206665,0.9357984066009521,0.4511081278324127,34.90020846016705,34.9658788042143
65,1.0903664874034513,0.7830111384391785,0.008890755474567413,0.5110139846801758,0.3430098593235016,0.616422712802887,0.5593037009239197,0.8907284736633301,0.9350395798683167,0.44827237725257874,35.03810588736087,35.10421254951507
66,1.0915562845085682,0.7596156597137451,0.008810929954051971,0.5172632932662964,0.34415754675865173,0.613146960735321,0.5466795563697815,0.8882680535316467,0.9448123574256897,0.4466527998447418,34.69592540152371,34.76211145333946
67,1.0921823433734108,0.8036389350891113,0.009340162388980389,0.5157399773597717,0.35351067781448364,0.6277280449867249,0.5200974941253662,0.886635422706604,0.9495033025741577,0.4533567726612091,35.40746052749455,35.47372999880463
68,1.092954109293985,0.7623865008354187,0.00903722271323204,0.5271600484848022,0.3468444347381592,0.6170762777328491,0.538447380065918,0.8897626996040344,0.9478017091751099,0.448341965675354,34.92167172860354,34.98748430144042
69,1.0928413295247847,0.7359765768051147,0.008939730934798717,0.5194822549819946,0.3388523757457733,0.6085560917854309,0.5597866177558899,0.8888199329376221,0.9419609904289246,0.44449102878570557,34.63717052619904,34.7037662062794
70,1.091627290292446,0.7724413871765137,0.008415646851062775,0.5089638829231262,0.3397601842880249,0.6092026233673096,0.5501977801322937,0.8836690783500671,0.9407422542572021,0.4449600279331207,35.02904267888516,35.31945485714823
71,1.0912874918382411,0.7948042750358582,0.008168931119143963,0.4940206706523895,0.33894073963165283,0.619857668876648,0.5701112747192383,0.8739882111549377,0.9252207279205322,0.4496721923351288,34.958480258472264,35.02464369032532
72,1.0933579200241648,0.7467699646949768,0.008792406879365444,0.5114021301269531,0.3478826582431793,0.6191635131835938,0.5332735180854797,0.8806567192077637,0.9423059225082397,0.4493560492992401,35.04384738113731,35.11045893095434
73,1.0907926245084318,0.7642267942428589,0.008073326200246811,0.5339878797531128,0.3412281572818756,0.616634726524353,0.5668460130691528,0.8865894079208374,0.9423748850822449,0.44796615839004517,34.773190221749246,34.84001134056598
74,1.0927633084454051,0.7768459320068359,0.008046287111938,0.5011076927185059,0.3401450216770172,0.6117293834686279,0.5516924262046814,0.879828929901123,0.9390636682510376,0.44613638520240784,34.89108726661652,34.958115563727915
75,1.090729202987631,0.7425710558891296,0.009477323852479458,0.4933069050312042,0.347676545381546,0.6174547672271729,0.5358949303627014,0.8785412311553955,0.9378449320793152,0.44863075017929077,35.397754384204745,35.46396134607494
76,1.0903627385358585,0.7750323414802551,0.00903889536857605,0.47829702496528625,0.34593263268470764,0.6294056177139282,0.5391372442245483,0.8728844523429871,0.9258186221122742,0.4533654451370239,34.84353980328888,34.911680926568806
77,1.0920249292184416,0.7559478878974915,0.008428172208368778,0.4940519630908966,0.34245672821998596,0.6129370331764221,0.5392062067985535,0.8856695890426636,0.9366261959075928,0.44648247957229614,35.088978440500796,35.15517583210021
78,1.090789364772428,0.7679165601730347,0.008518345654010773,0.5531712174415588,0.34249600768089294,0.6221818923950195,0.5819306373596191,0.8965001702308655,0.9435936212539673,0.4500149190425873,35.04798252042383,35.11676098033786
79,1.090993406255936,0.7281715273857117,0.009037492796778679,0.5470517873764038,0.34455108642578125,0.616682231426239,0.5421725511550903,0.8971670269966125,0.9557809233665466,0.44753438234329224,34.792718689888716,34.85837370529771
80,1.0920510133315005,0.732105016708374,0.008661125786602497,0.5039541125297546,0.3389023542404175,0.620116651058197,0.564017653465271,0.8793920278549194,0.9285550117492676,0.4498456120491028,35.06025243643671,35.126307528465986
81,1.0908814111515375,0.7549341917037964,0.008301053196191788,0.4965285658836365,0.3429534137248993,0.6235966682434082,0.5415747165679932,0.87249356508255,0.9318662881851196,0.4512370824813843,34.99671651981771,35.69440960045904
82,1.0910818038347807,0.7525853514671326,0.007963565178215504,0.4990876615047455,0.3448910415172577,0.6201621890068054,0.5391372442245483,0.8745630979537964,0.9345796704292297,0.4497661888599396,34.751541843637824,35.00111916009337
83,1.0943527853520048,0.7368787527084351,0.007855975069105625,0.5208243727684021,0.3439691364765167,0.6260748505592346,0.5741813778877258,0.8759657740592957,0.9315673112869263,0.4525109529495239,35.02030535042286,35.086802599951625
84,1.092925100973941,0.7573084831237793,0.008391207084059715,0.5243761539459229,0.3389483392238617,0.6109119653701782,0.57300865650177,0.8899696469306946,0.9417540431022644,0.4454166293144226,35.018834847956896,35.08537189848721
85,1.0909472330432026,0.7529133558273315,0.007968531921505928,0.5531058311462402,0.34763774275779724,0.6182383298873901,0.5551186800003052,0.8944536447525024,0.9541252851486206,0.44814953207969666,35.198802408762276,35.896639007143676
86,1.0908270040940367,0.7689875364303589,0.008103674277663231,0.49552103877067566,0.3401562571525574,0.6214485764503479,0.5753311514854431,0.8700330853462219,0.9259335994720459,0.45023298263549805,34.83297658339143,35.54794217366725
87,1.092344268806298,0.7705007195472717,0.007835930213332176,0.5198578834533691,0.346749871969223,0.6168913245201111,0.5444260239601135,0.8882910013198853,0.9390866160392761,0.44825053215026855,35.01829150132835,35.08396395575255
88,1.0908076900103696,0.7316997647285461,0.009415240958333015,0.4810187816619873,0.34110450744628906,0.615977942943573,0.5533710718154907,0.8744021058082581,0.9267154335975647,0.44767725467681885,35.565814051777124,35.631753514520824
89,1.0915222454320046,0.762631356716156,0.008382345549762249,0.5308184623718262,0.34559038281440735,0.6118232607841492,0.552129328250885,0.8898776769638062,0.9488364458084106,0.445684552192688,34.7641082406044,34.830756650306284
90,1.091388980962589,0.7967926859855652,0.008299681358039379,0.5306246280670166,0.3396870493888855,0.6164894104003906,0.5725717544555664,0.8907744884490967,0.9439155459403992,0.4479009211063385,35.08746997267008,35.153597343713045
91,1.0918938450651443,0.7562500834465027,0.009141702204942703,0.5086618661880493,0.359409362077713,0.6380190849304199,0.508991003036499,0.8835310935974121,0.9438925385475159,0.45771273970603943,35.08786378055811,35.15356527362019
92,1.0924148167393537,0.772733211517334,0.008820820599794388,0.5236376523971558,0.3452207148075104,0.6220151782035828,0.553256094455719,0.8895787596702576,0.9405122995376587,0.45063915848731995,34.75444314721972,34.82051212899387
93,1.0918218843619443,0.7649625539779663,0.008044196292757988,0.5149664282798767,0.3407711386680603,0.6130043864250183,0.5573261380195618,0.881806492805481,0.9367871880531311,0.44657161831855774,35.05498281400651,35.12067186832428
94,1.0944769089900483,0.7776849269866943,0.007660363335162401,0.5042726993560791,0.34262070059776306,0.6181348562240601,0.5513014793395996,0.879690945148468,0.94028240442276,0.44901570677757263,35.08339891117066,35.14949125330895
95,1.0967159710104721,0.7690837979316711,0.008318604901432991,0.49389293789863586,0.34371405839920044,0.6148683428764343,0.5333425402641296,0.8760807514190674,0.9319122433662415,0.44740673899650574,35.08515941351652,35.15143611468375
96,1.095329801034056,0.7821396589279175,0.00899691041558981,0.5190127491950989,0.339764803647995,0.6198188066482544,0.5650753974914551,0.8829792141914368,0.9352694749832153,0.44972556829452515,35.172311717644334,35.23954726476222
97,1.0963580767106138,0.7979149222373962,0.008396181277930737,0.5299118161201477,0.3469178378582001,0.6291436553001404,0.5634427666664124,0.8798519372940063,0.9344877004623413,0.4538615345954895,35.137720667757094,35.20898394566029
98,1.097120605934382,0.7817272543907166,0.008213209919631481,0.5262289643287659,0.3496863543987274,0.6315661072731018,0.5447019934654236,0.8874402046203613,0.9437546133995056,0.454964816570282,34.802691080607474,34.86879783216864
99,1.0955726667732857,0.7603626251220703,0.00800701230764389,0.5483608245849609,0.34508025646209717,0.6232494115829468,0.5590737462043762,0.8870033025741577,0.9476407170295715,0.45073091983795166,35.11314094159752,35.382545876316726
100,1.092667801261882,0.77344810962677,0.008090294897556305,0.525654673576355,0.3418927490711212,0.6193320155143738,0.5701342821121216,0.8834391236305237,0.9427658319473267,0.4493767023086548,35.17147576995194,35.237989160232246
101,1.0933410296552175,0.7425264120101929,0.008497883565723896,0.5229066014289856,0.350593239068985,0.6212238073348999,0.5305141806602478,0.8898086547851562,0.9496872425079346,0.4503669738769531,35.054710255004466,35.12047091778368
102,1.0944685033345036,0.732705295085907,0.007858042605221272,0.49046871066093445,0.3431124985218048,0.6221786141395569,0.5514164566993713,0.8679175972938538,0.9320502281188965,0.4506526589393616,34.84935955237597,34.914989506825805
103,1.092842935582054,0.7760341763496399,0.007997563108801842,0.5248802900314331,0.3467026948928833,0.6209591031074524,0.5447019934654236,0.8829102516174316,0.9450653195381165,0.4501071572303772,34.94143332634121,35.00740964803845
104,1.0931203234600335,0.7617459297180176,0.008300035260617733,0.517725944519043,0.3463734984397888,0.6201008558273315,0.5420345664024353,0.8904985189437866,0.9414091110229492,0.44974544644355774,34.962524615228176,35.02885599527508
105,1.093290391229774,0.7464700937271118,0.008414177224040031,0.4937320351600647,0.3486028015613556,0.6242573261260986,0.5320318341255188,0.8778743743896484,0.9331079721450806,0.45153775811195374,34.67828904092312,34.74396303482354
106,1.0929475412667575,0.777554452419281,0.008016177453100681,0.5126954913139343,0.3398115336894989,0.6137167811393738,0.5642015933990479,0.8816685080528259,0.9377759099006653,0.44690462946891785,34.97114270552993,35.03812089283019
107,1.0945266793353128,0.7795116305351257,0.008917110040783882,0.5197752714157104,0.3426373600959778,0.6198135614395142,0.573146641254425,0.879552960395813,0.9377299547195435,0.44969111680984497,34.96491505391896,35.03169397171587
108,1.0927587199771374,0.7785994410514832,0.008231280371546745,0.4968443810939789,0.33977723121643066,0.6121200323104858,0.5559234619140625,0.8790470957756042,0.9366261959075928,0.44620710611343384,34.58893495704979,34.65518865734339
109,1.0918083564419658,0.7499209046363831,0.00837530754506588,0.5239437818527222,0.3356875777244568,0.6204106211662292,0.5738134384155273,0.8801508545875549,0.9352005124092102,0.4499339759349823,34.96973964199424,35.03608317207545
110,1.0920043648378657,0.750629186630249,0.007914354093372822,0.505209743976593,0.34920260310173035,0.6276186108589172,0.550082802772522,0.8793920278549194,0.9290608763694763,0.4530971646308899,34.966134468093514,35.03198035154492
111,1.0933196345446314,0.7519456744194031,0.009007392451167107,0.5176821351051331,0.3386954367160797,0.6165231466293335,0.5718359351158142,0.8886359333992004,0.9364652037620544,0.4481625556945801,34.80102075729519,35.10067301057279
112,1.0931409855735519,0.7557677626609802,0.008500179275870323,0.5203939080238342,0.3366571366786957,0.6187251806259155,0.5805509686470032,0.8844738602638245,0.9354304671287537,0.44912493228912354,34.96664094552398,35.032487789168954
113,1.091893189258426,0.7036529183387756,0.00922474730759859,0.4973568022251129,0.34206509590148926,0.6167280673980713,0.5471624135971069,0.8809786438941956,0.9368331432342529,0.44825002551078796,35.109235550276935,35.175521951168776
114,1.0926161780369812,0.7454520463943481,0.008310534060001373,0.521373987197876,0.3393999934196472,0.6146588921546936,0.5744573473930359,0.8782422542572021,0.9397534728050232,0.44722607731819153,35.05824778135866,35.127381378784776
115,1.092850899260598,0.7576223611831665,0.008297143504023552,0.4538951516151428,0.3345824182033539,0.614374577999115,0.5640636682510376,0.8593865036964417,0.9155169129371643,0.4461199641227722,34.6553921084851,34.72124559059739
116,1.0931614049109715,0.8204723596572876,0.008645541965961456,0.5224413871765137,0.3428398072719574,0.6232669353485107,0.5622700452804565,0.8906134963035583,0.9369481205940247,0.451142817735672,34.763070445507765,34.82865546923131
117,1.09281830190056,0.7114299535751343,0.008757766336202621,0.5574515461921692,0.3382141590118408,0.6218297481536865,0.5840921401977539,0.8936718106269836,0.9478017091751099,0.44974803924560547,34.654228325001895,34.719858885742724
118,1.0914090127920046,0.7731854915618896,0.008088609203696251,0.514803409576416,0.3411377966403961,0.6201327443122864,0.5634427666664124,0.8808866739273071,0.9411332011222839,0.4497728943824768,34.55960323382169,34.62519391346723
119,1.0926715284975017,0.7430931329727173,0.009084374643862247,0.5027141571044922,0.3361785113811493,0.6283686757087708,0.5670070052146912,0.8850487470626831,0.9261635541915894,0.45348507165908813,34.571753457188606,34.63758362643421
120,1.0937493880797304,0.7446037530899048,0.0091651426628232,0.45144012570381165,0.3476104736328125,0.6303085088729858,0.5234317779541016,0.8587426543235779,0.9221164584159851,0.45249417424201965,34.605285707861185,34.67157296463847
121,1.0931199169656938,0.8027592301368713,0.008289256133139133,0.5510377287864685,0.3456386625766754,0.6147189736366272,0.5618791580200195,0.9028237462043762,0.9511589407920837,0.44644951820373535,34.346878407523036,34.4125012177974
122,1.0926240956503168,0.7398714423179626,0.008287948556244373,0.4952644109725952,0.3443186283111572,0.6161818504333496,0.5486800670623779,0.8792080283164978,0.9322571754455566,0.44800108671188354,34.60495646111667,34.67060064151883
123,1.092384780667158,0.7678691148757935,0.008695141412317753,0.5281798839569092,0.34442204236984253,0.6182581186294556,0.5625230073928833,0.8941317200660706,0.9421219825744629,0.44879022240638733,34.92527949810028,34.990938127972186
124,1.0926555802865687,0.7837008237838745,0.00841259490698576,0.5409314632415771,0.34753215312957764,0.615256667137146,0.5504276752471924,0.9010301828384399,0.9526765942573547,0.4470897912979126,34.36730450205505,34.432919692248106
125,1.0924051856870127,0.7226284742355347,0.008580354042351246,0.4848335087299347,0.3458317816257477,0.6175147294998169,0.5262830853462219,0.8738962411880493,0.9397075176239014,0.4484523832798004,34.61725550238043,34.68296714220196
126,1.0934283910781224,0.7813636064529419,0.00791904330253601,0.5284023284912109,0.3355883061885834,0.6290979385375977,0.585287868976593,0.8814155459403992,0.9320042133331299,0.4538312554359436,34.75587192829698,34.821591107174754
127,1.0934232541848723,0.7503992319107056,0.009016431868076324,0.4993959367275238,0.3481366038322449,0.6183933615684509,0.5381024479866028,0.8820364475250244,0.9403283596038818,0.4490612745285034,34.761504161171615,35.043927817605436
128,1.0929425718267656,0.7469348907470703,0.008636376820504665,0.515129804611206,0.34923914074897766,0.6227516531944275,0.5335494875907898,0.8804267644882202,0.9412711262702942,0.4509781002998352,34.54746321029961,34.61354464944452
129,1.0922466174118202,0.7757961750030518,0.008241076953709126,0.5440982580184937,0.34075728058815,0.6218694448471069,0.5750781893730164,0.8955343961715698,0.9409722089767456,0.4502106010913849,34.97311214264482,35.03934964071959
130,1.0934270894247309,0.834969699382782,0.008020606823265553,0.5063318610191345,0.33629682660102844,0.618615448474884,0.5668920278549194,0.8811626434326172,0.9356604218482971,0.4491438865661621,34.74533183686435,34.8109230780974
131,1.0922298384708773,0.7545236945152283,0.008380076847970486,0.4757561981678009,0.33987998962402344,0.6183454394340515,0.5445870161056519,0.8702170848846436,0.9320272207260132,0.4484805464744568,34.526219092309475,34.59199560247362
132,1.0942865264633617,0.7855902314186096,0.009245112538337708,0.5635946989059448,0.34956860542297363,0.6271151304244995,0.5402179956436157,0.9022718667984009,0.9507910013198853,0.4521247148513794,35.088429988361895,35.15452059637755
133,1.0956895594186011,0.7828862071037292,0.008380514569580555,0.536620020866394,0.3474571108818054,0.6208744645118713,0.5346992015838623,0.8957643508911133,0.9530215263366699,0.4499293565750122,34.79447124619037,34.860487843863666
134,1.095312143430386,0.8071288466453552,0.00836268626153469,0.550935685634613,0.3479631543159485,0.6171064972877502,0.5382864475250244,0.9059740900993347,0.9574595093727112,0.44765734672546387,34.71599455643445,34.785183019936085
135,1.095520879207641,0.7305300831794739,0.009240400046110153,0.5784816741943359,0.3453236520290375,0.6191197633743286,0.5643165707588196,0.909423291683197,0.9592761397361755,0.4473430812358856,34.99636928271502,35.063527796417475
136,1.0947095890269267,0.7650599479675293,0.007658446207642555,0.535405695438385,0.35636693239212036,0.6298077702522278,0.5172001719474792,0.8892338275909424,0.9485835433006287,0.4541514813899994,35.016063139773905,35.081995617598295
137,1.0953991369541258,0.701127290725708,0.007893920876085758,0.4779318869113922,0.3411276340484619,0.6185296773910522,0.5470014810562134,0.8679175972938538,0.9288539290428162,0.4487440586090088,34.75799290742725,34.82453547324985
138,1.0966474938330388,0.7688277363777161,0.00841390062123537,0.4924108684062958,0.3427835702896118,0.6164258122444153,0.5392752289772034,0.8794150352478027,0.935706377029419,0.4481494426727295,35.01770333107561,35.08370565995574
139,1.0961082688199633,0.8010433912277222,0.008035789243876934,0.48292407393455505,0.3421769142150879,0.6171489953994751,0.5420575737953186,0.8816224932670593,0.9323951601982117,0.44825634360313416,35.02076603658497,35.08699497487396
140,1.0943049983007167,0.7923727035522461,0.007495891768485308,0.5289113521575928,0.3431275188922882,0.6244902610778809,0.5681567192077637,0.8795070052146912,0.9367411732673645,0.4517461061477661,34.83822155930102,34.90447018761188
141,1.0945859422260413,0.767914891242981,0.007775020785629749,0.4965057075023651,0.3449534475803375,0.6201729774475098,0.5413447618484497,0.8804727792739868,0.9303256273269653,0.4497857689857483,35.077184772118926,35.14313791040331
142,1.0948832424128958,0.7776942253112793,0.008721739053726196,0.5268006324768066,0.3429817259311676,0.6267328262329102,0.5633048415184021,0.8824273347854614,0.9412481784820557,0.45272067189216614,35.04542617034167,35.11207558680326
143,1.0963966152375424,0.7893034815788269,0.008221029303967953,0.5337009429931641,0.3529510498046875,0.6320050954818726,0.534561276435852,0.8846808075904846,0.9501011967658997,0.4551989436149597,35.295012291520834,35.361838195472956
144,1.095090452435745,0.771449625492096,0.007926001213490963,0.523720383644104,0.34549450874328613,0.6257922649383545,0.560844361782074,0.8858305811882019,0.9338667988777161,0.452361136674881,34.78144511766732,34.84938448667526
145,1.094933530991756,0.7038231492042542,0.008032629266381264,0.527701735496521,0.34439489245414734,0.6200019121170044,0.5462426543235779,0.8882680535316467,0.9452492594718933,0.44972607493400574,35.085142713971436,35.15233129542321
146,1.0954298661832087,0.8007745742797852,0.007415811065584421,0.5362777709960938,0.3438268303871155,0.6218461990356445,0.5749632120132446,0.8886589407920837,0.9400984048843384,0.4504453241825104,34.99754579830915,35.30547935143113
147,1.0946293842076633,0.8060070872306824,0.007805773988366127,0.521712601184845,0.34126731753349304,0.6137597560882568,0.5700883269309998,0.8887969255447388,0.9386957287788391,0.4468860626220703,34.78922306839377,34.8556896392256
148,1.0951653709610822,0.7475073337554932,0.007555369287729263,0.5448751449584961,0.3507395386695862,0.6322587132453918,0.5396201014518738,0.8936028480529785,0.9522626996040344,0.45516571402549744,35.046683091670275,35.7458652285859
149,1.0963121783328742,0.8088769316673279,0.00818879809230566,0.5070711374282837,0.34695953130722046,0.6274960041046143,0.5469784736633301,0.8776903748512268,0.9362353086471558,0.4531336724758148,35.04287890158594,35.158212618902326
150,1.0948078896918434,0.7844584584236145,0.007779545616358519,0.4957222640514374,0.34299513697624207,0.6178871393203735,0.5527271628379822,0.8786101937294006,0.931153416633606,0.44888177514076233,34.771378573961556,34.84368299692869
151,1.0955929718814381,0.7593969702720642,0.008126979693770409,0.5291879177093506,0.3480764925479889,0.6184736490249634,0.5330665707588196,0.893832802772522,0.9473187923431396,0.4489923119544983,35.020072881132364,35.0866049323231
152,1.0944642868116692,0.7197957038879395,0.007947306148707867,0.4869392216205597,0.3420446515083313,0.6296546459197998,0.5549116730690002,0.8752759099006653,0.9240710139274597,0.4538007378578186,35.055144703015685,35.12164977379143
153,1.0951553782346044,0.7663041353225708,0.007660457864403725,0.4977821707725525,0.3550577163696289,0.6244398355484009,0.5146017074584961,0.8813235759735107,0.943846583366394,0.45177868008613586,35.04434501565993,35.11135299317539
154,1.0960877660671662,0.7545592784881592,0.007823885418474674,0.5235662460327148,0.34685012698173523,0.6195155382156372,0.5435522198677063,0.8882450461387634,0.9411791563034058,0.4495639503002167,35.05912033561617,35.12514956947416
155,1.0947584860007382,0.7514587044715881,0.007387486752122641,0.5560734868049622,0.34332191944122314,0.6224969625473022,0.5633048415184021,0.8943156599998474,0.9515038728713989,0.4501686692237854,35.00977165065706,35.708621298894286
156,1.09519759264067,0.7214973568916321,0.007598246913403273,0.5398542881011963,0.34418949484825134,0.6239046454429626,0.565811276435852,0.8958333134651184,0.9431107640266418,0.45128369331359863,35.02593836467713,35.099200911819935
157,1.0942062727776272,0.7325882911682129,0.007826047018170357,0.569627046585083,0.34112972021102905,0.6232084035873413,0.5935890078544617,0.8980408310890198,0.9466059803962708,0.4499964118003845,34.711431852541864,34.778217491693795
158,1.0957637054179419,0.7410925030708313,0.0069979350082576275,0.5275676846504211,0.34795045852661133,0.6221621036529541,0.5514624714851379,0.8855316638946533,0.9372240900993347,0.45070475339889526,35.07926522847265,35.14493139181286
159,1.094928182447548,0.7168479561805725,0.007428766693919897,0.5331524014472961,0.34270843863487244,0.6171208620071411,0.5585908889770508,0.8858765363693237,0.9443754553794861,0.4482218325138092,35.03817568346858,35.10485234390944
160,1.0960172956357115,0.7314877510070801,0.008476014249026775,0.525811493396759,0.3430388569831848,0.6135014295578003,0.5486571192741394,0.8943156599998474,0.9451112747192383,0.4467655420303345,34.93977100215852,35.00667397119105
161,1.0955347986818915,0.7540112733840942,0.007697210647165775,0.5191509127616882,0.3455062806606293,0.6201791763305664,0.5592347383499146,0.885370671749115,0.9369481205940247,0.4498593807220459,35.02316363528371,35.08954138774425
162,1.0956467916075305,0.7491446733474731,0.007496985141187906,0.5255477428436279,0.3432469964027405,0.6198937296867371,0.563488781452179,0.8852097392082214,0.9357753992080688,0.4497080445289612,35.066137339919806,35.132329903542995
163,1.0954801149218885,0.731959342956543,0.00798053853213787,0.5286405682563782,0.34431612491607666,0.6178078055381775,0.5460357069969177,0.8945686221122742,0.9435246586799622,0.44866397976875305,34.84471081290394,34.91117877420038
164,1.0944348128595178,0.7184043526649475,0.007882395759224892,0.5154423117637634,0.3434706926345825,0.6228606700897217,0.5594186782836914,0.8799208998680115,0.9339817762374878,0.4512055814266205,35.09433297533542,35.16070650704205
165,1.0943385287924785,0.7511217594146729,0.008229775354266167,0.5115392208099365,0.3437201678752899,0.6191712617874146,0.548956036567688,0.8897396922111511,0.9370400905609131,0.4494746923446655,35.0977615499869,35.16483431868255
166,1.094228733924288,0.7689062356948853,0.007704171817749739,0.5091214179992676,0.34347793459892273,0.6226351261138916,0.555026650428772,0.8767706155776978,0.9334989190101624,0.45101287961006165,34.75085697323084,34.81711816508323
167,1.093886168133808,0.7068682909011841,0.0076328846625983715,0.5107895135879517,0.342314749956131,0.619580864906311,0.5607293844223022,0.8809326887130737,0.9364882111549377,0.44967398047447205,34.95587609894574,35.02234185021371
168,1.094730682846149,0.7393671870231628,0.007927849888801575,0.547024130821228,0.3411799669265747,0.6164327263832092,0.5808728933334351,0.8884519934654236,0.94773268699646,0.4475401043891907,35.044214555062354,35.111188953742385
169,1.095683671475702,0.7543298006057739,0.007880887016654015,0.5125543475151062,0.3442212641239166,0.6179534196853638,0.5489790439605713,0.8854856491088867,0.9411101937294006,0.4488840401172638,35.0699788024649,35.136350294575095
170,1.0944650979328405,0.7676326632499695,0.007036888040602207,0.5120299458503723,0.34897729754447937,0.6191142797470093,0.5261451601982117,0.8841059803962708,0.9496182799339294,0.4494483768939972,34.767459286376834,34.83331665024161
171,1.09443356505262,0.8045039772987366,0.00791002158075571,0.5347446203231812,0.3462837040424347,0.6161032319068909,0.5429773926734924,0.8975809216499329,0.9478017091751099,0.4477372467517853,35.0454933270812,35.111904088407755
172,1.0941005932755632,0.6718112826347351,0.0080261854454875,0.5451428890228271,0.3443261384963989,0.619769275188446,0.5582689642906189,0.8981097936630249,0.9464219808578491,0.44917982816696167,35.05224402714521,35.11849362030625
173,1.0939754596266984,0.762326717376709,0.007138734683394432,0.5070141553878784,0.34708020091056824,0.6467134356498718,0.5589128136634827,0.874609112739563,0.9234961271286011,0.4616977572441101,34.76415312755853,34.83069656882435
174,1.0967691442673886,0.7061130404472351,0.007777152117341757,0.542992889881134,0.3407454788684845,0.6216562390327454,0.5853108763694763,0.8862214684486389,0.9426738619804382,0.4501539468765259,35.06793886143714,35.134834710508585
175,1.094654773918829,0.7204098701477051,0.008015458472073078,0.497935026884079,0.3449501693248749,0.6132237911224365,0.5368607640266418,0.8815535306930542,0.9386727213859558,0.44682157039642334,35.02675837930292,35.09304727241397
176,1.094473818886062,0.7388067841529846,0.008221728727221489,0.537786602973938,0.34493643045425415,0.6171295642852783,0.5541988611221313,0.8908434510231018,0.9461920261383057,0.4481397569179535,34.810122474096715,34.875954379327595
177,1.095382708171018,0.7913045287132263,0.0071472604759037495,0.5134771466255188,0.347107470035553,0.6249710321426392,0.5392981767654419,0.8844048976898193,0.9397764801979065,0.4520508050918579,35.022432061843574,35.088619164191186
178,1.0972335046016206,0.7598376870155334,0.007681815419346094,0.541048526763916,0.3437649607658386,0.6272249221801758,0.5720198750495911,0.8841059803962708,0.9447893500328064,0.4528927803039551,35.13417071662843,35.201133985072374
179,1.0952231252162326,0.7395011782646179,0.008194887079298496,0.5004196166992188,0.34720170497894287,0.6170125603675842,0.5350901484489441,0.8785412311553955,0.9410871863365173,0.448518842458725,34.72169988416135,34.78811334539205
180,1.0950239747373616,0.7219554781913757,0.007940232753753662,0.5695427060127258,0.353549599647522,0.634813666343689,0.5334115028381348,0.9003173112869263,0.9526765942573547,0.45570769906044006,35.097506332211196,35.16339635755867
181,1.0965117085384637,0.7682422995567322,0.008046295493841171,0.5386114120483398,0.3511922359466553,0.625963032245636,0.5270189642906189,0.8975119590759277,0.9530445337295532,0.4523249864578247,35.0815017754212,35.14742524921894
182,1.0943629271679074,0.7788658142089844,0.007712948136031628,0.5372976660728455,0.3519292175769806,0.6217648386955261,0.5301462411880493,0.8967761397361755,0.9595750570297241,0.45034918189048767,35.045379200950265,35.11129971500486
183,1.0960266515418071,0.7262711524963379,0.00825215969234705,0.5274328589439392,0.3422470688819885,0.6172618269920349,0.5614422559738159,0.8865433931350708,0.9425588846206665,0.44841086864471436,34.958040869794786,35.624418975785375
184,1.094857707969825,0.7457619309425354,0.008585501462221146,0.5290104150772095,0.3443833589553833,0.6144822835922241,0.5356879830360413,0.8937178254127502,0.9483765363693237,0.4470837116241455,35.23115998134017,35.64765172544867
185,1.0958145931557637,0.7628525495529175,0.00774175813421607,0.5069540739059448,0.3492242693901062,0.6181203126907349,0.5294334292411804,0.8853017091751099,0.9439845681190491,0.4489824175834656,35.114098372869194,35.18026852607727
186,1.0939379055879757,0.7619122862815857,0.007906900718808174,0.5245771408081055,0.34986093640327454,0.6258065104484558,0.5361708998680115,0.8872332572937012,0.939155638217926,0.4524458050727844,34.99685480538756,35.288117478601635
187,1.0949997534639841,0.7455314993858337,0.006971562746912241,0.5065984129905701,0.3433229923248291,0.6153028607368469,0.5470704436302185,0.8793920278549194,0.9367411732673645,0.4477519989013672,35.12066549714655,35.18656188156456
188,1.0941900369703925,0.7517929077148438,0.007923715747892857,0.5163823366165161,0.3436970114707947,0.6191142797470093,0.5474843382835388,0.881737470626831,0.9420759677886963,0.44939088821411133,35.64805634319782,35.71428901515901
189,1.095380620296568,0.7796078324317932,0.007851595990359783,0.5288238525390625,0.3458020091056824,0.6205611228942871,0.5546587705612183,0.8920851945877075,0.9431567192077637,0.44994819164276123,34.88434340432286,34.950594577006996
190,1.0943569670146813,0.7323725819587708,0.008123853243887424,0.5027869939804077,0.3406289517879486,0.6108064651489258,0.5534170269966125,0.8815305233001709,0.9362123012542725,0.445699542760849,35.123432068154216,35.18976894021034
191,1.09501634970035,0.7480583786964417,0.007549729198217392,0.4945443272590637,0.34908223152160645,0.6268147230148315,0.5233397483825684,0.8748390078544617,0.9325791001319885,0.4526740610599518,35.205842742696404,35.2714238576591
192,1.0957414546772333,0.7449377179145813,0.008381887339055538,0.5314053893089294,0.34140700101852417,0.6145244240760803,0.5577400922775269,0.8945226073265076,0.9451112747192383,0.44702908396720886,34.86754959169775,34.9517776677385
193,1.095276163701289,0.7057718634605408,0.008025892078876495,0.47574540972709656,0.3482110798358917,0.6213735342025757,0.5327906608581543,0.8702630400657654,0.9306015372276306,0.45004650950431824,35.204857795499265,35.2713507367298
194,1.0937452692898384,0.7610870003700256,0.00811442919075489,0.5196943283081055,0.343889445066452,0.6210466027259827,0.5787113904953003,0.8785412311553955,0.9363502860069275,0.4503016471862793,35.20484241750091,35.27094753179699
195,1.095388997316983,0.7457430362701416,0.007552688475698233,0.4966621398925781,0.34645920991897583,0.6173778176307678,0.5283066630363464,0.882197380065918,0.9369021058082581,0.4486028552055359,35.10178907215595,35.16855715215206
196,1.0963027218925736,0.6791510581970215,0.008149854838848114,0.5213143825531006,0.34630340337753296,0.6178587675094604,0.5362858772277832,0.8942926526069641,0.9465829730033875,0.44878876209259033,35.20264282822609,35.26947119832039
197,1.0949325225371915,0.7647596001625061,0.008080200292170048,0.5391362905502319,0.344631165266037,0.624062716960907,0.5689385533332825,0.8962932229042053,0.9397075176239014,0.45141175389289856,35.481033123098314,35.54819363169372
198,1.0941855017261157,0.7572893500328064,0.007709308061748743,0.5327198505401611,0.34526699781417847,0.6263357400894165,0.5631438493728638,0.882864236831665,0.9392706155776978,0.4525921046733856,35.17702894099057,35.242957685142756
199,1.0947674515975674,0.7113550901412964,0.008498791605234146,0.5306254625320435,0.33577361702919006,0.614641010761261,0.5794931650161743,0.8912573456764221,0.9390636682510376,0.4471167027950287,34.846119047142565,34.912765957415104
200,1.0946196183834624,0.7144967317581177,0.007188946940004826,0.5178412199020386,0.34361889958381653,0.6170028448104858,0.5501517653465271,0.8818754553794861,0.9436626434326172,0.44845685362815857,35.14001577813178,35.206444879993796
201,1.0935520606003604,0.7573283314704895,0.00797348003834486,0.497735857963562,0.33840903639793396,0.6167064309120178,0.5722728371620178,0.8748390078544617,0.9295897483825684,0.4483833611011505,35.09482946433127,35.16145878471434
202,1.094732365782516,0.7391687631607056,0.007825471460819244,0.5565438866615295,0.34453850984573364,0.6300027370452881,0.57273268699646,0.8912343382835388,0.9442834854125977,0.45382383465766907,34.81693816743791,34.88345177844167
203,1.0946481022448826,0.7554771304130554,0.00789159256964922,0.5449624061584473,0.35073283314704895,0.6236573457717896,0.5458977222442627,0.8894637823104858,0.9467669129371643,0.451099157333374,35.716646573506296,36.41414283961058
204,1.0950292289723926,0.7087859511375427,0.007795506622642279,0.514875054359436,0.34095874428749084,0.616006076335907,0.5570042133331299,0.8835080862045288,0.9389716982841492,0.44806399941444397,35.13645903579891,35.83475926890969
205,1.0945337989000365,0.7942380905151367,0.008158618584275246,0.5201746821403503,0.3459128737449646,0.6241102814674377,0.5435982346534729,0.8894177675247192,0.9390406608581543,0.4517001211643219,34.98923803772777,35.327514531090856
206,1.0966858154177355,0.7393151521682739,0.00713774748146534,0.558586835861206,0.3541971445083618,0.6282493472099304,0.5533480644226074,0.8958563208580017,0.9514808654785156,0.45294055342674255,35.148727336898446,35.21536675654352
207,1.0965898787072683,0.8219289183616638,0.007542910985648632,0.5432535409927368,0.3526899814605713,0.6219098567962646,0.5467945337295532,0.895603358745575,0.9533204436302185,0.4502744972705841,35.44632193725556,35.513188725337386
208,1.0949023990033502,0.722051203250885,0.007443638984113932,0.5457972884178162,0.3421728014945984,0.6205877661705017,0.5756990313529968,0.8884289860725403,0.9459391236305237,0.44958335161209106,34.78792626224458,34.85479747131467
209,1.095223894629715,0.713007926940918,0.007668751757591963,0.5187926888465881,0.34239405393600464,0.6136376857757568,0.5495079159736633,0.8871872425079346,0.9428578019142151,0.44693660736083984,35.15267976466566,35.21923428494483
210,1.0941909346194554,0.7583956718444824,0.007542384322732687,0.5267112255096436,0.34434443712234497,0.6174594759941101,0.5607984066009521,0.8884289860725403,0.9410182237625122,0.4485050439834595,35.078709044493735,35.14533734321594
211,1.0942785808373992,0.7617254257202148,0.007733069825917482,0.5473130345344543,0.34281137585639954,0.620989203453064,0.5729856491088867,0.8923841118812561,0.9461000561714172,0.4497569799423218,35.19358594249934,35.26059601921588
212,1.0956713823363302,0.7936699390411377,0.008549594320356846,0.5384243726730347,0.36099672317504883,0.6506417393684387,0.5211782455444336,0.8919931650161743,0.9392015933990479,0.4638487994670868,35.18250934500247,35.248367629013956
213,1.0945544376696992,0.7883209586143494,0.007956880144774914,0.4930579960346222,0.34900590777397156,0.6258914470672607,0.5320318341255188,0.8799439072608948,0.9346716403961182,0.4521690011024475,35.158692699857056,35.22454803343862
214,1.0969982237479705,0.7841044664382935,0.007176046725362539,0.5268819332122803,0.3436451852321625,0.6224737763404846,0.5573031902313232,0.885646641254425,0.9409032464027405,0.4508822560310364,35.19829191826284,35.26436827983707
215,1.0967766669026866,0.7722864747047424,0.008108516223728657,0.5128371119499207,0.3513694107532501,0.6236445903778076,0.5287665724754333,0.8856925964355469,0.9372930526733398,0.45145928859710693,34.86228879727423,34.92935143504292
216,1.0961562591184213,0.7668454051017761,0.007719296030700207,0.5003371834754944,0.3461971580982208,0.618750810623169,0.5330895781517029,0.8802428245544434,0.9420070052146912,0.4492727518081665,35.17029226385057,35.236665504053235
217,1.0947656740407719,0.7418827414512634,0.008173623122274876,0.5568724870681763,0.34349310398101807,0.6185830235481262,0.5767797827720642,0.8972359895706177,0.9484225511550903,0.44818466901779175,35.53052529040724,35.60534067079425
218,1.095321827084215,0.8098331689834595,0.007732144091278315,0.5001776218414307,0.34419211745262146,0.6203845143318176,0.5569582581520081,0.8830481767654419,0.936120331287384,0.44991427659988403,35.600806253030896,35.6684590484947
219,1.0947416180418925,0.7710829973220825,0.007518784608691931,0.522149920463562,0.3408364951610565,0.6160009503364563,0.5744343400001526,0.8825653195381165,0.9380518794059753,0.4478999078273773,35.57650022953749,35.64332980848849
220,1.095041335095936,0.809687614440918,0.007464294787496328,0.5142927765846252,0.34183505177497864,0.6223136186599731,0.5718359351158142,0.8790931105613708,0.9294058084487915,0.45086637139320374,35.67898363061249,35.74605326820165
221,1.0949494639513697,0.7800256013870239,0.008248226717114449,0.5365524291992188,0.3427000641822815,0.6139966249465942,0.571353018283844,0.8943846821784973,0.9483765363693237,0.4466894268989563,35.17908189166337,35.24650966748595
222,1.094583598191682,0.7575505971908569,0.007856382057070732,0.5210046768188477,0.3391490578651428,0.6288731098175049,0.5747332572937012,0.8850487470626831,0.9298197031021118,0.4538716673851013,35.5807147603482,35.648068675771356
223,1.0950342080611783,0.7329185605049133,0.00806572288274765,0.5149236917495728,0.34240928292274475,0.6163159608840942,0.5528421401977539,0.8877391219139099,0.9383738040924072,0.4481217563152313,35.63750505633652,35.70459515508264
224,1.0949680079990516,0.8202072978019714,0.008254527114331722,0.49385008215904236,0.3486807346343994,0.6283916234970093,0.5457597374916077,0.8687223792076111,0.928508996963501,0.4533851444721222,35.49863651487976,35.565528004430234
225,1.0958748629447996,0.7235870361328125,0.008283641189336777,0.5281060934066772,0.3449932336807251,0.6275482773780823,0.5610053539276123,0.8861064910888672,0.9387187361717224,0.45314377546310425,35.3403661577031,35.40807487163693
226,1.094113973662374,0.7903796434402466,0.007684384472668171,0.5279058218002319,0.33944061398506165,0.615577220916748,0.5696054100990295,0.8856925964355469,0.9399374723434448,0.44761577248573303,35.64387069642544,35.711036753840744
227,1.0947623931396724,0.7942406535148621,0.007316030096262693,0.4975437819957733,0.34120848774909973,0.6257816553115845,0.562637984752655,0.8792080283164978,0.9294518232345581,0.45232272148132324,35.49719920195639,35.564363908953965
228,1.0958652085486031,0.8052504658699036,0.009263704530894756,0.5540716648101807,0.342666357755661,0.6197047233581543,0.5695364475250244,0.899512529373169,0.9489284157752991,0.4487778842449188,35.30958254355937,35.376650552265346
229,1.094668733855763,0.7305665612220764,0.008085128851234913,0.4922480881214142,0.3366997539997101,0.6188388466835022,0.5711460709571838,0.8684924840927124,0.9243699312210083,0.4491899311542511,35.5604513771832,35.62751933466643
230,1.0941151259150892,0.7557995319366455,0.00819301512092352,0.5220955610275269,0.3408539891242981,0.6168550848960876,0.5610973238945007,0.8844048976898193,0.9434786438941956,0.4482698440551758,35.39124658238143,35.45781114231795
231,1.0963422318351486,0.769935131072998,0.007812347263097763,0.5249117612838745,0.3410164415836334,0.633087158203125,0.572479784488678,0.8791160583496094,0.9307395219802856,0.4557739496231079,34.99261982925236,35.060455462895334
232,1.0951729468203713,0.7660219073295593,0.007830450311303139,0.520841658115387,0.3471095561981201,0.617843747138977,0.5433452725410461,0.8843359351158142,0.9497332572937012,0.4487457275390625,35.39078834373504,35.456924985162914
233,1.0949145020143793,0.7830139398574829,0.007787409704178572,0.5316522121429443,0.3453139662742615,0.6186208724975586,0.5607753992080688,0.8866813778877258,0.9444214701652527,0.4489477872848511,35.306819908320904,35.37352279666811
234,1.0952844756701596,0.7860724329948425,0.008203106001019478,0.5323067903518677,0.3476332128047943,0.618815541267395,0.5357800126075745,0.8997654318809509,0.9538493156433105,0.4490338861942291,34.85668647941202,34.92276122607291
235,1.0944089083385218,0.741071343421936,0.008486154489219189,0.507380485534668,0.33953121304512024,0.6115108132362366,0.5575330853462219,0.8829562067985535,0.9382588267326355,0.445984423160553,35.28207349590957,35.348982237279415
236,1.0944327701165222,0.8122963905334473,0.007866979576647282,0.5176678895950317,0.3529835343360901,0.6268484592437744,0.5169242024421692,0.8853476643562317,0.951043963432312,0.4529164731502533,35.36357740405947,36.0660549653694
237,1.0943708941145915,0.7596728801727295,0.007605378981679678,0.5027539730072021,0.34381628036499023,0.623092532157898,0.5590507984161377,0.8818984627723694,0.9335678815841675,0.45119982957839966,35.561251586303115,36.211145277135074
238,1.0939568772950932,0.7411635518074036,0.008179975673556328,0.5044569373130798,0.3427812457084656,0.613004744052887,0.5418506264686584,0.8868193626403809,0.9370400905609131,0.44669532775878906,35.19266883097589,35.90810424927622
239,1.0945711299271248,0.7920611500740051,0.00790838710963726,0.5336492657661438,0.3420882523059845,0.6152978539466858,0.5645235180854797,0.8869343400001526,0.9438695907592773,0.44736817479133606,35.31560923624784,36.02160028088838
240,1.0947338915369218,0.6992275714874268,0.007609556894749403,0.5286868810653687,0.3487686216831207,0.6300490498542786,0.5413447618484497,0.8870952725410461,0.9402593970298767,0.4543267488479614,35.41091696266085,35.500629026442766
241,1.0950285516893272,0.7223447561264038,0.007848610170185566,0.5287299156188965,0.340411901473999,0.6160470247268677,0.5717669129371643,0.8896247148513794,0.9397534728050232,0.44784244894981384,35.1156221749261,35.18205238971859
242,1.0958008878224823,0.7938418388366699,0.0076409317553043365,0.48891663551330566,0.3428507447242737,0.6122868061065674,0.5387923121452332,0.8798748850822449,0.9362582564353943,0.4462847411632538,35.50970334094018,35.57709489110857
243,1.0967441735006187,0.7709909677505493,0.008060714229941368,0.505106508731842,0.3493562638759613,0.6265321373939514,0.5281686782836914,0.8849107623100281,0.9363272786140442,0.4527590274810791,35.32483179215342,35.39086095802486
244,1.095041571958258,0.7624762058258057,0.0081090172752738,0.5406160950660706,0.3518379330635071,0.627273440361023,0.5423335433006287,0.892844021320343,0.9529755115509033,0.45282289385795593,34.76466042455286,34.83072134107351
245,1.0947423918128947,0.7208700776100159,0.008250436745584011,0.5015767812728882,0.3411746323108673,0.6123912930488586,0.5562683939933777,0.8791160583496094,0.9403283596038818,0.4464398920536041,35.072254181839526,35.13969887141138
246,1.0949320357399883,0.7672762870788574,0.006834827829152346,0.5318944454193115,0.34631797671318054,0.6202305555343628,0.555693507194519,0.8918092250823975,0.9460310935974121,0.449748694896698,35.41040779557079,35.482370633631945
247,1.094008183043557,0.7072815895080566,0.0069856722839176655,0.5121859908103943,0.3422577679157257,0.6263602375984192,0.5739514231681824,0.8782193064689636,0.9274052381515503,0.45265623927116394,34.893219402991235,34.95973965711892
248,1.096865446075758,0.7312392592430115,0.007595757022500038,0.5166769027709961,0.3392961323261261,0.6124329566955566,0.5763199329376221,0.8818754553794861,0.9417080283164978,0.4463239908218384,35.05514813307673,35.78178470954299
249,1.0943458842857698,0.7401912808418274,0.007725209463387728,0.522883951663971,0.34340032935142517,0.6167713403701782,0.549094021320343,0.8905215263366699,0.9442604780197144,0.44823548197746277,35.09045700542629,35.79712165798992
250,1.095636454948246,0.7586442232131958,0.00850304588675499,0.4643075168132782,0.34622684121131897,0.6217679381370544,0.5332045555114746,0.8649742603302002,0.9303715825080872,0.4496935307979584,34.88942677155137,35.03691820055246
251,1.0944419918732606,0.752116858959198,0.00800778716802597,0.4700571596622467,0.3404896855354309,0.6174589395523071,0.5506576299667358,0.8735283017158508,0.926140546798706,0.44815337657928467,35.18377627246082,35.33179267961532
252,1.0959089661391535,0.7787046432495117,0.007533618248999119,0.5103743076324463,0.34580349922180176,0.6200135946273804,0.5363088846206665,0.8831861615180969,0.9425358772277832,0.4498256742954254,35.91874267999083,35.98572805058211
253,1.0952005457940364,0.7994650602340698,0.007957542315125465,0.5025237798690796,0.34465718269348145,0.6170427799224854,0.5355040431022644,0.8857156038284302,0.9424669146537781,0.4484909474849701,35.15183468069881,35.21796992607415
254,1.0966926943851203,0.7409581542015076,0.008263614028692245,0.47632482647895813,0.34596163034439087,0.6176316738128662,0.516717255115509,0.8785412311553955,0.9317283034324646,0.4483805298805237,34.97165718115866,35.03870537318289
255,1.0958077723923925,0.7992938160896301,0.00790390744805336,0.4963115453720093,0.34382882714271545,0.612245500087738,0.5364698171615601,0.8765866160392761,0.9385807514190674,0.4463353157043457,35.19636858254671,35.262831126339734
256,1.09400394162061,0.711132287979126,0.00744617497548461,0.5223634243011475,0.33983269333839417,0.6217774152755737,0.5805279612541199,0.8755748867988586,0.9335448741912842,0.45056435465812683,35.31345164589584,35.37918905355036
257,1.0961205704093913,0.787583589553833,0.007583880331367254,0.5623658895492554,0.3529427945613861,0.6254477500915527,0.5412527322769165,0.9051002860069275,0.9580574035644531,0.45137646794319153,35.08370538894087,35.15150143671781
258,1.0946039204186622,0.7830472588539124,0.007452527526766062,0.566293478012085,0.34541425108909607,0.6288326978683472,0.5804359912872314,0.8895787596702576,0.9513199329376221,0.4528971016407013,35.507564544677734,35.574753255583346
259,1.094954144238803,0.7469731569290161,0.007815219461917877,0.5131810903549194,0.337760865688324,0.6150453686714172,0.5791022777557373,0.8819444179534912,0.9320961833000183,0.44753754138946533,35.55412551295012,35.9182319836691
260,1.0955695200215432,0.8060228228569031,0.008003996685147285,0.5332459211349487,0.34447699785232544,0.6216232180595398,0.5702722668647766,0.8899466395378113,0.9420759677886963,0.4503767788410187,35.03467404190451,35.10128506552428
261,1.0961094441052828,0.8011571168899536,0.00890260562300682,0.4871065318584442,0.3396455645561218,0.6129031777381897,0.5456447601318359,0.8793920278549194,0.932947039604187,0.44655224680900574,35.355383936315775,35.421629461459816
262,1.0951867990643176,0.793452262878418,0.007310338318347931,0.5073984861373901,0.3438446819782257,0.6216954588890076,0.5623390078544617,0.8779893517494202,0.9353615045547485,0.45061245560646057,35.2498045694083,35.31641393247992
263,1.0956910117176744,0.7128252387046814,0.007173589430749416,0.5138451457023621,0.3430176377296448,0.6265995502471924,0.5667310357093811,0.8771845102310181,0.9331539869308472,0.4527778923511505,35.05436025839299,35.120915052480996
264,1.0952147080443857,0.7923333048820496,0.008554242551326752,0.5374871492385864,0.3434438705444336,0.6206466555595398,0.5644545555114746,0.8882220387458801,0.94800865650177,0.44979235529899597,35.44740920048207,35.514888477511704
265,1.0961075526304718,0.7444920539855957,0.007675548549741507,0.5140981078147888,0.3458840847015381,0.6160969734191895,0.5397350788116455,0.8905675411224365,0.9405122995376587,0.44801658391952515,35.354391674511135,35.42131419479847
266,1.095199036224704,0.7379432320594788,0.008075814694166183,0.5450078248977661,0.34157443046569824,0.6260915398597717,0.591703474521637,0.8831631541252136,0.9380058646202087,0.45221003890037537,35.31853821501136,35.38544620573521
267,1.0946650911249007,0.8298081159591675,0.007087164558470249,0.5140674114227295,0.35628145933151245,0.629632294178009,0.5196375846862793,0.8880380988121033,0.9449962973594666,0.45419231057167053,34.96377586014569,35.02991843409836
268,1.0951458760403465,0.7548680901527405,0.008562999777495861,0.5030477643013,0.34497499465942383,0.6155959367752075,0.530123233795166,0.8833471536636353,0.9460771083831787,0.4478377401828766,35.151112485677004,35.21754579804838
269,1.097152885506732,0.8436880111694336,0.00714847631752491,0.5003681182861328,0.34287673234939575,0.6194917559623718,0.5504966974258423,0.8728615045547485,0.9355454444885254,0.4495736062526703,35.35819321684539,35.42866146937013
270,1.0946592553166123,0.7827913165092468,0.007615266367793083,0.5124484896659851,0.34313732385635376,0.6150082349777222,0.5461506843566895,0.8863134384155273,0.9365342259407043,0.44753867387771606,34.983176209032536,35.04932167287916
271,1.0946274130524916,0.790616512298584,0.007594609633088112,0.5103137493133545,0.3482690155506134,0.6157588362693787,0.5277087688446045,0.8870723247528076,0.9434096813201904,0.4479255676269531,35.28079091664404,35.347445687279105
272,1.0957629932747186,0.8012147545814514,0.007919486612081528,0.5084145665168762,0.34219756722450256,0.6233463287353516,0.5633277893066406,0.8852097392082214,0.9337978363037109,0.45132988691329956,35.40458264388144,35.47208540234715
273,1.0942997842171174,0.7790079116821289,0.007495237048715353,0.49471697211265564,0.344375342130661,0.6180482506752014,0.5335724949836731,0.8783342242240906,0.934188723564148,0.4488692879676819,35.196447188965976,35.65257676970214
274,1.0961680346929685,0.7851167917251587,0.0077965399250388145,0.5283993482589722,0.34871456027030945,0.6288685202598572,0.5533480644226074,0.8831631541252136,0.9482156038284302,0.4538240432739258,35.442782181315124,35.51001052930951
275,1.0960103313854406,0.7047919034957886,0.007606104947626591,0.537919819355011,0.33937060832977295,0.6352570056915283,0.5866445899009705,0.8773684501647949,0.9317742586135864,0.4566443860530853,35.38279904797673,35.449938396923244
276,1.09565761319651,0.7617790102958679,0.007668959442526102,0.48454198241233826,0.3433166742324829,0.6139529347419739,0.5378265380859375,0.8768625855445862,0.9342117309570312,0.4469580054283142,35.08010585606098,35.14696513675153
277,1.0949113745602241,0.7773299217224121,0.00754151726141572,0.520633339881897,0.3474743664264679,0.6154162287712097,0.5289275050163269,0.8879690766334534,0.94773268699646,0.44765523076057434,35.29949858691543,35.366812004707754
278,1.0943142608313896,0.7312202453613281,0.007497433573007584,0.5036253333091736,0.34765055775642395,0.6210653781890869,0.5422415137290955,0.8819444179534912,0.941662073135376,0.4503067433834076,35.67337018996477,35.74119203630835
279,1.0959950673051042,0.7746028304100037,0.007928463630378246,0.5104286074638367,0.34955835342407227,0.619094967842102,0.5322157740592957,0.8847728371620178,0.9491813778877258,0.4494191110134125,35.463336654007435,35.6413298137486
280,1.0960544914240626,0.8126532435417175,0.008374439552426338,0.5235116481781006,0.34564676880836487,0.6156090497970581,0.5499448180198669,0.886750340461731,0.9392246007919312,0.44768229126930237,35.12090092059225,35.18773077055812
281,1.0955700908566268,0.8140749931335449,0.007779586594551802,0.5371910929679871,0.34695860743522644,0.6279443502426147,0.5679038166999817,0.8831402063369751,0.9375919699668884,0.45324745774269104,35.43251873087138,35.498662484809756
282,1.0942630403658118,0.7439147233963013,0.0081993592903018,0.527654767036438,0.34258005023002625,0.6175689697265625,0.5545437932014465,0.8853017091751099,0.9414551258087158,0.448530375957489,35.32277976535261,35.3896602159366
283,1.0947143222270996,0.7354772090911865,0.00759800523519516,0.5110149383544922,0.3432520925998688,0.6200645565986633,0.5558084845542908,0.8840140104293823,0.9329699873924255,0.4498775899410248,35.192651136778295,35.34264696016908
284,1.0949675846971358,0.7697654366493225,0.00788050889968872,0.5335811972618103,0.34127217531204224,0.6165230870246887,0.5623850226402283,0.8847498297691345,0.9444674253463745,0.4479464292526245,35.57954531908035,35.64669025782496
285,1.0955102123106117,0.7536109089851379,0.007020476274192333,0.5284619331359863,0.34778207540512085,0.6221200227737427,0.5501287579536438,0.8885669708251953,0.9450423121452332,0.4506407082080841,35.29751151613891,35.36460604611784
286,1.0958344058641878,0.7799873352050781,0.007664068602025509,0.544418454170227,0.34286394715309143,0.6197711229324341,0.5731006264686584,0.8913953304290771,0.9438005685806274,0.4491868317127228,35.063657532446086,35.131071450188756
287,1.094871271372464,0.7430025935173035,0.007641472388058901,0.5495655536651611,0.3393641412258148,0.6259250640869141,0.5871044993400574,0.8890958428382874,0.9411791563034058,0.45208045840263367,35.50226106867194,35.56925830896944
288,1.095157986832661,0.8076946139335632,0.007954563945531845,0.5238124132156372,0.3472123444080353,0.6148560643196106,0.5404479503631592,0.8938787579536438,0.9477097392082214,0.4473784565925598,35.364342676475644,35.430349421687424
289,1.0951705959384808,0.7443844079971313,0.007456143386662006,0.5253535509109497,0.34738871455192566,0.6229376196861267,0.5434372425079346,0.8860835433006287,0.947870671749115,0.45103663206100464,34.76324570737779,34.82950223144144
290,1.0943598476464693,0.7456887364387512,0.007775692269206047,0.5067191123962402,0.345842182636261,0.6236324310302734,0.540493905544281,0.8796679377555847,0.9380058646202087,0.45145317912101746,35.382787737995386,35.51388216204941
291,1.0962102596815821,0.7582300901412964,0.00845860131084919,0.5238406658172607,0.3457675874233246,0.6205381751060486,0.5533940196037292,0.8807257413864136,0.9430647492408752,0.4500022828578949,35.041500149294734,35.10836378950626
292,1.0952026666611354,0.7741191983222961,0.007602128200232983,0.519065260887146,0.3426862359046936,0.61577969789505,0.5570042133331299,0.8880380988121033,0.943846583366394,0.44784897565841675,34.64720761962235,34.71380707155913
293,1.0962219300531533,0.7968547940254211,0.0070718759670853615,0.5229122638702393,0.3469553589820862,0.6356310844421387,0.5691685080528259,0.8838300108909607,0.932671070098877,0.45691224932670593,34.96288785524666,35.028758401982486
294,1.0950201980127678,0.7669336199760437,0.007016570772975683,0.53046715259552,0.34427985548973083,0.6160454750061035,0.5394361615180969,0.8881760239601135,0.9483075737953186,0.4477948248386383,34.83755771070719,34.903982314281166
295,1.0944843093035426,0.756141722202301,0.008284301497042179,0.5220146775245667,0.34920039772987366,0.6275975704193115,0.554635763168335,0.8847038149833679,0.9394086003303528,0.4532575309276581,34.895029227249324,34.9611521018669
296,1.095976190218415,0.7832903861999512,0.007488809525966644,0.5148083567619324,0.3392491042613983,0.6192170977592468,0.5718359351158142,0.8756438493728638,0.9350625276565552,0.44945472478866577,35.07536619529128,35.141490620560944
297,1.0953804929947417,0.7414219975471497,0.00686607975512743,0.5185692310333252,0.3447129428386688,0.6239745020866394,0.5601775050163269,0.8845888376235962,0.9400984048843384,0.4516029357910156,34.888207448646426,34.95435877330601
298,1.0957972365322064,0.7794190049171448,0.008237360045313835,0.5025749802589417,0.34746381640434265,0.6197372078895569,0.5331355929374695,0.8838760256767273,0.935706377029419,0.4496578872203827,35.11119679361582,35.178235174156725
299,1.0945165605520144,0.7392324209213257,0.007641657255589962,0.4996618330478668,0.34760329127311707,0.616550862789154,0.5219600796699524,0.8830022215843201,0.9474107623100281,0.4482661187648773,35.34392903652042,35.41036685928702
300,1.0971442523264077,0.7677449584007263,0.008063915185630322,0.5060475468635559,0.35136017203330994,0.6226383447647095,0.52074134349823,0.8820593953132629,0.9488824605941772,0.4510088562965393,35.12059905100614,35.186746126040816
301,1.096659331035365,0.7859339714050293,0.006893368437886238,0.5556294918060303,0.34404054284095764,0.6274517178535461,0.580206036567688,0.8929359912872314,0.9437316060066223,0.4525706171989441,35.235284965485334,35.633488615974784
302,1.096242641966897,0.7594699859619141,0.007782439701259136,0.5169298052787781,0.33899226784706116,0.6211997270584106,0.5809878706932068,0.8842209577560425,0.9317513108253479,0.45032191276550293,35.06762515287846,35.14158316142857
303,1.0973986916380203,0.794895589351654,0.008235186338424683,0.49618539214134216,0.34744158387184143,0.6199376583099365,0.5280537009239197,0.8819214701652527,0.9392015933990479,0.44974032044410706,35.40063067525625,35.46881288010627
304,1.0949243752203162,0.7458269000053406,0.008003498427569866,0.5403062105178833,0.3450790345668793,0.6265529990196228,0.5573721528053284,0.8930509686470032,0.9461460709571838,0.4525598883628845,35.16117395833135,35.227529232390225
305,1.0958142660305332,0.7552001476287842,0.007853592745959759,0.5158113837242126,0.34380224347114563,0.6237289905548096,0.5547277331352234,0.8852097392082214,0.9362123012542725,0.45147958397865295,34.943002328276634,35.01007747836411
306,1.0947457200242086,0.7893645763397217,0.007942404597997665,0.5050683617591858,0.3404664099216461,0.6140301823616028,0.558475911617279,0.8781962990760803,0.9369021058082581,0.44716525077819824,35.23499772604555,35.303440330550075
307,1.0946275185667191,0.7866738438606262,0.008476629853248596,0.513790488243103,0.3474043011665344,0.6248739957809448,0.5383324027061462,0.882473349571228,0.9464449882507324,0.4520559310913086,35.524152227677405,35.59081386961043
308,1.0967084667390072,0.744565486907959,0.007904020138084888,0.5107423067092896,0.33931082487106323,0.6197478175163269,0.5771017074584961,0.8825423121452332,0.9338208436965942,0.44970712065696716,35.384044175967574,35.48418959788978
309,1.0953439343380242,0.7281866669654846,0.007511733565479517,0.4985082149505615,0.35284435749053955,0.6289504170417786,0.5234087705612183,0.8788861036300659,0.9315213561058044,0.45368510484695435,35.30072436109185,35.367971050553024
310,1.093947049531862,0.7806466817855835,0.007011941634118557,0.5329051613807678,0.34056517481803894,0.6225610971450806,0.5763658881187439,0.8849567770957947,0.9387876987457275,0.4508107006549835,35.5386643782258,35.60552979912609
311,1.094769359568703,0.7600733041763306,0.008027657866477966,0.5291543006896973,0.3370732367038727,0.6201377511024475,0.5866445899009705,0.8828182220458984,0.9355684518814087,0.44969555735588074,35.25685615092516,35.32385648228228
312,1.0959253171094092,0.7417014837265015,0.007528624031692743,0.536607563495636,0.34567010402679443,0.6251218914985657,0.5629138946533203,0.8880840539932251,0.9464219808578491,0.45186546444892883,35.39849247597158,35.88749263435602
313,1.0949008987715598,0.7586166858673096,0.007857785560190678,0.5350775122642517,0.3440100848674774,0.6307206153869629,0.5697433948516846,0.8876701593399048,0.9378679394721985,0.4545430839061737,35.178934953175485,35.245927543379366
314,1.0952065955876682,0.7993119955062866,0.007331768050789833,0.5193682909011841,0.3466154932975769,0.6181252002716064,0.5499907732009888,0.8807257413864136,0.9435476660728455,0.4489400386810303,35.15242258552462,35.21934028621763
315,1.0944063931158878,0.7666246294975281,0.008062560111284256,0.537924587726593,0.3458937406539917,0.6255584359169006,0.5587978363037109,0.8884750008583069,0.9426968097686768,0.45201849937438965,34.877131601795554,34.9441986028105
316,1.095708360871198,0.7878113389015198,0.007879468612372875,0.5183396935462952,0.3507803678512573,0.6204918622970581,0.5303301811218262,0.8924071192741394,0.9517108201980591,0.45003849267959595,35.137114241719246,35.20365407411009
317,1.095017356287406,0.7468420267105103,0.007455955259501934,0.5346454381942749,0.3444743752479553,0.6285167932510376,0.5659262537956238,0.8846578598022461,0.9424669146537781,0.45359015464782715,35.418265452608466,35.484859264455736
318,1.0985616918643524,0.7928242683410645,0.007054219488054514,0.5052779912948608,0.3493203818798065,0.6220621466636658,0.5374355912208557,0.8811626434326172,0.9377299547195435,0.4506723880767822,34.88214690797031,34.94921439886093
319,1.0952424016384792,0.7742137312889099,0.007397506386041641,0.5348914265632629,0.3414042890071869,0.6262650489807129,0.5857707858085632,0.8871182799339294,0.9368791580200195,0.45250940322875977,35.78359152097255,35.8510027686134
320,1.0945195974320094,0.796441912651062,0.007204398978501558,0.5183397531509399,0.3435482680797577,0.6121357083320618,0.5591197609901428,0.8867963552474976,0.9448123574256897,0.44617387652397156,35.49849782604724,36.09883911348879
321,1.0955562498177311,0.8416454195976257,0.007434358820319176,0.4978775382041931,0.34684160351753235,0.6221345663070679,0.5420116186141968,0.882473349571228,0.9282100796699524,0.45072871446609497,35.282613798975945,35.35053525492549
322,1.0949191888380922,0.7627493739128113,0.0075908261351287365,0.5304229259490967,0.34680476784706116,0.6225444078445435,0.5349521636962891,0.8978338837623596,0.9466289281845093,0.45090141892433167,35.083270847797394,35.15034775901586
323,1.0947444420259242,0.7536547780036926,0.0072980294935405254,0.48860689997673035,0.3436294496059418,0.621925950050354,0.5451619029045105,0.8692283034324646,0.9289458990097046,0.45049288868904114,35.838943428359926,35.90611347835511
324,1.0947791173003671,0.8082693219184875,0.007893946953117847,0.5210728645324707,0.3538820743560791,0.6240719556808472,0.5281686782836914,0.8930739760398865,0.9487214684486389,0.45163998007774353,35.073579461313784,35.14000103529543
325,1.096523181887893,0.7493346929550171,0.007795736659318209,0.5449974536895752,0.3432846963405609,0.6283724904060364,0.5701112747192383,0.8899466395378113,0.9425588846206665,0.45332685112953186,35.0757625810802,35.156299497932196
326,1.0964592894437108,0.8100733160972595,0.007985444739460945,0.4986772835254669,0.3424021601676941,0.6175518035888672,0.5613042712211609,0.8801048398017883,0.9352924823760986,0.44876015186309814,35.21657906938344,35.28343482129276
327,1.094984874090389,0.7691713571548462,0.008060695603489876,0.5044285655021667,0.3389759063720703,0.6218124032020569,0.5740433931350708,0.8787021636962891,0.928256094455719,0.4507003426551819,35.2153926063329,35.28187897987664
328,1.0945773149594937,0.7735464572906494,0.008008931763470173,0.5412708520889282,0.3439345061779022,0.6256037950515747,0.5713070034980774,0.8898316621780396,0.9434326887130737,0.45216459035873413,34.94175790902227,35.00820861198008
329,1.0955902627491765,0.7152523398399353,0.008144848980009556,0.5335276126861572,0.3402821123600006,0.6241880059242249,0.5809188485145569,0.889532744884491,0.9345796704292297,0.45154261589050293,35.36120157316327,35.427375418134034
330,1.0964620001322296,0.7899922132492065,0.008332698605954647,0.5304548740386963,0.3429606854915619,0.6217707991600037,0.5639486908912659,0.8876241445541382,0.9365801811218262,0.4505351781845093,35.2607929604128,35.327380273491144
331,1.0952780175146795,0.7170414328575134,0.007304239086806774,0.5307615399360657,0.34721803665161133,0.616572380065918,0.5454148054122925,0.8913493156433105,0.9505380988121033,0.4480060636997223,35.069085230119526,35.13516316562891
332,1.0959546668722486,0.756662905216217,0.008640219457447529,0.5059590339660645,0.3403741121292114,0.6212328672409058,0.5705711841583252,0.8851407170295715,0.9333609342575073,0.45036259293556213,35.2666891226545,35.33379333280027
333,1.0960369545859394,0.8176614046096802,0.007601326797157526,0.5152003765106201,0.34417468309402466,0.6121893525123596,0.5551186800003052,0.8881070613861084,0.9411101937294006,0.4462450444698334,35.21474649850279,35.28100184351206
334,1.0949427994362058,0.747307300567627,0.0076957885175943375,0.523993968963623,0.34477776288986206,0.6168364882469177,0.5520603656768799,0.886635422706604,0.9463760256767273,0.44826969504356384,35.158751115202904,35.22637043427676
335,1.095793083193408,0.8123084902763367,0.006825707852840424,0.5464255213737488,0.35767221450805664,0.6282748579978943,0.5327446460723877,0.9020649194717407,0.9588392376899719,0.4532487988471985,34.93913808185607,35.01154960691929
336,1.0974451493345414,0.8443397879600525,0.007555738557130098,0.5574650168418884,0.35665395855903625,0.6423280239105225,0.5455757975578308,0.8949365615844727,0.9441685080528259,0.4596330523490906,35.16867139842361,35.23461982514709
337,1.097712677390395,0.846403956413269,0.007661710027605295,0.5554971694946289,0.33785635232925415,0.619361162185669,0.594278872013092,0.8896247148513794,0.9449962973594666,0.4486153721809387,35.30262590851635,35.66713538393378
338,1.0959352553668906,0.7898310422897339,0.007771220989525318,0.5068807601928711,0.34601452946662903,0.6148624420166016,0.5385623574256897,0.8793460130691528,0.9399144649505615,0.447500616312027,35.01286139059812,35.0820218808949
339,1.0948749086564267,0.7808883190155029,0.008099495433270931,0.516377329826355,0.33676472306251526,0.6145914793014526,0.5733075737953186,0.883324146270752,0.9368331432342529,0.4473039209842682,35.41902523767203,35.49356881249696
340,1.0962258543109147,0.7877561450004578,0.008103420026600361,0.49833402037620544,0.3517421782016754,0.6230736374855042,0.5162803530693054,0.8893027901649475,0.9419839978218079,0.45114895701408386,35.69349475111812,35.796762239187956
341,1.0948159022368589,0.7920883297920227,0.00813649408519268,0.536730170249939,0.3490627408027649,0.625735342502594,0.5409078598022461,0.8924071192741394,0.9407193064689636,0.4522184133529663,35.13039407134056,35.19672858621925
342,1.094005588763065,0.7786189317703247,0.007510805502533913,0.5123135447502136,0.3409750759601593,0.6302356123924255,0.5659722089767456,0.8824503421783447,0.9313833713531494,0.4544341564178467,35.09744768869132,35.164163840934634
343,1.0966134345251337,0.7907959222793579,0.008649886585772038,0.5366119742393494,0.3543788194656372,0.6309520602226257,0.5364928245544434,0.8957873582839966,0.9508600234985352,0.4546497166156769,35.099263799376786,35.16577635332942
344,1.095837905886279,0.8406685590744019,0.006955398246645927,0.5653339624404907,0.35703977942466736,0.6266718506813049,0.5396661162376404,0.9033986330032349,0.9635761380195618,0.4518365263938904,34.7888656957075,34.854923171922565
345,1.0954418661700216,0.762874960899353,0.008023708127439022,0.5207046866416931,0.34488263726234436,0.6151922345161438,0.54948490858078,0.8924071192741394,0.9448123574256897,0.44756633043289185,35.13814301416278,35.20523332525045
346,1.0942322585352406,0.753481924533844,0.0075806681998074055,0.5137861371040344,0.3451586961746216,0.6208755970001221,0.5555095672607422,0.8836230635643005,0.9341427683830261,0.45022955536842346,35.27574006933719,35.34216441307217
347,1.0957963955308998,0.7362251877784729,0.008238296024501324,0.5288630127906799,0.3455924093723297,0.6232828497886658,0.550749659538269,0.8951664566993713,0.9394315481185913,0.4512287974357605,35.009700254537165,35.07631371822208
348,1.096484730511359,0.7822209596633911,0.007976651191711426,0.5176661014556885,0.345700204372406,0.629160463809967,0.5484501719474792,0.8781272768974304,0.9382358193397522,0.453931987285614,35.1588261090219,35.227691802196205
349,1.0976292781979236,0.7534711956977844,0.0077031138353049755,0.519932746887207,0.346021831035614,0.6144402623176575,0.5336414575576782,0.8943386673927307,0.946215033531189,0.44722092151641846,35.62120336573571,36.33644609153271
350,1.0938885165256869,0.7630911469459534,0.007753530517220497,0.5289778113365173,0.33900102972984314,0.6122196912765503,0.5644545555114746,0.8877621293067932,0.9452722668647766,0.44597741961479187,35.359548409469426,35.42619374208152
351,1.0953088326491514,0.7598897814750671,0.007805840577930212,0.5255569815635681,0.3433912694454193,0.6189858317375183,0.5457137823104858,0.8881300687789917,0.9439615607261658,0.44926363229751587,35.14025902096182,35.32544849533588
352,1.0954398393008478,0.7501134276390076,0.007780857849866152,0.5442699790000916,0.3547031283378601,0.62711501121521,0.5270189642906189,0.905123233795166,0.9564017653465271,0.4527164101600647,35.23905272502452,35.30533584486693
353,1.094882356902638,0.7418449521064758,0.008230850100517273,0.492700457572937,0.34176623821258545,0.6210017204284668,0.5573951601982117,0.8732523918151855,0.9297967553138733,0.45019158720970154,35.2192552331835,35.28620776068419
354,1.0953442720458029,0.7315078377723694,0.007405608426779509,0.5137766003608704,0.33993324637413025,0.6173938512802124,0.5758830308914185,0.8824043273925781,0.935706377029419,0.44861581921577454,34.976350294426084,35.0442025559023
355,1.094933368829772,0.7788604497909546,0.007678677793592215,0.526340126991272,0.3488324284553528,0.6277050375938416,0.5458057522773743,0.8933038711547852,0.9420070052146912,0.45326027274131775,35.291083574295044,35.357893731445074
356,1.0971707992703112,0.8083352446556091,0.007449185475707054,0.5150617361068726,0.34282392263412476,0.6179489493370056,0.565811276435852,0.8801048398017883,0.9327860474586487,0.4487954080104828,35.294864165596664,35.36094951629639
357,1.0968582956971449,0.7317350506782532,0.007529743015766144,0.5179073214530945,0.3479888141155243,0.6269590258598328,0.5657882690429688,0.8833931088447571,0.9308314919471741,0.4529822766780853,35.136402481235564,35.20253770053387
358,1.0963895087453777,0.7958731055259705,0.008256061002612114,0.5051606893539429,0.34079498052597046,0.6201803088188171,0.5668230056762695,0.8760347962379456,0.9328550696372986,0.4498874545097351,35.231709111481905,35.29823661968112
359,1.0950153191469356,0.7697741389274597,0.008098937571048737,0.5248199105262756,0.3510151505470276,0.6254085898399353,0.5422645211219788,0.8889808654785156,0.9448813199996948,0.4522057771682739,35.25205936469138,35.318598153069615
360,1.096602404086459,0.7725849747657776,0.0075852167792618275,0.5202397704124451,0.3503671884536743,0.622115969657898,0.5298473238945007,0.8857156038284302,0.9510669708251953,0.45079100131988525,34.990591204725206,35.05738038290292
361,1.095390499727533,0.6977185606956482,0.00757228210568428,0.49774864315986633,0.3455469310283661,0.6168997287750244,0.5378495454788208,0.8807257413864136,0.9379138946533203,0.44842275977134705,35.279768818989396,35.346604315564036
362,1.096088162601461,0.7030977606773376,0.007621457800269127,0.5124943852424622,0.3443787097930908,0.6187888383865356,0.5472084283828735,0.8865204453468323,0.942190945148468,0.4492607116699219,35.22612025775015,35.2923847977072
363,1.0949378962927636,0.7580504417419434,0.007019339129328728,0.49307021498680115,0.3462309241294861,0.6222535371780396,0.5405169129371643,0.8713437914848328,0.9321882128715515,0.4506932199001312,35.56106484960765,36.53823847975582
364,1.0953616949659104,0.7403547167778015,0.006962206680327654,0.5072538256645203,0.34841156005859375,0.6200504302978516,0.5362169146537781,0.8833011388778687,0.9364422559738159,0.44981691241264343,34.9641401283443,35.03089249506593
365,1.0949876149702944,0.757685124874115,0.007396645378321409,0.5284757614135742,0.34701159596443176,0.6200589537620544,0.5440351366996765,0.8870493173599243,0.9421449303627014,0.44968995451927185,35.435975714586675,35.502105355262756
366,1.0953626536202492,0.7580323815345764,0.00782591663300991,0.5079703330993652,0.3420969843864441,0.6197998523712158,0.5651674270629883,0.8799898624420166,0.9357984066009521,0.44975459575653076,35.379277798347175,35.447904356755316
367,1.0944766802202628,0.7572921514511108,0.008017453365027905,0.524799108505249,0.34390053153038025,0.6146032810211182,0.5564983487129211,0.8877851366996765,0.9424439072608948,0.44719526171684265,35.57605638820678,35.643391403369606
368,1.0949026153230792,0.8009045124053955,0.00826872605830431,0.4976018965244293,0.33917951583862305,0.6141139268875122,0.5647305250167847,0.8795759677886963,0.9284170269966125,0.4471718966960907,35.196822099387646,35.263625665567815
369,1.0951937689171136,0.7624361515045166,0.007631461136043072,0.5219627618789673,0.347007691860199,0.6211825609207153,0.5400110483169556,0.8824273347854614,0.9426738619804382,0.4503135681152344,35.21680444292724,35.28317140135914
370,1.0959967766978411,0.7513203024864197,0.008258413523435593,0.5230258703231812,0.34217357635498047,0.6148646473884583,0.5617181658744812,0.8898546695709229,0.9382358193397522,0.4473881125450134,35.24805504269898,35.36001658253372
371,1.0957788328589098,0.7814355492591858,0.007423065137118101,0.5411921739578247,0.34776487946510315,0.6172686219215393,0.5423564910888672,0.8976269364356995,0.9543092250823975,0.44811537861824036,35.03612744435668,35.102363175712526
372,1.0969638917838314,0.7803281545639038,0.00817945133894682,0.5281356573104858,0.3420751392841339,0.6160488128662109,0.5570502281188965,0.8862674832344055,0.9440305233001709,0.44780462980270386,35.11449602711946,35.20832487381995
373,1.0945687213080981,0.8148924112319946,0.008014682680368423,0.5452823638916016,0.34850338101387024,0.6203055381774902,0.5447709560394287,0.8992365598678589,0.9544702172279358,0.4494146406650543,35.02333134692162,35.32910216040909
374,1.095533187022097,0.8071533441543579,0.008013483136892319,0.547836422920227,0.3465408682823181,0.621292769908905,0.5468865036964417,0.8973509669303894,0.9505840539932251,0.4498031437397003,35.30909297708422,35.37608721386641
375,1.095993954581318,0.7433702945709229,0.007650105282664299,0.5041603446006775,0.34007224440574646,0.6198510527610779,0.5716979503631592,0.876655638217926,0.9295437932014465,0.4497559368610382,35.77662512194365,35.84327047970146
376,1.0955018749747514,0.798781156539917,0.007606581784784794,0.485548198223114,0.3402467966079712,0.6224806308746338,0.5700193047523499,0.8653881549835205,0.9235880970954895,0.4506029188632965,35.3039422724396,35.37070641014725
377,1.0950072533779294,0.7653279900550842,0.007485711015760899,0.5254108309745789,0.348743200302124,0.6159235835075378,0.5380104780197144,0.8924530744552612,0.9512509107589722,0.4478207230567932,35.01495806872845,35.72612363379449
378,1.09518805901002,0.7407349944114685,0.007401668932288885,0.5650805234909058,0.3404005169868469,0.6304550170898438,0.5862076878547668,0.8928210139274597,0.940535306930542,0.4537515640258789,35.256029543466866,35.323003749363124
379,1.095665371137873,0.8364688754081726,0.007745380979031324,0.4867817461490631,0.34663620591163635,0.6163509488105774,0.5226958990097046,0.8788401484489441,0.940144419670105,0.4480611979961395,35.02241222187877,35.582781055010855
380,1.0965873233332024,0.77433842420578,0.007914350368082523,0.5326172709465027,0.3413531482219696,0.6193893551826477,0.5722498297691345,0.8868423700332642,0.9372470378875732,0.4492577612400055,34.912351415492594,34.97894083708525
381,1.0958398144799175,0.7984500527381897,0.007862575352191925,0.5348258018493652,0.3430051803588867,0.6220448613166809,0.5714449882507324,0.8870493173599243,0.9427658319473267,0.45046547055244446,35.06792089436203,35.134442436508834
382,1.0947132387609457,0.7993770837783813,0.007672319188714027,0.5171988010406494,0.3471263349056244,0.6197333931922913,0.554037868976593,0.8867043852806091,0.9386497139930725,0.44968658685684204,35.18761944305152,35.2543472237885
383,1.0940305909662271,0.7507137656211853,0.007683048024773598,0.5112453103065491,0.34009677171707153,0.6230950951576233,0.5686855912208557,0.881737470626831,0.9323491454124451,0.4512318968772888,34.89364904817194,34.96145994402468
384,1.0934890927284877,0.7908435463905334,0.007525148335844278,0.511671781539917,0.34012866020202637,0.6150397658348083,0.5633968114852905,0.8820134401321411,0.9426738619804382,0.44759634137153625,35.217430260032415,35.75626021530479
385,1.0945728649981028,0.7867857217788696,0.007675916887819767,0.5458247065544128,0.34357750415802,0.6242796182632446,0.5813787579536438,0.890590488910675,0.9404433369636536,0.45133310556411743,35.153509167023,35.22030344698578
386,1.0948186038990868,0.7693386077880859,0.007732621394097805,0.5240926146507263,0.34016144275665283,0.6165428161621094,0.5746182799339294,0.8810016512870789,0.9392246007919312,0.4481221139431,34.8440568652004,34.91046508681029
387,1.096151998397887,0.7939507365226746,0.007701274007558823,0.5297347903251648,0.3433501422405243,0.6165425181388855,0.5582229495048523,0.8876471519470215,0.9440305233001709,0.448020339012146,35.081982797943056,35.46452734991908
388,1.0956543904994238,0.7376654148101807,0.007020119111984968,0.5270942449569702,0.34547916054725647,0.6293187737464905,0.5658572316169739,0.8792540431022644,0.9358213543891907,0.45404383540153503,35.141491814516485,35.20819831546396
389,1.0940856130565115,0.7958806753158569,0.007700718007981777,0.5006816387176514,0.3450307846069336,0.6181155443191528,0.5437362194061279,0.8797369599342346,0.9366722106933594,0.4489692151546478,34.861445592716336,34.92785197496414
390,1.0951264362111104,0.8023082613945007,0.007734208833426237,0.5158223509788513,0.3489650785923004,0.6198554635047913,0.5276628136634827,0.885899543762207,0.9448813199996948,0.4497680962085724,35.15229617152363,35.218599944375455
391,1.095487285220592,0.7617909908294678,0.007873588241636753,0.5170996189117432,0.3426132798194885,0.6177688837051392,0.55721116065979,0.8808636665344238,0.9397764801979065,0.448795884847641,35.08424132782966,35.15124543663114
392,1.0961167124481799,0.8150442242622375,0.007243054453283548,0.5367268919944763,0.34403571486473083,0.6224207878112793,0.5709850788116455,0.8905445337295532,0.9427658319473267,0.4506411552429199,35.61827020533383,35.687015905976295
393,1.095662116693143,0.7562130689620972,0.007165223825722933,0.5139731764793396,0.3444993495941162,0.6219184398651123,0.550611674785614,0.8813695907592773,0.9407422542572021,0.45065948367118835,35.14076812658459,35.20743331871927
394,1.094848692261519,0.7431355714797974,0.007443271577358246,0.5144361853599548,0.35224398970603943,0.623681902885437,0.522787868976593,0.8866583704948425,0.9439615607261658,0.45147743821144104,35.296877501532435,35.36286701541394
395,1.0960631996159764,0.8009063601493835,0.007861694321036339,0.5251755118370056,0.34336793422698975,0.6178642511367798,0.5592347383499146,0.884381890296936,0.9406272768974304,0.44868719577789307,35.172340027056634,36.19399096351117
396,1.0953157495892079,0.8319644927978516,0.008062782697379589,0.5391373634338379,0.3518540561199188,0.6227334141731262,0.5334805250167847,0.8970520496368408,0.9501701593399048,0.4506562352180481,35.210121816024184,35.91987226344645
397,1.096347493851465,0.8227793574333191,0.008039805106818676,0.5152889490127563,0.3443951904773712,0.6200063228607178,0.5611662864685059,0.8895557522773743,0.9367871880531311,0.44978833198547363,35.112247701734304,35.818809433840215
398,1.0946451307276832,0.8462430238723755,0.007625800557434559,0.4669276177883148,0.34134984016418457,0.6177865862846375,0.5566363334655762,0.8612260818481445,0.9237490892410278,0.44805029034614563,35.130163677968085,35.81772694084793
399,1.0947202434738996,0.7652609944343567,0.007787150796502829,0.5289133787155151,0.34117281436920166,0.6236050724983215,0.5764808654785156,0.8866124153137207,0.9345336556434631,0.4512999355792999,34.831810294650495,35.54084665514529
400,1.0944603781164781,0.7384411096572876,0.008298971690237522,0.5353845953941345,0.3414005637168884,0.6223270893096924,0.5776306390762329,0.8845658302307129,0.9412021636962891,0.4506138563156128,35.27253301721066,35.97480922937393
401,1.0928325874064673,0.7723516225814819,0.007601665798574686,0.5378550887107849,0.34244903922080994,0.6244825720787048,0.5798841118812561,0.8826802968978882,0.9390636682510376,0.4516131281852722,35.33026694133878,35.883076939731836
402,1.0942976568137386,0.7840662598609924,0.007730734068900347,0.5367680191993713,0.3419433832168579,0.6190270185470581,0.5692145228385925,0.8922461271286011,0.9465140104293823,0.4489908218383789,35.118790213018656,35.185433434322476
403,1.0935972558611677,0.799389123916626,0.007611848413944244,0.5256122350692749,0.34396499395370483,0.6217136383056641,0.5675128698348999,0.8876241445541382,0.9373390078544617,0.45040544867515564,35.4296541037038,35.496530294418335
404,1.0936714224031014,0.7300981879234314,0.007854587398469448,0.5362848043441772,0.3347432315349579,0.6241165995597839,0.5964863896369934,0.8822893500328064,0.933935821056366,0.4514026343822479,35.4627147782594,35.71768556907773
405,1.0942333093199967,0.7613512277603149,0.007421559654176235,0.5168368220329285,0.3399171233177185,0.6234559416770935,0.5761359333992004,0.8770005702972412,0.9300037026405334,0.45130112767219543,35.47777185682207,35.54457539692521
406,1.092398748385377,0.7395039796829224,0.008320730179548264,0.5119262933731079,0.34841638803482056,0.6195968389511108,0.5487260818481445,0.8836460709571838,0.9373160600662231,0.44959840178489685,35.01031739078462,35.07673353329301
407,1.094566993551528,0.7534467577934265,0.008113697171211243,0.5094766616821289,0.3376542627811432,0.6084287166595459,0.5736755132675171,0.8814845681190491,0.9381208419799805,0.4445297122001648,35.112680290825665,35.18012779857963
408,1.0933202884838413,0.7920174598693848,0.007059541065245867,0.5433040261268616,0.3435305655002594,0.6176168322563171,0.5668460130691528,0.8941776752471924,0.9414091110229492,0.4481067359447479,35.17619352787733,35.242632899433374
409,1.0933366450566224,0.7902342677116394,0.008144693449139595,0.5095460414886475,0.3405931890010834,0.6135462522506714,0.5629138946533203,0.8839219808578491,0.9363042712211609,0.44684547185897827,34.83091501053423,35.14225910138339
410,1.092217443817278,0.7943311929702759,0.008295856416225433,0.4883289039134979,0.3438584506511688,0.6205828189849854,0.5474613904953003,0.8801738619804382,0.9334068894386292,0.4498310089111328,35.117853979580104,35.18471219204366
411,1.0941420055867486,0.7666242718696594,0.00763867748901248,0.45494386553764343,0.3370054364204407,0.612851083278656,0.5521752834320068,0.8634335994720459,0.9205068349838257,0.4455738365650177,35.10674005560577,35.1730540394783
412,1.093139610464828,0.7799680829048157,0.007769062649458647,0.5489933490753174,0.3466517925262451,0.6223516464233398,0.5696743726730347,0.8978108763694763,0.9459391236305237,0.4502558410167694,34.931590208783746,34.99791571404785
413,1.0944260280997573,0.7628909945487976,0.007634545676410198,0.472366064786911,0.3383978605270386,0.6230815649032593,0.5693984627723694,0.863364577293396,0.9187821745872498,0.45047295093536377,35.07018832862377,35.13948510866612
414,1.0930486923720755,0.7635406851768494,0.007549485191702843,0.48119696974754333,0.34310582280158997,0.6157545447349548,0.5471624135971069,0.8712748289108276,0.9285550117492676,0.4476220905780792,35.29373069293797,35.54906643833965
415,1.0919825971593433,0.8328227996826172,0.008300280198454857,0.5473620891571045,0.34138619899749756,0.6249009966850281,0.570824146270752,0.8950055241584778,0.9409032464027405,0.4514916241168976,35.063556130975485,35.13011211436242
416,1.0934466584233018,0.7676055431365967,0.007704544812440872,0.5048216581344604,0.34438973665237427,0.6143824458122253,0.5450699329376221,0.8847498297691345,0.9381438493728638,0.4472537040710449,35.315703101456165,35.38262197189033
417,1.0937742259421486,0.8137799501419067,0.0077344803139567375,0.5312310457229614,0.3465052843093872,0.6228669285774231,0.5455068349838257,0.8883830308914185,0.9418460130691528,0.45083382725715637,35.51510787103325,35.58218804188073
418,1.0925434964755185,0.7318148612976074,0.007951074279844761,0.5555379390716553,0.3454959988594055,0.6284388303756714,0.5612582564353943,0.8918782472610474,0.942190945148468,0.45300519466400146,35.22023580502719,35.28667948860675
419,1.0946836088718384,0.7893050909042358,0.007458856794983149,0.5299488306045532,0.3394637405872345,0.6163407564163208,0.5723187923431396,0.8898546695709229,0.9403513669967651,0.4478664696216583,34.96823399141431,35.673861641436815
420,1.0936655011563015,0.7910980582237244,0.008322208188474178,0.5397360324859619,0.33897772431373596,0.6149325966835022,0.5819536447525024,0.8896247148513794,0.9414321184158325,0.4468882381916046,35.15086596645415,35.66338615491986
421,1.0938673352448187,0.7382714152336121,0.007590335328131914,0.5168581604957581,0.3469989597797394,0.6152710318565369,0.5394361615180969,0.8887279033660889,0.9462380409240723,0.44760820269584656,35.23772545251995,35.93777110893279
422,1.091967344595309,0.8114285469055176,0.008313475176692009,0.5526874661445618,0.3487967550754547,0.6303327679634094,0.5461506843566895,0.8983397483825684,0.944835364818573,0.453949898481369,34.8641804298386,35.56382113881409
423,1.0947469612948266,0.7728989124298096,0.007122776471078396,0.5154439806938171,0.3487960994243622,0.6221097111701965,0.5315489172935486,0.8893488049507141,0.9396384954452515,0.45072054862976074,35.166472560726106,35.59020379278809
424,1.094339729289162,0.7992578148841858,0.007316036615520716,0.520618736743927,0.3398984968662262,0.6162935495376587,0.5687776207923889,0.8776214122772217,0.9402593970298767,0.44802314043045044,35.23319037258625,35.30065979156643
425,1.0939800863788893,0.8124911785125732,0.007264525629580021,0.4860709309577942,0.3479900360107422,0.6175071597099304,0.5290424823760986,0.8810936212539673,0.9375,0.44847768545150757,35.3337834617123,35.42043449822813
426,1.0946786188892534,0.7649464011192322,0.0074723269790410995,0.5418223142623901,0.34759894013404846,0.6168404817581177,0.5368147492408752,0.8995814919471741,0.9558038711547852,0.44780370593070984,35.23967743199319,35.9456705506891
427,1.0919667519726268,0.7314791083335876,0.0076150307431817055,0.5057224631309509,0.33733871579170227,0.616269052028656,0.5742963552474976,0.8755058646202087,0.9303715825080872,0.4480562210083008,35.39129233080894,35.45887149870396
428,1.0923181778457083,0.7710880637168884,0.007792001590132713,0.5112991333007812,0.3456169366836548,0.6156700253486633,0.5357800126075745,0.8865204453468323,0.940535306930542,0.4478188157081604,35.18936489149928,35.7684441646561
429,1.093787834476242,0.7780202627182007,0.007723869755864143,0.5156171321868896,0.34817081689834595,0.6225648522377014,0.5322157740592957,0.8931889533996582,0.9426968097686768,0.4509122669696808,35.48331379331648,35.54973143711686
430,1.0953194861623698,0.7891461253166199,0.00817041750997305,0.5250510573387146,0.34118908643722534,0.6243332624435425,0.5725487470626831,0.8780122995376587,0.9332689642906189,0.45164868235588074,35.350312809459865,35.42169439885765
431,1.0932398284384226,0.7769140005111694,0.007402731105685234,0.4939526617527008,0.3400377631187439,0.6114388704299927,0.5579699873924255,0.8732293844223022,0.933935821056366,0.44588932394981384,35.164519240148365,35.860625696368515
432,1.0941099361090996,0.8605024814605713,0.006911973003298044,0.5145213007926941,0.3438725173473358,0.6208705306053162,0.5547507405281067,0.8791850805282593,0.9310614466667175,0.4501221477985382,35.014020706526935,35.086064813658595
433,1.0969493852894239,0.7424044013023376,0.0073288907296955585,0.5665341019630432,0.34731996059417725,0.6314339637756348,0.5590967535972595,0.8996504545211792,0.9525156617164612,0.4541409909725189,35.30851060524583,35.375584345310926
434,1.0941308923551993,0.7560230493545532,0.008260958828032017,0.5300152897834778,0.3470410108566284,0.6268635988235474,0.5501517653465271,0.8853017091751099,0.9419150352478027,0.452737957239151,35.31270406488329,35.379925575107336
435,1.0934250622443058,0.8255900144577026,0.009106284007430077,0.5296422243118286,0.34319454431533813,0.6296535730361938,0.5725717544555664,0.8818984627723694,0.9282790422439575,0.453993558883667,35.0616066493094,35.12777652498335
436,1.0936259342547185,0.7418743968009949,0.007322048768401146,0.5086814761161804,0.34371012449264526,0.6165413856506348,0.553784966468811,0.8806567192077637,0.9405583143234253,0.44822031259536743,35.2441679853946,35.310531079769135
437,1.0936902528020793,0.7486172318458557,0.008205884136259556,0.5583922863006592,0.3405536711215973,0.6144712567329407,0.5792402625083923,0.8962472677230835,0.9518027901649475,0.44596725702285767,35.41733669769019,35.485488812439144
438,1.0950531178292655,0.7995887994766235,0.0076734707690775394,0.5010174512863159,0.34511038661003113,0.6192671656608582,0.5357109904289246,0.881806492805481,0.9395925402641296,0.4494238793849945,34.97216021642089,35.1376661779359
439,1.0926762850415301,0.7515960335731506,0.0077054123394191265,0.5398528575897217,0.3475443422794342,0.6270886659622192,0.5617871880531311,0.8962012529373169,0.9437316060066223,0.45273029804229736,35.20986129809171,35.27671227231622
440,1.093124757858854,0.7753945589065552,0.00827648863196373,0.4865911304950714,0.3400774896144867,0.6132604479789734,0.5420575737953186,0.8840829730033875,0.9336138963699341,0.4466058015823364,35.114382373169065,35.18218425381929
441,1.093854018664547,0.78847736120224,0.007585224695503712,0.5051937103271484,0.3440309464931488,0.6220123767852783,0.5569352507591248,0.8795989751815796,0.9350165724754333,0.45063111186027527,35.62131512444466,35.69000506121665
442,1.0931310155684268,0.7748304605484009,0.0076608071103692055,0.508569598197937,0.34920427203178406,0.6210343837738037,0.5294334292411804,0.8831631541252136,0.9417080283164978,0.4502112865447998,35.178762370720506,35.24534737691283
443,1.092630022188391,0.7513129115104675,0.008130415342748165,0.47957107424736023,0.34958791732788086,0.6208641529083252,0.5159584283828735,0.8802658319473267,0.9331309795379639,0.4497736990451813,35.2325246501714,35.29937758576125
444,1.0925543544809126,0.7748001217842102,0.00856609083712101,0.5159658193588257,0.33528026938438416,0.6115679740905762,0.5738824605941772,0.8860605359077454,0.9353844523429871,0.4458371102809906,34.96635431051254,35.03295435756445
445,1.0914700958809715,0.7581992745399475,0.007265868596732616,0.5114966630935669,0.34608638286590576,0.6163551807403564,0.5358489751815796,0.8849337697029114,0.9434096813201904,0.4481334686279297,35.65907339937985,35.72637026384473
446,1.0927269019906265,0.7550886869430542,0.007984567433595657,0.5514470934867859,0.3406660258769989,0.6166448593139648,0.570962131023407,0.8989606499671936,0.9476407170295715,0.4473291337490082,35.58580796699971,35.6522333137691
447,1.0934390346312959,0.789878249168396,0.008464423008263111,0.499679297208786,0.33550581336021423,0.6130273938179016,0.5729626417160034,0.8751609921455383,0.9299346804618835,0.44661086797714233,35.25486050825566,35.32176726311445
448,1.093888969707738,0.7508416771888733,0.007543054409325123,0.5021831393241882,0.34966757893562317,0.6176396608352661,0.5275708436965942,0.8827722668647766,0.9419379830360413,0.44867441058158875,34.9905833248049,35.05733794067055
449,1.0930891768428115,0.7586943507194519,0.00787423923611641,0.5051378011703491,0.3416733145713806,0.6141602396965027,0.5502667427062988,0.8777363896369934,0.9400294423103333,0.44717100262641907,35.24557639658451,35.3125611320138
450,1.0928607553477077,0.8009946346282959,0.008405829779803753,0.5022585988044739,0.3410879373550415,0.6175499558448792,0.560982346534729,0.8789091110229492,0.9284400343894958,0.4487108290195465,35.08117170445621,35.147591741755605
451,1.0933715593721474,0.7677186727523804,0.008177991025149822,0.5172874927520752,0.34322378039360046,0.6188651323318481,0.5606834292411804,0.8779203295707703,0.9379829168319702,0.4492078125476837,35.10928531829268,35.188506403937936
452,1.0939205645269887,0.805356502532959,0.008250949904322624,0.507749617099762,0.3436921238899231,0.62099289894104,0.5657193064689636,0.8831402063369751,0.9340047836303711,0.45019590854644775,35.37038549594581,35.43757821060717
453,1.0922037982442672,0.7644956707954407,0.007835137657821178,0.5362666249275208,0.34622809290885925,0.615763783454895,0.5432533025741577,0.8924300670623779,0.9543322324752808,0.4474088251590729,35.37319733854383,35.44137122761458
454,1.094387568941938,0.7549698352813721,0.008765515871345997,0.5627781748771667,0.3432370722293854,0.6156818866729736,0.5589128136634827,0.9071927666664124,0.95824134349823,0.44638556241989136,35.09136184491217,35.15831379033625
455,1.0930182364217296,0.7322971224784851,0.007890881039202213,0.4953538477420807,0.34606021642684937,0.6259346008300781,0.5310200452804565,0.8784722089767456,0.9342806935310364,0.45227158069610596,35.290688967332244,35.35755254328251
456,1.093583185429984,0.8170758485794067,0.007990122772753239,0.5332622528076172,0.3463961184024811,0.6203212738037109,0.5506806373596191,0.8894407749176025,0.9440305233001709,0.4496232867240906,35.41477891523391,35.480727965943515
457,1.0922347409918165,0.767001748085022,0.007953408174216747,0.5025419592857361,0.34997043013572693,0.6187451481819153,0.5203964114189148,0.8814615607261658,0.9473878145217896,0.4491669535636902,35.074662478640676,35.14088719710708
458,1.09549936364276,0.7358875274658203,0.008951757103204727,0.5073263645172119,0.34936073422431946,0.619027316570282,0.5309740900993347,0.8843588829040527,0.9460541009902954,0.4493139386177063,35.317913490347564,35.43776293937117
459,1.0929448620146311,0.8057883977890015,0.007717830128967762,0.5034037828445435,0.3499717712402344,0.6179829239845276,0.5218220949172974,0.8902685642242432,0.9460310935974121,0.44880837202072144,35.31633593235165,35.38286663964391
460,1.092698231378361,0.7878513336181641,0.007424222305417061,0.5185829997062683,0.34517499804496765,0.6135119795799255,0.5471394658088684,0.8850487470626831,0.9398684501647949,0.44674086570739746,35.33458930533379,35.43115153629333
461,1.0929902421587752,0.7782731652259827,0.008176430128514767,0.5501133799552917,0.34393587708473206,0.6155171394348145,0.5514854788780212,0.8938097953796387,0.9491124153137207,0.4468929171562195,34.87164307013154,34.938947633840144
462,1.0932363726140313,0.7272069454193115,0.008144048042595387,0.521430253982544,0.35167402029037476,0.6268349885940552,0.54175865650177,0.8839449882507324,0.9436166286468506,0.45285022258758545,34.971586875617504,35.10658616106957
463,1.0930566376867867,0.7771795988082886,0.007470906712114811,0.49414852261543274,0.3481435775756836,0.6294894218444824,0.5462656617164612,0.8758968114852905,0.932809054851532,0.45372694730758667,35.60677770897746,35.67374604381621
464,1.0943109164350027,0.7542287111282349,0.007657336536794901,0.5047492980957031,0.3484969437122345,0.6248425245285034,0.539114236831665,0.8834850788116455,0.9346486330032349,0.45188140869140625,34.69601475354284,34.762299751862884
465,1.09531170020838,0.7876728177070618,0.00809095986187458,0.5043998956680298,0.3513556718826294,0.6330312490463257,0.5461506843566895,0.8827722668647766,0.934464693069458,0.4555458724498749,35.06927343364805,35.13609407842159
466,1.0939471955087727,0.8104209303855896,0.007208744063973427,0.5234904289245605,0.3472292721271515,0.6305525898933411,0.5435752272605896,0.8893257975578308,0.9372010827064514,0.4545362591743469,35.31473014038056,35.38218870386481
467,1.095642886336105,0.7801569700241089,0.008095941506326199,0.5366517305374146,0.35252058506011963,0.6282597780227661,0.5417356491088867,0.8918092250823975,0.949388325214386,0.4532986283302307,35.09492781851441,35.16730993613601
468,1.0939221304328262,0.7654876708984375,0.008239551447331905,0.5080061554908752,0.34484052658081055,0.6158876419067383,0.5329286456108093,0.8859225511550903,0.9460080862045288,0.44793522357940674,34.93403209000826,35.0005101300776
469,1.0920570914490104,0.7460396885871887,0.007266289554536343,0.5325887203216553,0.3423904776573181,0.6174812912940979,0.561511218547821,0.8924530744552612,0.9440995454788208,0.44837135076522827,35.14606381114572,35.21240992192179
470,1.0924000953258484,0.7586168050765991,0.007797262165695429,0.495439350605011,0.3406771719455719,0.6115591526031494,0.5566133260726929,0.8783802390098572,0.9382358193397522,0.44602471590042114,34.85624883696437,34.92269954551011
471,1.0941717497051229,0.7556444406509399,0.0069495378993451595,0.49707815051078796,0.34431764483451843,0.6244491338729858,0.5503587126731873,0.8721716403961182,0.9299346804618835,0.4516620934009552,35.196925435215235,35.26458327937871
472,1.0943978159608168,0.7564029097557068,0.008045523427426815,0.4872000217437744,0.3466140329837799,0.6145222783088684,0.5220980644226074,0.8811166286468506,0.942052960395813,0.4472324252128601,35.148693387396634,35.21531235706061
473,1.0939829495805984,0.7923693656921387,0.007511776406317949,0.47965893149375916,0.338853120803833,0.6135753393173218,0.5568892359733582,0.8749080300331116,0.9292678236961365,0.4466668367385864,34.90460129454732,35.24556624982506
474,1.0946664526941883,0.7253020405769348,0.008072521537542343,0.5025525093078613,0.34055545926094055,0.6177095770835876,0.5592117309570312,0.8812776207923889,0.9353154897689819,0.448758065700531,34.55742505006492,34.62435784842819
475,1.0936627665014242,0.7850668430328369,0.007864587940275669,0.5462941527366638,0.3435012698173523,0.6174836754798889,0.5679727792739868,0.8895557522773743,0.9516188502311707,0.4479883909225464,34.757747122086585,34.82457815017551
476,1.0921831037606022,0.7966105341911316,0.008785930462181568,0.5276894569396973,0.34901008009910583,0.6223016977310181,0.5326756834983826,0.8885669708251953,0.9503771066665649,0.4506499171257019,34.89825448486954,34.964634775184095
477,1.0931167748827224,0.7845757603645325,0.0076664285734295845,0.5093015432357788,0.34232693910598755,0.6114479899406433,0.5589817762374878,0.8836920261383057,0.9429727792739868,0.44589683413505554,35.03554775286466,35.106388351880014
478,1.0925891390046003,0.7905063629150391,0.007210374344140291,0.515836775302887,0.34606918692588806,0.6195141077041626,0.5414367318153381,0.884841799736023,0.9424898624420166,0.4495306611061096,35.01972478907555,35.08604689035565
479,1.0928513972628522,0.8022936582565308,0.008422198705375195,0.4887082874774933,0.3465237617492676,0.6253252029418945,0.5367227792739868,0.8725395798683167,0.9298657178878784,0.45185038447380066,35.30800925102085,35.37432430218905
480,1.0928120124433434,0.8261234760284424,0.0073861670680344105,0.5442202091217041,0.3454606533050537,0.6297537088394165,0.5758830308914185,0.8916252851486206,0.938488781452179,0.45396095514297485,34.535724898800254,34.60174091067165
481,1.092662743270864,0.7506423592567444,0.008069140836596489,0.49566206336021423,0.3444047272205353,0.6159980297088623,0.5385623574256897,0.8878540992736816,0.9373850226402283,0.4479583501815796,34.79043081495911,34.85701541416347
482,1.0922334292227542,0.8096525073051453,0.007953234948217869,0.48189404606819153,0.34418681263923645,0.6145470142364502,0.5371136665344238,0.8720336556434631,0.9321421980857849,0.4471092224121094,34.85841651633382,34.9282309692353
483,1.0933832228961875,0.8076984882354736,0.0086903041228652,0.532372236251831,0.3469776213169098,0.6210944652557373,0.5588208436965942,0.8866583704948425,0.938488781452179,0.45003998279571533,35.104424570687115,35.17058187164366
484,1.0919241983025254,0.8311721682548523,0.007974370382726192,0.49861767888069153,0.34973204135894775,0.6192890405654907,0.5255013108253479,0.8796449303627014,0.9394315481185913,0.44932636618614197,35.097277094610035,35.1655838759616
485,1.0941228782539267,0.7475059032440186,0.0075050238519907,0.527131199836731,0.3428308367729187,0.6167318224906921,0.5575330853462219,0.8912803530693054,0.9446284174919128,0.4480980336666107,35.32209012564272,35.38895981386304
486,1.0933734268806,0.7785269021987915,0.007333426270633936,0.5461416840553284,0.33930593729019165,0.6212072968482971,0.5788953304290771,0.8891648054122925,0.9385347962379456,0.4497475326061249,34.844486052170396,34.91096427291632
487,1.0929120262360137,0.8232105374336243,0.007640847936272621,0.5226637721061707,0.3568756878376007,0.6355593204498291,0.5224429965019226,0.8896937370300293,0.9461460709571838,0.4568338096141815,34.57067829370499,34.63675629533827
488,1.0946780969206409,0.7523359656333923,0.007629702799022198,0.5418356657028198,0.3475601375102997,0.6183471083641052,0.5492549538612366,0.8963392376899719,0.9473648071289062,0.4485318064689636,35.09716949611902,35.163362776860595
489,1.094369678210963,0.8133358359336853,0.007296449039131403,0.5191267728805542,0.3490549921989441,0.617546796798706,0.5498758554458618,0.8841519355773926,0.9421219825744629,0.4485803544521332,35.02688696514815,35.09329876489937
490,1.0932105132244896,0.8053123950958252,0.0067974296398460865,0.5384098291397095,0.3446521461009979,0.6183080673217773,0.5466335415840149,0.896868109703064,0.9476637244224548,0.4485694169998169,34.8494235901162,34.91570537071675
491,1.0927517535481066,0.7434337735176086,0.008249767124652863,0.5306684970855713,0.3514532148838043,0.6352643966674805,0.5446100234985352,0.8835771083831787,0.9406962990760803,0.45668360590934753,35.02928886655718,35.09589970577508
492,1.0933022993974213,0.7455314993858337,0.008310909382998943,0.5153298377990723,0.3418676555156708,0.6218985319137573,0.5619481205940247,0.88550865650177,0.9358903765678406,0.4506456255912781,35.03171756211668,35.099453864619136
493,1.0937463704973225,0.7497121095657349,0.008737773634493351,0.54583740234375,0.3384115695953369,0.6168496608734131,0.5747332572937012,0.8910964131355286,0.9422829151153564,0.44762539863586426,34.74190876726061,34.808942614123225
494,1.0931398093544784,0.8025187253952026,0.008436612784862518,0.4904234707355499,0.34985971450805664,0.6224602460861206,0.5202124714851379,0.8779433369636536,0.9341427683830261,0.4506663978099823,35.01339521910995,35.082288906909525
495,1.0935635594724054,0.7664368748664856,0.008102541789412498,0.5322867035865784,0.34846803545951843,0.6249023675918579,0.5429543852806091,0.893096923828125,0.9495493173599243,0.45187878608703613,35.03559876233339,35.102170121856034
496,1.0940226381814822,0.7136129140853882,0.00802200473845005,0.5656359791755676,0.33991721272468567,0.6193439960479736,0.5882772207260132,0.8970520496368408,0.9446743726730347,0.4480734169483185,34.742294155061245,34.809796079061925
497,1.093853075261527,0.743360161781311,0.007979992777109146,0.5138483643531799,0.3460709750652313,0.6173014044761658,0.5500597953796387,0.8822433948516846,0.9413631558418274,0.4485093355178833,35.07254517544061,35.1391110541299
498,1.0925831374549368,0.7225630283355713,0.007729849312454462,0.5288373231887817,0.33997341990470886,0.6165372133255005,0.5660412311553955,0.8911423683166504,0.9438695907592773,0.4479837119579315,35.045360162854195,35.11207515653223
499,1.0925458510924257,0.7827188968658447,0.008400946855545044,0.5357069969177246,0.3543570339679718,0.6227176189422607,0.5173841118812561,0.8981328010559082,0.9534354209899902,0.45072993636131287,34.804348518140614,34.87098103296012
